S017000062745F6E65766572666C616D655F43532E7333378E
S21400000000000120F9340000F5340000F53400004B
S214000010591B0000F5340000F5340000F5340000EC
S214000020F5340000F5340000F5340000F534000027
S214000030F5340000F5340000F5340000F534000017
S214000040F534000015740000F5340000F5340000A7
S2140000501D6C000059740000217400002574000017
S21400006019740000F5340000F5340000F534000083
S214000070F5340000F5340000F5340000F5340000D7
S214000080F5340000F5340000F5340000F5340000C7
S214000090F5340000F5340000F5340000F5340000B7
S2140000A0F5340000F5340000F5340000F5340000A7
S2140000B05D7400001D740000818B0000F5340000A4
S2140000C099740000F5340000F1560000F534000085
S2140000D0F5340000F5340000F5340000F534000077
S2140000E0F5340000F5340000F5340000F534000067
S2140000F0F5340000F5340000F53400000348044BE6
S214000100834202D0034B03B118477047C400002057
S214000110C4000020000000000548064B1B1AD90F3B
S21400012001EBA301491002D0034B03B118477047F7
S214000130C4000020C40000200000000010B5064CDB
S214000140237843B9FFF7DAFF044B13B10448AFF343
S21400015000800123237010BDC800002000000000AE
S21400016010C0000008B5054B1BB105490548AFF3A4
S2140001700080BDE80840FFF7CFBF00BF00000000CA
S214000180CC00002010C00000A3F5803A704700BFE6
S214000190174B002B08BF134B9D46FFF7F5FF0021BA
S2140001A08B460F461348144A121A09F0B7FA0E4B3C
S2140001B0002B00D098470D4B002B00D0984700200E
S2140001C0002104000D000D48002802D00C48AFF3B3
S2140001D0008009F071FA2000290002F075FA09F093
S2140001E059FA00BF000008000000000000000000F0
S2140001F000000120C80000205C190020000000005C
S21400020000000000BFF34F8F0549064BCA6802F492
S214000210E0621343CB60BFF34F8F00BFFDE700BF24
S21400022000ED00E00400FA0510B50246F8B1114BE7
S2140002301968888890421AD39888904281BF0968C6
S21400024099600120988099889868002420B904B1A4
S21400025098604FF6FF7203E08A4203D10CB19860B3
S2140002609A8010BD0131006889B20124EEE70020B3
S214000270F7E700BF8C100020114A916A01F1704325
S21400028003F5F813B3F5006F0CD2D2F82838A3F1B3
S2140002907E62A2F58432B2F5605F03D20968094A2D
S2140002A0914203D000230370836070471968064AA2
S2140002B09142F7D1012202709A6842609B69F3E787
S2140002C00000E10FAD1007B007B0CD5E1FB50C46BD
S2140002D040B901A8FFF7D0FF044B029A1A602360CA
S2140002E00423A380002004B010BD00BF78020020C5
S2140002F0064BD3F82828A2F17E63A3F58433B3F522
S214000300605F01D2536A1847002070470000E10F73
S2140003100D4B10B4D3F82848A4F17E63A3F58433BC
S214000320B3F5605F0BD2246BA4F17E63A3F5843330
S214000330B3F5605F03D2A36B5DF8044B184740F239
S21400034001105DF8044B70470000E10F0B4BD3F82B
S2140003502828A2F17E63A3F58433B3F5605F09D243
S214000360126BA2F17E63A3F58433B3F5605F01D20E
S214000370D36B184740F20110704700BF0000E10F32
S2140003807FB50E4A03466D4602F1100610685168A6
S2140003902C4603C40832B2422546F7D15A1E04A999
S2140003A00F3311F8014D12F8010F844204D19A421E
S2140003B0F7D1012004B070BD0020FBE7389900009B
S2140003C0F8B5184E306848BB174B184C184FE41A4F
S2140003D0184B1C4424F4FF6424F00704D7F8F830C4
S2140003E09BB2B4EB832F18D2656BC5B1D7F8F83043
S2140003F09BB2B5EB832F12D2D7F8F82005F1500345
S21400040092B2B3EB822F0AD82846FFF7B9FF30B175
S214000410EB6933F0080302D034603068F8BD04F5A9
S2140004200064DBE77002002010000020C4000020FB
S2140004300081E00F67C8000010B50C4648B9FFF70A
S214000440BFFF054B10B1426B126A1A60236004238B
S214000450A380002010BD00BF74020020084B40F2AD
S21400046001121A604FF0FF329A6001225A6001446E
S21400047010F8012B9A618842FAD1D869C0437047B8
S21400048000C00140034B044A9979117500221A6096
S214000490704700BF400B0020D80A002030B500226D
S2140004A08BB01346D91003F00704415C2141CC07FA
S2140004B041BF02F128016944013201F8283C0133AA
S2140004C0252BEFD10D4C0023D91003F00705415C16
S2140004D02941C9075FBFB3FBF2F102FB1131283196
S2140004E0694448BFD9B203F1010358BF11F8281C6C
S2140004F004F8011F252BE7D10BB030BD010B0020FF
S21400050008B50348FFF7CAFF002340F8063C08BDBD
S214000510460B0020084A10B5136840F2E2446043D8
S21400052000F5807004FB013303EB5003136053683F
S2140005300344536010BD00BFD80A0020D0B50C4C51
S214000540E38C0A20584308F009FE0646A08C0F46A6
S21400055008F004FE074B002208F06AFE02460B462F
S2140005603046394608F08EFF09F074F82083D0BD77
S214000570D80A00200000F43F70B5094CB4F8071004
S214000580A079B4F80960B4F80D50FFF7C3FF054B27
S2140005909E84DD84FFF7D2FF0023236070BD00BF7A
S2140005A0400B0020D80A0020837DDB0701D5808A17
S2140005B07047D0E901239B1A44BF828A9B1898B2E1
S2140005C070470000084BD3F8F020D3F8F4300270E0
S2140005D0110A120C82701A0AC2701A0C1B0E417095
S2140005E002714371704700BF0081E00F034BD86B68
S2140005F080F04000C0F38010704700BF00300E400F
S21400060008B5FFF7F3FF20B1024AD2F8C830002B36
S214000610FBD108BD0000C64308B5FFF7F1FF024B4B
S2140006205868C0F3014008BD00300E400C4B98429D
S21400063005D90C4B984210D80122012301E0002274
S214000640134609490B640949D1F8003123F0807339
S21400065043EA0263C1F8003170470222EDE700BFAB
S2140006600048E8010090D0030000C84300400E4058
S2140006700F4B5B680F4B30B500221C46C9B21D7984
S2140006808D4202D11D6885420DD20132052A03F142
S2140006900803F4D10321064A536823F0407343EA63
S2140006A00163536030BD04EBC2046179F3E700BF19
S2140006B000000E40EC99000038B5074C0748256C42
S2140006C041F6713323640021ADB2FFF7D1FF0DB1BF
S2140006D00023236438BD00BF00000E4000F049022E
S2140006E038B5064C256C41F671332364ADB2FFF77E
S2140006F0BFFF0DB10023236438BD00BF00000E40CD
S21400070042EA0322B2F5007F10B5194C29D00AD868
S214000710B2F5807F22D040F201139A4215D062B91A
S214000720D4F81C320BE0B2F5407F1DD040F2013306
S2140007309A4210D0D4F8283201E0D4F82432C3F319
S2140007400722DBB203600A6010BDD4F824321A0E0A
S214000750C3F30743F6E7D4F82832F8E7D4F81C3298
S214000760F5E7D4F82032EAE7D4F82032EFE700BF06
S2140007700081E00F2F4B1A6FD96C11F0010F02F0B9
S214000780060242D0002A40D013284FD91438132826
S2140007908CBF102308232749013BCA6C180322F498
S2140007A07F4240EA03231343CB64234BCA6C1B8867
S2140007B0C2F303222833013202EB820003EB530319
S2140007C0B3FBF0F3C86C013B072B28BF072320F0D0
S2140007D0EE6040EA036343F48013CB64174BB3F92F
S2140007E00030002B10DB2833500800EB420203EBEE
S2140007F05303B3FBF2F30A6D072B28BF072322F03F
S214000800700242EA03130B657047D96C01F00101D0
S214000810114304D1092809D90A380928B8E7DB6C3E
S21400082013F00103B7D01AB92728B1E70423B2E7BB
S2140008300023B0E700300E405A0B0020580B002073
S21400084070B51D4DD5F82828A2F17E63A3F5843334
S214000850B3F5605FE0B001D2136B23B94FF40174B7
S214000860204660B070BD5B6A4FF4C07269460020D7
S214000870984704460028F3D140F20126D5F82828E8
S214000880A2F17E63A3F58433B3F5605FE6D2126B04
S214000890A2F17E63A3F58433B3F5605FDED2936A7C
S2140008A0002168469847B042E8D040F203239842B9
S2140008B018BF0446D4E700BF0000E10F104A0B46FD
S2140008C0D2F82818A1F17E62A2F58432B2F5605FF4
S2140008D010B40FD2096BA1F17E62A2F58432B2F594
S2140008E0605F07D20C69074A0146A44600205DF8FF
S2140008F0044B60474FF481705DF8044B704700BFAF
S2140009000000E10FD006002037B50446684680E8B0
S214000910060003C8251D85E805002373069B0B4AC1
S2140009202361BDF81C30A38200232360136853B1F3
S21400093019461B68002BFBD10C609088013080B2F2
S214000940908003B030BD1460F7E700BF4C13002062
S21400095037B50D461446FFF767FC70B1036973B1EF
S214000960818A4FF6FE72914209D10095ADF8044097
S21400097069460120984703B030BD0120FBE70E20F2
S214000980F9E7036937B514460D46828A63B14FF618
S214000990FE718A4208D100200090ADF80400694636
S2140009A0984728B103B030BD2B6000202280F9E7BD
S2140009B0009B2B60BDF804302380F3E738B50D4666
S2140009C01446FFF731FC40B122462946FFF7D9FF0F
S2140009D010B92B6803B9208038BD0120FCE7000061
S2140009E007B503790193054A0368009306CA0223F4
S2140009F00830FFF789FF03B05DF804FBD8990000C4
S214000A00034B5A6D12B95865A3F85810704700BFCB
S214000A10D80A00200C4BD3F82838A3F17E62A2F542
S214000A208432B2F5605F10B50CD21968074A91425D
S214000A3008D1074C2278012A04D11B6A984708B9C6
S214000A400223237010BD00BF0000E10F07B0CD5E8B
S214000A50E40000200C4BD3F82838A3F17E62A2F500
S214000A608432B2F5605F10B50DD21968074A91421C
S214000A7009D1074C227812F0FD0F04D1DB699847A4
S214000A8008B90123237010BD0000E10F07B0CD5E4A
S214000A90E400002008B50F4B0F4C1B784FF00055B4
S214000AA06BB1FFF7D7FF0D4B2B600123A3602368C4
S214000AB023F4E06343F480632360FFF7A3FB2B601B
S214000AC00123A360236823F4E06343F48063236078
S214000AD0FFF798FBBD06002000500E4002020FF004
S214000AE0054A08B5937E43F040039376034B0022F5
S214000AF01A70FFF7CFFF00BFD80A0020541300205B
S214000B002DE9F04105460E461146FFF74DFD884299
S214000B1028BF084687B2B846B8F1000F09D12FB1F2
S214000B20AB7DDA0744BF23F00103AB753846BDE85A
S214000B30F081AA8A2B6869689C18641AA4B2444596
S214000B4028BF44462246304608F0DAFD6B6829681E
S214000B50AA8A23440A442644934228BF0B46A8EB9D
S214000B6004041FFA84F86B60D6E7F8B51F46038ABC
S214000B7004461646EBB9C57DDDB10123013D0B7079
S214000B800222C57500F11001FFF7BAFFE37D9BB1A5
S214000B90228ABA4228BF3A4631462046FFF7B0FFBF
S214000BA0238A1B1A2382E37D13B9638A1B1A638286
S214000BB0F8BD00230B70EBE7638A2382E8E72DE994
S214000BC0F041868A04460F461146FFF7EDFC361ABA
S214000BD0B6B28E4228BF0E46B046B8F1000F0BD113
S214000BE03EB1D4E901329A4202BFA37D43F001032D
S214000BF0A3753046BDE8F081A28A2368A0689D18D8
S214000C002D1AADB2454528BF45462A46394608F056
S214000C1077FDA3682168A28A2B440A442F44934296
S214000C2028BF0B46A8EB05051FFA85F8A360D4E796
S214000C30F8B5044616461F4611B3858AFFF7B4FC7E
S214000C402D1AADB2012D29D9E37D63B1658AE0681E
S214000C5005702D0A07D02268A38A013013449842F3
S214000C6028BF1046057000236382A368E360022253
S214000C7004F112012046FFF7A2FFE37D0133E3757E
S214000C803A4631462046FFF79AFF638A034463825A
S214000C90E37D13B9238A03442382F8BD0020FCE7D2
S214000CA013B50379124A03330446019300F1440353
S214000CB0009306CA02231430FFF726FE238A019308
S214000CC0E368009394E80600237A04F12C00FFF70B
S214000CD01BFE237A22792168A4F8450004F1470018
S214000CE084F8443002B0BDE8104008F009BD00BFEB
S214000CF0E499000070B50C4C0C4B06460D4694E883
S214000D00030083E803001846FFF76AFE084BD4E9A1
S214000D10020102221A7283E80300DE601D82184672
S214000D20BDE87040FFF7BCBFA09A0000400100205D
S214000D30E80000202DE9F347DDF82880BDF82C9068
S214000D4004460E4617461D46FFF76EFA8246BAF16F
S214000D50000F01D0B44205D94FF6FF74204602B00A
S214000D60BDE8F0879AF80830DAF804009D421AD1F8
S214000D702A46394608F09AFDA8B9B8F1000FEDD01A
S214000D800DF1020201A95046FFF7FBFD58B9019983
S214000D9049B1BDF802304B4505D14A46404608F0F9
S214000DA085FD0028DAD00134DAF800A0A4B2CEE738
S214000DB038B50C4611462568AD1A2A46014408F097
S214000DC085FD256038BD000001282DE9F34704D0D5
S214000DD00024204602B0BDE8F0878B88012B40F047
S214000DE03C810B681B78FBB99E4A9F4C13609F4A58
S214000DF013709F4A13609F4A13609F4A13609F4A6E
S214000E0013609F4A13709F4A13609F4A13609F4A5D
S214000E1013702378022B01D1FFF7FCFD012323700A
S214000E209B4B00221A70D3E7032B40F003818F4BB5
S214000E308D4E1C78002C4FD13378002B00F0F280BA
S214000E408F4B1B78082B02D0402B40F08A80DFF8AF
S214000E501482D8F800305BB98E4DD5F82838A3F147
S214000E607E63A3F58433B3F5605F55D3802433E007
S214000E7013F003071CBFC7F10407FFB203EB070A12
S214000E80BAF5806F00F2D2808348DFF8F8913A46D0
S214000E901844FF2108F042FC804BD9F800501B682C
S214000EA0C8F800A00AEB05029A4200F29480704B44
S214000EB01B681D445544DFF8C4A125F4FF65DAF825
S214000EC0000025F00705854210D9291A00F50060B4
S214000ED0FFF73CFA40B185243378022B01D1FFF7A7
S214000EE099FD0023337074E7CAF80050D8F8001054
S214000EF0D9F80000FFF7E2FCD9F80030D8F8002057
S214000F00584913440546DB1B6348C9F80030FFF711
S214000F104FFF002DA0D0DEE7FFF792FCD8B9D5F83A
S214000F2028280190A2F17E63A3F58433B3F5605FB1
S214000F30D1D2126BA2F17E63A3F58433B3F5605F62
S214000F40C9D29369012101A898470028C3D14F4B05
S214000F5001221A70C0E741F20803984286D186241F
S214000F60BAE7002B60D04A4B1B78002B3FF47EAFCD
S214000F70454F3B6843B9404B494918681022FFF774
S214000F80C7F90028A8D0A6E713F003021CBFC2F1D9
S214000F900402D2B29D18B5F5806F47D84148DFF8F5
S214000FA0D480FF21184408F0B9FB3F4A3F4BD8F8DD
S214000FB000103D609B1A3E4A13443E4A13408B4243
S214000FC036D83D4BD3F8F8309BB29B020D44A3F5C0
S214000FD08053AB4201D283247EE7DFF8A090D9F895
S214000FE000001540854209D9291A00F50060FFF770
S214000FF0ADF900287FF46FAFC9F800503A68294968
S214001000D8F80000FFF784F9D8F800303A681E498F
S214001010054613442348C8F80030FFF7C9FE002DE4
S214001020A9D058E7812457E7842455E7822453E75C
S214001030872451E7042B12D1204813230221437042
S2140010400170FFF7DDFC1E4A1E4B128905329A809E
S2140010501D4A1A6042789A71BAE60D24B9E606244B
S214001060B7E600BFD00A0020D50A0020D60A002026
S214001070C4060020B4020020B0020020C0060020F3
S214001080D40A0020CC060020B8060020BD060020AA
S214001090BC0600200000E10FD0060020C806002095
S2140010A0A0020020B802002010000020C40000208B
S2140010B067C8000000F8FFFF0081E00F340B002037
S2140010C0D80A0020400B0020E10A00002DE9F84F66
S2140010D0DFF85091494BD9F80050DFF84C81471B98
S2140010E082464748C8F800701B1A4648034423F453
S2140010F0FF6323F007039F42144678D3424BD3F88E
S214001100F8309BB29B020AEB0206A3F580539E4280
S21400111070D82C44B4F5806F03D93C4B82221A70E9
S21400112063E0DFF8FCB00BEB050008F0E9FA384B9B
S214001130C9F800401A6822B9332C56D9DBF8342097
S2140011401A601B689F421FD89E421DD903F11002E9
S21400115096424AD31D44A5EB0A055D442D4A2B460C
S21400116005F1100153F8040B42F8040B8B42F9D139
S2140011702848FFF705F910B9244B8422CFE7102240
S214001180FF21284608F0CAFA234D244B286804F0AD
S2140011900304361B1E4058B907EA0300C0F5006179
S2140011A03144FFF7D3F82E6040B1184B8522B6E7DE
S2140011B0864203D9311A00F50060F2E7D9F800201C
S2140011C01749D8F80000121BFFF7A2F8D9F800203C
S2140011D0D8F800301349121B054613441048C8F8C7
S2140011E00030FFF7E5FD002DDFD1BDE8F88F074B97
S2140011F0872294E7054B832291E700BFC4000020B6
S2140012001000002067C800000081E00FD60A00200A
S214001210B0020020A0020020C006002000F8FFFF59
S214001220B8020020B8060020B402002037B5124CE1
S214001230002360600093437AD0E90021206802F022
S2140012402BFD238CDB050CD563680C4D1B7A2A78A6
S2140012509A4206D0012B06D0022B08D063681B7A70
S2140012602B7003B030BD206802F0ECFCF6E7206877
S21400127002F0EEFCF2E700BF9810002060020020AB
S21400128013B50D4B0D4C1B8AADF804300128ADF894
S214001290003004BF02238DF8043001A908BF0423E0
S2140012A0206808BF8DF8003002F0F5FB206869461C
S2140012B002F007FC02B010BDA09A000098100020B3
S2140012C0034B00221A6118680122032102F06AB952
S2140012D09810002010B5164CA37E5B0626D4FFF7A8
S2140012E0EFFFA28C236840F2E24101FB0233236049
S2140012F094F84F10A37A0B442521B3FBF1F001FBC1
S2140013001033A37223890133238163680A2101FB0A
S21400131002336360238B5A1E22833BB9A27E42F0BF
S2140013204002A276034A1370FFF7B4FB10BD00BF5D
S214001330D80A0020541300207FB502238DF806300B
S214001340064B5A8B596918680332ADF804206A4672
S21400135002F036FC009807B05DF804FB98100020F9
S21400136010B51E4C1946236986B023B3A2F10800B7
S214001370084322D101AA0321206802F01DFC6368FD
S21400138060615B7A23769DF80430DA1F534253413E
S214001390627E63F30002039BE361BDF8063062766B
S2140013A0638304F11801022023699847206801220C
S2140013B0002102F007FC06B010BD02F17F40084392
S2140013C005D10021012006B0BDE81040184712F4F0
S2140013D0A0411ABF00210320FF20F4E79810002048
S2140013E02DE9FF41194C1A4D637A0133DBB2282BE5
S2140013F028BF252320466372FFF718FF627D154934
S2140014002868D4F80C80667C4FF40073023202F031
S214001410B5FB6B68104A5B7A06F001063046D75C6F
S214001420FFF72EFF00220123009203932868CDF8D1
S214001430088002AB394602F0B9F810B1FFF740FF5A
S214001440D2E7064B2B6104B0BDE8F081BC1000204B
S21400145098100020D01000201B9A000015150000E0
S2140014602DE9FF41254CA37E5A0640D4244A218903
S21400147023F0070343F00103A37613681BB1928899
S2140014808A4200D19847A37A1E48234493F82A300C
S2140014906375FFF7CBFED4E900561B4C1B4A636806
S2140014A05B7A4FEA5608D75CA5EB56060120FFF795
S2140014B0E7FE643500964FF4807300264544ADF889
S2140014C00C306A4639462068029533468DF804602B
S2140014D08DF80E6002F076F8012205463146206847
S2140014E002F070FB35B1FFF7F5FEFFF7B9FF04B069
S2140014F0BDE8F081064B2361F9E700BFD80A00205B
S214001500400B0020E40A0020981000201B9A0000E0
S2140015107D16000002282DE9F0411DD002D80128D2
S21400152007D0FEE7032800F09E80FF2800F09B808F
S214001530F7E74E4C637C990707D5FFF7C1FEFFF728
S2140015404FFF637C6FF341036374637CDA0768D4F0
S214001550BDE8F041FFF744BF4B78DB0740F18380DE
S2140015604C68227802F00F08B8F1030F5BD0B8F190
S214001570050F78D13E498B7B03F00103B3EBD21FF6
S2140015804FD10622083104F1080008F08FF906460C
S214001590002846D1FFF794FEFFF7CEFE354D3146C4
S2140015A007465C22284608F0B9F8AB7EA5F81880F6
S2140015B043F02003AB76627E237E43EA0223AB84AD
S2140015C0627F237F43EA0223EB8494F82330C3F33D
S2140015D0040385F84F3094F82330C3F3421385F89C
S2140015E0503004F11E001B232B85FEF757FFD4F85E
S2140015F00E30E27CEB60A37C2F6043EA0223227D60
S214001600607D43EA02432B61012695F84F30AB72AA
S2140016102E75E18A3144FEF77DFFFFF721FF164B5A
S2140016201E70BDE8F081124DAB7B03F00103B3EBF7
S214001630D21FF6D1062205F1080104F1080008F0D1
S21400164035F90028EDD1094C286894F83D204FF470
S2140016500073023204F13C0102F090FA637C43F01E
S21400166002036374DDE7FFF72BFE71E7BC10002072
S21400167098100020D80A00205413002002282DE9D4
S214001680F74F0F460BD003D8012800F0D781FEE7AE
S214001690032800F0DB81FF2800F0D881F7E74E78BA
S2140016A04A68B34D16F0010661D10026AB7EB14CF8
S2140016B013F0200F12D0696D6FF34513AB76002937
S2140016C000F0C580237895F85820627043F0030335
S2140016D0A01C237008F014F800236B65A648A549E3
S2140016E0FEF762FFAB7E003818BF012060F34103AF
S2140016F0C3F3C002AB76C3F300139B0043EAC203F6
S214001700227843EA001322F01C0213436278237007
S2140017109A4C02324FF400732068D2B202F02EFACE
S214001720AB7E7F68D90709D56FF30003AB7600233D
S2140017306B60FFF701FE2860FEF700FF002E00F04A
S214001740F9803B7803F00303022B00F05F81032B44
S21400175000F09480012B40F0ED8089487D78818AE6
S214001760FEF722FF081ABC1C80B200265BE1137845
S214001770AC7EC3F3001363F382041378AC76C4F331
S2140017800011C3F3C00C8C45E0B2C3F3800AC4F367
S214001790C0040CD0544588D0AB7E84F00104E4002D
S2140017A044F0200423F028031C43AC767DE703F0C6
S2140017B00303022B18D0032B04D0012BEAD14FF0E1
S2140017C0000B12E0544508D084F00104E40044F015
S2140017D0200420F028031C43AC76AB7E81F0010188
S2140017E061F30413AB7661E7B34692F80180B8F173
S2140017F0000F0ED1544501D10026EEE7AB7E84F0F3
S2140018000104E40044F0200423F028031C43AC76D3
S214001810F2E75B48B0F81490FEF7C6FEA9EB0000AE
S21400182080B2BBF1000F03D00228B3D9023880B2D1
S214001830544509D0AB7E84F00104E40044F0200453
S21400184023F028031C43AC768045C6D92DE795F8CF
S21400185028304948A21C0DF10701FFF786F910F061
S214001860FF0018BF9DF80730227860701ABF01335A
S214001870DBB2012363F3010222702FE7BB780C2B47
S2140018800AD80C2B0AD8DFE803F03F2B58090909C1
S2140018900909600909091800142B7FD0394A127803
S2140018A02AB1162B00F09680182B00F0A28036483E
S2140018B007220270437002210DE033480C234FF0DC
S2140018C0FF320370012343708270037102220023EB
S2140018D0C2704371062103B0BDE8F04FFFF790B821
S2140018E0797A3B7A294A43EA0123938013462849AA
S2140018F043F8061BD7F80310C2F80610B7F80720FF
S2140019009A807A7A9A7115E07A7B3B7B1F4943EA84
S21400191002238B800B461F4A43F8062BD7F803207A
S214001920C1F80620D7F807205A60B7F80B201A81AE
S2140019307A7B9A7203B0BDE8F08F2A89134B053282
S2140019409A80154A1A60FA78DCE7D7F80330228CBA
S2140019500D48134003F0FF0322F0FF021343024634
S214001960092102F8011BC0F8013000235360B2E7DA
S214001970D80A002060010020A00D0020981000204A
S214001980341300205E0B0020340B0020400B002098
S2140019900105000079050000E10A0000B7F80530EF
S2140019A0B7F803202D48DB08934228BF13462B8543
S2140019B0152300216FF004046FF02702037007233D
S2140019C0817081714470C27003714471C271037278
S2140019D0092180E73A79FB782048134003F0030397
S2140019E0022B18BF01231722027043708370032155
S2140019F071E77A79B9791A4B42EA01229A80194A34
S214001A001A60D7F80320C3F8062093E716487D78B7
S214001A10818AFEF7C9FD081A80B2022838BF022064
S214001A200238BC1C80B2854284D80F482B4622461A
S214001A30314603B0BDE8F04FFFF7FAB80B4B9B7E7C
S214001A409A073FF577AF5B073FF574AFFFF742FCA9
S214001A5003B0BDE8F04FFFF703BD00BF340B002016
S214001A60400B00208504000034130020D80A002014
S214001A70EFF3108072B670470048704700F04902D6
S214001A800E49D1F8942002F00702042A0BD8022A45
S214001A900FD811D00A4BD1F80001C0F30420013052
S214001AA0B3FBF0F07047074B0548052A18BF0346FE
S214001AB0F1E74FF40043EEE7034BECE700400E403F
S214001AC0C0EA210160F5900000F0490208B5FFF772
S214001AD0D7FF044BD3F80831C3F308230133B0FB18
S214001AE0F3F008BD00400E4038B502460D46FEF73E
S214001AF07DFDE8B122B90F4BD3F80031FFF7C0FFE8
S214001B00FEF774FDA0B1FEF787FD88B1094BD3F848
S214001B100031FFF7B5FF084B402204461A610DB1AD
S214001B20FEF76EFD20460021BDE83840FEF7D8BD22
S214001B3038BD00BF00400E4000300E40044B054A42
S214001B409A60D3F8882042F47002C3F88820704761
S214001B5000ED00E00000000008B5FEF753FB7047FC
S214001B6047F6FF739A42F0B56CD006296CD8374B0F
S214001B705B5C022B68D8364D05EBC304DE00A1780B
S214001B8015F83330012938BF0121012B13D1E07835
S214001B900025401A854202D30844C0B2F0BD431B5C
S214001BA0A0EB5303666836F913609642CCBF03F188
S214001BB0FF301D46EEE760680028EFD0B0F9004021
S214001BC0A24204DCB0F902409442B8BF14468388AF
S214001BD0FF2B04BFB0F90630B0F9087035440FBFCC
S214001BE001220022C82328276E781B1B93FBF7F3DD
S214001BF013441BB29E4201DD002B01DA731E1BB29A
S214001C004FF47A7C00EBC3055F1CEA88AD6814FBD2
S214001C1002521D463BB222EAE2729E4202F15C028A
S214001C20B2FBFCF204DD00EBC307BF88BA42E9D979
S214001C3000EBC5039888904228BF1046884238BFFC
S214001C400846AAE7FF20A9E70020A7E7149A0000A5
S214001C50600B002038B5C0F30323013B04460D4655
S214001C60092B11D8DFE803F0053611103A312C1095
S214001C701D191C4BC0F3043403F1424303F58013D3
S214001C8004EBC304A400256038BDFFF71FFFFEF772
S214001C90CDFCC4F30434144BEEE7144BC0F3043409
S214001CA0EAE7134BC0F304344FF480320D49D1F801
S214001CB04401C007E0D4D1F840011042FBD1DBE775
S214001CC00C4BC0F304341022F0E70B4BC0F3043483
S214001CD00122EBE7094BC0F30434CDE7084BC0F311
S214001CE00434C9E700400E40B8400E4050410E4054
S214001CF0F0400E40E8400E40E0400E40C0400E402F
S214001D00B0400E402DE9F74FDFF82C91464E99F87B
S214001D100040019107461546002C41D1434ADFF8A2
S214001D2014A1D2F8F83042489BB29B02A3F5805328
S214001D30CAF80030D2F8F8309BB29B02A3F50063D5
S214001D400121CAF80430FFF785FFDAF80000082101
S214001D500430FEF783FBDAF800301B68984208BFB1
S214001D60DAF80030DAF8040008BFD3F804B04FF011
S214001D70080100F104000CBF0124A346FEF76EFB29
S214001D80DAF804301B6898423CD1DAF804305C6814
S214001D905C4594BF002401240123347089F8003088
S214001DA096F900305A1C29D0224A52F8233003F103
S214001DB00C094C464FF6FF7AC4F30A030833B3F512
S214001DC0006F1BD2A688564518D094F806B0201D82
S214001DD00BF10401FEF742FB22689042D84601D17F
S214001DE0B74212D008F1030808F4FE7808F1080894
S214001DF0444489EA0403B3F5006FDDD34FF0000BCB
S214001E0058460CE0013C64B2C6E72B785B45F5D338
S214001E1001985A4604F1080107F072FC012085F883
S214001E2000B003B0BDE8F08F100000200081E00F86
S214001E3000650A00640200206C0200202DE9F04FC5
S214001E40012891B004D00024204611B0BDE8F08FE0
S214001E508A88002A00F01282A54F97F800A0BAF1EF
S214001E60000F00F00D82A34D2C78002CECD1A24B75
S214001E7009681C78002CE6D1A04E306802EB0008FA
S214001E80B8F5806F02D982242C70DDE7DFF88492E3
S214001E90484407F035FCBAF1020FC6F8008039D086
S214001EA0B8F1030FCFD99648FEF7E6F90178D9F8CE
S214001EB000204368012945D1190E012903D1C3F337
S214001EC007430A2B46D98F4B9A4240F0DD80836841
S214001ED0DA033DD502233B70FEF7BCFD8A4BD3F8F0
S214001EE02828A2F17E63A3F58433B3F5605F0BD296
S214001EF0126BA2F17E63A3F58433B3F5605F03D261
S214001F00936809A900209847804B099A1A60804B6D
S214001F100A9A1A60DFF80C92336899F80020082AAB
S214001F2001D0402A4ED1DFF8F0817948D8F8001069
S214001F30006803F0030ACA18A2EB0A0282420BD911
S214001F408324A1E76F4CA2420CBF862484249BE71F
S214001F50862499E7882497E76C4ADFF8CCB117689F
S214001F60DBF800001F440F44A7EB0A0727F4FF67BF
S214001F7027F00707874209D9391A00F50060FEF7EF
S214001F80E5F908B185247FE7CBF800703168D8F80A
S214001F900000A1EB0A01FEF791FC3268D8F8003089
S214001FA05649A2EB0A02074613445A48C8F80030BE
S214001FB0FEF7FEFE002FE5D199F80030002B7FF4E7
S214001FC042AF01E0002A61D133687F2B7FF63BAF3A
S214001FD0DFF84881DFF854B1D8F80000F0B94A4B72
S214001FE0D3F82878A7F17E63A3F58433B3F5605F52
S214001FF00ED20A9009A8FEF73FF90A9B1A0E74D073
S214002000012A03D1C3F307430A2B6ED9BB6B98474B
S214002010CBF8000007F042FCC8F800003A4FD8F8AA
S2140020200000D7F82828DBF80010A2F17E63A3F59D
S2140020308433B3F5605FA5D2936A98470028A1D190
S214002040D7F828783268D8F800A00392A7F17E6304
S214002050A3F58433B3F5605F16D2079006A8FEF7A3
S2140020600BF9079B190E0FD00129039A03D1C3F36E
S21400207007430A2B08D905AB00937F6B254909ABAC
S2140020805046B847002853D08424FDE622490A6803
S2140020901A440A60214A10681B4AD2F82818A1F18F
S2140020A07E62A2F58432B2F5605F05D31349194803
S2140020B01A46FEF77DFE16E0CF6A164A1849B8475C
S2140020C032680E4907461348FEF772FE40F20323B5
S2140020D09F4203D1084A01231370B4E640F201235D
S2140020E09F423FF469AF8024CEE64FF4C0708FE77E
S2140020F0D50A0020D60A0020BC060020D00A002000
S2140021007C020020EB17A6030000E10FC4060020A7
S214002110C8060020D0060020CC0600209C02002026
S2140021208C020020D40A0020C0060020880200206E
S2140021309DF8243089F8003023B9059B13B140235D
S21400214089F80030FEF73CF9074658B3D0F834A0BB
S21400215099F80030002B3FF476AE00220692042257
S2140021608DF8132006A90DF1130235200393FFF70F
S214002170C9FD069AD30719D5039B082B14D0BAF1CC
S214002180000F13D0534610220CA903F12800039326
S21400219007F08CFB20B9039B0A9A1B6A9A4205D863
S2140021A0892471E68246D3E7364BECE797B14FF4C5
S2140021B000613846FEF7CAF800287FF4E3AE2AF43A
S2140021C0FF604FF4006120F00700FEF7BFF800281C
S2140021D07FF4D8AE99F80030082B01D0402B0FD1F1
S2140021E0294B2A4A186820F4FF6323F007034FF4AC
S2140021F000611360FEF7AAF800283FF424AEC1E69B
S214002200234F244BDFF89C907B60D9F82828D8F819
S2140022100000DBF80010A2F17E63A3F58433B3F56B
S214002220605FBFF4AFAE936A984700287FF4AAAE0B
S214002230D9F82828D8F800003368A2F17E61A1F505
S2140022408431B1F5605FBFF431AF3946D2F82C80E7
S214002250114AC0473268114907460F48FEF7A8FDE5
S21400226040F203239F4203D10D4A01231370EBE58E
S21400227040F201239F423FF4E6AD34E70D24E3E548
S2140022808124E1E5449A0000C4060020C006002030
S2140022908C020020CD100000D0060020D00A0020BE
S2140022A0BC0600200000E10F00F00F0001380728F0
S2140022B052D8DFE800F004152251313951412C4B39
S2140022C0D3F8943003F00703023B052B06D8DFE86B
S2140022D003F04B29410305450B2070470520704746
S2140022E0234BD3F8803003F00703013B042B17D8A9
S2140022F0DFE803F01830163638001D4BD3F884306C
S21400230003F00703013B042B0AD8DFE803F00B2396
S21400231003292B0006207047154BD3F88830E2E7D8
S2140023200120704703207047114B1B6F13F0010FFD
S2140023300CBF0720092070470D4BD3F85C3103F023
S2140023403003202B10D0302B10D0102B0CBF0720C2
S2140023500120704702207047002070470C2070470D
S2140023600A2070470D2070470420704708207047E9
S21400237000400E4000B962B6704700002DE9F041FB
S2140023800D4F06460D4614460CB9BDE8F081EFF336
S214002390108872B623462A4631463846FEF748FC71
S2140023A003464046FFF7E6FF002BEDD0E41AA4B242
S2140023B01D440026E8E700BFA00D002013B500234B
S2140023C001F10804ADF80430ADF8060021461A46BF
S2140023D051F8080C083170B90BB1ADF8042004228E
S2140023E00DEB020101200834FFF7C8FF54F8101C5B
S2140023F039B902B010BD51F80C3C1A4492B2012310
S214002400E6E734F80C2C0020EDE700007FB501303D
S214002410002380B2CDE90101CDE904336946044BBF
S214002420009304200392FFF7C9FF07B05DF804FB92
S21400243020110020EFF3108072B67047FFF79ABFA6
S214002440064A074BD3F88039136F23F0070303437C
S2140024501367044B1888FEF78DB900BF00300E4096
S2140024600000C6435C0B00200D4AD2F8E430D2F8D8
S214002470E0109B0003F03C03C1F381110B43837013
S214002480D2F8E03003F03F034370D2F8E830D2F8D9
S214002490EC2003F0F003C2F30312134303707047FB
S2140024A000FF0FE0F7B507460C461546072800F272
S2140024B0B180DFE800F02B3341463AAFAF0401A805
S2140024C0FFF7D2FF9DF80530012B03D89DF80430A6
S2140024D0022B1AD9002C40F09F804FF400410E24A6
S2140024E00F235F4801220166A240D0F890101142E7
S2140024F0FBD1002D00F08E800122594902FA03F329
S214002500D1F890201A42FBD184E0FEE7002940F083
S21400251089804FF4007108240923E2E7002940F07F
S2140025208680802106240723DBE7002940F083808D
S214002530202104240523D4E741B9082102240323DB
S214002540CFE700297BD102210123CAE7444A536A18
S21400255013F0300F77D1434BDB6B536AD80741BF7C
S214002560536A23F0300343F0100353620426022319
S21400257003213B4A16663C4A13449B001868002811
S214002580FCD0002D46D011448D002B68002BFCD0CB
S214002590022F3FD1002C3DD0314B5A6AD10756D579
S2140025A04FF48062C3F8A82020225A665A6A12F0B6
S2140025B0300F0CBF4FF440024FF40002D3F89010D7
S2140025C032EA0101FAD1520201D5D3F8A030244CE8
S2140025D0012200210220D4F89C70FFF763FFD4F894
S2140025E09030636A23F0300343F010036362C7F34E
S2140025F00A07216B1D4BFA0903320F2A03EA01036F
S21400260028BF0F223B4343EA0273236326662B68E8
S214002610002BFCD003B0F0BD4FF480460E230F21F4
S2140026200024A6E74FF4807608230921F8E7402621
S21400263006230721F4E7102604230521F0E70126E8
S21400264000233146ECE7042602230321E8E75A6A12
S214002650D3F8902002F44002B2F5400FF8D1B4E768
S21400266000400E4000300E408004F21000F8FF0FCD
S21400267010B500211048FFF737FA1048FDF7D6FFCF
S214002680012211460220FFF70DFFFEF715F8FDF7B1
S214002690B7FF0B4B02225A67FFF7F2F9FDF7C6FFAA
S2140026A0FFF714FA0446FDF7B7FF01462046BDE8DB
S2140026B01040FEF715B800BF00F049020148E801D7
S2140026C000400E40000000002DE98048144B5B6877
S2140026D05E05A3B028D44FF0005300221A601AA853
S2140026E0FDF7CAFDFDF76CFE28B3446BFEF7B2F9A2
S2140026F01C9B5D0740F1E881FDF762FEFDF7F8FDE3
S2140027000446FEF787F9B4B1FDF75AFE0446FDF716
S21400271057FE044B986023689D46636898470AE016
S21400272000500E4000ED00E04FF000531A68022AF9
S214002730D1D100221A60BFF35F8FC94B5A6A22F4C8
S21400274080325A62D3F8942022F00102C3F8942013
S214002750BFF34F8FBFF36F8FC249C34F0A68C34D95
S214002760C3F898204FF00050C3F89C00C048C3F848
S214002770A000AF4202F1010008604FD07E1E731B1E
S21400278043EA530343EA930343EA131343EA132348
S21400279043EA13430133B3F5807F38BF4FF48073A9
S2140027A05C422C4003EB040C674500F2AF81072B1C
S2140027B0ACEB07074FF0010C8CBF4FEAD30E4FF07F
S2140027C0200EB7FBFEF70CFA07F7013FFFB2361BE9
S2140027D02D1BB3FA83F3B5FBFEF5B6FBFEF6664497
S2140027E00CFA05FC07FA06F60CF1FF3CC3F11E03D3
S2140027F04CEA060C5B000CF0FF0C03F03E0343EAC9
S2140028000C23974D43F0407343F001130232C5F892
S2140028109800C5F89C40C5F8A0300A60BFF35F8FEB
S2140028208F4B0522C3F894205A6A42F480325A62CB
S214002830BFF34F8FBFF36F8FBFF34F8FBFF36F8F13
S2140028408C4B01225A641A681AAF42F480721A60DE
S2140028503846FFF709FE9DF86930012B03D89DF82E
S2140028606830022B0DD9844B4FF41872C3F88C22B3
S214002870824AC3F89022824AC3F8F022814AC3F8FB
S214002880F822814BD3F8A42142F4F842C3F8A421DD
S21400289002229A639A6B02F00F02022A40F04C81E1
S2140028A0DA6C22F0405222F0010242F00102DA64B1
S2140028B0D3F8E02042F44072C3F8E020734A0F21B8
S2140028C01180DA6E42F08072DA66714BD3F88009B6
S2140028D000B10420FFF7B4FD6E4B6B4EDFF8C081ED
S2140028E0C8221A806C4BA0220F204FF0000B1A80D3
S2140028F0FDF740FF694BB365CDE912BBCDF868B074
S214002900C7F804B0D8F818325FFA83FAC3F3072979
S214002910CDF850A0CDF87090F56CC5F301752B4638
S2140029205A46394612A8FDF7EBFED6F8E040C4F347
S21400293001245A461BA913A82346FDF7E1FEA9EB7E
S2140029400A024FF4167C0CFB02F2B2FBFCF2524475
S2140029509145DDF868E01299DDF86CA01398C0F098
S214002960EB80AAEB00030CFB03F3B3FBFCF3C018ED
S2140029702CBF01235B468245C0F0DE80002B40F072
S214002980DB80AEEB01030CFB03F3B3FBFCF3C918CF
S2140029902CBF01235B468E45C0F0CE80002B40F056
S2140029A0CB80F36D23F4FE4323F0020343EA0223B5
S2140029B0F365022DD8F8302200F0AA80032D00F02F
S2140029C0AA80012D14BFD2B2C2F30722120312F45A
S2140029D0702F40F0B1802C4DEB6E23F47043134300
S2140029E0EB662F4B022CD3F8302200F09680032C97
S2140029F000F09680012C14BFD2B2C2F30722120355
S214002A0012F4702F40F098801F4BD3F8E04024F467
S214002A1070442243C3F8E0205A6E814238BF014614
S214002A20E72922F4FF7228BFE72122F0010242EADA
S214002A3041025A66DA6B42F48062DA634AF6E8527A
S214002A40596B5A639A6FD407FCD41B6C104A13F068
S214002A5003036BD00123C2F8B43A0B4B22E000BF4D
S214002A6000ED00E0540B0020BC000020BC0000205D
S214002A703900011300000E4000400E409A6F05001A
S214002A80180100040084320800300E405C0B002061
S214002A900000C6435A0B0020580B0020372110B701
S214002AA00081E00F9A6FD007FCD41A6C22F0030264
S214002AB01A649A6F12F00102FBD11A480129C0F875
S214002AC0B42A08BF5A6333E014B9FDF7A3FF32E611
S214002AD0154AD2F8F8309BB2B4EB832FF5D2D2F871
S214002AE0F82004F1500392B2B3EB822FEDD82046C3
S214002AF0FDF746FC0028E8D0636913B9FDF78AFFA6
S214002B0002E69DF86830012BF8D1F5E55B0047E654
S214002B10C2F307425AE7120E58E7C2F307426EE7BF
S214002B20120E6CE70000C6430081E00FC2F8B43A0C
S214002B30C74B0122C3F89427C64CC74E1120FFF797
S214002B40B3FB002102200122FFF7ACFC636A23F0EE
S214002B5001036362C14B0025C3F8A054A36A23F0A7
S214002B60070343F00603A362BD4BE362226BBD4B33
S214002B7002F07F6213432363BB4B6363FFF778FD6A
S214002B80BA4B304601211B68FEF7AEFFFDF744FD49
S214002B9001463046FDF7A4FDD4F80001C0F304203A
S214002BA00130B6FBF0F0FDF741FD01221146022090
S214002BB0FFF778FC636AAE4E43F040536362D4F886
S214002BC0C83043F00103C4F8C830AA4BD3F8D83055
S214002BD0B365042404AA06A935208DF8104006958E
S214002BE0FFF790F806238DF80F30069B8DF80E4001
S214002BF013F4803F07AC00F0548205232246B16DE3
S214002C0002F8011B013BFAD29DF8213063F03F0326
S214002C108DF821309DF8223043F001038DF82230E4
S214002C20954B5C60954B964A9A604FF000084FF4BF
S214002C3080715961C3E90022A3F81080914A924B33
S214002C409248934DA3F81080C3E900229A60596118
S214002C5000F0DDFC8E488F4C8F4E00F05AFF0FCDF3
S214002C600FC495E80F0084E80F008C488C4B036077
S214002C7041468C4B436000F06FFC73A3D3E90023FE
S214002C803060CDE900234FF0FF334FF0FF3200F005
S214002C901AFF02224FF0FF313068774C00F015FF24
S214002CA094223C23CDE91A321C9339469623306889
S214002CB01D93CDE91E88CDF8808000F02FFDB0462C
S214002CC07949306800F014FF306800F0B8FFB4F9B6
S214002CD0001058F8080B00F020FF6468002C40F045
S214002CE0F9814046FDF76EFCB37B64F30003B373D3
S214002CF06E4BDFF8F0A16E4D4FF0200983F801937C
S214002D0083F8049383F8069383F8079383F8059370
S214002D1083F8089383F81D93664B5A2200211846C1
S214002D2006F0FCFCA0F10A04634B636042F21072EA
S214002D30E26042F20153614A40F80A2C2381604A5D
S214002D404FF490733384012313700022CAF80020D6
S214002D501B222A800DF10D0103AA3E208DF80C30AF
S214002D60FEF7D0FF11230DF10B020DA936208DF8CA
S214002D700B30FEF7C7FF0DF10A02394639208DF8F1
S214002D800A90FEF7BFFF002835D14E4B9DF80B206A
S214002D9018681B791A903B71002A00F0A4811B2A40
S214002DA028BF1B22531D8DF80A300DA9531C0DF1A8
S214002DB06D008DF86B3006F0A3FC12A8FDF702FC40
S214002DC0414A9DF80A301288FA5222A99A1C51FAF2
S214002DD082F21298BDF84C1042F8200C22F81C1C07
S214002DE003F1080222A951FA82F20933002102F8FF
S214002DF0201C8DF80A3020230DF1090212A93A2072
S214002E008DF80930FEF77EFF48B9304B5A8A1B7D95
S214002E108DF84A300323ADF848208DF809302C4B46
S214002E202C4800224FF00209C3E900222A4B036017
S214002E3080F80490FDF7D4FD2848294B0360102342
S214002E40037280F804904FE008550051000000001F
S214002E500000C64300400E4000F049020000C84390
S214002E602000050007450BD047A0020000300E40AA
S214002E70005008400081E00F58130020A00D0020ED
S214002E80A00C0020A00B002034130020690345ECA2
S214002E90C49A0000600B002098100020900B0020C1
S214002EA061130000800B00201200002000E100E00B
S214002EB028110020C610002055555500D6BE898E14
S214002EC05E0B00204999000053990000A09A00006C
S214002ED04C1300203C0E002056990000E40D002004
S214002EE05999000030130020FDF7DAFEB448B54BC0
S214002EF00360B54B80F80490C36080F80890A0F893
S214002F001090CDE900394B4690E806001430FDF7E6
S214002F10FBFC9DF80B10002900F0F0800DA8FDF7D3
S214002F20E9FEAA48AA4B03604FF0100980F8049007
S214002F30FDF756FDA748A84BA84A03604FF6FE7B50
S214002F4008230372C260A0F810B080F80490FDF762
S214002F50A7FEA348A34A02600C220272A24AC260DD
S214002F60A0F810B080F80490FDF79AFE9F48A04A9B
S214002F7002604FF0020B9F4AC2600823038280F86B
S214002F80049080F808B0FDF78BFE9B489B4B0360CF
S214002F909B4BC3600123038280F8049080F808B03E
S214002FA0FDF77EFE9748984B0360984BC3604FF63C
S214002FB0FE73038280F8049080F808B0FDF770FE78
S214002FC09348944B0360944BC3604FF6FE730382A2
S214002FD080F8049080F808B0FDF762FE8F4B904AA8
S214002FE01A604FF6FF729A809DF80A20202A05D8AC
S214002FF0931D8C486375394606F082FB9DF80920C0
S214003000202A06D8931D884884F83D3012A906F079
S21400301077FBFEF755F9227C617CB2FA82F35B09F6
S21400302063F30001237D617462F30303B27B02F055
S214003030010262F386132375637D0BB9062363755D
S2140030407A4BB8F80410B068C4F81600998094F863
S2140030503C30042161F3030362F3861384F83C30AA
S21400306094F83D3013B9062384F83D30704BB068B1
S214003070B8F80420C4F83E009A80FEF7B1F96D4E09
S2140030806D4B1B7833B1DFF8C0814046FDF78CFAF4
S214003090002836D1694A136923F00403136130BF50
S2140030A0EEE70DF10F0221462C20FEF72BFE00283E
S2140030B03FF4B8AD0DF10E0205A93C20FEF722FE46
S2140030C018B19DF8140000F001009DF8223060F35E
S2140030D00003A3E52068B060A288A37988F80630CC
S2140030E0A8F8042004E608238DF80A30544B1A8802
S2140030F09B78ADF86D208DF86F305EE65048032162
S2140031000DE7EFF3108472B600231A460DF1110195
S2140031104046FDF72AFD2046FFF72CF99DF81130B2
S21400312013B10023CAF80030DAF80020EFF3108459
S21400313072B6C2F501739BB232440DF111014046DE
S214003140FDF713FD03462046FFF714F9DAF80020D2
S2140031501A44032ACAF8002097D93488231D9A42B5
S21400316093D307D8708804284FF0000306D00628AB
S21400317000F0AC810023CAF8003086E732796B8015
S21400318004F1FF39122A1FFA89F95FD8012A60D99B
S214003190931E2C4F102B5CD8DFE813F05D005B000D
S2140031A073005B008C005B0023015B00C0005B00CB
S2140031B05B005B005B005B0050015B00F00000BF43
S2140031C0B80D00205C990000B69A00006C10002034
S2140031D05F9900001410002070990000C90D0000CF
S2140031E0BC0F0020819900003D1E0000640F0020E7
S2140031F092990000959A00000C0F0020A3990000F9
S214003200949A0000B40E0020B4990000CD0200008D
S2140032105C0E0020C5990000390400008C100020C8
S2140032204C130020D810002000110020D2100020DF
S214003230FA1000202C1100205413002000ED00E0AE
S2140032404F9900002011002034130020522A00F06D
S214003250B580062289E0B9F1020F40F03581B6F854
S21400326005400022B4F5007F28BF4FF40074032306
S214003270114648463B70A7F80140FFF7C7F82C8078
S21400328078E7B9F1040F70D1B6F80540A0B2FCF7A4
S214003290CBFF60B1027A7C80022A4FF005010CBF9A
S2140032A001230223397041687B70032057E06C804D
S2140032B00A225AE0073CDFF838B2CDF800B0A4B2D4
S2140032C00194B6F80710B6F805000223ABF1020227
S2140032D0FDF730FD4FF6FF794845044604D1736884
S2140032E0C3F30F236B80E3E700230130CDE90033FF
S2140032F0ABF102020223494680B2FDF71BFD4845AA
S2140033001CBF00F1FF3080B207233B70A7F80140D6
S214003310A7F8030000221146042020E0B9F1020FAE
S21400332040F0D280B6F805B01FFA8BF42046FCF7C2
S2140033307BFF002839D0037B990713D52B880DF126
S2140033401202013B09A92046ADF81230FDF736FB04
S214003350024670BB0B23BDF8122009993B70FFF79D
S21400336055F807E74A46A5F802B05D4B30796988FC
S214003370587001241C7059801A71CBE7B6F805B056
S2140033801FFA8BF94846FCF74FFF70B1037B1A070C
S2140033900DD5E21E92B253494846FDF7D9FA0246C9
S2140033A038B913233B700146D9E70122DBE7032235
S2140033B0D9E77368C3F30F236B80D6E7B6F80570BA
S2140033C03846FCF731FF00283FF4D4AE037B5B079A
S2140033D07FF5D0AEE21E434992B23846FDF7B8FA02
S2140033E0C8E6631F9BB2022B01D0102B6CD10022C3
S2140033F0CDE90022DBB23C4AB6F80710B6F8050065
S214003400FDF798FC4FF6FF73984204463FF467AF0B
S2140034102B880DF11202043B09A9ADF81230FDF716
S214003420CDFA024608B16C809FE7BDF812200999D4
S2140034307C8009233B70931C7B7036E7053CA4B266
S214003440022C01D0102C3FD14FF0000BCDE900BB71
S214003450E4B2B6F80710244AB6F805002346FDF78E
S21400346069FC4FF6FF71884281463FF438AF013061
S21400347023461D4ACDE900BB80B2FDF75BFC2B88D6
S2140034804FF6FF7188420446A3F1060318BF00F109
S214003490FF340DF1120209A9484618BFA4B2ADF8D0
S2140034A01230FDF78BFA024610B1A5F802905CE7E1
S2140034B0BDF812200999A7F8029011233B70131D3E
S2140034C07B70BC8005204AE704224EE7CDE90B332B
S2140034D0064B099309A902230A93FEF76FFF49E6F4
S2140034E02011002033110020351100201800002084
S2140034F037110020FEE7000008B5FEF71FFB124B51
S21400350012498B4212D3124B124900208B4218D319
S214003510FCF73EFE186850F82240586840F82240F3
S214003520013298688242F5D30C33EAE70022F8E7C6
S2140035301C6844F8220001325C68A242F8D30833C3
S214003540E4E70022F8E700BF1CC0000028C0000027
S21400355028C0000028C00000F8B50D4610B90024A9
S2140035602046F8BD0E4F3E68002EF8D100F052F807
S21400357004460028F3D0386000F0A8F8204600F093
S21400358074F838B130463E6000F0A0F8204600F0EF
S21400359067F8E4E7002DE3D02046A847E0E700BF41
S2140035A0601300200846114600F0A2B810B505F0DA
S2140035B003F920B9024BBDE810401B68184710BD40
S2140035C02800002010B500F082FA20B9024BBDE8B2
S2140035D010401B68184710BD2800002070470000E8
S2140035E0431E033306D8044B984228BF1846642867
S2140035F038BF6420704700BF40420F00431E012BB7
S21400360003D9031F5842584170470120704700F005
S21400361093BE0000F8B50546FEF72AFA0F4B1E6863
S214003620074626B93846FEF7A5FE344611E0B468CC
S2140036308CB194F810C01CF0010F0CD195E80F0067
S2140036404CF0010C84E80F0084F810C03846FEF7F2
S21400365091FE2046F8BD3668E3E700BF2000002054
S2140036604FF4A472002106F059B810B500210446A4
S21400367000F03CFA2046BDE8104004F089BE000089
S21400368038B505460C4641B10B6833B11B680133AB
S21400369003D0CB680BB18B684BB900F04BFEBDE88E
S2140036A038404FF492724121002000F0A3BA084639
S2140036B000F045FE0023044A85F8DC30C5E92343C4
S2140036C0C2E9003338BD00BF6813002010B50446B9
S2140036D018B9054B054A136010BD04F075F8D4F808
S2140036E09830002BF6D1F4E7DD3500001C000020F2
S2140036F010B50C4604F0A6F8054B00215B680320C5
S21400370098471CB105F0A6F80128FBD110BD00BFF4
S2140037102800002004F0F2B904F006BA08B5024604
S2140037200868FFF75DFF08604868FFF759FF4860C4
S2140037308868FFF755FF8860C868FFF751FF0B6978
S214003740C860581C03D00B48834228BF03460B6151
S2140037504B69581C03D00748834228BF0346886934
S2140037604B61FFF73DFFBDE808408861104604F056
S2140037706DBE00BF40420F002DE9F84FD0F89030E4
S21400378006460F4613B1038B8B4246D0D6F88CB054
S214003790BBF1000F44D0DBF80830002B40D0DBF83C
S2140037A00C1000293CD0D6F8A0A0BAF1000F3AD0F1
S2140037B04FF000094D46C84601E0DBF8083005EB3F
S2140037C0C50203EB82040135E389BB4216D8238A7F
S2140037D0BB42304612D3B4F91230B6F924109942DF
S2140037E0A04603EAE37255DD96F8D010FEF7B8F966
S2140037F0337D834281464DD9DBF80C108D42DCD3F5
S214003800B8F1000F40D00023424619463046D04754
S2140038103783C6F8908086F8D9900020BDE8F88FE8
S2140038200320BDE8F88FD1465446524647F6FF754A
S21400383004EBC40803EB8808B8F80E30BB421DD86A
S214003840B8F81030BB4219D3B8F91220AA4202EADF
S214003850E27207D14FF0FF093783C6F8908086F8EA
S214003860D990DAE796F8D0103046FEF779F9337D2E
S214003870834281464246EFD9DBF80C100134A14260
S21400388004D9DBF80830D3E70120C7E7002AFBD0CD
S2140038909046E1E7A046B6E72DE9F04782B0044639
S2140038A08946164604F096FF3B4D08B100236B6030
S2140038B02B68D4F88CA0D4F890700BB153454BD03D
S2140038C04FF00008C5F8089004F0C4FF012836D170
S2140038D02B68DAF800103A6813B11868884246D0A8
S2140038E0204604F097FCC5E900A7D4F8A0508DF850
S2140038F00760002D42D000220DF107031146204636
S214003900A847204604F070FA0546B8F1000F00D02C
S2140039108EB1B5FA85F040F2DE324009332100F070
S21400392069F93146204604F081FC1C4B05461B68AD
S214003930394620469847284602B0BDE8F087012061
S21400394003F080FF164B00215B680320984704F0C5
S21400395081FF0128FBD1BBE76B68002BB0D0BB42D0
S214003960AED1AB68994514D04FF00108AAE7696854
S21400397011B109689142B6D05968B1E7217D94F833
S214003980D930994228BF19463246204604F0C2F97B
S214003990B7E70025CFE700BF681300201C00002013
S2140039A028000020F8B505460E46FEF761F83146B9
S2140039B007462846FFF7E0FE044620B13846FEF7E5
S2140039C0D9FC2046F8BD04F004FF224631462846BE
S2140039D0FFF762FF04460028F0D195F91030002B5F
S2140039E0ECDA284605F0BFF80028E7D02246A97D85
S2140039F0284604F005FF0446E0E700BFF8B5054694
S214003A000E46FFF73DFED5F88C307BB15B696BB197
S214003A1001F0D2FCD5F88C305B691B1A584240F294
S214003A206B124FF04201584100F0E4F8F7680022AC
S214003A304FF6FF734FF0240CD0B2B84208D31C46A2
S214003A4021462846FFF7AEFF00F07EFC2046F8BD74
S214003A50B1680CFB0011CC899C4202D2002CEFD03E
S214003A6023460132E8E7008B70470A7838B50546EA
S214003A701046FFF7C3FD60B14C782046FFF7BEFD49
S214003A8038B12243530704D42846BDE8384004F032
S214003A9079B8012038BDFFF7E8BF10B504460878AE
S214003AA0FFF7ACFD58B14A781046FFF7A7FD30B1D6
S214003AB0042A04D02046BDE8104004F09BB801203C
S214003AC010BDFFF7EABF03F03DBE03F097BF70B529
S214003AD004460D461646FFF765FF30B932462946BE
S214003AE02046BDE8704002F0C1BD70BD04F080BE47
S214003AF038B5044648880D4600F01FFCD4F8A030C0
S214003B002BB929462046BDE8384004F0A9B8022063
S214003B1038BD00F013BC04F05DB973B50446002050
S214003B200D4600F00AFCD4F8A06069462046FFF770
S214003B30F2FF5EB99DF800102A462046FEF710F800
S214003B400146204604F012F902B070BD00231A4662
S214003B5029462046B047F7E738B505460C46FDF738
S214003B6087FF2B6B1C40EB6A2343EB62FEF702FCDD
S214003B70211E18BF01210020490238BD04F0E0BA1A
S214003B8004F0FFBA07B54FF400730A49ADF80630E3
S214003B900DF10602FFF7F4FFBDF80630B3F5007F1F
S214003BA005D1022808BF002003B05DF804FB012001
S214003BB0FAE700BFC01400200846114600F0E0BA3D
S214003BC004F0AABA38B50446154609B104F0F7FA67
S214003BD025B12046BDE8384004F0F4BA38BD0000F0
S214003BE0024B1960024B1860FEE700BF240000205D
S214003BF0C016002008B550B90548064B01601A608B
S214003C00054B1A68054B1A601868FFF7E9FF08BDF0
S214003C1024000020C416002060130020C0160020D8
S214003C20437C03B108470220704710B5044604F0F1
S214003C302FFF20460321BDE8104003F0DDBDFFF74F
S214003C40F4BF00000149FFF7EBBF00BF658A000024
S214003C500149FFF7E5BF00BF398A000038B5447C4C
S214003C600D46BCB1053C012C8CBF002401244968DC
S214003C70224604F016FF286890FAA0F0000A01F029
S214003C8001FDA97A2889224681F0010104F03AFF55
S214003C90002038BD0220FCE71FB5CDE90012ADF8C4
S214003CA0083069469DF818308DF80A30FFF7D6FFC1
S214003CB005B05DF804FB00207047002070472DE932
S214003CC0F74F1C469DF830300193036803F0070356
S214003CD0063301259D400646174605F1FF380B467C
S214003CE0A1B1416804EA080BA5EB0B0A41F00059A4
S214003CF0524509EB0B0114D95246184605F000FD53
S214003D007A1B5A444946504405F0FAFC019B2BB1F5
S214003D103C4448EA050804EA0804F46003B0BDE839
S214003D20F08F1846F0E700000D4BD3F8E020D203E2
S214003D3014D50C494FF48032C3F8E820C1F8EC20C3
S214003D409A6BD1B2C2F3072299679A6704229A67E0
S214003D5000229A679A679A679A679A67704700BFC1
S214003D600010084000100846F8B50C4C0D461746E3
S214003D700646FDF77DFE0123A362042327606660E6
S214003D80A560C4F8E830064B4FF48072C3F8802173
S214003D90FEF7F0FA0DB10223A362F8BD001008404A
S214003DA000E100E0054B1860054B01229A6540F6DD
S214003DB0FF72196358635A65704700BF501700209A
S214003DC0001008402DE9F04F042A83B0054639D983
S214003DD00B7883614B7883618B788361CB788361C2
S214003DE00068D5F808B06E6800F0070001230630BA
S214003DF003FA00F808F1FF3909EA0B07A2F1040AF2
S214003E00A8EB0702924501F1040446F000560DD8CF
S214003E10F0192146524605F073FC0AEB0B0248EAFD
S214003E2009031A40AA6003B0BDE8F08F2146F019D6
S214003E30019205F065FC019AA118AAEB080230462B
S214003E403A44E8E7013A032AEDD8DFE802F00B0827
S214003E50050211F8013B836111F8013BAB6111F8D3
S214003E60013BAB610B78AB6103B0BDE8F08F00BFE0
S214003E7037B5002500951446FFF721FF204603B00E
S214003E8030BD026802F00702063201239340026A40
S214003E90C2F30C028A4210B584BF4468C26803F1BC
S214003EA0FF3388BF89189BB285BF44F00050194085
S214003EB04FF0FF30405C10BD38B50C46104B154631
S214003EC0014668B10122C3F8B8200E482246FFF723
S214003ED079FF1DB10A4B0422C3F8B820002038BD74
S214003EE064B1D3F89C20A24284BF0122C3F8B82054
S214003EF0C3F898400222C3F8B820EAE70122FAE79E
S214003F00001008409010084010B5FDF7B1FD184BA2
S214003F10184901229A65C3F888201A66164A5A6616
S214003F200722C3F884200A80144900220A804FF42E
S214003F30A021C3F8E81003F1C0630446C3F8EC10F0
S214003F400F4B1A600F4BD3F888305B020AD50E4B26
S214003F5018680E4B4FF48002C3F88820416BA430DB
S214003F6001F0ACFB2046BDE81040FEF703BA00BFE8
S214003F7000100840CE160020D0160020CC160020D8
S214003F80C816002000400840601300200040084487
S214003F900D4B07221A800D4B00221A800C4B012174
S214003FA0C3F8B810C3F890204FF40052C3F894003A
S214003FB0C3F8B420074BF0221A6403F10073A02262
S214003FC01A64FFF7A1BF00BFCE160020CC16002053
S214003FD000100840000008442DE9F041044688B16E
S214003FE0394E3A4FFDF744FD3388394A03F07801DD
S214003FF0032C054603F07F0C114453D13C6824B9CA
S214004000FEF7B8F90320BDE8F08124F00104386813
S21400401020F00100A0424AD100223A6022886FEACE
S21400402042426FEA52428C42228036D1294CDFF857
S214004030B8C02788ACF180083A46083A92B201F137
S2140040400800604528BF4046082A04D9B0F900E0B9
S214004050BEF1000F36DB22803B440C8888781E4970
S2140040609B1ADBB2C4F30C04CC6300F00700338069
S214004070CB66C1F88420FFF757FE04280DD1174BF6
S214004080D3F88830164B1868164B4FF48002C3F8E6
S2140040908820416BA43001F011FB2846FEF76AF930
S2140040A00020B0E7601E012898BF0C46AFE709481D
S2140040B062440088A21A48BF803208389042ADDCBD
S2140040C028469DE70146B8E7CC160020C816002013
S2140040D0D0160020CE1600200010084000400840F1
S2140040E06013002000400844501700200E490F4B74
S2140040F00A881B880E481344073B03F078030344E2
S2140041000832987892B20A8000F00700094904281D
S214004110C1F8842004D101F540514A681203FCD44A
S214004120054A1360704700BFCE160020CC1600204C
S214004130D016002000100840C816002010B5054C08
S214004140206828B1C30701D4FFF746FF0023236089
S21400415010BD00BFC8160020084B4FF48032C3F8CD
S214004160EC2003F17C43C3F8E420D3F88030C3F39B
S2140041700C03782B01D8FFF7D7BD70470010084412
S2140041802DE9F84304460E46FDF772FC504B514DA0
S2140041901A882D888146504802F07801032C02F0D8
S2140041A07F03014417D14D4C24688CB92A44073A42
S2140041B002F0780284180344E31A48BF8033AB4207
S2140041C010DB4846FEF7D6F800242046BDE8F88304
S2140041D024F00104EFE7012C02D0022CEBD1083DBD
S2140041E00C46E8E7002E41D08C423D4942D1D1F83A
S2140041F03C800A6B02F00702063201279740D1F88E
S2140042008020C2F30C029A4247DDB4F900302588BC
S214004210002BD6DBA378C5F30C0503F007037A1E44
S214004220A5EB08053A43052B337005EA02052CD8A2
S2140042302DB2E84340F236420421C00FFFF7DAFC05
S2140042407580E378274A337412687B1E03EA0803F6
S214004250D118B160A9B213FA85F5BD4289BFFF1A1D
S2140042600023B780F2609CBFB180F3604846FEF73B
S21400427081F8AAE7A4F10802824238BF04F1780266
S214004280B2F80080C8F30C08B3E7174BDB6C003BB2
S21400429018BF0123A5EBC305CAE78B6B7A1EA3EBF9
S2140042A008033A431A40114B15B25B686AB9C3F368
S2140042B00363D91E4B424B41DB0033700B4B7280BD
S2140042C0D3F89030C3F30723BCE70823F5E700BF15
S2140042D0CC160020CE160020D0160020C8160020CF
S2140042E0001008405017002000000840004008401A
S2140042F0431C08D0044AD2F83C311B0C1B0480B285
S2140043000343C2F83C3170470040084038B50D689A
S21400431004462846FFF7ECFFD4F8903043B15B69BB
S21400432033B1013504BF6FF001020A600A681A60F3
S214004330002038BD04F04DBA704770477047A6227B
S21400434031210120FFF756BC704738B50D460446AC
S21400435001F032F8AC4042F2107364095C43642307
S214004360B0FBF3F0B4FBF0F038BD0000034B1A6866
S2140043709B88026083800020704700BF3A000020C0
S2140043800F4B0628D3F8883104D183F40013C3F307
S21400439040507047022805D113F4400F0CBF01208F
S2140043A00020704750B9074AD2F8D40010F0010038
S2140043B005D083F48003C3F3805070470020704715
S2140043C000400E400081E00F0C4A5288B2F5E16FC3
S2140043D094BFC8225A2210B594BF78245024904225
S2140043E08CBF172210220A70054A0346107818B1AF
S2140043F09C422CBF0020012010BD00BF3A000020C8
S2140044003300002013B5234B1B780E2B04463ED0FA
S2140044100DF10701FFF7D8FF1E2C8CBF1E4C1F4C5A
S2140044209DF807304FF001028CBF01210021C4F82F
S214004430082170B1194A4DF60174C2F804411B02F6
S21400444002F1007243F44043C2F80431144AA2F861
S214004450D430134A134C92F8D83023F001030343A8
S21400446023F0020343EA4103DBB282F8D830247813
S2140044706CB923F0040343EA800323F00803B2F880
S214004480D440A2F8D64043EAC10382F8D83002B03E
S21400449010BD00BF3A000020004008460040084417
S2140044A0001F002156170020084B094AD3F8883110
S2140044B0DB4303F4FE1343F40053B3FA83F30E33E3
S2140044C0A3EB4313013B1370704700BF00400E4040
S2140044D03200002002280CD0062802D020B100208E
S2140044E07047054B18787047034B18780430C0B2F5
S2140044F070470720704700BF32000020022807D010
S214004500062807D0003818BF01204042C0B27047C6
S214004510012070470020704730B51F23B0FBF3F32F
S2140045205D1CEDB24FF0FF34C3EB4313AC40C01A32
S214004530E4430130E4B2C0B21460086030BD00004D
S2140045402DE9F7433A4E3B4F96F8009015463A4A07
S214004550D2F8C820B9F1020F0446884607EA0207D7
S2140045601AD147EA006788F80000002372882B609B
S214004570B2F5E16F94BFC8225A2227F47F579442BF
S21400458027F008079ABF380A00F47F5043F6C87031
S214004590384303B0BDE8F083284A1278904228BF1B
S2140045A0144604EB83030B70F4B1013CE4B24FF005
S2140045B030632B606A4601A92046FFF7ADFFDDE9B0
S2140045C0002347EA03671E4B98F800101B7847EA5B
S2140045D0823747F47F5747F008073BB90029194B45
S2140045E018BF4FF07F43C1E7164BE2E7164B17485C
S2140045F0B9F1060F08BF03462AB90029114B18BFA8
S2140046004FF07F43B2E7B2FA82F2C2F11F02D2B293
S2140046109B5CDBB239B15A1ED2B2FD2A05D81B0606
S21400462043F00403A2E7074BA0E74FF07F439DE764
S2140046303A0000203F00C0E0001F002132000020AA
S214004640571700200400000BB883E00FB083E00F7C
S2140046502DE9F3410446C820FFF7D4FE2B4B2C4E21
S21400466018780E2801D0FF2C05D1FF243470204680
S21400467002B0BDE8F08102282DD1072C204628BFC5
S214004680072001284FF0000301AA0DF1030138BFEF
S2140046900120FFF755FF05461E4B1F4FDDF804802F
S2140046A0C3F85881C7F8C8509DF8034034702046B8
S2140046B0FFF7A8FE194A4FEA082303F4E0631278CE
S2140046C043EA1863A7F8D030002AD0D1C7F8CC50F8
S2140046D0A7F8D230CBE7A0B9052C32BF00270127B8
S2140046E00420201A3B4601AA0DF10301C0B2FFF7D1
S2140046F027FF4FF48003054637B1094AC2F8083150
S214004700CAE700273846ECE7064AF7E73A000020F3
S2140047103800002000400840001F002156170020E7
S214004720004008460040084408B501F031F9094B3E
S214004730094A002818BF1A46136823F47F115B083D
S21400474003F4FE130B431360044B4FF00072DA6160
S21400475008BD00BF0041084018410840004008401E
S21400476008B501F015F9064B4FF4001228B1C3F84E
S21400477000214FF000621A6208BDC3F81821F8E75E
S21400478000400844014B1868704700BF5C170020C3
S21400479070B505460E46C0B201F00F01FFF7D5FD15
S2140047A0C6F303110446C5F30720FFF7CEFDC6F394
S2140047B003210444C5F30740FFF7C7FD204470BD3E
S2140047C0436C012B38BF01232DE9F0479A46464B30
S2140047D0464F9B69464E474D03F4E073A3F5C072FF
S2140047E0804645485142514102685245434A0FD1DE
S2140047F014788C420CD198F8D0C03C78A44507D1E8
S21400480098F815C03478A44502D1A888BDE8F0878A
S214004810B3F5C07FC0F800A011704AD1D8F8944014
S21400482024B12368082B58D994F838400F21204625
S214004830FFF78BFDBAFA8AF3002852D0B0FA80F25E
S2140048409B1A002BC6BFD840C3F10F094FF00F09C3
S214004850504501D909F1FF39234B2004C3F8BC00A9
S21400486003F1806340F6FF72C3F8B82003F10073CB
S2140048704FEA0921C3F8B810FFF78AFFA88000F0B6
S2140048809BFD09F01F094FF4FA7304FA09F45C4320
S21400489041F66A03B0FBF3F00A23B4FBF0F45C4382
S2140048A0174B1C6098F8D0303B7098F81530337072
S2140048B0ABE798F8D030062B06D1124B1B78002BAE
S2140048C00CBF9624C824B1E7022B08D00D4B1B78EA
S2140048D0002B0CBFB424F024A8E70024A6E732245B
S2140048E0A4E74FF00F09B7E700600840310000204A
S2140048F0300000203A000020340000205917002025
S2140049005C1700205717002070B506460C46154663
S21400491004F029F958B3F27CD31E012B1ED9112AB4
S21400492003D81D4BD340DB0718D41C4B1C4AC3F8D6
S214004930502103F100730022C3F850210025174BC5
S21400494040F2F712C3F850212B01164A03F4F8730D
S21400495005F007052B43C2F850311AE00F4B104AFA
S214004960C3F8502103F100734FF44402E4E7FF2C30
S2140049700DD00A4B0A4AC3F8502123042405094ADD
S21400498003F4E02304F0F8742343C2F85031FF2DFB
S214004990D5D1002070BD00BF84F603000040084457
S2140049A00000F70100400846F8B5134B134E1F6889
S2140049B0134D384600F0BEFF3378C4B2A34201D18F
S2140049C02B78A3B1092C14D80E4B012C195D05D1F8
S2140049D00D4B1B78022B01D141F0400101F00F0274
S2140049E038460909FFF790FF002334702B7000202B
S2140049F0F8BD0024FA21F1E76013002055170020C7
S214004A0054170020889B00003A00002038B5044662
S214004A1000F07AFC142200212E4804F07FFE2E4B74
S214004A2025781A782D49521B18BF01220A70226871
S214004A301A60C820A2889A80FFF7E4FC284BD3F8B7
S214004A40C820284BFF211970274B2849062D03EA5A
S214004A500203274A1AD14FF4EE40C2F824014FF45D
S214004A608A42C1F82421012243F08043C1F8202164
S214004A701B4AC2F8C8301E4B0322C3F85821FFF762
S214004A8093FF1C4B01221A70002038BD022D4FF0F8
S214004A9007000ED1C2F80C010620C1F80C01164919
S214004AA0C2F808114FF4404143F00303C2F8041162
S214004AB0DEE7C2F80C010520C1F80C01C020C2F8E0
S214004AC0080143F08043812243F00403C1F8082123
S214004AD0CEE700BFC81F00213A0000205417002070
S214004AE0001F0021380000202800C0A00040084613
S214004AF00040084458170020C100400073B5264BFC
S214004B00044618780E2841D0FF2C42D000283AD10F
S214004B10052C32BF002301230420201A01AA0DF120
S214004B200301C0B2FFF70CFD1C4EC6F8CC00019A7C
S214004B3096F8D850130203F4E06343EA1263A6F82B
S214004B40D2309DF803400DF102012046FFF73CFCF1
S214004B5005F0FB051E2C45EA800594BF00230123C3
S214004B6025F0080545EAC30586F8D8509DF80220CA
S214004B700B4B43EA0223A6F8D6300123094A204607
S214004B80137002B070BD00231846C6E70023FF244A
S214004B90F4E70023F2E700BF3A000020001F0021E0
S214004BA000C0FFFF56170020104A114B0020187057
S214004BB0D2F8C830C2F8CC30B2F8D030A2F8D23032
S214004BC0B2F8D430A2F8D63092F8D83003F0FB030F
S214004BD0990001F004010B4303F0F703990001F07C
S214004BE008010B4382F8D830704700BF001F002131
S214004BF0561700202DE9F0472D4C2E4B236000F071
S214004C00DBFB4FF4FA7307464FF47A76B0FBF6F602
S214004C1029482A4A7343190E1B02181841F100014D
S214004C20002303F0D1FFA0F580730546A36220B9E8
S214004C3066222B21FEF7DEFF01254FF47A726A43C7
S214004C404FF0000A53465008310203F0BDFF1C4BDC
S214004C5019601C4BB7F57A7F4FEA0568894604460B
S214004C6018604FEA152505D276222B215046FEF70E
S214004C70C1FF01264FF47A73A8FB030103FB05115D
S214004C807308C01841F100010023324603F09CFF70
S214004C900D4B023419600D4B49F10009A408186049
S214004CA044EA8974024B013C1C63BDE8F08700BFF0
S214004CB0005008400211010020A1070040420F00EA
S214004CC0701700206C17002068170020641700205B
S214004CD0044B4FF00052C3F880211A60024B0122A9
S214004CE05A60704700E100E00050084038B5020105
S214004CF00A4B01259D500A4A4FF480738340536641
S214004D000446FCF7B5FE074A1378A54023EA0503D8
S214004D101370BDE83840FDF72DBB00BF00510844B6
S214004D2000500840601700202DE9F047154604465D
S214004D3088461E46FCF79CFE022D00F0B88007460B
S214004D40FDF778FB6C4B6D4AD3F8189092F815A0D7
S214004D50DA6D5FFA8AFA520744BFD3F818900AF160
S214004D60010AFDF76BFB664B664A1B6811684FEA43
S214004D708A7CA3FB093213F1004301FB09CCD8F867
S214004D8000304CEB020C012D04BF01336344ACEB46
S214004D90030C08BFC8F80030BCF1804F0AF0030AC5
S214004DA0C0F09880584AD2F800C0584AD2F800E0BE
S214004DB0514A23F04041106B4FF000480022ECFBB4
S214004DC001820EFB012282424FEA937381BF0133B8
S214004DD00130121A03F00303A3EB0A03914588BFC0
S214004DE04549DFF848C184BF096B03F1FF3303F080
S214004DF003030CF80430A2EB0900A3B1F10742BF8D
S214004E00434B41F61F71D966B30742BF404B414939
S214004E10D966710742BF384B00211967330742BF76
S214004E20354B00211965344B04F1100103EB041EC9
S214004E300901CEF80C2111225A5037499A694FF0D1
S214004E40010EA2EB090A0EFA04F8D3F85C900A7871
S214004E505FFA88F848EA020282450A7026D34FF4C1
S214004E608072A24019EA020F20D11CF80400002824
S214004E703FD10DB3F0071A6608D5254B274941F6F2
S214004E801F7240F20110DA66C866DA66B10706D508
S214004E901F4B22491F4A2248DA66C866DA6672073E
S214004EA042BF204B01229A60330719D43846FDF7DB
S214004EB061FA0120BDE8F0871B48240140F804E0B1
S214004EC05A66FCF7D5FD14490B7823EA08030B70E5
S214004ED0FDF750FA3846FDF74DFA0020BDE8F0879A
S214004EE0212000F03FF9044B4FF480325A603846D8
S214004EF0DDE71A663846DAE700500840D01700208B
S214004F0064170020681700206C1700207017002018
S214004F100050084400001F1F60170020005008467D
S214004F2000000101004008400051084474170020AA
S214004F301030034B0001185800F00100704700BF06
S214004F40005008401030044B01F46001000141F0AD
S214004F5003011950704700BF0050084038B5FDF7F0
S214004F6069FA084B084A9D69547DDA6D520748BFB6
S214004F709D69E4B248BF0134FDF760FA284604F0A4
S214004F80030138BD00500840D017002008B5222085
S214004F9000F0E8F8024B4FF480225A6008BD00BFCC
S214004FA000500840064B1B68434303EB8171054BDA
S214004FB01B68A3FB003013F1004341EB0000704771
S214004FC0681700206417002008B5FFF7C7FFBDE884
S214004FD00840FFF7E7BF10B50446FFF7BFFF84425F
S214004FE088BF01F1FF31204601F00301BDE8104003
S214004FF0FFF7D8BF0D4A10B5146820F040430146AD
S2140050004FF000420020E4FB0320094A126802FB2E
S2140050100300084B1B6B98424FEA917104D9013389
S2140050200131C01A01F0030110BD00BF6C1700204B
S214005030701700200050084038B50446FFF7C4FF3C
S2140050400546FFF7C1FF431BA342FAD338BD000055
S2140050503B4B082270B501210546C3F8C8203948E5
S214005060394CFCF7F7FD394B1D702378013B012BBB
S2140050700CD8237CE07B01229A400C21302313FBC2
S214005080001303F1884303F520431A60304B0022D7
S2140050905A677DB92F4A4FF6FF71D16702F1007249
S2140050A0F821D1675D672C4B4FF08042C3F89420FF
S2140050B0002070BD636853B300F07EF9626800EBB1
S2140050C05203B3FBF2F3013B1B0243F0F8032678CE
S2140050D02049224A022E1CD0032E1D484FF6FF758B
S2140050E021D0012E27D143F00203CD67D3670723D3
S2140050F04367237CE07B01229A400C21302313FB7C
S214005100001303F18C4303F520431A6011E0F823E3
S214005110DDE743F001034FF6FF70C867D3670C4B1B
S21400512005225A67E5E743F00503CD67D3670123F9
S21400513043670B4BB8E7CD67D3670023F8E700BF9C
S21400514000400E4600350A007C1700207917002024
S21400515000000840000008440040084400000846DC
S21400516000400846044BD3F89430002BBCBF034BDA
S214005170C3F88000704700BF0040084000000840A9
S2140051804FF0006318B1034AC2F894307047024AE1
S214005190FAE700BF00400846004008440020704779
S2140051A008B5074B1B681A68064B920019684FF043
S2140051B0045004F0A5FABDE8084000F0FBBE00BFAE
S2140051C0941700209817002007B501A8FDF74CF9A2
S2140051D0134B144AC3F8442148F2E672C3F8382148
S2140051E04FF40862C3F834210F4AC3F8A0200F4AD0
S2140051F04AF63F41916002F580424FF0C0719162DD
S2140052000022C3F8FC200A4AC3F89C20094B7F22E0
S2140052105A6203F1007323225A6203B05DF804FB5E
S21400522000400840C0E653517A27000F003008407F
S214005230806D630300300844064B1B783BB1064B79
S214005240064A1A60064B074A1A600020704702207A
S214005250704700BF9017002098170020B89B0000EA
S21400526094170020B49B000008B5FFF7E5FF002068
S21400527008BD000038B51B4B0022C3F88820C3F8D1
S2140052808C20C3F89020184A4FF400715162174AD8
S2140052900121D1605A6812F0706FC2F30365F9D12C
S2140052A04FF00452DA671249124C0122C3F88020EC
S2140052B019662270FFF7D8FF0F4B2570186820B1CB
S2140052C00E4B1868003818BF012040F27E52542159
S2140052D0FEF790FC0A4B1B6898470A4B0122DA60DF
S2140052E038BD00BF004008400000084000400846A7
S2140052F0A01F002190170020981700209417002068
S2140053004000002000400844034BFD22C3F8C8209C
S2140053100122C3F8CC20704700400E4638B5FFF790
S214005320F3FF1B4B1B481C4C1C490222C3F8C82029
S2140053301B4B1A6842B102EA0005A54204BF5D682D
S214005340156008338B42F4D1164B0222C3F8C820EE
S214005350154B164AD3F83C111160154AC3F8942031
S21400536000F0B4FBFFF730FF124B0322C3F8D8203F
S214005370A3F500530122C3F894204FF46072DA605C
S2140053804FF04072C3F8F820C3F8102138BD00BFB4
S21400539000400E460000FFFF00000840B081E00F0E
S2140053A00080E00F00400E4400400840440000200B
S2140053B00048F0000060084608B5FCF761FB044BA7
S2140053C0D3F81031C3F308230133B0FBF3F008BD64
S2140053D000400E4070B5044618B1284D2268531C94
S2140053E000D170BDC2F30063110C35F8130011F044
S2140053F0FE0F93B243EA0043606818D00434CAB282
S214005400022A216808D9D4E90160033AC3E90016E4
S21400541098600C340C33F3E704D16268C3E90012D9
S2140054200834DBE7012AD9D104341960D6E7120F15
S214005430072AF5D8DFE802F00704090D1013181D37
S214005440C04303F180631860EAE71A6842401A60B6
S214005450E6E703F1C063F6E7FFF7EEFDE0E70122BB
S214005460824003F1C063F2E70122824003F18063C9
S214005470EDE71A6830EA0202FBD1D1E7929B000002
S214005480024B0122C3F89420704700BF0040084634
S214005490024B0122C3F89420704700BF0040084426
S2140054A0024B4022C3F89420704700BF00400844D7
S2140054B0024B4022C3F89420704700BF00400846C5
S2140054C008B50C4B1B68D3F8943023B11A68022A2F
S2140054D001D9186A08BDFFF76FFF074B1B6D024620
S2140054E098B20028F6D0C3F30743D2085343B3FB61
S2140054F0F0F0EFE76013002000600840064B5B68A2
S214005500C3F30363984206D1044A536B23F0F003B7
S21400551043EA01115163704700400840001F002114
S21400552010B50446FFF7CCFF104AD2F830311B0402
S2140055300F4B1B6C03F4C05348BF4008B3F5805FA5
S2140055400ABF136BC4F30113C3F34163022B05D0E8
S214005550032B09D0012B00D1400810BDC4F3C4248E
S2140055600134B0FBF4F0F8E78008F6E70060084086
S2140055700000084000F03003202B10B513D110F4C3
S214005580E02FC0F302440AD010F4C01FC0F3C423B7
S214005590B3FBF4F418BF6400052C0ED86408FFF7BC
S2140055A0BFFF604310BDC0F382136FF012041C41AE
S2140055B004F00104C4F10204F1E70424EFE700005C
S2140055C02DE9F0470E46FFF7FFFCDFF8B090DFF856
S2140055D0B0A080460025FCF74BFAD9F80430C3F398
S2140055E00363012B07460BD1711C1AD0FFF7ECFCA6
S2140055F0A0EB08053846FCF7BDFEAE42EBD80DE042
S214005600052BF1D00B2BEFD0023B012B0CD901362A
S21400561002D0FFF7D9FC3846FCF7ACFE1648BDE8CA
S214005620F087FCF7A7FED6E7DAF808301A04C3F3CB
S21400563089140FD4013602D0FFF7C6FC3846FCF7B3
S21400564099FE24B2A4F1C8006FF4FF739842B8BF65
S2140056501846E4E7731C03D0FFF7B6FCA0EB08057A
S2140056606FEA84546FEA94543846FCF783FE14F5C8
S214005670007FC2D0E6E700BF00FEFFFF0040084004
S21400568000700840024B012218619A60704700BF04
S21400569000200840084910B5D1F8703140B11C46CA
S2140056A04A68D1F870319C42F9D1C2F303620270A5
S2140056B003F00F0010BD00BF00400840094BD3F8B0
S2140056C0883001F0800103F480030B4309D1064BB8
S2140056D04FF400129A61837F1BB1044B0122C3F87A
S2140056E0F820704700400840006008440060084604
S2140056F010B5FCF7BDF9084B1B6804463BB198474C
S21400570028B1002200204FF4806100F07FFD204683
S214005710BDE81040FCF72EBE9C1700202DE9F04196
S2140057201F4CDFF89080069F0646A2FB03502C19FC
S21400573060F1000E9C46A0454FF0000373EB0E0E82
S21400574007D24FF4B4720E211846FEF753FA022021
S2140057501BE00029FBD0C6F3130601EB5C04B4FB88
S214005760FCF4A4FB0646E40C44EA46340D4E3460D2
S2140057700D4C22600D4A914209D10D4AA5FB0253F9
S21400578002FB00339B093B600020BDE8F081C404A7
S2140057900A46E80444EA553103F016FA3860F3E79F
S2140057A000C9E876A4170020A817002000F04902D8
S2140057B00A3BB2DF0046C32338B5164D2B780C469D
S2140057C023B9154B1B6D03F03F032B70134BD3F817
S2140057D094305B051CD5124BB0FBF3F040F24D53F2
S2140057E04343A3F546430C3B584300F5C91000F568
S2140057F0556028B940F21B322B21FEF7FBF9012039
S2140058002B78084A5343B3FBF0F30020236038BDDF
S2140058100220FCE7A31700200030084000400840A4
S21400582000366E018096980070B5374C374B256B66
S214005830374C1B682468ED024CBF1B191B1BB3F1C9
S214005840804F04D8002B3AD1324E1C460AE0B3FAF9
S21400585083F4314EC4F10204E340304DAB4201D92B
S21400586001345B0803EB5605B5FBF6F52C4EB34248
S21400587034BF002601262403013D44EA86242C4337
S2140058800C60D8B1B3FBF0F1642400FB1133634322
S214005890984288BF01F1FF314808013801390728CE
S2140058A0204D214C4FEA510311D9002129700621C1
S2140058B0C4F894101B0243EA0013136070BDB3FAD9
S2140058C083F4D4F10204134EC6D50024C5E710298C
S2140058D0EBD068B1012129700621C4F89410134951
S2140058E009780029E6D012490224C1F89440E1E77D
S2140058F0012914BF0121002129704FF00601C4F8C8
S2140059009410ECD1D6E700BF00300840A81700205E
S214005910A4170020E0673500C0CF6A003FBE4025D0
S214005920401B5F13A017002000400844A11700206A
S21400593000400846084B5B6B03F00700C3F3C20247
S21400594013F0380F18BF5043C3F3821213F4E07FEE
S21400595018BF5043704700BF0030084010B50446DB
S21400596051B10B6843B15B6833B11A68032A03D997
S2140059709C6A640E204610BDFCF77AF80146204665
S214005980FFF7D8FF04460846FCF7F4FCF2E70000F1
S214005990034BD3F8380180F01000C0F300107047B6
S2140059A000400840174B4FF4002210B5C3F894206F
S2140059B0154C164BB0F1804F88BF1C46144BDA6C62
S2140059C0D2071DD51B6F134A04F5F42404F5907412
S2140059D0B4FBF2F4033CE4B203F00703A34202D0A4
S2140059E02046FCF72DFD0C4B1B784BB10B4B4FF4B0
S2140059F07022C3F8942003F100732404C3F8944083
S214005A0010BD00BF00400846E0673500C0CF6A0002
S214005A1000300E4040420F00A2170020004008440D
S214005A207FB50446FCF728F81C4B06462C3358680E
S214005A300093A37922683146FFF770FE054648BBFF
S214005A40A379012B14BF164916491022C1F8382134
S214005A50206815495843FFF7AFFE03AA02A930464F
S214005A60FFF7E2FE0F4A43F6FF53C2F8A4300C4B92
S214005A700299C3F8A4104FF4EE611163039A1A63F7
S214005A802068FFF78FFF094BA2881A6203F5405380
S214005A9000229A63284604B070BD00BF003008405C
S214005AA000400846004008445030084000000840C7
S214005AB008B5044B01221A70034B1868FFF772FFF3
S214005AC0002008BDA2170020A8170020024B4FF4A4
S214005AD08062C3F894207047004008460D4BD3F808
S214005AE00421D3F8B030D2B2FF2A03D043F30743E1
S214005AF0591C01D190221923074903EBD37302EBFB
S214005B006302022381F84230232381F8432081F880
S214005B10413070470081E00F001F002140B103684C
S214005B20012B05D90069034B002808BF18467047AB
S214005B3000487047989B0000064BD86DDB69C0F3A1
S214005B40011203F01F03000C02FB0000013318448F
S214005B50704700BF0060084070B504461F480D46F9
S214005B60FFF748FA1E4BD3F8306116F400464FEAAA
S214005B70C01015D000F574431A4C1B4A2433B3FBEF
S214005B80F2F32B60194B00EB5400B0FBF4F06860A6
S214005B905B68D9020AD5002406B10334AC6070BD38
S214005BA0002CEFD1114B5B68D802F7D4104B0F498D
S214005BB01B68D1F8A820C3F3810312F4806403F1B4
S214005BC0010309D1D2B2FF2AE6D0D1F8AC205205A3
S214005BD048BF04EBC304DFE7DC00F3E740420F00F6
S214005BE00060084020A1070048E8010000000840C7
S214005BF000200840084B1A68C117A2FB000310F1EA
S214005C00807002FB013343F10003400E40EAC310EC
S214005C10803820EAE0707047B0170020174B072244
S214005C2070B5C3F88420FFF7C7FB154B154A164E10
S214005C30C408010B0546E005C01841F10001002329
S214005C4002F0C2FF114B18604EF66020FFF7D2FF3D
S214005C504042C6F89C000E48FFF7CCF9024658B101
S214005C60E301500818184FEA15714FF0000341F190
S214005C70000102F0A9FF706770BD00BF0040084039
S214005C80B2E60E0065CD1D00001F0021B0170020F3
S214005C9040420F0038B14FF47A735843A0F6AC5028
S214005CA0401AFFF7A7BF4CF25030FAE72DE9F0474D
S214005CB0064608469846FFF731FF15460746002E6B
S214005CC000F0B08018F0050F63D03469002C00F0A7
S214005CD0AB80FEF757FD4FF47A735C43201A7B685F
S214005CE0A0F6AC50C01AFFF785FFB48B6862002C94
S214005CF000F09D80FEF746FD4FF47A735C43201A51
S214005D007B68A0F6AC50C01AFFF774FFA861614B21
S214005D10F468D3F80090DFF88CA1002C00F0B08077
S214005D20FEF730FD4FF47A735C43241A7B68A4F6C2
S214005D30AC54E41A99F81130053B012B7AD8DAF8FE
S214005D400020A4F53E44EB3CE117A4FB023402FB22
S214005D50014413F1807144F10000490E41EAC0117C
S214005D608039E9614C49A2FB01219B1A64EB0104CE
S214005D7013F1807344F100045B0E43EAC413803BC6
S214005D802B62B469FEF7FEFC01462046FFF782FF51
S214005D90286318F0020F29D073684FF47A705843BE
S214005DA05BB13B6803F51C5310331844B37F002BDC
S214005DB046F2A81308BF00231844FFF71BFF7369B9
S214005DC0E862002B5FD078684FF47A7202FB03001B
S214005DD0B37FA0F50350002BA0F1100046F2A813E5
S214005DE008BF0023C01AFFF705FFA86218F0040FCB
S214005DF018D0B068002849D04FF47A735843A0F5FD
S214005E0003501038FFF7F6FE286133684FF47A70B7
S214005E10584323B13B6803F51C5310331844FFF76F
S214005E20E9FE6861BDE8F0874CF250305BE74CF263
S214005E30503069E73B68E41ADAF80020E117A2FB65
S214005E40044314F1807402FB013343F10003640E33
S214005E5044EAC314803C114BEC61114CD3F88430F7
S214005E602B622368002B8CD0484602F04BFD00289E
S214005E7087D02368D9F848002A463946984780E7ED
S214005E804CF25034D8E747F23050ACE747F2305087
S214005E90B8E700BF60130020101B0200001F00219F
S214005EA0AC170020B017002010B5044611B38B794C
S214005EB003B3052B0FD0062B0FD0032B01D10223E3
S214005EC08B718B79013B062B0CD8DFE803F00D08AD
S214005ED0080D0D2121000423F2E70723F0E7FFF762
S214005EE02BFE44B900238B7100208B7913B10B680D
S214005EF003440B6010BDB0F5803FF3D863094FF242
S214005F00244202FB00302409B0FBF4F04042ECE7E8
S214005F108A88002CE6D0B2F5005FE3D80348630910
S214005F2000FB02332409B3FBF4F0DEE720A10700F0
S214005F30E0B5074608461E461546FFF74CF87B7C3C
S214005F40053B012B06440DD80C4B4BF6EB61002DA0
S214005F5018BF19464FF4FA720A44094892FBF0F04B
S214005F603044E0BD074B084AD3F8F800FFF7D6FDEB
S214005F7001680029A8BF4FF4FA72EDE7FBD90200CA
S214005F8018FCFFFF001F00210CFEFFFF074BD3F895
S214005F90D8304FF604014FF605029BB28B4208BF7D
S214005FA01346034A01209365704700BF0081E00F47
S214005FB00050084070B5194C0FCC86B001AD0FC527
S214005FC0CC22236816482B60002103F0A7FB84220E
S214005FD00021144803F0A2FB134B144AC3F8F02028
S214005FE0FFF77CFD124B1B782BB101AD0FCD0B4E8E
S214005FF00FC62B6823600F4B0F4AC3F8DC2F0F4ADF
S214006000C3F8E02F0E4AC3F8E42F02F1957202F2AD
S2140060104952C3F8E82F06B070BD00BFC81F002164
S214006020341F0021B01E0021001F00213F00370052
S21400603058170020001000210200620609C8056EED
S2140060400704DC060A4B197801F0FF0229B100218B
S214006050197008499202C1F8A020597801F0FF0291
S21400606029B1002159709302024AC2F8A430704741
S214006070B817002000000846074BD3F8E00E074B81
S214006080D3F88C301A0103D4054B1B6E1B0401D5C4
S21400609000F58070704700BF0010002100400840E7
S2140060A00000084008B5FBF7E3FC0F4B1A78B2B9BE
S2140060B00E4A126812F4843F11D10D4A1021C2F81C
S2140060C094101B786BB9094B1B68DB0509D4084B89
S2140060D02022C3F89420BDE80840FCF74BB9054AD7
S2140060E0ECE7044BF4E700BFBC170020C8170020FD
S2140060F0004008440040084610B5FBF7B9FC0E21E6
S21400610004460320FFF7FAF9044B40F2012220462A
S2140061105A62BDE81040FCF72DB900BF00000840E9
S214006120044B00221A70044B197811B11A70FFF74D
S214006130B9BF7047BB170020BC17002008B5FBF797
S21400614097FC234B4FF08052C3F88020BFF34F8F4D
S214006150BFF36F8F4FF48072C3F88020BFF34F8F6A
S214006160BFF36F8F0222C3F88020BFF34F8FBFF3B9
S2140061706F8F1022C3F88020BFF34F8FBFF36F8F4F
S2140061802022C3F88020BFF34F8FBFF36F8F4FF0EE
S2140061900052C3F88020BFF34F8FBFF36F8F80226B
S2140061A0C3F88020BFF34F8FBFF36F8F4022C3F832
S2140061B08020BFF34F8FBFF36F8F0122C3F8842078
S2140061C0BFF34F8FBFF36F8FBDE80840FCF7D2B820
S2140061D000E100E008B5FBF74BFC0B4B4FF080529C
S2140061E01A604FF480721A6010221A6020221A6019
S2140061F04FF000521A6080221A6040221A60BDE8F2
S2140062000840FCF7B7B800BF00E100E070B5084CE6
S21400621001232370074B1E68074BD3E90053324017
S2140062201940284001F016FA0023237070BD00BF05
S214006230BA170020C0170020C81700202DE9F04725
S214006240DDF820A003EA0108099B06460D4602EA8F
S214006250000703EA0A09BAF1000F40F04D81031F58
S2140062600B4300F01381052871F1000380F0E780EE
S21400627050EA010300F06081431E0B4300F02181C9
S214006280FFF75CFFAD4AD2E9004323EA050324EAA0
S21400629006043C4343EA0807A94BDFF8F8821E6869
S2140062A026EA0A0646EA09061E60C2E90047FFF724
S2140062B0F9FEA44814F02A4FC26E14BF48F2020337
S2140062C04FF40043B50748BF43F400539E4D83EA9E
S2140062D0020122EA0302EA669C4A81660B40D36604
S2140062E0C4F380421203200348BF42F48072E106E2
S2140062F048BF42F40052A30648BF42F40072650647
S21400630048BF42F4806220069148924DD0F80C3285
S21400631048BF42F4006282EA030123EA0203C5F89A
S2140063200C328D4BC0F80812C7F340250A40AD0466
S214006330E10448BF45F48035C3F80C22A20348BFE9
S21400634045F48015A30748BF45F4800514F4001FE4
S21400635006D0D8F8000002F009FC08B945F400257C
S214006360E00248BF45F40035F9067C497C4848BF42
S21400637045F40005620248BF45F400150A6A730733
S21400638048BF45F0040585EA020323F001031A40DE
S21400639002621D40CB61734B73481D62734B744A97
S2140063A016F0010F18BF1A46836E7D0748BF42F4E9
S2140063B00012704D82EA030123EA0203AB666E4BBD
S2140063C041660A4000F500509A66C16B04F001036E
S2140063D005F5005581EA030221EA0301E9638263B9
S2140063E01A40664BDA63D8F80020200248BF644B98
S2140063F092F8E92058BF634B610748BF43F48063B7
S21400640022B114F4C06F18BF43F480735E485F4C2B
S214006410D0F8EC10320748BF43F0004383EA01028D
S21400642022F4A0221140C4F8EC101340C0F8E82073
S214006430574ABDE8F047C2F8EC30FFF7CBBEA0F5F0
S21400644080630B4306D020F48063A3F500730B43F0
S2140064507FF416AFFBF70CFB3849D1E9003223EA8C
S214006460060322EA050242EA08023B43C1E900327B
S214006470484A126892F8E9200AB313F4C06F1ED097
S214006480434B4FF48072C3F8EC2014E0FBF7F0FAAD
S2140064902A4AD2E9003123F004033B4341EA0801CB
S2140064A057EA0807C2E9003114BF394A374A4FF4A1
S2140064B08063C2F8EC30BDE8F047FBF75BBF334BB8
S2140064C0DFE7FBF7D5FA1D4AD2E9003123F00103D6
S2140064D03B4341EA0801C2E900312F4A57EA080760
S2140064E04FF0010315BF93632C4902F1C062CB63E2
S2140064F014BFD3639363DEE750EA01037FF4C0AEB4
S214006500BAF1010F7FF4BCAEFBF7B2FA0C4A13687F
S21400651023F0010343EA09031360134A4FF4806330
S214006520B9F1000F04D0536602F1C0629366C2E769
S21400653010498B665366BEE7BDE8F087C817002093
S214006540C01700200000084000000844000008466D
S21400655000600840006008440060084600400840AC
S214006560004008440040084600500840041C500004
S21400657004185000005008440050084600700846B2
S2140065800D0A0A09090A0A09001008400010084402
S2140065900010084660130020007008400070084491
S2140065A0024B5868C0F3C000704700BFC8170020F1
S2140065B0024B186800F00100704700BFC8170020A3
S2140065C0024B5868C0F3C030704700BFC8170020A1
S2140065D010B50446FEF7A2FEFFF7B0FD04F14C002E
S2140065E0FDF7D6FCFEF746FEFEF704FBFEF770FB53
S2140065F0FFF714FB1049114AD1F8F810072304F1ED
S214006600A400FFF753FB4FF440010020FEF79AFC6E
S2140066104FF400110120FEF795FCFFF7B7FC20B9F8
S21400662040F2E7221421FDF7E5FAFFF741FABDE84C
S21400663010400120FEF70CBD001F0021681F00213E
S214006640084B8022C3F8882003F17E430822C3F853
S2140066508820054AD2F8B03E23F02003C2F8B03EA8
S214006660704700BF0040084600100021F0B583B018
S2140066700646144602F0E6F8002800F09B80514BD0
S214006680DD6815F0060540F09580FBF7F1F92379F3
S2140066900095022B07463ED1237B022B35D00320E4
S2140066A0FEF746FC18B9484B5B685B047FD5A37BB6
S2140066B0257B4649A2680192003B18BF0123012DA5
S2140066C00B705DD0424A434C002313702278002A98
S2140066D061D13C4E0420FEF709FBF36E23F0F8531D
S2140066E023F4F81343F0506343F48033F3662A46EA
S2140066F0022301A90420FEF717FB002852D0364BD0
S214006700012130222170C3F894203846FBF732FE70
S214006710002003B0F0BD0320FEF70AFC002846D197
S2140067202279D6F8AC30012A226838D0D51A254B03
S2140067302A4A0095DA6600221A67627B284B002AEE
S2140067400CBF012200221A70264B264AD3F8B03E10
S2140067500CBF43F0200323F02003C2F8B03E032012
S214006760FEF7C4FA174B204ADA66227901236946F7
S2140067700320FEF7D9FAF8B11C4B01221A708BE7FA
S2140067802379022B9ED0009BD6F8AC100B44134402
S2140067900025019396E72370FFF784FC99E79A4259
S2140067A0C5D3C3E70320FEF7A1FA0C4BF3663846C1
S2140067B0FBF7E0FD0320ACE73846FBF7DBFD0120E6
S2140067C0A7E700BF0050084000400840BE17002062
S2140067D0BB170020BC17002000400846000001013F
S2140067E0BD17002000100021010C0100BF1700207B
S2140067F02DE9F3410D460746FBF73AF91B4BDFF848
S214006800788000241C70FFF71BFF194BC8F86C300B
S214006810C8F8704006466879431E5842584101F051
S214006820EDFC40F60143C8F870302A792968D7F89D
S214006830B430012A01D1994200D3CC1A04230DEBBF
S214006840030103200194FEF76FFA50B9094B882222
S2140068503046C3F88820FBF78DFD012002B0BDE866
S214006860F0813046FBF786FD0020F7E7BF170020D3
S214006870000001010040084400500840F8B5194CDB
S21400688005462078B0FA80F040F206423E214009E4
S214006890FDF7B0F955B96078B0FA80F0BDE8F84079
S2140068A040F206423E214009FDF7A4B90E4F0F4DB7
S2140068B0D7F8A0304FF44066C3F381232370C5F8A1
S2140068C0A0606078B0FA80F040F206423E214009AF
S2140068D0FDF790F9D7F8A430C3F381236370C5F8A9
S2140068E0A460F8BDB8170020000008400000084467
S2140068F0F8B50B4C0B4DD4F888300B4F0423C5F875
S2140069008830D4F888305B0300D4F8BD0426C7F876
S21400691088600220FEF790FBC5F88860F1E700BFAC
S2140069200040084000400846004008441C4B70B534
S214006930D3F888601B4D03F18063A822C3F8882033
S21400694010221A60184A194B93666B66FFF77AFB9B
S214006950174B1B7813B90320FEF7C8F900242C67E1
S214006960FFF7C6FF134A144BD2F8E01E0B40C2F8DE
S214006970E03E124B0422C3F88820114BB206C3F83F
S214006980B84008D503F580735B6CB3F5817F22BFF2
S214006990034B80229A60BDE8704001F0B7BD00BF8F
S2140069A00040084000500840005008441000000214
S2140069B0BF17002000100021DF0000FF0040084441
S2140069C0001E002110B528B971B9174B4FF4C062EC
S2140069D05A6210BD41B9154A53681B0E13F00E0FCC
S2140069E0F3D113689A06F0D4FFF786FB0F4C00200D
S2140069F0FEF750FE032801D0092806D1D4F88C30C3
S214006A00DB03F4D4636F0C2BF1D9FFF771FF084B4F
S214006A104FF400725A62074B0122DA6003F17E439C
S214006A200422C3F88820D0E70060084400400840ED
S214006A30000008400040084608B503210920FEF77C
S214006A405DFD024B20229A6008BD00BF0040084052
S214006A5038B50546FBF70CF80446FDF755FA35B190
S214006A60FFF75EFB2046BDE83840FBF783BC084BCB
S214006A701B78002BF6D0074B1D78002DF2D1FFF7C0
S214006A804FFB2A464FF480400021FFF7BFFBE9E7A3
S214006A90BB170020BA1700202DE9F84F534B0546C8
S214006AA0D3F888300E461446002A40F09C8013F037
S214006AB0A00F14BF4FF001094FF00009DFF848811E
S214006AC04B4F01F023FDA023C8F888300320FEF7C3
S214006AD00DF90420FEF70AF94FF0000AFFF720FB35
S214006AE0444BFB66C7F870A0FFF702FF424BD3F893
S214006AF0B02E42F02002C3F8B02EFF22C8F80020C5
S214006B003A4A4FF480719160D3F8E02E3B494FF03B
S214006B10040B1140C3F8E01EC8F888B0C3F8B8AE3E
S214006B20FB6813F0060F04D0FEF730FA5846FEF75F
S214006B30DDF8B9F1000F08D0314B4FF40062C3F80E
S214006B408820304B4FF400425A6665B12D4B5B6C83
S214006B50190701D4FFF7D0FAFFF76EFF0420FEF7FF
S214006B60C5F8FFF76FFA214BDA68D20736D55A68B0
S214006B7012F0706FFBD1244D244B254AC5F888309F
S214006B80536B23F0F003536316B12046FFF760FF04
S214006B900123EB6014B31B4BDA6E9A66134A136A32
S214006BA023F00103D3611B4BD3F80C22C3F8082251
S214006BB0A3F54053DA6F9A67A3F50053D3F8EC2099
S214006BC0C3F8E82003F5C043DA6B9A63A3F50053D5
S214006BD0114A5A664FF60843C5F88830BDE8F84FA4
S214006BE0002001F093BE4FF0000967E70040084020
S214006BF0005008400000010100100021DF0000FFE7
S214006C0000400846000008400040084410003000DD
S214006C10001F0021006008405000F0029A4B196ED9
S214006C20DA6E2DE9F04F01EA0209C3F8689003F521
S214006C30805385B0D3F8E060D3F8EC201640C3F854
S214006C40E86003F5A043D3F80012D3F80C2201EA5B
S214006C50020AC3F808A2A3F5005359691A6A01EAA2
S214006C6002088A4A08EA0202DA61894BD3F800224F
S214006C70910006D4D3F800319A00C3F3407740F170
S214006C80E180FAF7F5FE834BDA68DF6D12F0060F47
S214006C909A6E07EA020727F4800222F4006214BF05
S214006CA04FF0010B4FF0000B5A667B0704D57A4A6B
S214006CB0537D0133DBB25375FBF75CFBB9F1000F74
S214006CC000F0DF8019F4004427D0FAF7D1FE014621
S214006CD0FFF7D2F96F4D0446AA69AB699A42FCD019
S214006CE0AA699342FCD0FFF7C7F9A04240F0AC80F7
S214006CF00846FBF73FFB694B1C60694BD3F888508E
S214006D0015F4E05240F0A28024F07F4424F0DF0423
S214006D100CB9FFF70BFE4FF0807419F0020F4FF01E
S214006D20000516D05E4B5F49D3F8883003F4604206
S214006D30C1F88820002A00F09E801D0400F19E8085
S214006D4013F4005F0CBF4FF000534FF000631C437A
S214006D500025C9F340394FEA4909534B3340002B0D
S214006D604AD016F4206F0AD040F60502062100200D
S214006D70FCF740FF0020FFF76BFE26F48026F005A8
S214006D8006D5484BFF221A6044F4C064FFF7B4F9F6
S214006D9016F0090F0AD040F61A0208210020FCF768
S214006DA029FFFFF749FE414B01229A6216F0106F49
S214006DB00CD040F6230209210020FCF71BFFFFF74A
S214006DC03BFE002211461046FDF776F816F4202FFB
S214006DD00AD040F62B0207210020FCF70BFF00200C
S214006DE0FFF736FE26F48026F10301D5FDF7B4F949
S214006DF0002EB8BF49F0080972070DD52B4B5B6A09
S214006E0013F4005F14BF2A4A2A4A4FF400531ABFED
S214006E10536244F400045362730548BF44F004040C
S214006E2016F4802600F0AA80FDF760F901380628DF
S214006E3042D8DFE810F02E0131012E01340137016F
S214006E403A013A01BB4639E7044645E70192FFF7A7
S214006E506DFD144B019AC3F8882015F4805307D1B2
S214006E6015F4806F0CBF4FF080544FF0806454E7E9
S214006E704FF0804451E74FF0007368E74FF000434F
S214006E8065E74C464D4668E7000008400000F7FFFF
S214006E9000E100E000500840D0170020B4170020A2
S214006EA00040084000400844090B0B8900100840C9
S214006EB0001008440010084640F65C02032100203B
S214006EC0FCF798FE844A136ED2F8800003F007039E
S214006ED00633012101FA03F3C0F30C001B1A9BB220
S214006EE0072B13D97D4BD3F8883058020ED47C4834
S214006EF0136B126DC06C58B103F00703063399404C
S214006F00C2F30C03C91A89B2072901D844F40074E5
S214006F10744B1B78002B31D06F4BD3F8E03013F452
S214006F20A02F2BD1704B714A1B7893B9F90410D45B
S214006F30137873B1E3086E4943EA457383F001039F
S214006F40D1F8E01E03F001035B0021FA03F39B0770
S214006F5014D10420FDF7CAFE664B6749D966FFF7D1
S214006F60DFF8624A13782BB9644B654A1B682340E6
S214006F70134201D144F4804427F48057BAF1000F3D
S214006F801DD01AF4805F18BF44F480241AF4807F62
S214006F9018BF44F400241AF4005F18BF44F010042D
S214006FA01AF4007F18BF44F020041AF4806F18BF4C
S214006FB044F040041AF4006F18BF44F08004B8F19F
S214006FC0000F48D018F4802F18BF45F4007518F449
S214006FD0803F18BF44F4805418F4801F18BF44F450
S214006FE0003418F4800F18BF44F0020418F4003F71
S214006FF009D03A4BD3F88830580059D5414B1B6816
S214007000984704430D4318F4000F18BF45F01005C9
S21400701018F4002F1AD0364BD3F8B03E13F0C00F3A
S21400702014D02E4B5A68C2F30362032A01D0072AF3
S21400703007D1D3F88C20D10603D4D3F890201207BA
S21400704039D54FF40022DA6128F4002818F4001F1E
S21400705018BF44F48004002F00F01381380540F177
S2140070608680294ADFF88CA0D378002B52D0013BCB
S2140070704FF40061DBB2CAF86410D37033B9234B07
S2140070801B78DBB1224B40F60142DA660023002271
S2140070906BE044F4803415E744F4006412E744F4EB
S2140070A080640FE744F480740CE744F0080409E7B2
S2140070B044F48014A7E744F40014C7E7DAF8703005
S2140070C013F4A05F15BF4FF4807340F60143CAF86F
S2140070D05030CAF87030D9E7001008400040084029
S2140070E000000840BC170020BB170020BD1700207A
S2140070F0001000210050084000000101C8170020C1
S214007100088D01006000002074170020BF170020C3
S214007110005008460320FDF7E9FDDAF80C30AD48CC
S214007120AD4913F0060F02BFAC4B41F61F72DA668C
S2140071304FF40063CAF86430DAF80C3013F0060334
S21400714008BFCAF87030C38A13F4006261D023F413
S2140071500063C3820B7803F0FF0A002B5DD1FDF7B6
S21400716015FFFFF7E3FB534620221C431543B901E6
S2140071700BD52E20FDF7F6FF984A4FF00073936666
S21400718002F17C4245F008055366FA0608D52B2026
S214007190FDF7E8FF914A1023936602F17C4253669E
S2140071A017F4E00F05D1FB045FD5BBF1000F00F02C
S2140071B0B780B80210D52920FDF7D4FFFFF7F0F905
S2140071C040B18749874A884B53668B66874949682A
S2140071D0490425D445F0040517F4800BDFF804A213
S2140071E02AD00420FDF782FD2720FDF7BBFFFFF71E
S2140071F09DFB4FF48003CAF864307D4BD3F8E02E35
S214007200520600F186807B4B02221A6045F002058A
S21400721028E00B784FF40053A7E74FF4004336E717
S2140072206E4920208B665366FDF79CFF2D2045F0A7
S2140072300C05FDF797FFCFE7F80255D50420FDF7BC
S21400724055FD2820FDF78EFFDAF87030002B48D168
S214007250FFF76CFB614A644B936602F17C4245F093
S214007260010553665F4B00221A657A0509D5624A06
S2140072709378002B00F0A280013B9370002349EA2C
S21400728003095B4BD3F8B03E1B0603D520462946C0
S21400729001F044FB4A4620462946FEF7B7FF0EB1EA
S2140072A0FCF74CFF18F4002F00F08D804F4B4FF486
S2140072B00022DA6118F0206F00F0898018F0007F55
S2140072C001D0FDF731FA18F0006F01D0FDF748FA4B
S2140072D0002200204FF4006105B0BDE8F04FFEF735
S2140072E095BFCAF870B0B5E7F904BBD50420FDF722
S2140072F0FDFC424BCAF86C30FDF748FEDAF85C300D
S21400730013F4A00FAED12A20FDF72CFFFFF70EFBDB
S21400731073E7D3F8B03E98063FF578AF384B73E77F
S214007320354A13794BB1013BDBB2137113B92C4BC1
S214007330344ADA6600231C4397E70420FDF7D6FCA0
S2140073400320FDF7D3FC274B2C4ADA66FAF790FBAE
S21400735082460DF10F00FEF79DF92B4B1B788346F6
S2140073600BB1FEF7C9FEBBF1030F0ED1DFF87CB000
S2140073700020FEF78FF9032807D1DBF88C30D903FD
S214007380F6D4DBF874300C2BF2D99DF80F30032BB3
S21400739006D11E4B012250461A70FAF7EBFFC9E7DA
S2140073A01B4BD3F8E03013F4A02FF2D1FEF7B8FE53
S2140073B05046FAF7DFFF4FF48043BCE70220FDF7A4
S2140073C095FC01235BE7B8F1000F7FF473AF05B0BF
S2140073D0BDE8F08FD0170020BF17002000500844EB
S2140073E000500846005008401000000200400840C8
S2140073F0001000210040084474170020000001011E
S214007400004008460000010DBE170020BB170020F4
S21400741000100840FFF702BCFFF700BCFFF7FEBBFA
S214007420FFF7FCBB0B4B10B55C691A6A1440A2B29E
S214007430DA61E20704D55868C0F30360FAF78FFBF9
S214007440630706D5BDE81040042200200021FEF7A1
S214007450DDBE10BD00400840FFF7E0BB0C4A08B593
S214007460136BD16B0B409363DB070FD5094B187872
S2140074704FF42A62122100F00100FCF7BBFBBDE8C6
S2140074800840002201200021FEF7C0BE08BD00BF54
S21400749000700840C8170020044BDA6FD207FCD4EF
S2140074A01A6FD96F0A409A67704700BF00300840CD
S2140074B070B50D461446FAF7DBFA064BD3F8B06EF5
S2140074C074402C407440C3F8B04EFAF753FF06EAF7
S2140074D0050070BD00100021034BD3F8B03E994361
S2140074E00CBF012000207047001000217047436B3E
S2140074F003F06003402B0DD0602B03D0203B584296
S2140075005841704749B10B68012B06D9486940F0CD
S2140075100100704740F201107047002070470000DD
S21400752009490A4AD1F8EC0010B504230124C2F830
S214007530EC308C624FF400515162410744BF02F1B7
S2140075400072C2F8EC3010BD00100840001008446D
S21400755037B5204D0C4641B90A460721FFF7A8FF6C
S2140075601D4BEC625C6003B030BD07221146FFF78E
S2140075709FFF1A4B07225A60237985F82C306379CF
S2140075800193012101A801F00DFB019BC2B2D3407B
S21400759000F00F0040EA031085F82D00A27985F868
S2140075A02E20E27985F82F202068286383B1028890
S2140075B001218B4205D82379013B1344084A936185
S2140075C0D1E730F81150AA4228BF2A460131F0E729
S2140075D01A46F0E7001F00212C1F00210000084477
S2140075E000000840431C07D0044B6FF0FF029A616E
S2140075F003F1007310409861704700BF00700844A4
S214007600034670B10268022A0BD9426A12F47F4F11
S214007610C2F3072006D01B6AD2B25A43B2FBF0F080
S214007620704700207047000000F01803182B0AD09F
S21400763003070AD410F0100040F2011318BF1846D2
S214007640034B986470470020FAE70120F8E700BF74
S214007650001F0021344B2DE9F7431E6801F4007922
S21400766000F00103174653EA090205460C462ED0E1
S2140076704FF0000803B30023002201200021CDE9CB
S2140076800088FEF7DBFD41463046FDF799FF414690
S21400769070830120FCF72CF8716B06F1A400FEF74E
S2140076A00DF822490868FFF79DFF4FF0FF330B6087
S2140076B0337C43F004033374B9F1000F07D0012183
S2140076C03046FCF749FA24F4007405430C43D6E927
S2140076D03E232A40234052EA030103D01449304691
S2140076E009688847FB070FD51249134A08681368CC
S2140076F000211160114A0121117003B19847104B07
S21400770000215B680220984717F00E0F08D040F261
S214007710F3123B21002003B0BDE8F043FCF76ABA41
S21400772003B0BDE8F08300BF6013002058000020BF
S2140077305C000020F8170020FC170020001800202E
S21400774028000020F7B50446D4E93EC71046DDE918
S21400775008268CEA020587EA06010540194085EAF4
S2140077600C057940C4E93E5123F4004106EA0103C2
S21400777020F00100002543F40073024043F00203AA
S214007780CDE90055FEF75AFD237C9A0717D5D4F8A5
S214007790FC309B0513D54FF488112046FCF7DCF926
S2140077A0237C65F341032374D4E93E2302400B4057
S2140077B052EA030103D0034920460968884700209F
S2140077C003B0F0BD5C00002038B10368044A002B0B
S2140077D008BF1346034A13607047014BFAE700BF21
S2140077E0ED7400005C000020024B586B00F00F00A8
S2140077F0704700BF001F00210F2938B505460C460C
S2140078000ED801F027F801280CD1074A536B23F055
S2140078100F0323435363284601F088F8002038BD41
S2140078200120FCE70220FAE7001F0021014B986BBD
S214007830704700BF001F0021014B0020996370476E
S214007840001F002103282DE9F7434CD8274B13F8D7
S2140078500080274B1E5C274B13F80090FAF708F9B8
S2140078600746FEF7A5FE054640B10023CDE90033E6
S2140078700022002301200021FEF7E0FCFEF7A0FE18
S21400788048B10023CDE900330022002300204FF446
S2140078900041FEF7D3FC26B3174B5C6C04F00804DB
S2140078A0164B31465C644046FFF78CF84A46314634
S2140078B04046FFF7F1F8124B5C6465B1114B18684F
S2140078C0416BA430FDF7FAFE0F490868FFF78AFE01
S2140078D04FF0FF330B60384603B0BDE8F043FAF7CD
S2140078E049BD3446DCE703B0BDE8F083A89B000042
S2140078F0A49B0000A09B0000000008400000084475
S214007900000008466013002058000020104AD2F8F5
S214007910883013F0A00F16D1D2F88C0010F00400B7
S21400792013D10C4BD3F8E03E23F07F4323F0FF0344
S2140079305BB15368C3F30362092A07D0B2F10C00A7
S21400794018BF01207047002070470120704700BF15
S214007950004008400010002170B50D46064620B9CC
S214007960194B1B68A3B1032011E000F073FF012838
S21400797028D1164B93F90040C4F11C04641BC4F1D3
S2140079801C03002BB8BF5B42232B0CDD012070BD0F
S21400799081EAE173A3EBE173DBB2232BF6D80B4B42
S2140079A019700020F3E7B574FAF762F8084A5369CD
S2140079B0E40223F4FF2304F4FF241C435461FAF783
S2140079C0D9FCEEE70220E2E760130020F017002063
S2140079D00070084090F8C23053B9074BDA6992023B
S2140079E008D49B6F13F4706F14BF012000207047FB
S2140079F0002070470120704700600840F8B5436BD0
S214007A0002EA010523EA01032B434363344A01F0EB
S214007A100B030C4623EA0501516402F100722B4069
S214007A2061070646536411D50121FFF7D3FF68B1FD
S214007A30FEF75EFF15F0040F14BF2A4A2A4A4FF4D9
S214007A400073D361294B0422C3F88820E20606D5CA
S214007A5015F0100F264B14BF00221B22DA642306F3
S214007A601DD52F0616D51F4B4FF400129A6103F151
S214007A707E430122C3F8F820F9F7FAFF0E210746E5
S214007A800320FDF73BFD1A4B40F201225A623846AE
S214007A90FAF770FC294606F1A400FDF70FFEE00594
S214007AA003D5E90516D5FDF7F3FCA20503D5AB050E
S214007AB013D5FDF7FDFC14F0600F09D0D6F894102E
S214007AC03046FFF714FD0B4B58640B4B80229A6030
S214007AD00020F8BDFDF7D4FCE7E7FDF7E1FCEAE798
S214007AE0000008440060084600600844004008445F
S214007AF000000840001F002100400840014B986924
S214007B00FDF70EBD00600840D0F894304BB11A68FF
S214007B10022A06D993F8250028B11B6AB3FBF0F0B9
S214007B207047FBF7F7BD7047014B9869FDF722BD1C
S214007B300060084008B50146D0F89400FFF760FDE5
S214007B4020B9BDE808400846FBF7E6BD08BD0000C2
S214007B50437C5A1F012A01D9082B05D14B7C2BB137
S214007B60012B05D0022B05D0FFF7E4BF0248704773
S214007B70024870470248704720A1070048E8010005
S214007B8040420F0070B50E46F9F772FF054600F04A
S214007B9085FE044620B12846FAF7ECFB204670BD69
S214007BA0FEF7A6FE114B3278D3F8E03E022A23F009
S214007BB0F00316D0101F42424241520043EA02131D
S214007BC07278022A0FD0111F4A424A41520043EAF5
S214007BD08213064AC2F8E03E054B0422C3F888200A
S214007BE0D9E70122EAE70122F1E700BF00100021F1
S214007BF00040084470B50E46F9F73AFF054600F017
S214007C0065FE044620B12846FAF7B4FB204670BD50
S214007C10FEF76EFE104B3278D3F8E03E022A23F0D1
S214007C200F0315D0101F4242424152001343727890
S214007C30022A0FD0111F4A424A41520043EA8203E9
S214007C40054AC2F8E03E054B0422C3F88820DAE76E
S214007C500122EBE70122F1E7001000210040084472
S214007C60F8B50E7890F8D070044630460D46FCF70E
S214007C7087FB002844D094F8D030B34208D1AA88B5
S214007C80636C9A4204D16A88B4F8D2309A4235D0EE
S214007C9084F8D060AB88A4F8D4306B88A4F8D230CF
S214007CA0AB886364FF2363753046FCF727FC04F15A
S214007CB0D00520752846FCF7A9FE10BB2846FCF721
S214007CC055FBF0B9D4F8903053B194F8D010B942BF
S214007CD006D0B3F912202046F9F742FF84F8D900FF
S214007CE02046FCF76DFD0949A4F8D400084AD1F8EF
S214007CF0F810012304F1A400FDF7D8FF0020F8BD1A
S214007D0001200E2384F8D030F9E700BF001F0021C1
S214007D10681F002170B5054690F8D0000E280C4666
S214007D201DD0FF291DD01AB10F4B4FF0FF321A603D
S214007D30FCF7E4FB064695F8D000FCF7CBFB844244
S214007D4028BF0446E4B2B44238BF3446E0B2687591
S214007D50FCF77EFCA0F1FF035842584170BD02209C
S214007D60FCE70120FAE700BF3400002010B590F8C9
S214007D70D0300E2B04462BD00175D0F8900020B3DF
S214007D80D4F8A0304BB994F8D9308B420BD32046A8
S214007D900022BDE81040FFF7BDBFB4F92420B0F9BB
S214007DA012309A42F3DD94F8D91000222046FFF7ED
S214007DB0B1FF60B9C4F890002046FBF754FE0146B8
S214007DC02046BDE81040FBF7EDBDFF23637510BDF0
S214007DD00220FCE70346D0F8D0000860B3F8D430A1
S214007DE08B80002070470000C36B012B01D1002060
S214007DF0704770B5364BD0F89060D3F8F830C0F8BE
S214007E00943086B03146058B0446FDF7A7FDB3894E
S214007E108DF80600D6E90121EB1A9BB201FB03227E
S214007E2068460021ADF804300092FDF7F9FD38B938
S214007E30284B228BDA63FCF7B7FD20B106B070BD85
S214007E40022006B070BD227C60F341022274FDF76A
S214007E50A5F9D4F890305969431EDBB2096802913F
S214007E60FD2B02460BD9CD1C09D91B4B01311B68D3
S214007E700CD0D81C07D802A92046029301E002A91C
S214007E802046FCF743FA002006B070BDD91C04D883
S214007E9002A920460293FCF739FAD4F8FC309B0579
S214007EA004D4237C43F002032374ECE74FF48031C0
S214007EB02046FBF751FED4E93E2302400B4052EA2F
S214007EC00301E0D00549204609688847DBE700BF84
S214007ED0001F002100300840440000205C00002005
S214007EE04FF48071FFF7F8BA38B590F8DC400546D5
S214007EF0ACB1F9F7BDFD0A4B1F22DA61013C03F174
S214007F0000731440DC6103F17A43D5F8E0201A666A
S214007F10D5F8E4205A66BDE83840FAF72BBA38BDE3
S214007F20006008442DE9F74F06461546084619B97D
S214007F30012003B0BDE8F08F002AF9D0032904D849
S214007F400021FCF71DF90028F2D082780488037916
S214007F5090F805B0C788B0F90000002802F00701C5
S214007F60C0F2D280A1F1070CDCF1000040EB0C005F
S214007F70052928738CBFC2F300100020C2F3801CB2
S214007F806873900985F810C000F00200C2F3C00CB8
S214007F9040EA0C00C2F340126874AA74AF820BB9B0
S214007FA096F8CA30013BDBB2EB74736BD80600F16F
S214007FB097800639012900F29380544BDB6C544BB2
S214007FC05A6B1B6B03F0070306334FF0010909FADF
S214007FD003F909F1FF39083C42F0005804EA0904A5
S214007FE0002318F804A0AB60013404EA0904631DFA
S214007FF003EA09035A1C02EA090218F8037018F883
S2140080000220BAF1800F47EA0227727C18BFAAF155
S214008010320A3BB214BF4FFA8AFA6FF07F0AC7F3F0
S2140080200B079AB30020D6F89C300BB15146984700
S214008030631C03EA0903E87385F80EA018F803101A
S214008040013303EA090318F80320013303EA09039E
S21400805041EA022118F80320013303EA090341EA42
S214008060024118F803006A7C002341EA00613046AA
S214008070FDF75EFF2860737C042B03D1042FDCBF62
S214008080033028600423AB71002052E7D90423D5BF
S214008090D6F894309BB11A68022A10D993F82400B7
S2140080A0FB0008B1B3FBF0F39B45BBD8002BB9D05F
S2140080B0CBEB0B20B0FBF3F0C043C0B2B3E72946CE
S2140080C03046FFF745FD01903046FFF71DFD019B4A
S2140080D0B3FBF0F0C0B2E3E718F804004000ECE7AA
S2140080E00023EB730B4BDA68C2F30723120448BF76
S2140080F063F0FF035AB212F1800F1CBF323B5AB234
S2140081000023AA732B60BEE7022012E70000084097
S2140081100010084000700840F8B5977906461446E7
S214008120FFF700FF054648B9A3793BB12146A77182
S2140081303046FFF70DFD2146FDF7B6FE2846F8BD92
S2140081403F2B084610B5114619D9B3FA83F3C3F18D
S2140081501902D2B2062A01D8192B0ED0062A28BF39
S2140081600622931DDBB201249C40A4B2A14228BF84
S2140081702146FBF7F9FD204610BD0022F1E700245A
S214008180F9E713883F2B10B5084616D9B3FA83F3E0
S214008190C3F11901C9B2062901D8192B0BD006293B
S2140081A028BF06218C1DE4B20123A3401380FBF7F1
S2140081B0F9FD002010BD0021F4E70120FAE7FFF7E3
S2140081C0AFB9000070B50A4B0A4DD3F8EC604FF417
S2140081D08064C5F8EC400020FEF73AFC4FF40053EC
S2140081E06B65730544BF044BC3F8EC4070BD00BF1D
S2140081F0001008400010084400100846082318B174
S214008200024AC2F888307047014AFAE7004008463A
S2140082100040084410B5084614460121FDF7DAF878
S21400822020460121BDE81040FDF7D4B8F8B5044655
S2140082300E4611B9037C5A065FD4464BA18BD3F881
S2140082408420D4F8947012F4E05F04BF2022C3F8B0
S21400825010224FF6FF73994260D03F4B1B68002BED
S2140082605CD03E4D20469847D4F894102A688A423F
S21400827007D02046FFF73BF9394B5864394B80202E
S214008280986097424FD0384B1B684BB11FB13A6885
S214008290002A58D0BF68394620469847D4F894102C
S2140082A00846FFF7ADF9002849D03049FDF754FCE1
S2140082B007272046FCF784FA002E36D02C4B94F97C
S2140082C0122093F900302B49D4F89400C3F11C0314
S2140082D09B1A4A69DB0222F4FF2203F4FF231343AE
S2140082E0254A4B61254B286006211167204601224E
S2140082F01A7000F01BFB0020F8BD61F38613154AC8
S2140083000374D2F88430D0F894704FF6FF7113F4EB
S214008310E05F818302D12023C2F810320F4D2A6815
S214008320BA423946A5D10127C3E70D4B0F4AD3F809
S214008330F81004F1A4003B46FDF7B8FCBEE7204663
S214008340FBF7EAF9B1E71746394620469847D4F8CE
S2140083509410A5E700600840F4170020E8170020F6
S214008360001F002100400840EC170020681F002175
S214008370F01700200070084000000844F1170020A5
S21400838002484822002101F0C9B900BFE41E0021BE
S214008390002373B583746423C0E92C33C0E92E33FD
S2140083A04FF0FF35C0F8AC30A0F8C0300E264FF6C0
S2140083B0FF73C0E9075580F8D060456485828375F1
S2140083C004461120F9F770FF042834D11B4B5B6874
S2140083D013F4403F2FD12046FEF7FAF82046FFF769
S2140083E0CFFF94F912102046FFF7B6FA144A60231E
S2140083F0536402F5805240F6FF7151625165114A8E
S2140084005364114B4022C3F88820626B29462046ED
S214008410FFF7F4FA002240F2022310461946CDE98F
S2140084200066FDF70BFFFCF73FF8204602B0BDE8FC
S2140084307040FBF7A7BB022002B070BD00300E40B4
S21400844000000840000008460040084470B50C686C
S214008450B0F8D4208D680346013404BFD3F8AC408E
S2140084600C604C68013404BFD3F8B8404C606E1CF6
S21400847000F1A40038D1D3F8B440CE688C60751CE7
S21400848038D1D3F8B0500E69CD60013604BFD3F8AA
S214008490A4600E614E69013604BFD3F8A8604E6131
S2140084A08E69013604BFD3F8BC608E618E693EB318
S2140084B04132B24238BF32460E688A61C3F8B440D1
S2140084C04C68C3E92E420A69C3F8A4204A690D49DC
S2140084D0C3F8A820C3E92B650B4AD1F8F810072388
S2140084E0FDF7E4FB002070BD02F14104AC4238BF4A
S2140084F02C46C2E702F16405B54238BF3546C2E7EE
S2140085006422D9E7001F0021681F002138B5F9F75B
S214008510AFFA0B4A13884FF6FF718B4203D1F9F777
S21400852029FF032038BD074C074DE56504F10074AC
S2140085301B04E3651180F9F71DFF0020F2E700BF7A
S21400854054000020006008440000FFFF2DE9F341BE
S21400855005460F461646FFF7D9F9A0B1DFF8548254
S214008560D8F80C30DB0704D40324204602B0BDE85C
S214008570F081F9F77DFA04460320FCF7D9FC20B118
S2140085802046F9F7F7FE0224EFE7D8F80C3013F090
S214008590060FF5D12046F9F7EDFE7A4B4FF4006151
S2140085A02846D3F8E08ED3F8B84EFEF795FF40B1D4
S2140085B0754B4FF400720121C3F888200846FBF77C
S2140085C097F839462846FBF7EDF96E4BC3F8B84ED8
S2140085D0C3F8E08E04460028C7D12B7CDF0601D402
S2140085E0002E58D0C6F34000FEF748F916F4807FF8
S2140085F014BF664A644A4FF002031BBFC2F88830B5
S214008600634AC2F8883000211CBFD1609362FEF72F
S2140086106FF916F0040F14BF5E4A5F4A4FF480638A
S214008620D361594B042216F0400FC3F8882014BFBC
S2140086305A4A5B4A40233046C2F88030FEF7F4FFC1
S2140086402846FFF74DFC40B116F0010F14BF4F4A05
S2140086504D4A4FF48073C2F88830B00642D56B8C12
S2140086604FF6FF7293420FD04E4A4F49D26D100C10
S214008670C2F30112088001324749B3FBF2F3454AC0
S2140086804A48C8651B04D3652B7C003E18BF0126EC
S21400869066F304132B74284600F034F9C0B328465A
S2140086A0FFF71EFCD0B14FF400312846FEF714FF4A
S2140086B0431C9BB20322364801A9FBF7D9FB9DF861
S2140086C0042002F00703052B9DF8053013D111078F
S2140086D00BD443F48073364AC2F8C0300020FBF750
S2140086E02CFE42E7FFF712FFCEE713F0040F09D186
S2140086F09DF80630EDE703F03002202A05D113F08E
S214008700010FF4E74FF48073E5E79DF80630E2E7E3
S214008710284600F028FA0028E0D02846FFF7E0FBBD
S2140087200028DBD0EB7CA3F10C02012A16D82B8B99
S214008730032B19D01E4B93F8C93003F00703072B01
S21400874016D013480621FBF79CFB421C3FF40CAFE7
S21400875000F00F00164B83F8C800BFE70F2BE6D0DB
S214008760102BE4D00E2B01D1092102E0112BE0E7FB
S21400877008210748FBF785FB431C3FF4F5AEC0B263
S214008780E8E700BF0010002100400844004008460B
S2140087900010084000600846006008440070084664
S2140087A00070084400600840540000200000FFFFEE
S2140087B0001E00210050084038B504461D46FFF74D
S2140087C0C5FE28B929462046BDE83840FEF710B851
S2140087D038BD7047054BD3F8880003F180634FF42B
S2140087E00022C3F88820C0F3C0407047004008400D
S2140087F0014B024A1A607047EC17002051750000C2
S21400880038B50446817515464AB100F0ACF908B98A
S214008810002016E0237C43F080032374F8E7084624
S214008820FCF76CF9FF28A07508D0204600F09BF9ED
S2140088300028EDD0237C65F3C713EEE7FCF7B4F908
S214008840012038BD024BD86800F00100704700BF19
S214008850005008400F4B5B68C3F30363013B0B2BD0
S2140088600FD8DFE803F006060C06060606080A0818
S2140088700808022070470420704705207047032030
S2140088807047054BDB6813F0060F0CBF0120042071
S214008890704700BF00400840005008400A4A53682E
S2140088A0C3F303630B2B08D06FF49050184100F00D
S2140088B0010080F0010040007047D2F8880010F4F4
S2140088C08030ECD1704700BF004008400C4A536827
S2140088D0C3F30363062B07D8042BD8B20CD8C31EE9
S2140088E05842584140007047072B07D1D2F8440140
S2140088F010F00050EBD17047022070470020704700
S214008900004008408021FEF7E7BD0000024B1B68D0
S21400891003B11847704700BF08180020024B1B68B9
S21400892003B11847704700BF0418002038B5054645
S214008930FEF77CFF04462846FEF756FF072811D1AF
S214008940D5F89030DB6924F47F4121F0080103B1AB
S2140089505B7841EA032141F020012846BDE8384013
S214008960FEF76ABF24F02001F7E7000070B5174C49
S214008970174D0F2311F0010FE365164B19D04AB9B6
S2140089800122DA65C4F8FC50026CC2F31302C3F885
S214008990FC2070BD0222DA65C4F8FC50026CC2F3FB
S2140089A01302C3F8FC200C4BC1640222C3F8B820A3
S2140089B0EFE70226DE65C4F8FC50046CC4F313042B
S2140089C0C3F8FC40002AE4D0EDE700BF006008448E
S2140089D0FFFF0F00006008460010084013B5437CF8
S2140089E0033BDBB2072B96BF104A0021D15C04463E
S2140089F0FEF722FF0120FCF7C3FB0D4B4FF4F0629D
S214008A005A6403F100734FF400725A64637C053BAA
S214008A10012B08D8074B04211B6E019301220DEB96
S214008A200100FBF749FA02B010BD00BFAC9B000086
S214008A300000084400600840012310B580F8C230EA
S214008A402823C0F8A83004234374054B044619684D
S214008A50FAF7D4FF2046FFF7C1FF002010BD00BF85
S214008A602CBA0000012310B580F8C2302823C0F8C5
S214008A70A83002234374054B04461968FAF7BEFF74
S214008A802046FFF7ABFF002010BD00BF30BA000045
S214008A9010B50446FFF7E6FF2046BDE81040FFF796
S214008AA09DBFD0F8E0308B4270B504460D461646A2
S214008AB003D190F8DC30202B1AD0EA071FD5002E01
S214008AC014BFAA23552393FAA3F31B0B03F47023B6
S214008AD095FAA5F243EA12432364202384F8DC3097
S214008AE00023C4F8E050C4F8E4302046FFF7FCF951
S214008AF0324629462046BDE87040FFF737BFAA2316
S214008B00E1E7000030B5134D134C07236B63134B9E
S214008B1069B1442140F04000D962186301236363C1
S214008B204FF4804392B1C4F8A0300A4A07E0D962F5
S214008B30094A19634FF480436163C4F8A030C2F851
S214008B40A430C2F8A830C2F8AC3030BDC5F8A030AA
S214008B50EBE700BF0000084400000846000008409D
S214008B600020002170474021FEF7B6BC0020704769
S214008B70024B99685A690A401A61704700400440DF
S214008B8008B5FFF7F5FF054B5B7B01330122DBB22F
S214008B9002FA03F3024A136108BD00BFD017002093
S214008BA00040044000228A4202D14FF0FF30704756
S214008BB050F8223093FAA3F30BB90132F3E7B3FA75
S214008BC083F000EB4210704753B94AB9002908BF3A
S214008BD000281CBF4FF0FF314FF0FF3000F06AB99D
S214008BE0ADF1080C6DE904CE00F006F8DDF804E0FF
S214008BF0DDE9022304B070472DE9F047089D0C46D6
S214008C00002B4ED194468C458646B2FA82F262D943
S214008C104AB1C2F12003914020FA03F30CFA02FC99
S214008C20194300FA02FE4FEA1C471FFA8CF6B1FB06
S214008C30F7F44FEA1E4307FB141143EA014304FB13
S214008C4006F199420AD91CEB030304F1FF3080F0C9
S214008C501381994240F21081023C6344591A1FFA6C
S214008C608EF3B1FBF7F007FB101143EA014300FB5C
S214008C7006F69E420AD91CEB030300F1FF3180F092
S214008C80FD809E4240F2FA80634402389B1B40EA15
S214008C90044000211DB1D3400022C5E90032BDE8E2
S214008CA0F0878B4205D90DB1C5E9000100210846C1
S214008CB0F5E7B3FA83F1002946D1A34202D39042E6
S214008CC0C0F0F180861A64EB03030120002DE6D085
S214008CD0C5E90063E3E7002A40F09180A1EB0C04AD
S214008CE04FEA1C481FFA8CF70121B4FBF8F64FEA4E
S214008CF01E4308FB164443EA044307FB06F098426B
S214008D0008D91CEB030306F1FF3402D2984200F2A6
S214008D10CE8026461C1A1FFA8EF3B4FBF8F008FB2A
S214008D20104443EA044300FB07F79F4208D91CEBB4
S214008D30030300F1FF3402D29F4200F2B1802046C6
S214008D40DB1B40EA0640A5E7C1F120068B4022FA6D
S214008D5006F71F4320FA06FC04FA01F343EA0C0365
S214008D60F44000FA01F8380C4FEA1349B4FBF0FE61
S214008D701FFA87FC00FB1E4449EA04440EFB0CF96C
S214008D80A14502FA01F20AD93C190EF1FF3A80F029
S214008D908580A14540F28280AEF1020E3C44A4EBF1
S214008DA009041FFA83F9B4FBF0F300FB134449EA05
S214008DB0044403FB0CFCA44507D93C1903F1FF301F
S214008DC068D2A44566D9023B3C4443EA0E40A0FB69
S214008DD00293A4EB0C049C42CE469C4652D34FD042
S214008DE055B1B8EB0E0364EB0C0404FA06F6CB4060
S214008DF0CC401E43C5E900640021BDE8F087C2F1FF
S214008E00200320FA03F10CFA02FC24FA03F3944040
S214008E100C434FEA1C4800FA02FE1FFA8CF7B3FB1D
S214008E20F8F008FB1031230C43EA014300FB07F17E
S214008E30994208D91CEB030300F1FF362CD2994265
S214008E402AD9023863445B1AA4B2B3FBF8F108FBD4
S214008E50113344EA034401FB07F3A34208D91CEB91
S214008E60040401F1FF3613D2A34211D90239644437
S214008E70E41A41EA004138E70446EFE6084605E70B
S214008E80C845ADD2B9EB020E63EB070C0138A7E775
S214008E903146EDE7034698E73046D4E7D6467EE708
S214008EA0634402384CE70646234608460EE7023E71
S214008EB063442FE7704700BF81F0004102E000BF27
S214008EC083F0004330B54FEA41044FEA430594EA85
S214008ED0050F08BF90EA020F1FBF54EA000C55EAC0
S214008EE0020C7FEA645C7FEA655C00F0E2804FEA91
S214008EF05454D4EB5555B8BF6D420CDD2C4480EA73
S214008F00020281EA030382EA000083EA010180EAA2
S214008F10020281EA0303362D88BF30BD11F0004FF0
S214008F204FEA01314FF4801C4CEA113102D0404226
S214008F3061EB410113F0004F4FEA03334CEA133361
S214008F4002D0524263EB430394EA050F00F0A78079
S214008F50A4F10104D5F1200E0DDB02FA0EFC22FA74
S214008F6005F2801841F1000103FA0EF2801843FA68
S214008F7005F359410EE0A5F120050EF1200E012A59
S214008F8003FA0EFC28BF4CF0020C43FA05F3C01897
S214008F9051EBE37101F0004507D54FF0000EDCF110
S214008FA0000C7EEB00006EEB0101B1F5801F1BD3B9
S214008FB0B1F5001F0CD349085FEA30004FEA3C0CBD
S214008FC004F101044FEA445212F5800F80F09A80B3
S214008FD0BCF1004F08BF5FEA500C50F1000041EBB7
S214008FE0045141EA050130BD5FEA4C0C404141EBBB
S214008FF00101013C28BFB1F5801FE9D291F0000FB6
S21400900004BF01460020B1FA81F308BF2033A3F164
S2140090100B03B3F120020CDA0C3208DD02F1140C5B
S214009020C2F10C0201FA0CF021FA02F10CE002F196
S2140090301402D8BFC2F1200C01FA02F120FA0CFC8F
S214009040DCBF41EA0C019040E41AA2BF01EB0451D8
S214009050294330BD6FEA04041F3C1CDA0C340EDCD6
S21400906004F11404C4F1200220FA04F001FA02F319
S21400907040EA030021FA04F345EA030130BDC4F1D7
S2140090800C04C4F1200220FA02F001FA04F340EACC
S2140090900300294630BD21FA04F0294630BD94F07D
S2140090A0000F83F4801306BF81F480110134013D64
S2140090B04EE77FEA645C18BF7FEA655C29D094EAD5
S2140090C0050F08BF90EA020F05D054EA000C04BF53
S2140090D01946104630BD91EA030F1EBF002100203E
S2140090E030BD5FEA545C05D14000494128BF41F0DD
S2140090F0004130BD14F580043CBF01F5801130BD41
S21400910001F0004545F0FE4141F470014FF00000CB
S21400911030BD7FEA645C1ABF194610467FEA655C7C
S2140091201CBF0B46024650EA013406BF52EA03351E
S21400913091EA030F41F4002130BD00BF90F0000F0C
S21400914004BF0021704730B54FF4806404F1320448
S2140091504FF000054FF0000150E700BF90F0000F01
S21400916004BF0021704730B54FF4806404F1320428
S21400917010F0004548BF40424FF000013EE700BFF8
S21400918042004FEAE2014FEA31014FEA02701FBF88
S21400919012F07F4393F07F4F81F06051704732F0BA
S2140091A07F4208BF704793F07F4F04BF41F4002111
S2140091B0704730B54FF4607401F0004521F000416F
S2140091C01CE700BF50EA010208BF704730B54FF0F9
S2140091D000050AE050EA010208BF704730B511F0FA
S2140091E0004502D5404261EB41014FF4806404F132
S2140091F032045FEA915C3FF4D8AE4FF003025FEAB8
S214009200DC0C18BF03325FEADC0C18BF033202EB3B
S214009210DC02C2F1200300FA03FC20FA02F001FA95
S21400922003FE40EA0E0021FA02F11444BDE600BF38
S21400923070B54FF0FF0C4CF4E06C1CEA11541DBFE7
S2140092401CEA135594EA0C0F95EA0C0F00F0DEF8B2
S2140092502C4481EA030621EA4C5123EA4C5350EA97
S214009260013518BF52EA033541F4801143F48013E8
S21400927038D0A0FB02CE4FF00005E1FB02E506F079
S2140092800042E0FB03E54FF00006E1FB03569CF0CE
S214009290000F18BF4EF0010EA4F1FF04B6F5007FD4
S2140092A064F5407404D25FEA4E0E6D4146EB060646
S2140092B042EAC62141EA55514FEAC52040EA5E50CF
S2140092C04FEACE2EB4F1FD0C88BFBCF5E06F1ED879
S2140092D0BEF1004F08BF5FEA500E50F1000041EBB0
S2140092E0045170BD06F0004646EA010140EA02005D
S2140092F081EA0301B4EB5C04C2BFD4EB0C0541EA7F
S214009300045170BD41F480114FF0000E013C00F393
S214009310AB8014F1360FDEBF002001F0004170BDB7
S214009320C4F10004203C35DA0C341BDC04F11404D0
S214009330C4F1200500FA05F320FA04F001FA05F25C
S21400934040EA020001F0004221F0004110EBD37029
S21400935021FA04F642EB06015EEA430E08BF20EA55
S214009360D37070BDC4F10C04C4F1200500FA04F3F8
S21400937020FA05F001FA04F240EA020001F000418A
S21400938010EBD37041F100015EEA430E08BF20EAFD
S214009390D37070BDC4F1200500FA05F24EEA020E45
S2140093A020FA04F301FA05F243EA020321FA04F074
S2140093B001F0004121FA04F220EA020000EBD3702B
S2140093C05EEA430E08BF20EAD37070BD94F0000F2B
S2140093D00FD101F00046400041EB010111F4801F5F
S2140093E008BF013CF7D041EA060195F0000F18BF10
S2140093F0704703F00046520043EB030313F4801F4C
S21400940008BF013DF7D043EA0603704794EA0C0F05
S2140094100CEA135518BF95EA0C0F0CD050EA41061B
S21400942018BF52EA4306D1D181EA030101F0004198
S2140094304FF0000070BD50EA410606BF10461946C0
S21400944052EA430619D094EA0C0F02D150EA0136CC
S21400945013D195EA0C0F05D152EA03361CBF10460D
S21400946019460AD181EA030101F0004141F0FE41AC
S21400947041F470014FF0000070BD41F0FE4141F430
S214009480780170BD70B54FF0FF0C4CF4E06C1CEA30
S21400949011541DBF1CEA135594EA0C0F95EA0C0FE5
S2140094A000F0A7F8A4EB050481EA030E52EA0335A0
S2140094B04FEA013100F088804FEA03334FF08055C1
S2140094C045EA131343EA12634FEA022245EA1115EE
S2140094D045EA10654FEA00260EF000419D4208BF9F
S2140094E0964244F1FD0404F5407402D25B084FEA4C
S2140094F03202B61A65EB03055B084FEA32024FF4F8
S21400950080104FF4002CB6EB020E75EB030E22BF54
S214009510B61A754640EA0C005B084FEA3202B6EB14
S214009520020E75EB030E22BFB61A754640EA5C00C3
S2140095305B084FEA3202B6EB020E75EB030E22BF53
S214009540B61A754640EA9C005B084FEA3202B6EB54
S214009550020E75EB030E22BFB61A754640EADC0013
S21400956055EA060E18D04FEA051545EA16754FEA75
S21400957006164FEAC30343EA52734FEAC2025FEA93
S2140095801C1CC0D111F4801F0BD141EA00014FF022
S21400959000004FF0004CB6E711F4801F04BF0143F3
S2140095A00020B4F1FD0C88BFBCF5E06F3FF6AFAE0F
S2140095B0B5EB030C04BFB6EB020C5FEA500C50F19F
S2140095C0000041EB045170BD0EF0004E4EEA113122
S2140095D014EB5C04C2BFD4EB0C0541EA045170BD29
S2140095E041F480114FF0000E013C90E645EA060E6D
S2140095F08DE60CEA135594EA0C0F08BF95EA0C0F9B
S2140096003FF43BAF94EA0C0F0AD150EA01347FF4E2
S21400961034AF95EA0C0F7FF425AF104619462CE7B9
S21400962095EA0C0F06D152EA03353FF4FDAE10461C
S214009630194622E750EA410618BF52EA43067FF46D
S214009640C5AE50EA41047FF40DAF52EA43057FF4FD
S214009650EBAE12E74A0011D212F5001211D20DD568
S2140096606FF47873B3EB62520ED44FEAC12343F023
S214009670004343EA505323FA02F070474FF00000CD
S214009680704750EA013002D14FF0FF3070474FF07C
S2140096900000704708B5064B044613B10021AFF32F
S2140096A00080044B1B6803B19847204600F036F94B
S2140096B0000000004419002070B50D4D0D4C641BD1
S2140096C0A4100026A64209D10B4D0C4C00F028F938
S2140096D0641BA4100026A64205D170BD55F8043BB5
S2140096E098470136EEE755F8043B98470136F2E70F
S2140096F0BC000020BC000020BC000020C0000020F1
S2140097000A44914200F1FF3300D1704710B511F8BA
S214009710014B03F8014F9142F9D110BD02440346B4
S214009720934200D1704703F8011BF9E77047704772
S21400973070B50F4E0C463168054611B900F09EF81C
S21400974030602146284600F099F8431C03D14FF0BC
S214009750FF34204670BDC41C24F00304A042F8D099
S214009760211A284600F08AF80130F2D1EFE700BF50
S214009770501900202DE9F041CD1C25F003050835D1
S2140097800C2D38BF0C25002D064601DBA94204D956
S2140097900C2333600020BDE8F081314F00F062F802
S2140097A03B681C4644BB29463046FFF7C1FF431CB6
S2140097B0044650D13C682146002941D1002C44D0B3
S2140097C02368304604EB030800F058F880453CD187
S2140097D021686D1A29463046FFF7AAFF013034D0BB
S2140097E023682B4423603B68002B36D05A68A2427D
S2140097F029D100225A600EE02268521B1DD40B2A83
S21400980016D96119A342256018BF5960636808BF5E
S214009810396062514B60304600F02AF804F10B00C4
S214009820231D20F00700C21AB5D01B1AA350B2E7BA
S214009830A3426268DED13A60EDE723466468B1E78A
S2140098400C464968B8E71346CEE70C23336030462B
S21400985000F00EF89EE70560DDE75B60FFDE00BF08
S214009860541900200148FFF761BF00BF48190020C7
S2140098700148FFF75CBF00BF4819002038B5064D09
S2140098800023044608462B6000F03AF8431C02D139
S2140098902B6803B1236038BD4C190020024B0146EB
S2140098A01868FFF767BF00BF6C00002010B50139CD
S2140098B00244904201D1002005E0037811F8014FE0
S2140098C0A34201D0181B10BD0130F2E7884210B544
S2140098D001EB020402D98442234607D8431EA14264
S2140098E008D011F8012B03F8012FF8E702440146CF
S2140098F08A4200D110BD13F8014D02F8014DF7E77A
S214009900044A05491368002B08BF0B46184410602C
S21400991018467047581900205C190020FEE700BF63
S214009920F8B500BFF8BC08BC9E467047F8B500BF47
S214009930F8BC08BC9E467047B814B6F1E0CFF3AD4D
S214009940B7DD25C9FA79B713000201060409004FEE
S214009950544100081B00011800052A00022900F0E7
S2140099601921B4478FA4BFA14F63FDEED6141D0086
S214009970636032E0375EA488534E6DFB6435BFF7F4
S2140099800053A1811F582CD0A54540FC34F3274234
S21400999098009F3EE22E0ECFFFBF1E45CA8C68235E
S2140099A04A4F0016531EC44CBAAD9D324B6808CFC2
S2140099B07BC04C00FE5A24E12BAAA5B2E94617E963
S2140099C00A5CF02500F8927AAC96CDA9BFF249C1A0
S2140099D04A11CC770D000000B99A00000200000082
S2140099E003280000E09900000200000040787D0196
S2140099F000000000005A620200010000C0CF6A00AA
S214009A0002000000809FD50002010000002D3101F9
S214009A10020200000003010303030201020304051F
S214009A20060708090A0B0D0E0F101112131415164F
S214009A301718191A1B1C1D1E1F2021222324252639
S214009A40000C270013B779FAC925DDB7ADF3CFE0D0
S214009A50F1B614B80102000000000000000000008B
S214009A6008000000000101070000000000000000E0
S214009A7000000000000000000000000000000000E1
S214009A8000000000000000000000000000000000D1
S214009A900000000003070001000100F400000000C1
S214009AA0BF9A000002000000BC9A000002000000FE
S214009AB00101020A0000000000002800002A000041
S214009AC018000000000800FC389B00000100010799
S214009AD0E49A0000000800F8F49A00000000000075
S214009AE00000000083FFBFFFE2FFF1FFF9FFFEFF6B
S214009AF0000000009600FCFEF8006D23441FEEFFF9
S214009B00C700F20E8E37FAFF5C00A40324A7FFFFFF
S214009B103200D601AD3400001F003001004D0000B9
S214009B201200C000CA4A00000B006E00F73C00009E
S214009B3005001F002F2000008C00FCFEFFFF000029
S214009B4000000000FC00D2104C06FAFF75009B05D2
S214009B50F132FFFF3E0062020B35000025004B018C
S214009B60885F00001700E0005E5D00000E008C00BD
S214009B706A4F000007002500832800000000000050
S214009B804801000078130020FA04FA000033330A74
S214009B900A0A084000210000000000000000000043
S214009BA000000001000001010001010101010203A3
S214009BB0000000019D07000048700E0E44709A0DCC
S214009BC03070DA123C70DA163870F60D34701C0EEF
S214009BD03070700F2C70700F2870521124706A113C
S214009BE02070000E1C70F611187068121470FC0DB0
S214009BF0B110076001D80A7108B87F78020C7E7829
S214009C00641000C6A01F00218CB8707801B00768E9
S214009C100F305CB30F330111C048069846022FB0D0
S214009C2006D80C7109DD087100B853A809BB1110DD
S214009C30076801682148076004100112FF322150AE
S214009C4007605148076000880698841300C43C1FCC
S214009C50002103DD087214BA281400A000BA03DF3E
S214009C60107109DF06720298E8058CB8507800A0DB
S214009C704413281441158110076002D81471108807
S214009C800698F61B00C00C7008400698501E0091FF
S214009C9006985C020060B83020D8067190BC637CE1
S214009CA0084D5412F03240DE0472404804DB08725D
S214009CB00DDD0C72044BEF30144806989E0700C466
S214009CC0E01008404412076201322140084C287C0C
S214009CD0811140D91C72B1123032CF4A013AB1DA42
S214009CE0107208D8067104D80871B04C237C3E70F8
S214009CF0684C4412FF328722047580B8D84C81D84D
S214009D00307140D90472237C084B06989E0704BA2B
S214009D1088B9767900C1186008403579E04900793D
S214009D2006B904A901D86C72BC4C307C02982E028D
S214009D3008D83C7100C14C000840141110D930718D
S214009D40104C00C11400084014111814076100C517
S214009D50206008405415FF35047110491814A84CAB
S214009D60441207620132067102981201B84C08D8F4
S214009D700C7107BA24D8047106BA187004D80C718E
S214009D8001BA40D80E7102BA0A7005BA20D8047219
S214009D9003BA604C4411404C181407611814911112
S214009DA0383111429111076910D90472EF3200C19F
S214009DB00060084014111031016911422814A111E5
S214009DC0076118140698361E181400C10060084073
S214009DD014110769FF31181400C13C3008401411F3
S214009DE0181407611814308802480698480600932D
S214009DF008DB047101F800A05CB00F3000A01088EA
S214009E00B111076980D90A7100C1800008400811A5
S214009E10009100A000C400010840441000A000C04B
S214009E2020300E40041104101050F47200A0541597
S214009E30504512710698A8070698380718B8707823
S214009E4000B8417806983C0390BA5B7A5C7A5D7AF3
S214009E5000C218500840241200C14C1F00212811CF
S214009E600698001C2088008800C5401F0021541555
S214009E705112FF350762FF320698660201595129D2
S214009E80047511590090212920750698FA04069841
S214009E902A050698F602009203D80C728111076113
S214009EA002D90472FF0FBA7018B8727800F804D896
S214009EB042710088308800C0FC1F0021041000C1D9
S214009EC04C1F00211412012A215A00C318500840C2
S214009ED03413312A1A7500C0006008400410073099
S214009EE0FE200C76381108B87F78020C7E78009336
S214009EF0009000A000C0F41F0021041000BB1DB499
S214009F0000A000C1DC1F002114111088FF3100C51D
S214009F10FFFF0000311207620762513A513B0E7292
S214009F200698160D1159011201131E70311400887F
S214009F3031100698160D1159415C41280698180DE7
S214009F40513801130090012B0090208807600114FF
S214009F500760FF30215D411207620762312D0876E7
S214009F60FF34415C4128015D31100698180DFF3022
S214009F703088011300C0E01F00210410512B0C761E
S214009F80076801150768FF356070315BFF32212BCB
S214009F900C75076001150760FF354E7000C5E41F9D
S214009FA000215415076507655112FF35FF30012B58
S214009FB0087521100760327021100768FF30012BEA
S214009FC00A75211007600760207000C2E81F002194
S214009FD02412211007600760FF30012B087521103E
S214009FE00768067021100760FF300093009200C1DA
S214009FF00060084014142C490734FE242A761415F1
S21400A000F0BC076C513C076803680154107100C42B
S21400A010FF0FFFFF513C01444811311200C5E81FF5
S21400A02000215415FF350762076221435449141274
S21400A0302155FF355152281100A000DF067201138A
S21400A04014703111312B112B016300C1FF07000082
S21400A050113B012B00C278FEFFFF05B86EBD312A0A
S21400A060207505B8C8BDE8221875DCBD06B8DC2228
S21400A070107507B8F0220A7508B8E822047509B802
S21400A08000C10060084014122C490732FE221676E2
S21400A0900768036800C2FF0FFFFF1414213C014449
S21400A0A0481150BD544914122155FF3551522811FC
S21400A0B000A001D82C71008800C00470084004106D
S21400A0C08020FF301A7100C1B01E002114110761F4
S21400A0D020D9087106988204067006984A030090F4
S21400A0E000A002D8047200A00088069838071DB4A5
S21400A0F028B9112C408800C3EC1F002134144044BA
S21400A1005A7144130698A805411500C0006008401F
S21400A11004100730FD20447500C208700840241063
S21400A1200760FF3080DC34710698520D01591C4AD6
S21400A130241007600260FF300698520D0158B220C6
S21400A1400129541331100698520D11280A7504255A
S21400A15054155045EE720698A8050094009000A08D
S21400A1607FB9066100C01C60084006988A13041573
S21400A1705153113B3155581002988413EBBD00C063
S21400A1803C1F00210411113D10D91271FF33076BDB
S21400A19000C190400846381118B97479581000A0CC
S21400A1A006985C028024E4240D300472044800C142
S21400A1B01C510840141100C3D81E00219115043507
S21400A1C01A72181388BB08D804716C7B04D8047103
S21400A1D06A7B8CBB2F7C5B7B1670044B181388BB8A
S21400A1E008D804716F7B04D804716D7B217C0C3019
S21400A1F001600698240706980C0C0698D40700B849
S21400A200B111076940D906720298080701BC00C25E
S21400A2100060084000DC0A7124150165604A0A7077
S21400A2201C4A241507657C4A043508D92071202469
S21400A230512A241200C180000840320C28110762FF
S21400A24028110762281107622811500C00C1341F1C
S21400A2500021141200DC347120D8067101B80C708D
S21400A260F0DA0C720CDB087102B806982C0748244A
S21400A27000C3306108403413076380DB0E7102B9F7
S21400A280911308DB047203B906700C49141100C35D
S21400A29080000840FFB801201141087101411813E1
S21400A2A00824014200C12000084014110141036D3A
S21400A2B0514191152035016D51411813281348134B
S21400A2C000C37C000840341003D80C71073005DC4E
S21400A2D00671084B227B8CB8507800B800C1341F3A
S21400A2E00021141203682150F0300152281100A0FA
S21400A2F04024066400C0FFFF0100013C1DB00220A0
S21400A3000158402806751EAC01EC00A0208800C04D
S21400A3101850084004121DB4211304123052F8716C
S21400A320066C402400C3741F0021341014110698D4
S21400A330820D0669009211592129067600BB115933
S21400A34006983A0D80B80158013A0662313B04720D
S21400A350215A412A00A000C200010840317A00A01C
S21400A360308880B9076900C30000C0FF311031286B
S21400A37000BC002D0C7511541EAC01EC312DF47090
S21400A380066C51134155312C009300A000C02840A4
S21400A3900E400413315107610C3107691153381010
S21400A3A000A00698EC0800C0F41F002104110698CF
S21400A3B0D407217A237A00C30000100006981408F8
S21400A3C000C0541F00211DB1181000A000C0501F6F
S21400A3D000211DB1181000C09C1F00210410002D84
S21400A3E0067500B826A80698A80700C09C1F00217E
S21400A3F00410012C06750698380728B010B91159B4
S21400A40011380EB9114028A880B800C14430084061
S21400A410081100C1F01F00211410303B06710760C0
S21400A420076000C40830084044111150FF30015145
S21400A43018146FB8076826A8217A050C2110204842
S21400A440267800C063EF0000314026A8050C20ECFB
S21400A450B11140D90872247A20EC217A184826A82F
S21400A46028B00AB901510F31115028A8050C207ADE
S21400A47020EC0F0C98B8467841780698660200C221
S21400A480401F002124100151FF311150081200A076
S21400A4900698EC0800B826A800C0581F00211DB179
S21400A4A0181000A030B840780DB101D9FC7242787F
S21400A4B000C074300E4004114CBA407A181014488C
S21400A4C004115C7A1810A4BB707B4E7B4F7B00C2D5
S21400A4D00430084000A00698EC08217A227A00BBD7
S21400A4E00698140800C0641F00211DB11810A4BBF4
S21400A4F000C040300E400411033101492872B112E9
S21400A500076207623048041121510F3118726E7BC2
S21400A5106F7B104804114CBA7C7A1810144804114A
S21400A520607A1810B11002D81071707B30B862785B
S21400A53060780DB001D8FC7100C0F86008400411C6
S21400A54001D90C7100C01800084002B9181008B8EC
S21400A5506E780EB84EB110D90C723EA8140C0FB817
S21400A5603EA8107044A8140C01B800C1AC300E40D0
S21400A570081100C077801F003DB201423DAA00C00E
S21400A580FFFFFFFC013A3DAA140C00C077E01F0055
S21400A59001423DAAFFB845207D7808B87E7800C104
S21400A5A024600840141107610631087100B9069846
S21400A5B0D01006988A13B11101D90E7106985C1E48
S21400A5C002D906720698520C0698841351140698FF
S21400A5D03807F4B845780A0C00C0601F00211DB18A
S21400A5E018100298AA10FFB845205D7803B80760D7
S21400A5F044A83EA800C1AC300E40081110B8076849
S21400A6003DB101393DA908B86F7800A046A800C042
S21400A610FFFF0000013B076356AB94BA437A01D9AB
S21400A6201471013C47B300C0FE20FFFF013B3144DC
S21400A63047AC637AFFB82120407802D9047160786D
S21400A64000A0C8BC066C415C512C067506983807FD
S21400A6500698300EB110076805D8367140BA0698CD
S21400A6605A138CBC7F7C08B86578911004D8187192
S21400A67088B86E78577800C064000840217806983D
S21400A680F81001400872427C069896130298E40B74
S21400A69008B86C7820B859785B7800C0F440084059
S21400A6A07878797800C1C81F0021141040A818498E
S21400A6B014130449408814140C4914118112076AB3
S21400A6C0006A01DA187188B8577800C0CC1F0021DC
S21400A6D00410016107630763076407640698540A59
S21400A6E000944EB010D842724DB161B8015811387E
S21400A6F040B102D90A72604804BB41540870204831
S21400A70002BB02BC4DA8F8B87078190C3EB14141A6
S21400A7103EA9F4B973797378717800C4F84008409C
S21400A72000C200410840227000C20000010044AA96
S21400A730230C00C200000B0044AA00C410410840CD
S21400A74000C21841084004BB587C050C597C0C24F8
S21400A7500F0C2FAB050CB11008D81471647A657A0B
S21400A7601CB879787B7820B879787B78607CF4247C
S21400A770411306989E0751144044067506983807FC
S21400A780727BFFB84D20050C687840EC00C05C1F5B
S21400A79000211DB11810911004D8147100C0B01E0D
S21400A7A00021041080D806711CB8737800F818B819
S21400A7B000C1D41E002100C21850084024122811DF
S21400A7C0777800F800C0B860084004110761076198
S21400A7D080D9047240EC00C4F84008404EB010D84F
S21400A7E00471182441130C23527C407B11512FA96D
S21400A7F0050C797C0A0C00C0000001020814787C65
S21400A800050C507C08B86D7800A000C02870084081
S21400A8100411108800C100180040181044480411A4
S21400A820108878480411108800884CBA757A181079
S21400A8303DB11088F4B8427844207278284873787E
S21400A840F8B873784FB200C4FFFF8080413A4FAA31
S21400A85001BC01644113076300C06C70084003B973
S21400A86018100110011001B9181001100110011084
S21400A870011068480411076101B80160003A0471CC
S21400A880044904D9047241520760003A0471084929
S21400A89008D9047231520460003B0E7200630064F3
S21400A8A0314241424FAAB2704FAAF8B853781820E6
S21400A8B053782848527800913DA9009000911810CE
S21400A8C000917848181000914448181000A01159BB
S21400A8D010D906710760076008D90471076004D9AB
S21400A8E00471036002D90471016001D9047100602B
S21400A8F000A000BA01D806710148112A006900605C
S21400A90001D8F6720138F67200A08020FF30FF48AA
S21400A910812000A002EC00CA02EC00C8076A0142CF
S21400A92002EC00C8076A014202EC00C8076A01424E
S21400A93000A000C218500840241211592129127391
S21400A94000210E7100C23050084024120121212936
S21400A95000A00698EC0888B8577800C57C1F002130
S21400A9605088044D88BC00C0BC1E0021811101D94E
S21400A9701E71407C009501157C4D5088044DFFBB30
S21400A980076B315B041106987A0D3129F875069825
S21400A9904A1D541506985C1E01D9087206981E09B1
S21400A9A006700698800988BB547B009500F80698C8
S21400A9B02E0A0E7006980C0C06982E0A0698D611CB
S21400A9C00698D8089112211900C0246008400A7819
S21400A9D0097800F810B901BA069850130698AA101C
S21400A9E000C57C1F002100F89112033288B900C30D
S21400A9F0B01E0021341300C4A81008408CB842785A
S21400AA00707903DE0671447872707179A11020D8CF
S21400AA100A7106981E0902987C0F80DB507102D8D6
S21400AA204C7205B830880763076302DB2A7100C3DF
S21400AA30AC0008403413066380DB0472804800C311
S21400AA40102008403413315B047240483128312806
S21400AA5002600814076800930814A110103002481A
S21400AA60081400B808149110076008148CB86278AF
S21400AA70A11000DC0676517900BA80DB3A7100C07E
S21400AA8000000200003B307150884110344803DE5D
S21400AA9004719048041508200411F82058101C2052
S21400AAA0217800C0A40008400E7810D904722E78D1
S21400AAB00698A0160095911120310269911004D8CD
S21400AAC00E7200C1481F0021141101D90A71208896
S21400AAD00698D010009200C1180008400533054BB8
S21400AAE01872184C03DE0471904C441400C3FF1F08
S21400AAF00000413BFF233811B84900C330610840CD
S21400AB003413076380DB0E7103BA076A0698640F76
S21400AB1000BA0870076A0698640F0449087909792C
S21400AB2014102140081100A000BD0698400210B97C
S21400AB3003DC047100B901BA0698501302D90671F5
S21400AB4000404E7201B107690F310698F810FFD821
S21400AB502872811008D8187106DD0A71069840021E
S21400AB6003DC0C7206983E11069896130C7006DDF0
S21400AB70107106984411487020B802A806DD1072BD
S21400AB8006982E0A0698D80801F840B802A800F8D9
S21400AB9000C0B01E00210413076301DB2271911070
S21400ABA00111076911388CB910D8087144790298D8
S21400ABB07C0F02DBFA72A11328DBF47203BD069841
S21400ABC09E1006982E0A00C5801F00210698400297
S21400ABD000BA03DC4A72044DA11002D804710C4D71
S21400ABE000C0140008400410026800C3701F002153
S21400ABF03411112800C1306108401411076180D952
S21400AC000C71911108D90671FC230C4DFC233411EC
S21400AC1006983A0D00C10C51084006985407541582
S21400AC20212D00C0F8600840041101D9227100C02F
S21400AC30381F00210410033001DC147200C0140019
S21400AC4008400411FB21087607BA076A212D0698EA
S21400AC50EA0702988A0A91100155033551500119E6
S21400AC6000A000C1441F0021141001D84271014801
S21400AC700760FE200E75811020D8087100C1481F9D
S21400AC800021141101D9287100C024600840041264
S21400AC90215107610F3107691152281000C000606A
S21400ACA0084004119112215120311152211900A09F
S21400ACB0811380DB067201B800A000C30C50084068
S21400ACC03410063030727C4B34122C4B3410076034
S21400ACD0076040302072811080D8DC713410014A41
S21400ACE007620360803021508C480A717F23552309
S21400ACF03410013000A000BD06989E1088B8477832
S21400AD004578437800B8447800A006982E0A06983E
S21400AD103E1100C58C1F002154150698EA070298BC
S21400AD208A0A00C374000840027B06988A1350BA49
S21400AD3006985A130698F810FFD84A71911004D84E
S21400AD404872811007601CD8407220D938721112E0
S21400AD50FF322151347180218021111400C0E01E81
S21400AD6000210413FFBA3151113A215111538CB905
S21400AD7038107B7940440E7200B900C2B81E00211C
S21400AD801812067008B860780698841300F800B9A0
S21400AD9000C29C1008401812244A0AB9181288BA31
S21400ADA0507A517A577A8CB942795F7900A0069822
S21400ADB0400207DC1072911000200A750698D61122
S21400ADC00298280E0698D80801B9911004D8047184
S21400ADD000B910BA0698501300BA00402A7100C095
S21400ADE0B01E00210411076101D9127104D9E27264
S21400ADF08110076001D8DA718CB8647800C11C51E4
S21400AE000840069854070698D61100C5901F0021E2
S21400AE105415212D06981E0900C5941F002100F820
S21400AE2000BC811108D9167280D9207201B910BAF7
S21400AE300698501300400E7101BC107006983E1123
S21400AE400698961320B802A800F80698D611811125
S21400AE500231127100B900C20C1008401812244AC0
S21400AE6002B9181206983E1100C5981F0021541505
S21400AE700698D41D02988A0A04110121147188BA12
S21400AE80737A042004122811042004110121F4729C
S21400AE9000A006989E0701F8911010D83471069805
S21400AEA03C030698FA0406982A0500C51C5108407B
S21400AEB0541106987A0D00C5D01E0021541551294C
S21400AEC0E27518B876788CB8447801B802A800F80D
S21400AED0B110076810D82E7100C04810084000C393
S21400AEE0000008403114884C44113411076101D920
S21400AEF0FA714412281007622810076228100762A9
S21400AF002810E8700298760206985C0211380472DF
S21400AF10016A00BB00C1E01E0021141120390C722A
S21400AF20911210DA0672417B00A006988A1300C2BE
S21400AF30B01E0021241220DA0472617B88BA527A8D
S21400AF4000A088BA727A811204DAFC7200A088B86F
S21400AF506B78577800C0640008402F7800A00698E9
S21400AF60E4100763076390B9637900B902DB2271C6
S21400AF7002EC00C909B801D9507200C2AC00084002
S21400AF800E7A10D904722E7A0698A016E031076160
S21400AF9002EC00CD114502EC00CC01DB087100BBD1
S21400AFA00298FE1703B841110731FA211C760621D4
S21400AFB0911210DA087102DD10721E7020B8069821
S21400AFC0160D3038147208B80698240700C02400FE
S21400AFD008402978207800F8046020D80671029886
S21400AFE0581502EC00CA05B823DA187104DBDA71CA
S21400AFF020DAD67110DAD27290B8617800B801DA29
S21400B000067202EC00C8911110D9267100C1C01E4C
S21400B010002114111150FF300C720661A11011505E
S21400B02002300A7180DB0A720AB89E708CB97C798D
S21400B0300768911111402111C0311140011990B8D3
S21400B040411108D90471667820D904726578A11078
S21400B05002D80672C0DA1E7190B8273123DD087256
S21400B06010DB1072607825DD0A7121DD087208DBBE
S21400B0700471627803B8411107310872A1152035B2
S21400B080AA7102DD3272A11120D9A07102D92872EC
S21400B090CCDA9872411140D9927206B802DB107170
S21400B0A0046500C1102008401411112D112D054D06
S21400B0B05C720298E61321114049C0D94E71A03146
S21400B0C041154035016551410361076308DA1E7278
S21400B0D004DA38721049A1150235067110DB0E72BB
S21400B0E001340A7108DB247190B86778CC321110ED
S21400B0F01A300ADC0872CCDE0471FD3100C00D0F78
S21400B1000C0D0698180D01D8607207B80298101436
S21400B11000BA411108D90C7102EC00CA05B830DA41
S21400B120EC720734F031026101DA0471014900C0A3
S21400B130F300A3E30698180D01D8D07100C0981448
S21400B14040680698180D4030014440DA0471204CDF
S21400B15004320162204A111006300068014218319C
S21400B1600269114202982E14204A00C005170850A2
S21400B1700698180D113001422088FFBB0DDA507179
S21400B18000C1DE1B250180BC04DA107208DA0A72E0
S21400B19000C120841000E024A0240763414301641A
S21400B1A001DA06711E49024B00C0281F0021076302
S21400B1B03810BC2002DA127101B91159A11380DBD4
S21400B1C0087100C100FCFF01181002988A1700C41D
S21400B1D0B01E0021441080D87C710092D0DA06712F
S21400B1E00DDA0C7190BD437DEFBD0698C60503626F
S21400B1F00DDA8672A11105D95C7100C238100840BC
S21400B20024120C24281401D9067202D9327140D9AE
S21400B2101E7102EC00CA211018320471FA2220D8DE
S21400B22004720822FE22087502EC00C8F87001D9E4
S21400B2300E7102EC00C802D9067204DC187200C057
S21400B240B01E00210410026801D8067190B8647818
S21400B25018B873780298FE1700C50020084000C092
S21400B2600417000008D904720A480815104D00B8E3
S21400B27008D90472FF200815084D00C00884000095
S21400B28008D9087200C02083B8ED0815104D207D3F
S21400B29000A000B8011A00C074000840027891109F
S21400B2A01030011905BA06985A1302D9067101B86A
S21400B2B002A800C0B01E0021041380DB06710298AD
S21400B2C0A61340DB067102983E198CBA7C7A01DB25
S21400B2D06C7100C22C1F002124111114FF3402ECE3
S21400B2E000C8FF24FA7607610698260D0361113818
S21400B2F00F3003611114011141100698260D01D874
S21400B300087203B8029810141C4A02DB2471241039
S21400B310112811280412023006710762076200C065
S21400B320FFFF0000213800C218000840FF20081266
S21400B330411007600698260D01D87C7120BC10339A
S21400B340767100BB00C1281F00211415C021112CE6
S21400B3505112076A0F320E7140885114069854181D
S21400B3604143009451120765036A0F320E71411172
S21400B370511406985418036C41430765513B00C1AD
S21400B380E41E00211411111231100F30127100BA90
S21400B390046101D80471114200600FD8F4723110B4
S21400B3A002601E30047201B8003A087204B80298AF
S21400B3B010140298161600C1306108401411076177
S21400B3C080D91A7102EC1DB002EC1DB1015811288B
S21400B3D0A0B91159112806758CBA637A00C0341FBB
S21400B3E0002104110F3103DD1A7200C0006008400E
S21400B3F0041007D80E7200C01040084004B9181098
S21400B40000F80698E4100698C40500F830885088BE
S21400B410FF34087102ECFF24F87002EC00CD141023
S21400B42001BB5150FFD8047131440760006B10DB3C
S21400B430F2710421FF22E4720F4C0095009300A0E5
S21400B44000C01860084004100560073000A00CB863
S21400B45002983A1902EC00CAFFBC80BD069888180C
S21400B4600448187202EC00C92115F03500650F3249
S21400B470076A114200C4FF0F000000C1C01E002171
S21400B480141031110113413B02EC10D9087121143C
S21400B49000CA2C70305206714052B47221140760F4
S21400B4A00760FF3055DC187100CA005212710ADEC0
S21400B4B00E714ADE0A7155DE06713052927200C174
S21400B4C0C41E002110880698361E073111450765F0
S21400B4D00765414500C30C70084034130763FF330B
S21400B4E007633145009158110849281118B8757836
S21400B4F00BB8029810140763076302EC00CA02DB5D
S21400B500127155DE067202989C1854DE0672029876
S21400B5109C1801DB12710698600D06985C0D02EC13
S21400B52000CA0298FE1700C1BC1E002114147C49F4
S21400B5300698600D40522E7204DBE07190B8637876
S21400B5400698881804486E7200BA0698600D211393
S21400B550141000C1FF0F0000113A1052547101522E
S21400B560113A067104B88C7000BA0698600D211165
S21400B570FF3207611114911010D82271073103DDD4
S21400B5801C7200C1C81E00211411FF311152067131
S21400B5900AB8D4708CB97C790298FE1741108130B5
S21400B5A081DC0E72076A034A076A0F4A0698181B60
S21400B5B00298FE171410FFBC013C0698BE1B02EC56
S21400B5C000CA02EC00C902EC00CB076A3142076AE7
S21400B5D021410F3302EC00CD02EC00CA0040087295
S21400B5E0211302EC00CA07621142911110D92A7188
S21400B5F021110F3103DD227200C1C81E0021141173
S21400B600FF31076A00230C71115308710AB80298BB
S21400B610AE198CB97C79147021110F31076A02DDDE
S21400B6205A7101DD067103DD4A7200880AB9069870
S21400B630021B00902111FF32FFDE38712054387251
S21400B640FC25187202EC00CA01DE107202EC00CA79
S21400B65018DE087288B877781A700661004004729F
S21400B660006180D90E714CBA477A06985A1B90B87A
S21400B67043780298FE1704B89670FF32FF24F875D8
S21400B6800BB90698021B2110E03001584128E875D6
S21400B690F83002601F32215A0125212DDA75012A61
S21400B6A0D67602EC00CAFF20FA764111073101B8BF
S21400B6B00698160D003AC071BA70004008710698D8
S21400B6C0921B0470022106B81159112DAC7500A00A
S21400B6D000C5A81008403110036008150111076066
S21400B6E0076007690F30F0311140081507630363E0
S21400B6F03815281507622815076228157FBA2815F9
S21400B70000BA28157FBA281590B8437818B8737809
S21400B71000A00698CE1B11140CB900400A710064F4
S21400B7200AB90698921B03BD514400C5A8100840EC
S21400B730202A047528154815076448151815004072
S21400B740047238150764481500A00088408800C0B9
S21400B750C81E002104100760073000C420000840FF
S21400B7604414412C047201244138405004720121D3
S21400B7700094009000A000C0C81E002104100760BE
S21400B7800730074800A000C2C01E00212412211462
S21400B790076AFF320CDE12710DDE0E710FDE0A71C3
S21400B7A010DE0671215A00A0FF34411200A000C12D
S21400B7B0B41E0021141100A0308806980C1E8111BA
S21400B7C0076102D906720298E81C88BB557B0761A0
S21400B7D020D906710298D81C0088A1100768069820
S21400B7E0F61B08211415FC2590BB5C7B5D7B00C115
S21400B7F00060084014110731FE21307608D82A72FE
S21400B8005113FC23341304DB2071076BFF33315BC9
S21400B81000C1087008401411076180490C71FF319F
S21400B8203029607590BB7B7B1C707B7B7C7B00DD4E
S21400B83004717D7B01BB38158113076B403306719D
S21400B84018BB717BEC25541300DF5471042505DF0B
S21400B850547154152111208806987A0D00925129AA
S21400B8603E7500C100600840141102DB0C71073100
S21400B870315B31292A760C7004DF0872006180D9AA
S21400B8801E720698F61B00C0087008400698501EE8
S21400B8900698F61B1411FFD9607202982E1D0090B0
S21400B8A0009300A05415A111076910D9A6720825A7
S21400B8B008D8A071082510D89A71208821110698FA
S21400B8C07A0DFC255412112AF82554110C2520D87F
S21400B8D00871F025541110252029047621591815D1
S21400B8E0009202989A1C18B97179811010D80A71C2
S21400B8F088B8447800B8417888B9747908B9677907
S21400B90000F88110A0D8087188B9497900A00760AE
S21400B91002D8FA710698F61B108806988A130762F2
S21400B920076210DA087108211415F025541100C2B8
S21400B9300020FEFF2029127506985C1E01D90A72A7
S21400B94006982E0A0698D80800941CBB41100C20B6
S21400B9500698C0124111082114100698C01231280A
S21400B960441111120761FF31FF320122105210728A
S21400B9700769181404244413042438140C70076947
S21400B98021411814082408140298841340441471A2
S21400B99000C1B81E002114155113036B0FDB0C7287
S21400B9A0066D0698A807411500A00698D8080698C0
S21400B9B08A1308BB51140698941D4415FC2554158B
S21400B9C00298EA0788B900C3B01E00213413076343
S21400B9D008DB1A718113A0DB06714979107069794A
S21400B9E0076302DB087208B9677900F800A08111C6
S21400B9F0076102D9107188B975790698F61B14117B
S21400BA00FF3100A0FFB900A0041008211411F42192
S21400BA10081100A081110761076110310E710698A8
S21400BA20F61B08211411F821141100A034BA0000E6
S21400BA304CBA00002CBE00000000000064BA0000F3
S21400BA400600000000000000000000002CBE000001
S21400BA50000000003CBB00000400000000000000E6
S21400BA6000000000CCBB0000809C2B8F80841E0052
S21400BA70000000002200FF7F64000020000000009D
S21400BA800000000000000000CCBB0000809C2B8F54
S21400BA9080841E00000023002300B60064000020FF
S21400BAA0000000000000000000000000CCBB00000A
S21400BAB0809C2B8F80841E000000240024009D00A4
S21400BAC064000020000000000000000000000000ED
S21400BAD0CCBB0000809C2B8F80841E0000002500BD
S21400BAE025007D006400002000000000000000002B
S21400BAF000000000CCBB0000809C2B8F80841E00C2
S21400BB00000026002600530064000020000000000D
S21400BB100000000000000000CCBB0000809C2B8FC3
S21400BB2080841E00000027002700FF7F640000209E
S21400BB30000000000000000000000000FCBC000048
S21400BB40809C2B8F80841E00000000002400FF7F56
S21400BB50640000200000000000000000000000005C
S21400BB60FCBC0000809C2B8F80841E0000002500FB
S21400BB702500B40064000020000000000000000063
S21400BB8000000000FCBC0000809C2B8F80841E0000
S21400BB900000260026009900640000200000000037
S21400BBA00000000000000000FCBC0000809C2B8F02
S21400BBB080841E00000027002700FF7F640000200E
S21400BBC0000000000000000000000000F81F010157
S21400BBD04CBF00003400040000000000000000001D
S21400BBE000000000A0070000480001000000000060
S21400BBF0540002000000000000000000A000010049
S21400BC00FF4C00003030010011491000B840010020
S21400BC1000C0E30040410100EA008800186004000C
S21400BC20000000C61FC000000050000000D0320018
S21400BC3050600400FC006900410C00000000000099
S21400BC401100080078600C000804000000000000E6
S21400BC50BE031A00000000000000000001040C1AD9
S21400BC602F4653616862584935201407C491A06373
S21400BC705644332322529224E46007008108A1CB65
S21400BC8000000000198407059411CB48992006008F
S21400BC90016120008294EA870461030065B6110002
S21400BCA01E37000089BB000020610100FFDF000096
S21400BCB030610700E853FA000000000000000000B2
S21400BCC0000000000000000000000000000000006F
S21400BCD01470011000F8070014700130F80200001C
S21400BCE018700200000300006000278470700200D5
S21400BCF0C30000000F9C0300FFFFFFFFF81F0101B9
S21400BD0098BF00003400040000000000000000009F
S21400BD1000000000A007000048000100000000002E
S21400BD20540002000000000000000000A000010017
S21400BD30FF4C000030300100E3381000B84001002E
S21400BD4000C08300404101006D00880018600400B8
S21400BD50000000C61FC00100005000000080000068
S21400BD605060040018000500410C000008000000A8
S21400BD709100040078600C008C000C0000000000AD
S21400BD8014001A00000000000000000001040B1957
S21400BD902C404C59605B534736251B114AF33896A6
S21400BDA06745231211090000E46007008F0846CBA0
S21400BDB00000000023086404D007CB48912006004A
S21400BDC0F9541C008294EA8704610300515511005F
S21400BDD0B01B000089BB000020610100FFDF0000EF
S21400BDE030610700E853FA00000000000000000081
S21400BDF0000000000000000000000000000000003E
S21400BE001470011000F8070014700130F8000000EC
S21400BE1018700200000300006000A5837070020026
S21400BE20054100000F9C0300FFFFFFFFDC1F04011D
S21400BE3000000000000000000000000000000000FD
S21400BE40F01F02013F00370000000000FC1F010148
S21400BE500000000004000200018101000001000053
S21400BE601800020000000000010000002800030087
S21400BE70000000000000000000000000A400030016
S21400BE80FF4C0000FF4D0000FF4D000000200100A9
S21400BE900807000010200100AAAAAA001820010026
S21400BEA00060DA000830010013AC000134300100F5
S21400BEB0010000004030010000000000A04001002A
S21400BEC07A27000FF44001002010000034410200E1
S21400BED080080000E687000044410100C0E6524D9D
S21400BEE060410400000000000000000006000000A2
S21400BEF00600000014600100100000002860030027
S21400BF000000000300000000000000006060020067
S21400BF1029417671000000004C610100010000001C
S21400BF202070040000000000820000000000800175
S21400BF30D5000000487002003C3D0000BC1900001F
S21400BF407870010006E04900FFFFFFFF0D000000CB
S21400BF50388EE30000000000F4BF0000E4BF0000DD
S21400BF6000000000E070720080DE800280841E0008
S21400BF70010100001149000200000000000000005E
S21400BF8000000000000000000000000041841E00C9
S21400BF9000000000000000000D0000001CC771003B
S21400BFA000000000F4BF0000ECBF0000000000002E
S21400BFB018CC660080DE800240420F0001010000BF
S21400BFC0E33800020000000000000000000000004F
S21400BFD000000000000000005B420F0000000000B0
S21400BFE000000000B45F00005F05000028A000000D
S21400BFF0C4090000193F01060410010000010106F3
S21400C00000102700000C00000000000000000000E8
S21400C010000000007441FF7F0100000028C00000FF
S21400C020100000202D000000FF000000E40C0A00B5
S21400C03005050000DD3500007C9B0000FFFFFFFFCC
S21400C040BB3C0000B73C0000FF0EFE01FFFFFFFFF9
S21400C050FF000E0000000000A1510000FFFFFFFFE0
S21400C060FFFFFFFFFFFFFFFFFFFFFFFFFFFF0000D9
S21400C070FFFFFFFFED740000618B0000FFFFFFFF76
S21400C0800000000070000020000000000C180020D7
S21400C09074180020DC1800200000000000000000DB
S21400C0A0000000000000000000000000000000008B
S21400C0B0000000000000000000000000000000007B
S21400C0C0000000000000000000000000000000006B
S21400C0D000000000650100003D010000FFFFFFFFBB
S21400C0E0FFFFFFFFFFFFFFFFFFFFFFFFFFFFFFFF5B
S21400C0F0FFFFFFFFFFFFFFFFFFFFFFFFFFFFFFFF4B
S21400C100FFFFFFFFFFFFFFFFFFFFFFFFFFFFFFFF3A
S21400C110FFFFFFFFFFFFFFFFFFFFFFFFFFFFFFFF2A
S21400C120FFFFFFFFFFFFFFFFFFFFFFFFFFFFFFFF1A
S21400C130FFFFFFFFFFFFFFFFFFFFFFFFFFFFFFFF0A
S21400C140FFFFFFFFFFFFFFFFFFFFFFFFFFFFFFFFFA
S21400C150FFFFFFFFFFFFFFFFFFFFFFFFFFFFFFFFEA
S21400C160FFFFFFFFFFFFFFFFFFFFFFFFFFFFFFFFDA
S21400C170FFFFFFFFFFFFFFFFFFFFFFFFFFFFFFFFCA
S21400C180FFFFFFFFFFFFFFFFFFFFFFFFFFFFFFFFBA
S21400C190FFFFFFFFFFFFFFFFFFFFFFFFFFFFFFFFAA
S21400C1A0FFFFFFFFFFFFFFFFFFFFFFFFFFFFFFFF9A
S21400C1B0FFFFFFFFFFFFFFFFFFFFFFFFFFFFFFFF8A
S21400C1C0FFFFFFFFFFFFFFFFFFFFFFFFFFFFFFFF7A
S21400C1D0FFFFFFFFFFFFFFFFFFFFFFFFFFFFFFFF6A
S21400C1E0FFFFFFFFFFFFFFFFFFFFFFFFFFFFFFFF5A
S21400C1F0FFFFFFFFFFFFFFFFFFFFFFFFFFFFFFFF4A
S21400C200FFFFFFFFFFFFFFFFFFFFFFFFFFFFFFFF39
S21400C210FFFFFFFFFFFFFFFFFFFFFFFFFFFFFFFF29
S21400C220FFFFFFFFFFFFFFFFFFFFFFFFFFFFFFFF19
S21400C230FFFFFFFFFFFFFFFFFFFFFFFFFFFFFFFF09
S21400C240FFFFFFFFFFFFFFFFFFFFFFFFFFFFFFFFF9
S21400C250FFFFFFFFFFFFFFFFFFFFFFFFFFFFFFFFE9
S21400C260FFFFFFFFFFFFFFFFFFFFFFFFFFFFFFFFD9
S21400C270FFFFFFFFFFFFFFFFFFFFFFFFFFFFFFFFC9
S21400C280FFFFFFFFFFFFFFFFFFFFFFFFFFFFFFFFB9
S21400C290FFFFFFFFFFFFFFFFFFFFFFFFFFFFFFFFA9
S21400C2A0FFFFFFFFFFFFFFFFFFFFFFFFFFFFFFFF99
S21400C2B0FFFFFFFFFFFFFFFFFFFFFFFFFFFFFFFF89
S21400C2C0FFFFFFFFFFFFFFFFFFFFFFFFFFFFFFFF79
S21400C2D0FFFFFFFFFFFFFFFFFFFFFFFFFFFFFFFF69
S21400C2E0FFFFFFFFFFFFFFFFFFFFFFFFFFFFFFFF59
S21400C2F0FFFFFFFFFFFFFFFFFFFFFFFFFFFFFFFF49
S21400C300FFFFFFFFFFFFFFFFFFFFFFFFFFFFFFFF38
S21400C310FFFFFFFFFFFFFFFFFFFFFFFFFFFFFFFF28
S21400C320FFFFFFFFFFFFFFFFFFFFFFFFFFFFFFFF18
S21400C330FFFFFFFFFFFFFFFFFFFFFFFFFFFFFFFF08
S21400C340FFFFFFFFFFFFFFFFFFFFFFFFFFFFFFFFF8
S21400C350FFFFFFFFFFFFFFFFFFFFFFFFFFFFFFFFE8
S21400C360FFFFFFFFFFFFFFFFFFFFFFFFFFFFFFFFD8
S21400C370FFFFFFFFFFFFFFFFFFFFFFFFFFFFFFFFC8
S21400C380FFFFFFFFFFFFFFFFFFFFFFFFFFFFFFFFB8
S21400C390FFFFFFFFFFFFFFFFFFFFFFFFFFFFFFFFA8
S21400C3A0FFFFFFFFFFFFFFFFFFFFFFFFFFFFFFFF98
S21400C3B0FFFFFFFFFFFFFFFFFFFFFFFFFFFFFFFF88
S21400C3C0FFFFFFFFFFFFFFFFFFFFFFFFFFFFFFFF78
S21400C3D0FFFFFFFFFFFFFFFFFFFFFFFFFFFFFFFF68
S21400C3E0FFFFFFFFFFFFFFFFFFFFFFFFFFFFFFFF58
S21400C3F0FFFFFFFFFFFFFFFFFFFFFFFFFFFFFFFF48
S21400C400FFFFFFFFFFFFFFFFFFFFFFFFFFFFFFFF37
S21400C410FFFFFFFFFFFFFFFFFFFFFFFFFFFFFFFF27
S21400C420FFFFFFFFFFFFFFFFFFFFFFFFFFFFFFFF17
S21400C430FFFFFFFFFFFFFFFFFFFFFFFFFFFFFFFF07
S21400C440FFFFFFFFFFFFFFFFFFFFFFFFFFFFFFFFF7
S21400C450FFFFFFFFFFFFFFFFFFFFFFFFFFFFFFFFE7
S21400C460FFFFFFFFFFFFFFFFFFFFFFFFFFFFFFFFD7
S21400C470FFFFFFFFFFFFFFFFFFFFFFFFFFFFFFFFC7
S21400C480FFFFFFFFFFFFFFFFFFFFFFFFFFFFFFFFB7
S21400C490FFFFFFFFFFFFFFFFFFFFFFFFFFFFFFFFA7
S21400C4A0FFFFFFFFFFFFFFFFFFFFFFFFFFFFFFFF97
S21400C4B0FFFFFFFFFFFFFFFFFFFFFFFFFFFFFFFF87
S21400C4C0FFFFFFFFFFFFFFFFFFFFFFFFFFFFFFFF77
S21400C4D0FFFFFFFFFFFFFFFFFFFFFFFFFFFFFFFF67
S21400C4E0FFFFFFFFFFFFFFFFFFFFFFFFFFFFFFFF57
S21400C4F0FFFFFFFFFFFFFFFFFFFFFFFFFFFFFFFF47
S21400C500FFFFFFFFFFFFFFFFFFFFFFFFFFFFFFFF36
S21400C510FFFFFFFFFFFFFFFFFFFFFFFFFFFFFFFF26
S21400C520FFFFFFFFFFFFFFFFFFFFFFFFFFFFFFFF16
S21400C530FFFFFFFFFFFFFFFFFFFFFFFFFFFFFFFF06
S21400C540FFFFFFFFFFFFFFFFFFFFFFFFFFFFFFFFF6
S21400C550FFFFFFFFFFFFFFFFFFFFFFFFFFFFFFFFE6
S21400C560FFFFFFFFFFFFFFFFFFFFFFFFFFFFFFFFD6
S21400C570FFFFFFFFFFFFFFFFFFFFFFFFFFFFFFFFC6
S21400C580FFFFFFFFFFFFFFFFFFFFFFFFFFFFFFFFB6
S21400C590FFFFFFFFFFFFFFFFFFFFFFFFFFFFFFFFA6
S21400C5A0FFFFFFFFFFFFFFFFFFFFFFFFFFFFFFFF96
S21400C5B0FFFFFFFFFFFFFFFFFFFFFFFFFFFFFFFF86
S21400C5C0FFFFFFFFFFFFFFFFFFFFFFFFFFFFFFFF76
S21400C5D0FFFFFFFFFFFFFFFFFFFFFFFFFFFFFFFF66
S21400C5E0FFFFFFFFFFFFFFFFFFFFFFFFFFFFFFFF56
S21400C5F0FFFFFFFFFFFFFFFFFFFFFFFFFFFFFFFF46
S21400C600FFFFFFFFFFFFFFFFFFFFFFFFFFFFFFFF35
S21400C610FFFFFFFFFFFFFFFFFFFFFFFFFFFFFFFF25
S21400C620FFFFFFFFFFFFFFFFFFFFFFFFFFFFFFFF15
S21400C630FFFFFFFFFFFFFFFFFFFFFFFFFFFFFFFF05
S21400C640FFFFFFFFFFFFFFFFFFFFFFFFFFFFFFFFF5
S21400C650FFFFFFFFFFFFFFFFFFFFFFFFFFFFFFFFE5
S21400C660FFFFFFFFFFFFFFFFFFFFFFFFFFFFFFFFD5
S21400C670FFFFFFFFFFFFFFFFFFFFFFFFFFFFFFFFC5
S21400C680FFFFFFFFFFFFFFFFFFFFFFFFFFFFFFFFB5
S21400C690FFFFFFFFFFFFFFFFFFFFFFFFFFFFFFFFA5
S21400C6A0FFFFFFFFFFFFFFFFFFFFFFFFFFFFFFFF95
S21400C6B0FFFFFFFFFFFFFFFFFFFFFFFFFFFFFFFF85
S21400C6C0FFFFFFFFFFFFFFFFFFFFFFFFFFFFFFFF75
S21400C6D0FFFFFFFFFFFFFFFFFFFFFFFFFFFFFFFF65
S21400C6E0FFFFFFFFFFFFFFFFFFFFFFFFFFFFFFFF55
S21400C6F0FFFFFFFFFFFFFFFFFFFFFFFFFFFFFFFF45
S21400C700FFFFFFFFFFFFFFFFFFFFFFFFFFFFFFFF34
S21400C710FFFFFFFFFFFFFFFFFFFFFFFFFFFFFFFF24
S21400C720FFFFFFFFFFFFFFFFFFFFFFFFFFFFFFFF14
S21400C730FFFFFFFFFFFFFFFFFFFFFFFFFFFFFFFF04
S21400C740FFFFFFFFFFFFFFFFFFFFFFFFFFFFFFFFF4
S21400C750FFFFFFFFFFFFFFFFFFFFFFFFFFFFFFFFE4
S21400C760FFFFFFFFFFFFFFFFFFFFFFFFFFFFFFFFD4
S21400C770FFFFFFFFFFFFFFFFFFFFFFFFFFFFFFFFC4
S21400C780FFFFFFFFFFFFFFFFFFFFFFFFFFFFFFFFB4
S21400C790FFFFFFFFFFFFFFFFFFFFFFFFFFFFFFFFA4
S21400C7A0FFFFFFFFFFFFFFFFFFFFFFFFFFFFFFFF94
S21400C7B0FFFFFFFFFFFFFFFFFFFFFFFFFFFFFFFF84
S21400C800C00A002039280100830C0300830C0300B3
S21400C8106BFD0200830C0300830C0300830C0300F3
S21400C820830C0300830C0300830C0300830C0300BB
S21400C830830C0300B09B0300A30C0300830C0300CF
S21400C840830C030061830300830C0300830C030046
S21400C85005980200718303006D83030011A0020097
S21400C860658303005D270100830C0300830C03002F
S21400C870830C0300830C0300830C0300895701001C
S21400C880830C0300830C0300830C0300830C03005B
S21400C890830C0300830C0300830C0300830C03004B
S21400C8A0830C0300830C0300830C0300DD5501009A
S21400C8B045A002006983030095B9020081ED0000DF
S21400C8C081A00200BD5601007D810200830C03009A
S21400C8D0830C0300F9670100830C0300830C03003C
S21400C8E0830C0300830C03004D350100830C03000A
S21400C8F0830C0300830C0300830C0300000000007D
S21400C90001F0FF01102A2BDB10F0070F08D010F8FB
S21400C910013B013A8B422DD010F0070F42B3F6D1FF
S21400C920F0B441EA012141EA014122F007047FF018
S21400C93000070023F0E80256083C85EA010586EA6F
S21400C940010685FA47F5A3FA87F586FA47F6A5FAAB
S21400C95087F68EB9EED1F0BC01F0FF0102F00702B7
S21400C96032B110F8013B013A83EA010313B1F8D162
S21400C9700020704701387047002D06BF3546033843
S21400C980073815F0010F07D1013015F4807F02BF7C
S21400C990013015F4C03F0130F0BC0138704700BFCD
S21400C9A02DE9F84305462DED048B10461E460C4631
S21400C9B01FF0BCFBB24B9FEDB39A0022804689461F
S21400C9C01FF02EFC1FF00EFFAF4B002208EE100AE1
S21400C9D0494640461FF024FC1FF004FFAB4B09EE0F
S21400C9E0900A0022404649461FF01AFC1FF0FAFE45
S21400C9F007EE905A08EE900AF8EE677A39EE488A03
S21400CA0079EE699A79EE688A17EE907A042E00F22B
S21400CA108480DFE816F00500ED0141025C036F0339
S21400CA2038461FF0A5FB86A3D3E9002306460F462B
S21400CA301FF068FEB8B3FCEEC87AC4ED007ADFEDEE
S21400CA40947A77EEC87A17EE900A1FF091FB32467A
S21400CA503B461FF0E5FB7CA3D3E900231FF00AFD4D
S21400CA60804618EE100A89461FF082FB02460B46E7
S21400CA70404649461FF01EFA1FF094FE74A3D3E901
S21400CA8000236060394630461FF03CFE002840D147
S21400CA9071A3D3E90023304639461FF033FE002841
S21400CAA000F07A819DE06AA3D3E900233046394638
S21400CAB01FF028FEA8B362A3D3E900233046394608
S21400CAC01FF0F6F9DFED727A77EEC87A064617EEB3
S21400CAD0900A0F461FF04CFB02460B46304639467E
S21400CAE01FF09EFB5EA3D3E900231FF0C3FC06469F
S21400CAF018EE100A0F461FF03BFB0B46024639465F
S21400CB0030461FF0D7F91FF04DFE40F2CF232060CD
S21400CB106360BCEEC88A84ED028ABDEC048BBDE877
S21400CB20F8834DA3D3E90023304639461FF0EAFDCB
S21400CB30002840F035814CA3D3E90023304639461F
S21400CB401FF0E0FD002800F0A98032463B4646A1D3
S21400CB50D1E900011FF0ACF94E4B00221FF060FB3C
S21400CB6043A3D3E900231FF085FC4B4B00221FF0A4
S21400CB70A1F91FF017FE206037A3D3E90023304643
S21400CB8039461FF0BFFD002800F00D8132463B46B7
S21400CB9031A1D1E900011FF08BF9DFED3D7A77EE88
S21400CBA0C87A804617EE900A89461FF0E1FA0246D8
S21400CBB00B46404649461FF033FB2FA3D3E900231C
S21400CBC01FF058FC804618EE100A89461FF0D0FA6F
S21400CBD002460B46404649461FF06CF91FF0E2FD40
S21400CBE060601BA3D3E90023304639461FF060F986
S21400CBF0DFED277A77EEC87A064617EE900A0F46DC
S21400CC001FF0B6FA02460B46304639461FF008FBC0
S21400CC1019A3D3E900231FF02DFC064618EE100AD0
S21400CC200F461FF0A5FA02460B46304639461FF05F
S21400CC3041F91FF0B7FDA0606FE700BFAFF30080BB
S21400CC40EFEEEEEEEEEE6740EFEEEEEEEECE674087
S21400CC50ABAAAAAAAAEA6D403333333333F3714042
S21400CC60F0EEEEEEEE6E4740E17A14AE4785734086
S21400CC70E07A14AE47213840ECEEEEEEEE6E47401A
S21400CC8000004E400040344400003E4000002E406D
S21400CC9000C03344007086400000F03FB5F5B37F17
S21400CCA061D8D1A3D3E90023304639461FF000F9F6
S21400CCB0F7EE007A78EE677A804617EE900A894695
S21400CCC01FF056FA02460B46404649461FF0A8FAA1
S21400CCD0C7A3D3E900231FF0CDFBCD4B00221FF0E6
S21400CCE0E9F81FF05FFDBEA3D3E9002320603946B4
S21400CCF030461FF007FD00287FF448AFBAA3D3E9FB
S21400CD000023304639461FF0FDFC002853D1B6A359
S21400CD10D3E90023304639461FF0CAF8DFEDBD7A66
S21400CD2077EEE87A064617EE900A0F461FF020FACE
S21400CD3002460B46304639461FF072FAACA3D3E9DA
S21400CD4000231FF097FB064618EE900A0F461FF0CA
S21400CD500FFA02460B46304639461FF0ABF81FF076
S21400CD6021FD606018E0FCEEC87A9DA3D3E900239D
S21400CD70C4ED007A304639461FF0C4FC00287FF424
S21400CD8005AF99A3D3E90023304639461FF0BAFC15
S21400CD9088B940F2CF23636040F2CF23A360BCE69D
S21400CDA040F2CF20E7E690A3D3E900233046394689
S21400CDB01FF0A8FCC0B18AA3D3E900233046394649
S21400CDC01FF076F878EEC87A804617EE900A894605
S21400CDD01FF0CEF902460B46404649461FF020FAA1
S21400CDE085A3D3E9002339E6B5F5B37FD1D88EE71E
S21400CDF0082D3AD8DFE805F0050F17202A3939390B
S21400CE003200FCEEC87A40F2CF23C4ED007AC4EDBF
S21400CE10027A636081E640F2CF23BCEEC88A2360C4
S21400CE2084ED028AF5E740F2CF23BCEEC88A236081
S21400CE30A36084ED018A70E60123236040F2CF23CD
S21400CE40FCEEE88AA360C4ED018A66E6BCEEC88AFA
S21400CE5040F2CF2384ED008AA360DAE7FCEEE87A9E
S21400CE600123236017EE903AF6E76B4B002240460C
S21400CE7049461FF0D5F91FF0B5FC07EE900A39EECB
S21400CE80679AFCEEC97AFCEEE99AC4ED007AC4ED26
S21400CE90027AC4ED019A40E63B2D1CD8FCEEC87A17
S21400CEA040F2CF23C4ED007ADFED5A7A636077EE66
S21400CEB0C87A17EE900A1FF05BF980463846894616
S21400CEC01FF056F902460B46404649461FF0A8F9A1
S21400CED0524B00229FE6772D47D838461FF048F978
S21400CEE002460B4606460F4600204C491EF0E0FF61
S21400CEF0F7EE007A78EE677A804617EE900A894653
S21400CF001FF036F902460B46404649461FF088F9A0
S21400CF10424B00221FF0AEFA804618EE100A8946F1
S21400CF201FF026F902460B46404649461EF0C2FF51
S21400CF301FF038FC32463B46206031A1D1E90001A3
S21400CF401EF0B6FFDFED337A77EEE87A064617EE88
S21400CF50900A0F461FF00CF902460B46304639463B
S21400CF601FF05EF92D4B0022EBE6B32D5CD8384659
S21400CF701FF0FEF82A4B002206460F461EF098FFCA
S21400CF80284B00221FF04CF9244B00221FF072FAA7
S21400CF901F4B00221EF08EFF1FF004FC32463B465D
S21400CFA0206019A1D1E900011EF082FF78EEC87A50
S21400CFB0064617EE900A0F461FF0DAF802460B46B2
S21400CFC0304639461FF02CF9144B00221FF052FA57
S21400CFD006460F4618EE100AB9E600BFAFF300800B
S21400CFE03333333333F37140E17A14AE47857340FD
S21400CFF0F8285C8FC2D54640E07A14AE4721384008
S21400D0000000000000C05D400000000000606640B8
S21400D0100000F03F00C033440080464000804D4092
S21400D02000005E4000708640FCEEC87A40F2CF20DA
S21400D030EF2D17EE906A20601AD8C4ED017A3846B4
S21400D0401FF096F802460B4630A1D1E900011EF00B
S21400D0502FFFDFED2B7A77EEC87A064617EE900A9A
S21400D0600F461FF085F802460B46304639462DE738
S21400D070B5F5967F28D238461FF07AF8214B002265
S21400D0801EF016FFDFED1E7A77EEC87A804617EEA2
S21400D090900A89461FF06CF802460B464046494601
S21400D0A01FF0BEF8184B00221FF0E4F9804618EE79
S21400D0B0100A89461FF05CF802460B464046494671
S21400D0C01EF0F8FE1FF06EFBC4E9010625E5B5F577
S21400D0D0967F40F2CF233FF6A0AE962D3FF6A5AE44
S21400D0E03C2D02D901222260AAE6BCEEC88A84ED55
S21400D0F0008AB1E6FCEEC87AC5E600BFAFF3008052
S21400D10000C0334400006E4000804D400000000028
S21400D11000E06D400000000007EE900AF8EE677A27
S21400D12008B517EE900A1FF023F81D4B00221FF0DB
S21400D130A1F91FF037FB80B2B0F5E17F20D3B0F540
S21400D140FA6F1FD8A0F5E17007EE900AF8EEE77ABE
S21400D15017EE900A1FF00CF80DA3D3E900231FF07A
S21400D1605FF80DA3D3E900231FF084F91FF03AFB04
S21400D17007EE900AFCEEE77A17EE903A98B208BDF2
S21400D1800020FCE74FF4B470F9E700BFAFF300806F
S21400D1900000000000707640000000000038984054
S21400D1A0000024400000000038B5174BD3F81C419F
S21400D1B005F0AAF9F3210546002006F043FAC4F369
S21400D1C00B14A4EB101420B207EE900AF8EEE77AE0
S21400D1D017EE900A1EF0CCFF09A3D3E900231FF038
S21400D1E01FF81FF0B7FA05FA80F0143000EB800045
S21400D1F0400000B220EAE07080B238BDAFF3008095
S21400D2009F88EA52C83AC53F0081E00F0000000040
S21400D21040F2E633984210B504463CD81EF096FF1E
S21400D220952C4FF000020AD81F4B1FF023F91F4B16
S21400D23000221EF0F5FF1FF0B5FA80B210BDB4F55F
S21400D240617F15D91A4B1EF033FE184B00221EF0D4
S21400D250E7FF154B00221FF00DF91FF0A3FA80B26E
S21400D2601EF074FF0EA3D3E900231EF023FEE2E7B0
S21400D2700D4B1EF01DFE0F4B00221FF0FBF80E4B51
S21400D28000221EF0CDFF1FF08DFA80B21EF05EFF6A
S21400D290064B0022E9E740F26710CFE7AFF30080C5
S21400D2A00000000000C072400000594000004E40E0
S21400D2B000208C400000894000006E400000000006
S21400D2C0F8B505462DED088B144608EE901A002A90
S21400D2D06ED090F8A600DFED4CAADFED4C9A9FEDDD
S21400D2E04C9A9FED4C8A06F02BFD83880AEE103A86
S21400D2F0B4F5FA7FF8EE688AB8EE4AAA3ED207EE90
S21400D300904AF8EE677A17EE900A1EF031FF024652
S21400D3100B46002040491EF0CBFD3F4B00221FF07D
S21400D320A9F81FF05FFA0BEE100A1AEE100A1EF0AC
S21400D3301FFF06461BEE100A0F461EF019FF30A30D
S21400D340D3E900231EF06CFF02460B4630463946F2
S21400D3501EF0AEFD1FF046FADFED307A4BEE67AA00
S21400D360DFED2F7A4BEE679ADFED2E7A0BEE679A9B
S21400D370DFED2D7A0BEE278A0AEE100A95F8A60046
S21400D38006F0DEFCF4EEEA8AF1EE10FA14DD78EE32
S21400D390EA8A3AEE6AAADFED257A88EE8A7A77EE8E
S21400D3A0C97A07EE279ABCEEC99A19EE103A9CB2D3
S21400D3B0BDEC088B2046F8BDF4EEE98AF1EE10FAD3
S21400D3C011D8438907EE903AF8EE677A79EEE88A44
S21400D3D079EEE79AC8EEA97A07EEC88ABCEEC88A44
S21400D3E018EE103AE3E778EEE98A7AEEE9AA39EE23
S21400D3F0489AC8EEAA7A07EE898AEFE7AFF300806C
S21400D40000000000806FD04000176047009D2E4748
S21400D410000075440000484200407F400088D14527
S21400D42000D06845000002430000C84200007A446D
S21400D43070B5414C00238AB0E363054618B10088F6
S21400D44023600EF0BBFF3D4E3D482AF089FB3D4B66
S21400D450336030463C4B736026F09CFC002130461F
S21400D46018F0F2FA32A3D3E90023A062C4E9062337
S21400D47026F09BFCD4E9062319431043C4E90601B1
S21400D480CDE900014FF0FF334FF0FF32A06A2AF0DB
S21400D490E9FB02224FF0FF31A06A2AF0E5FB0120EB
S21400D4A00EF01EFC2949A06A4FF4007300222AF0F1
S21400D4B03DFCB0F5007F38D10023CDE90733099352
S21400D4C094223C23CDE903320593A06A962303A950
S21400D4D0069318F0DDFB35B3287C0FF00FF80546F1
S21400D4E0F0B9A06A2AF0FFFC0EF0B6FF0EF0DAFBE9
S21400D4F020B14FF4807000210BF064FB0EF0E2FBCD
S21400D50020B14FF4006000210BF05CFB26F011FD0B
S21400D510012018F0EDFA0E4A0E49A06A26F038FCF3
S21400D52028460AB070BDFF20D7E70725F8E700BFFA
S21400D5300DD5015520000000601900207C25002034
S21400D540690345EC65BB01008C2500207C23002088
S21400D550393D0300793D03000348044B834202D063
S21400D560034B03B1184770473C1900203C190020B4
S21400D570000000000548064B1B1AD90F01EBA3015B
S21400D580491002D0034B03B1184770473C190020DE
S21400D5903C1900200000000010B5064C237843B963
S21400D5A0FFF7DAFF044B13B10448AFF30080012302
S21400D5B0237010BD0C3000200000000038D403009B
S21400D5C008B5054B1BB105490548AFF30080BDE81B
S21400D5D00840FFF7CFBF00BF00000000801B002000
S21400D5E038D40300A3F5803A704700BF174B002BD2
S21400D5F008BF134B9D46FFF7F5FF00218B460F46ED
S21400D6001348144A121A2BF070F90E4B002B00D058
S21400D61098470D4B002B00D09847002000210400AF
S21400D6200D000D48002802D00C48AFF300801FF014
S21400D63099FD2000290023F007FC1FF0F3FA00BF35
S21400D640000008000000000000000000C00A0020E3
S21400D6503C1900208C320020000000000000000072
S21400D66008B5124BA822002118462BF03EF90322DB
S21400D6700346026142610E480E4A98614FF480618B
S21400D680DA61002219629A625A62DA6218660A48F9
S21400D6905866996609491A67DA665A6711F8010DDD
S21400D6A098540132102AF9D108BD00BF9418002002
S21400D6B060980300941400209410002079980300CA
S21400D6C02DE9F84FDFF8808098F80030532B82461B
S21400D6D08946164601D0FFF7C3FF182707FB0A87BF
S21400D6E03D6FD7F86CB05D452BD9BC6E796E641B68
S21400D6F0B44228BF34462944484622462BF00FF948
S21400D700BB6E2544A144361BAB4208BF0025ABEBDD
S21400D710050B5E4528BF5E4656B1182303FB0A83F9
S21400D7203246596E484629442BF0F9F834443544BD
S21400D73024B1182303FB0A88C8F870502046BDE8B9
S21400D740F88F0024E3E700BF94180020F8B5144BC8
S21400D750182700FB07751D4407FB00330E46DB6ADF
S21400D760012B14460AD0022B14D023B9284620F0E9
S21400D770F9FE844208D900242046F8BD284620F049
S21400D780F1FE844228BF044622463146284620F051
S21400D790F2FEF1E72846BDE8F84020F007BF00BFDC
S21400D7A094180020F8B50B4B1B78532B04460D46F7
S21400D7B0164601D0FFF754FFEFF311874FF0200114
S21400D7C081F31188324629462046FFF7BFFF87F3CC
S21400D7D01188F8BD941800202DE9F041164C1E461D
S21400D7E02378532B05468846174601D0FFF738FFA7
S21400D7F0022D1DD8EFF3118C4FF0200181F3118814
S21400D80065B1182005FB0003E21844F80380576052
S21400D81000FB05420023166293625362182303FB43
S21400D8200544069BE3628CF311880020BDE8F08176
S21400D8304FF0FF30FAE700BF941800202DE9F843B8
S21400D840154E1F463378532B05468946904601D021
S21400D850FFF706FF022D1BD8EFF311824FF02001D1
S21400D86081F3118855B1182404FB05640023C4F81D
S21400D8706090C4F86480A7662367E366182303FBFA
S21400D8800566089B736782F311880020BDE8F8835D
S21400D8904FF0FF30FAE700BF94180020044B1B68D7
S21400D8A0584043085B4240421843C017704700BFC9
S21400D8B0981B0020F8B50E46C9880546144620F089
S21400D8C0C0FE0746D0B92046FFF7E8FF104B316888
S21400D8D01A68B5F90430424023EA0203B6F9042078
S21400D8E0024013430446AB80F2880346286800F0E3
S21400D8F00DFAF388E888E443834201D33846F8BD3E
S21400D900296851F82320224041F823200133F3E709
S21400D910981B00202DE9F04F99B083460F46184615
S21400D92000211646049320F0E9FF002800F08781C6
S21400D930784B14930024012515AB049913933046B5
S21400D940CDE90B45CDE90D45CDE90F45CDE91145AE
S21400D95020F05DFFA04228DABBF1000F05D1E7B941
S21400D9600024204619B0BDE8F08F2146584620F026
S21400D970DCFE04460028F2D00BA820F054FE0DA8CA
S21400D98020F051FE0FA820F04EFE11A820F04BFE0E
S21400D9900C2115A800F0A2FEE3E73146384620F039
S21400D9A08FFE04460028E7D1DAE731460BA820F0C0
S21400D9B087FE04460028DFD104990DA820F080FEDB
S21400D9C004460028D8D1F188ADF8385002310FA8A7
S21400D9D0ADF8305020F035FE04460028CCD1014684
S21400D9E00FA820F0A2FE04460028C5D1F18811A891
S21400D9F0023120F026FE04460028BDD10DA820F0F6
S21400DA00C0FE00F01F001F2873D0C0F11F03194688
S21400DA100BA8019320F0D5FE04460028ACD101994E
S21400DA200DA820F0CEFE04460028A5D1BDF8325041
S21400DA30BDF83A80A5EB080A4FEA4A1949460DA8F0
S21400DA4020F0BFFE0446002896D14FEA8A0A0DA9A8
S21400DA500BA820F00BFF00284DDA49460DA820F051
S21400DA60CDFE0446002887D108F1FF3302939B00C1
S21400DA7005F1FF3A069305F1804508F18043023B25
S21400DA80013D9B00A5EB08050993AB000393029BA1
S21400DA909A4541D8BBF1000F0DD00FA9584620F08B
S21400DAA00FFE002840F0C780049AB388928813FBC4
S21400DAB002F3ABF80430002F3FF45EAF01990BA8D9
S21400DAC020F09CFE002840F0B680B388ADF83030D9
S21400DAD00BA9384620F0F4FD0146002840F0AD8042
S21400DAE0384620F00BFF00287FF446AF0123BB80AA
S21400DAF042E701949AE70F9A52F80A300BA90133CD
S21400DB0042F80A3008460DAA20F0DEFF0446002838
S21400DB109DD031E7010003000D9B069A0593134440
S21400DB20DDF82C900893059B59F82A109A580F9DFB
S21400DB304FEA8A08A8F104030793039B91421D4409
S21400DB4074D20798002359F800001EF0EBFE002957
S21400DB5014BF4FF0FF330346BAF1010F2B6016BF18
S21400DB6009EB0803002353F8083C1593079B099A12
S21400DB7059F80330169359F8083017932B68013379
S21400DB802B60059B134498462B68013B2B600021B5
S21400DB9011A820F0CAFD00284DD1029B002B48D0CA
S21400DBA0D8F80020119B1A60089A12685A6011A9CA
S21400DBB02A68084621F011F800283CD113A911A8BC
S21400DBC020F054FE0028DFDC2A680DA911A821F0F9
S21400DBD004F880BB039B4FEAC308414611A820F017
S21400DBE0F0FD40BB0BA9084611AA20F06DFF0146C8
S21400DBF018BB0BA820F082FE002812DA0DA911A887
S21400DC0020F05EFDB8B9414611A820F0DAFD90B9C3
S21400DC100BA911AA084620F054FF60B92B68013BF7
S21400DC202B60039B0AF1FF3A043B2FE74FF0FF33CC
S21400DC3092E7029AB6E704469EE60C469CE66FF02C
S21400DC400B048EE6044B1B68584043085B42404278
S21400DC501843C017704700BF981B002010B50B4C28
S21400DC60226823684240594081EA0200C00FFFF74D
S21400DC70E9FF2368521A434022EA03020840104391
S21400DC80BDE81040C00FFFF7DDBF00BF981B0020A7
S21400DC90F8B50D46014628681746FFF7DFFF084B24
S21400DCA01E68C1430124BC4202D346EA0100F8BD07
S21400DCB055F82400FFF7C6FF01340643F3E700BF1C
S21400DCC0981B0020104B2DE9F0471E6888461968FF
S21400DCD01D680746541E631C02D13046BDE8F08717
S21400DCE058F824A057F8249050464946FFF7B6FF48
S21400DCF0514605434846FFF7B1FF20EA05031E4399
S21400DD000543013CE7E700BF981B00208842F0B5BA
S21400DD1004D0094F04380025AA4200D1F0BD3E6861
S21400DD2050F8044F5E4024EA060451F825601E4071
S21400DD30344304600135EFE7981B00202DE9F04FCF
S21400DD4085B0DFF8889003911C46064621461046AB
S21400DD50D9F80030D9F8003020F0C0FFC51D272DB7
S21400DD604FEAD50325F00705904602938CBF4FF087
S21400DD701E0A4FF0FA0A2D1A0F9B0093029A0E9B6A
S21400DD802146304621F0A7F90746C0B92A46214663
S21400DD90304621F01CF8BAF1010A14D0224631466A
S21400DDA00398FFF775FF2246834641463046FFF745
S21400DDB089FFD9F800200BEA00039A42DCD03846E7
S21400DDC005B0BDE8F08F6FF00D07F8E7981B002050
S21400DDD0044B0246586800B9704719789142FBD048
S21400DDE00833F7E77C98030010B50446A8B1006C2A
S21400DDF010B14C2121F071FEE06B40B12368074A58
S21400DE00DB79C3F3840352F823305B6998472046D6
S21400DE104821BDE8104000F061BC10BDC00A0020DB
S21400DE2038B505460C4681B1482200212AF05DFD32
S21400DE30E379084AC3F3840352F823301B699847F2
S21400DE40E86320B12C60002038BD0348FCE7034897
S21400DE50FAE700BFC00A0020009FFFFF809EFFFF7A
S21400DE60F0B58BB0044604A817461E460D4621F0B2
S21400DE7057FC00230293119B0193109B00932046AE
S21400DE803B46324604A900F01BFB044640B904A8F2
S21400DE9021F0BFFC50B904A9284620F011FC044626
S21400DEA004A821F06CFC20460BB0F0BD004CF7E750
S21400DEB080B0FFFF70B50C460646114620461A464F
S21400DEC020F01EFE0546A0B9B36C33B9321D2146BC
S21400DED02046BDE8704020F0B1BEB4F90430002BF7
S21400DEE009DB204620F04DFCF36BB0EB430F09D95D
S21400DEF0184D284670BD0146204620F0FFFC00283D
S21400DF00EFD0F5E7B36C2046984705460028F0D1D9
S21400DF100436B4F90430002B04DA0021204620F041
S21400DF20EDFC68B93146204620F0A0FC0028E0DB76
S21400DF3032462146204620F042FD0028F2D006E078
S21400DF4032462146204620F0BCFD0028E1D005469A
S21400DF50CFE700BF80B0FFFF38B50D46044600216E
S21400DF6005F1100020F0CAFC50B1204622F0BBFAA2
S21400DF7028B129462046BDE8384002F02BBA0148B1
S21400DF8038BD00BF80B1FFFF2DE9FF410E460546B4
S21400DF90012106F1100020F0B1FC044650B92846D5
S21400DFA021F0B5FB01287AD12146304620F0A6FCA8
S21400DFB0002801DA3B4C6EE006F108082146404690
S21400DFC020F09CFC0028F5DB2F1D3946304620F05B
S21400DFD04DFC0028EEDA3946404620F047FC002883
S21400DFE0E8DA684620F01AFB02A820F017FB434642
S21400DFF0424669462846FFF75DFF0446002844D19E
S21400E0003346324602A92846FFF754FF0446002846
S21400E0103BD1EB687BBB02A90322084620F058FDE3
S21400E020044690BBBDF90C30002B04DA002102A890
S21400E03020F064FCC8B902AA334611462846FFF70A
S21400E04039FF044608BB02AA05F114031146284608
S21400E05021F0F2FA0446C0B902A9684620F006FC90
S21400E060104B041E18BF1C460FE002A93A4608468D
S21400E07020F027FDD4E702AA05F10C031146284636
S21400E08021F0DAFA04460028D5D0684620F0CBFA0C
S21400E09002A820F0C8FA204604B0BDE8F081024C81
S21400E0A0F9E700BF80B3FFFF80B0FFFF38B5054635
S21400E0B021F02DFB01280C4601460DD1204620F00C
S21400E0C01DFC002806DB05F13401204620F0CEFBBF
S21400E0D0002803DB024838BD0248FCE70020FAE7C8
S21400E0E080B3FFFF80B0FFFF2DE9F04FB5B00546C7
S21400E0F001919246994622F0F6F90290A0B1284680
S21400E10022F0F6F9044658B951462846FFF7CEFFE6
S21400E110044628B949462846FFF736FF044698B114
S21400E120284622F0E7F981E151462846FFF7BEFF70
S21400E1300446002840F07A8149462846FFF724FF27
S21400E1400446002840F07281284621F0E0FA0128B3
S21400E15040F0AD812B6C1821013302204FEA5308A2
S21400E16021F0F9FC0646002800F09F8106F118070A
S21400E17021F0D6FA384621F0D3FA002413AB18194A
S21400E180083420F04BFA202CF8D14946304621F0CE
S21400E1902AFB0446002841D18346D84520D139467B
S21400E1A02846FFF7D9FE0446C0BB284622F09BF956
S21400E1B030B33B4632463946284601F05DFF0446FA
S21400E1C060BB39462846FFF7C7FE044630BB06F15B
S21400E1D0100020F028FA06F1280020F024FA1DE0AE
S21400E1E00123BBFBF8F103FA01F2D2B2182308FBB5
S21400E1F011B103FB026929B1284622F074F950BB1D
S21400E200AC4C0BE002F0FE0101EB520106EBC10143
S21400E210484621F0E8FA04460028EDD04FF0000901
S21400E22013AB03EB090009F1080920F0FCF9B9F17A
S21400E230200FF5D1D4B1AB6D9E4208D0304621F008
S21400E2409EFA384621F09BFA304621F094FC01985D
S21400E25021F095FAE6E04A464946284602F004F8D8
S21400E26004460028DAD10BF1010B96E705A820F04A
S21400E270D5F905F1340B0BA820F0D0F92146584605
S21400E28020F06FFA012840F0D8802146504620F052
S21400E29068FA5146814605A820F012FA044630B1C5
S21400E2A00BA820F0C0F905A820F0BDF9C3E7524638
S21400E2B059460BA820F008FC04460028F0D1B9FA0D
S21400E2C089F94FEA59194A460BA905A8FFF7F2FA49
S21400E2D004460028E4D1014608F1010213A80DF116
S21400E2E04C0B2AF002FBA2465B46D045039300F097
S21400E2F0A180514605A820F034FA039B1C7808EB51
S21400E3000A01044305A820F02CFAE4B2039B44EA71
S21400E310400403F8014B0AF1010AE6E79BF8010006
S21400E3209BF8003080EA020C6FEA0C0101F0010154
S21400E33013FB01F3104003EA0C0283EA0C030BF80C
S21400E340013F1BF8013C43EAC11302430BF8013CB2
S21400E3500134A245E2D20BA820F065F905A820F00A
S21400E36062F905A821F0DCF900240BAB1819083473
S21400E37020F054F9202CF8D10AF1D0036B4401990F
S21400E38013F8843C3246284621F080F9044648B902
S21400E3903E9B002B00F08480284622F0A4F800283C
S21400E3A04DD1444C05A821F063F94FF000080BABA3
S21400E3B003EB080008F1080820F035F9B8F1200F43
S21400E3C0F5D1002C7FF437AF01994A46284621F054
S21400E3D00FF9044600287FF42EAF3E9B73B1284603
S21400E3E022F081F800285ED0DDE93E230199284618
S21400E3F001F090FD044600287FF41DAF01992846E1
S21400E400FFF7AAFDAB6D9E42044608D0304621F0C9
S21400E410B6F9384621F0B3F9304621F0ACFB002CB3
S21400E4207FF415AF029B002B7FF47AAE204635B002
S21400E430BDE8F08F002201248BE71F4CFBE6DDE9E8
S21400E4403E230199284601F065FD48B30446A9E736
S21400E45028460AF1FF3A22F046F80028A1D0019A91
S21400E4602846114601F000FF0028EFD118F80A30C0
S21400E470324605A9284621F009F90028E6D12846A3
S21400E48022F031F800288CD0019A05AB11462846B8
S21400E49001F0F2FD0028D9D1BAF1000FD8D181E7FA
S21400E4A00DF14C08F8E7034CC5E6044CCFE6024CE9
S21400E4B0B8E700BF80B1FFFF80B0FFFF80B2FFFF6C
S21400E4C030B4DDE9024524B1CDE9024530BCFFF7A2
S21400E4D00BBE014830BC704780B0FFFF73B50546E1
S21400E4E01E4621F014F901280C4601460ED11346AB
S21400E4F0009605F13402204620F0D2FB044B10F1C2
S21400E5000E0F18BF0346184602B070BD014BFAE75F
S21400E51000B3FFFF80B0FFFF38B504460D4621F07C
S21400E52032F9204621F00AF9032D257023D1144B29
S21400E530144AA3606260A361134AA3632362A362C2
S21400E540124B62616362124A62634FF00113114A12
S21400E5502363114BE362E261201D20F012F9E063B1
S21400E56004F1340020F00DF920640020C4E9160000
S21400E5700123636438BD002308482370FAE700BF10
S21400E58001000800709903005099030010990300D9
S21400E590F098030030990300C80A002080B1FFFFFE
S21400E5A037B50446002529464561282218302AF04A
S21400E5B09CF92046256121F058FA0123009304496E
S21400E5C020232A46204621F0BBF903B030BD00BF09
S21400E5D05D050300082804D00928034818BF00205A
S21400E5E070470248704700BF909903009399030054
S21400E5F070B50D461646044600B109B9104870BD00
S21400E6000023C0E9023301600B78082B01D0092BE8
S21400E610F4D16C21012021F09EFAA06070B121F0A7
S21400E62086FF0EB90020EAE7A978022021F093FAC7
S21400E630E0600028F6D1204621F01BFA0148DEE70C
S21400E64000AFFFFF80AEFFFF30B1036823B11B7839
S21400E650082B03D0092B05D003487047012180689A
S21400E66001F0E6BF0021FAE700AFFFFF30B1036814
S21400E67023B11B78082B03D0092B01D00248704722
S21400E680806821F058BF00BF00AFFFFF30B10368BD
S21400E69023B11B78082B03D0092B01D00248704702
S21400E6A0806821F04FBF00BF00AFFFFF10B40446E4
S21400E6B0084611461A4624B12378082B05D0092BA4
S21400E6C008D005485DF8044B704701235DF8044BFD
S21400E6D021F00DBA0023F9E700AFFFFF10B50A4698
S21400E6E0044619B1024B00211B68984710BD00BFB5
S21400E6F0CC0A00204FF0005302221A60BFF34F8F5F
S21400E7000549064BCA6802F4E0621343CB60BFF3C8
S21400E7104F8F00BFFDE700BF00ED00E00400FA05E4
S21400E720024A034903480EF0F1B900BF9899030066
S21400E730C0990300089A030038B500F0BFFA094CE8
S21400E740094B1A6823680025C31A2AB123B15169F8
S21400E750994203D3C91A5161206038BD55615B1ACE
S21400E7609268F2E7A01B0020A41B0020C38870B5A7
S21400E77004460D463BB921F0C9FA8542064602D248
S21400E78021F0C6FA35460E4965610B688BB90C60F8
S21400E790A3600DE0AD1A9A68656118466AB1134623
S21400E7A05A69AA42F6D930B18460521BA3605A61F6
S21400E7B070BD0020F4E70C60F7E79C60A260F7E706
S21400E7C0A41B002038B5134D2B685B6993B1124A21
S21400E7D0146802201C4400F0A5FA204600F074FAE3
S21400E7E00E492A6800230B70D088800709D50123BC
S21400E7F00B7038BD022000F095FA022000F0B8FA3F
S21400E800EEE79268002AF4D050690344012BEBD956
S21400E810EFE700BFA41B0020A01B00200E30002046
S21400E82070B516469DF814200271049A0260C0E97D
S21400E83003360022BDF81830826004460D46C380B9
S21400E840EEB900F03BFA2844A0619DB12E4621F0B7
S21400E85039FF0546FFF770FF31462046FFF786FF73
S21400E860104B1B68A34201D1FFF7ACFF284621F0EE
S21400E8702DFF02E0E36865617BB9002070BD00F003
S21400E8801DFA3044A061002DE0D1E3686561002BDD
S21400E890DDD0216820469847D9E72168204698476A
S21400E8A0EBE700BFA41B00200C490B6800227BB1DD
S21400E8B083420AD183687AB1936083681BB15A6930
S21400E8C041690A445A61002070471A469B68EEE781
S21400E8D00028EFD0022070470B60EEE7A41B002054
S21400E8E070B5154E21F0F5FE34780546FCB9134B8D
S21400E8F01C60134B1C60134B1C8000F09BF901201E
S21400E90000F010FA00F054FA0F4B0246186020B9D7
S21400E910284621F0E4FE232070BD23460B4840F233
S21400E920E7311DF0FFFF0A4B1860012333702846BD
S21400E93021F0D5FE0020EFE70F300020A41B0020BA
S21400E940A01B0020442D0020A81B002018FCFFFF61
S21400E9509C1B002070B5044640B321F0B3FE144E55
S21400E9600546FFF7E9FE3068A04209D02046FFF7CB
S21400E9709BFF0446B0B1284621F0A8FE204670BD95
S21400E980FFF792FF04460028F5D133683BB9022012
S21400E99000F0D6F9284621F099FE0024EEE7FFF7AE
S21400E9A011FFF7E73368002BF4D1F0E72224E5E700
S21400E9B0A41B002038B50C460546A8B1A1B100231B
S21400E9C00B7021F086FE094B1B68012133B921F03C
S21400E9D086FE002038BD9D4204D121702278002A90
S21400E9E0F9D0F4E79B68F1E72220F3E7A41B0020A8
S21400E9F0014B1868704700BFA81B0020F8B50C4BE9
S21400EA001B68834205460E460FD30A4B00241F6838
S21400EA1040F2E73021464FF47A720023E5FB070107
S21400EA201DF080FF30602046F8BD2120FCE700BFC7
S21400EA309C1B0020A81B0020F0B587B01F460023B3
S21400EA400C4616468DF81330054650B30DF11301EB
S21400EA50FFF7B0FF9DF813302BBB05A92046FFF744
S21400EA60CDFFE0B9114BE8831B685C434FF47A7323
S21400EA70B4FBF3F203FB1244191B89B2994208BF98
S21400EA800021BDF83430A983059A02939DF83030F2
S21400EA901146CDE9007328463346FFF7C1FE07B09E
S21400EAA0F0BD2220FBE70220F9E700BFA81B0020EC
S21400EAB0014B1868704700BF9C1B00200F4B1A685C
S21400EAC010B59AB1531E4FF47A711342A0FB0101A0
S21400EAD00ED1B2FA82F2C2F11F04531CE040D243B8
S21400EAE001FA03F3184321FA02F20243104610BD5E
S21400EAF000231DF017FF0246F8E700BFA81B002002
S21400EB00C2072DE9F04704460BD5474A1388013360
S21400EB109BB21380FFF710FE444B1B680BB1FFF748
S21400EB2051FEA3077ED521F0D4FD0546FFF704FE6F
S21400EB304FF000093D4F4E46C8463C680CB163692D
S21400EB408BB13B4B0022012E1A7003D119F0020F35
S21400EB5018BF1E70002C61D0FFF734FE2846BDE8B3
S21400EB60F04721F0BCBD23465A693AB91A79217993
S21400EB70914288BF1C469B68002BF5D1284621F0A1
S21400EB80AEFD2569DDB100F099F8A269A0EB020997
S21400EB904FEAE9734D4578EB030311DA2369134412
S21400EBA0A361E368B4F80690013613B121682046E5
S21400EBB0984721F08EFD0546FFF7BEFDBDE7A94646
S21400EBC021F087FD82462046FFF76EFE504621F074
S21400EBD086FD2369002BE4D0A38BB5EB090533B182
S21400EBE0E28B13449BB2B3F57A7F0FD2E38321F016
S21400EBF070FD294681462046FFF7B8FDA3692269C5
S21400EC001344A361484621F06AFDCAE7A3F57A7368
S21400EC10E383A369013B013DA361E8E7022000F01E
S21400EC208FF89BE7BDE8F087442D0020A41B00204A
S21400EC300D30002010B51D4B86B01868596803AA21
S21400EC4003C2197AD3F8090011700190B3F80D20A9
S21400EC501748DB7BADF8082001218DF80A30002428
S21400EC6001F0E6FF03A88DF80C408DF8104003F085
S21400EC70FFFB01A901208DF8044003F0D9FB0D4AE3
S21400EC80536A23F4FF6323F00703536240F2FF73D3
S21400EC9013620120946003F0E5FB074B4FF000423F
S21400ECA0C3F880211A6006B010BD00BF369A030074
S21400ECB0A00914000020044000E100E0014B986821
S21400ECC0704700BF0020044010B5044621F0FAFC4F
S21400ECD0124A9368516D9269520704D4CA1A032ADD
S21400ECE001D899420DD1E21A022A98BFDC1C0B4BC0
S21400ECF0B4F1FF3F38BF013C5C655A6A42F004023B
S21400ED005A6221F0E3FC064A137833B103490B6DCF
S21400ED1043F002030B650023137010BD002004406F
S21400ED204A1000208207054A00F00103516A48BFD6
S21400ED3043F004030B435362704700BF00200440B7
S21400ED40820700F0010309D5074A0121117007491F
S21400ED500A6D22F0030243F004030A6503494A6A77
S21400ED6022EA03034B6270474A100020002004404A
S21400ED70830742BF014B0422DA617047002004403B
S21400ED8010B521F0A6FC094A93690446590703F01A
S21400ED90010003F0070348BF40F002001362FFF7CC
S21400EDA0AFFE2046BDE8104021F099BC002004408C
S21400EDB0014802F08FB800BFA0091400014802F015
S21400EDC06BB900BF05002400F8B5114B05465C5C26
S21400EDD00F46032805D8DFE800F002080B0E44F0C3
S21400EDE002040C4B1E684EB9F8BD44F00804F8E760
S21400EDF044F02004F5E744F08004F2E773681A68EC
S21400EE00144203D05B683946284698473668EAE7D6
S21400EE10469A0300AC1B002070B50D4E21F052FC44
S21400EE20337805465BB9FFF75BFD044620B12846FC
S21400EE3021F04CFC204670BD064821F00EFF20F065
S21400EE406BFF012328463370002421F03FFCF1E7D6
S21400EE5011300020AC1B002038B54160044621F07C
S21400EE6031FC21460546044821F0FAFE2846BDE856
S21400EE70384021F02BBC00BFAC1B0020F8B5EFF3E8
S21400EE80108672B6AFF3008021F05CFF20B9AFF3B6
S21400EE900080F6B962B61CE00E4D012100202970F4
S21400EEA0FFF792FF012000F017F806B962B6EFF3FD
S21400EEB010873E4672B621F054FF04460028F1D172
S21400EEC001462878FFF780FF2C70AFF30080002FF4
S21400EED0E0D0F8BD1030002002280AD003280BD05E
S21400EEE001280CD1064A136923F00403136130BFCE
S21400EEF07047002002F060BD002002F0A1BD704700
S21400EF0000ED00E0BFF35F8F074B5A6A22F48032B1
S21400EF105A62D3F8942022F00102C3F89420BFF37B
S21400EF204F8FBFF36F8F704700ED00E0F0B5374DA1
S21400EF3037493848002387B0CDE90333FFF7E2FFAF
S21400EF402C68354B4FF00052C3F89840661CC3F847
S21400EF509C208142314AC3F8A0202E6041D005ABE8
S21400EF60019304AB0A1A009303AB20F0DFFEDDE941
S21400EF700372059BDFF8A8E0072BA2EB01024FF017
S21400EF8001018CBF4FEAD30C4FF0200CB2FBFCF211
S21400EF9001FA02F2013AD2B2AEEB070EC01BB3FA88
S21400EFA083F3BEFBFCFEB0FBFCF08E44814002FA0D
S21400EFB00EF20139C3F11E0311435B0001F0FF019D
S21400EFC003F03E0343EA0123134A43F0407343F041
S21400EFD001130234C2F89860C2F89C70C2F8A030E0
S21400EFE02C60BFF35F8F0C4B0522C3F894205A6A3F
S21400EFF042F480325A62BFF34F8FBFF36F8FBFF376
S21400F0004F8FBFF36F8F07B0F0BD00BFB01B00205F
S21400F0108C1000207410002000ED00E03900011371
S21400F0208B100020BFF34F8F0549064BCA6802F4C9
S21400F030E0621343CB60BFF34F8F00BFFDE700BF16
S21400F04000ED00E00400FA0510B5044621F03AFB96
S21400F050024B1C6021F03AFB002010BDB41B0020C0
S21400F06010B521F02FFB034B1C6821F02FFB204628
S21400F07010BD00BFB41B002013B5002301241A46A0
S21400F080194600941846FEF7A7FB00231A461946B1
S21400F09018460094FEF7D2FB0248FFF7D5FF002083
S21400F0A002B010BDD00A0020034B18680023806809
S21400F0B0022219461DF022BF900D00207FB5094B95
S21400F0C06A4603F11006154618685968144603C4C4
S21400F0D00833B3422246F7D1284602F019FF002033
S21400F0E004B070BD4A9A030070B5194B86B001AAE9
S21400F0F003F11006154618685968144603C4083309
S21400F100B3422246F7D11B882380124BD3F8B42093
S21400F110120317D5A3F500434FF6FF721B889342E0
S21400F12008BF4FF48D730C48ADF80A3003F0FAFBB5
S21400F130284602F087FA4FF4FA7001F0BFFF00206D
S21400F14006B070BDD3F8B830C3F30803EBE700BFD2
S21400F1505A9A03000081E00F00F0490207B5084BF9
S21400F16018680190202301A88DF8043002F0AAFA4E
S21400F170642001F09DFF002003B05DF804FB00BF93
S21400F1806C9A030010B50C480C4C6FF00403A021D9
S21400F19013F0800F03F1010207D123442F2A83F8CE
S21400F1A000131346F4D1002010BD03F00F03043BF8
S21400F1B0034419761346EBE700ED00E000E100E0BB
S21400F1C0024B03480122C3F8002670470010C843CC
S21400F1D000000F40094B98420ED003F5806398421A
S21400F1E009D10122064B03EBC2035A68054B1344B0
S21400F1F09B0000221A6070470022F3E700000F40D1
S21400F200709A03008005F210024B03480122C3F8EF
S21400F210002670470010C84300000F40044B984279
S21400F22003D003F58063984201D1FFF7D3BF704740
S21400F23000000F4070B5114C114E0A25236843F4A8
S21400F240807223F4807322603046236001F042FE11
S21400F2500023800A62680AB983420AD1636853B9F8
S21400F260013DEBD1236823F0010323606FF0920089
S21400F27070BD0133EEE70020FAE700BF00D0014082
S21400F280700002002DE9F04F85B0634D0092634A8E
S21400F290D2F8C03043F40043C2F8C0302B68DC0715
S21400F2A081468A4616D500245B4D4E46D0462746F4
S21400F2B04FF00A0BB8F1000F2BD144B114F1940FA4
S21400F2C005D042460021484629F00FFB0027009B48
S21400F2D01F601AE040F271632B60FFF7ABFF044635
S21400F2E098B96B68032BFCD9D5F800312B61D5F89B
S21400F2F000316B61D5F80031AB61D5F80031EB61B8
S21400F300FFF798FF04460028CDD0204605B0BDE89C
S21400F310F08F6C68A40005D02B6B13F45C7F12D1C1
S21400F320002437E03E4801F0D5FDC00A844205D1EE
S21400F3306B68002BF0D16FF09304C8E76B68002B66
S21400F340F6D10134F2E7D80514D523F480732B6385
S21400F3506B6853B9BBF10107EDD04E46D0466FF04F
S21400F36093040022BB461746A4E7D5F80031039362
S21400F370039BEDE70193FFF75DFF044620B9019B71
S21400F38013F41C7FCCD0E5E710F1930F99D010F161
S21400F390940FDFD06B686A689B00434528BF4346DE
S21400F3A0B107324634D123F003013144914212D1E1
S21400F3B003F0030149B11848D0F80001114402F8DF
S21400F3C0010B8A424FEA1020F9D1FA181E44A8EB26
S21400F3D003085F46C6E7D5F8000142F8040BE5E7E8
S21400F3E0DCF8001102F8041C4FEA112E02F803ECB8
S21400F3F04FEA114E090E02F802EC02F8011C04381E
S21400F400032802F10402EBD823F003023244CFE7CC
S21400F410DFF804C01846F3E700D0014000400E4075
S21400F420700002002DE9F04788B00746884615466A
S21400F4301E46FFF7C5FE044607F17E400838012841
S21400F44050D80423236000236360E364626822F4D8
S21400F450406262606A46236391466363A8F10403D0
S21400F46008F11C0853F8041F09BA434542F8041B68
S21400F470F8D121F027F94946074604F5827021F0B5
S21400F480B3F9384621F022F9184B2365109BDFF8B4
S21400F490609005EB831704F5D27A21F013F929461C
S21400F4A08046504621F0B0F94035404621F00EF92E
S21400F4B0BD42C4F85090F0D121F004F9314605461B
S21400F4C004F5807021F098F9284621F0FFF82046D0
S21400F4D0FFF780FE331F1C3653F8042F12BAB342D0
S21400F4E01A60F9D108B0BDE8F08700BF888AC80165
S21400F4F0070D810138B50D46044630B36C22002155
S21400F50029F0F3F9124B9D4205D001339D4210D0ED
S21400F5106FF0850038BD0F4B04F10C0203F120019B
S21400F52053F8040B42F8040B8B42F9D125600020F7
S21400F530F0E7094B04F10C0203F1200153F8040B29
S21400F54042F8040B8B42F9D1F0E76FF08600E1E752
S21400F55008000002809A0300A19A03002DE9F341F7
S21400F5600E461F46054600285FD083B9002A5CD1A8
S21400F5702B68324A93425ED0013293420CBF6FF042
S21400F58089046FF08804204602B0BDE8F0810029A7
S21400F590ECD0036829498B4244D001318B4247D1D5
S21400F5A04FF02008904546D86A68D3008DF807309B
S21400F5B053098DF80630530B8DF80530530D8DF832
S21400F5C00430AB68D90001EB52718DF8031002F0DD
S21400F5D03F025909372A8DF802104FEA53318DF849
S21400F5E001104FEA535316498DF8003094BFC2F10C
S21400F5F03802C2F17802284620F053FC0446002860
S21400F600C1D108226946284620F04BFC0446002853
S21400F610B9D1C7F80080424605F10C01304629F002
S21400F6207EF9B0E74FF01C08BCE76FF08604AAE747
S21400F6306FF08804A7E76FF08904A4E708000002CB
S21400F640C29A03002DE9F04F91B00546BDF87090C0
S21400F6509DF8747092469B460E46002900F0BB80CB
S21400F66001F1FF384FEA1818FFF7AAFD09F1FF333A
S21400F6700F2B044600F2D880BAF1000F00F0D480B9
S21400F680BBF1100F03D0BBF1200F40F0CD8021F06E
S21400F69019F80023236023636363654B236565497C
S21400F6A0029004F1840021F061F8BBF1100F14BF42
S21400F6B0102308231A4651462046019321F0CDF820
S21400F6C05D4B23655D4B63655D4BA3655D4BE365F5
S21400F6D04FF4C173236623699A07FCD106F00F0323
S21400F6E0C3F110035FFA83FBBBF1100F04A901D12D
S21400F6F0002E72D104F1800021F057F8029820F015
S21400F700E5FF1022002108A829F0EFF84FEA0813B9
S21400F710A6EB081205EB081108A8029329F0FFF8DB
S21400F720BBF1100F5CD010ABA3EB0B028021BBF13A
S21400F730010F02F8101C08D0CBF1110008AB0BF13A
S21400F740FF320021184429F0D0F808AA04A80423A0
S21400F750116850F8046B013B81EA060142F8041B6D
S21400F760F6D120F0AFFF236B019A039043F010030D
S21400F77023635146204604F1800821F06EF81A995A
S21400F780404620F0F5FF029B2B449A4604F1A00B5E
S21400F79040F20516AA452ED108A9584620F0E6FFE5
S21400F7A040F20513236523699B07FCD10CA940464C
S21400F7B020F0FBFF37B31B984A460CA929F0AFF898
S21400F7C00025039820F082FF2046FFF703FD284619
S21400F7D011B0BDE8F08F884646E704F188008BE755
S21400F7E0002EB2D15A46314608A829F07EF880236A
S21400F7F08DF82030A9E72946584620F0B9FF103585
S21400F8002665C7E71B9B0CAA994413F8011B12F840
S21400F810010B994581EA000147EA0107F5D1002F5F
S21400F820CED06FF09405CCE76FF08605CFE700BF2B
S21400F83030820100049B0300F50536F024FC31FEFF
S21400F84036833624FC31FE362DE9F04389B00E4669
S21400F850DDF84080149FDDE91291002839D0002E93
S21400F86037D0B8F1000F34D0B9F1000F31D081B3E2
S21400F8707FB30488B4F5105F2ED14488E408182CB2
S21400F8802AD0202C01D0102C23D1944221D1154A05
S21400F89023F47E1090421FD113F47C1FC3F305455A
S21400F8A008BF10258D421AD804AB10220021184636
S21400F8B029F01BF80122CDE90252CDE90009119981
S21400F8C0234632464046FFF7BDFE3D6009B0BDE820
S21400F8D0F0836FF08600F9E76FF08500F6E76FF0CB
S21400F8E08900F3E70002C0032DE9F041DDF8188037
S21400F8F00C4617461E46054630B329B302B91BBB55
S21400F9004C220021284628F0F0FF2388B3F5105F2C
S21400F91009D108F0FE43B3F1407F15D1104B28F40F
S21400F9207E129A4203D06FF08500BDE8F0816488AD
S21400F930C5F80080E208B2426A6205D8182AF2D0FA
S21400F940202A04D0102A02D06FF08600EDE7B242DB
S21400F950FAD13946281D28F0E2FF0020E5E700BF6F
S21400F9600002C0032DE9F74F0D4616460446002850
S21400F9705DD051B9002A5AD103682E4A23F47E136B
S21400F980934244D06FF088001DE00368294A23F4B0
S21400F9907E139342F6D1002E39D0806CE8B1C0F1C8
S21400F9A01002B24219D23830204428F0B8FF04F1D1
S21400F9B028020092616A04F13803201D20F0FAFA4A
S21400F9C020B16FF0920003B0BDE8F08FA36CA06486
S21400F9D0C3F11002103E15441E4406F10F084FEA0C
S21400F9E018182F464FF0010904F1280A04F1040BF9
S21400F9F0C1450ED33544ED1B09D0A06C38302A46DD
S21400FA003946204428F08BFFA36C2B44A3640020C7
S21400FA10D9E7CDF800A0616A3B465246584620F02A
S21400FA20C9FA0028CDD1103709F10109E0E76FF0D7
S21400FA308600C8E70002C0037FB51D4608B301B3C1
S21400FA40FAB1F3B10368154C23F47E16A6421BD117
S21400FA5013F47C1FC3F3054408BF1024944216D841
S21400FA600123CDE9024300F1280301910093436A84
S21400FA70816C021D3830FFF7E5FD58B92C6004B0E4
S21400FA8070BD6FF08600FAE76FF08800F7E76FF05A
S21400FA908900F4E76FF09200F1E700BF0002C003B0
S21400FAA02DE9F74F0F9D0190F520164695F800B00A
S21400FAB0DDF834900F469A46FFF7A6FB002304466F
S21400FAC00360082243600E9904F1800820F0C5FE0A
S21400FAD02946404620F04AFE0BF0070B2A780BF129
S21400FAE0010B002302F00702CBF1100019462A7022
S21400FAF028445A4628F0F9FE294604F1840020F0EE
S21400FB0035FE0523A360109BF34200F08780102B80
S21400FB1011D086B1C3F11002B24228BF32460F336D
S21400FB2039462B44D01911F801CB03F801CF814296
S21400FB30F9D11744B61A05F1100104F18C0020F033
S21400FB4015FE5923A3600523A3604623A360B6B120
S21400FB50002326636363514B2365012363650F2EE1
S21400FB6053D80023C5E90033C5E90233FA5CEA54EA
S21400FB7001339E42FAD82946404620F0F7FD00237E
S21400FB80C4F830906363019B002B4AD0444B236536
S21400FB90444B6365444BA365444BE36501232366EE
S21400FBA00026B9F1000F1ED0B9F10F0F4BD8C5E9EA
S21400FBB00066C5E9026600231AF80320EA540133FA
S21400FBC09945F9D12946404620F0D0FD29464046C1
S21400FBD020F0EBFD0C9B33B100230C99EA5CCA5471
S21400FBE001339945F9D12946404620F0DEFD2046EE
S21400FBF0FFF714FB019B002B47D11A4612998B4244
S21400FC0045D1002A3DD02C203CE03946404620F025
S21400FC10AFFD103E07F11007A1D1B0E74623A36061
S21400FC20ADE7234B236503F1BC4303F5262303F618
S21400FC304D43636503F12243A3F5C053A3651D4BF3
S21400FC40E3651D4BABE75146404620F091FD0C9B0B
S21400FC50A9F110090AF1100A3BB11946404620F0F6
S21400FC60A6FD0C9B10330C939BE72946404620F0DC
S21400FC709CFD96E71199EA5CCA540133129A9342A6
S21400FC80F8D1002003B0BDE8F08F0023F6E7119806
S21400FC90E95CC05C41400A430133AFE77059054652
S21400FCA0F870455905460348055163FB0448055955
S21400FCB0F803480546FB04480559010000230C4A92
S21400FCC00360032910B50263044643630ED1052181
S21400FCD020F0FFFD636823F4407343F40073636011
S21400FCE0636823F4406343F40063636010BD00BFA1
S21400FCF0200010002DE9F04F1E4604468946924625
S21400FD001F460FCE8BB001AD0FC596E80F0085E8F5
S21400FD100F000025099520F0D5FC5146064604F54F
S21400FD20827020F061FD494604F5847020F05CFD89
S21400FD30394604F5867020F057FD304620F0C6FCA4
S21400FD405F4E604BDFF8BC91DFF8BCA12365DFF89F
S21400FD50BCB120F0B7FCC4F850B0D4F8148020F042
S21400FD60B5FC18F0807F19D0574B236520F0AAFC0D
S21400FD70C4F850B0656920F0A9FCEB0140F188801A
S21400FD8020F0A0FC1499054604F5887020F034FD98
S21400FD90284620F09BFC0BB0BDE8F08F18F4807F5F
S21400FDA01CD14A4B2365013D9023A360636913F47D
S21400FDB0807F474B23650ED020F084FC394683466F
S21400FDC004F5807020F010FD584620F07FFC414B73
S21400FDD02365414B63658823A360B8E7002D13DADB
S21400FDE03E4BC4F850A0636520F06CFC01A9834626
S21400FDF004F5807020F000FD63695846C3F30343A2
S21400FE00099320F063FC6D42354B23656369DFF888
S21400FE1000C113F4407F4FF08803A3604FF0010148
S21400FE206269266561656369C4F850C00ABF01202F
S21400FE304FF0FF3005F1FF358842C3F30723C2F3C6
S21400FE4000220BD132B1D90704D5264B2365264BA9
S21400FE506365A9E7254B2365254BF9E79AB9DA07C9
S21400FE6011D5244B2365244B6365A16501A904F5D0
S21400FE70807020F0B9FC099B03F00F03C4F84831EA
S21400FE808323A36090E71D4BC4F850906365EDE7AD
S21400FE9020F018FC04F5807639460546304620F0FA
S21400FEA0A3FC284620F012FC154B236520F00AFC24
S21400FEB014990446304620F09FFC204669E700BFB0
S21400FEC0C93E81983084880198390100C93E810175
S21400FED0D23E8201C024D0340982010099830100F9
S21400FEE0D9080100C8340981E20C8201C80881E201
S21400FEF00C82010083D9341181E21482E21482015B
S21400FF00E010010083D9108190A284883539380129
S21400FF10DB3E01002DE9F04F89B081460D461646BE
S21400FF200021202268461F4628F0DFFC4FF00A0A10
S21400FF3099F80030022B40D0032B07D0012B44D079
S21400FF406FF0710B584609B0BDE8F08F2022694665
S21400FF503846B0478346BBF1000FF3D1FFF730F9C0
S21400FF6099F800100446FFF7A9FE20F0ABFB69469F
S21400FF70804604F5827020F037FC404620F0A6FB51
S21400FF80374B2365204620F005FA20F09BFB04F54E
S21400FF90807883466946404620F02EFC584620F07E
S21400FFA095FB009B012B18D82046FFF713F9BAF1F2
S21400FFB0010ABDD1DFF8BCB0C4E71C22694638464A
S21400FFC0B047002383460793C5E71822694638469C
S21400FFD0B047002383460693F5E720F073FB05F150
S21400FFE008070646294604F5847020F0D7F905F17F
S21400FFF01009394604F5867020F0D0F9494604F514
S214010000887020F0CBF9304620F060FB154B236555
S214010010204620F0BFF94946404620F0F9F98346CC
S214010020C8B9114B2365114B6365204620F0B2F920
S2140100302946404620F0ECF9834660B90C4B23650F
S2140100404FF48E736365204620F0A4F93946404686
S21401005020F0DEF983462046FFF7BCF872E700BFC2
S21401006030C80C0181E11C018CE11C81D11C01000E
S214010070E11C81D900B3FFFF2DE9F843064610467F
S2140100800F4690461D461FF0C4FB28B12946384648
S214010090BDE8F8431FF0A7BB2B69002B40F0AD80ED
S2140100A0FFF78EF831780446FFF708FE20F00AFBCA
S2140100B004F5807608F110018146304620F06EF98D
S2140100C0484620F003FB574B236540F281136365D6
S2140100D0204620F05FF920F0F5FA294681463046A1
S2140100E020F05CF9484620F0F1FA4F4B23650123D6
S2140100F02046636520F04EF94C4B236520F04AF903
S21401010020F0E0FA05F108018146304620F046F974
S214010110484620F0DBFA464B2365204620F03AF9A4
S21401012020F0D0FA08F108094946054604F5827020
S21401013020F034F9284620F0C9FA3E4B23652046C4
S21401014020F028F920F0BEFA41460546304620F058
S21401015025F9284620F0BAFA374B2365374B6365F5
S214010160204620F017F907F11001304620F050F92B
S214010170054600283BD1324B2365204620F00AF97C
S214010180304B236520F006F92F4B236520F002F94A
S2140101902E4B23654FF48A73636520F0FBF82C4BD6
S2140101A0236520F0F7F83946304620F031F9054648
S2140101B0E8B9284B2365284B6365204620F0EAF80A
S2140101C020F080FA49460546304620F0E7F82846F2
S2140101D020F07CFA214B2365214B6365204620F0F5
S2140101E0D9F807F10801304620F012F905462046F5
S2140101F0FEF7F0FF2846BDE8F88328461FF009FB06
S21401020008B1414643E72B69002B3FF449AF012172
S21401021005F110001EF072FB00283FF441AF114DAE
S214010220E8E700BF8184E11C83D91C83E11C8101BE
S21401023082D11C01C81482019983D91481E11C0161
S2140102408CE11C01811C8401D91C830191D11CE025
S214010250D814140181CB1481D11C820181E11C8444
S214010260E214010080B0FFFF2DE9F04788B0904608
S21401027005460F46FEF7A4FF2978DFF85491044699
S214010280FFF71CFD20F01EFA04F5807608F1100138
S2140102900546304620F082F8284620F017FA40F24C
S2140102A08313C4F850902046636520F073F820F05D
S2140102B009FA08F108010546304620F06FF828468D
S2140102C020F004FA4FF0010A354B23652046C4F8A6
S2140102D054A020F05FF807F11001304620F098F89E
S2140102E00546002854D12F4B23654FF4867363656A
S2140102F0204620F04FF820F0E5F94146054604F582
S214010300887020F04BF86946304620F075FA28468A
S21401031020F0DCF9244B2365244B6365244BA3654D
S214010320204620F037F8234B2365234B636520F0E6
S21401033031F8224B2365224B6365C4F858A020F0A0
S21401034029F83946304620F063F8054600BB1D4BB8
S21401035023651D4B6365204620F01CF820F0B2F99A
S21401036069460546304620F03FFA284620F0AEF9A9
S214010370164BC4F8509063654FF48A73A365204604
S21401038020F008F807F10801304620F041F805464C
S2140103902046FEF71FFF284608B0BDE8F08700BFDD
S2140103A0821CC00C91D11CC0C00C81E11C82DC0CEB
S2140103B081148401E11C81C80C0C8101D20C848B50
S2140103C0D91CE01484E21482D11C8301C00C82D3B0
S2140103D08182D11C2DE9F047A2B00E460546FEF7F4
S2140103E0EFFE15F8041B044606F11007FFF766FC3E
S2140103F01C22002103A828F078FA4FF0010839469C
S2140104000AA80DF16809CDF8088020F04EF82946B3
S21401041012A820F04AF812AB0AAA02A9CDF8009059
S2140104202046FFF767FC20F04DF94946054604F5DE
S214010430867904F5827020F0D7F906F1080A31466C
S21401044048461FF0ABFF514604F588701FF0A6FF23
S214010450284620F03BF9134B236520461FF09AFFF0
S214010460114B23651FF096FF104B23651FF092FF7B
S2140104700F4B23651FF08EFF514604F580701FF069
S214010480C7FF58B9314648461FF0C2FF30B920466B
S214010490FEF7A0FE414638461EF047F922B0BDE8F9
S2140104A0F08700BF8AD11C0181D91C0183D11C01B0
S2140104B081E11C0110F1860F06D038B19330044853
S2140104C008BF6FF06F0070476FF07100704700BF94
S2140104D0009FFFFF70B58CB004460D4616460021FE
S2140104E022220DF10E0028F000FA4FF41053ADF859
S2140104F00C302CB323681BB315B39B79022B1AD08F
S214010500042B20D14FF48073206CADF80E304C21B3
S21401051098B901201FF01FFBC0B120640C4B00935B
S214010520206CF3082A4603A9FFF7DEF90CB0BDE8F4
S2140105307040FFF7BFBF8023E6E7FEF7CFF8EDE791
S21401054004480CB070BD6FF07100FAE70248F8E796
S2140105500002C003009FFFFF809EFFFF10B550B151
S214010560046844B139B1006C28B1FFF7FBF9BDE866
S2140105701040FFF79FBF014810BD00BF009FFFFF5F
S21401058007B578B102686AB1006C58B151B1002361
S2140105900193102201ABFFF74FFA03B05DF804EBAD
S2140105A0FFF788BF014803B05DF804FB009FFFFF1B
S2140105B02DE9F04190B0DDE916870D4614461E463A
S2140105C080B379B373B36FB38379022B06D0042B50
S2140105D025D06FF0710010B0BDE8F081802A21D1DE
S2140105E0202200210DEB0200069128F07EF94FF43F
S2140105F01053ADF81C3006AB04931023CDE90273FB
S214010600CDE90068084BADF81E40E208294607A868
S214010610FFF71AF910B0BDE8F041FFF74BBFB2F58E
S214010620807FDCE70148D6E70002C003009FFFFF9A
S214010630012908B50BDC074B074A00290CBF1146F8
S2140106401946FEF757FFBDE808401FF054BF6FF08C
S214010650730008BD08000002090000027FB51422DD
S214010660002101A828F041F9044B029301A94FF09B
S214010670FF3027F074FB07B05DF804FB006A180032
S21401068038B5044627F036FB0FCC044D0FC594E869
S2140106900F0085E80F00002038BD00BFB81B002002
S2140106A047F6FF739A42F0B572D0062972D83A4BD4
S2140106B05B5C022B6ED8394D05EBC304DF00A178D5
S2140106C015F83330012938BF0121012B13D1E07809
S2140106D00025401AA84202D80844C0B2F0BD431B08
S2140106E0A0EB5303666836F913609642CCBF03F15C
S2140106F0FF301D46EEE760680028EFD0B0F90040F5
S214010700944204DBB0F902409442B8BF1446838891
S214010710FF2B04BFB0F90620B0F908C03D440FBF57
S21401072001260026C8224FF0280C131B93FBFCF36E
S21401073033446E781BB29E4201DD002B01DA731E34
S2140107401BB201339BB24FF47A7C071D5D1E2DB29E
S2140107504FEAC50E00EBC5059E42EA88AD6814FB5C
S214010760025222EAE27202F15C02B2FBFCF205DD01
S21401077037F83350954203F10103E7D200EB0E033D
S2140107809888904228BF1046884238BF0846A4E79A
S214010790FF20A3E70020A1E7149B0300B81B00205D
S2140107A00629F0B561D8324B595C02295DD8314B28
S2140107B013F83100012816D103EBC1039C78D878D1
S2140107C05B68012C214638BF0121904294BFC1EBE2
S2140107D00001C1EB0201CAB2001B8242C8BF00225F
S2140107E033F91200F0BD002A3DD003EBC10359686E
S2140107F000293AD09878904202D3B1F90200F1E785
S214010800DC78B1F900009442ECD95C788B88A3F1CE
S214010810FF06013C734201F10405E4B2734101F1A4
S2140108200C07DEB2B44216D805EBC3034FF47A7553
S214010830B3F902405B686A43D21A04EBD47302EB45
S214010840630292FBF4F29042CCDBB1F902009042D3
S214010850C8DC10B2C6E737F833C0944503F1010689
S214010860E2D33346DDE70448BCE70448BAE700BFF5
S214010870149B0300B81B00200CFEFFFF0080FFFF47
S21401088008B50448FFF7FCFEBDE80840012027F044
S21401089035BA00BF50AA030000487047E80D002093
S2140108A02F4B002A30B52F4C426B18BF1C462E4BDF
S2140108B00CBF00251025984232D1062907D80629F3
S2140108C007D8DFE801F00817402E06063600812912
S2140108D039D000231FE0254BD3F81012D3F81002AD
S2140108E0D3F8103201F4FE4100F00F00014303F08B
S2140108F0F0030FE01D49D1F81032D1F81002D1F8FB
S21401090010121B0C090C01F0F00103F4FE430B431B
S214010910C0F303410B432240AB401343124A5363D7
S21401092030BD1249D1F81432D1F81402D1F814129C
S214010930E7E70E49D1F81832D1F8181203F00F0381
S21401094001F0F001E6E7094BD3F81412D3F81402CC
S214010950D3F8143201F4FE4100F00F000143C6E75C
S214010960FFFF00800080FFFF002000400080E00FB6
S21401097070B5082383608E780D4601223146044601
S214010980FFF78EFFEB786A78DB0043EA02636A7C46
S2140109900AB143F00053AA7C0AB143F004032A7C4F
S2140109A00AB143F00203EA7C0AB143F0010316F0F0
S2140109B0800F144A1FD043F0E003A361E36926F0D9
S2140109C0800613401E432B7846EA43466B7D0BB1E7
S2140109D046F48046630103F184432A7DE661DA60CA
S2140109E06B686362AB682362EB68A362E36FD4F85B
S2140109F08030E36870BD43EA4613A361E66916409A
S214010A00E1E700BFF8BFE1FF0E4BB0F5FA4F38BF84
S214010A104FF4FA40984210B5044628BF1C4619B94F
S214010A20094800F057FA0146631E0B44A342B3FB84
S214010A30F4F028BF00F1FF307F2828BF7F20C0B226
S214010A4010BD00BF0024F4004041050070B5CD780C
S214010A5004460E46002D36D129461F48FFF7D4FF1F
S214010A6005460A23A3603278737843EA0263B278B4
S214010A70120402F4FE0213432D02327905F4FE45F8
S214010A802B430AB143F010032268520748BF43F0D4
S214010A900403236075791FF015FE23685D4005F099
S214010AA0C0055D4025601FF011FE23681B0611D5A9
S214010AB00A4800F00FFA0A4B9C420BD1BDE8704081
S214010AC0084800F007BA03681906CAD4064800F0B9
S214010AD001FAC6E770BD00BF0024F400B80032007A
S214010AE00020004000B204004041050008B528B9C6
S214010AF0074800F0EFF9012838BF012000F57420FF
S214010B00044B00F23F20B0FBF3F00138C0B208BD41
S214010B104041050040420F000C4B984205D90C4B52
S214010B20984210D80122012301E000221346094908
S214010B300B640949D1F8003123F0807343EA02635C
S214010B40C1F8003170470222EDE700BF0048E80116
S214010B500090D0030000C84300400E400F4B5B6876
S214010B600F4B30B500221C46C9B21D798D4202D109
S214010B701D6885420DD20132052A03F10803F4D11E
S214010B800321064A536823F0407343EA0163536026
S214010B9030BD04EBC2046179F3E700BF00000E40EC
S214010BA03C9B030038B5074C41F67133256C236432
S214010BB001F072FEADB20021FFF7D0FF0DB10023A8
S214010BC0236438BD00000E40044BDB6B5B0604D487
S214010BD0034AD2F8C830002BFBD1704700300E40D4
S214010BE00000C64308B5FFF7EFFF024B5868C0F395
S214010BF0014008BD00300E40044BD3F84421D20713
S214010C0003D4D3F840211042FBD1704700400E4078
S214010C1038B5064C256C41F671332364ADB2FFF747
S214010C209DFF0DB10023236438BD00BF00000E40B8
S214010C3038B5C0F30323013B092B11D8DFE803F0D5
S214010C40052710102B221D101511154DC0F3043465
S214010C5005F1424505F5801504EBC50080000160ED
S214010C6038BD104DC0F30434F2E70F4DC0F3043421
S214010C704FF48030FFF7C0FFEAE7C0F304340B4DB2
S214010C801020F7E7C0F30434094D0120F2E7094DBF
S214010C90C0F30434DCE7084DC0F30434D8E700BFE2
S214010CA000400E4050410E40F0400E40E8400E40DD
S214010CB0E0400E40C0400E40B0400E40C0F303136B
S214010CC0013B092B2AD8DFE803F0050B0F19292968
S214010CD01F23374B274BD3F80001C0F3042070477E
S214010CE0244BD3F81401F8E7224BD3F80031C3F3B1
S214010CF00063013301209840013870471D4BD3F83B
S214010D000C01C0F3082070471A4BD3F80801F8E726
S214010D10194B984204D0194B984207D000207047CF
S214010D20144BD3F8203103F00F03E3E7114BD3F84C
S214010D302031C3F30113DDE7114B98420CD003F5C4
S214010D40B01303F580539842E8D10A4BD3F8283103
S214010D50C3F301230433CDE7064BD3F82831E8E784
S214010D60084B9842DAD1034BD3F8300100F0030068
S214010D70704700BF00400E408006160080162E0009
S214010D8090171A00A009140000F00F000138072878
S214010D9050D8DFE800F00415244F34384F402B4B71
S214010DA0D3F8943003F00703023B052B06D8DFE89F
S214010DB003F049243F0305430B2070470520704785
S214010DC0224BD3F8800000F0070002283DD004280B
S214010DD036D0012808BF032018BF012070471B4BDF
S214010DE0D3F8843003F00703013B032B03D8DFE875
S214010DF003F0041F25270120704703207047134B7B
S214010E00D3F88800DFE7114B1B6F13F0010F0CBFFF
S214010E100720092070470D4BD3F85C3103F03003EF
S214010E20202B0FD0302B0FD0102B08BF0720D3E775
S214010E3002207047002070470C207047062070473C
S214010E400A207047042070470820704700400E4073
S214010E5008B50146FFF798FF1A4B994211D01A4B75
S214010E60994212D0194B994204D1194BD3F88000FC
S214010E7000F007000138032821D8DFE800F00A0E49
S214010E801612134BD3F88400F2E7114BD3F88800FF
S214010E90EEE7BDE808401FF0F5BEBDE8084001F0EA
S214010EA05FBDBDE808401FF0F0BE01F0F9FC084B3D
S214010EB0D3F80031C3F300630133D84008BD0020E6
S214010EC0FCE700BF030020000500240002001E000E
S214010ED000400E4000F47813B3F5B01F10B5044679
S214010EE074D025D8B3F5402F5ED010D8B3F5802F37
S214010EF049D005D83BB1B3F5003F4FD0002010BD17
S214010F00B3F5202FFAD1BDE8104001F0C9BCB3F506
S214010F10801F00F08480B3F5A01F4DD0B3F5602F7D
S214010F20ECD14A48FFF730FF072878D00928E9E7CF
S214010F30B3F5381F53D013D8B3F5001F58D00AD8CD
S214010F40B3F5D01F56D0B3F5F01FD7D14048BDE852
S214010F501040FFF77DBFB3F5101FCFD13D48F6E730
S214010F60B3F5481F4DD0B3F5781F65D0B3F5401FD4
S214010F70C4D13948FFF76CFF384BD3F82831C3F397
S214010F800123043320E001F08BFC344BD3F80C3101
S214010F90C3F308230133B0FBF3F0B0E701F080FCA4
S214010FA02E4BD3F80831F3E701F07AFC2B4BD3F83C
S214010FB01431C3F30423EDE72648FFF749FF274B17
S214010FC0D3F8303103F00303D84098E72048FFF701
S214010FD03FFF224BD3F8203103F00F03F4E71C4800
S214010FE0FFF736FF1D4BD3F82031C3F30113EBE7B0
S214010FF01948ACE71848FFF72BFF184BD3F82831F0
S214011000F3E71748FFF7C0FE072808D0082809D0DD
S21401101004287FF473AFBDE8104001F07DBC114B8E
S21401102018686CE701F03CFC0C4BD3F80031C3F3B5
S214011030042303FB000062E701F032FC0146204670
S2140110401FF03BFBB1FBF0F059E700BF06000E00B6
S21401105002001E00050024000300200000400E4090
S214011060B8003200DC0A002010B5FFF79BFD094BE3
S21401107007225A6701F014FCFFF74EFD01F03AFC17
S2140110800446FFF7AFFD01462046BDE81040FFF7D6
S214011090BFBD00BF00400E4008B5FFF775FE022831
S2140110A00ABF024B4FF6FF70188808BDF00D0020EE
S2140110B0014B1880704700BFF00D0020014B1880CF
S2140110C0704700BFEE0D002010B5042813D8DFE8E6
S2140110D000F047032F132100294AC1F30801D2F873
S2140110E06838002BFBD1274A136A23F4FF7323F0D9
S2140110F001030B43136210BD214A01F07F01D2F8B0
S2140111006038002BFBD11F4A136923F07F030B4382
S2140111101361F0E71A4A01F07F01D2F86438002B18
S214011120FBD1184A936923F07F030B439361E2E7EF
S214011130144AD2F89030536A23F0300343F0100378
S2140111405362146B104BC1F3C31003300F2803EA2C
S214011150040328BF0F200B4343EA00731363CAE757
S2140111604F29074A28BF4F21D2F87438002BFBD1EC
S214011170044A936B23F07F030B439363BBE700BFE3
S2140111800020C84300400E4000F8FF0F104A536A83
S21401119013F0300F18D0202913D0302914D000298D
S2140111A00C4B08BF4FF44003D2F8901033EA01010C
S2140111B0FAD15B0246BFD2F8A000C0F3802001201E
S2140111C070474FF40003EFE74FF44003ECE700BF2E
S2140111D000400E40FF33E13F02280AD129B1064BF9
S2140111E04FF48060C3F8A800596612B10220FFF7D9
S2140111F0CDBF0120704700BF00400E400428F8B55F
S21401120048D8304B13F800C02F4B1D5C2F4B33F8DA
S21401121010702F4B33F810402E4B002940D0022877
S21401122039D15C6A14F0300F35D12B4CE46B5C6A13
S214011230E40705D55E6A26F0300646F010065E62C3
S214011240264C244B25441F66AD002B68002BFCD092
S21401125002B36444A4002368002BFCD0022819D1F1
S214011260C1B11C4D696A11F0010116D0012220217D
S214011270FFF7B2FFD5F89C60012200210220FFF79C
S214011280BDFFC6F30A010220FFF71EFF2F66236883
S214011290002BFCD0F8BD0021D2E7FFF777FFE9E786
S2140112A001211C66A940D3F890000842FBD1002A10
S2140112B0F0D00123074903FA0CF3D1F890201A4223
S2140112C0FBD1E7E7359B0300309B0300269B030019
S2140112D01C9B030000400E4000300E408004F210BC
S2140112E010B50246B8B901221146FFF787FFFFF78E
S2140112F059FC0F4B04225A6701F0D2FAFFF70CFC97
S21401130001F0F8FA0446FFF76DFC01462046BDE8F9
S2140113101040FFF77DBC012807D10146FFF76EFF9D
S214011320FFF740FC024B0322E5E7FFF73BFCE3E750
S21401133000400E4038B501F0EFFA0021044600F0F7
S21401134029FC1248FFF7E8FB012211460220FFF7AD
S21401135055FFFFF727FC0CB1FFF736FC0C4B0222BA
S2140113605A6701F09DFAFFF7D7FB01F0C3FA05466D
S214011370FFF738FC01462846FFF74AFC2CB9204601
S2140113800121BDE8384000F005BC38BD0148E80140
S21401139000400E401C4B70B51C681C4B9C4221D86B
S2140113A01B48FFF7B9FB012211460320FFF726FF72
S2140113B0FFF7F8FB0024174B01265E6701F070FA71
S2140113C0FFF7AAFB01F096FA0546FFF70BFC01466C
S2140113D02846FFF71DFCB4B931462046BDE87040EB
S2140113E000F0D8BB0021204600F0D4FB0848FFF7E8
S2140113F093FB012211460320FFF700FFFFF7D2FB04
S214011400FFF7E2FBD7E770BDE40A0020002D3101AB
S2140114100148E80100400E40012210B511460320A4
S214011420FFF7ECFEFFF7BEFB084B05225A6701F0FB
S21401143037FAFFF771FB01F05DFA0446FFF7D2FBBE
S21401144001462046BDE81040FFF7E2BB00400E40D3
S214011450112838B52AD1042917D101F05DFA0446BE
S21401146000285ED0002100F095FB6E48FFF754FB84
S2140114700220054601221146FFF7C0FEFFF792FB48
S214011480002C38D0FFF7A0FB35E0052924D1664BA8
S2140114901C68664B9C4246D90021204600F07AFB28
S2140114A06048FFF739FB01250320E3E700F00F0052
S2140114B0013807285DD8DFE800F00F58045C56773E
S2140114C05C825B4C0139092953D8DFE801F050539F
S2140114D05A5252615252526B02390A2949D8DFE8F0
S2140114E001F03824202248484848482E0600FFF7D5
S2140114F059FB002407254F4B5D6701F0FBF90546B4
S21401150001F0CEF9FFF708FBFFF76CFB0146284612
S214011510FFF77EFB6CBB20460121BDE8384000F09A
S21401152039BB0024A1E70024BAE701221146104680
S214011530FFF764FE0024FFF735FB0325DBE70122F6
S21401154011460320FFF75AFE0024FFF72BFB052563
S214011550D1E7012211460020FFF750FE0024FFF7D5
S21401156021FB0425C7E7344CACE7344CAAE700233B
S214011570236038BD012211460020FFF73FFE0223FB
S214011580F6E7012211461046FFF738FE0123EFE782
S21401159001F086F9FFF7C0FA294B0122C3F80826A5
S2140115A00323E5E70423E3E7072904D00929E0D16B
S2140115B0204B012201E01F4B00221A67D9E70139AF
S2140115C00729D6D801A353F821F000BFED15010075
S2140115D07315010073150100111601007315010042
S2140115E073150100031601001F16010000221149A0
S2140115F0D1F85C3123F0300343EA0213C1F85C31C1
S214011600B7E7012211460420FFF7F8FD0122EEE7B5
S214011610012211460220FFF7F1FD0222E7E703222D
S214011620E5E700BF0148E801E40A0020002D31018A
S21401163084400E4000400E4088400E4080400E40E0
S2140116400010C84310B504461120FFF79DFB00218A
S21401165001220220FFF7D2FD184A217C536A23F0AB
S2140116600103022908BF43F001035362144B21789A
S214011670C3F8A014637AA18843EAC123D362136B2B
S214011680A07A217A03F07F630343E08843EAC0230C
S21401169043EAC11303310F2928BF0F2143EA01731F
S2140116A01363A37B617B1B0143EA0133E17B0B439D
S2140116B0217B43EA0143536310BD00BF00400E4047
S2140116C00000C84338B50E4D0E4C01461120FFF7F9
S2140116D05BFBAA6B4B7814400A78144344EAC32494
S2140116E08B7844EA0364CB7844EA0324AB6BA342C9
S2140116F005D0002101220846FFF780FDAC6338BD06
S21401170000400E4080E4FFF8034B5868C0F3080021
S214011710003818BF0120704700ED00E043790A4AFF
S21401172003F03F0353604378C1785B0043EA8103CB
S21401173001780B43017943EA41131360034B827826
S214011740C3F88021704700BF00E0014000003C4222
S2140117500A78CB7810B54C78002A0E4A08BF4FF4A9
S21401176040320CB142F000628C780CB142F08062DB
S21401177002600A791B0443EA02234A791343436051
S2140117808B790361D1F80730C361D1F80B3043621E
S21401179010BD00BF00000310034BD86B80F0400063
S2140117A0C0F38010704700BF00300E4042EA0322AB
S2140117B0B2F5007F10B5194C29D00AD8B2F5807F52
S2140117C022D040F201139A4215D062B9D4F81C32E5
S2140117D00BE0B2F5407F1DD040F201339A4210D0A3
S2140117E0D4F8283201E0D4F82432C3F30722DBB25E
S2140117F003600A6010BDD4F824321A0EC3F30743FF
S214011800F6E7D4F82832F8E7D4F81C32F5E7D4F82E
S2140118102032EAE7D4F82032EFE700BF0081E00F7C
S21401182008B5FFF7B9FF20B1024AD2F8C830002B3D
S214011830FBD108BD0000C64308B5FFF7ADFF80B178
S214011840FFF7EEFF074B19685A68C1F30121C2F38F
S214011850014291421A688CBF42F0100222F0100237
S2140118601A6008BD00300E40064B1B68DB0608D523
S214011870054B1B69C3F30443082B02BF034B044A01
S2140118801A60704700300E4000400E40E40A002007
S214011890C0EA210170B5FFF77FFF38B12D4B1A78EA
S2140118A01023C2F1020293402B4A13612B492C4D9F
S2140118B0D1F8804145F60E03C1F880312B6823F03C
S2140118C0AA03DB05DB0D0B66FFF7AAFF224B1B689D
S2140118D0D80604F0010415D5D1F84031DA01FBD45D
S2140118E0204B1B680B61204B1B78052B0AD11F4B25
S2140118F01E68FFF795FF184B59683046C1F3014142
S214011900FFF786F9184B1B78023B0A2B0AD8DFE84B
S21401191003F00615170909090909091A1D0000200F
S214011920FFF7DEFC2B68DB075EBF0C4B02221A6654
S2140119301CB10A4B0022C3F8802170BD0120EFE7DD
S214011940FFF7F8FCEEE7FFF767FDEBE7FFF78CFB29
S214011950E8E700BF1330002000300E4000400E4084
S214011960041C0020001C002014300020E40A002083
S21401197010B50B4C0B4BD4F890201A601120FFF7D2
S21401198003FA094B1870FFF74BFF084B084A5B68D0
S214011990C3F301431370074B22691A6010BD00BFE1
S2140119A000400E40041C00201430002000300E4081
S2140119B013300020001C002038B5054608B1FFF79B
S2140119C0D7FFFFF739FF1A4A136943F0040313617F
S2140119D01FF021F81FF020F8164B174AC3F82424ED
S2140119E003F559231B68DB0614D51EF06BFE27F0A2
S2140119F023FF1EF06BFE1FF011F8104C1FF00DF8C0
S214011A0055B1FFF747FFD4F84C3123F00043C4F833
S214011A104C3138BD30BFEEE7FFF726FFD4F84C3126
S214011A2023F00043C4F84C31BDE8384000F062BFF3
S214011A3000ED00E000A000400000FFFF00300E4077
S214011A4038B5054608B1FFF793FFFFF7F5FE1F4BC4
S214011A501F4CD3F8802145F60E01D207C3F880113A
S214011A6048BF00224FF42071196648BFC3F8802191
S214011A70184A136943F004031361174B174AC3F856
S214011A8024241EF0C8FF2368DB0611D51EF01AFEBB
S214011A9027F0D2FE1EF01AFE1EF0BFFF55B1FFF76B
S214011AA0F9FED4F84C3123F00043C4F84C3138BD6C
S214011AB030BFF1E7FFF7D8FED4F84C3123F00043EE
S214011AC0C4F84C31BDE8384000F014BF00400E4069
S214011AD000300E4000ED00E000A000400000FFFFD7
S214011AE00E4A0379916921F03F010B43017843EADD
S214011AF08103417843EA4103817843EAC103C1780F
S214011B00012908BF43F0010393611368417923F467
S214011B10403343EA01431360704700BF00300E4074
S214011B202DE9F04104460D46FFF736FE60B3DFF8B7
S214011B306080FFF775FED8F80430C3F301439C427A
S214011B4022D0124BD3F8003100F0AAFE022C074631
S214011B504FF0100609D12146FFF75AF8C8F8106071
S214011B6095B1BDE8F041FFF75BBEC4F102039E40AC
S214011B70C8F810600DB1FFF753FE2CB92146384660
S214011B80BDE8F041FFF744B8BDE8F08100400E40E3
S214011B9000300E4038B505460C46FFF7FDFDB8B1DE
S214011BA045B90C4BD3F8005100F07AFEC5F3042575
S214011BB005FB0005084B1B7821463BB1074B9D42B0
S214011BC004D80220BDE83840FFF7AABF0020F9E795
S214011BD038BD00BF00400E4015300020002D3101F9
S214011BE0034B02781A7001210020FFF7D3BF00BF14
S214011BF015300020174B4AF6E85210B5596B5A6358
S214011C009A6FD407FCD41B6C13F0030306D0124A58
S214011C1001249842C2F8B44A05D110BD18B90E4B3A
S214011C20C3F8B40AF9E70B4B9A6FD207FCD41A6CC7
S214011C3022F0030202431A649A6F12F00102FBD1EA
S214011C400038054C18BF01200129C4F8B40A08BFA2
S214011C505A63E2E700300E400000C6432DE9F04F1C
S214011C6000238BB0CDE90433CDE90633CDE9083343
S214011C70A0F5E163B3F5966F05460191934603D946
S214011C8000200BB0BDE8F08F624BDFF88C81D3F8F3
S214011C901842B0F5E16F15BF4FEA146AC4F3072A7C
S214011CA0C4F30744E4B20694CDF824A0D8F84C60F7
S214011CB0C6F301768CBF01220022334607A904A889
S214011CC015BF4FF4E1674FF496674FF496694FF4EA
S214011CD016790392FFF76AFDD8F8E030039AC3F34A
S214011CE0012308A905A80293FFF760FDA5EB070CE1
S214011CF0AAEB04020CFB02F2B2FBF9F214445445BF
S214011D00079F0498089A0599BAD8A2EB010E0CFB16
S214011D100EFEBEFBF9FE11EB0E012CBF4FF0010EBD
S214011D204FF0000E8A42ABD3BEF1000FA8D13A1A8B
S214011D300CFB02F2B2FBF9F280182CBF0122002242
S214011D4087429DD3002A9BD1029BBBF1000F0FD087
S214011D50D8F85C20B5F5E16722F4FE4218BF0127EA
S214011D6022F0020242EA470242EA0422C8F85C2054
S214011D70019A0AB9012084E7264A022ED2F83022B7
S214011D803ED0032E3FD0012E14BFD2B2C2F307229B
S214011D90120312F4702F7FF473AF1F4EF46E24F407
S214011DA070442243F2661B4A022BD2F830222CD012
S214011DB0032B2DD0012B14BFD2B2C2F3072212037C
S214011DC012F4702F7FF45CAF134CD4F8E03023F498
S214011DD070431343C4F8E030636E884238BF084648
S214011DE023F4FF73E72823F0010328BFE720B5F5A6
S214011DF0E16F18BF43F0010343EA40036366B9E7A6
S214011E00C2F30742C4E7120EC2E7C2F30742D6E79F
S214011E10120ED4E70081E00F00300E402F4B1A6FF0
S214011E20D96C11F0010F02F0060242D0002A40D010
S214011E3013284FD9143813288CBF10230823274999
S214011E40013BCA6C180322F47F4240EA0323134382
S214011E50CB64234BCA6C1B88C2F30322283301329E
S214011E6002EB820003EB5303B3FBF0F3C86C013BB8
S214011E70072B28BF072320F0EE6040EA036343F4F4
S214011E808013CB64174BB3F90030002B10DB2833DB
S214011E90500800EB420203EB5303B3FBF2F30A6D67
S214011EA0072B28BF072322F0700242EA03130B65B3
S214011EB07047D96C01F00101114304D1092809D9F1
S214011EC00A380928B8E7DB6C13F00103B7D01AB952
S214011ED02728B1E70423B2E70023B0E700300E401D
S214011EE04A2D0020462D0020064A074BD3F880399C
S214011EF0136F23F0070303431367044B1888FFF798
S214011F008DBF00BF00300E400000C643482D0020A4
S214011F102DE9F041C288B0F808808588B0F90C60D8
S214011F2047784A2A04464FD9B2F5FA7F4ED340F68F
S214011F30C3139A428CBF4FF040524FF000522849CB
S214011F40CB6C23F0405323F00103002EA8BF43F0CF
S214011F5001031343CB64D1F8E03043F44073C1F876
S214011F60E030204B1D80CB6E43F08073CB661E4B5A
S214011F70D3F8800900B10420FFF7B6FF1B4BA3F886
S214011F8000801B4B28461E80FFF748FFA37B03B348
S214011F90012B22D0012260881146FFF75FFE05461D
S214011FA078B10F4AD36B43F48063D3633846FFF7A7
S214011FB021FEA37AA3F12002534253410A4AC2F8F2
S214011FC094372846BDE8F0810022B8E74FF08052EA
S214011FD0B5E7034B074A9A65DCE7014B064AFAE781
S214011FE000300E40482D00200000C6434A2D002038
S214011FF0462D002077402057372110B700EB4000D0
S214012000F8B50D461F46040116463AB11548012398
S2140120108B402044C7B100F1C0600360072D4FF02C
S2140120200F0114D8AB00104806FA03F29940204479
S2140120301EF0F5FC3EB90B4A0123AB40224477B1B2
S21401204002F1C0621360F8BD00F18060E5E7A5F11A
S21401205008039B00054806FA03F29940E7E702F1F8
S2140120608062EFE70CA0004004A0004008A00040FA
S214012070064B302202FB0033072992BF5868986846
S21401208008398900C84000F00F00704700A00040E2
S21401209010B5044601214FF4AA40FEF7C9FDB4F875
S2140120A0013022785BBA9BB243EA02630B4A1360A3
S2140120B000231362D36253634FF00043D3664FF09D
S2140120C0FF339366064A4FF40071C2F88011E37835
S2140120D05B01DBB282F80933116010BD00200E40AF
S2140120E000E100E0F8B5254D8F7AD1F800C0C3B203
S2140120F001269E404FF0300ECB7A0EFB00500C4668
S2140121001B05097BAE6643EA0743C0F880C094F816
S2140121100DC0C0F888C043EA415322F00302C0F85C
S2140121208430C0F898201EF0D4FAEB6E3343EB6689
S214012130237A13B16B6B33436B63637A13B1EB6A28
S2140121403343EB6223792A6823B1DB431B0263F432
S2140121507F431A4063790BB142EA0322A3790BB19C
S21401216022EA0302E3791343044A1360044B9E6296
S214012170D663BDE8F8401EF0B2BA00BF00200E409C
S21401218000200E44064B984204D1012907D829B9EC
S214012190026170470029FBD0012900D142617047D6
S2140121A000600440064B984204D1012907D829B99A
S2140121B0826170470029FBD0012900D1C2617047B6
S2140121C000600440054B5A685B68054B41F6713266
S2140121D01A649A6822F001029A60704700300E4035
S2140121E000000E40034B9A6822F001029A6000221A
S2140121F01A64704700000E40094A0A4BD969C9079C
S21401220005D512B96FF002007047013AF6E7002AC9
S214012210F8D001221861DA60D86940F3800070476F
S2140122208096980000000E4070B509B9002070BD78
S2140122300E4A0023082550F8234094610C4CD560C3
S2140122400133D669F60705D514B96FF00200EEE73B
S214012250013CF6E7002CF8D0D469A40702D49942D1
S214012260E9D1E3E76FF00100E1E700BF00000E40AF
S214012270809698002DE9F8431C4B0D4641F67131C6
S2140122801E6C19641A49804648684968996841F085
S2140122900101B6B2996097084FF00009B94501D31C
S2140122A0002005E008EB89042046FFF7A5FF48B1AA
S2140122B00E4B9A6822F001029A600EB100221A644F
S2140122C0BDE8F883C4F30A01C1F500618908A7EBEC
S2140122D00903994228BF19462846FFF7A5FF00289B
S2140122E0E6D1894405EB8105D8E700BF00000E4022
S2140122F000300E40234B41F671311A6C10B519644B
S21401230021494C684968996841F0010199600121A9
S2140123101861D960D9694C0792B209D5996821F03C
S214012320010199600AB100221A644FF0FF3010BD16
S2140123300221D9601549D869C00700D569B9D8699D
S21401234010F002000BD0996821F0010199600AB1E2
S21401235000221A646FF00100E9E70139EBE741B9A1
S214012360986820F00100986002B119646FF00200CD
S214012370DDE7996821F0010199600AB90020D6E7E6
S2140123801864FBE700000E4000300E40809698006F
S21401239002F0070242EA035201F4FE41024B1430F6
S2140123A00A4343F82020704700600E4022F0F802EE
S2140123B05204044B520C143009B942F0804243F8DF
S2140123C02020704700600E40014B01229A60704742
S2140123D000500E40134B1449F0B500225D68134EB1
S2140123E01046D6F8E8714C680B687F070BD4B3F536
S2140123F0006F06D012D8B3F5007F02D0B3F5806F18
S21401240001D144F480742B4202D02C4208BF1843F9
S2140124100132092A01F10801E3D1F0BDB3F5803F8D
S214012420EEE700BF00500E40649B03000040E00F43
S2140124308B784A789B0143EA82030A781343CA7869
S21401244043EA02130A7943EAC2234A7943EA02338A
S2140124508A79043043EA42430001014A1350704727
S21401246000200440014B1860704700BF0000844202
S214012470437882789B0043EA021302781343C278BA
S21401248043EA4213027943EA0223427943EA0233DA
S214012490827943EAC233C27943EA0243027A43EAC3
S2140124A04243014A13607047002004400D4AD2F8A7
S2140124B0E430D2F8E0109B0003F03C03C1F3811135
S2140124C00B438370D2F8E03003F03F034370D2F839
S2140124D0E830D2F8EC2003F0F003C2F30312134302
S2140124E00370704700FF0FE0024BD3F8F000D3F8FB
S2140124F0F41070470081E00F024BD3F8F80080B269
S214012500704700BF0081E00F024BD3F8B000C0F364
S214012510074070470081E00F2DE9F04F9A46554B72
S21401252085B01B78DDF83C909DF844B0DDF850800E
S21401253006460F461546002B00F09680072A00F245
S21401254095800E9B002B00F09180B9F1000F00F0F2
S2140125508D80129BB3F5006F00F38880012803D1AC
S214012560109B002B00F08280434B03EB05131B7B73
S214012570002B7DD0414C10220021684626F0B5F98B
S21401258004EB451410229FBB3946204626F0ADF9D0
S21401259043F210036380BBF1000F03D1E37843F0ED
S2140125A00303E370354A0E9BCDF800A002EB451CF1
S2140125B0CCE90193129B581E9DF84C30690103F03B
S2140125C00303C0F30A009B0643EA001E53582C4837
S2140125D018404EEA0003012E535017D0B8F1000FF1
S2140125E02ED19CF8023068F304138CF8023027E0F1
S2140125F00021204626F079F94FF444736380BBF13D
S214012600000FCFD1E37843F03003CAE71323CCF8A9
S2140126100C309CE80F000CF1100E8EE80F00DCF871
S2140126201C20109BCCF814306FF0030161F39F025D
S214012630012FCCF81C2003D1CCF81890CCF804302C
S2140126400D4A290102EB051342F80180159A5A60DA
S21401265000272846224669469F605E73FFF742FDC3
S214012660384605B0BDE8F08F0648FAE70648F8E7B1
S2140126700648F6E716300020081D0020081C00203A
S2140126800F80FFF3028000F0018000F0078000F069
S21401269038B5124B1B780546DBB1E0B11EF019F8D0
S2140126A00F4A00231146147B54B92B601A0101EB23
S2140126B0031301258C501D731EF011F8204638BDFA
S2140126C00133082B02F11002EDD11EF008F805487F
S2140126D0F5E70548F3E70548F1E700BF16300020A7
S2140126E0081D0020048000F0028000F0018000F048
S2140126F013B5164B1868019000238DF804301DF0B1
S214012700E8FF134B1C7824B11DF0E9FF114802B015
S21401271010BD01221A701DF0E2FF0F4B1C731C77CF
S21401272083F82C4083F83C4083F84C4083F85C40A7
S21401273083F86C4083F87C4004230DEB03008DF88E
S2140127400730FFF7A5FC2046E1E700BFAC9B03007E
S21401275016300020038000F0081D00202DE9F0410E
S214012760DFF86480D8F86070D8F86C301F4000D568
S214012770FEE7134C01260025374218D02368C8F817
S2140127806860A3B1A16862680131A16028469847D4
S214012790637B012B0BD150B90A4B03EB45131A7B14
S2140127A060F341021A731A7F60F341021A7701350A
S2140127B0082D4FEA460604F11004DDD1BDE8F0818C
S2140127C0081D0020081C002000200E40054A06496E
S2140127D00346106803448B4294BF13604FF0FF30EA
S2140127E0704700BFE00A0020000001200F4BD3F81D
S2140127F02838A3F17E62A2F58432B2F5605F10B587
S21401280011D219680A4A91420DD10A4C227812F067
S214012810FD0F01D0002010BDDB6998470028FAD1D2
S21401282001232370F6E74FF48170F4E70000E10F0F
S21401283007B0CD5E1730002008B500F083F8124BC4
S21401284012498B4212D3124B124900208B4218D3E5
S214012850FAF7CCFE186850F82240586840F8224033
S214012860013298688242F5D30C33EAE70022F8E792
S2140128701C6844F8220001325C68A242F8D308338F
S214012880E4E70022F8E700BF40D403004CD403007D
S2140128904CD403004CD403000048704700F04902B2
S2140128A0104AD2F8943003F00703023B032B13D8E7
S2140128B0DFE803F00C14020E0B4B1B68D2F8000184
S2140128C0C0F304200130B3FBF0F07047074BF4E788
S2140128D0074B1B685B08F1E7054BEEE74FF4004337
S2140128E0ECE700BF00400E40EC0A0020F00A002092
S2140128F0E40A002008B5FFF7D3FF054BD3F80831EB
S214012900C3F308230133B0FBF3F0024B186008BD94
S21401291000400E40E80A0020014B1868704700BFCF
S214012920F00A0020054B1860054BD3F8943003F0ED
S2140129300703022B01D1FFF7DDBF7047F00A002025
S21401294000400E40044B054A9A60D3F8882042F4B2
S2140129507002C3F88820704700ED00E000C8000050
S214012960014B1868704700BFEC0A002038B50546D1
S2140129701DF0AFFE0B4A146800235CB1AC4206D1D1
S214012980A96A6BB199621DF0AAFE012007E02346F1
S214012990A46AF2E7002DF3D01DF0A1FE204638BD53
S2140129A01160F0E7881D002010B5044698B1FBF7CA
S2140129B0D1FF2046FFF7DAFF10B194F82C300BB99F
S2140129C0002010BD1DF085FE044A1368013B13600C
S2140129D01DF085FEF4E72220F3E700BF8C1D0020E2
S2140129E02DE9F04385B005469DF83070914698462E
S2140129F00E4609B9002F5CD12846FFF7D5FF0446DD
S214012A00002836D185F82C006863FCF751F8864219
S214012A1033D9FBF7EDFF2146844640F2E7304FF409
S214012A207A720023E6FB0C0119F07CFF4FF0FF32AF
S214012A30002319F077FF2B46E8861146CDE90044BE
S214012A401D4A28461DF02EF9044690B9C5E9089896
S214012A5085F82D702E631DF03CFE184A136833B3BB
S214012A601A469B6A002BFBD195620023AB621DF0D0
S214012A7036FE204605B0BDE8F08347B1CDE90044F7
S214012A800D4A2B4631462846FBF7D6FFDCE703A95D
S214012A903046FBF7B3FF04460028EAD1CDE90077BC
S214012AA0054A03992B4628461DF0D8F8CCE7156051
S214012AB0DBE72124DDE700BFC12A0100881D0020D5
S214012AC091F82C3013B50C4683B98B8ECA8E93427F
S214012AD00ED243B9CDE90033114A0B4620464FF0DA
S214012AE0FF311DF09FF8A38E0133A38602B010BDFF
S214012AF052B191F82D307BB101230093D1E908231F
S214012B002046096BFFF76CFF064A012384F82C3038
S214012B10136801331360E9E70846FBF71BFFF3E789
S214012B20C12A01008C1D00202DE9F041144E3368A6
S214012B3023B3144F4FF000081DF0CBFD3C6805464B
S214012B4024B92846BDE8F0411DF0C9BD94F82C30E3
S214012B5093B1336884F82C80013B336094F82D30B0
S214012B6013B92046FFF702FF28461DF0B8FDD4E949
S214012B70083120469847DFE7A46AE1E7BDE8F0811F
S214012B808C1D0020881D0020034B1B68002B14BFE2
S214012B9004200120704700BF8C1D0020024B1868DE
S214012BA0B0FA80F0400970478C1D002008B5084B2C
S214012BB001221A70074B00221A70074B04221A7062
S214012BC0064B1F221A70FCF74BFA054B186008BD1E
S214012BD050100020183000204F1000204E1000200A
S214012BE0901D002008B5064B834207D1054B1B7884
S214012BF023B1C8B20CF098FA00B1FEE708BD00BFD9
S214012C00941D00201930002030B50368354A23F49E
S214012C107F4385B023F007030025934204460295BF
S214012C20ADF80C5033D002F5802293420CD0A2F1BD
S214012C308272934253D12C4B1B78002B4FD005B098
S214012C40BDE83040FBF756BDB0F805303E2B46D107
S214012C50FF2304A91A4611E903001EF01BF80128F8
S214012C600ABF214B41F2FC15187005F0FC022079D1
S214012C703E210CF0E1FA00B1FEE71C4900902379F1
S214012C801B4A09681B48FFF7ABFE40B3FEE7B0F8E6
S214012C90053007EE903AB0F80730F8EE677A013360
S214012CA0B7EE047A67EE877A07EE103AB8EEC77A7F
S214012CB067EE877AB1EE047A67EE877A17EE900AA6
S214012CC01AF076FE07EE900AFCEEE77A074A17EE50
S214012CD0903AB3F57A7F38BF4FF47A73136005B034
S214012CE030BD00BFA000060219300020F40A002003
S214012CF0E52B0100941D002038B5FEF71BFB0E489E
S214012D000E4C0121FDF794FF012211460020FEF72B
S214012D1075FA022501221146C4F880500020FEF7FC
S214012D206DFA0122C4F8845011460020FEF766FAB7
S214012D30C4F88850002038BD30253E0000400E40C3
S214012D401D4B07B501225A641A6842F480721A6054
S214012D5001A8FFF7ABFB9DF80530012B03D89DF8C2
S214012D600430022B0DD9154B4FF41872C3F88C2280
S214012D70134AC3F89022134AC3F8F022124AC3F842
S214012D80F822124AD2F8A43143F4F843C2F8A43127
S214012D90FCF7F8F9FCF792F9FCF7E0F9FCF7A4F96F
S214012DA0FFF7AAFF1DF06FF8FFF720FD03B05DF8EF
S214012DB004EBFCF731B800BF00000E4000400E40A7
S214012DC09A6F0500180100040084320800300E4096
S214012DD082B0734600230B4A0193019B93420DDD9B
S214012DE072B6BFF34F8F0849084BCA6802F4E06217
S214012DF01343CB60BFF34F8F00BFFDE7019B013349
S214012E000193EAE73F420F0000ED00E00400FA05F7
S214012E10014B1878704700BF2131002070B52E484D
S214012E201DF0ADFE00F076FF00F060FF00F078FFC9
S214012E30044602F03DFC064600F078FF05460028F1
S214012E4048D0002C46D000F0EFFA10B1204602F030
S214012E5081FA284603F046FB284602F009FD28467B
S214012E6001F07AF9304602F017FC1C4B1B7820461D
S214012E7003F0FF05EBB102F017F820461EF0CEF87E
S214012E8038B12146032002F031F8214600201EF019
S214012E90BFF820461EF0C5F838B12146062002F0DC
S214012EA025F8214600201EF0B6F8BDE8704001F076
S214012EB0EBBF1EF0B6F818B1214628461EF0ABF857
S214012EC020461EF0AEF828B121460020BDE870402D
S214012ED01EF0A1B870BD00BF0024054022310020BD
S214012EE00368484A23F47F4323F00703934273B5EC
S214012EF0044670D009D8A2F5102293422BD002F5D1
S214012F00A022934258D002B070BD3F4A9342FAD1F4
S214012F1000201EF077F901201EF074F93B4BA288C1
S214012F201A803B4A002111701A8841F2130192B2AD
S214012F308A4203D01A8892B202B11B88354C02210C
S214012F4020780CF0C9F878B9207802210CF0D8F86E
S214012F500028D8D008E02F4C01F00CFA00F0AAFEA9
S214012F6020460CF07FF808B1FFF732FF20780221E7
S214012F700CF0B2F803460028F6D10090A022207883
S214012F8011460CF087F80028EED1207802210CF0CB
S214012F90B7F804460028E7D100F0C8FE01462046EF
S214012FA000F0C4FF012000F0C1FE0146204602B039
S214012FB0BDE8704000F0BABF174B027B1A70174B82
S214012FC042681A6002899A80154B827A1A70104BF1
S214012FD001221A7097E7857AB0F8056000F10B01B7
S214012FE02A46104825F09BFC302E07D100220D48BA
S214012FF0294602B0BDE8704001F048BA332E82D1AE
S2140130000122F4E7A0000A00A00006014C2D0020D2
S2140130102231002051100020213100201A310020D9
S214013020203100201A3000202DE9F843054601F032
S214013030D3FF434B434C1B68AB4204BF01232370B1
S214013040414B1B68AB4202BF404B01221A70404AFB
S214013050237812689102DBB204D52378002B45D081
S2140130603A4B1B78002B41D03A4E327802F0FF03E0
S214013070002A3BD1384DDFF818E1DFF818C1374F89
S21401308040F2E638AA685EF82310B2F57A7F13D9C3
S214013090881A00F2F31040450ED8314810F8039014
S2140130A002EB091000EB89008142A2EB920228BFD5
S2140130B00146914238BF11464CF82310143547F8A3
S2140130C02310FBB1224B27491A68920244BF7A6843
S2140130D01A641E4A002323701370012333700A6892
S2140130E01A440A60204A1380204A1370204B214A52
S2140130F01B88122B22D913780133DBB2082B03D895
S214013100137016E00123BDE7002313701A4A1378E3
S214013110013303F007031370184AD35C184A82F888
S2140131202630184A82F8263011F018FE164B022275
S2140131301A70164B01201870BDE8F8830023DFE7EC
S214013140141E00202B310020101E00202A310020E2
S21401315000F0014029310020D81B0020F41D00207A
S2140131606D1000200C1E00204E2D00202C3100205A
S2140131708632002026310020273100208FCA030026
S214013180240B0020F80A00206310002023310020C1
S214013190041E0020FC1D0020034B01229A605A6D7C
S2140131A09207FCD55869704700F001402DE9F041BF
S2140131B0274B90B001AA064603F108051746186882
S2140131C05968144603C40833AB422246F7D1214D51
S2140131D0186899889B792060A180A3710FCD05ACF2
S2140131E00FC40FCD0FC495E807001B4BDFF87C809A
S2140131F09B5D84E80700194A194CD35C19488DF881
S214013200223000250121ADF814508DF81750FDF736
S2140132100FFDC8F80450636DE36539462046FEF796
S21401322097FA204605A91DF0A9FB0123C8F804302A
S214013230FFF7B2FF01360C4AC8F8045006F0010643
S21401324042F826005368236410B0BDE8F08100BF41
S214013250C0A20300D0A2030097CA03007EA2030007
S21401326000F0014000D20400F41D002000003E42A0
S21401327070B5064618480D46FDF786FD012804463A
S2140132800BD102460146FDF7B9FF224621462046EC
S214013290FDF7B4FF114BC3F8844001211048FDF738
S2140132A0C7FC0F48FDF716FE4FF47A7370430121F1
S2140132B0B0FBF3F00023B0FBF1F2FE2A04D8D2B241
S2140132C0DBB22A716B7170BD0133072B4FEA4101E6
S2140132D0F1D10022F5E700BF0300200000400E40B8
S2140132E0902730002DE9F043204D2B6823F0020390
S2140132F087B02B60EC6814F00104FBD11F23EB654B
S214013300DFF88C801A4BDFF88C901A484FF48062F5
S21401331001270226C3F8842188F80070CDE90166EA
S2140133200494CDF80C900097134B144A00684FF4A0
S21401333048111DF078FC2B689B020BD5CDE9039450
S214013340CDE901660E4800970E4B0F4A0F490068FB
S2140133501DF04FFC054A136843F002031360002377
S21401336088F8003007B0BDE8F08300BF00F00140E8
S21401337000E100E0141E002014F00140041E0020AD
S214013380101E0020F41D002040F001400100320014
S2140133902D3100202930010070B51E4B90B001AAD6
S2140133A003F10805164618685968144603C408331D
S2140133B0AB422246F7D1184D186899889B79206050
S2140133C0A180A3710FCD05AC0FC40FCD0FC495E836
S2140133D0070084E80700114C31461520FFF748FF27
S2140133E00F480121FDF724FC31462046FEF7B0F9CF
S2140133F005A920461DF0C2FA01214FF4AA40FDF7A7
S21401340017FCFFF76FFF074A01235360A36010B054
S21401341070BD00BFC0A20300F80A002000F0014002
S21401342000D2040000003E423E4B1B782DE9F041DD
S214013430002B61D03C4C2378002B6FD001F01AFE94
S21401344000286BD1394F20703B78002B5AD0384E6C
S2140134503849337813B9012232700B7036480B782D
S214013460364A046842F823404468581D0133DBB2EB
S214013470042B42F820400B703ED900252C462B46E3
S2140134804FF0FF3052F804CB604528BF6046013448
S214013490634538BF6346052C6544F3D11B1A3C2BA4
S2140134A04FF00004DFF8A0E08CBF00230123A04604
S2140134B022464FF0FF305EF804CB604528BF6046D9
S2140134C008F10108624538BF6246B8F1050F644449
S2140134D0F1D1121A3C2A12D88BB111F0EFFBB5FBD1
S2140134E0F8F5B4FBF8F4164B9D60DC6100233B70E5
S2140134F03370144B01221A700020BDE8F0810023BE
S2140135000B70F9E70F4B1B7843B101F079FD0028EA
S214013510F2D111F0F5FB012001F0A6FDBDE8F04166
S21401352001F0A8BD3D3100202931002028310020BE
S2140135302531002024310020041E0020CC1D00204F
S214013540D81B00203C310020E01D002008B50B4BA5
S2140135505A6DDA650A4B4FF48062C3F88420BFF3D4
S2140135604F8FBFF36F8F0020C3F88421FFF71EFE35
S214013570BDE808400120FFF719BE00BF00F001407A
S21401358000E100E010B5FFF7B3F8044638B901468C
S2140135900648FFF77DF806482146FFF779F8FFF75A
S2140135A0FBFE044B01221A8010BD00BF141E002032
S2140135B0101E0020502D002013B502238DF80000A8
S2140135C000200C468DF80130FDF790FA00218DF8A9
S2140135D002000A48FDF718FA00238DF803000121BE
S2140135E007488DF805308DF80440FDF721FB0548A6
S2140135F06946FDF72BFA02B010BD00BFC0CF6A00C6
S21401360000B20400002000401FB58DF80730FF23EC
S21401361000248DF806008DF808108DF8093008484A
S2140136209DF818308DF8044001A98DF805208DF815
S2140136300A408DF80B3003941CF0E3FF04B010BD74
S2140136400020004007B50023009307220323FFF75D
S214013650DBFF054B01229A60DA68D207FCD4986C2E
S21401366080B203B05DF804FB002000402DE9F04372
S214013670DFF8CC804FF4004989B006460F46C8F8FB
S2140136808090BFF34F8FBFF36F8F01210320FFF7A9
S21401369093FF00254FF0FF33CDE9033543F6E412DF
S2140136A04FF48073CDE90523022429468A2202A815
S2140136B08DF80A408DF808508DF809608DF80B706A
S2140136C0ADF81C501CF07EFF4922012102A81CF017
S2140136D079FF21462A22184C02A81CF073FF4822C3
S2140136E0012102A81CF06EFF02A92046FDF740F951
S2140136F00123009332463B4628468B21FFF784FF81
S214013700E36943F44053E361636963612A462B46E8
S2140137104FF460612846FEF73BFE0523A360074B86
S2140137202364636C43F003036364C8F88091C8F8AC
S214013730009009B0BDE8F08300200040000F033F71
S21401374000E100E00E4B4FF4006210B5DA660D4A58
S214013750002414630B22DA6608212346224602203F
S214013760FEF74CFC234622460A210220FEF746FCC1
S214013770234622460921BDE810400220FEF73EBC42
S21401378000A000440080014008B50422012308215E
S2140137900220FEF733FC012304220A210220FEF751
S2140137A02DFC0123042209210220FEF727FC024BEF
S2140137B007221A6308BD00BF0080014038B590F8A3
S2140137C07F5090F87E30044600F180012A46B0F81A
S2140137D07C00F9F7E5F82DB940F2CF23C4E9203390
S2140137E0C4F88830054BD4F88020DA66D4F88420F3
S2140137F0DA67D4F88820C3F88C2038BD00800140F1
S21401380008B525480121FDF713FA01214FF48A4036
S214013810FDF70EFA21480121FDF70AFA2048012199
S214013820FDF706FA002304220B210220FEF7E6FB31
S2140138300123002206210220FEF7E0FB01230022DD
S21401384007210220FEF7DAFB0023042207210520C8
S214013850FEF7D4FB0023042206210520FEF7CEFB4B
S2140138600023042203210520FEF7C8FB0D4B4FF46D
S214013870E062C3F888200F229A62002102201DF020
S214013880DDF8094A136E23F0701343F040131366F4
S214013890BDE80840FFF778BF00A2040040410500DC
S2140138A000350A0000A0004600A0004070B588B0B0
S2140138B01B4C0F22002104A825F017F8002503232E
S2140138C00226184803950121CDE901558DF81260AD
S2140138D08DF80A30FDF7ACF904A920461DF0F4F87E
S2140138E040F2CF23236201AA294620464FF4B4753D
S2140138F01DF01EF901AA2046E56601211DF018F902
S214013900E56701AA314620461DF012F9064BC4F8B8
S2140139108C506363072323630123636008B070BD83
S21401392000800140000204000D0E0C0010B588B0A6
S2140139300F22002104A824F0D8FF154A154C106860
S214013940516802238DF8123001AB03C390681860EA
S21401395001211148FDF76CF904A920461DF0B4F8C1
S21401396040F2CF23236201AA204600211DF0E0F891
S21401397001AA012120461DF0DBF81DF058FC40F697
S2140139800B336363032323630123636008B010BD15
S2140139901CA3030000840140001204001FB5084B5D
S2140139A008480122CDE9002340F601430293694607
S2140139B000238DF80C301DF0EEF805B05DF804FB21
S2140139C0000101000024054030B51B481B4C85B0A2
S2140139D00221FDF73DFD1A480121FDF729F9194895
S2140139E00121FDF725F918480121FDF721F92046A7
S2140139F006220121FEF7C6FB204601220021FEF722
S214013A00D1FB012220461146FEF7CCFB0F4B0FCB14
S214013A106D4685E80F00294620461DF01BF8E36A2F
S214013A2043F00603E3620A4B4FF00062C3F88021BD
S214013A301A6005B030BD00BF02001E0000600440E1
S214013A4030253E008006160000350A0028A3030034
S214013A5000E100E007B50D4B186900909B8A0C4801
S214013A60ADF804300121FDF7E3F80A4B01229A6113
S214013A70DA6942F00102DA61074B02225A606846AF
S214013A80FDF74CFE03B05DF804FB00BF28A303005E
S214013A9000A2040000E0014000E100E0F0B5484B60
S214013AA09FB014AC03F128062246186859682546CB
S214013AB003C50833B3422C46F7D1282144F220002F
S214013AC00BF044FB3F4F404B404E414DCDE9043790
S214013AD0CDE90665044630B904AA102144F2300047
S214013AE00BF034FB04463B4BCDE90A65CDE90837BC
S214013AF034B908AA102144F231000BF027FB044622
S214013B00354BCDE90E65CDE90C3734B90CAA102139
S214013B1044F232000BF01AFB0446304BCDE9126535
S214013B20CDE910371CB101F081FA1FB0F0BD10AA23
S214013B30102144F233000BF009FB054601F076FA3A
S214013B40002DF2D101F06EFA1221024644F248002D
S214013B500BF0FCFACDE9014403940028E5D101AA53
S214013B600C2144F211000BF0F1FA0028DDD11C4AB9
S214013B70382144F250000BF0E9FA0028D5D1194A51
S214013B80382144F251000BF0E1FA0028CDD1164A53
S214013B90382144F252000BF0D9FA0028C5D1134A55
S214013BA0382144F253000BF0D1FA1B23009300286E
S214013BB0BBD16A4604214FF480400BF0C7FAB4E744
S214013BC030A5030003FB9EB6100064005BA46A9553
S214013BD02823A40610016400100264001003640088
S214013BE0F9A40300C2A403008BA4030054A4030099
S214013BF010B501F017FA0849084A83780B70037963
S214013C001370074B84791C70C4784C7041795170DD
S214013C10C2795A7010BD00BF711000206F100020CD
S214013C206D100020214BDFED226A03EB0010C389E3
S214013C3007EE903A838807EE103AF8EE677AB8EE08
S214013C40477A27EE277A87EE266ABCEEC66A16EE14
S214013C50103A8380438907EE103AB8EE477A27EE8A
S214013C60277A87EE266ABCEEC66A16EE103A4381BC
S214013C70C38807EE103AB8EE477A27EE277A87EE22
S214013C80266ABCEEC66A16EE103AC380038907EEB2
S214013C90103AB8EE477A67EE277A87EEA67ABCEE38
S214013CA0C77A17EE103A0381704700BF5E2D0020D9
S214013CB00080D4440A4A92F8B000042808B528BF08
S214013CC00020FFF7AFFF92F88801042828BF0020E4
S214013CD0FFF7A8FF034B00211970034B1A6008BDBC
S214013CE0CC1E00202F310020181E002001289FBF67
S214013CF0054B1870054BD8229DBF00FB0230044BC4
S214013D0018600020704700BF2F310020CC1E002015
S214013D10181E0020014B1878704700BF2F31002075
S214013D20014B1868704700BF181E002001289DBF70
S214013D30024BD82200FB023000207047CC1E002028
S214013D4003460328024898BF00EB0310704700BFE4
S214013D505E2D0020074B93F8AF20104301BFB3F848
S214013D60B02083F8A500A3F8A620012018BF0020E4
S214013D70704700BFCC1E00200E4B93F8AF201043B7
S214013D8016D193F8A72093F8B110914218BF83F883
S214013D90B12093F8B01093F8A620914218BF83F88B
S214013DA0B02093F8A5200AB183F8AF200120704710
S214013DB000207047CC1E002090F8A53073B1094B47
S214013DC000221A70084B094A1A60094B0822C3F8E8
S214013DD0FC20012380F89D3080F89E3090F89D00ED
S214013DE0704700BF2F310020181E0020CC1E002077
S214013DF000A000462DE9F84F1DF019FA002001F049
S214013E000BF9002001F048FCAE2200214248434C49
S214013E1024F06BFD4248AE22002124F066FD4FF0EF
S214013E200008A1464CF25A7B454641F2824A642379
S214013E303C4FE3834FF4E173A4F85A300FCF04F1FB
S214013E407C06C4E90355C4E91955A4F800B0658099
S214013E50A580E5802581658184F8A450E5822583C7
S214013E60A582A4F84250A4F84450A4F85450A4F8EB
S214013E705650A4F85850A4F81AA0A583A4F84050A8
S214013E8084F84E50A4F86C50A4F86E500FC697E80C
S214013E900F0086E80F0020461DF0D2F8052384F8AF
S214013EA07530032384F89C305FFA88F384F8A530D4
S214013EB084F8A63040F29E7384F8A150A4F870509E
S214013EC084F87450A4F8725084F8A25084F8A35071
S214013ED084F8A75084F8A95084F89D5084F89E5021
S214013EE0A4F8603084F89F5084F8AC5084F8A05051
S214013EF084F8AA5084F8AB5001F08AF8D83444F814
S214013F007C0CB8F1000F04D0074BC3F80090BDE855
S214013F10F88F4FF001088AE7FA2E0020CC1E002009
S214013F204C2E0020FCA20300181E00202DE9F04FA5
S214013F3091F89F3091F8A56085B007460C4693B17D
S214013F40002384F89F300B2F1FD8DFE817F01800E6
S214013F501E001800230040001E001E005100AC0089
S214013F60D4001E00F20091F8A030002BEBD03046B2
S214013F701DF048F994F89F30002BE4D0E0E70021CB
S214013F802346012208461CF06BFF84F89C7005B09E
S214013F90BDE8F08F002384F8753094F8A73004EB61
S214013FA043030321B3F8BC20A4F85820A4F85620F4
S214013FB0B3F8C630A4F85A300223A366042300934C
S214013FC001940523012206201CF0B7FFDDE75E4DB4
S214013FD0208B2B88A366F9F71BF90321034601946E
S214013FE00091012209201CF0A8FF02232B80CCE7B8
S214013FF00025D4F85CA084F84E504FF0640BC4E959
S2140140000B55C4E90DB50AEB460984F82250B9F8F8
S214014010181084F8AC504FF001084FF46173A36692
S21401402084F89F80A4F85450258484F82480E5847D
S214014030258584F83C50E5872B46A9F812102A46B8
S2140140404248CDF8008003911CF0B5FF0399404823
S214014050CDF800802A462B461CF0ADFFBAF81C307E
S214014060AAF81630B9F83600A4F81EB0F9F754F8D5
S21401407006220346A4F87C0007210C20CDE9005453
S2140140801CF05BFFAE22D82313FB0623314A06F54C
S21401409080401A44282120300BF058F8214640462B
S2140140A01DF07BF871E7012384F89F3094F8B13056
S2140140B0B4F8582004EB43030025B3F8BC30934210
S2140140C0E36D18BFA4F8562003EB4603D88EF9F724
S2140140D023F80A22A4F87C000346019400950721E0
S2140140E00C201CF02AFFB4F85630A3660123E583A2
S2140140F084F8243049E7B4F8B230A4F85630A36601
S214014100E36D03EB460300254FF00108D88E84F8D3
S2140141109F80E58384F82450F8F7FEFF0A22A4F86E
S2140141207C000346CDE90054072106201CF005FF5C
S214014130B4E7012384F89F300423009301940523F8
S214014140342203210C203FE73C100020600B0020A6
S214014150500B0020CC1E0020F8B5044690F8A55060
S21401416000F03AFF94F89C300B2B00F2D280DFE887
S21401417003F006D0121F43D0D059ABBAD0CA1DF0F7
S21401418056F86A4B1A780AB901221A70214603209A
S214014190FFF7CCFE44E0BFF34F8F6549654BCA6815
S2140141A002F4E0621343CB60BFF34F8F00BFFDE71D
S2140141B01DF03DF85D4B1B7893B3A56E85BB20467D
S2140141C01CF03EFF238894F8A520A380E36D03EB43
S2140141D04202284695879A8BDA82A3F8405000F06F
S2140141E0F5FE214628461CF0D8FF2146022000F0A5
S2140141F09DFF21460420CBE7A36E8BB94E4B1A7860
S2140142001AB901221A7000F081FF94F875303BB993
S214014210214601201CF0C1FF2146284600F086FFFA
S2140142200120F8BD20461CF062FEA36E1BB90123D7
S21401423084F8AC30F4E7E36D05F10C0233F8126054
S214014240A5BB00F0EFFE057A00F0ECFE437A3B4892
S2140142502A4631461CF089FEB4F85470054600F033
S214014260E1FE037AB4F85A20BB420CD26FF4916394
S214014270F3184E2B1FD80235042D1CD894F84E3057
S214014280013384F84E3094F84E30172B16D9B4F813
S21401429056303C33A4F85630002384F84E3040F2B2
S2140142A0EB439A420AD82146082071E72448642342
S2140142B016223146CEE7002384F84E30B242F2D3BE
S2140142C0204601F06DFDABE720461CF010FEA36E04
S2140142D0002BF5D1B4F85A20B4F8B4309A42A6D9D6
S2140142E02146092054E720461CF001FE94F8A6203A
S2140142F0144B03EB0213E2881B899A4297D9A36EEB
S214014300002B94D0DCE7A36E002B89D12146072031
S2140143103EE723460122032104201CF0A1FD0320D1
S2140143202146FFF703FE00207BE700BF3031002067
S21401433000ED00E00400FA052E310020600B00209D
S214014340500B00205E2D002001280CD8074BD822E8
S21401435002FB003393F8B030032B04D801EB0311B2
S214014360034B585A70470020704700BFCC1E0020F0
S2140143705E2D00202DE9F341002301936A4601AB2F
S21401438004214FF480400AF0F7FE28B9019B1B2B4D
S21401439002D1009B042B04D00AF02CFF08B9FFF7CA
S2140143A07DFB334D44F2300444F23406204601349A
S2140143B02B466A461021A4B20AF0DEFEB44205F18D
S2140143C01005F3D12B4C2C4F002644F2200823462F
S2140143D06A46282108EB06000AF0CEFE80BB009B49
S2140143E0282B2DD13046FFF7B5FC0C2114F8090C0B
S2140143F0FFF7AAFF214B18801B8834F8960C9DB254
S21401440017F0A4FE1E4B002218F034F818F0EAF953
S21401441007EE905A07EE100AF8EE677A67EE277AEB
S21401442017EE900A17F0A4FE164B002218F022F899
S21401443018F090F9144B80B218801B8824F86A3C57
S2140144403B466A460C2144F211000AF095FE00F044
S214014450E9FD6A460346122144F248000AF08CFE42
S214014460D83416B102B0BDE8F0810126AFE700BF2F
S2140144705E2D00207A1F0020522D0020AA2F00203A
S2140144800000244000005940A82F0020052970B5DF
S2140144900D46164621D91AB1A1F10803382B1CD8AE
S2140144A003885BBA1AB2002AD4BF0D4C0D4C227891
S2140144B09AB9638043885BBAA38083885BBA2A462D
S2140144C00146E38004F1090024F029FA002E08BF12
S2140144D0062501202572207070BD0020FCE700BF74
S2140144E04C2E0020FA2E00202DE9F04FAB4CB4F8EC
S2140144F004802DED028B4FEA183717F0060983B0BA
S21401450040F0498108F00F08B8F1010FB4F806A091
S21401451040F03C81AAF12003012B00F23781A04E26
S21401452007F00707D8257D43AB190E219B885BBA98
S214014530A4F856307319384633F80C3C5BBAA4F825
S2140145405830A6F1380305EB030B5B5B5BBAA4F8A6
S2140145505A307319503E33F8043C5BBAA4F85C3009
S214014560FFF7F2FE354408EE100A688907EE900A56
S214014570F8EE677A17EE900A17F0FAFD894B0022DB
S21401458017F04EFEF8EE487ACDE9000117EE900AD4
S21401459017F0EEFD02460B46DDE9000117F06AFF53
S2140145A018F000F940BAA4F85E00288907EE900AD0
S2140145B0F8EE677A17EE900A17F0DAFD794B0022CB
S2140145C017F02EFE784B002217F054FF18F0EAF889
S2140145D040BAA4F86000BBF80630E86D5BBAA4F8F0
S2140145E0623000EB47034946DA8E52BAA4F86420DB
S2140145F093F93D2084F866209B8F84F86730C08845
S21401460001F0E2FCEB6D40BAA4F86800188949464F
S21401461001F0DAFCEB6D40BAA4F86A00588941460D
S21401462001F0D2FCEB6D40BAA4F86C0093F941207E
S21401463084F86E20B3F8403084F86F30BAF1210F59
S21401464040F0A18095F8763084F87030484695F8A9
S214014650773084F8713010F0D7FC95F8753084F80F
S2140146607200484684F8733010F020FD40BA49467F
S214014670A4F87400484610F083FD95F8783084F865
S214014680783040BA95F87930A4F87600404684F838
S214014690793010F0B9FC95F8743084F87A00404609
S2140146A084F87B3010F002FD40BA4946A4F87C003D
S2140146B0404610F065FD40BAA4F87E0000F0B2FC5A
S2140146C0837884F8803000F0ADFCC37884F88130BC
S2140146D000F0A8FC037984F8823000F0A3FC43794B
S2140146E084F8833000F09EFC837984F8843000F0EF
S2140146F099FCC37984F88530B5F8D0302B4DA4F8F1
S21401470086302B885BBAA4F888306B885BBAA4F82D
S2140147108A3000F087FC438984F88C3000F082FCF4
S214014720838984F88D3000F07DFCC38984F8963047
S214014730AB885BBAA4F88E30EB885BBAA4F89030ED
S2140147402B895BBAA4F892306B895BBAA4F89430D3
S2140147504D224523D821164884F8492007FB0166D7
S2140147600022314684F850301CF0C0FC4A383146ED
S2140147701CF07DFC4FF480732380012003B0BDEC58
S214014780028BBDE8F08F26221E23E3E7062384F87A
S2140147904930002323800020F0E700BF4C2E002084
S2140147A01C1F00200000594000688040522D002048
S2140147B0962E0020BA482DE9F04FB0F804904FEA43
S2140147C0193414F0060B9DB040F058834FEA1923B4
S2140147D0019309F00F030093B0F81130DFF8F0C22F
S2140147E0B0F81380AF49C5885BBAACF80030AE4B61
S2140147F0D82604F0070498FA98F814FB06F2A3F8F2
S214014800008006FB0418009E98F8A78006F1FF3A80
S214014810C9F3022E5718BAF1070F00F22983DFE811
S2140148201AF00800140127034E02270357027002EC
S21401483070023C2D00F0DA8024D8242D984C52D0FA
S21401484007D8222D79D0232D00F0B080944B062274
S214014850D9E0362D0ED8332DF8D9042384F85030FC
S21401486084F851800122394604F14A001CF03EFCCE
S2140148700C235FE0373D012DE8D80423A4F850301F
S2140148800222F0E744F230039D4200F0BF8016D8C2
S21401489044F211039D4200F0C88044F220039D4279
S2140148A0D4D1AE320A44814B02F1280152F8040BEE
S2140148B043F8040B8A42F9D1794B2E22A3E044F245
S2140148C048039D42C2D100F0ADFB784B00F11002C7
S2140148D050F8041B43F8041B9042F9D102881A8051
S2140148E06F4B18228FE0052380F8503040F20313F7
S2140148F0A0F852304FF40173A0F854306C4A80F897
S214014900518041F61B33A0F856306A49536DB1F811
S2140149108600D2F8FC2101334FF6FF7118BF012340
S214014920884218BF43F002030AB943F0040384F82F
S21401493058300F2384F849302BE0002560222946A1
S21401494004A8039523F0D1FF5B4903A823F0D5FF04
S2140149505A4903A823F0D1FF594903A823F0CDFFF4
S214014960584903A823F0C9FF03A823F0E6FFC3B202
S21401497084F850305A2803F10803024684F851801F
S21401498084F8493000F2788203A904F1520023F03A
S214014990C6FF0124424D394628461CF068FB4FF4F9
S2140149A080732B8020461DB0BDE8F08F2546082376
S2140149B084F8503005F8518FFDF796FD3823C3F182
S2140149C0200CA3F1200620FA03F201FA0CFC42EABD
S2140149D00C0221FA06F6083B324313F1080F05F8DC
S2140149E0012FECD194F850300833A3E71CF03CF9C2
S2140149F02B4B0390022240BA83F8502083F8518053
S214014A00A3F852000C2283F84920C2E72E4B274A0E
S214014A1003EB0E1303F1100153F8040B42F8040BD9
S214014A208B42F9D11E4B1622EDE71D4B27490C226E
S214014A30A3F850200A68C3F852204A68C3F85620E3
S214014A408A68C3F85A201422DDE7303D144EC9F3B4
S214014A50031A0B2D20D8DFE815F0540062006B0016
S214014A600C00AC00C200CD000701D8007400900015
S214014A708300BAF1070F2DD1D82505FB041595F84B
S214014A809F30BBBB39465046FFF750FAB5F8583051
S214014A9085F89CA0A5F85630062386F8493078E7B5
S214014AA0FA2E0020CC1E0020A82F00204A2F00201E
S214014AB00040E00F0042E00F3EA303004BA30300BB
S214014AC050A3030057A303005E2D0020522D0020A3
S214014AD0AA2F0020BAF1020F0CD14FF480400AF041
S214014AE077FB0028D8D1BD4B394618705046FFF7E2
S214014AF01DFAD1E7D82303FB0413012283F8AC2067
S214014B00CAE7D82303FB04134FEAD93219F4004F3E
S214014B1083F8A920C0D020461CF074FBBCE73846B9
S214014B20FFF74AF9D82303FB041383F8A500B3E77C
S214014B30019B5B07B0D4D82303FB041383F8A6E0DC
S214014B40AAE700F06FFAC9F3C02980F8019000F0D7
S214014B5069FA1221024644F248000AF0F7FA9BE786
S214014B601CF096F81CF095F89D4B9E4918681BF0B2
S214014B704BF9022020F0E3F80BE7F27B042A11D16F
S214014B80BAF10B0F0ED1D82202FB041292F89F1035
S214014B9041B91B8806219BB24B4350463946936662
S214014BA0FFF7C4F90122904839461CF09FFA0C23FE
S214014BB073E7F27B042AF5D1D82202FB041292F89D
S214014BC09C10083901299BBF19881B881B88A2F8ED
S214014BD056109ABF9BB29366A2F85830E2E7F37B71
S214014BE0042BDFD1D82303FB0413BCF80020A3F861
S214014BF05A20D7E7F27B042AD4D1D82202FB04122A
S214014C00BCF80000A2F85A00D9E7F07B042829D1A5
S214014C10D82000FB041090F89F501DB190F89C001E
S214014C2009281FD1D82000FB0410BCF80050A0F8BA
S214014C30B4501D88A0F8B25090F89C50092D09D1A7
S214014C40BCF80050A0F85A501D881B88A0F8565092
S214014C509BB28366AE3204F580400A442030282198
S214014C600AF074FA02229EE7F07B0428FAD1D820D3
S214014C7000FB041090F89F50002DF3D1BCF80050B3
S214014C80B0F86000ADB2A8424FF06C0528BFBCF882
S214014C90000005FB048801EB480528BF80B2A5F893
S214014CA0C600D82505FB041501EB4808A5F85A00EF
S214014CB018881B88A5F85800A8F8BC30CAE7022255
S214014CC0494839461CF012FA0C2300F8013C60E60C
S214014CD0D82303FB041696F89F3083B96C2303FB95
S214014CE0045301EB430201EB4303B2F8BC20B3F8D3
S214014CF0C63086F8A750A6F85820A6F85A300122E2
S214014D00DEE7DFF8F0804FF00009062202FB09F328
S214014D1003EB080038F80330AB4207D10679042EBE
S214014D2056D8DFE806F009553D484F0009F101095C
S214014D30B9F1220FEAD12CE6D82303FB04144FF075
S214014D40280A94F8A54003FB0414AE340123062276
S214014D5002FB09880098B8F8021098F805C0DFF839
S214014D609880072804EB010248D1BCF1020F0CBF62
S214014D701288127888F8513008BF4FEA122B4FF08C
S214014D80000308BFD2B288F85320A8F85430022294
S214014D900C2388F852B088F8502088F84930F8E596
S214014DA0D82303FB0411114C91F8A6304FF0100ADA
S214014DB004EB0314CAE70E4CEBB204EB43044FF0CA
S214014DC0020AC3E700F02EF94FF0120A0446BDE7C7
S214014DD0074C4FF0020A0023B9E700BF303100202C
S214014DE0901D002060A30300442F00205E2D0020AC
S214014DF0522D002088A30300FA2E0020BCF1020FDA
S214014E0098F8123032D1B8F811305BBA9BB25EB95D
S214014E10082922D140F29E718B4228BF0B46B3F57A
S214014E20617F38BF4FF461731380280A22465146CA
S214014E3040F480400AF08AF928B9042E03D1FEF71F
S214014E40D7FE0FF03BFF52460D4821460AF1060AEF
S214014E5023F065FD88F849A09BE50C29E4D1962B43
S214014E6028BF9623142B38BF1423DDE71370DCE725
S214014E70044B062283F8492000248BE5002491E5A3
S214014E804A2F0020FA2E0020054B1B780BB1FFF7A6
S214014E9091BC044B1B780BB1FFF726BB704700BFD4
S214014EA0FA2E00204C2E002010B50D4C63785BB115
S214014EB0FDF7AEFF94F8492004F14A0336210AF0C3
S214014EC0D3F960B960700AE0064C63781BB190F8BC
S214014ED0AC30002BECD0044C6378002BE8D110BD2D
S214014EE09E2D0020FA2E00204C2E002070B5194C65
S214014EF063780D460BB1002070BD0029FBD0164A21
S214014F00A080B2F900606680731E1BB2002B13806E
S214014F1000F00F01BCBF47F6FF731380032915D0BD
S214014F200629E8D101220D4829461CF0DFF895F83C
S214014F30A7200C23074884F849302946E2801CF054
S214014F4096F84FF4807323800120D5E7312206239B
S214014F50F0E700BF9E2D00208A0F0020E82D0020DC
S214014F6070B5164A164D282144F220000AF0EEF8D4
S214014F70144A282144F221000AF0E8F844F23004E9
S214014F8044F23406204601342A461021A4B20AF01F
S214014F90DDF8B44205F11005F4D100F043F8122112
S214014FA0024644F248000AF0D1F8BDE87040064ACD
S214014FB00C2144F211000AF0C9B800BF7A1F002084
S214014FC05E2D002052200020522D0020014B18603B
S214014FD0704700BF9C200020064B07481B684FF413
S214014FE07A7103EB8303B3FBF1F201FB123303493E
S214014FF018F038B89C2000204731002058A503003F
S214015000024B1878003818BF01207047463100203F
S21401501000487047480C0020014B1870704700BFCD
S2140150204531002000487047AE2F00200C4B12225D
S2140150301A8044F64B325A8043F232229A8042F664
S2140150402802DA8040F216321A8178225A81B42276
S2140150509A81DA8128221A82024B16221A70704728
S214015060AE2F002044310020014B1870704700BF5E
S2140150703B310020014B1878704700BF3B310020C0
S2140150800C280BD8DFE800F0070B1114170E1A26B0
S2140150900A0A1D202300114B114A1A6070470F4B54
S2140150A0104AFAE70D4B104AF7E70C4B0F4AF4E7A4
S2140150B00A4B0F4AF1E7094B0E4AEEE7074B0E4A39
S2140150C0EBE7064B0D4AE8E7044B0D4AE5E7034BD1
S2140150D00C4AE2E7014B0C4ADFE700BF940C0020C4
S2140150E063A503006EA5030077A5030085A503004D
S2140150F08BA5030096A50300A0A50300A8A50300A1
S214015100B0A50300B8A50300C0A5030008B50FF0BD
S214015110CDFDFEF76DFD034A01231370024A13709D
S21401512008BD00BF3D3100202831002073B505467B
S2140151300C46FFF751FF94F87530062B72D8DFE85E
S21401514003F00471082744065800574B1B6802B049
S21401515070BD05F1380304EB43030022DA7194F8BD
S2140151609F3093B945B1012DF1D194F8A73084F859
S214015170A8302146042005E094F8A73084F8A8302A
S214015180214603201CF009F8D3E721460620F9E75B
S214015190464E737893B935B9012384F87E3094F876
S2140151A0A830A4F87C30019494F87E300093B4F8CB
S2140151B07C30012203210C201BF0BFFE70892146A2
S2140151C002B0BDE870401BF0D1BF384D6B786BB9AB
S2140151D0012294F8A83084F87E20A4F87C30CDE92A
S2140151E00024032211460C201BF0A7FEA8892146A5
S2140151F0E6E72E4D6B7893B994F8A720E36D03EBA1
S2140152004203D88EF7F788FF04230322A4F87C0014
S21401521011460093019405230C201BF08EFEE889AD
S2140152202146CDE794F8A720E36D03EB4203D88E21
S214015230F7F772FF94F89C20A4F87C00073A03461F
S214015240042A29D8DFE802F003151A2821000022D3
S21401525000920194062207210C201BF06EFE2046C8
S2140152601BF0EEFE2146072002B0BDE870401BF0A1
S21401527094BF0022009201940A22ECE700220092D9
S21401528001940A2207210620E7E7042300930194EC
S214015290052334220321F6E700212346012208468E
S2140152A01BF0DEFDDBE700BF9C200020AE2F0020B8
S2140152B038B50C460546FFF78FFE94F87530023B6D
S2140152C0042B43D8DFE803F03E0318423400002DD8
S2140152D03CD194F8A830032B9CBF0133DDB21C4BA4
S2140152E084F8A8505B780BB9A4F87C5021460020BE
S2140152F0BDE83840FFF71ABF012D27D8383504EB33
S21401530045050023EB711423A4F87030104B5B782D
S21401531043B994F8A80021461BF066FE21460720F3
S214015320FEF704FE21460720BDE838401BF035BFD6
S2140153301423A4F87030064B5B78002BF2D121467B
S2140153400320EDE794F89F30002BF8D138BD00BF5D
S214015350AE2F00202DE9F843944B1A780446002A14
S2140153607AD000271F70924B1F70924B01261E7039
S214015370FFF732FE94F87500FFF782FE0FF0AEFDE0
S214015380054638460FF040FE18B330460FF03CFE97
S214015390F8B105BB84F8745094F89F30002B5DD1AA
S2140153A0854A138801339BB2B3F5A67F13804AD989
S2140153B00023138009F01EFFBFF34F8F7F49804BF8
S2140153C0CA6802F4E0621343CB60BFF34F8F00BF9D
S2140153D0FDE7EDB100267B4B1A7882F001021A70C8
S2140153E01A7894F874302AB3FF2B20D1002ED3D12B
S2140153F0754B84F874600125204684F8A1601D7001
S2140154001BF01EFE21462846BDE8F8431BF0C5BE2C
S21401541094F89F3084F8745003BB6C4B02221A70C8
S21401542094F87530072B1FD121460220ECE7013393
S21401543084F8743094F874309F2BD7D894F89F3042
S21401544063B9002EACD10223604A137094F875300C
S214015450072B09D1002DE7D0BDE8F88394F8753005
S214015460022BF0D12D23EFE7DFF86C91584F26463B
S214015470002585F001000FF0DDFD003818BF012082
S2140154805FFA85F889F8000040460FF0D3FD94F8DE
S214015490A330003818BF01203870F3B1002304EBA5
S2140154A0450584F8A33085F8773095F8763013B93A
S2140154B094F8A1305BB194F89F30214643B901209E
S2140154C01BF06BFE0220BDE8F843FFF72FBE214616
S2140154D04046BDE8F8431BF06CBE94F87520C2B197
S2140154E094F8A130002B55D194F89F30A3B93B789E
S2140154F0ABB199F8003093B996F876307BB996F847
S2140155007730FBB1012384F8A13021464046FFF7EE
S214015510CFFE002D38D01EE03B78002BECD13B7837
S21401552003F0FF02002BF4D196F87630002BF0D072
S214015530B4F8723086F87620002BEAD0012386F87C
S2140155407730E6E7CDB1032A0AD084F878502146B1
S2140155502846FFF7EBFD1F4B94F89F201A707BE758
S21401556094F877209AB1042084F8785084F877303C
S21401557021461BF012FE2846A5E7012386F8763061
S21401558021464046FFF7D2FD0236012571E786F82F
S2140155907650DCE73B78002BBBD199F8003003F05E
S2140155A0FF02002BB5D184F8A120B2E73B310020E1
S2140155B0403100203F310020AC2F002000ED00E0FC
S2140155C00400FA0538310020283100204B10002055
S2140155D03A3100208731002039310020254B10B5A3
S2140155E01C6A9C62A30710D5FEF794FB000100F12C
S2140155F0804000F5C2300023C3661F4B1A681F4B5C
S2140156004ABB02221A70FEF79DF8640722D51C4A8F
S2140156101368013313601B4A13781BB11378013BDF
S214015620DBB21370184A13780133DBB2052B17D897
S2140156301370114B1A68D2B9144A01211170144A19
S2140156404FF49640D0611348006C000658BF516075
S21401565005221A6010BD1A78002AD4D10122D1E79A
S21401566000231370FEF75CFB1BF088FDE1E71A6868
S214015670013AEEE7006004407C2000204031002023
S2140156809C20002046310020313100208831002046
S21401569000A0014000600E40034B00221A70034B2D
S2140156A0197801B11A707047343100203531002065
S2140156B0014B1878704700BF34310020034A01239C
S2140156C09361034A1370034A1370704700E0014068
S2140156D0363100203731002004281FD8DFE800F0DB
S2140156E003090F1420008B6EC3B1013B8B660120AA
S2140156F07047114A13888BB1013B1380F7E74B6E55
S21401570063B1013B4B66F2E7B1F86C301BB1013B6C
S214015710A1F86C30EBE70123A1F86C30002070474C
S214015720B1F86E301BB1013BA1F86E30DFE70523FF
S214015730A1F86E30F2E700BF480C0020104B023192
S21401574033F81130834206D892F8AB309BB9012367
S21401575082F8AA3007E00B4B33F8113083420AD99E
S21401576092F8AB303BB9012382F8AB300523D383E3
S2140157700A23536670470023A2F8AA30F9E700BF50
S214015780321000202810002073B5254C254E636C7E
S214015790A26B1340336033689A071CD501A92046D3
S2140157A01AF085FF204D01A9286020461AF07FFFD8
S2140157B001A9286120461AF07AFF01A9A8602046AF
S2140157C01AF075FF0223E8602364D4F8903043F0A2
S2140157D00103C4F890303368DB071CD5104B124A1E
S2140157E0996C5160D3F88C2042F00102C3F88C20EA
S2140157F00E4A1A64FEF794FA04461BF03EFBFDF7C8
S214015800C3FF94F898204FF4006332B1084AD36678
S214015810084B01221A7002B070BD074AF7E700BFB5
S214015820002000409420002080200020000F033F2D
S21401583000A000463331002000A0004410B5A0B1FE
S214015840C28B0A4B90F8A510DC69B2F57A7F4FEA55
S21401585001112DBF5B185B186243013437BF4FF44B
S2140158607A70DC66B2FBF0F2DA6610BD00840140A5
S2140158702DE9F74FBE4990F89C300978092B0CBFEB
S214015880B0F8B420B0F85A20044601F0FF0059B928
S21401589094F8A41094F8A560E58B41B1360106F1A1
S2140158A0804606F5C236F06603B0BDE8F08F94F880
S2140158B0AC00E8B1320102F1804202F5C232073B88
S2140158C0022B84F8AC10D1660BD83046FEF754FA9A
S2140158D038B106F5804004F1AE022821203009F0E7
S2140158E035FC2146032003B0BDE8F04FFEF71EBB92
S2140158F0A0490F78002FD7D0087094F8AB1019B9CB
S214015900072B15D14FF47575236DE58340F2E73209
S21401591002FB0353984A4FF47A71B3FBF1F3236504
S214015920D36902EB06126B43B3FBF1F3D366BBE715
S214015930083B012B00F2D581904B1878002800F027
S2140159407481197006F10C01E36D94F8207033F838
S214015950113094F82110A2EB030ABAF1000FD4BF5C
S214015960002001203FBB69B9012194F8245084F836
S2140159702110002184F8221084F823506285E184E6
S21401598084F83810E18C658D013189B29542E18445
S21401599040F0C580B1F5967F80F0CC8094F8221057
S2140159A094F82350032900F24881DFE811F0D20071
S2140159B0F0000A011C010029E4D194F83890B9F1ED
S2140159C0000F00F06C81BAF1000FE28ED8BF94F898
S2140159D039904FF00A07C5BF9A1A4FF00009D21A3C
S2140159E05743D8BF574309F00109B4F8348094F8F7
S2140159F03C10E386B8F1000F4FF0010208BF4FF0EC
S214015A00640884F8382084F83900434619B9A4F8A4
S214015A103A8084F83C20FA17BAF1000F01923EDD75
S214015A20042F3CDDB5F5C87F39D3638F01934FF45E
S214015A3075702A46002387FB000116F023FF08EB4A
S214015A40480B8345A8BF8346032200234046002116
S214015A5016F018FF0C228345ACBFC8EB0B03C8EB4E
S214015A6000035343642293FBF2F39844019B01988D
S214015A7003EB83039845A8BF98460522002300211F
S214015A8016F000FF804540F2DC53B8BF80469845CB
S214015A90A8BF98464346022BB8BF0223A3868AEACC
S214015AA0EA7B42F24862ABEBEA7B02FB0BFB30225D
S214015AB04FF0640C5A43BBFBF2FBFA17ABFB070132
S214015AC00BFB0211A0FB0C0EA3FB0C230CFB01E14C
S214015AD016F0D8FEBBEB000B61EB41010029B8BF05
S214015AE04FF0000B002F03DCBBF1030F40F2D9800F
S214015AF0BBF1C80F28BF4FF0C80BBAF1000F40F337
S214015B00E280CBF57573AB4200F2CE80B9F1000F9F
S214015B1040F0E480628B63889A4224D9F2E600253D
S214015B20B1F5967F84F8225084F82300628584F8C4
S214015B3038500ED3002384F82130238D01339BB2D5
S214015B40022B238501D80025DEE6012384F82030C8
S214015B50F9E794F8231099B1934213DA6288638BBC
S214015B609A42FFF4CFAE4FF47575043DADB2CBE665
S214015B70403100203F310020008401403E310020AA
S214015B809342E0DC012284F82220A385DBE7A18D85
S214015B9085B18B42F9DCCB1A012BD4DD8B1A48BFB9
S214015BA0531A65B1D31A23EAE373E385022384F813
S214015BB02230C8E78B42E8DBC5D05B1AECE713441A
S214015BC0F1E7E28D45B19342BDDC032284F8222041
S214015BD000222286A385C1E79342B4DB032284F820
S214015BE022202586D1E7A28DBDB99342D4BF0020DD
S214015BF00120218E01312186B0B9D11A48BF991AE8
S214015C00012912D9E38D991A48BFD11A042384F8C1
S214015C10223000236186238607E09342ACBF002032
S214015C2001204FF47575E4E7A3856288638B9A4279
S214015C30FFF46AAE042D98D866E6E28DF5B9934274
S214015C40CCBF00230123228E013292B22286002B82
S214015C50EBD0D2B1638E022B17D90A214B43B3FB8B
S214015C60F2F340F2DC52934228BF1346022B38BFB0
S214015C700223A386012384F820300CE09342B4BFAC
S214015C80002301234FF47575DDE7238D01339BB2A5
S214015C90022B2385EED8002384F8213053E74F46A4
S214015CA0A3E64FF0040B28E7AB441FFA8BF5B9F1D6
S214015CB0000FBAD0E38F0522ED1A95FBF2F51D44CD
S214015CC0ADB2E587B1E7AB4505D3B9F1000F3FF4B7
S214015CD03AAF0025EEE7A5EB0B0BE6E74FF475753B
S214015CE0E8E7052510E600BF10B5E02104460320CD
S214015CF0FDF7A8FC4FF4FA734343C3F38F33034A0B
S214015D00A342538034BF0020012010BD480C002060
S214015D1038B52DED028B0B4608EE900A0E2193F84E
S214015D20A500FEF711FBF8EE687A08EE100A17EEEA
S214015D30900A16F01DFA0C4B002216F071FAF8EED6
S214015D40487A044617EE900A0D4616F011FA0246F6
S214015D500B462046294616F08DFB16F023FDBDECBA
S214015D60028B80B238BD00BF0000594007EE900A92
S214015D70F8EE677A08B517EE900A16F0F9F9064BB1
S214015D80002216F04DFA054B002216F073FB16F0B2
S214015D9009FD80B208BD00BF000059400068804080
S214015DA070B590F8A02090F8A53004461AB3002BE1
S214015DB014BF07250625012680F89F602946022084
S214015DC0FCF756F994F8A9308BB9A0B90A4BE28BC7
S214015DD0D9694A434FF47A71B2FBF1F2DA66334677
S214015DE0082229460220BDE87040FCF707B910B129
S214015DF033460022F5E770BD0084014070B52DEDF5
S214015E00028B044690F8A560408900B9E0882146D7
S214015E10FFF77EFF16F09AF900222C4B16F02AFBAC
S214015E2016F0E0FCB4F8B83008EE900A94F8A60034
S214015E3008EE103AFDF784FFC58894F8A600FDF732
S214015E407FFFE3884289AB42B8EE488A0FD8934277
S214015E5039D99B1AAD1A07EE903A07EE105AF8EEAA
S214015E60E77AB8EEC77AC7EE876A28EE268A022155
S214015E703046FEF769FAC8EE287A044617EE900A0D
S214015E8016F076F9124B002216F0CAF916F08AFCC3
S214015E9080B2A04228BF204680B207EE900AF8EEF4
S214015EA0677A17EE900A16F063F90A4B002216F08D
S214015EB0B7F916F077FC084BBDEC028B80B2188060
S214015EC0188880B270BD9FED058AD0E70000594062
S214015ED00000244000404A40C02F0020000000007F
S214015EE02DE9F04190F8A550364E022D044628BF04
S214015EF00025FFF783FF608396F848C00021ACF1C8
S214015F000707FFB28E4618360DB1022F18D8B4F81F
S214015F10B630B4F8BA2036F811809A4203D29A1AEB
S214015F2092B2934203D840F26C724FF4FA6302299C
S214015F301BD1BCF1010F18D040F21353984536D847
S214015F4001310329E0D141F28243984288BF63833D
S214015F50638BA4F81CE0734527BFA3EB0E039BB22B
S214015F60A38300236383BDE8F081424524D84345DB
S214015F7026D9A8EB020807EE908A9B1AF8EEE76A84
S214015F8007EE903AF8EEE77A86EEA77A07EE900AE1
S214015F90F8EE677A67EE277AFCEEE77A17EE903A24
S214015FA09BB2734538BF73461FFA83FEC8E74FF4AA
S214015FB0AF6340F21452DAE7434598BF8646BFE71F
S214015FC08646BDE7480C002010B5002943D14FF2A4
S214015FD0F553984228BF184640F66163984238BF89
S214015FE01846374B1C4633F8022B824202D81A88D1
S214015FF0824203D80131C9B22229F4D14B1C34F8AC
S214016000112034F81330801A9B1A07EE103A07EE67
S214016010900AB8EEC77AF8EEE77AC7EE876A07EE17
S214016020901AF8EE677A76EEA77A17EE900A16F0CF
S2140160309FF8244B002216F0F3F8234B002215F0AC
S21401604039FF16F0CFFB07EE900AFCEEE77A17EE63
S214016050903A98B210BD4FF21933984228BF1846AD
S2140160601A4A42F2B803984238BF1846144600232B
S21401607032F8021B814202D81188814203D80133CB
S214016080DBB21C2BF4D15A1C34F8131034F812204E
S214016090401A521A07EE102A07EE900AF8EEC76A5F
S2140160A0F8EEE77A87EEA67A07EE903AF8EE677A88
S2140160B077EE277A9FED067A67EE877AC5E700BF07
S2140160C0C80F002000C08240000079408C0F0020DD
S2140160D00000FA43012A38B52ED8184D184B2C78F3
S2140160E004EB8102012923F8120033F8310003EB97
S2140160F0C1035A8810449A88DB880244134407EE89
S214016100903AFAEECF7AFCEEE77A17EE903A98B22A
S2140161100C4B03EB4103D88004D8BDE8384000217E
S214016120FFF752BF0121FFF74FFF631CDBB2042BC1
S21401613028BF00232B7038BD0020FCE73231002039
S21401614010100020480C0020024B0021D888FFF7D1
S2140161503BBF00BF480C0020F8B58E8891F8A570AB
S21401616005460C4602208A2126B9FDF76BFAA08067
S2140161700020F8BDFDF766FA2E4140FA05F5F6B2A5
S214016180EDB2AE42A080F3D1E0802080492102200A
S214016190FDF758FA114D2A21E8800220FDF752FA40
S2140161A0482128810220FDF74DFA68813846FFF71D
S2140161B0CBFF0C370A23B0FBF3F025F81700F6F7F0
S2140161C0F3FF00230246A880A188A4F85430204695
S2140161D0F7F776F8E08220830120CAE7480C002012
S2140161E02DE9F04F2DED028B6E4B002283B0044655
S2140161F0A3F10A01154633F8020F90B1D1ED007AEA
S214016200DE885E82F8EE676A07EE900AF8EE677A35
S21401621086EEA77ABCEEC77A17EE100AD8800D6014
S2140162201D800132D2B2032A01F10401E3D194F8B0
S214016230A520DFF894C102F10C033CF813805A4BF9
S2140162401D88ADB2012D3AD9122D28BF1225574F00
S2140162505748DFF878E100234FF0120BC15C0BFBC7
S21401626003F631445EF8211010F803A0019137F8C7
S214016270021F56440FFA81F94EF82690C65C013685
S214016280B6FBF5F905FB1966F6B2C654019E013355
S214016290891B032BF980E1D1464B01211C32197071
S2140162A00CEB420694F89F30B6F904701BB194F8D3
S2140162B09C30092B05D10023A4F84C3036E0062586
S2140162C0C5E7214660899FED3C8AFFF721FD07EE71
S2140162D0900AF8EE677A2089C7EE888AFFF746FDAE
S2140162E094F89C30072B07EE900AF8EE677AD4ED07
S2140162F01A6A9FED326A87EE887AF5EE005A27EE23
S214016300287A18D1B4F85430AB4214D2F8EE666A43
S21401631027EE257A66EE876AC6EE867AFCEEE77A7F
S21401632017EE903AA4F84C300023B38003B0BDECCE
S214016330028BBDE8F08FB4F85A30A3EB08031BB20A
S214016340002B2CDD97FBF5F207EE902AF8EEE77AA4
S214016350DFED1B4A87EE885A07EE903AB4EEE45A10
S214016360F1EE10FAF8EEE77AC3BFB2EE044AC7EED2
S214016370844AC7EE057AB2EE0E5ACCBF64EEA77A0F
S21401638067EE857A27EE257AF8EE666A46EE877A14
S21401639087EE867ABCEEC77A17EE103A8CE7DFED09
S2140163A0097AEFE7760C00203E1000207C0C0020D6
S2140163B0413100203E3100200000C8420000044266
S2140163C00AD7233C00000000480C0020700B002078
S2140163D0F8B590F89F30044643B190F89C300B2BEB
S2140163E01EBFB0F854300133A0F85430A38A002BF6
S2140163F075D007EE903AB8EE677AD4ED037AF8EEE8
S214016400676A0025C6EE877AA582FCEEE77A17EE64
S214016410903AD4ED047A6381F8EE676AC4E90355CD
S214016420C6EE877AFCEEE77A17EE903A98B207EE58
S214016430900AF8EE677A208117EE900A15F098FE1A
S214016440274B002216F016F80646A06C0F4615F0EC
S2140164508FFE02460B463046394615F02BFD16F0E8
S214016460C1F907EE900AB7EE007AF4EEC77AF1EEBC
S21401647010FAA06411DBBCEEE77AB4F8442017EEFC
S214016480103AB8EE477A9A4277EEC77A84BFD21AA4
S21401649095B2A4F84450C4ED127A94F8A5000C21E4
S2140164A0FDF752FFE38A07EE903AB4F8443007EE60
S2140164B0103A06EE900AB8EE477AF8EE677AF8EEEA
S2140164C0666A67EE877A204687EEA67ABCEEC77ABA
S2140164D017EE103A2383BDE8F840FFF781BEF8BDFA
S2140164E0006880402DE9F74F974B90F8A5601A7821
S2140164F00446002A00F0B28004214FF0000930461D
S21401650083F80090FDF720FFDFF870B28F4FABF8ED
S21401651000000A213046FDF717FF8D4B1880012336
S21401652084F8A0308B4B8C491FFA89F21A801A889E
S21401653092B231F822203A801A8892B2002A5DD0AF
S214016540012A00F0B1801A88DFF834A292B2012A3B
S21401655088BF1D883A88388886BF023DADB20025BF
S2140165600AEB450329469A8180B23246FFF7B2FD0F
S21401657007EE900AF8EE677A804617EE900A15F055
S214016580F7FD0022754B15F075FF16F00BF9012D7E
S21401659083B200939FBFB4F8D2300A2213FB028362
S2140165A01FFA83F805F10C0301930AEB430307EE88
S2140165B0908AA3F8068005F108030AEB8303F8EE38
S2140165C0677A5A6842445A6005F1180217EE900A33
S2140165D03AF8123001332AF8123015F0C9FD5F4B34
S2140165E0002215F047FF16F0DDF8019B22462AF837
S2140165F0130029460098FFF7A1F80CE03A8819889D
S214016600228089B23A883BF8111092B2914235D273
S21401661030461AF0F7FD09F10109B9F1050F81D1EC
S214016620628823694E4D134423612288E36813442C
S214016630E360A38A0133A3824A4B1A7832B12EB99A
S2140166401E70204601232B701AF0CFFD2B782BB13C
S2140166502046FFF7BDFE2046FFF742FC42490B7875
S214016660012BDDB23BD1002320460B70FFF7E6F885
S2140166703E4B1D70304603B0BDE8F08F1A88344992
S2140166803B8892B29BB231F812209A42C3D9304667
S2140166901AF0B8FDA3880F2B01D9FEF761FC21463D
S2140166A00320FDF743FCB6E73A8862801A883B88E8
S2140166B092B29BB23BF812209A420ED894F8A430BC
S2140166C0022B03D8013384F8A430A4E730461AF02D
S2140166D099FD21460320FDF729FC0023F3E7022D4F
S2140166E0C8D194F89C30072B03D1214BDA690132CB
S2140166F021E0E38BDFED1F6A1D4A07EE103AB8EE84
S214016700477A1D4BC7EE267A93ED007A77EE877AA5
S214016710B6EE007AF4EEC77AF1EE10FAC3ED007A1F
S21401672007DBB7EE007A77EEC77AD269C3ED007A57
S214016730DDE7D3690022330103F1804303F5C23359
S214016740DA6603230B7095E733310020C42F00204F
S21401675028100020C22F00208020002000002440A6
S2140167603531002037310020403100203F310020F4
S2140167700084014000007A44982000203210002056
S214016780480C00201FB501214FF48A40FAF750FA51
S2140167901648174C0121FAF74BFA4FF4A242002192
S2140167A00720FBF703FE0F220021684622F09DF822
S2140167B0236E23F0005323F4702343F00053012289
S2140167C043F4E0238DF80C206946236620468DF8B5
S2140167D007201AF079F9A36943F00103A361054B79
S2140167E02022C3F884215A6004B010BD00220400A0
S2140167F000A0014000E100E038B50C4B01245C61CB
S2140168000B4B1A7882B100251D70FDF783FA000143
S21401681000F1804000F5C230064BC56603221A70AF
S214016820FCF760FD044B9C6038BD00BF00A0014032
S214016830883100204031002000F001407FB5036818
S2140168401C4A23F47F4323F0070393422ED11A4BAD
S21401685005220021182008F0D9FC00B1FEE70DF151
S214016860070102A808F016FD014600B1FEE7BDF8D3
S2140168700C305BBAADF810309DF80B308DF8123045
S214016880FF238DF81330FE238DF814309DF80A305F
S2140168908DF81530BDF808305BBAADF81630082211
S2140168A004AB1B2008F0B2FC00B1FEE707B05DF8B0
S2140168B004FB00BFA0000100D6A50300F7B51646ED
S2140168C0174A05460C46106851686B4603C395F88F
S2140168D02A3008336B4413F8087CAB8DDA0609D4EA
S2140168E033462246394628461AF0E2FC00F5FA708D
S2140168F003B0F0BD204622F050FCAB8D00F10A0437
S2140169009B074FEAC40405D0304622F046FC04F546
S2140169100C740444781EE823584304FB0700E5E79B
S214016920DCA50300174B10B51C68902202FB00443F
S2140169300021204621F0D9FF134B1B68DB786376D4
S21401694004F1080000211BF065FD4FF40063E384A9
S2140169502385072384F82A301323A385236AFF227D
S21401696043F0130384F82420236284F85420074B51
S214016970074A2046C4E91C32C4E92032BDE810406B
S2140169801AF0C1BCA020002074220020D6BE898E39
S21401699055555500F0B5104B1E6893F804C00246D5
S2140169A035464FF0FF3400239C4508DC91B1631C4B
S2140169B010D0902303FB046080F82420F0BD95F8E6
S2140169C0247097422846F9D0FF2F08BF1C46903501
S2140169D00133E9E70020F1E7A020002070B5244D3F
S2140169E00446002842D0083001F030FD0026FF237F
S2140169F084F8243004F14000E66122F049FB04F1FA
S214016A00440022F045FB04F1480022F041FB04F16A
S214016A104C0022F03DFB04F1500022F039FB2868BF
S214016A20144B201A00115843C0B21AF038FC014624
S214016A3030461AF02FFCE06E10B100F039FEE66623
S214016A40606E18B11AF03EFC00236366A06E1AF061
S214016A5035FC0023A36670BD286806FB0400FFF71B
S214016A60BDFF01342B79A342F6DCF4E79026F9E763
S214016A70A0200020398EE338F7B504461DF05CF9F6
S214016A80C0F30F23542B3ED9AA2B34BF0123022374
S214016A90C0B27E288CBF0222012203218DF8043069
S214016AA01344B3FBF1F000EB40001B1A8DF80530E0
S214016AB01344B3FBF1F202EB42029B1A13498DF821
S214016AC0063000234B7501AF18461D461A4617F8C7
S214016AD0016B44FA06FC1CF0010F06D053009E40E1
S214016AE030430132C0B2D2B201230135EDB2032DDB
S214016AF0EDD103B148754B7D43EA82134B75FF23F5
S214016B000B7503B0F0BD0023C2E700BFA020002034
S214016B10064B1B68D97ADA78437E5B1A9342A8BF84
S214016B20DAB2427600211AF02ABC00BF7422002095
S214016B30B0F862302BB9836813F4601F08BFA0F861
S214016B40623011B1012911D070474369417E23F0AB
S214016B5010034361064B1A68D37A92780B4493422A
S214016B60D8BFDAB2427601211AF009BCFFF7D0BFCE
S214016B70742200202DE9F041344E8AB00025337985
S214016B80AB4203DC01200AB0BDE8F08134689023F3
S214016B9003FB054494F82430FF2B0DD0236A98019B
S214016BA006D504F15008404622F0EFFA074628B908
S214016BB0226A12F0A06F1ED10135E0E7BB790C33D3
S214016BC03B4408A99A7AD8681B8AADF82430C2F3E8
S214016BD0801200238DF81F2008901A460DF11F0021
S214016BE01AF077FB9DF81F2094F8241008AB38465E
S214016BF01BF0A1FCD7E7A38D1D2B18D13C23FF2149
S214016C000020CDE90431CDE90200CDE9000004F110
S214016C102E03C2F3802201211BF068FF0028B2D0A8
S214016C204FF0A06104F120001AF012FBC4E712F045
S214016C30807F94F8393094F824004FF000020CBF9E
S214016C403C2143211BF0F8FDE8E700BFA02000200F
S214016C502DE9F0411F46C36904460D4616468BB121
S214016C6069B919F036FD29460646A06E1AF022FBD0
S214016C70204629461AF06CFB304619F030FD0020FC
S214016C80BDE8F0810029FAD0036A03F01203022B53
S214016C9000F0BA80236ADD0700F1BE8094F8243044
S214016CA0FE2B0CD104F1550001F0F0FE01F0E6FEDA
S214016CB028B14FF4800104F120001AF0C1FA256AC8
S214016CC0614B2B40B3F5807F00F0B980A8052FD526
S214016CD0C5F3802504F12E080022414628461AF005
S214016CE0FEFA002184F854001AF00AFB41460022FD
S214016CF028461AF0F9FAA18D20B194F9540000281B
S214016D0080F296804FF4007104F120001AF0A0FA88
S214016D10A28D02F00302012A0AD1414628461AF042
S214016D20E3FA28B14FF4006104F120001AF088FA62
S214016D30236AD90600F18180D4E910122046FFF7B4
S214016D40BDFD012F0ED0E28C40F271235A439042D2
S214016D5008D9228D5A43904273D800F51C70B0FBB7
S214016D60F3F0E084394BE361002384F83930236A79
S214016D70B4F86250E16884F8387023F480322262F5
S214016D8021613DB913F0100F0CBFC8253C252576AF
S214016D9005F2B3154EB1238D40F27121C3EB0613F4
S214016DA04B4342F48032E3632262236A43F40023B6
S214016DB02362274B1B68DB78637619F08AFC6369CC
S214016DC043F010030746636104F1080029461BF0EF
S214016DD021FB012003F0ACFB28B963691A075CBFED
S214016DE043F00403636126B11CF0E2FFE36B034446
S214016DF0E363204603F0A6FB384619F070FCA06E4C
S214016E0001211AF057FA3AE7406C22F0C6F9002839
S214016E107FF440AF0C2033E7E36E002B7FF43EAFE8
S214016E2000F0F0FBE06600287FF438AF092027E782
S214016E3001F001011AF064FA6AE7064B93E71220A3
S214016E401EE745201CE700BF000140007912030041
S214016E50742200208D6F010070B50A4D0024902623
S214016E602B79A34200DC70BD286806FB040090F86D
S214016E702430FF2B04D000231A461946FFF7E8FEFC
S214016E800134EDE7A02000202DE9F04F91F806B07F
S214016E908DB00BF10C0B04460E4601EB0B050122DF
S214016EA00AA90DF127001AF025FA824668B19DF865
S214016EB027100AAF384600F043FC60B1304617F0A1
S214016EC01DF900200DB0BDE8F08FA97A05F10C0779
S214016ED0C1F38011EEE7E36EE06695F8079007933D
S214016EE0236A298956F80BB0484603F0100804F0C7
S214016EF08BFD8344B8F1000F39D1A9F10303012BAF
S214016F0094BF032302235B0040F2712202FB03B20B
S214016F101D4B1B685B79637605F11803BAF1000F08
S214016F2027D09DF8271094F824E0B8F1000F24D05C
S214016F30A87A4FF0010CC0F3401095F90550CDE941
S214016F4002E0CDE90071CDE904C50798012100F002
S214016F506DFCB8F1000F05D01CF0D1FE01212046D2
S214016F601AF0F6F9304617F0C9F80120AAE701230E
S214016F70C9E7A97AC1F38011D5E794F88FC001203B
S214016F800CF00F0CD9E700BF74220020012810B5C1
S214016F900C461CD0022822D030BB08461AF00CFC46
S214016FA0E38C228D94F82A00D21AE36803F59C53E9
S214016FB040F27121083301FB02332361FFF75CFDC8
S214016FC00A4B20469968BDE8104003F00FBD03F058
S214016FD01DFC844208D1BDE810401CF090BEBDE8FF
S214016FE010400846FFF794BD10BD00BFA02000204A
S214016FF038B50A4D0020FFF7F1FCAB6813B100224B
S2140170001A60DA801BF019FB00242B79A34200DCFE
S21401701038BD2046FFF786FC0134F6E7A0200020A5
S21401702070B52A4C0546A06818B117F067F800231A
S214017030A360FFF7DDFF00201AF035F955B90320EC
S21401704025712560E58216F0A5FF20791AF02BF947
S21401705028B970BD022022F0E0F9A06048B9A06806
S21401706000252571256060BB00201AF01CF9072059
S214017070EFE70026032025712660E68216F08AFFD8
S214017080B542E2DD05EBC5010901334689B20122AD
S214017090032016F031FF06460028E0D1032016F043
S2140170A0A9FF20600028DAD090226A43314621F0F9
S2140170B01CFC2379B342C8DD3046FFF733FC0136AA
S2140170C0F7E717F01BF8A560CEE700BFA020002069
S2140170D030B5174B826A1B681206597925D51C797B
S2140170E0028F436B1203B2FBF3F2631AB2FBF3F2A5
S2140170F0B0F89C3003B1013BD0F8A05005B15B104D
S2140171001B02B3FBF2F35B180BD090F895200F2A05
S21401711007D91209B3EB820F4FEA8201ACBF5B1AA3
S21401712000239C42A8BF1C46E1B2417630BD00BF99
S21401713074220020084B9A7E82420AD91B684FF4BB
S214017140A47202FB0030836A13F0100F08BF002000
S21401715070470020704700BFB8200020084A094940
S2140171601368C31AD810002B01FB00F005DB937ED1
S2140171708342D8BF4FF0FF3070474FF0FF30704763
S214017180B8200020199C8FC170B504460E4619F030
S214017190A0FA3146054604F130001AF051FB2046AC
S2140171A0FFF7DCFF0121814005481AF049FB4FF447
S2140171B0807005F0B1FE2846BDE8704019F08FBA20
S2140171C0DC200020F329F8B5744E04460D4626D17E
S2140171D0338D6BB9A36813F4601F00F0BB80238F57
S2140171E0626BF32D4FEA0313B3FBF2F39FB22DD17B
S2140171F020461AF0C7FBB4F89C70002F40F0B3800D
S214017200A36A13F0800F0CBF3E23082384F877305F
S2140172102046FFF75DFFF32D36D1012057E0736955
S214017220590640F18F80836A1A0740F18B803369D3
S214017230436000F140011BF035FE338D002BC9D0B1
S214017240238F626B1B01B3FBF2F39FB2618FB4F81D
S2140172509C209BB25B1A9A427EDC736994F83601D5
S2140172609B074CBF002102211CF019FE726940F2F7
S21401727002239343BCD1A4F89C7020461AF083FBEA
S2140172802046FFF725FF0127A36A1807C5D5628F99
S214017290002AC2D013F4C05FBFD1726912F00C0F7E
S2140172A0BBD140F202239343B7D1D4F8A430002BCC
S2140172B0B3D1A18F20461BF0A4FF002855DD638FB4
S2140172C00133984251DC0128A7D0013880B2236BE4
S2140172D0A4F87C00590409D54FF4804104F130002C
S2140172E01AF0B6FA00212046FFF74EFFB4F87C20CC
S2140172F0A38F94F870101344A387B4F89C309B1A9C
S214017300A4F89C3094F86F3002FB01332522B3FBBE
S214017310F2F102FB113384F86F304FBBA36A1A07F0
S21401732002D41F4B1B689847204608211BF023FEFA
S21401733020460221FFF728FF20460121BDE8F8403C
S21401734003F04EB9318D238F626B00293FF442AFB3
S2140173501B0178E7338542E7737F002B86D094F8CC
S2140173603601032180E7012752E7608F0130ADE740
S214017370204619F088FFA18F20461BF0CCFDA36A9A
S2140173801B07054602D4064B1B689847002DCBD039
S2140173902046BDE8F8401AF078BB00BFB8200020B0
S2140173A0EC200020074B002210B55A772022044615
S2140173B05A611AF091FA84F8360120461AF0C9FB90
S2140173C010BD00BFB8200020012810B50C462AD0F9
S2140173D0022830D000283DD191F8953060F307138C
S2140173E081F895300846FFF7DDFFA36A1B072046A4
S2140173F016D503F08FFD042001F0DEFB50B3164ACC
S214017400937F3BB3D37F0133DBB2D37792F821204E
S2140174109A421FD8BDE810404FF0806005F07CBD51
S21401742003F04CFFE7E703F0F1F9844212D1BDE81F
S214017430104003F063BD91F89530C3F30312013297
S21401744062F3071381F895302046F321BDE810401A
S214017450FFF7B8BE10BD00BFB820002010B501F080
S2140174600BFC124BFB2210F0020F1A770CBF012205
S21401747003224107197E48BF42F0040262F303016A
S21401748019761A7EC2F3030161F307121A764FF4D6
S21401749041710022DA76DA8319845A621A611A85F2
S2140174A0034BBDE810401B68184700BFB8200020FA
S2140174B0E42000202DE9F8434B4C0546A06818B19E
S2140174C016F01CFE0023A360022016F063FD5FFA8F
S2140174D085F8002019F0E5FE40461AF019FA06462E
S2140174E0002867D140461AF01EFA0746002861D1E7
S2140174F0002D74D005EB850105EBC101C90089B2E9
S21401750033460122022016F0F7FC00284FD1022054
S2140175104FF4A47984F81A8016F06CFD09FB05F780
S2140175203A463146206021F0E0F92368324603EB03
S2140175300901681E824232DB002DA7F5A472D8BF6E
S2140175400022002199502846636019F0AAFE88BBE4
S21401755040461AF0CFF968BB40461AF0D1F9074603
S21401756040BB002D16DD022021F057FF0223A0604C
S214017570C3718379C3F102020C33D2B2394618447F
S21401758021F0B3F9A3689A79134401211A7B61F3B8
S21401759001021A73FFF762FF3046BDE8F88309FB64
S2140175A002FC013243F80C1001F5A471C2E7C4E9EC
S2140175B00077A776002000251AF0AAF900201AF015
S2140175C0B2F92846C4E90055A5761AF093F928467B
S2140175D019F067FE022016F0DDFC0726DCE7A5762B
S2140175E025602B46AFE700BFB8200020014B987EF0
S2140175F0704700BFB8200020014BD87E704700BFFF
S214017600B8200020F8B5284D19F063F86C681CB94D
S21401761019F065F82046F8BD23686B60EB7E4FF4E1
S214017620A4760133EB76012719F059F8324600218A
S214017630204621F05AF904F12800676140211AF02A
S214017640FFF82B8BA4F8443194F83731A4F8866000
S21401765067F3030384F837314FF6FF73A4F87A30E3
S2140176602B7F84F8423144F29023A4F8403194F8F9
S2140176708530072262F3030384F885300B4BC4F888
S214017680883003F1CE5303F59813C4F88C3041F6D5
S2140176901B33A4F890301B2384F89230002104F1A8
S2140176A008001AF0B7FEB5E7B820002048014801E7
S2140176B0F8B504461BF00EFE04F1A40021F0E8FC28
S2140176C004F1A80021F0E4FC04F1AC0021F0E0FC98
S2140176D004F1080000F0BAFE04F1A00021F0D8FC85
S2140176E0154B20461B6800269847C4E90A662046C3
S2140176F0FFF734FDC5B2284619F0CDFD07462846EA
S21401770019F0CBFD0146384619F0C4FD18F0E1FF2B
S2140177104FF4A47205463146204621F0E6F8074BA1
S2140177205A682260DA7E5C60013ADA762846BDE85D
S214017730F84018F0D4BF00BFE8200020B820002091
S2140177402DE9F04106464FF480400F4601F034FA29
S214017750044630B90E4B1D6893F81A807135A04562
S21401776002D80020BDE8F08155F8493CDA0609D573
S214017770C3F38003BB4205D106222946304621F0D9
S2140177808AF818B1013405F5A475E8E70B20E9E796
S214017790B820002008B5B0F894305A1C62F30B03E9
S2140177A0A0F89430042001F007FA70B1074A937FDD
S2140177B00133DBB2937792F820209A4205D8BDE8D0
S2140177C008404FF0806005F0A7BB08BDB820002038
S2140177D038B58B790B4405469B7D03F00303032BD9
S2140177E00C4609D101212C301AF02AF84FF4006119
S2140177F005F128001AF024F80548A560214621F075
S2140178002EFDBDE838404FF0005005F085BB00BFA7
S214017810C4200020014B1877704700BFB820002015
S214017820014B187F704700BFB82000202DE9F74FA5
S2140178301D4616469DF8383080F89B302A469DF83E
S2140178403C8052F8103BC0F8283104460F4600F140
S2140178504401B8F1000018BF0120DDF830A09DF802
S21401786040909DF834B005F055F820461BF07CFB9F
S21401787020461AF05AF81CF018FB494602462046E4
S2140178801AF04DF8C8230DF106012046ADF8063072
S2140178901AF038F847F6FF73A4F83031AB88A4F82D
S2140178A02C31AB7984F82E31DAF80030C4F8713017
S2140178B0BAF80430A4F8753004F1280ABBF1000FB9
S2140178C003D00421504619F0BBFFB8F1000F04D0D5
S2140178D04FF40051504619F0B3FF4FF4607001F0B9
S2140178E06BF9C0F3C018C3054FEA881848BF48F0C3
S2140178F08008810548BF48F4807818F0EAFE4FF406
S21401790082618346504619F09BFF414604F12C00E4
S21401791019F096FF584618F0E2FEBB1E012B7AD8E6
S2140179204FF40021504619F08BFF01212046FFF746
S2140179302BFC042120461BF01EFB6B7DC3F30403C6
S21401794084F870306A8952006263697B2A7B42EA56
S21401795001226287E97BAA7B42EA012222876A7DAD
S21401796084F86F30C2F3421284F83E2000220523C9
S214017970A2870122A4F87C20A4F89C309DF944102B
S214017980204619F0D7FF01F071F920F40060C4E930
S21401799008012046FFF79CFB3B4A3C4BB2F8288087
S2140179A007F0FD07B8F1000F68D1002F38D16660E7
S2140179B0E36140F2C7182046166119F052FFB9F18B
S2140179C0010FE0600AD094F8373169F3030384F8B5
S2140179D0373109F00F0120461AF033F904F1080097
S2140179E041461AF017FD012002F0A2FD28B963698D
S2140179F01A075CBF43F0040363616B8940F271218F
S214017A00013B5943204619F04BFF204602F09AFDF0
S214017A1003B0BDE8F08F012F87D140F2014185E721
S214017A20E3614FF4D7782B8940F271275B0007FB9F
S214017A300366666040F6080104F14006504619F0F8
S214017A40FFFE314620461BF02DFA2B8901335B00E1
S214017A5031467B4304F13402204601F01BF9EB79F1
S214017A605B0031467B43012220461BF021FA236C42
S214017A7020469E0819F0F5FE3044A0E76660E361F3
S214017A80002FD0D197E700BFB8200020C9730100AE
S214017A9070B51D46C36A1B070446164613D4082153
S214017AA02C3025F4105519F0CBFE25F01005064BA9
S214017AB02D0433402D0CC4E9083520464021BDE88D
S214017AC07040FFF761BB70BD2FCF87F72DE9F04FF0
S214017AD085B004460191084689B34B799A071FD4AD
S214017AE021F05BFB019D70B96B79DB0705D54FF47F
S214017AF0803104F1280019F0A3FE01A821F0C8FA8C
S214017B0005B0BDE8F08FA36ADF0309D54FF48031D5
S214017B1004F1280019F09CFE6B7943F001036B71A8
S214017B20019E18F0D6FD737931469E0705461ED58F
S214017B3004F1AC0021F0A2FB284618F0D0FDDFF8D6
S214017B40909118F0C6FDA36ADD05074614D5D4F852
S214017B50AC3043B19A7913441B7B392B03D829FAED
S214017B6003F3D80711D4384618F0B9FDC8E704F175
S214017B70A80021F074FBDFE794F94631022BF2DC12
S214017B80D4E92A2372B9002BEDD004F1AC0021F020
S214017B909DFA0546384618F0A2FD294620461AF0F9
S214017BA0FEF9CEE7002BF0D194F89280039304F10E
S214017BB0A80BD4F8A86096F807A0B379AAEB030A35
S214017BC05FFA8AFAC24527DC584621F0DEFAA8EBAE
S214017BD00A0805466B796FF3C3036B71294603A840
S214017BE021F03DFBD4F8A8302BB15B79990702D17F
S214017BF0B8F1000FDDD1039B002BB4D09B79022B8B
S214017C0040D8002021F009FC014670BB039904F11D
S214017C10A80021F033FBA6E7002021F0FEFB054675
S214017C2030B9039904F1A80021F028FB03959AE7DF
S214017C308079B1790C300C3142463144284420F029
S214017C406EFEEB7953FA88F3EB71B379727953FAD6
S214017C5088F3B3716B7962F300036B7173796FF319
S214017C60000373714FF00008B4E7039B4A79587913
S214017C7060F300024A715A796FF300025A7103A841
S214017C8021F0F7FAE36A9A0512D5039803460068CD
S214017C900028FBD1DB79C3F14503DBB2032B07D800
S214017CA021F0BBFB01460028B0D003A821F0D7FA8B
S214017CB0D4F8A83013B15B79DB0704D5039A53795E
S214017CC043F008035371384618F009FD039965E738
S214017CD07C2C020070B5036BDA0786B0044633D5F8
S214017CE0866A330723D516F4002F14BF0325012512
S214017CF02046FFF733FA94F89B300593002304934C
S214017D0094F83E300393238F0293638F0193636B42
S214017D10C3F34F030093C6F3800204F171032946AF
S214017D2080B21AF0E3FE30B9002006B070BDB50C83
S214017D3005F00205DCE7012104F1300019F088FDA9
S214017D404FF4005119F07CFD236B980410D52046A2
S214017D50FFF704FAA16AC0B2C1F340311AF004FC7D
S214017D600028E1D04FF4005104F1300019F070FD05
S214017D70236BD90409D500212046FFF7A7FE4FF44F
S214017D80805104F1300019F063FD236B5A0512D5BA
S214017D902046FFF7E3F994F89B500023C2B2194638
S214017DA028461AF049FD0028BED04FF4806104F140
S214017DB0300019F04DFD236B5B0711D52046FFF708
S214017DC0CDF9616B238F628FC1F34F0180B21AF038
S214017DD06DFE0028A8D0042104F1300019F038FD0A
S214017DE0236B1E0709D520461BF051FC00289BD0AB
S214017DF0082104F1300019F02BFD236BDD0618D5A0
S214017E002046FFF7ABF9E16A11F4805180B200F029
S214017E10C58000211AF0DFFE002885D04FF480517E
S214017E2004F12C0019F014FD102104F1300019F0B2
S214017E300FFD236B580615D52046FFF78FF994F8EA
S214017E4077300093D4E9082380B21AF0A7FE002801
S214017E503FF46AAF002384F87730402104F1300004
S214017E6019F0F6FC236B190516D52046FFF776F9AF
S214017E7000230093B4F89830B4F8962094F89A103A
S214017E8080B21AF024FB00283FF44EAF4FF4006195
S214017E9004F1300019F0DCFC236B13F4804532D179
S214017EA09A0516D52046FFF759F994F8371194F834
S214017EB0772001F00F0180B200F03EFD00283FF46C
S214017EC033AF84F877504FF4007104F1300019F0A5
S214017ED0BFFC236B1B0616D52046FFF73FF9B4F807
S214017EE08C30009394F89130B4F88A2094F890106E
S214017EF080B21AF0A2FE00283FF416AF802104F1EA
S214017F00300019F0A5FC236B9E0612D52046FFF71C
S214017F1025F994F8771080B21AF074FE00283FF421
S214017F2003AF002384F87730202104F1300019F0E4
S214017F308FFC236BDD0508D504F130004FF480710A
S214017F4019F086FC20461BF0DFF9236B180408D5D0
S214017F5004F130004FF4004119F07AFC204619F084
S214017F606CFE236BD90308D504F130004FF4803141
S214017F7019F06EFC204619F0CDFC236B9A0308D548
S214017F8004F130004FF4003119F062FC204619F07C
S214017F90CFFC236B9B0704D40120C6E61AF032FE01
S214017FA03AE700221146204619F0C0FC204619F097
S214017FB0BFFC2046FFF7D2F894F8771080B21AF08B
S214017FC0D7FE00283FF4B0AE022104F1300019F0CC
S214017FD03FFC2046FFF76CFB014B1B689847DBE72D
S214017FE0E4200020134AF8B5002302F1240151E8E9
S214017FF0004F41E80035002DF7D1012734B9BDB156
S2140180000D48294619F01CFC2046F8BD94FAA4F048
S214018010B0FA80F007FA00F624EA0604FFF78AF8B9
S2140180200028EBD0FFF756FE0028E7D13543E5E7F9
S2140180300120EAE7B8200020DC2000202DE9F74FD8
S21401804004460190002860D0C579314F0C350544AF
S21401805018F03FFB4FF000080090464640464FF4AC
S214018060A47ABA7E5FFA88F94A4517D93A680AFBB4
S21401807009FB5A44916ACB0644D5B2F89420C2F360
S2140180800B02002A3ED0E279C2F14502D2B2032A9F
S21401809015D8022021F0C1F9044640B90023009802
S2140180A0FB8318F01CFB304603B0BDE8F08F014699
S2140180B001A821F0D4F8E5790C35254400200422E6
S2140180C0012312FB0033002105F82090E9543B6898
S2140180D05B4402FB005CB3F894308CF80230032357
S2140180E012FB00320136A9543B685B440130B3F8F9
S2140180F0942061F30B02A3F89420E3790433E3712F
S214018100C0B2F6B208F10108ABE70646CBE700BFFE
S214018110B8200020F7B5684604F0F0FB134E0025A2
S2140181204FF4A477B37EAB4201DC03B0F0BD3468F4
S21401813007FB0544A36A03F01803102B13D105228D
S214018140694604F1450020F0A6FB60B101212046F6
S2140181501BF0FBF838B9012021F05FF9014610B198
S214018160204601F067F90135DCE700BFB8200020A2
S2140181702DE9F74F18F0ADFA424BDA68009200226B
S214018180DA6018F0ACFA009B13B903B0BDE8F08FC3
S214018190684620F09BFF82798768019002F10C0403
S2140181A004440146A07A10F0200F14BF03200220D9
S2140181B00A3202448A71FA6A52050FD5E07AA27A27
S2140181C042EA002238461AF0D8F838B901A820F059
S2140181D05FFF3D21384619F0C2FFD4E7BA6A94F82A
S2140181E00AB0019912F400720BF0030013D00328B1
S2140181F08A79EBD10A44127B392AE7D8224B23FA33
S21401820002F2D307E2D54A7942F002024A713846B1
S21401821000F018FEB7E70328F5D0487962F341006D
S2140182204871084694F8069094F905A020F0B5FF29
S214018230019DAC79063CE4B20646AC713846FEF7C1
S2140182408DFF0C3405EB04080BF0030BC0F303237E
S21401825043EA0B13F6B288F8033088F80200A8F850
S21401826004602B4605F804A088F801905A796FF34C
S21401827041025A711B68002BF8D128461AF08BF977
S21401828081E700BFB82000207C2C020030B5D368FF
S214018290C4688BB01BBA0D46C1780293002361F304
S2140182A00703817861F30F23417861F317439168DF
S2140182B009BA0391816809BA07915168126809BA27
S2140182C012BA049105920178426861F31F6312BAEB
S2140182D0CDE9082324BA069406AC009423468022EE
S2140182E002A9012017F01BFF0028F6D1DDE90810CE
S2140182F0DDE9063200BA09BA12BA1BBA286069600B
S214018300AA60EB600BB030BDF8B5094F04460026F5
S2140183100CB90748F8BDA179E5796D1AEDB20C31B3
S2140183202144B8192A4620F0FAFA2E442468EFE7C9
S214018330F4200020F8B5094F0446002604B9F8BD1C
S214018340A079E5792D1AEDB20C30B91920442A46E8
S21401835020F0E5FA2E442468F0E700BFF420002060
S214018360104B1A7842F0F0021A701A7C42F0F002B2
S2140183701A7493F8202042F0F00283F8202093F834
S214018380302042F0F00283F8302093F8402042F08B
S214018390F00283F8402093F8502042F0F00283F870
S2140183A050207047042200200368054A23F07F63AB
S2140183B023F4002302EAC14213430360704700BF5F
S2140183C00000F80FF8B544881E4E04F00704072C89
S2140183D0054628D118F07DF90022110106EB021797
S2140183E0735C1B090F2B0AD00132062AF5D1164AF7
S2140183F013880133138018F072F91920F8BD2B6821
S2140184007B801123735494B218F069F91BF0D0FCE9
S21401841006EB0413D8602B6823F4E02343EA0443F5
S2140184202B600020EAE72301F15CC1F3031201325D
S21401843002F00F02052A28BF002262F30711F15449
S214018440E4E700BF04220020C62F002038B5448888
S21401845004F00704072C05460FD018F03AF924015A
S214018460064A135D43F0F00313552B6843F4E023EB
S2140184702B60BDE8384018F032B938BD0422002020
S2140184802DE9F047458805F00705072D074689467B
S21401849037D01D4C4FEA051804EB051A14F808608E
S2140184A01BF086FC3609DAF80C3006EBC50604EB41
S2140184B04606C01A708014F8083003F00F02042A2A
S2140184C09EBF013262F3030304F80830B9F1030FCB
S2140184D014D114F8081004EB0514A01C01F00F01C8
S2140184E01BF013FB044618F0F4F83A68074B1340E8
S2140184F023433B60BDE8F04718F0F1B84FF6FF7430
S214018500F1E7BDE8F08700BF042200200000FF7FEE
S214018510064A9268824208B507D0427922F00302E1
S21401852042F00302427104F05FFD08BD64220020A0
S21401853010B5064C204620F0ABFD201D20F0A8FD0E
S21401854004F10800BDE8104020F0A2BD642200201E
S21401855010B5022020F061FF034C6060022020F07D
S2140185605CFFA06010BD00BF6422002008B5FFF7C5
S214018570DFFF034B0022DA60BDE80840FFF7E8BFE3
S21401858064220020014B5868704700BF6422002017
S214018590014B9868704700BF6422002038B50C4C28
S2140185A0E3681BB1E36898470023E36023686BB177
S2140185B0074820F08BFD054640B123681BB14FF0FC
S2140185C0004004F0A9FC28461AF0EBFB38BD00BFBA
S2140185D06422002010B5064CE0604FF0004004F025
S2140185E09BFCE3681BB1E36898470023E36010BD7A
S2140185F06422002038B58379034404465B7B13F07C
S214018600300F437923F0030308BF43F0010343719E
S21401861018F05FF821460546054820F020FE4FF089
S214018620004004F079FC2846BDE8384018F057B8F9
S21401863064220020F7B5144F7C68A3790C331C44E0
S21401864000F01AFB6679E6B116F0020519D136EA92
S214018650000016D1E378B4F80920B4F80710A07921
S21401866001962479009401F031FB002808BF0C25FF
S214018670B8682A4642F2410103B0BDE8F04019F05D
S2140186801EBF1125F4E700BF6422002010B50D4C73
S214018690626893790C331A441179D078B2F80730AE
S2140186A0B2F80520003918BF0121003818BF012093
S2140186B001F06AFC42F242010246A068BDE81040A1
S2140186C019F0FDBE6422002010B5084C606883795D
S2140186D018440F3000F09EF90023A0681A46BDE842
S2140186E010404FF6284119F0A8BE00BF64220020B2
S2140186F0242816D80F2805D802280CD8B0FA80F0FE
S21401870040097047084B103880B2C34003F001039C
S21401871083F0010070470538012894BF002001202E
S21401872070470120704700BF2D2011002DE9F04F42
S21401873095B0FFF727FF86790C3642F2360330F8FC
S21401874006809845054600EB06040ED1FFF71AFF92
S214018750022120F074FCA3787F220233A370AA556D
S21401876000232022627023776377E0780121FEF7E9
S21401877011F900230646002800F0D780CDE9123310
S214018780237A8DF84A30E37A8DF84E30A388E28852
S214018790ADF8482013F01000B4F80920ADF84C20CD
S2140187A003F0050306D093B1E37D012B51D00025DC
S2140187B0122614E07BB3E37D657E012B37D16B1E59
S2140187C0DBB2022B09D800F057FA012338E04FF448
S2140187D08043DDE91212914220D900251126FFF7C8
S2140187E0D7FE012332464146ACB219F026FE002DD3
S2140187F0CCBF0534053C24B2002E40F099800A23F4
S21401880094FBF3F4E4B2FFF7C3FEC3791844C472D1
S21401881015B0BDE8F08F4FF6FF73DAE71F29DCD9F4
S2140188209A42DAD8E37D657E0028BED1C5E7032BE0
S214018830D3D16B1EDBB2022BCFD800F01DFA042376
S2140188400342CAD0032D08BF04252840C0B2002821
S214018850C3D0E07818F02AFD20B1A088FFF748FFC2
S2140188600028A4D0334A237F1278002A54D0042B40
S2140188709DD8637F042B9AD8A388DB0653D41BF0BC
S21401888014FB0121C822084003F0B2FE94F9163009
S214018890B4F804E0677EE18894F80C9094F815A08B
S2140188A094F818B003EB8303B0EB430F4FEA43028F
S2140188B0637B0F93A37B109304F10F031193637FE4
S2140188C00546E07DC8BF15B2B4F809200C93237F96
S2140188D00B93E37E032808BF0420032F08BF042759
S2140188E0003B18BF01230A93A37ECDF80C90CDE977
S2140188F00873119B02931FFA85FC109B0193CDE927
S214018900060BCDE904AC0F9B009330465FFA8EF35D
S21401891018F088FD064662E7002B7FF45EAF637FA2
S214018920002BA9D059E70020ABE70546072656E7F6
S214018930002468E789310020F8B5074601200D4676
S214018940164620F06AFD0446C0B106220C2119F035
S21401895087FD691EA379C9B2032998BF084A03F1A6
S2140189600C03234498BF525C9F8088BF0022204698
S214018970DE70DA719A71FFF7CBFD0120F8BD00BFFA
S214018980E4A50300F8B5FFF7FDFD83791844B0F8B8
S2140189900F60B0B2FEF7CEFB0446C0B119F0B9FACB
S2140189A00138C0B2032814D80B4B1C5C0027FFF714
S2140189B0EFFD054604233A4642F2300119F03DFD2B
S2140189C0AB790C33E818C68004724472F8BD0227EE
S2140189D0EDE700242746EAE7E4A503000B4610B5B9
S2140189E00649074C0622002808BF214618461FF0F4
S2140189F052FFB0FA80F0400910BD00BF8B31002055
S214018A0091310020024B1A6802609B888380704770
S214018A109131002013B50D4C28B10368236083887B
S214018A20A38002B010BDF9F75FFDCDE900019DF806
S214018A300230A370BDF80530BDF80020A4F803305D
S214018A409DF8073022806371EBE700BF913100206B
S214018A5010B5044617F03DFE064B22681A60A28840
S214018A609A80054A137843F00103137017F037FE16
S214018A70012010BD8B3100208A310020024B18786E
S214018A80003818BF012070478A310020024B1A684F
S214018A9002609B88838070478B310020024B1869E7
S214018AA008B104F039BA70474019002010B53D4AA4
S214018AB0002302F1100151E8001F02F1100C4CE8EE
S214018AC00034002CF5D140EA0104A10201D501F0E1
S214018AD0A3FD220101D503F0C9FA002C01DAFFF744
S214018AE05DFD630001D501F0BFFCA00001D5FFF7D5
S214018AF03FFBE10007D5FEF73DF820B92A484FF0C5
S214018B0080511AF0A2F9620107D519F0CDFA20B901
S214018B1025484FF080611AF098F9A30105D51BF09E
S214018B20BDF9FFF7F7FA18F0C6FBE00108D518F013
S214018B30E5FE072804D11C484FF080711AF085F92C
S214018B40610201D518F0B1FB220201D518F0A1FB94
S214018B50E30207D518F0D0FE20B913484FF4801170
S214018B601AF073F9A00507D500F03AF920B90E48B6
S214018B704FF400711AF069F9E10507D5FFF732FAEB
S214018B8020B909484FF480711AF05FF9620503D5E0
S214018B9019F051FC19F050FC230501D51AF05DF9C6
S214018BA010BD00BF401900205019002001460148A1
S214018BB01AF04BB940190020014B1B68184070474A
S214018BC040190020044B10B5D3E9064204430A437A
S214018BD0C3E9064210BD00BF4019002070B51E4D06
S214018BE02B68002B044603DAFFF7C0FC002031E0B7
S214018BF01A4E4CF20C000021FFF7E4FF002333600D
S214018C0024B163682B60A36803B133604FF0004062
S214018C10FFF7CCFF33680BB9114B3360114B124889
S214018C20AB6000232B7315F0A5FAFFF799FB2046DE
S214018C30F4F7FEFB70B92CB1B4F90E10B4F90C00C0
S214018C4002F010FF1BF035F903F026FE03F0B4FD29
S214018C500028C9D070BD00BF401900207422002032
S214018C60521000209D8A010044190020014BD3E9CF
S214018C700601704740190020054B9B69DA054CBF79
S214018C80032001201B0548BF40F00400704700BFC9
S214018C9040190020F8B517461C4606460D4603F057
S214018CA087FB1C4BBA7A53F8222053F820301A441B
S214018CB0194B9C4224D9194B9C4214D9184B93FB4F
S214018CC0F2F3002BB8BF0333013C9A1004EBA30464
S214018CD0B4FBF2F371682A68A1EB930102EB43023D
S214018CE071602A60F8BD0F4B0F49A3FB04435B0973
S214018CF002FB03F303F6C313A1FB0313DB0AE9E745
S214018D0002FB04F303F57433084A8F33A2FB0323F3
S214018D101B0CDFE73CA603004C62100013666606D8
S214018D2040420F001F85EB515917B7D183DE1B4315
S214018D30024B1A6802601860704700BF7C22002050
S214018D40024B00221A6000F0FBB900BF7C22002013
S214018D502DE9F843064618F036FE0446002835D0BD
S214018D6045784DB917F0B5FC237863701B4B1B682B
S214018D706360257017F0B3FC4FF00108677837B9C8
S214018D8023781BB34FF4007004F0C6F81EE097FA80
S214018D90A7F5B5FA85F508FA05F55FFA85F963686A
S214018DA033B90E4B27EA050565701B686360E5E776
S214018DB09B681BB963681B686360F0E749463046E9
S214018DC09847012805D163681B6863600120BDE8E8
S214018DD0F8830228EED10020F9E700BF7C220020AC
S214018DE070B50E4E0025FEF701FCA84201D8012001
S214018DF012E03068FEF79EF950B93468FEF7F6FBCC
S214018E000134B4FBF0F303FB104434600135EAE7A8
S214018E10FFF79EFF0028F0D170BD00BF782200202A
S214018E2010B58379034404461B7B392B96BF044A4D
S214018E30FF21D15C20F003F9A0790C30204410BD4D
S214018E40E8A503002DE9F34105460C46019118F00B
S214018E50AAFD830605D501A820F01AF902B0BDE8DF
S214018E60F081019FBE790C36BB5D392B18D8164AA6
S214018E7012F80380B8F1FF0F12D0384620F08DF9B2
S214018E80013840450CD1114B1E6896B9A37923448D
S214018E9021461A7B284602B0BDE8F0411AF0CDB84B
S214018EA0019820F0F5F8BA5D019928461AF0C5F840
S214018EB0D4E773680BB93668E7E721462846984732
S214018EC00028F8D0CAE700BFE8A503007C220020EE
S214018ED037B504460D46202118F067FD2946204681
S214018EE018F0D0FD214601201AF04EF92146002047
S214018EF01AF04AF90120044A0090002321461AF08C
S214018F00D4F803B030BD00BF132F030073B50C4671
S214018F10164605461AF0AAFA80F001002946C0B2A4
S214018F2018F038FDC368012C9A7907D032462146DD
S214018F30284602B0BDE870401AF09EBA13441022CB
S214018F40DB8A00922946034A00201AF0AEF8204632
S214018F5002B070BD7934030037B504461AF0C6FA7C
S214018F600321204618F03FFD00250346044A0095DC
S214018F70214601201AF099F8284603B030BD00BFFB
S214018F805F3303002DE9F347074602200E4620F023
S214018F9044FA0546002846D0B3790C333344002101
S214018FA0B3F80480B3F806A0B3F8089019F0FBFFF5
S214018FB02846FFF735FF02210446384618F013FD10
S214018FC0A4F804806081A4F806A0A4F808901AF01A
S214018FD0B3FE08F10108B0FBF8F303FB1800022307
S214018FE060806370AB79B371EA79F27103F10C00BA
S214018FF0D21AD2B2291830441FF091FC394601200A
S21401900018F0C8FC1022C660638900923946074AE8
S21401901001201AF04AF83846294619F0C2FF002006
S21401902002B0BDE8F0870720FAE700BF79340300F5
S2140190302DE9F34104460D460146012018F0AAFC2D
S21401904001210746284619F0AEFF2846FFF7E8FE3D
S214019050064600F10108404603F050FCD6F8013000
S214019060C7F812307379BB750221204618F0BBFC95
S21401907029460746F080204619F093FF20230093E7
S214019080044A3B46214601201AF00FF8002002B0A0
S214019090BDE8F081453403007FB504460D46014620
S2140190A0012018F077FC50E8003F43F4806340E865
S2140190B00036002EF7D120461AF0D8F9D8B320464C
S2140190C018F079FC430715D5334632460DF10F01EA
S2140190D0204618F005FF9DF80F30062B0AD82846C3
S2140190E015F00CF8012200232046FEF7D1FC0020E3
S2140190F004B070BD0E21284619F055FF2846FFF72B
S2140191008FFE0646FFF7B2FDC6F80510FFF7AEFD67
S2140191102946C6F80100204619F043FF03212046E0
S21401912018F061FC0022034600922146034A012002
S21401913019F0BBFFDBE70821DDE700BF633303005F
S21401914010B5054C054A064920461AF0F9F820469E
S214019150BDE81040FFF7ECBD802200202B35030050
S214019160CD920100F7B58B790C33CE18CB5C023B60
S21401917004460D460F2B00F2A080DFE803F0089EA0
S2140191809E9E9E739E829E9E2C689E9E9E4F17F06C
S214019190A0FA71780746204618F074FC2021204674
S2140191A018F003FC2146012019F0EEFF21460020AD
S2140191B019F0EAFF0123009300231846404A21468E
S2140191C019F073FF284614F099FF384617F087FA0E
S2140191D0012003B0F0BDB3887288717818F066FE7E
S2140191E0204618F0E8FB830708D4294620461AF0E3
S2140191F07DF90121204619F0BEFEE9E7214601204E
S21401920018F0C8FB2F4B82689A4203D121460120F1
S21401921019F08AFF284614F071FFEAE77778B678E6
S214019220084614F06BFF162F05D13246032120465F
S2140192301AF06CFBCCE72146012018F0ABFB8368E3
S214019240002BC5D03246032120469847C0E7014689
S214019250012018F09FFB07462846767814F04EFF4B
S214019260BB68EDE70146012018F094FB0746284647
S214019270767814F043FFBB68002BA9D03246042150
S214019280E2E70146012018F085FB0F4B82689A42FF
S21401929003D0284614F032FF9AE7D6F80120D6F814
S2140192A005302046FEF7F4FB284614F027FF21463A
S2140192B0012019F039FF02219CE7002089E700BF51
S2140192C0E13403005F330300633303002DE9F34108
S2140192D00C4605461AF0CAF8A37900286BD00C3361
S2140192E0E61814F80380B8F1010F41D0B8F1080F61
S2140192F039D0B8F1000F51D17189284619F0C3FE53
S214019300B188738872788B4294BF07460027092973
S2140193100B4638BF0923013B9BB29A420FD8002A5D
S21401932008BF0027F3883289084619F0CBFD40B9FB
S214019330204614F0E3FE012002B0BDE8F081474666
S214019340F0E7002FF4D02946002018F023FBC46074
S21401935073891022013B00921B4A9BB229460020CA
S21401936019F0A3FEE7E7214628461AF01DF8E2E7C2
S214019370F188284619F087FE0746701C1AF0A7FDEB
S2140193800028D5D0002FD3D02946002018F002FBA4
S2140193902023C4600093F3880C4ADFE72146284661
S2140193A01AF0A1FB0028C6D12146284602B0BDE826
S2140193B0F041FFF7D7BE23441B7B0E2BD3D02146AB
S2140193C028461AF07FFBEDE70D8F0100FD33030001
S2140193D038B504460D4618F0EEFA42070BD420467F
S2140193E018F0E9FA830706D429462046044ABDE860
S2140193F0384019F03ABF284614F080FE002038BDE8
S214019400598F010038B505460C4618F0CCFA00F025
S2140194101800102806D121462846054ABDE83840DE
S21401942019F023BF204614F069FE0C2038BD00BF9A
S214019430858F0100014A19F018BF00BF3190010065
S21401944070B505460C460146012018F0A3FA0646FB
S214019450284618F0B0FA020704D5204614F04EFE4E
S214019460002070BD33685B05F7D4284619F0FEFF6F
S21401947040B121462846FFF7ABFF18B91FF0CDFFD4
S214019480044630B121462846034ABDE8704019F02B
S214019490ECBE0720E5E700BF9990010073B50446CE
S2140194A00E4618F080FA00F0300010284FF0020047
S2140194B031D11FF0B2FF054678B3437943F002037A
S2140194C04371022119F06FFD2846FFF7A9FC2946D2
S2140194D04670204619F065FD1621204618F0D2FA8E
S2140194E02021204618F061FA2146012019F04CFE91
S2140194F02146002019F048FE204619F0EBFE012116
S214019500204618F070FA034601200090044A2146CE
S21401951019F0CBFD002002B070BD0720FBE700BFAD
S2140195208D3303002DE9F04387B004460E4618F04C
S21401953042FA00F4C060B0F5C06F06D102201FF0F9
S2140195406CFF054610B9072054E00025214601208E
S21401955018F020FA96F8068008F10C08B044814607
S21401956008F10F0300F1120208F11F0153F8040B72
S21401957042F8040B8B42F9D10321304619F013FD52
S2140195803046FFF74DFC0A22074608F10501013077
S2140195901FF091F90C210DEB010003F021F903AB4B
S2140195A003CBC7F80B00C7F80F10059BC7F813309D
S2140195B007F10B020DB30A21284619F0F4FC2846E0
S2140195C0FFF72EFC2946204619F0EBFCC9F80C6083
S2140195D04FF48071204618F0E8F90321204618F070
S2140195E002FA002503460D4A00950120214619F08E
S2140195F05CFD284607B0BDE8F08307F1130320465B
S214019600012118F002FE2046314619F0CAFCC9F8BD
S2140196100C50204618F015FEDFE700BF6D3503003D
S214019620F0B589B00D46044619F09AFFAB790028CB
S21401963000F0A3800C33EA18EB5C033B082B00F226
S2140196403881DFE813F0090036013601840036015F
S214019650360136015D007E00D2F80100D2F8051011
S214019660B2F8097003AB03C302F1130301210B32F5
S214019670204618F0CAFD0421284619F094FC284615
S214019680FFF7CEFB0C21064605A803F0A9F805ABAB
S21401969003CB3346C6F80100C6F80510079A43F80F
S2140196A0092F0021721C204618F0AFFD214600202C
S2140196B018F070F903AA0346478303CAC3F81200D9
S2140196C0C3F8161020460821FDF75EFD4FF4007121
S2140196D0204618F06AF9204618F0B3FD29462046C0
S2140196E019F05FFC0321204618F07DF9034600209F
S2140196F0714A0090214619F0D8FC012009B0F0BD4E
S2140197000B21284619F04FFC2846FFF789FB29460E
S214019710204619F046FC16F0DCFF4FF44071054672
S214019720204618F042F94FF48051204618F045F9CA
S214019730284616F0D4FF4FF48061204618F040F911
S214019740DBE7284614F0DAFC4FF40071F5E7062152
S214019750284619F028FC2846FFF762FB204618F039
S214019760D0FB2946204619F01CFC204618F08FFD38
S2140197702146002019F0D8FCBFE72B441B7B043B95
S214019780072BBBD801A252F823F000BFAD9701000A
S214019790D397010035980100FD960100FD96010062
S2140197A0FD960100FD9601004B98010020464FF4FE
S2140197B0007118F0FAF8AA790C322A4402F109036A
S2140197C020460132002118F020FD284614F096FCB0
S2140197D093E74FF48060FFF7EFF9B0B14FF4006103
S2140197E0204618F0E2F800272046CDE90577FDF778
S2140197F0B5FC0646204618F0D4F80095034605AA9F
S2140198003946B0B219F05CFA77E72146012018F024
S214019810C1F800F11201204618F04EFD0621284637
S21401982019F0C1FB2846FFF7FBFA2946204619F036
S214019830B8FB62E7284614F061FC2146012019F0C6
S214019840A3FC204618F023FD57E716F042FF4FF41D
S21401985000710646204618F0A8F84FF480512046BD
S21401986018F0ABF8304616F03AFF4FF4C0612046C8
S21401987018F0A6F82946204619F093FB2146012048
S21401988018F088F8C268054682B193790C331A44F9
S21401989002F1130301210B32204618F0B6FC2046D4
S2140198A018F0CFFCE968204619F07BFB0023EB603B
S2140198B023E7002022E700BF6D35030010B5074CF3
S2140198C007492046002219F03BFD2046FFF730FAF3
S2140198D0BDE8104001200021FFF774B98C2200205A
S2140198E02196010038B505460C4618F05CF800F0E4
S2140198F01800102806D121462846054ABDE83840FA
S21401990019F0B3BC204614F0F9FB0C2038BD00BF9B
S2140199102595010038B58B790C460C331944E35C68
S214019920142B054603D0152B0FD0002038BD01316E
S21401993019F0EEFE15212846224619F031FF214680
S214019940284619F02EFB0120F0E70146012018F009
S21401995021F80B4B82689A4203D0204614F0CEFBC6
S214019960F1E7A17921440D31284619F0D1FE2046B0
S21401997014F0C4FB2946012019F0D6FBE3E700BF2B
S214019980F537030037B504460A460D46142119F08B
S21401999007FF2946204619F004FB0321204618F04C
S2140199A022F83022034600922146034A012019F08C
S2140199B07CFB002003B030BDF537030010B5074C23
S2140199C00749084A204619F0BBFC2046FFF7B0F9C4
S2140199D0BDE8104020200021FFF7F4B898220020AF
S2140199E015990100F937030073B5ADF800208DF81D
S2140199F002301E460446009B019301A80D461146FF
S214019A0019F070FE9DF80630B34203D1BDF804305C
S214019A108B4205D0284614F071FB122002B070BDAF
S214019A20204618F00CF99DF80230827A9A4209D144
S214019A308288BDF800309A4204D1284614F05EFBB5
S214019A400020EBE76946204618F0B5FB024A294696
S214019A50204619F00AFCE1E7859901002DE9F0415D
S214019A6016461A43BDF8188007460C461D4605D112
S214019A7020461146BDE8F04119F011BF4146204687
S214019A8019F0EDFA78B12146384617F083FF4023E6
S214019A908674C5742146069338464346034ABDE894
S214019AA0F04119F002BBBDE8F08100BF5739030051
S214019AB0F7B505460E460146012017F06BFF036811
S214019AC013F0F00F03D02946012019F05DFB28465C
S214019AD018F01CFAB3790C3333445F789B781F4037
S214019AE00378C3F3030000EA1310384019F0B1FEFF
S214019AF0044668B9284619F0B5FE384019F0A9FEA3
S214019B00044628B9284618F004FA01F0A1FF0446D5
S214019B102846002118F095F81721304619F043FA27
S214019B203046FFF77DF9314644708470284619F0B7
S214019B3038FA0321284617F056FF402203460092C2
S214019B402946034A002019F0B0FA03B0F0BD00BF61
S214019B500D39030008B581B2074818F05BFC0120F7
S214019B6000F0E6FC30B9054A536919075CBF43F0BB
S214019B700403536108BD00BFAC220020A4220020CC
S214019B80012383400649DB4301F1240252E8002FFA
S214019B901A4001F1240C4CE800200028F4D170474B
S214019BA0A42200200123074A03FA00F002F124034D
S214019BB053E8003F034302F1240C4CE8003100292E
S214019BC0F4D17047A4220020044A536A4FF0804023
S214019BD043F40023536203F09FB900BFA422002080
S214019BE038B50E4D044601F085FBE86B18B114F04C
S214019BF085FA0023EB6318F01DFC0948FEF726FCE6
S214019C00AB6B0BB1FFF7E0FF0448214600F0E8FC20
S214019C10BDE8384003481FF03BBA00BFA42200202D
S214019C20AC220020C4220020034B586A10F0050025
S214019C3001D1FFF7D5BF7047A422002038B51E4CCE
S214019C404FF01013E3624FF4E063238647F6FF7389
S214019C50A4F8603094F86730012262F3030384F8B5
S214019C606730164A164B0025C4E916326562FFF7BF
S214019C7003F84FF48073A4F84830124BE361124B9B
S214019C8084F856001A68656113785278A4F8BC50B7
S214019C9013445B10294604F108006376A4F8B45017
S214019CA018F0B8FB294604F1940018F0B3FBBDE8A0
S214019CB038401AF01EB900BFA422002055555500A1
S214019CC0D6BE898EDD3B0300742200202DE9F041CB
S214019CD01F4C9DF81C609846636A0F46D9071546C7
S214019CE033D460B30120FFF75DFF626A9DF8183038
S214019CF084F8546022F4C07242EAC312052E6262EE
S214019D0007D101F0E5FF68B96D00ADB2BD4228BFCD
S214019D103D4694F854309A0715D413F0040F14BF37
S214019D200326012694F86730A78566F3030384F8B3
S214019D306730E58584F830800120BDE8F081012098
S214019D40FFF71EFFD1E70226ECE70020F5E700BF8C
S214019D50A4220020024B586AC0F38000704700BF5F
S214019D60A422002010B51D4CFFF7F4FF636A13F020
S214019D70010313D1A8B994F8663094F83110253B45
S214019D80DBB20133DBB2032B28BF002341FA03F217
S214019D90D207F6D5253384F8663018E094F85430A7
S214019DA010B194F85520134303F00503052BE2D1B7
S214019DB001F08EFF0028DED194F8673003F00F0221
S214019DC0012A05D1032262F3030384F8673010BD2C
S214019DD0012262F3030384F86730CCE7A422002053
S214019DE0024B586A00F00100704700BFA422002011
S214019DF0F8B5434C636923F010036361054601F02F
S214019E0079FAB4F8BC302BB9A36813F4601F08BF05
S214019E10A4F8BC303A48012100F0E2FB394BE3617B
S214019E20636A580429D41DB9636943F0100363615A
S214019E3019F0BEFFE28DE66C236DA78D151F40F26B
S214019E4071214D43AE422DD2A3F5967301FB073324
S214019E50181AE76823893B44834223DA636951432E
S214019E6043F01003891B63618142D4BF21612061E5
S214019E70BDE8F840224800F065BBA26A6168521A44
S214019E80002AD0DA23F0010343F400436362FFF7AC
S214019E90CBFE4FF0804003F03FF8FFF75BFF002852
S214019EA0C1D1F8BD40F271277A43A2F5AF722261A3
S214019EB0FFF758FF236DA28D07FB0233636023650E
S214019EC0AE424FF00003E3640F4B0CD31A68616A8D
S214019ED0137B4907617E4CBF927912780B449342FB
S214019EE00CDC6376C4E7626A1B685207197B4CBFB9
S214019EF0DA795A78637E5B1A9342F2DA6276B7E7CA
S214019F00A4220020DD3B03007422002008B5FFF7E1
S214019F1021FFB0B10B4B586A20F0040210F001008B
S214019F205A6203D1BDE80840FFF75ABE01F0E2F9D4
S214019F3018F080FAFFF748FEBDE808400020FFF75A
S214019F4057BF08BDA422002038B50E4C054680B187
S214019F500320FFF715FE002384F845300123A4F8FB
S214019F6046300420FFF70CFEBDE838401020FFF70E
S214019F7007BE0520FFF704FE0123A4F8B83084F8D5
S214019F80B650EEE7A422002070B53B4C636A164635
S214019F9003F0010270B95AB116F09BFB636A23F015
S214019FA0010305466362FFF73FFE284616F097FB5E
S214019FB0002070BD002AFBD19B0704D5E36BBBB123
S214019FC00120FFF7C1FF94F8303003F0FD03012BA9
S214019FD016D016F07EFB0546C6B10E20FFF7E2FD51
S214019FE019F0E6FE42F2107303FB0600A06210E0D1
S214019FF002201FF012FAE0630028E1D10720D8E71B
S21401A000FEF73CFD0028E4D11220D2E70E20FFF730
S21401A010B7FD0020FFF7C6FD636A13F00403C4D141
S21401A020E364E38D40F27122023B5343E260236115
S21401A03019F082FE0323B0FBF3F303EB4303C31AC9
S21401A040253384F86630FFF78DFE19F0B1FE6060A7
S21401A0502065B4F8BC00002808BFF520FFF77AFD9C
S21401A060064B05481A681378527813445B106376DA
S21401A07000F068FA99E700BFA422002074220020AD
S21401A080274B70B55A6A0D4609B3160747D503F133
S21401A090450603F1460428B3D1061FD52388012BB4
S21401A0A01CD95B0823800420FFF76AFD1020FFF708
S21401A0B067FD19F041FE2388B0FBF3F202FB1300A3
S21401A0C0307055B30320BDE87040FFF759BD9406C4
S21401A0D025D503F1B60603F1B804DCE70420FFF743
S21401A0E061FDE3E7D20314D5B3F84610B3F8482070
S21401A0F091420ED22288520092B22280B3F84830A2
S21401A100934228BF134623801020FFF739FD042011
S21401A110CDE71020FFF746FDF9E70520D3E770BD30
S21401A120A42200202DE9F04F314CA56B636BAE796C
S21401A13000278BB00C36C4E90D7705EB06080793AC
S21401A14083468946D8F824A001F05EFFAA5D08F18F
S21401A1500806C2F3C01231460DF127008DF82720FC
S21401A16017F0CCF8CDE904B9636A0798C3F38023E6
S21401A1700393FF2302939DF8273052463946CDE9D3
S21401A180006308F10E03FDF751FB284613F0B6FFF6
S21401A190636A23F02402D907626205D40120FFF71F
S21401A1A01FFD0BB0BDE8F08F124B94F854501A689F
S21401A1B01378527813445B10052D637602D101F0B3
S21401A1C087FD40B994F854309A070ED413F0040F63
S21401A1D014BF0325012594F86730012065F30303B6
S21401A1E084F86730FFF704FEDBE70225F3E700BFDC
S21401A1F0A42200207422002070B54A4A0546516800
S21401A2001068AC79127A8AB06B4603C30C34082006
S21401A2101A702C44FEF7D0FC20B10122A11D28465D
S21401A2201EF019FFA3798DF80F30A37A03F00F0300
S21401A23003F128026A44002112F8282CADF81020F8
S21401A240CDF82110ADF825108DF82010062B08D872
S21401A250DFE803F0044F07075F074B000D20FFF709
S21401A260A1FCA37AC3F380138DF81230E368CDF80E
S21401A2701330238AADF8173000231A460DF1130167
S21401A2800DF1120017F025F8E3798DF819304FF427
S21401A2907F43ADF81A307F238DF81C3063798DF833
S21401A2A01D300023ADF81E30AB791233AB711C2183
S21401A2B028461EF02DFFAB792B4403AC0C3309AEB8
S21401A2C0224603CAB24218605960144603F10803D5
S21401A2D0F6D110681860294613481EF0C0FF4FF0EB
S21401A2E0804002F019FE0AB070BD0D20FFF748FC51
S21401A2F0B7E7D4F81230CDF82130E38AADF825302F
S21401A300EB79063BEB71A37AC3F3C0138DF82030CB
S21401A310A7E7064B5B6A9B0444BF42F00102ADF817
S21401A32010209EE722A60300C4220020A4220020BB
S21401A33070B583790C33C4182379DA0702D44FF049
S21401A340FF3070BDA37AE27A03F00F05082DF6D828
S21401A350062D01D92846F4E7911F1F29EFD8012DB4
S21401A3601FD10C2AEBD1244E736A13F0060F01D1CC
S21401A370DB05EFD416F0BAFF20B916F0AEFF0028C1
S21401A380E8D1DCE7A37A96F83020B2EBD31FC3F30B
S21401A390C010D4D104F1120100F00100FEF71EFB3B
S21401A3A0EDE7042DD6D11449144A486A0240002A22
S21401A3B0C5D0C96B0029CDD08A790C3288188A5C41
S21401A3C0C3F38013B3EBD21F08D016F08FFF00281B
S21401A3D0C0D116F079FF0028BCDBB0E704F10C0110
S21401A3E0062208301EF057FA044616F07FFF0028B2
S21401A3F0B0D1002CAED0ECE7A42200200800040067
S21401A400F0B5184C606B87B000B3A76BBE790C36FD
S21401A410FCF7A4FE0223FF21BA5DCDE90431BD1984
S21401A420D20995F823305B090393AB8B02936B8BB0
S21401A43001932B8B0093002105F1080380B218F0DD
S21401A44055FB606BFDF734F900236363A06B13F0D3
S21401A45055FE0023A363636A23F00403636207B017
S21401A460F0BD00BFA422002013B5154C16F031F93B
S21401A470236A01930023236216F031F9019BA3B9E5
S21401A480636A1A0406D518F049F8A0B1636A23F482
S21401A49000436362636A1B0305D5FFF7B1FF636A76
S21401A4A023F40023636202B010BD01A81EF00EFE65
S21401A4B018F09FF8E2E74FF0804002F02DFDE9E743
S21401A4C0A422002010B5074C2368DA0607D523F02E
S21401A4D01003236018B9A168012016F0CEFE0023F0
S21401A4E0A36010BD64230020014610B50446022077
S21401A4F016F0C3FE054B1B68D90305D463691A071A
S21401A5005CBF43F00403636110BD00BF64230020F9
S21401A510014BD868DC3870476423002010B5034B24
S21401A520DC6819F045FCDC3C201A10BD64230020D1
S21401A530034B1B6813EA004314BF01200020704739
S21401A5406423002038B50023036043690446580796
S21401A5500DD5204650F8081FC90C01F4FC7141F0D6
S21401A5600501FDF721FF636923F004036361636955
S21401A570D90602D519F01CFC60601848024652F84C
S21401A580043F8BB92360146083684BB1617E5A7EA9
S21401A590914219D26269D2060ED50020FFF792FFCA
S21401A5A0BDE8384018F076BC59686568491B002933
S21401A5B0E8DA1A461B68E4E75A681B6913446268BE
S21401A5C09B1A002BECDBE8E71A895B68D31A6268F2
S21401A5D01344E268D342E3D5DFE700BF64230020DB
S21401A5E038B50B4DAB680446A342084601D1FFF7C8
S21401A5F069FF6B68074A1BB1A342196804D1116051
S21401A600BDE8384018F046BC1A460B46F3E700BFD3
S21401A61064230020682300202DE9F047754D2B6840
S21401A6205B0700F1B080AB68002B40F0AC8055E8CA
S21401A630003F43F0040345E80032002AF7D16C6876
S21401A6409CB119F0B5FBD4E9043717F0100FA268D6
S21401A650064619D010FA82F262602068D4F80480A7
S21401A66038BBDC334344C5E9024355E8003F23F0D9
S21401A670040345E80037002FF7D1AC68002C75D1EC
S21401A680BDE8F04701F02CBD606892B2811AFF0761
S21401A690A1EB060109D40029DFDAE768DF1BCF4208
S21401A6A005D432441844831AD6E70029D5DA204661
S21401A6B050E041690289D0F804E0CF0648BF06EBB6
S21401A6C0020E11F0010C08BFD0E90371AEEB0202D5
S21401A6D006BFC91B8918114608EB03077F1A002F0E
S21401A6E028DDBB4205D9E768A1EB0801DC378F42BC
S21401A6F03AD9D4F814A01AF0010F1DD12169D0F867
S21401A7000C9027894144A1EB0901C91BE768A1EB1D
S21401A7100E01DC37B9420FDD971BBCF1000F03D1E8
S21401A7200169A1EB09010F44002F05DBC0F804E025
S21401A7304B460446006891E7477E617E8F42F9D218
S21401A740921BBCF1000F03D1D0E903135B1A1A4424
S21401A750002A02DAFFF7C8FE71E71AF0100FA6D03A
S21401A760C368C0F804E0E4E70B46E3E7A36813F424
S21401A770601FC3F3C24008D12B6843F010032B605F
S21401A780214616F07AFDBDE8F08704F1080630464A
S21401A790FDF718FE2B6843F010032B602146F8B92D
S21401A7A016F06BFDA36813F4601F4FEAD341C3F3A1
S21401A7B0C24517D0013DEDB201F4FC712943304684
S21401A7C0FDF7F2FD03213046FDF75AFE75B1A2688A
S21401A7D0237E1344120C9BB212041343A360D2E7E8
S21401A7E03846CEE703213046FDF74AFE3046FDF7F0
S21401A7F02DFEECE76423002008B5034B996809B1E8
S21401A80016F03BFD08BD00BF64230020014B98688D
S21401A810704700BF642300200A4B70B59C688442D1
S21401A8200FD12146012016F028FD6668258919F00A
S21401A830BFFAAD1BC54221464CBF0020022016F0D0
S21401A8401CFD70BD64230020054B1B681B6A13F0BA
S21401A850100003D013F0030018BF0120704700BF9B
S21401A860742300202DE9F341344B9C68A5790C35FF
S21401A8706719635D03F04F036355838D0622103B12
S21401A880064688467A700D2B32D8DFE803F054313D
S21401A8905007310C313131313131310C635D6FF399
S21401A8A00303635524E0625D006A012363F3030238
S21401A8B0625510F4006F4FF00C027A7006F12E010B
S21401A8C007F108020CD001924FF0FF320092C0F35C
S21401A8D080201A4616F006FD635D43F08003E0E72C
S21401A8E0D6F82E30BB608B889380336A5B05F3D431
S21401A8F0B28D635D62F345136355B91C304619F09A
S21401A900A4FA635D60F386136355A3797A780233FC
S21401A9101344E371B38D03F01403142B04D0B8F180
S21401A920000FC4BF42447A7002B0BDE8F081635D97
S21401A93062F30303B5E7635D0222F9E7A020002076
S21401A94038B529490B7D4A7D0133DBB2B3EB921F43
S21401A95004460B7503D303230B75002038BD016A2B
S21401A960C90234D590F87E200323243A92FBF3F3F0
S21401A97003EB4303D21A2532D2B2A18D94F87F306D
S21401A980B4F9340084F87E2011F0100103F00F03AF
S21401A99023D119F085FA01F07DF8B4F978208242C6
S21401A9A004F1700504D0A4F8780001F023FD688155
S21401A9B0284601F0DFFB00221146104616F05FFC28
S21401A9C094F87E00002119F06AFA0120C6E75B00C0
S21401A9D01A4102F003022532CFE70246194600204B
S21401A9E001F006FED7E700BFA02000201F4B2DE98F
S21401A9F0F04104461860006C1D4E1EF0CEFB014669
S21401AA002046FFF72FFFA38D03F01403142BB36822
S21401AA1014BF226C00221A602046FFF791FFFFF751
S21401AA2013FF144B051E144808BF184601F0DCFC42
S21401AA306369676803F0100819F0BAF96D000346F8
S21401AA40627EE8B2B8F1000F03D1FF1AB7F59B7F1B
S21401AA5007D5114601F076FCB068BDE8F04101F07B
S21401AA6045BC616819F0AAF9F6E700BF7423002017
S21401AA70A020002009AB010055AD010070B50546C8
S21401AA80FFF7E2FE104B114E041E114808BF184690
S21401AA9001F0AAFC2846FFF753FF054660B133686C
S21401AAA06000597E00F0FE0001F04CFC094BBDE849
S21401AAB07040986801F01ABC01F096FC306829468F
S21401AAC0BDE87040FCF734B809AB010074230020E0
S21401AAD055AD0100A0200020034610B5094C052BFA
S21401AAE020680AD0062B0CD1002001F07DFC2068DE
S21401AAF00121BDE81040FCF71BB8BDE81040FFF788
S21401AB00BDBF10BD74230020032803D1024B186873
S21401AB10FFF7B4BFFFF7E0BF742300200C4B0328F8
S21401AB2010B51C680FD1206C1EF037FB014620467D
S21401AB30FFF798FE074B226C9B6820461A60BDE81B
S21401AB401040FFF79BBFBDE81040FFF7C5BF00BF31
S21401AB5074230020A02000202DE9F8438B790C33C4
S21401AB60CC1806462379DA0703D44FF0FF30BDE848
S21401AB70F883E77A252FF8D83C4B9A6893790C33FB
S21401AB80D118D35CA27AC3F38013B3EBD21FECD1F6
S21401AB90056AEB064CBF02310431062204F11200AD
S21401ABA01DF079FE0028E0D194F80A9016F09EFB7D
S21401ABB005F4C04580F001032A1EC9F3801904F18B
S21401ABC00C084146DBB218BF0122484619F000F9CD
S21401ABD0014658B1A37A03F00F03032B16D1336A4B
S21401ABE09807C2D50C2FC0D10320C0E716F084FB0E
S21401ABF00028BAD1A37A03F00F03002DEDD0032B62
S21401AC0085F4C04513D1A904AFD5E8E7052BACD12F
S21401AC10306AC207A9D500F01403142B0CD004F136
S21401AC20180019F043F800289FD005209FE7052B50
S21401AC309BD16B04ECD498E706F12E052946C0F3A8
S21401AC40802016F048FB0028E9D1A27A336AC2F3C5
S21401AC508012C3F380239A4287D1062229464046B2
S21401AC601DF019FE0028DAD07FE700BFA0200020E3
S21401AC702DE9F74F4FF0FF310746002401A8019454
S21401AC8001F048F8019949B13846FFF765FF0328F6
S21401AC9006D005284BD001A81EF0FAF901203FE0A6
S21401ACA0DFF8A8802848DFF8A89001F09DFBD8F8C7
S21401ACB000302046597E01F067FBD8F800B0D9F87D
S21401ACC00860DBF844001EF068FAB4790C3406EB31
S21401ACD0040A335D03F0400343F00403054633558D
S21401ACE00AF10201584619F0B0F8335D60F3861395
S21401ACF03355D8F80030D9F808005B6C002DA4BF96
S21401AD0006358AF80150036001F0F0FAD8F80030F1
S21401AD101B6ADB0407D50199384616F085FD00202D
S21401AD2003B0BDE8F08F01A81EF0B2F9F7E701986D
S21401AD3001F0A8F80199384616F01FFD0028ADD09D
S21401AD40204601F051FBEAE71DAB01007423002009
S21401AD50A02000200E4A032810B5146805D0042848
S21401AD6009D0BDE81040FFF7B7BE617E0120BDE8FF
S21401AD70104001F0A5BA2046FFF77AFF30B101F086
S21401AD8043F92046BDE81040FFF778BE10BD00BF6E
S21401AD907423002038B50D460446002001F024FB3C
S21401ADA001F032F929462046FCF70CFA014B002245
S21401ADB01A6038BD782300200123074A03FA00F001
S21401ADC002F1140353E8003F034302F1140C4CE86C
S21401ADD000310029F4D17047B8200020F8B5244F7F
S21401ADE07B6913F4C07F05460C4603D099063BD415
S21401ADF001200CE039B15A0705D4D5F8A43013B9AF
S21401AE000820FFF7D9FF7B699B0601D50020F8BD16
S21401AE107B7FAE6A022B06F0080604D916B114B978
S21401AE200220F4E7E4B995F8921095F83701063157
S21401AE3000F00F0000F0E8FD85B20EB904B16D0018
S21401AE40FFF76CFBA8420DDB7B6913F01C0FDDD10D
S21401AE501EB1002CDAD10520D9E7002CFBD1D5E7AD
S21401AE600320D4E70420D2E7002CCFD0C3E700BFED
S21401AE70B820002038B5124D6B69044643F40073C0
S21401AE804FF4806128306B6118F041FF01212046A4
S21401AE9016F096FD00212046FFF7A0FF014620B1DF
S21401AEA02046BDE83840FFF775BF6869617E80F4CB
S21401AEB08070BDE83840C0F3002001F001BA00BF41
S21401AEC0B820002038B50C4B0446186000F5947085
S21401AED001F050F92046FCF741F9C4B2204616F0BD
S21401AEE0DAF90546204616F0D8F929460246022028
S21401AEF016F0C5F938BD00BF7823002008B500203C
S21401AF0001F072FA01F080F8014B00221A6008BDC8
S21401AF107823002010B50446FFF7D4FF064801F059
S21401AF2063FA6168226C637E01EB9202BDE8104011
S21401AF30112001F079B900BF05B201003F4B37B5CA
S21401AF401C68A26A002350050193D4F8A03012D5DC
S21401AF5004F1A40001931EF0B9F8C4F8A00050B1A2
S21401AF6094F84631013B84F846314FF4806104F190
S21401AF70280018F0CCFED4F8A0500DB9304B9D68CF
S21401AF8094F94631022B0DDCD4F8A83013B1A36A2C
S21401AF90D90502D5D4F8AC3023B14FF48051204600
S21401AFA0FCF7F2F8D4F8A410A36AAA79002902F1F2
S21401AFB00C024FEA830314BF0121002103F00C03A6
S21401AFC043EA0113A95C21F01C0143EA0103AB54D7
S21401AFD00DD11B4A02F1140353E8003F23F0080386
S21401AFE002F1140040E800310029F3D102E0032009
S21401AFF0FFF7E2FE284601F079F9019B53B15B7930
S21401B00003F00A03082B02D12046FCF7C3FB01A874
S21401B0101EF03EF86B799A070ED5A36A1B040BD572
S21401B0200820FFF7C9FE4FF4004104F1280003B0E1
S21401B030BDE8304018F06BBE03B030BD7823002069
S21401B040B82000202DE9F04385B0002304460321F3
S21401B05003A8039300F05EFE039D35B9F421204654
S21401B060FFF798FE05B0BDE8F083AB79644F0C336B
S21401B0701D447B692A79D6074ED4DD064CBF0720CE
S21401B0800420FFF799FE002601212046FFF7A6FEC1
S21401B090054650B97869617E80F48070C0F300205F
S21401B0A0400001F071F9FFF749FF039800F0EAFE4E
S21401B0B0DDF80C807A6998F80630510603F10C0326
S21401B0C008EB030915D458F803303B610620FFF757
S21401B0D073FEA36A1A060CD404F1280252E8003F54
S21401B0E043F0800342E800310029F7D10120FFF741
S21401B0F063FE4946204616F069FC99F80430DB07E2
S21401B1007BD5002E52D11DB129462046FFF742FEBF
S21401B11003A800F0D9FCA5E723F0100301207B610A
S21401B120FFF74AFEAE7AF0062FD50220FFF744FE5F
S21401B130A36AAA7A83F00203C2F38002C3F3400330
S21401B1409A422FD104F128004FF4006118F0DFFD78
S21401B15050E8002F42F4806240E80023002BF7D12C
S21401B160A26A82F00202A2627B77AA7AA36AC2F37B
S21401B170C00203F001018A4285D183F0010316F073
S21401B1800306A36218BF01267EE707F1140353E8FE
S21401B190003F23F0040307F1140141E80032002ABE
S21401B1A0F3D1C5E77B7F0133DBB2DDE72046FBF752
S21401B1B0D5FFC0B216F06FF806462046FBF7CEFF65
S21401B1C0CDF80480A38F009382B20023314602207B
S21401B1D016F05DF84FF0FF3103A800F09BFD0399D0
S21401B1E08B790B44DB7D002B8DD02046FCF7F0FAE3
S21401B1F0002D3FF437AF294631E7002E83D0E9E72B
S21401B200B820002008B5124A0346042B10680BD05C
S21401B21002D8032B18D008BD053B012BFBD8BDE88F
S21401B2200840F121FFF7B6BDFFF70CFF094A02F10E
S21401B230140353E8003F23F0200302F1140040E812
S21401B24000310029F3D1E6E7BDE80840FFF712BE5A
S21401B25078230020B8200020164B033810B51C6850
S21401B260032818D8DFE800F00702181E2046BDE8BC
S21401B2701040FFF7E7BE2046FFF7FCFD0E4A02F13D
S21401B280140353E8003F23F0200302F1140040E8C2
S21401B29000310029F3D110BDF1212046BDE8104050
S21401B2A0FFF778BD4FF4806104F1280018F02FFDF8
S21401B2B0F221F2E778230020B820002010B50446DA
S21401B2C0FFF700FE054801F08FF8FFF737FE627EB4
S21401B2D061680220BDE8104018F070BD59B2010047
S21401B2E0034B5B6A13F0060F0CBFE220F120704798
S21401B2F0A422002008B5FFF789FA054B834206D140
S21401B30000F082FEBDE80840002001F06DB808BDDF
S21401B310A422002070B5214C214801F065F894F86C
S21401B320673094F8662003F00F030021C82018F058
S21401B330B7FD00F0AFFBB4F96020824205D0A4F857
S21401B340600001F057F8A4F86200164800F012FFFA
S21401B35000221146104615F092FF666818F028FD87
S21401B3600246FFF7BDFFB61AB6F5FA6F054609DCC9
S21401B370FFF7CEF8627EA0F5AF712846BDE87040B3
S21401B38000F01CBF6668FFF7C3F8637EA0F5AF72D6
S21401B39031462846BDE8704000F046BFA422002092
S21401B3A03DB80100FC22002038B500F02DFEFFF765
S21401B3B0B5F8B0F5967F0D4C0CDDFFF791FF05460D
S21401B3C0FFF7A6F8627EA0F5AF712846BDE83840C3
S21401B3D000F0F4BE18F0ECFCE36C62689B1A0344C0
S21401B3E0E3640020BDE8384018F005BCA422002024
S21401B3F0F7B5104C94F8455006460F462DB1013D61
S21401B40084F84550002003B0F0BD0B4B1B680220AA
S21401B410597800F0B9FF94F83030CDE900533A4638
S21401B420E06B0323314618F017FCE06B00F05EFF7B
S21401B4300120E8E7A422002074220020094A02F134
S21401B440240353E8003F43F0080302F1240040E8D8
S21401B45000310029F3D1044B1B680120597800F014
S21401B4602FBF00BFA4220020742200204389028936
S21401B4705B0040F2712043435B1AD0B24343120A89
S21401B480B3FBF2F3024A126811445818704700BF22
S21401B490A825002030B58C1AE41A002C08DA124CC4
S21401B4A06468551A1D44B5FBF4F505FB04442144B4
S21401B4B01344CB1A40F2E242B3FBF2F39BB2428949
S21401B4C02BB9530040F2712404FB031113460132D9
S21401B4D0B3FBF2F402FB143202819B1A40F2E24003
S21401B4E000FB131030BD00BFA82500202DE97043D6
S21401B4F0064618469DF8183089461446E3B9C31E19
S21401B500012B8CBF02250325222100F07DFA164B64
S21401B5105B686D0040F2712808FB05F581446BB14C
S21401B52021463046FFF7A2FFABB201464A463046F7
S21401B530BDE87043FFF7AEBF0125E5E7738934899F
S21401B5400133B4FBF3F203FB1244F37934815B005D
S21401B550640008FB03F308FB04F404EB530404EB58
S21401B56009002844BDE87083A82500202DE9F04194
S21401B570134E736A5B0780461BD58B790C33CF1845
S21401B580C8B9FD79CC583989284600F03DFA0444FB
S21401B590B8F1000F11D1033D012D94BF03230223FF
S21401B5A05B0040F2712202FB034434647B7986F827
S21401B5B04430BDE8F0810125E4E70123F0E700BF50
S21401B5C0A42200202DE9F04F1F46984B9D6B5B6A25
S21401B5D0AC798DB00C341646021E05922A5D069192
S21401B5E008BF002161F345122A55314603F0400297
S21401B5F03846C3F3801A039215F07AFE05EB040869
S21401B6000790285D08F1080B5946C00915F070FE31
S21401B610039B8146002B44D1002844D115F066FED9
S21401B62080F00103DBB203F001035246314638468F
S21401B63018F0CEFB0490002800F08A80039B002BB4
S21401B64033D1B9F1000F75D1079B002B72D015F0DD
S21401B6503EFE00286ED001220AA90DF1270015F042
S21401B66049FE002874D09DF827302A5D591E4B42AA
S21401B6704B41B3EBD21F6BD106220AA958461DF0E7
S21401B6800AF9002864D13368C8F80830B388ABF8E3
S21401B69004302B5D67F3C7132B554FF00009CA46DC
S21401B6A019E00123BFE7039BBDE7604B5B6A13F418
S21401B6B000791CD115F804A0CAF3801A484615F083
S21401B6C01EFE3368C8F80830B388ABF804302B5D2B
S21401B6D067F3C7132B55059B544E002B3ED196F8A6
S21401B6E0B630002B3AD0013B86F8B63030E015F084
S21401B6F0EBFD002806DA15F804A04FF00009CAF39E
S21401B700801ADBE700221146104615F0EDFD15F80C
S21401B71004A08146CAF3801A0028CFD00023022154
S21401B7201A4608EB010018F06FFA2B5D60F38613DA
S21401B7302B55C3E77A1E57422B5D5741B7EBD31FF4
S21401B74006D10622314658461DF0A5F80028A4D099
S21401B7500023049304980DB0BDE8F08F18F028FB81
S21401B760074616F013F9059B009302469DF85830DC
S21401B770394608F10E00FFF7B9FE2D4B059A1B68F6
S21401B7800746A2B95978022000F0FEFDB06B00F022
S21401B790ADFDB36B9A7913441F63FFF737F8254B5A
S21401B7A0C361069BBBB9736A23F4806316E0D9793B
S21401B7B0002000F0E9FDB06B00F098FDB36B1E4869
S21401B7C09A7913441F6300F00FFE069BC3B9736A90
S21401B7D023F4806317E0736A43F480637362039B08
S21401B7E09BB1B9F1000FB5D000231A46514608F1B6
S21401B7F0020018F009FA2B5D60F386132B55A9E7B2
S21401B800736A43F480637362EBE72B5D0022C3F334
S21401B810C01359460AA88DF8283015F06BFD2B5D2C
S21401B8209DF8282062F3C7132B55DAE7A4220020DF
S21401B8307422002033240300DDB9010004282DE919
S21401B840FF471ED005D8032800F0BA8004B0BDE833
S21401B850F087431F012BF9D805384FF0010118BFB7
S21401B8600120FEF70DFC18F0A3FA5A4AD36C516872
S21401B8705B1A03440020D36404B0BDE8F04718F017
S21401B880BAB903A800244FF0FF31039400F042FA3E
S21401B890039858B1FEF74CFD0828074603D84E4BCF
S21401B8A01E5C31070AD403A81DF0F2FB494B5B6A04
S21401B8B013F0060F0DD0FFF777FD0AE00728039D6A
S21401B8C00ED122464348294616F0AAFD0446002C0E
S21401B8D0ECD00121084604B0BDE8F047FEF7D0BB26
S21401B8E0DFF8F080D8F8244014F0040410D016F0E5
S21401B8F002040DD0AA790C322A440120917A0090D4
S21401B900C1F380130C32C1F34011FFF75BFE04460E
S21401B910284600F0B7FA29460120FFF727FED8F897
S21401B9202430DA072DD595F8069003F0800A09F140
S21401B9300C0915F0DBFCA94480F0010399F80A0014
S21401B940BAF1000218BF0122DBB209F10C01C0F303
S21401B950801018F03DFA60B134BBD8F824309B074C
S21401B960284632D5F40710D4730730D5FEF744FCC9
S21401B9709CE7BAF1000F04D1514615F0BDFC002832
S21401B980EAD0284612F0BAFBA1E718F0D3FA04462B
S21401B99050B1A8790C3028440C3010F8021CC1F3C1
S21401B9A08011FFF725FD0446042F03D1D8F8243073
S21401B9B09907E6D57207E4D52846FEF71DFC86E70B
S21401B9C004B0BDE8F047FFF739BD042FCCD112F023
S21401B9D095FB6BE7A42200202CA60300032808B5DC
S21401B9E00AD1074800F000FD064B012093F94410E8
S21401B9F0BDE80840FEF796BBBDE80840FFF71EBF4E
S21401BA003DB80100A4220020064B10B55B690C4628
S21401BA1010B101F03FF8034618795B8804FB00304B
S21401BA2010BD00BF60190020084B10B55B690C46BD
S21401BA3010B101F02FF803465A88A2423BBF1B798A
S21401BA40A41A0020B4FBF3F010BD00BF601900205B
S21401BA500138C0B203289ABF014B185C002070471A
S21401BA6035A603008BB20029054AB4BF053B053352
S21401BA701BB20A21108093FBF1F39370704700BF4D
S21401BA80CE2F0020024B9B78C01A40B2704700BFF1
S21401BA90CE2F0020024B1B88C01A00B2704700BF91
S21401BAA0CE2F0020074B186840F20D1338B9002B33
S21401BAB0C1BF44334522B3FBF2F0C0B27047006801
S21401BAC0453BF3E7601900202DE9F041064614F0E6
S21401BAD000FE0746FFF7E6FF35460446286818B11C
S21401BAE06CB928461DF0D4FA31680A481DF0B7FB38
S21401BAF0384614F0F4FD00233360BDE8F081D0F839
S21401BB0000801DF07EFC2B68013CC3F800802D6888
S21401BB10E4B2E3E760190020024BDB6B03B1184780
S21401BB20FEF76ABE6019002010B5064AC043131D11
S21401BB3053E8003F0340141D44E800310029F6D1C4
S21401BB4010BD00BF6019002010B5054A131D53E84B
S21401BB50003F0343141D44E800310029F6D110BD0F
S21401BB606019002070B519461546064610461C4653
S21401BB7018F013F92A46454D2346304618F012F9B7
S21401BB80D5E9062300EA020401EA030654EA06039D
S21401BB9013D0630104F0806010D56B68180623D4B7
S21401BBA03B4B234093BB3B4B06F020022340134301
S21401BBB056D12046314618F0ECF870BDA4F10803C2
S21401BBC033431CD1EB7A012B42D16B68D90743D59D
S21401BBD00323EB726B8C013304206B84FFF79CFF0D
S21401BBE0012018F0DBF8E4E72B1D53E8003F23F0B3
S21401BBF08003291D41E80032002AF5D1DDE7A4F1D2
S21401BC000C03334317D118F0C9F8DBE724F001130E
S21401BC1023F4A0433343C6D1EB7A012B18D16A68CB
S21401BC2040F20143934314BF002303230520EB7224
S21401BC30FFF772FFBDE7231F334302D118F0AFF8B9
S21401BC40B7E704F17F433343AAD1EB7A022B0FD037
S21401BC50042018F088F8ACE713F40063BAD1B8E70B
S21401BC600420FFF771FF4FF0006001F055F9A0E7DF
S21401BC706B689A0706D50423EB722B8C01330320DD
S21401BC802B84ABE713F02003F7D1F5E7601900200A
S21401BC90015001000DD50155014B986A704700BF50
S21401BCA06019002010B5064CA06A1CF0E2F828B90D
S21401BCB0A06A1CF0E0F800F0010010BD0120FAE7D0
S21401BCC060190020014B986A1CF0D7B86019002053
S21401BCD0024B5868C0F34020704700BF601900202F
S21401BCE010B504464FF40070FFF71EFF084B986A24
S21401BCF01CF0C5F838B10CB9002010BD4FF4007027
S21401BD00FFF722FFF8E7002CF6D00C20F5E700BF7E
S21401BD10601900202DE9F04F0468594D89B0064698
S21401BD208846002C48D0A77920460C371DF035FAF6
S21401BD3027440A383C89B8F1FF3FA4EB000402D03F
S21401BD404445A8BF4446B5F83890B0EB090713D46C
S21401BD50002C0EDD6D6B36683D44FF2C22462946CD
S21401BD603046A8BFFF221DF076F9241A366805442E
S21401BD70F3D109B0BDE8F08FA9EB0009296BD6F81D
S21401BD8000A0A145A8BFA14601EB000BC846B9F12A
S21401BD90000F0DD04246FF2A59465046A8BFFF2243
S21401BDA01DF059F9B8EB0008DAF800A08344F1D188
S21401BDB0A4EB09044F44CBE7A86A03AA03211BF0AE
S21401BDC0B9FFBDF80E700294A146E8620A3702ACCC
S21401BDD009E023601B682B602368C3F80090236882
S21401BDE0002F1C4611DD2B68453F002BF1D10120A9
S21401BDF01DF013FB034620600028F1D1019002A834
S21401BE001DF046F9019B3360B3E72B1D53E8003F55
S21401BE1043F008032A1D42E80034002CF5D14FF008
S21401BE20006001F079F80298BDF81020437943F0DC
S21401BE3001034371069B30606B63059B2A872B6366
S21401BE408379BDF80E200C3303441C711A819DF8CA
S21401BE500C20297A9971072ADC711FBFAB8C01333C
S21401BE60AB846B8C0ABF012203F1FF331A714FF0CA
S21401BE700A0118BF6B841DF0E2F8346853E700BF6F
S21401BE80601900202DE9F04187790C37C41986B076
S21401BE90237913F0020805461BD1174E43F002031F
S21401BEA023716A46D6E90A011BF048FF2389B06A66
S21401BEB003336946ADF804301BF042FF009BEB519B
S21401BEC09DF90E00FFF7DEFD6071B37A022B03D8F1
S21401BED0E37106B0BDE8F0819DF81130012B04D066
S21401BEE0022B04D02BB90423F2E70323F0E7012346
S21401BEF0EEE784F80780ECE76019002037B5124BAF
S21401BF0000F00F041B88ADF80430012C15D0022C6C
S21401BF1015D18DF804400D4D6B6842F222000340A6
S21401BF20A3420ED0FFF700FE2046FFF70DFEA86ADB
S21401BF3001A91BF07FFE03B030BD2024EBE70024EF
S21401BF40E9E70020F7E700BF60A6030060190020BC
S21401BF502DE9FF41144C1746022300258046A06AAE
S21401BF60E3720E46CDE9025509F0BAFD384602964F
S21401BF708DF80C5017F00FFF0090617AA06A02ABA3
S21401BF802A4609F0E9FD044648B94046FFF7B6FFE0
S21401BF903B4604462A460121304617F0F8FE204665
S21401BFA004B0BDE8F08100BF6019002037B5144B1E
S21401BFB000F00F041B88ADF80430012C14D0022CBD
S21401BFC016D000240F4D6B6841F601000340A342D2
S21401BFD013D0FFF7A9FD2046FFF7B6FDA86A01A911
S21401BFE01BF03EFE03B030BD04238DF80430E9E7B4
S21401BFF08DF804404FF40064E4E70020F2E700BF48
S21401C00060A603006019002038B5104CE37A23B10E
S21401C01000221146104617F0B9FE00252846E572A3
S21401C02017F0BCFEA06A012203211BF08BFDA06A5B
S21401C0302A4601211BF086FE8020FFF775FDBDE82C
S21401C04038404FF44050FFF77FBD00BF6019002015
S21401C05008B5FFF7D9FF044AD38C0133D3840620F1
S21401C060BDE80840FFF758BD60190020F8B51B4D24
S21401C0706B68590704D50420FFF756FDFFF7E8FF64
S21401C0806B681A070FD514F024FB0646FFF70AFD66
S21401C090124F044624B101201DF0BFF90146A8B98C
S21401C0A0304614F01CFB6B68DB0615D51020FFF735
S21401C0B03BFD00F001FD78B114F00BFB0446FFF7E1
S21401C0C0C7FF2046BDE8F84014F009BB3846013CDE
S21401C0D01DF0CFF8E4B2DDE7F8BD00BF601900201F
S21401C0E010B50022084C1046114617F04FFEA06A04
S21401C0F009F0F6FC17F055FE20461CF0C9FFBDE816
S21401C10010400820FFF710BD60190020014B986A07
S21401C1101BF0F1BE6019002038B5154CA37A834296
S21401C120054610D0431E042B08D8DFE803F0030DA4
S21401C13011161800A06A0AF045F920B92846A5721A
S21401C14000F0A8FC606138BDA06A17F033FEF4E782
S21401C1500121A06A17F030FEEFE70321F9E7FFF7A8
S21401C160B7FD0028EAD0A06AFFF7D0FFE5E700BFD9
S21401C1706019002073B504460F4D408900F098FA07
S21401C180A07B287217F0DAFD6872E07B002600F0CB
S21401C1900F00FFF7C1FF0096D4E90021A37BA86A30
S21401C1A01BF0CDFE32463146304615F068F8206861
S21401C1B017F0F6FD02B070BD60190020F0B585B02D
S21401C1C00023184E00938DF80C30C0F3401301275E
S21401C1D08DF80E30C0F3001304461546F7728DF83D
S21401C1E0047002918DF80D30FFF7E0FE20B10420B7
S21401C1F017F0B9FD05B0F0BD284617F0CCFD717AF1
S21401C20003466A46B06A09F0B3FC2A460646C4F3FA
S21401C2108011384617F0BAFD15F032F8002EE6D137
S21401C220E8E700BF601900202DE9F043234D85B0F3
S21401C23004460E469046002110224FF0010968463A
S21401C2401F4685F80B901CF050FBA86A09F048FCC5
S21401C25000238DF80430E3060096CDF8088005D556
S21401C2606B691B888DF80D904344029300238DF86B
S21401C2700C303846C4F340138DF80E3017F08BFDA2
S21401C280697A03466A46A86A09F072FC28B1042056
S21401C29017F069FD05B0BDE8F0832046FFF786FE7E
S21401C2A03B460546C4F380120121304617F06FFD68
S21401C2B014F0E6FF002DEAD1ECE700BF601900207C
S21401C2C0094B10B501220C46DA72FFF76FFE10B16A
S21401C2D0042017F048FD22460021012017F056FDE4
S21401C2E014F0CEFF10BD00BF60190020F8B504465B
S21401C2F014F0C7FFA179E279114E521A0C310746A4
S21401C3000123B06AD2B221441BF00EFDE579A37970
S21401C310ED1A57FA85F524680CB93561F8BDA1798F
S21401C320E279B06A521A0C310023D2B221441BF0D2
S21401C330FBFCE379A2799B1A55FA83F5EBE700BF7C
S21401C34060190020F8B50F4E02230D46F372FFF771
S21401C350D5FD044620B1BDE8F840042017F003BD22
S21401C360284617F018FD2A4607462146012017F0F1
S21401C3700DFD717AB06A3B46224609F0DFFB0028C4
S21401C380E9D1F8BD60190020084B10B502220C4611
S21401C390DA72FFF7B3FD10B1042017F0E4FC224671
S21401C3A00021012017F0F2FC10BD00BF601900202B
S21401C3B0014B187B704700BF6019002068B1084B1D
S21401C3C0194653F8042F0AB18242FAD25B1A9B101F
S21401C3D0013BDBB2034A137370470123FAE700BF40
S21401C3E03CA6030060190020014BD863704700BFCC
S21401C3F06019002073B50F4B0F4E9B7DFF2B044633
S21401C40015D1ADF804000023B06A8DF803300DF1A4
S21401C410030201A909F090FF9DF80350B06A224675
S21401C4202946F4F73DF940EA052002B070BD034BFA
S21401C4301D78F3E7CE2F002060190020C82F0020BA
S21401C440044BC2B2C0F30721986A82B002B0F4F777
S21401C450A7B900BF6019002010B50D4C0021A06AD5
S21401C4601BF0CEFB0B49A06A1BF033FCFE21A06A31
S21401C4701BF01DFCA06A09F077FD074BB3F91020ED
S21401C4808242C8BF18821A8A9A805A8ADA8010BDF8
S21401C49060190020C82F0020CE2F0020F0B5154CC3
S21401C4A085B0B4F91070ADF80210ADF80420ADF8FF
S21401C4B006304FF0C8124FF082136946CDE90223C9
S21401C4C0ADF8000002AD04200B46B1F9002035F9A5
S21401C4D0026BBA42A8BF3A46B242A8BF32460138FA
S21401C4E021F8022BF1D103CB034BA060596005B0B4
S21401C4F0F0BD00BFCE2F0020D62F002073B5054615
S21401C500F4F7CAF9314E036833608388304CB38040
S21401C5100023A370238033788DF80130FF2D18BFD8
S21401C5201D46A5752B4DA86A0DF103030DF10202F8
S21401C5300DF101011BF098FC9DF8013040B9013363
S21401C540DBB20D2B8DF80130EDD9012002B070BDA4
S21401C550A27DFF2A00D0A3758DF8053033709DF8B3
S21401C56002308DF804300198FFF76AFFC828A8BF8B
S21401C570C8209DF803308DF8043020820198FFF71B
S21401C5805FFF154B9842B8BF18466082B4F9100099
S21401C590FFF730FFADF804000198FFF751FF208246
S21401C5A0B4F91200FFF726FFADF804000198FFF773
S21401C5B047FF4FF6FF73A382642360821A4618462C
S21401C5C01946FFF76BFF0020C0E700BFC82F002009
S21401C5D0CE2F0020601900200CFEFFFF034A034601
S21401C5E0B2F906000BB1FFF755BA7047CE2F0020FF
S21401C5F0084B10B5B3F9044030B903EB4103B3F966
S21401C60006309C42A8BF1C46A242A8BF224610463E
S21401C61010BD00BFCE2F0020014BB3F912007047AA
S21401C620CE2F0020014BB3F910007047CE2F00200B
S21401C63073B5064614F04DF80C4D0446B5F91200D4
S21401C640B5F91030B042B8BF30469842A8BF184678
S21401C650FFF7D0FEADF804000198FFF7F1FEE88081
S21401C660204602B0BDE8704014F039B8CE2F002045
S21401C67073B5064614F02DF80C4D0446B5F91000B6
S21401C680B5F91230B042A8BF30469842B8BF184636
S21401C690FFF7B0FEADF804000198FFF7D1FEA880C1
S21401C6A0204602B0BDE8704014F019B8CE2F002025
S21401C6B0F0B5C0F3072585B0FE2DADF8040027D0F0
S21401C6C0144C9DF8047014F004F8637DAB420646E2
S21401C6D00ED0114B18689B88ADF80C300F4B0290AA
S21401C6E002A9986A8DF808501BF0F3FAFF23237508
S21401C6F0237DBB4206D0094B3946986A1BF0D7FA10
S21401C70027756575304605B0BDE8F04013F0E7BF04
S21401C71005B0F0BDCE2F0020C82F002060190020E4
S21401C7202DE9F047DFF8449086B007460E461446DA
S21401C7300DF10808A9F1100ACDE900980B4B3A460D
S21401C7408021504613F020FD0028F5D1102C2546F7
S21401C75028BF102530462A4641461CF0E0F8641BE7
S21401C7602F442E44E8D106B0BDE8F087A73100205B
S21401C77030B589B0202269460D4DFFF7D1FF6A46D4
S21401C78004AB144603CC9C4228606960224605F13E
S21401C7900805F6D1074C08AD1A4603CAAA4220601E
S21401C7A06160134604F10804F6D109B030BD00BF3C
S21401C7B097310020A731002010B588B069462020A7
S21401C7C011F0AEFE044630B96846FFF7D1FF034BC1
S21401C7D0012283F82020204608B010BD97310020A2
S21401C7E070B5134B93F820308CB005460C460BB948
S21401C7F0FFF7E2FF0023CDE90033CDE9023354B958
S21401C8001C22214605A804941CF06FF804A8FFF723
S21401C810AFFF0CB070BD102C264628BF1026294647
S21401C82032466846FFF77CFF3544A41BE7E700BFA6
S21401C830973100202DE9F047164B1D68D3F8048088
S21401C84098FAA8F4B4FA84F404EB440293F8089036
S21401C85006460F4605EB82054FF0010A4C4504DB00
S21401C8604FF0FF342046BDE8F0870AFA04F313EAD6
S21401C870080F0BD0AB6803F00103B34206D10622C2
S21401C880294638461CF007F80028EBD001340C3551
S21401C890E4E700BF9C250020014B00225A60704748
S21401C8A09C250020F8B50446134D24EAE47413F0E1
S21401C8B010FF202C2B7AA8BF2024A342064605D1C0
S21401C8C00024304613F00BFF2046F8BD28682C7272
S21401C8D000276F6010B111F09FFD2F602B7A002B9F
S21401C8E0EED00C20604311F079FD28600028E7D1D6
S21401C8F028720724E5E700BF9C250020044BD3F8E7
S21401C900012002605B7903F01F030371704700BFCB
S21401C910B8310020F0B5244B002918BF0B46144649
S21401C9201268C3F8012022795A7100218BB0197060
S21401C9300125C1F3C402CFB2A65C01F0070205FAD5
S21401C94002F2164207D01A7802F128066E44013226
S21401C95006F8287C1A7001312529EAD11A7828B1FF
S21401C9606946981D1BF0DBFF0BB0F0BD002AFBD01B
S21401C97005330126C0F3C405C1B2675D00F00705A3
S21401C98006FA05F52F4208D1B1FBF2F502FB1511A7
S21401C9900AAD55FA81F111F8281C03F8011F013080
S21401C9A02528E7D1E0E700BFB8310020034B002877
S21401C9B018BF03460B449879704700BFB831002072
S21401C9C082EA12421FFA82FC8CEA010393FAA3F36D
S21401C9D01BBA9BB203EB031363449BB293FAA3F314
S21401C9E01BBA9BB203EB031363449BB293FAA3F304
S21401C9F01BBA9BB203EB03136344154A8CEA030C80
S21401CA001FFA8CFCA2FB0C23ACEB030203EB5203D4
S21401CA105B0903EBC30100B503EB81030D4AACEBE5
S21401CA200303002818BF0246C3F3C401114403F0F0
S21401CA30070ED8B24978012303FA0EF3194201BF53
S21401CA4013780CFB03F302EB134290795DF804FBB9
S21401CA504D91CFBAB8310020064B074A1A60074BF2
S21401CA60074A1A60074B084A1A60084B084A1A60B8
S21401CA7001207047F0200020F73E0300EC20002044
S21401CA802F3F0300E8200020F53E0300E4200020AD
S21401CA90313F03000528044B08BF03200622013856
S21401CAA002FB0030704700BF62A60300014B986D81
S21401CAB080B27047005008400A4B586800F070601A
S21401CAC0B0F1106F0CD008D8B0F1E06F08D0B0F11B
S21401CAD0006F14BF002001207047B0F1406FF8E7E7
S21401CAE00120704700400840431C07B5014606D0A8
S21401CAF00023CDE90033034A034813F074F803B06A
S21401CB005DF804FBDD3F0300D026002070B50E461D
S21401CB101546044610B302F05DFD08B3236813F40E
S21401CB20807F114B1CBF01221A70104A1B781460BB
S21401CB300F4A16600F4A15601BB902F041FD02F05C
S21401CB4015FD11F03FFC02F0CFFB0B4B0B4819789B
S21401CB5002F0D6FBBDE8704002F020B9212070BD7E
S21401CB6040F20440FBE700BFE4310020BC25002072
S21401CB70B8250020B425002083320020DDE3020022
S21401CB802DE9F04186B011F0F1FB974B974D1A78DD
S21401CB909749112011F01AFA2B685A685423B2FBF0
S21401CBA0F3F2002392B25121184611F0A5F904467A
S21401CBB0002840F00A8111F063FA12F0F4FF0446EF
S21401CBC012F0F3FF844240F2CF8012F0ECFF81B204
S21401CBD000230122102011F08FF90446002840F0AE
S21401CBE0F480844B1968844B186808F01FFC00F029
S21401CBF05FF90446002840F0E8802B681C7F002C73
S21401CC0000F0B580102C28BF10241CF08DF9621C92
S21401CC1081B20023D2B2082011F06EF90446002832
S21401CC2040F0D380754A76490A2011F099F80446F7
S21401CC30002840F0CA8010F019FF04AA0221322011
S21401CC4000F00CFA28B9BDF810104FF0FF301BF0B9
S21401CC5069F86E460023324606212C208DF80630F0
S21401CC6000F0FCF958B9304617F065FF08B13028D6
S21401CC707FD13C2000F010FA2C2000F00DFA9DF830
S21401CC800630190740F1868096E80300ADF80C10CF
S21401CC90090C02908DF80E109DF8063013F0280F3F
S21401CCA007D1DDE90201ADF80410090C00908DF8FA
S21401CCB006102B681869002840F081802B68586997
S21401CCC000F03CF92B6893F82220D20700F181800E
S21401CCD013F019F802A902460746286817F082F9E8
S21401CCE00446002871D109F0E1FC12F051FF044618
S21401CCF000286AD1012000F0D1FC424B18681CF0D4
S21401CD00EFFC0446002860D118F07DFC044602F0D2
S21401CD1023FF804617F0E4FF41460246204616F000
S21401CD209DF80446002850D12B681B689B050CD43F
S21401CD30B7F5FA7F09D913F0C5FC01210746084665
S21401CD4012F0E3FF384613F0C1FC2B689A692E4BAC
S21401CD501A6017F091F92D4B1860304600F036FD39
S21401CD602B4810F0F7FF30E012F01FFF2FE70424E6
S21401CD704BE704AA01213C2000F070F940B99DF868
S21401CD801030012B14BF492372238DF8063076E745
S21401CD904923FAE7F5F7A8FBCDE90401030C8DF862
S21401CDA00A30BDF81530ADF80B309DF817308DF808
S21401CDB00D304923ADF808008DF80E306CE717F0FA
S21401CDC003FE044600283FF479AF204606B0BDE8CE
S21401CDD0F08193F8230018F000F900283FF478AFAB
S21401CDE040F20C44F1E700BF83320020BC2500204E
S21401CDF0DDE302001C280020202800207D400300DF
S21401CE0079400300B8250020F4260020F0260020F3
S21401CE10E9CA01000248002203211CF02AB800BF1B
S21401CE2088270020F8B5114817F0E0FFE0B917F0A1
S21401CE3023F90F4D0D4E286006F10C07286817F0F0
S21401CE402EFE10F04FFE0446304617F0CBFF10B909
S21401CE5038461CF01DF902F007FB08B9002CEDD18D
S21401CE60BDE8F84017F03BBFF8BD00BF980C0020A6
S21401CE70F026002008B5054B1B782BB917F094F85F
S21401CE80B0FA80F0400908BD0020FCE7E33100203D
S21401CE9010B5054C01232370044B1B6803B198475A
S21401CEA00023237010BD00BFE3310020F4260020CC
S21401CEB00D4B98420DD8023B984210D870B1023BF8
S21401CEC098420ED020F0704020F4604000F590604B
S21401CED07047064B9842F5D140F21C40704721201E
S21401CEE0704740F21B4070470AE000F00BE000F08C
S21401CEF0024B4FF080525A60704700BF00ED00E0D1
S21401CF00044A002352E8000F42E800310029F9D113
S21401CF10FBF7CCBDFC260020064A52E8003F03433F
S21401CF2042E800310029F8D1034B1B6803B11847CA
S21401CF30704700BFFC260020F8260020034B00287F
S21401CF4014BF02461A46024B1A607047F1CE010022
S21401CF50F826002037B51C68E10705D517F092FDC5
S21401CF60164917481BF08DFFA20723D501F01EFBBB
S21401CF70D0B9144D019013F0ACFB044628461CF0C2
S21401CF80A5F80190204613F0AAFB019890B14379C9
S21401CF909B070CD401A802211CF07AF9019801F034
S21401CFA0F5FA17F01EFDE6E717F01BFDDEE701F0C8
S21401CFB0E1FAF6E7002003B030BD00BFAC0C00205C
S21401CFC0882700200027002008B5054810F05AFDE4
S21401CFD0044B1870BDE80840012110F063BD00BF86
S21401CFE0BC0C0020E531002038B5044648B113F0EA
S21401CFF070FB2146054608481CF031F9284613F017
S21401D0006EFB064B022193F9000010F04BFDBDE8C4
S21401D0103840FFF73DBF00BF00270020E531002064
S21401D020F8B50C4B0C4F04460E4638681968154681
S21401D03008F0FCF9FFF73CFF50B9386833462A463A
S21401D04044F4802108F008FCBDE8F840FFF730BF43
S21401D050F8BD00BF1C28002020280020F8B50C4B86
S21401D0600C4F04460E4638681968154608F0DEF976
S21401D070FFF71EFF50B9386833462A4644F480212C
S21401D08008F0FAFBBDE8F840FFF712BFF8BD00BF95
S21401D0901C2800202028002038B50A4B0A4D1968A4
S21401D0A00446286808F0C2F9FFF702FF40B928686D
S21401D0B044F480211AF021FDBDE83840FFF7F8BEA0
S21401D0C038BD00BF1C280020202800202DE9F04391
S21401D0D0134B0E461968134B8DB005461868174654
S21401D0E008F0A4F980B9009733460A2202A9284617
S21401D0F008F0F6FB0DF1080904464FF00008444518
S21401D10005D1002CEFD120460DB0BDE8F08359F8CB
S21401D110041B28461AF0F1FC08F10108EFE700BFEE
S21401D1201C28002020280020F8B50C4B0C4F064682
S21401D1300C463868196808F079F9FFF7B9FE054614
S21401D14048B9E24316FA82F2386842F4802246F47D
S21401D1508021FFF7BBFF2846F8BD00BF1C28002032
S21401D16020280020034B00221A609A80FF229A7121
S21401D170704700BF08320020064A1379834207D958
S21401D180126801238340134214BF01200020704718
S21401D1900020704704270020054A03461068002235
S21401D1A008B91A607047C10748BF01324008F7E75F
S21401D1B004270020014B1879704700BF0427002080
S21401D1C0102A2DE9FF4706460F46154623D8DFF8F5
S21401D1D04C80DFF84CA000244FF00109D8F800205D
S21401D1E009FA04F3134213D046EA042040EA0A007F
S21401D1F06A46E9B280B2FFF731FF48B92A46394696
S21401D20068461BF048FB18B960B204B0BDE8F08769
S21401D2100134202CE2D14FF0FF30F6E7042700203E
S21401D2200080FFFF2DE9F3411D4E0546014606220B
S21401D23030461BF030FB20B996F9060002B0BDE877
S21401D240F0810024EF1CA0462046FFF795FFD8B1D9
S21401D2503B88CDF800806946ADF80330E0B2BB7874
S21401D2608DF8053019F0CDFD21280DD0A8B903227F
S21401D270294668461BF00FFB30B92B683360AB8834
S21401D280B38060B2B071D9E70134202CDCD12B68B1
S21401D2903360AB88B380FF23B3714FF0FF30CDE727
S21401D2A008320020034B93F90630013301D1FFF712
S21401D2B059BF704708320020F7B5044617F034FD11
S21401D2C0631C39D117F044FC4FF400410846FFF7C0
S21401D2D049FFFFF729FF4B4B4B48002521462022EB
S21401D2E01D601BF002FB284602F0DCF9474D0446A0
S21401D2F0FF267CB93720FFF7CFFE424A0C2143F6C2
S21401D300FF70FFF78DFE404A20213820FFF788FE88
S21401D310002017E094F97530013305D02B7843B916
S21401D3201321204618F071F9204602F0BBF9044695
S21401D330DFE784F87560F7E72046FFF71DFF18B9A9
S21401D34040F2064003B0F0BD6B460622002120469F
S21401D35016F0C6FE00283CD0492368468DF80630F4
S21401D36017F0FAFB2A484FF47F4140EA04200840B0
S21401D370FFF7DAFE2349E3B201229A400B6823EA5B
S21401D38002030B60234B93F90630A34201D1FFF74A
S21401D390E9FE0B791C4A0020013B0546C1B29942C1
S21401D3A021DBFF260020D65402F07CF9174F0546F4
S21401D3B0002DA2D095F97530A34205D13B78EBB983
S21401D3C01321284618F021F9284602F06BF9054684
S21401D3D0EEE76B4606220121204616F081FE002864
S21401D3E0C0D07223B9E75656A64200D025B15518CB
S21401D3F095F90150555401250130CFE785F8756040
S21401D400E2E700BF04270020E8310020E6310020D3
S21401D4100080FFFF083200202DE9FF41354C06460B
S21401D42001A8FFF7B9FE2379019A93421ED86279C3
S21401D430012A40D100274FF0FF383D4610E023680F
S21401D440EB40D9070BD5082202AB114668B216F09D
S21401D45047FE20B1039B43453CBF2F469846013506
S21401D46023799D42EBD378B2FFF726FF236813F0AA
S21401D470010529D0002501220135202D18D002FAF8
S21401D48005F71F42F8D13B432360A368194A0133CD
S21401D49073610C2143F6FF70A360FFF7C1FDA8B1CD
S21401D4A0236823EA07032360A368013BA360736133
S21401D4B04FF0FF3519E0022AFAD10F4A134413F947
S21401D4C0010D421CFBD0CFE70127DCE722790A4C8D
S21401D4D0013AD2B22146601C1BF0EDF96DB222462C
S21401D4E0202138202570FFF79BFD284604B0BDE8B3
S21401D4F0F08100BF04270020E8310020F0B54A4C37
S21401D50089B0002501AA04213F202570FFF7A6FD5A
S21401D51000B101952570454C019E22460C2143F62B
S21401D520FF70FFF79BFDC0B10D23A380019B256013
S21401D530032BA56011D803AD2A46142143F6FF70CC
S21401D540FFF78CFD48B995E8070084E807002246F6
S21401D5500C2143F6FF70FFF763FD019B042B06D0F9
S21401D56004210DEB01023F200191FFF759FD304ADE
S21401D57020213820FFF772FD28B12D4820224FF0D8
S21401D580FF311BF0B2F9237903225B00B3FBF2F300
S21401D590284A1370FFF7E6FD002523799D420DD337
S21401D5A0012E06D83D20FFF777FD002523799D4201
S21401D5B015D317F0D3FA002009B0F0BD2368EB406D
S21401D5C0DB070AD56FB2082203AB1146384616F0C0
S21401D5D087FD10B93846FFF76FFE0135DDE72846AF
S21401D5E0FFF7CAFDF0B16EB202AB04220C21304641
S21401D5F016F076FD04280AD1029BC3F300238DF8AA
S21401D6000C30012203AB0C21304616F03BFD002303
S21401D610CDE90333CDE90533102203AB0D213046A6
S21401D62016F030FD0135C1E7E63100200427002061
S21401D630E8310020E7310020F8B5114B044618798F
S21401D640104B00221D46D1B2884205D913F9017B41
S21401D650A74202F1010604D10B4B1B788B4202D97B
S21401D660F8BD3246EFE70749481C1BF024F92C7039
S21401D670BDE8F840034A20213820FFF7D1BC00BF9F
S21401D68004270020E8310020E73100200149024844
S21401D6901BF0F7BBCC0C0020882700200A4B102279
S21401D6A0DA8228216422C3E906124FF6FF721A8431
S21401D6B002225A60002283F82B200F2283F82D00C5
S21401D6C083F82C20704700BF1027002038B502F0E1
S21401D6D095FD40B9094B1A6893F82A10243203467F
S21401D6E04824994200DC38BD04FB03F55559ED0684
S21401D6F001D40133F5E70120F5E700BF102700202C
S21401D70038B5104C94F82B30D3B1626812F001058D
S21401D71016D104F1080004F06BF8FFF7D7FF78B1D3
S21401D72094F82C3008484EF6602253434FF4827129
S21401D7302A4610F039FB18B9636843F001036360A9
S21401D74038BD00BF102700208827002022F00042A5
S21401D750052A10B50DD0B2F5827F13D0032A06D163
S21401D760114A536823F00203536002F04FFD002074
S21401D77010BD0D4A1B88118D9942F8D100231385DF
S21401D7800120F5E7084B5A6893F82B4022F0010276
S21401D790012C5A60F4D102F08DFAFFF7B1FF204652
S21401D7A002F07EFDECE700BF10270020004870471E
S21401D7B01F270020044890F82B1000F10F020830B4
S21401D7C0012918BF1046704710270020F0B482794F
S21401D7D012F0280F034626D0144A0168C2F80F102B
S21401D7E08188A2F813108179517592F82A60116820
S21401D7F00025AE4207DC5368F0BC43F00403032067
S21401D800536002F04DBD4C6A14F4404F08D11868BD
S21401D81008609F889879887144F008048F804C626C
S21401D82001354831E5E72120F0BC7047102700207C
S21401D8304379024A9B09D05C704700BF94A6030057
S21401D8400B6810B503608B888380FF2A044602D1DB
S21401D8500723A37109E0032A08D8054B9B5C837153
S21401D860072B02D1FFF7E4FFA07110BD0023F0E7FC
S21401D87098A603008379024A03F00703D05C704739
S21401D8808CA6030010B582798B79094C02F0070249
S21401D89003F00703A25CE35C9A4206D106221AF063
S21401D8A0FAFFB0FA80F0400910BD0020FCE700BF87
S21401D8B084A603007FB5134B03930E460546044624
S21401D8C0A0B117F0AAFF78B900223146204618F019
S21401D8D0D9F8022807D10123009303AA042331466D
S21401D8E0204616F0D4FC0DB104B070BD204617F0EA
S21401D8F063FF04460028F7D017F08FFF0028F5D104
S21401D900E2E700BF0100FFFF2DE9F04F97B0834625
S21401D910099117F0C8FE099883790C33C518C45CC1
S21401D9201BF03BFC1E2C099F064624D8012C26D949
S21401D930C54BE340DA0722D5384697F806801BF038
S21401D9402CFCBBF80A2083B29A4228D214F00102BA
S21401D95040F0A18004F07F03522B00F09C801E2C27
S21401D96000F09980099B009321460423584617F03E
S21401D970D9FB21240CE004F07F03522BDCD0214696
S21401D980009706230022584617F0CCFB41F20614F6
S21401D990584617F08DFE204617B0BDE8F08F474475
S21401D9A0013B3A7B1E2A9BB242D8012ACED9023AC3
S21401D9B01C2ACBD801A151F822F000BF4DDA010094
S21401D9C04DD9010051DA01004DD9010047DA0100B5
S21401D9D04DD901003DDA01004DD901004DDA0100B3
S21401D9E04DD9010051DA01004DD9010055DA010087
S21401D9F04DD901003DDA01004DD9010083DA01005D
S21401DA004DD901004DD901004DD9010087DA010039
S21401DA104DD901008BDA01004DD901004DD9010025
S21401DA204DD901004DD901004DD901008FDA010011
S21401DA30522A26D0D22A89D10D2B05E0062B0FD0EB
S21401DA40142B83D10CE0052B80D909E0022BF8E7D3
S21401DA50042BF6E7032B7FF679AFDB073FF576AFAE
S21401DA60022C00F0F380DBF800309B689F0516D48B
S21401DA700BF144001BF00CFB099BCBF8443000244F
S21401DA8086E7012BE0E7032BDEE7012BD9E7002B26
S21401DA907FF45CAFE4E709A81BF0FAFA69E71E2CED
S21401DAA0584600F0928317F0B8FE0746002840F06B
S21401DAB08280584617F0ACFE00287CD004F07F0325
S21401DAC0522B00F0BC80082C68D1B6B2152E14BFBC
S21401DAD002201020691D17F086FE00285ED0DBF8B4
S21401DAE01430D80749BF23F0010343F00103CBF8F4
S21401DAF0143039465CBFCBF814300121584617F074
S21401DB00A3FE09980D9017F07BFAB0F80180B0F8E3
S21401DB10039004460D981BF040FB152814BF022500
S21401DB20102505342146284603F072F82146039055
S21401DB30284617F058FE0490B8F1000F00F0448113
S21401DB40C84500F241810D9A0221092017F07BFA9F
S21401DB50BBF80A70023FBFB282463E4640464FF0CF
S21401DB60FF35039A494618F03FF90446002800F0AD
S21401DB706D8117F00CFF002800F0858101222146F7
S21401DB80584617F0AEFF03468DF82E00002800F029
S21401DB9020810D9A009222460821A4E0DBF8143079
S21401DBA013F001063CD023F00103CBF8143000211A
S21401DBB0584617F049FE1E2C63D8032C66D9231F3E
S21401DBC0142B63D801A252F823F000BFA1DE010096
S21401DBD08DDC01008DDF01008DDC010003DB01001F
S21401DBE08DDC010073E001008DDC010091E0010095
S21401DBF08DDC0100A7E001008DDC010099DC01004D
S21401DC008DDC01009BE101008DDC01008DDC010053
S21401DC108DDC0100B7E101008DDC0100C1E10100EE
S21401DC2043F00103CBF814300121584617F00CFEDF
S21401DC300096122332462146584617F073FA09A871
S21401DC401BF026FA1BE700BF54554541099D934C2E
S21401DC50284617F0D5F92188B0F801602A465846BB
S21401DC6017F075FA2388BBF80A10B34228BF33466B
S21401DC70172BB8BF1723ABF80A30584617F0FFFC2E
S21401DC80FDE6522C00F09082D22CD8D0099B00934E
S21401DC9000220623214626E0099F384617F0B0F9F0
S21401DCA00546B0F80180B0F803A038461BF075FAB7
S21401DCB0152805F105010CBF2046022002F0A8FF39
S21401DCC0B5F8053004900793B8F1000F07D0D0459A
S21401DCD005D818F0E0F950B90097102301E0009735
S21401DCE0012342461021584617F01CFAC7E63A4669
S21401DCF00221112017F0A7F9BBF80A3003939E1EE4
S21401DD00063B9BB20590B6B244464FF0FF350893EA
S21401DD10049A5146204618F067F8814668B3079A78
S21401DD20514618F0AEF80446484617F030FE40B9A2
S21401DD304FF6FF739C4201D00134A4B25445E7D993
S21401DD401BE04FF00003ADF834300DAA0CAB49468A
S21401DD50584617F063FF039ABDF834300690053A2B
S21401DD609A42089AD8BF1346002DADF8343009DB25
S21401DD709D4202D1EB1CB34208DB691C1CD1009703
S21401DD800A23AEE7351F9D42A8BF1D46042211A9EE
S21401DD903846ADF84490ADF846401BF03CFC069979
S21401DDA02A4638461BF037FC043E4FF6FF73761BB7
S21401DDB09C42B6B2C0D1E0E7059B04355D7039469A
S21401DDC0584601F063FD5AE60D9B00930123424637
S21401DDD0E2E6049B13B1204617F0BDFD204617F07E
S21401DDE0EEFDD8B1002D54DC0DA81BF051F9082327
S21401DDF058468BF81C3050F80C2B92F870208DF892
S21401DE0044208DF8483011AA002340F20251ADF8A3
S21401DE104640ADF84A301BF070F830E6ADF84400E5
S21401DE200DF12E0311AA2146584617F0F7FEBDF84C
S21401DE3044300590BB4228BF3B46002DADF8443028
S21401DE400ADBAB4202D16B1CB34209DB6A1C0D9B99
S21401DE501FD100930A23BAE7B51E9D42A8BF1D46EF
S21401DE6002220CA90D98ADF830401BF0D4FB0599A1
S21401DE700D982A461BF0CFFB023E4FF6FF73761B2A
S21401DE809C42B6B2E2D0601C80B28145BFF469AE56
S21401DE90DCE702350D998AF8015091E74010002021
S21401DEA0DDF82490484617F0ABF8B0F80180B0F8DA
S21401DEB003300493B8F1000F41D098453FD84A4645
S21401DEC00221052017F0BFF8BBF80A400590023C76
S21401DED04FF6FF77A4B24546BA462946584618F08B
S21401DEE05EF85045064649D04FF40062294658462A
S21401DEF017F0F7FD00283CD1304618F0E8F8002866
S21401DF000CBF02231023574503931ED0304618F04A
S21401DF10DEF80690384618F0DAF8069B834203D1FD
S21401DF20039B0133A34211DB384618F0D0F8059B5A
S21401DF30013058701946584617F0DDF89FE5CDF8C0
S21401DF400090012342460421CDE637460DF14601F5
S21401DF503046ADF8445002F0B1FE039B11A99A1C5D
S21401DF6048461BF058FB039B023CE41A5545A4B2F5
S21401DF70DAD0049B0135ADB2AB42AED24FF6FF7399
S21401DF809F42D1D1CDF800900A23DBE7DDF824903B
S21401DF90484617F035F8B0F803A0B0F80530B0F8E9
S21401DFA001600393074648461BF0F7F8C51FADB25C
S21401DFB00024102D0C9458D82A46F91D0DA81AF0E5
S21401DFC0AEFC002E53D0564551D84A4601210720B3
S21401DFD017F039F8A046074633460A249A450493B3
S21401DFE007D9BBF80A00394617F010F80328049B36
S21401DFF004D8B8F1000F1AD039469CE7ADF8443082
S21401E000039BADF848300DAB13930BAA0DF12E030D
S21401E01011A95846ADF846A0ADF8505017F05DFF6F
S21401E0200A280446E5D0BDF82C3030B11E46CDF89E
S21401E030009023463246062155E6ADF83030BDF84D
S21401E0402E30ADF832300CAA0423BBF80A0039464C
S21401E05016F0E7FFBDF82E304FF6FF729342CBD095
S21401E06001339BB24FF00108B8E70424DFE701242F
S21401E070DDE7099C0A238BF81C30204616F0C0FF0A
S21401E08023460022B0F80110584616F0D0F9F6E4FF
S21401E090099C204616F0B4FF0C238BF81C30B0F810
S21401E0A003202346EEE7DDF82480404616F0A8FF5D
S21401E0B0054640461BF071F80023441EBBF80AA033
S21401E0C08DF8343061D014F001075ED1204610F08F
S21401E0D085F9064600285ED00AF1FF332246691C00
S21401E0E003931AF01CFC424601210F2016F0ABFFE9
S21401E0F0B1460490002C04DC304610F08DF90499EA
S21401E10019E739F8025B01222946584617F0E9FC5F
S21401E110023C8DF8340068B9284617F05AFB10B156
S21401E120284617F018FC284617F049FC60B18023F2
S21401E1308DF83430304610F06FF99DF83430CDF854
S21401E14000802A460E21CEE50DAB294611AA584677
S21401E15017F064FD9DF834300146002BEAD1039B8D
S21401E160BDF84420DB1B9A42C2BF0AF1FF33DB1B1A
S21401E170ADF84430BDF8442040461BF04CFABDF8DB
S21401E18044309842B8D31F44B4E7042300258DF8E1
S21401E19034302E46CEE71123F8E7099AB5F8011078
S21401E1A0584616F0E2F96AE4099AB5F8011058469D
S21401E1B016F036FA63E40999584616F070FA5EE4EA
S21401E1C06978584616F0D6FA39E516F0F3FA36E5C8
S21401E1D07FB5174A1368064623F0080342F6052062
S21401E1E0136017F03CFE054650B1684602F002FC8B
S21401E1F0002017F0E1FA044620B92946FFF75AFB3A
S21401E20004B070BD102204F1210168461AF043FBE8
S21401E21038B10121204617F017FB636923F001038B
S21401E22063611EB13146204617F0EAFE2046E0E75C
S21401E230F427002007B5837801916A46082104482F
S21401E2408DF800301AF059FE03B05DF804FB00BFEC
S21401E25088270020054B0022C3E90322C3E90522D3
S21401E2601A70DA614FF6FF725A84704764270020ED
S21401E270014B1860704700BF602700200D4B827865
S21401E28013B55A60B0F8032091B2102910D040F6A9
S21401E2900344A1420CD041795B8C8DF80210ADF895
S21401E2A004200548ADF800306A4605211AF025FE1F
S21401E2B002B010BD642700208827002073B583793B
S21401E2C001900C33C418C35C132B0ED8042B10D941
S21401E2D0053B0E2B0DD8DFE803F01E0C0C1E0C0CB4
S21401E2E00C0C0C161A0C0C0C2300302B13D03E2BE6
S21401E2F01BD0FAF74DF9019B834202D001A81AF010
S21401E300C7FE02B070BD2046FFF7B8FFF1E70F4B1E
S21401E310E2785A60EDE701A9204602F0A3F8E8E7A3
S21401E32001A9204616F0DFFCE3E7094E0025019B14
S21401E3303BB156F8043B01A92046013598470E2DFE
S21401E340F5D101A81AF0A4FED3E700BF6427002088
S21401E3509CA6030007B500F013F920B103B05DF8E1
S21401E36004EBFFF7ABBF00F017F9019018B1054BAE
S21401E3701B681BB1984703B05DF804FB01A81AF0AF
S21401E38087FEF8E760270020024610B1022804D075
S21401E3907047034803211AF06CBDFFF7DBBF00BFCF
S21401E3A088270020024B1A78024B53F82230184770
S21401E3B064270020D4A6030010B504460120FFF709
S21401E3C0F1FF034B1C70BDE810400020FFF7EABFC9
S21401E3D06427002010B50621044642F2050016F017
S21401E3E006FB2368C0F80330A388A0F80730064868
S21401E3F0FAF7F0F816F03FFB407920B116F03BFB38
S21401E400407940F4805010BD9D26030010B50621CA
S21401E41004464FF6284016F0EAFA2368C0F803309F
S21401E420A388A0F807300648FAF7D4F816F023FBBD
S21401E430407920B116F01FFB407940F4805010BDA2
S21401E440C986010038B505460C4669B9022142F273
S21401E4501B0016F0CCFAB5F86E30A0F803300D4864
S21401E460BDE83840FAF7B6B8122142F21A0016F0A3
S21401E470BEFAB5F86E30A0F803302146053004F137
S21401E480100351F8042B40F8042B9942F9D10248A5
S21401E490E6E700BFE72803002329030001481AF036
S21401E4A015BE00BF742700202DE9F3410D46B0F8D4
S21401E4B06E10019240F6FF73994205D101A81AF039
S21401E4C0E7FD02B0BDE8F0811146134601229BBB71
S21401E4D01E481AF0C4FEFFF7E1FF04460028F0D0FC
S21401E4E01AF05BFE6379A66803F001086FF3000378
S21401E4F007466371042120461AF093FF4379817918
S21401E500B6F86E208660044668F300030C3143714A
S21401E510DB436254084403F00103C2F3032242EAD8
S21401E52003124270478022463046294616F0E0FB29
S21401E5302046FAF75FF8CEE75C79986024F003048A
S21401E54014435C7100221B68C1E700BF74270020DA
S21401E55070B5074C0546206800B970BD8368AB42AC
S21401E56004D106680FF0CAFD2660F4E70446F2E718
S21401E57074270020014601481AF071BE7827002052
S21401E58001481AF0A3BD00BF7827002001460148C4
S21401E5901AF065BE70270020034BD86818B103F146
S21401E5A00C001AF093BD704764270020044BDA680C
S21401E5B022B95869003818BF0120704701207047FA
S21401E5C0642700200138C0B20A289ABF014B185CA4
S21401E5D000207047DCA6030007B506481AF076FD52
S21401E5E0042101900DEB01001AF052FE019803B0D0
S21401E5F05DF804FB8C270020F7B5186810F00200C0
S21401E60003D0164E316811B9012003B0F0BD0024C5
S21401E610042223460DEB020001941AF02FFDBDF8EB
S21401E6200630DB0702D4FFF7D7FF04460C4F002560
S21401E63057F8043B23B1BDF804002146984748B17A
S21401E6403368002BE0D0074B022193F900000FF04E
S21401E65029FAD9E70135062DEAD1F1E78C27002002
S21401E660902700200F32002010B509480FF00AFA53
S21401E670084B09491870002420200C600FF088FD13
S21401E680064BC3E90044C3E90244C3E9044410BD90
S21401E690DC0C00200F3200208C2700209027002061
S21401E6A013B5C37A0093B0F80930D0F80520D0F836
S21401E6B00110007801F050FC0446034800F0E2FE29
S21401E6C0848002B010BD00BF2002040337B5FF23CB
S21401E6D00DF107008DF8073001F0ACFC0446044844
S21401E6E09DF8075000F0CEFE8480857103B030BDE2
S21401E6F02003040138B54B795B0705460C460CD45C
S21401E70014212046054A16F0F4FA2179204616F01F
S21401E710A3FB10B9A3791C44257438BD04A70300D4
S21401E7208378132B10B50C4608D1054B1B6803B133
S21401E73098472046BDE810401AF0AABC10BD00BF9D
S21401E740A827002010B500210446007816F00BFA21
S21401E75048B16178207816F088FE0446034800F038
S21401E76091FE848010BD0224F8E700BF2002560106
S21401E77010B54178007801F02DFC0446024800F0FF
S21401E78081FE848010BD00BF200256022DE9F74F9E
S21401E790B0F802C00C9F9DF934A0DDF838B01CF02B
S21401E7A0100F06461C4633D05FFA8CF51CF0080F96
S21401E7B0184614BF05F0080505F00F0516F041FFD1
S21401E7C08146384616F03DFF96F90F300193804694
S21401E7D05A4613487678042116F0D2FB019BA0B165
S21401E7E005712268C0F80520A288A0F8092080F8E3
S21401E7F00B9080F80CA0437386733B68C0F80F300B
S21401E800BB88A0F8133080F8158003B0BDE8F08F00
S21401E810CDE90DAB0C9703B0BDE8F04F16F050BA3A
S21401E82040A7030010B50021421D0379044608469F
S21401E8301AF01EFF024648B16188208815F050FE86
S21401E8400446034800F01EFE848010BD1A24F8E733
S21401E85020020A0213B50446007816F0A7FF70B12D
S21401E8600023CDE90033E278B4F8011015F0F1FF8A
S21401E8700446044800F006FE848002B010BD25243C
S21401E880F7E700BF20020A0473B5B0F80140C67866
S21401E890051D007816F08AFF60B1214600962B46CA
S21401E8A0002215F0B3FF0446034800F0EBFD848018
S21401E8B002B070BD2524F7E720020A0F08B54FF015
S21401E8C0FF30FEF7F9FC074B074A18684FF4802122
S21401E8D0FEF7FCFB054800F0D5FD002303714371EC
S21401E8E008BD00BF20280020FFFF040020020D0104
S21401E8F010B581783829024609D832F8030BFEF79D
S21401E9008FFB0446034800F0BDFD848010BD4924FA
S21401E910F8E700BF20020D02F7B5174B174F1D6829
S21401E92000230093164B06461968386806F07EFDEC
S21401E930FEF7BEFA0735044688B9318838686B4653
S21401E94001AA41F4802106F0B9FF80B90099FD299A
S21401E95010D830882A46C9B2FEF780FB04460099D3
S21401E96008482A4600F0DAFD848003B0F0BD40F284
S21401E9701C44F4E71A24F2E7D027002020280020C0
S21401E9801C28002020030D0310B50088FEF784FB29
S21401E9900446024800F076FD848010BD20020D0476
S21401E9A008B5064906481AF06CFA064906481AF0F0
S21401E9B068FA06480FF0E0FC002008BDF40C0020C1
S21401E9C0B0270020040D0020AC270020EC0C00200E
S21401E9D0014816F007BA00BF980C002030B5114B5D
S21401E9E0994285B00D46144619D193000FD503A957
S21401E9F002A80FF06DFA0823E1B20193039B00937E
S21401EA000022029B41F0005128461AF01DFA0648E2
S21401EA1016F080FA00B10471012005B030BD002067
S21401EA20FBE700BFAC270020C8A7030022F0004286
S21401EA30B2F1A04F08B504D1034816F06BFA0120D5
S21401EA4008BD0020FCE700BFCCA7030070B5FFF7A8
S21401EA50BFFF90B1FEF7AAFE002604462046FEF749
S21401EA6009FF0546064800F00DFD86802268C0F8BD
S21401EA700620A2884281057370BD024C0226EDE78E
S21401EA8020090115A4A703000A4B10B50020187130
S21401EA9000F008FE04463CB901F01CFCBDE810403D
S21401EAA0054906481AF011BA204616F0B2FD646808
S21401EAB0F1E700BFE62F0020140D00208827002074
S21401EAC070B5002000F0EEFD084D0446012604B99D
S21401EAD070BD94F8723033B12E7116F0FEF8132122
S21401EAE0204616F092FD6468F1E700BFE62F00208D
S21401EAF038B50A4C00232360A3800368236020787E
S21401EB0016F07FFD054630B9054806491AF0B9F9F1
S21401EB10608801F0F5FB284638BD00BFE62F0020CF
S21401EB2088270020140D002022F00042B2F5887FCD
S21401EB302DE9F0471C4600F0E2800ED840F20313A0
S21401EB409A423CD040F209139A4200F0C2800E2A43
S21401EB5000F0B3800020BDE8F08740F207239A4218
S21401EB604AD0B2F5037F59D040F206239A42F1D13A
S21401EB7020684C30FEF77EFE2568A48895F8736001
S21401EB8095F870A095F9759095F8768007466048D7
S21401EB9016F0C0F90028DDD0EB6C4360B5F85030B4
S21401EBA00381731E5E425E418772C67280F80CA0B6
S21401EBB080F80D9080F80E80A0F80F40CAE7207804
S21401EBC000F062FD0028C5D0524894F80090B4F8D1
S21401EBD00280A788E688257A648916F09BF90028C2
S21401EBE0B8D080F80490A0F80580A0F80770A0F8C7
S21401EBF00960C5728481ADE7207800F045FD0028E4
S21401EC00A8D060782578FFF7DDFC0446424816F068
S21401EC1081F900289ED0057144719BE7A578012DE6
S21401EC201DD0022D2BD0C5B9E37894F8008094F955
S21401EC3004706679394894F90640023BDBB2022B30
S21401EC409ABF374AD55C012516F064F928B180F8D9
S21401EC50048045718771C671047201207BE7E378F1
S21401EC6094F8008094F9047066792E4894F9064069
S21401EC70023BDBB2022B9CBF294AD55CE4E7E37872
S21401EC80294894F80180277894F90490667994F9D4
S21401EC900640023BDBB2022B96BF214A0125D55C1A
S21401ECA016F038F90028D8D0A0F804808771C5710D
S21401ECB080F8089046728472CFE723461B4813F803
S21401ECC0014B0822002116F036F90028C5D0047140
S21401ECD0C3E7174894F800806788A688E5882489E2
S21401ECE016F018F90028B8D080F80480A0F805704E
S21401ECF0A0F80760A0F80950A0F80B40ADE70D4852
S21401ED001C7816F007F900283FF424AF047121E7B8
S21401ED1014A8030010A8030008A8030000A8030015
S21401ED20D0A70300FCA7030004A80300F8A703006C
S21401ED30F4A703000CA8030010B5007800F0A4FCAB
S21401ED4040B1132116F061FC0446034800F09AFB1B
S21401ED50848010BD2524F8E72002060570B5144608
S21401ED6006460C4A20460D46142115F0C2FF2179AD
S21401ED70204616F071F858B9A3790C331C44064B9B
S21401ED80A6711B79A5801BB1BDE8704015F0A6BF22
S21401ED9070BD00BFF0A70300E62F0020024B1A68E3
S21401EDA0024B00205A607047B4250020980C0020C2
S21401EDB010B5FDF7E5FE044630B9044815F0E8FF46
S21401EDC0044608B9FEF726F8204610BD980C002028
S21401EDD073B522F000421C4640F20A639A4208D8F4
S21401EDE0B2F5C06F08D8042A49D00D2A4FD0032A9D
S21401EDF01ED0002002B070BD6FF4C0631A44092A09
S21401EE00F7D801A353F822F0F3EE0100A1EE0100BA
S21401EE10C5EE0100D5EE0100EBEE0100F3ED0100B9
S21401EE200BEF010021EF010041EF01008FEF010020
S21401EE3001A8F3F73BFB5748BDF8044016F06AF803
S21401EE400028D6D000234371C3714372C372037383
S21401EE5043738373C3732623072283746FF04803B7
S21401EE600271C37401226FF040038271027203754E
S21401EE706FF00B025123827204824375B9E746484C
S21401EE80246816F047F80028B3D08480B1E72346FB
S21401EE90042253F8044B4148002116F04CF8F2E7DF
S21401EEA0207800F0F1FB0028A3D03D48267894F99D
S21401EEB00150A47816F02EF800289AD006714571F4
S21401EEC0847196E72478374816F024F8002890D005
S21401EED004718EE725783448646816F01BF800281C
S21401EEE087D00571C0F8054083E725782F48646808
S21401EEF0F3E72F482578646816F00CF800283FF4ED
S21401EF0078AF0571A0F8054073E72A48257864684C
S21401EF1016F000F800283FF46CAF0571447168E7FD
S21401EF206378254824780D2B96BF244A0125D55CA5
S21401EF3015F0F0FF00283FF45CAF0471457158E707
S21401EF4063781F4826780D2B98BF1C4A4FF00001A6
S21401EF5098BFD55C6368A27888BF012515F0EBFFE2
S21401EF6008B1067145716378012B3FF642AF8DF803
S21401EF7004301348247801AB0122002115F0DBFF91
S21401EF8000283FF436AF01230471437131E724783A
S21401EF900C4899E758A8030050A8030054A803009A
S21401EFA03CA8030044A8030048A8030040A80300A7
S21401EFB038A8030034A8030030A8030018A80300EB
S21401EFC02CA8030028A8030002481422002119F0E7
S21401EFD08CBC00BFB427002070B51C4C054611F050
S21401EFE078FB63795B0706460ED414212046184A3F
S21401EFF015F07FFE2179204615F02EFF20B1304610
S21401F000BDE8704011F06BBBA3790C3323442DB9D6
S21401F0101A79FF2AF3D001321A71F0E7012D05D1D2
S21401F0205A79FF2AEBD001325A71E8E7022D05D151
S21401F0309A79FF2AE3D001329A71E0E7032DDED1F7
S21401F040DA79FF2A1CBF0132DA71D8E7B42700202B
S21401F0504CA803000428024B28BF0020185C704708
S21401F0605CA8030038B50546084800F087F9044651
S21401F07048B900F0D9F904461DB1054B1B689B79C8
S21401F0802B7000F0E9F9204638BD00BF68A80300E0
S21401F090D02700202DE9F84380460D489DF82090A2
S21401F0A00F4616461D4600F069F978B9094B1C68EB
S21401F0B084F80480C4F80570C4F80960A4F80D50FB
S21401F0C084F80F90BDE8F84315F097BEBDE8F883C5
S21401F0D060A80300D427002038B5054606480C462C
S21401F0E000F04CF938B9054B1B681D715C71BDE821
S21401F0F0384015F082BE38BD78A80300D42700201A
S21401F10038B5054606480C4600F038F938B9054BBF
S21401F1101B681D715C71BDE8384015F06EBE38BDC8
S21401F12070A80300D427002010B50446054800F057
S21401F13025F930B9044B1B681C71BDE8104015F069
S21401F1405CBE10BD80A80300D427002010B513466E
S21401F15004460A460648012100F020F930B9054B5D
S21401F1601B689C80BDE8104015F047BE10BD00BF6F
S21401F170A0A80300D42700202DE9F04180461148BD
S21401F1800F4616461D4600F0F9F80446A8B90E4B80
S21401F1901B68A3F8048000F047F90C4B0446196875
S21401F1A00EB18A79326035B18A79BA4208D8073108
S21401F1B0284619F0B4FB00F04FF92046BDE8F0816F
S21401F1C01D24F8E798A80300D4270020D0270020A4
S21401F1D010B50446054800F0D1F830B9044B1B6859
S21401F1E09C80BDE8104015F008BE10BD90A8030035
S21401F1F0D427002008B5044800F0C0F818B9BDE8C7
S21401F200084015F0FABD08BD88A8030038B50546C4
S21401F2100C460748012100F0C1F838B9054B1B68B8
S21401F2209D80DC80BDE8384015F0E7BD38BD00BFE5
S21401F230B8A80300D427002070B5064608480D4636
S21401F240144600F09BF848B9064B1B681E71A3F8DC
S21401F2500550DC71BDE8704015F0CFBD70BD00BF34
S21401F260B0A80300D427002038B505460C46074849
S21401F270012100F093F840B9054B1B681D71A3F8F6
S21401F2800540BDE8384015F0B8BD38BDA8A8030054
S21401F290D427002070B505460B480E4600F06EF8E0
S21401F2A0044678B900F0C0F8084B04461B6825B13F
S21401F2B0D3F806202A605A89AA800EB11B7B3370C8
S21401F2C000F0CAF8204670BDC0A80300D027002071
S21401F2D0044A0346106810B102789A4200D170477A
S21401F2E00069F8E7CC27002008B515F04FFDFFF7B9
S21401F2F06BFE024B00221A6008BD00BFCC2700201F
S21401F30038B5104D104A044628461AF00BFA4FF449
S21401F3108270A0470D4B01461860287818B14FF44B
S21401F32082721AF002FA4FF48270A047084B014627
S21401F3301860287828B1BDE838404FF482721AF078
S21401F340F4B938BD10320020C8A80300D427002025
S21401F350D0270020084A136833B94178036141F089
S21401F3600101417010607047197802789142FAD015
S21401F37003F110021B69EFE7CC27002010B5044605
S21401F38018F02AFA28B9034B22681C60024B1B6846
S21401F3901A6010BDC8270020D42700202DE9F84F99
S21401F3A004684FEA042A98460AF4E06AC4F307237D
S21401F3B04AEA030A0AEB0209B9F5807F83460F463B
S21401F3C0154603D91D263046BDE8F88F18F004FA15
S21401F3D006460028F7D1124B24F47F44C3F800B048
S21401F3E024F0C7040F4B44EA19244FEA09291B6885
S21401F3F01FFA89F944EA090443F8044B53442A46A0
S21401F4004146184619F08BFA012F04D1FF2DD9D8A1
S21401F41000F8015CD7E7022F08BF20F8025CD2E7AC
S21401F420C8270020D427002008B5074B1A68074BC9
S21401F43052F8040B1968064B49681B689847054B38
S21401F4401B68988808BD00BFD4270020C827002065
S21401F450240D0020D0270020024B00221A6018F04D
S21401F460BDB900BFC8270020054B186808B1C3689E
S21401F4701BB1003818BF012070470069F6E700BFCE
S21401F480CC27002010B5034C23681860FDF700FD5B
S21401F490206810BDD0270020F8B504460D46014669
S21401F4A00020174615F073FCF2F72EF9194E78BBBB
S21401F4B0194B1B681C603368187058709870D870A8
S21401F4C0204615F03EFC18B165B94368220E2BB9EB
S21401F4D00F250DE05979914204D008331D68002D9F
S21401F4E0F8D1F5E73846A84733681B684BB90125BC
S21401F4F024F47F4020F0C70040F40070FFF7C2FFFD
S21401F50085803268012052F8041B15F040FCF8BDD6
S21401F5101425EDE7D0270020D4270020F8B50502F2
S21401F520C0F3072305F4E0651D430F4B1B680E4629
S21401F5300433691E04465E5400F038075818114615
S21401F5402AB10130904202D0324619F0B4F9240CA7
S21401F550240435443C4344EA15242D02A8B2204332
S21401F560BDE8F840FFF78EBFD0270020094B802268
S21401F57083F8012383F8042383F8052383F80623FD
S21401F58083F8072383F8082383F81D23A02283F832
S21401F590222C704700E100E04FF000531860BFF3E3
S21401F5A04F8F0549054BCA6802F4E0621343CB60EE
S21401F5B0BFF34F8F00BFFDE700ED00E00400FA0542
S21401F5C0034AD2F8B03043F05403C2F8B030704763
S21401F5D000400E40054BD3F8E80010F480501CBFE5
S21401F5E0D3F8EC0000F00100704700BF0081E00F87
S21401F5F01C4A136870B504460D466BB393F87D102C
S21401F600586811F0040129D110608C22184693F82D
S21401F610706019F06AF980F870602268C0F85A20A4
S21401F620A288A0F85E20A27980F8602003462868A8
S21401F630D864AA79A98883F85220FF2283F8752016
S21401F64083F8762040F6FF72A3F86E20064AA3F8E8
S21401F6505010116859601360184670BD1A1D034694
S21401F660CBE700BFDC270020D8270020054A034649
S21401F670106800B97047B0F86E209A42FAD0406818
S21401F680F7E700BFD8270020054A0346106800B9EF
S21401F690704790F870209A42FAD04068F7E700BFAA
S21401F6A0D827002010B9024B186870474068704789
S21401F6B0D8270020114A00232DE9F0418C21136040
S21401F6C08046024601200EF017FC044620B90C4E77
S21401F6D005463060A84502D82046BDE8F0810120E5
S21401F6E00EF088FC07468C220021013519F0FDF842
S21401F6F087F8705037603E1DECE700BFD827002022
S21401F700DC27002010B501238B4090F8711021EA08
S21401F710030149B2044680F87110002949D115F059
S21401F720E6FA204617F098FB102104F1180019F0AC
S21401F730C2FF2046FEF70CFF04F1380019F0A8FCC2
S21401F740204617F0EEFA214A13681BB19C4259680D
S21401F75030D11160A36859050BD51A0509D443F4B5
S21401F7600063A18994F87000A36004F17802FFF7A2
S21401F770F5FA00236360204619F0ABFB15F03AFC5E
S21401F78094F870304FF48072B2FBF0F242430344B7
S21401F790B3FBF2F102FB1133DBB2591EC9B2FD29EC
S21401F7A0F5D884F8703000236360094B1A6852B9A3
S21401F7B01C6010BD1A465B68002BCBD09C42F9D169
S21401F7C063685360C6E7131D5268F0E7D827002028
S21401F7D0DC27002010B5084C206830B9074BBDE87F
S21401F7E01040186001200EF0D5BB436890F87110E8
S21401F7F02360FFF787FFEFE7D8270020DC270020EC
S21401F80090F8743003F00B03013BDBB20A2B9ABF6E
S21401F810014AD05C00207047D6A803001FB50146F8
S21401F82090F870308DF80430FFF7EAFFB1F86230D7
S21401F830ADF80630B1F86430ADF80A30B1F866308C
S21401F8408DF80C00ADF8083001AAB1F86C30054807
S21401F850ADF80E3040F2031119F04FFB05B05DF81C
S21401F86004FB00BF8827002007B590F870308DF89C
S21401F870051001AA40F2072103488DF8043019F05B
S21401F8803CFB03B05DF804FB8827002038B50A4B23
S21401F8901B6804460D462BB143699B0702D515F03C
S21401F8A00CFF30B120682A460421BDE8384017F025
S21401F8B0E6B9A3699D6138BDE0270020014B1860B9
S21401F8C0704700BFE0270020024B1868003818BFB9
S21401F8D001207047E027002013B50446019120B9A6
S21401F8E001A819F0D5FB212012E008460029FAD01C
S21401F8F019F053FC80B20028F2D0094B01991B681D
S21401F90020464BB1984728B901992046FDF7FCFFE0
S21401F91002B010BD0020FBE716F0F0FBF3E700BFD6
S21401F920E027002038B5436A5904044615D4134A23
S21401F93092F82B20012A03F400430FD1826A920425
S21401F9400CD4002B01460CBF5320142014F0FDFBF1
S21401F95018B9636A43F00803636238BD002BFCD113
S21401F960074D20462946FDF78DFF0028F5D128686A
S21401F970AA88AB792060A280A371EAE7102700204D
S21401F9801F2700202DE9F041164D85F82A0038B3CF
S21401F99000EBC000C1000023012204200EF0ACFAE7
S21401F9A0044650B904200EF025FB48272860A046DF
S21401F9B095F82A30A34203DC00242046BDE8F081F6
S21401F9C02E6807FB046614220021C6F8188006F18B
S21401F9D0340018F08AFF304615F089FC0134E7E759
S21401F9E02860E9E710270020074B93F82A20824277
S21401F9F081BF1B6800EBC00003EBC003586A8CBFD5
S21401FA0000F00100002070471027002008B50146CD
S21401FA10FFF7EAFF40B1054B1B6801EBC10103EBA1
S21401FA20C103586AC0F3C02008BD00BF10270020DC
S21401FA302DE9F04F384A93B05168074610680FAB6E
S21401FA4003C39068354A1860146807EBC70304EBD4
S21401FA50C30412AAE37B94F82E8094F82F6002EB7D
S21401FA60430333F80C1C636ADA0447D4012641F0D9
S21401FA701001B04694F80D9094F83150C3F3404A03
S21401FA805B0348BF4AF0020A8BB289F00809B8F155
S21401FA90010F0B9304F1070BD4E90723C9F3C0093F
S21401FAA094F9324009D0B8F1020F06D0B8F1040F2C
S21401FAB014BF4FF000084FF00308012E05D0022EA8
S21401FAC003D0042E14BF002603263846CDE90C23A6
S21401FAD0FFF79CFF0121CDE90760CDE90051CDE993
S21401FAE00548CDE903BADDE90C230B99CDF808905A
S21401FAF0384601F021FB13B0BDE8F08FA26A9506E7
S21401FB0048BF41F02001500648BF41F04001DA03EA
S21401FB1048BF41F00401ADE7E2A80300102700202A
S21401FB2070B50C4B93F82A601C6800218E4202DCEB
S21401FB30FF25284670BDCDB22846FFF755FF28B1F0
S21401FB40E37B012B02D1636ADB06F2D40131483430
S21401FB50ECE700BF10270020014B93F82A007047FE
S21401FB601027002070B504461546FFF73DFFB8B1D3
S21401FB700E4A136804EBC40403EBC403E6005B6A95
S21401FB8013F010040FD0C3F300330B701368334423
S21401FB90DB7B5A1E042A04D8033B18BF01232B70B3
S21401FBA070BD0023FBE72046FAE700BF10270020C0
S21401FBB03F4A70B5146800EBC00304EBC304064665
S21401FBC0636A5B0704D500231A46194601F096FBC3
S21401FBD0636A9D0706D53046FFF72AFF636A23F05E
S21401FBE002036362636A18070CD5A2792146C2F341
S21401FBF0C002304601F020FB0546E8B9636A23F0EF
S21401FC0008036362304615F027FD0546A0B9626A0F
S21401FC10D10611D5D30404D5304614F094FA40B178
S21401FC201BE01206E37B09D4E37B626A023B012BED
S21401FC3015D9616A48071FD4284670BD03F0FB0337
S21401FC40012BF6D02169304601F01CFB636A256161
S21401FC5023F0800363620028E6D00546ECE7D3056F
S21401FC60E7D56169304601F02BFB00236361636AC7
S21401FC7023F480736362D2E7E37BA28D012B03D169
S21401FC80A2B1802A28BF802211F0400F94F83030AC
S21401FC904FF0010118BF0123304601F02FFB002869
S21401FCA0DBD1636A23F004036362C5E74022EBE716
S21401FCB0102700202DE9F041114D0024482795F822
S21401FCC02A30A34201DCBDE8F081E6B23046FFF7F8
S21401FCD08BFE98B1286807FB04F84044436ADA06AD
S21401FCE00CD55B040AD4FFF71DFE2B68434430464F
S21401FCF05A6A42F006025A62FFF75AFF0134DEE7FB
S21401FD00102700202DE9F04FDFF84892D9F800407F
S21401FD1000EBC00304EBC30404F1100A89B080466B
S21401FD2050460E46174619F0B3F904F11403184667
S21401FD30029319F0ADF9002019F06FFB0546002873
S21401FD4000F00381012F40F2726718BF1F27012EB2
S21401FD50A6735CD0022E0CBF062604260221284676
S21401FD6015F0E9FA0121284615F0E5FA314628464C
S21401FD7015F0E1FA284619F010FA86B2B91B0123EC
S21401FD8000930A2242F6072389B2284615F023FB80
S21401FD900644B6B2B91B04230093122242F604238A
S21401FDA089B2284615F017FB0644B6B2BB1B012BD9
S21401FDB0069503932DDC002399F82B20002A00F0EA
S21401FDC0A480504619F064F9636A256143F0800205
S21401FDD06262DB0400F1AB8099F82B00002840F04A
S21401FDE0A68019F01AFB0790002800F0A08039467B
S21401FDF015F0ACFA002800F0A4800298079D19F0CF
S21401FE0047F9636A656143F4807363628FE0052690
S21401FE10A4E7002019F001FB07900028CBD0BB1EF9
S21401FE209B1B02211FFA83FB00F0E2FF8345064677
S21401FE3011D22BF001018AB2411A07A8049219F0D7
S21401FE404EFA049A164602223EB90798F0B907A858
S21401FE5019F01EF9AFE70322F6E7711C0698049223
S21401FE60C9B215F068FA049A0698114615F063FAB5
S21401FE70079906A819F0ADFA002019F0CEFA0790F6
S21401FE80002836D0ABEB06031FFA83FB5B46022B3A
S21401FE9038BF02239A1E92B20F2A31D9102104923A
S21401FEA000F0A6FF049A824203461FD222F00F01F9
S21401FEB08AB29346411A07A819F011FA5B46062240
S21401FEC0591C06980493C9B2059215F034FA059A9E
S21401FED00698114615F02FFA079906A819F079FA2F
S21401FEE0049BB21C13449BB23EB965E740B107229E
S21401FEF0E6E707A819F0CCF8334602339BB25BE776
S21401FF0007A819F0C5F83346EEE7039AD11A89B265
S21401FF10284615F01BFA0646504619F0B9F8636AEA
S21401FF20256143F080026262002E3FF452AF606AA0
S21401FF3010F010000AD0404609B0BDE8F04FFFF7B8
S21401FF4037BE07A819F0A4F8F1E71A2009B0BDE8F2
S21401FF50F08F00BF1027002070B5054614461E46D8
S21401FF60FFF742FD30B3144B186805EBC50500EBEF
S21401FF70C500426A93050BD4A1F120054FF6DF7345
S21401FF809D4217D8A4F120059D4213D8A14211D84D
S21401FF90C3698B4202D1036AA34204D0C0E90714A5
S21401FFA042F0020242629DF8103080F830308685B9
S21401FFB0002070BD2120FCE710270020044A1168AC
S21401FFC000EBC00301EBC301CA7B15F05DBA00BFAD
S21401FFD010270020F8B505460C46FFF705FD28B3A7
S21401FFE0052923D8124E336805EBC50203EBC2037D
S21401FFF0D700186919F0D1F81F2817D833683B4481
S214020000586919F0CAF81F2810D8012C0ED0231FE1
S214020010012B0BD93168394422464B6A23F48253AA
S2140200204B622846BDE8F84015F02EBA2120F8BDEE
S2140200301027002070B50546114890F82A4003683C
S2140200400022944201DC1A2016E0596ACE0714D424
S21402005093F83960760710D40A4CD0F80F00A688B9
S214020060186041F00901A0799871D4B29E80596255
S2140200702046FFF7DDFC2C7070BD01324833E0E706
S214020080102700201F27002070B5FFF749FDFF2824
S214020090044615D00B4D03B2286803EBC30300EBEE
S2140200A0C300DE00436A23F01003436215F015F91D
S2140200B02968314420463431BDE87040FEF71ABB49
S2140200C070BD00BF102700208378122B2DE9F04167
S2140200D00F464BD10B689A790C321344DD781E79A1
S2140200E00DB145F480553046FFF77EFC48B3DFF885
S2140200F08080D8F8002006EBC604E10002EBC404B8
S214020100636A23F01003636205BBA369A56140F22C
S214020110032083F87660A3F872005058A188A2796B
S214020120C3F85A00A3F85E1083F8602008F12E0187
S214020130184600F009F92222294608F12E0018F086
S214020140D4FB3846BDE8F04118F0A2BF204615F0B1
S214020150C4F8636A5A0603D523F040036362F0E7E5
S21402016004F134013046FEF7C5FAEAE7BDE8F0814D
S2140201701027002073B5144D144C6A68236802F0E9
S214020180800103F002030B431BD0530654BFA67A2A
S2140201900126FDF70FFB0196837983F00803C3F36C
S2140201A0C0030093E388A288217A607A00F080FF79
S2140201B040B9236823F0020323606B6823F08003B0
S2140201C06B60002002B070BD10270020E4270020DC
S2140201D0064B0121A3F108020020C3E9000043F800
S2140201E0081C4FF01013536051727047EC27002022
S2140201F0014B187B704700BFE4270020024BD87AD9
S214020200003818BF01207047E427002070B5224E40
S214020210716811F002013AD1204D2B68580706D5B5
S214020220084600F06BFF2B6823F004032B602B6854
S214020230726803F0080302F00402134310D0FDF7BD
S214020240B9FA83791A071FD5FEF7E0F80446C8B94B
S2140202502B6823F008032B60736823F00403736093
S214020260FFF788FF044668B9EB7A5BB12B685B0739
S21402027008D40121084600F041FF50B92B6843F02C
S21402028004032B60204670BDFEF7A4F8DEE71124B7
S214020290F8E70446F6E700BF10270020E427002010
S2140202A0032805D10A4A136843F00803136008E0DE
S2140202B0012808D1064BDA7A42B11A6842F00802DF
S2140202C01A60FFF7A3BF10F0FD0FEBD000207047B7
S2140202D0E4270020094B10B500205862FFF7E2F928
S2140202E004461CB9BDE81040FFF774BA204641F236
S2140202F0160115F003F96468F3E700BF1027002023
S214020300A0F11B03E02B10B5044618D8042142F2D4
S214020310240014F06CFB6FF06F0343714223837169
S214020320A0F803400748F8F755F914F0A4FB407903
S21402033020B114F0A0FB407940F4805010BD21207B
S214020340FCE700BF852A030037B50D46044615F0C4
S214020350FCF86988204614F042FE6A7E2B7E43EA49
S2140203600223A4F862306A7F2B7F43EA0223A4F8B2
S2140203706430EA7EAB7E43EA0223A4F866301B238F
S214020380A4F86C302D4BDA8B1B8CA4F86A3002234F
S21402039084F87230A4F86820204614F0A7FC2046A1
S2140203A016F035FD94F87330022B15D101F0F8F8EB
S2140203B070B194F9753001330AD1A368052143F46C
S2140203C080532046A36003B0BDE8304015F01DB947
S2140203D00021204614F006FE0021204600F00CFA0A
S2140203E0288C4FF6FF73984225D000F0A5F90094AA
S2140203F000F090F96A46ADF8040040F20621104873
S21402040018F07BFD002240F20221204618F031FD52
S2140204102046FFF703FA204616F005FD204600F0B8
S2140204201BFEA36823F48043A3600121204615F037
S214020430F4F803B030BD0020D9E700BF1027002033
S2140204408827002007B54FF4887190F8703004486A
S2140204508DF8043001AA18F050FD03B05DF804FBD5
S214020460882700202DE9FF410378302B04460E46EC
S21402047039D006D8052B25D0082B41D004B0BDE8CC
S214020480F0813E2BFAD183780C2B4BD8022BF5D970
S214020490033B092BF2D801A252F823F035050200DD
S2140204A09B0602007D0402007D0402003306020061
S2140204B07D0402007D0402007D0402007D04020029
S2140204C087060200B0F80300FFF7D0F828B161797A
S2140204D009B141F4805115F011F8304604B0BDE878
S2140204E0F04118F0D5BDB0F80300FFF7BFF80028BA
S2140204F0F3D0A17809B141F4805115F058F8ECE731
S214020500B0F80300FFF7B2F80028E6D0627990F858
S214020510743022B143F0010380F87430E9E703F047
S214020520FE03F9E7212B00F0CD80292B1FD0202BCC
S214020530D3D0A3E78088FFF799F80028CDD0E278D9
S214020540002ACAD1E179A27942EA0122A0F8622001
S214020550E17AA27A42EA0122A0F86420227A617A3B
S21402056042EA0122A0F86620FFF758F9B5E7C778F5
S2140205703C2F00F1020502D1FFF786FDADE790F8A9
S2140205800680B8F1000F23D15E4A546AC2F824806E
S214020590CFB147F480572946204614F0D6FFE760CD
S2140205A084F8728001AA40F201212046CDE9014773
S2140205B018F0A3FCA36843F48063A3604146204678
S2140205C0FFF7A0F889E729462046FFF7BDFE84E735
S2140205D0408C4FF6FF73984220D000F0ADF8E8B199
S2140205E001A8E27904F10801FDF72AF901A814F03E
S2140205F0FFFF28B140F20322A0F872202946E4E762
S214020600032140F2064014F0F2F9A388A0F8033062
S2140206100D2343713C48F7F7DDFF5EE73B4B223480
S21402062055F8042B43F8042BA542F9D12A881A80E0
S21402063053E7B0F80300FFF719F800283FF44DAF70
S214020640B4F8053090F87020A0F86C308DF80420CD
S214020650ADF80630227AE37943EA0223ADF8083091
S214020660A27A637A43EA0223ADF80A30227BE37A5F
S21402067043EA0223ADF80C3001AA40F209112448DD
S21402068018F03BFC29E78088FEF7F0FF00283FF4CD
S21402069024AFA179FFF7E8F81FE78088FEF7E6FFA8
S2140206A000283FF41AAF90F870308DF80430D4F872
S2140206B00630CDF80530D4F80A30CDF8093001AA54
S2140206C00E21DCE78088FEF7D1FF00283FF405AF55
S2140206D090F870308DF80430E3788DF80530A37901
S2140206E08DF80630E3798DF80730237A8DF80830D6
S2140206F0637A8DF80930A37A8DF80A3001AA4FF48E
S2140207000371BCE710270020692903003E2700205A
S2140207108827002050B1074B1B68C31A807A0C2228
S214020720B3FBF2F340EA032080B270474FF6FF7045
S214020730704700BF280D002009490B7A0968024657
S214020740FF2B01D10020704703EB430301EB83002C
S21402075031F82330C3F30B039342F4D0C37AEFE7A6
S214020760280D002008B5054B054A1978054818F0EB
S214020770D9FF054BF7221A8008BD00BF833200203E
S214020780EEA80300113200204010002010B50446E7
S21402079070B30068836CA34222D1636883641549F0
S2140207A0224618F072FB04F10C0018F092FB04F1DA
S2140207B0440018F06DFCFFF787F858B1A06948B1FD
S2140207C0143018F065FCA069183018F061FCA069B6
S2140207D00DF022FE2046BDE810400DF01DBE134669
S2140207E0002BDCD05A68A242F9D162685A60D6E77A
S2140207F010BD00BF4B570300F8B5054648200E460D
S21402080018F095FF294F0446387818B14822214639
S21402081018F08BFF8CB1FFF757F898B11C2018F030
S21402082086FF0146A061387810B11C2218F07DFFC1
S214020830A3692BB920460DF0EFFD00242046F8BD33
S21402084000221A700321284614F0CCFBAB6C6360BE
S214020850AC6417232681002663811549256022464B
S2140208602677666428460DF0BBFA04F015F9324680
S214020870014604F10C000DF0B3FA02232374FFF7CD
S21402088023F80028DAD00B4B19881729D6D9204628
S21402089014F037FC0028D1D11221204614F01AFF9A
S2140208A0636943F002036361C8E700BF11320020A8
S2140208B04B57030040100020F8B5054610B3002938
S2140208C020DB114C2468247E8C421BDD3F2919DC78
S2140208D001F0030600EBA101760091F831400327F0
S2140208E0B74002F0030224EA0704B240224381F82A
S2140208F0312013B1002114F0A7FF2846BDE8F840C6
S21402090014F0FFBFF8BD00BFFC27002070B51646E6
S21402091000221A7032800A7A0D46072A4DD8DFE87E
S21402092002F004090D111A1E304AE86830F8023B3C
S214020930338043E0EB68981D5B88F9E7EB68981D07
S2140209409B88F5E7697B1E4B14F0CBFF02221880CA
S2140209503280184632E002231A4833802EE01A4CC0
S2140209602B7B23702B88E889013363702B88013335
S2140209701B12E11CA37000F0A1F903303080204660
S2140209801CE0124CA889EB89A370020A1B0A20708D
S2140209906270E37000F006FA58B1C3681A88022A39
S2140209A007D19A782271DB78637106230748338071
S2140209B004E00423FAE780221A70002070BD00BF0C
S2140209C02B320020FEA8030018320020123200202C
S2140209D0054A064B1860136843F001031360044B84
S2140209E0828B1A80704700BFF4270020FC27002065
S2140209F0EC2F00202DE9F04F504E37688FB00023C1
S214020A0017F00807CDE90433CDE9063305460DD0C5
S214020A104B4B014603F1100253F8040B41F8040B4A
S214020A209342F9D100200FB0BDE8F08F10200DF0F0
S214020A30E1FA044600287ED00EF08DFB0220EDF788
S214020A40C7F901462046EDF7EBF900286DD1802262
S214020A5004A92046EFF73EFD002866D1B946394B79
S214020A601B68D988BAB2914219D829462046EFF7B0
S214020A7087FD2046EDF7B8F9214610200DF0DCFA86
S214020A802F4B294605F1100251F8040B43F8040BCC
S214020A909142F9D1336843F008033360C2E71A681B
S214020AA0ADF80E901FFA87FB4FEA0B1802EB0B1BF2
S214020AB05846019215F00DFB8246584600F046F95C
S214020AC020B3AAF520539BB2032B019A02D9BAF59A
S214020AD0245F1DD132F80830ADF820300DF10E0239
S214020AE059460DF10D030020ADF822A0FFF70EFFC8
S214020AF0BDF80E20014609A817F011FFBDF80E201A
S214020B0008A904322046EFF729FD70B90137A6E797
S214020B100AF55643FF339BB2042BF7D832F8083057
S214020B20ADF82030ADF822A0E8E7014640F20740D3
S214020B3000F0DAFD9DE71A2075E700BFF4270020D3
S214020B402D320020FC270020144B1B6813F00403F0
S214020B5070B5014606D0124B1C68E389002290B29B
S214020B60834209D80F4A1468E589002290B285426A
S214020B700AD84FF6FF7006E0A56835F812508D4287
S214020B8002F10102EBD170BDA66836F812608E4201
S214020B9002F10102EAD1034498B2F4E7F4270020F6
S214020BA0F8270020FC270020094B1B685B070AD5A4
S214020BB0084B1A68D389834203D9936833F8100026
S214020BC07047C01A80B2044B1B689B68F6E700BFEA
S214020BD0F4270020F8270020FC27002038B50468F8
S214020BE0094905460C22204617F055FE50B907491A
S214020BF0022204F10E0017F04EFE18B90C342C60D7
S214020C00022038BD1020FCE701A903000FA903004B
S214020C102DE9F743102801910BD0022804D04FF695
S214020C20FF7003B0BDE8F083019B1888FFF78CFFC6
S214020C30F7E701A8FFF7D2FF0228F5D01028EED179
S214020C401B4B019F1E6816F0040608D0194BD3F8FA
S214020C500080B8F816600024A5B2AE421AD8164B29
S214020C60D3F80080B8F816900025ACB24C45D6D220
S214020C70D8F81000102200EB0510394617F00BFECC
S214020C8001350028F1D1A0196FEA40406FEA5040C2
S214020C9080B2C6E7D8F81000102200EB04103946DE
S214020CA017F0F9FD01340028D6D145F40040B8E724
S214020CB0F4270020F8270020FC270020020408B5AD
S214020CC01DD5124B1B685B07C0F30E0013D5104BE5
S214020CD01A68D38A98420CD2136903EB001000F10B
S214020CE0100350F8042B41F8042B9842F9D1102037
S214020CF008BDC01A80B2074B1B681B69EDE7FFF7F9
S214020D0053FF0870000A48700220F1E7F42700201B
S214020D10F8270020FC2700200B4B1B6870B51D68C7
S214020D20044642F60306A5420AD2204629B915F021
S214020D30D0F9B04206D1103402E015F0D4F908B169
S214020D40204670BD103CEEE7FC270020437ADA0707
S214020D5002D5C3F380007047034BC2881B881A4231
S214020D6014BF012000207047EC2F00200A4B1B689E
S214020D70DB0708D570B1094B1B68DB88834234BF9A
S214020D8000200120704728B1054B1B88834294BF80
S214020D9000200120704700BFF4270020FC27002017
S214020DA0EE2F002070B50246FFF7E0FFE8B10F4BCA
S214020DB01968CD88954209D302F1805001380B6834
S214020DC0040103EB00101B5B93420ED0002398B283
S214020DD0854201D8002008E00E681C0106EB0310CD
S214020DE0345B944203F10103F1D170BDFC2700206D
S214020DF02DE9F3410025184F01900E46A8463A68A1
S214020E00D188ABB299421DD91468ABB204EB031475
S214020E10B4F90430002B1CDA2046FFF797FFC0B166
S214020E20E1680B889E4214D132460198023118F0CE
S214020E30F2FBE3681B8882B2934207D0114601A8F0
S214020E4018F04DFA404602B0BDE8F08143441FFA5E
S214020E5083F80135D3E700BFFC27002038B5124BD4
S214020E6042891B888B4228BF0B46172B0446B8BF05
S214020E7017234381114614F002FC636923F0020330
S214020E806361A3699D693DB100229A6129462046A5
S214020E90BDE83840FEF7FABC40F20941204614F09D
S214020EA016FCA3691D7038BD401000200148FEF7ED
S214020EB005BD00BFA14A020008B5002142F20E009D
S214020EC013F095FDBDE808400148F7F783BB00BF65
S214020ED0552A030038B590F87230032B044615469F
S214020EE006D1FFF7E9FF012384F87230002019E0EB
S214020EF0C9B9012B2DD9032140F2064013F077FD24
S214020F00B4F86E30A0F8033045711348F7F762FB69
S214020F1013F0B1FD8378002BE5D013F0ACFD80789A
S214020F2040F4805038BDA3B102214FF6044013F0BE
S214020F305EFDB4F86E30A0F803300848F7F74AFBB7
S214020F4013F099FD4379002BCDD013F094FD407930
S214020F50E6E70220E6E700BF692903009F290300AF
S214020F60F8B507460E4642F213000E2115461C46F9
S214020F7013F03DFDB7F86E30A0F80330BDF8183018
S214020F80A0F80B30BDF81C30A0F80D30BDF82030AC
S214020F90A0F80F30A0F80560A0F80750A0F80940A6
S214020FA00648F7F717FB13F066FD807820B113F0BA
S214020FB062FD807840F48050F8BD00BFE12903004E
S214020FC0F8B50D4607461C2142F219001C46164685
S214020FD013F00DFDB7F86E30A0F803302B68C0F89A
S214020FE005306B68C0F80930A0F80D6023460F3054
S214020FF004F1100253F8041B40F8041B9342F9D183
S2140210000648F7F7E7FA13F036FD807820B113F0BA
S21402101032FD807840F48050F8BD00BF912803006E
S21402102070B506460D4642F27A000421144613F0C5
S214021030DEFCA0F80360457184710648F7F7CAFA29
S21402104013F019FD407920B113F015FD407940F4F4
S214021050805070BDE32D030010B50221044642F213
S214021060300013F0C4FCB4F86E30A0F803300F481A
S214021070F7F7B0FA13F0FFFC437963B913F0FBFC01
S214021080C088FEF7F3FA044628B113F0F4FC017A9E
S2140210902046FEF7E9FB13F0EEFC407920B113F090
S2140210A0EAFC407940F4805010BD00BF85890100FB
S2140210B0F8B507460E4642F24100082115461C4680
S2140210C013F095FC9DF81830C3709DF81C30037120
S2140210D047718671A0F80750A0F809400648F7F74E
S2140210E079FA13F0C8FC407920B113F0C4FC4079B9
S2140210F040F48050F8BD00BF3586010038B505467D
S2140211000C4642F24200062113F071FC00234371A2
S2140211108371C3710372C57004710648F7F75AFAF1
S21402112013F0A9FC407920B113F0A5FC407940F4F5
S214021130805038BD8D8601002DE9F04106460F46E7
S21402114042F23600192115461C46DDF8248013F0BB
S2140211504EFC2B0AC371230A83729DF81830037360
S2140211609DF81C308571447243732D0C9DF8203017
S214021170C670240C87800572C4728373D8F8003058
S214021180C0F80F30B8F80430A0F813309DF82830B5
S21402119043759DF92C3083759DF83030C375002356
S2140211A003769DF8343043769DF83830C3768676DB
S2140211B00648F7F70FFA13F05EFC407920B113F0F9
S2140211C05AFC407940F48050BDE8F0812D8701003A
S2140211D038B505460C464FF61940052113F007FCB4
S2140211E0C57044600648F7F7F5F913F044FC4079F9
S2140211F020B113F040FC407940F4805038BD00BF67
S2140212003D26030038B505460C464FF61A40052122
S21402121013F0EDFBC57044600648F7F7DBF913F0F0
S2140212202AFC407920B113F026FC407940F4805025
S21402123038BD00BF6D26030070B50D460646012177
S214021240DAB1FFF7C5FF0446A8B9072142F2350016
S21402125013F0CDFBC6702B684360AB880381084849
S214021260F7F7B8F913F007FC437923B113F003FC40
S214021270447944F48054204670BDFFF7C3FFE2E78A
S214021280FD27030010B50A460446042142F2370041
S21402129013F0C2FB03230371002343718371C470EE
S2140212A00648F7F797F913F0E6FB407920B113F0FA
S2140212B0E2FB407940F4805010BD00BFF1260300E7
S2140212C010B50A460446042142F2380013F0A4FB85
S2140212D003230371002343718371C4700648F7F732
S2140212E079F913F0C8FB407920B113F0C4FB4079BA
S2140212F040F4805010BD00BF3D270300F8B50646F7
S2140213000F4642F23900062114461D4613F06FFBC3
S21402131001238471240A0371C7704671C471057271
S2140213200648F7F757F913F0A6FB407920B113F0F9
S214021330A2FB407940F48050F8BD00BF8927030025
S2140213400148FCF795BF00BF4D1302002DE9F04F90
S214021350867987B00C3605900546805BC0F30B0095
S214021360FEF784F9044618B905A817F091FE4EE078
S21402137090F87230022BF7D1AB5B059AC3F30B01E0
S21402138003F44053B3F5805F9060A95342D153797A
S2140213906FF300035371836B002BE5D0042105A87D
S2140213A004F1380617F074FF0599304617F057FF18
S2140213B0A06B002301465A1CA9BBDBB2012B01D944
S2140213C017F0BEFFA06B17F0E8FE03281FD9D4F86B
S2140213D0389099F80670484617F0DFFE0C3709EB8E
S2140213E0070539F80770A0F10408474522D9524F7D
S2140213F0D4F838A007F1100957F804BB5346424602
S21402140029462046D8474F4510D00028F4D007B0CA
S214021410BDE8F08F383017F03BFE059A537943F05B
S21402142001035371BAE709681346C4E70028EED1F0
S21402143030469AE7A06B17F0B0FE04378742F7D320
S2140214406988A1F140033F2B0BD80421304617F0E0
S2140214501FFFA26B6988204615F05BFC0023A3637E
S214021460D5E705290BD0062961D00429E0D13046FC
S21402147017F00EFFA16BA06CFEF72EFAEEE72946D8
S214021480204615F044FC02460028D1D12B79122BB7
S21402149006D0132B36D06979204615F010FCC7E724
S2140214A094F87330022BF6D029898B1F9BB240F634
S2140214B07A40834224D86A89931F9BB283421FD8FC
S2140214C091421DD8AB89B3F5FA7F19D2EF89A7F1FD
S2140214D00A0080B240F6764C604511D8B4F86A002D
S2140214E00290B4F86800CDE900702046FFF738FD98
S2140214F0021E18BF01226979204615F09CFB97E769
S2140215000122F8E794F87330012B03D1697920465B
S21402151015F0D5FBA3681A048AD523F40043A3600A
S2140215202B89012B84D12046FEF78CFF80E7A16B26
S214021530204615F06AFC91E714A903000C4B1A78B2
S21402154001469AB95B689B0710D490F97520013260
S21402155018BF012291F8523013F0400005D091F8DE
S214021560600010F0400018BFD0B270470122F1E7C9
S21402157000280020024B586800F00200704700BFA7
S21402158000280020024B586800F00800704700BF91
S21402159000280020014B1B68184700BF340D0020AE
S2140215A008B512F06DFD02281BBF034B58680020D9
S2140215B000F0100008BD00BF0028002007B5024654
S2140215C00846042802F0010113D9B1B903200C4BD6
S2140215D05A6002F08003019302F04003009302F087
S2140215E0200302F0040200F0E1F9002003B05DF8E7
S2140215F004FB0029EBD00328E9D12120F6E700BF3F
S2140216000028002038B50D490D480CF033FF04467B
S214021610054688B90B4B0C4A1A600C4A5A600C4AAB
S2140216209A600C4ADA6000F0FFF903210446284665
S214021630FFF7C4FF084B1D70204638BDEFBEADDE77
S214021640BEBAFECA340D0020A11902006F72030052
S214021650ED190200512402000028002038B5044685
S21402166003200CF0BBFE0546D0B194F87030037030
S21402167094F8753043702046FEF7C2F82A46A870E2
S21402168040F20261074817F0F4FB074B2046DB687E
S2140216900121984794F97500BDE83840FBF702BE71
S2140216A038BD00BF88270020340D002070B50546DF
S2140216B008200E460CF092FE044680B195F8703073
S2140216C00370074B466000212846DB68984722468F
S2140216D00448BDE8704040F2016117F0CABB70BD15
S2140216E0340D00208827002038B5054608200C4611
S2140216F00CF074FE024638B1C0E900540D21BDE874
S2140217003840024817F0B5BB38BD00BF8827002016
S21402171038B5054608200C460CF060FE024650B16D
S21402172095F870300370446040F20561BDE83840B9
S214021730014817F09EBB38BD8827002013B5044623
S2140217400191114612B301A904200CF0E9FE019B97
S214021750104AB3FBF2F102FB1133019345F2180271
S21402176001AB0021204615F0E5FC08200CF036FE01
S214021770024648B194F870300370019B436040F211
S2140217800461054817F075FB02B010BD01AB45F2C7
S2140217901802E8E740420F008827002010B50446EA
S2140217A001200CF01BFE024648B194F8703003701C
S2140217B0BDE81040024840F2036117F05ABB10BD64
S2140217C08827002038B5054608200C460CF006FE91
S2140217D0024650B195F870300370446040F20761DB
S2140217E0BDE83840014817F044BB38BD88270020C2
S2140217F0014B5B68184700BF340D002010B50F4C34
S2140218002068D0B10023037780F83D3080F85E3040
S21402181020219F3017F04FFF206860215F3017F0BD
S2140218204AFF206821211D3017F045FF206821213C
S214021830BDE810403E3017F03EBF10BD082800201D
S214021840F0B50D468FB00646144632492022284689
S21402185017F021F870B930492022204617F01BF8FD
S21402186040B92E4B1B681B7D002B51D040F2034023
S2140218700FB0F0BD366C202206F15401284617F050
S2140218800AF838B9202206F17401204617F003F848
S2140218900028EBD068460DF043FF06AA2B4605F15A
S2140218A02007154618685968164603C60833BB4211
S2140218B03246F7D12021284617F0EFFE202229468D
S2140218C068460CF062FF224602F120062C4610689B
S2140218D05168234603C30832B2421C46F7D1202180
S2140218E0284617F0DAFE2022294602A80CF04DFF01
S2140218F0012104A80CF019FF084B18686946C0308D
S214021900ECF742FB044668460DF039FF002CADD1D9
S2140219100020ADE7FAA90300DAA903000828002090
S21402192010B50446006C30B94FF4BE7017F0FFFED7
S214021930206420B910BD4FF4BE7117F0BCFE226CB5
S214021940FF2382F87A31A3681B0603D5054B136082
S2140219500120EFE794F87300034B0449012808BFFF
S2140219600B46F4E7FB76030045290200DD2402005D
S214021970036C53B983681B0609D490F87320054B91
S2140219800548012A08BF184670471868704703487A
S214021990704700BFDD24020045290200FB760300E3
S2140219A0014B1B68187A70470828002010B50E4CA9
S2140219B00039246818BF0121003B18BF0123A37415
S2140219C09DF808302070003A18BF0122003B18BF6D
S2140219D00123E3749DF80C302174003B18BF0123E9
S2140219E06274237510BD00BF0828002001280AD0A3
S2140219F002280ED098B90B4B1A68936943F001037C
S214021A00936100207047074B1A68936943F00203FC
S214021A10F6E7044B1A68936943F00403F0E72120C3
S214021A20704700BF0828002070B51F4D286838B9D7
S214021A304FF4907017F07BFE286058B91A2431E0F4
S214021A40C0300DF0A0FEFFF7D9FE28684FF4907163
S214021A5017F031FE2B6815484FF0FF310022D9608F
S214021A600326102119721E7011491A7783F83D2039
S214021A7083F85E201A829A749A610CF0B1F90446D1
S214021A8080B92868C0300DF059FE28683146C0304B
S214021A90ECF742FD30B122460549044817F0F5F945
S214021AA040F20744204670BD082800200C2800207B
S214021AB0D3700300F0B583685A0689B0044657D53A
S214021AC023F040038360FFF753FF584DA84202D02D
S214021AD0574B98426ED194F97560771C04F134071F
S214021AE01CD112F0CDFA02284ED0636B1A888DF8FC
S214021AF010201A46042032F8021B090A8DF811102B
S214021B00D3F80230CDF812305368CDF816300A22D8
S214021B1004A9FBF755FB0646701C35D0A368D90509
S214021B2032D42046FFF724FF854276B222D06B4697
S214021B3010220321304612F0D3FA0546102D58D152
S214021B40606B04A96A460A3015F0B1F929460646C2
S214021B50684617F0B0FD002E4BD104A92046FCF7CC
S214021B6071FC294604A817F0A6FD384615F0F7FAC8
S214021B7009B0F0BD6B4610220521304612F0B0FACD
S214021B8005460028D3D0D9E794F87430DA0702D491
S214021B90A368DB052DD5606B04F1180204A90A3090
S214021BA015F085F904A92046FCF74CFC10210DEB34
S214021BB00100D8E7636B1A88DAB91E4A904202D04F
S214021BC01D4A904215D1591C002211F8010F80B906
S214021BD00132082AF9D1226C04A902F5A67203F191
S214021BE00A0015F064F9A0B110210DEB010017F000
S214021BF062FD204641F20601FFF758FD204600210D
S214021C00FCF720FC04F1340009B0BDE8F04015F002
S214021C10A6BA04A92046FCF715FC10210DEB01001C
S214021C2017F049FD04F13400A0E700BF4529020081
S214021C30DD240200113602004544020038B504468F
S214021C400D460520022115F0C0F90246C0B183797F
S214021C50034406215D73204615F011F845F49051B1
S214021C602046FFF723FD94F87310064B064A2046DB
S214021C70012914BF11461946BDE8384015F036BA98
S214021C8038BD00BFDD240200452902002DE9F043DD
S214021C90DFF838911F46D9F8003015461A7F022A17
S214021CA08BB080460E461DD103F15F0403F17F021E
S214021CB054F8041B46F8041B9442F9D103F19F0220
S214021CC054F8041B45F8041B9442F9D1BF3354F868
S214021CD0042B47F8042B9C42F9D1B8F1000F66D1C9
S214021CE0002442E09C6914F001041BD0334B03F13C
S214021CF0200253F8041B46F8041B9342F9D1304BDA
S214021D0003F1200253F8041B45F8041B9342F9D151
S214021D102C4B03F1200253F8041B47F8041B934292
S214021D20F9D1DAE704A80DF0FBFC02A80CF076FC69
S214021D30D9F80000244B009404AA02A9C0300DF082
S214021D403DFC0446A8B104A80DF019FD02A80CF04B
S214021D506AFCB8F1000F03D008214046FFF76EFF79
S214021D60214640F20740FFF7BFFC20460BB0BDE815
S214021D70F0833146202204A80CF01DFD29462022BD
S214021D8006A80CF018FD2022394602A80CF013FD16
S214021D9004A80DF0F4FC02A80CF045FC3046202105
S214021DA017F07BFC2021284617F077FC95E70022E7
S214021DB045F21601404615F0AFF991E724A9030053
S214021DC045A9030066A90300696F030008280020DE
S214021DD02DE9F34790F87380056CB8F1010F0446BD
S214021DE004D195F86C31002B40F04F8195F878318C
S214021DF095F86D91032B00F2E880DFE803F0027E8F
S214021E00A6CB19F0010F73D01121062015F0DDF8CC
S214021E108246002800F0398186790C360644771C03
S214021E201021384615F091F9014658B1204608218E
S214021E30FFF704FF002140F2074002B0BDE8F0477A
S214021E40FFF752BCA07CC0F11002384416F04DFDDC
S214021E5095F97A013B461022052112F013F958B182
S214021E60002140F21B40FFF73FFC0821204602B04B
S214021E70BDE8F047FFF7E2BE12F002F902280FD1E2
S214021E80B8F1010F0CD004F11803113657F8042BE1
S214021E9043F8042BB742F9D1A36843F48073A360D6
S214021EA052460621204614F0EAFE0B21072015F0C2
S214021EB08CF80746002800F0E880867995F97A3192
S214021EC00C36064443F43F43A6F801300821F01CC2
S214021ED015F03BF995F97A01731C0A22042112F0D7
S214021EE0D1F80028BCD13A460621204614F0C7FE97
S214021EF095F87831013385F8783119F0020F1FD042
S214021F001121082015F061F80646002800F0BD8071
S214021F1081790144002301AA0D31FF20019315F0B7
S214021F2048F940B108212046FFF788FE019940F2A1
S214021F300740FFF7D9FB32460621204614F09FFEE3
S214021F4095F87831013385F8783119F0020F1CD0F4
S214021F500821092015F039F80746002800F0958078
S214021F6086790C360644FBF721FC837983F0080356
S214021F70C3F3C00373700368C6F802308388F38025
S214021F803A460621204614F07AFE95F87831013357
S214021F9085F8783119F0040F12D011210A2015F0B5
S214021FA014F80646002870D0807930441022AB21FF
S214021FB00D3016F09AFC32460621204614F05FFEDB
S214021FC095F87831013385F87831B8F1010F08D0E9
S214021FD0236C93F86C31002B57D195F87831042B8B
S214021FE053D1A36C95F97A01313310220B2112F0EA
S214021FF049F880B140F21B412046FFF757FB244BBD
S21402200024492046B8F1010F08BF194602B0BDE8C0
S214022010F04715F06BB8A36C95F97A0120330122CC
S2140220200C2112F02FF80028E4D1A36C95F97A015E
S214022030213310220D2112F025F80028DAD10822C9
S21402204095F97A0104F11003114612F01BF80028E4
S214022050D0D1236C93F87A2184F87520FF2283F876
S2140220607A21D3F874315B0603D404F14C0012F0E3
S21402207071FD12F005F8022802BFA36843F48073CC
S214022080A3602046FFF7EAFAB9E702B0BDE8F08798
S214022090DD240200452902002DE9F04F97B01C46C8
S2140220A0DDE92098544B229F154604AA06468C4624
S2140220B003F1100B9246186859689646AEE803007C
S2140220C008335B457246F6D16B462022614650467F
S2140220D014F062FF8346002871D1484B08936523AB
S2140220E08DF824300DF1250305F11002184655F837
S2140220F0041B43F8041B9542F9D1102117F0CDFAC0
S2140221000DF1350304F11002184654F8041B43F887
S214022110041B9442F9D1102117F0BFFA99F8063041
S21402212083F00803C3F3C0038DF84530D9F80030B6
S214022130CDF846300621B9F80430ADF84A300DF134
S214022140460017F0AAFA98F8063083F00803C3F39D
S214022150C0038DF84C30D8F80030CDF84D3006214B
S214022160B8F80430ADF851300DF14D0017F095FA7D
S21402217000238DF854300124239B8DF853403522DA
S21402218008A9684614F008FF8346C0B923981021B0
S21402219017F083FA3B46352208A968468DF8204098
S2140221A014F0FAFE834650B9B27C0146C2F1100220
S2140221B0384616F09AFB1021384617F06EFA1021B0
S2140221C0684617F078FA352108A817F074FA102135
S2140221D0504617F070FABBF1000F06D008213046C1
S2140221E0FFF72CFD17B0BDE8F08F5A4645F21201F4
S2140221F0304614F091FFF5E787A903000062746C7D
S2140222002DE9F04194B0074606A80C4698461546B6
S2140222100DF086FA02A80CF001FA0CAB04F1200CC1
S2140222201E46206861681A4603C20834644513468F
S214022230F7D12021304617F030FA2022314606A880
S2140222400CF0A3FA2A4633462035106851681C461D
S21402225003C40832AA422346F7D12021304617F09B
S2140222601CFA20220DEB020031460CF08EFA2021D9
S214022270304617F020FA01210AA80CF056FA20225E
S214022280414602A80CF081FA04A80CF0C7F9002116
S21402229004A80CF04AFA1C4B1868002301931B4B47
S2140222A0009306AA02AB04A9C030EBF7D9FD044698
S2140222B0A0B104A80CF0B7F906A80DF060FA02A8BF
S2140222C00CF0B1F9214640F20740FFF70DFA08215B
S2140222D03846FFF7B3FC14B0BDE8F0811A99202205
S2140222E004A80CF068FA04A80CF09DF906A80DF0F4
S2140222F046FA02A80CF097F9224645F2150138462E
S21402230014F00AFFE7E700BF08280020696F030001
S214022310F8B50446FFF712F9266C054628B394F979
S21402232075305F1C0BD086F87A31FFF723F9072148
S214022330012014F04AFE024618BB1A2111E020467C
S214022340FBF76AF886F87A01236C93F97A3101333F
S214022350EBD1FFF70FF990B1A3685D0709D441F2FC
S21402236005212046FFF7A2F907E0FF2386F87A3117
S214022370EFE705212046FFF761FC0020F8BD0025A7
S214022380D5E7867931490C360968831991F800C079
S21402239083F801C091F81CE0281E18BF0120BEF188
S2140223A0010F0DD183F802E0D870487C00B3D878CC
S2140223B000071DD4A3685B07DBD441F20321D0E7F4
S2140223C08F69BEF1020F07F002070ED191F85EE0A8
S2140223D0BEF1000F09D04FF0010E83F802E0D8706C
S2140223E0002FE2D140F00800DEE74FF0000EF4E7DF
S2140223F0BCF1030F07D0096911F0FF1F1EBFD97881
S21402240041F00401D97094F874108F0708D5D97872
S214022410480705D4BCF1030FCFD041F00401D970B0
S214022420002D18BF0325102119715D719D71216C55
S2140224309059C1F80600988848819B790B7320460C
S214022440062114F01CFC012098E700BF0828002093
S214022450204B1B689B6913F0040310B5044610D189
S21402246041B180F8773090F870101B48BDE81040F4
S21402247016F0E0BC90F87330012B03D1836858073E
S21402248005D410BD022B02D183685907F9D494F9FA
S214022490772094F87730002AF3DBB3B9012384F867
S2140224A0773094F877305B08EBD04FF47A72534368
S2140224B094F87010084800220BF076FC94F87730F7
S2140224C063F07F0384F87730DBE75A06E9D45B00D3
S2140224D0E5E700BF082800200C28002030B545F2AA
S2140224E01E03994289B00446154610D845F21603D3
S2140224F0994213D845F20103994200F0A18145F2B0
S2140225000C03994222D0B1F5A04F00F09F812A46D3
S214022510204609B0BDE8304000F0C2B9A1F5A0439C
S214022520173B072BF3D801A252F823F01526020018
S2140225300F2502000F2502000F250200FD270200CC
S2140225400F250200C5270200FF25020090F977300A
S214022550002B02DB8268530707D520460921FFF7C6
S2140225606DFB41F2092009B030BDAB792B44A04D7A
S2140225705B7C2D686D7C03F00801D5B121B903217F
S214022580FFF75CFB2120EEE713F0040F03F00103D4
S21402259008D042F00802826093B9A36843F0200391
S2140225A0A36013E0002BF8D0836843F01003836027
S2140225B0F3E7580744BF42F00802A260DB0703D5E0
S2140225C0A36843F01003A3600029E6D1A3688949F3
S2140225D043F00403A360224620460BF001FC0221CE
S2140225E0204612F0FFFC47F23053002245F21A0151
S2140225F020460BF0D9FBA3689D0540F18980A368AD
S214022600580740F1858094F8700009B0BDE8304064
S21402261014F08FBB90F87430D9074DD590F9753009
S214022620013342D094F9131001291DDCA2689306E7
S2140226300DD56F4B15071B6801D4187C38B1187F6F
S21402264010B91878032802D09B69980734D5012957
S2140226500AD0674B11071B6801D41A7C22B11A7F75
S21402266052BB1B78032B27D10023CDE90433CDE9D7
S214022670063311F005FD022801AB35D1A06AE16AE6
S214022680228E03C31A8094F97500BDF80450421CCA
S21402269037D011F03DFD002833D1204641F2060125
S2140226A0FFF704F841F206005DE78368DA0616D4FF
S2140226B0FEF760FF0028B5D04D4B1B68197F022934
S2140226C032D1DA7C82B393F85E306BBBA3685B07C9
S2140226D020D52046FFF7B2FA41F2022043E7FEF782
S2140226E02DFF0028E4D0E7E794F975000A220221BC
S2140226F011F0F6FC0028C6D1CDE90100ADF80C00B9
S214022700C1E704AB2A460DF106012046FEF758FC47
S214022710002028E7204641F20221FEF7C7FF0121EA
S2140227202046FFF795FED7E72046FFF7F9F8A5689B
S21402273060B96D0705D508212046FFF77FFA1A20F3
S21402274011E71A212046FEF7B1FFF8E715F0040557
S21402275008D0FEF717FFC8B194F975102046FFF7A8
S21402276031F8D5E72246234920460BF039FB0221F1
S214022770204612F037FC47F230532A4645F21A0139
S21402278020460BF011FBA3685807E2D494F9753083
S214022790591C06D048F2080040EA032080B2FAF735
S2140227A07BFC226CD2F8743143F02003C2F87431F9
S2140227B02046FFF7ADFD0028AAD00F49204614F0A8
S2140227C095FCA5E7FEF7DEFE002861D0236C002B01
S2140227D05ED0A26852075BD5D3F87431980657D4F8
S2140227E02B78002BD2D105212046FFF727FA8FE758
S2140227F00828002035710300753B020090F87430FB
S214022800D90706D4234914F071FC29462046FEF760
S2140228104DFFA3685A077FF57BAF204645F21A01A3
S21402282016F008FB20461C49224616F02EFBA3682B
S21402283023F03C03A36002212046FCF763FF67E710
S2140228400246154915480BF0CBFA61E745F21A0124
S21402285016F0F0FAA36823F03E03A360236C2BB1B4
S21402286093F97A01431C01D0FAF726FD2246204648
S214022870094916F00AFB22460749084816F005FBE6
S21402288020460221FCF73EFF204614F075FC3FE787
S214022890022068E6DD240200357103008827002046
S2140228A045F21703994210B5044641D01BD845F2AB
S2140228B00603994229D01AD821F0020140F20123D8
S2140228C0994214D190F870101A4816F0B3FA94F898
S2140228D07330012B4FF000024FF4A041204608D17E
S2140228E0FFF7FCFD03E045F21A03994204D04820A4
S2140228F00AE000F027F8FAE70F4914F0F7FB072181
S2140229002046FEF7D3FE002010BD93791A44517C70
S21402291041F49051FEF7CAFE94F87310074A084B2A
S2140229202046012914BF1146194614F0DFFBEAE7D8
S2140229300220E9E70C280020FB7603004529020066
S214022940DD24020045F21E0399422DE9F3410446B6
S214022950154611D845F21603994214D845F20103DA
S214022960994200F0378345F20203994200F09880BC
S214022970B1F5A04F00F034832A46204602B0BDE8E7
S214022980F041FFF78DBFA1F5A043173B072BF3D805
S21402299001A252F823F000BFB929020079290200E9
S2140229A07929020079290200912F02007929020072
S2140229B05B2B0200352B0200A04E33681A7F022AD8
S2140229C011D1DA7C7AB193F85E3063B941F2022112
S2140229D0FEF76CFE20460121FFF73AFD41F2022087
S2140229E002B0BDE8F081A3685D0701D50220F7E7D3
S2140229F02046FEF7A3FD33681A78051E18BF012588
S214022A00032A07D0196911F0FF1F6AB224D042F0D8
S214022A10040503E094F87420900725D49A69920777
S214022A201FD41A7F012A1CD045F0080502210B206C
S214022A3014F0CBFA0246E0B18379034406215D73B3
S214022A4094F97530013302BFA36843F00203A36012
S214022A50204614F014F90CE094F874108907D6D4C2
S214022A60DCE75B7C002BE1D041F203212046FEF737
S214022A701DFEA368724943F00403A3602246204663
S214022A800BF0AEF90221204612F0ACFA47F23053B0
S214022A90002245F21A0120460BF086F900209FE735
S214022AA083685F0703D490F97730002B05DB236C2D
S214022AB053B1D3F87431DE0606D520460921FFF756
S214022AC0BDF841F209208BE72046FEF729FF28B918
S214022AD008212046FFF7B2F8212081E7206CD0F8C3
S214022AE0743143F01003C0F87431AB790C332B44C5
S214022AF05A68C0F806201A8942819B7A0373236CAF
S214022B0001229A71A26812F0040610D122464C499C
S214022B1020460BF065F90221204612F063FA47F2CE
S214022B203053324645F21A0120460BF03DF9A368AF
S214022B309805B3D5236C002BB0D0D3F87431D906E0
S214022B40ACD594F97530013320D094F87430DA0796
S214022B501CD5A36843F00203A360236C002B3FF44A
S214022B6045AFD3F87431DA067FF540AF9F063FF5DE
S214022B703DAFFEF707FD20B3A3689E0721D42B784E
S214022B80FBB905212046FFF759F887E7FEF7FAFC5E
S214022B9094F9751040B14B1C02D1A3689F07DCD490
S214022BA02046FEF70FFE79E74E1CD6D094F8743016
S214022BB0D807D2D4084611F0ABFA0028CDD00521AA
S214022BC087E794F97530581C24D048F2080040EA8A
S214022BD0032080B2FAF760FA94F8745015F00105F3
S214022BE018D194F8750048F20B0343EA0020FAF76E
S214022BF053FA94F8750048F20C0343EA0020FAF7F9
S214022C004BFAA06C10222946313015F06EFEA36CEA
S214022C1083F82050A368256C084FAA7A23F0020393
S214022C20A360D5F8743143F02003C5F874313B68CD
S214022C301B7A934206D906214BE700BF08280020DC
S214022C403571030094F9521094F852300029A6BF49
S214022C5083F00803C3F3C00301232B7194F860309A
S214022C60102A83F0080328BF1022C3F3C0036B7137
S214022C702046A2746E7AFEF761FC002836D0F10771
S214022C8034D594F97530D4F840805A1C24D088F88C
S214022C907A3106F00D063B689A69900704D41A7FCB
S214022CA0012A01D0310701D406F0F7061A78032A62
S214022CB01FD01B6913F0FF1F01D046F0040694F8DC
S214022CC074309A071BD5730719D403212046FEF7E2
S214022CD0B5FF40F2034083E62046FAF79DFB88F8EC
S214022CE07A01236C93F97A310133D2D106F00C06BD
S214022CF0D1E71B7F002BE2D106F0FB06DFE70721B8
S214022D00022014F062F901900028E2D090F806C082
S214022D103A680CF10C0C00EB0C0113784B70137F25
S214022D20012B06D0022B46D192F85E30003B18BF2C
S214022D3001238B70CE70102316F001060B711BBF99
S214022D40EB7A2A7B4E7103F0030318BF4B71236C98
S214022D5014BF02F0030232468A7183F86D214A7963
S214022D6083F86C2150F80C20C3F80D208A88A3F84B
S214022D7011208A79DA7406B3206C90F86C1111F07F
S214022D8002061AD194F8521090F97A0181F00801DD
S214022D9004F14C030622C1F3C00111F073F960B1CD
S214022DA03146FEF7A1FC20460821FEF747FF01A8A0
S214022DB016F06EF98DE70023BBE7019E002E88D041
S214022DC0FEF7D8FB95F809C078B11CF0010F04D0C5
S214022DD0236C93F97A31013307D105212046FEF799
S214022DE02DFF30460BF08AF976E63B68597C0CF0EC
S214022DF0080229B112B12A7C100703D40321EDE799
S214022E00002A75D02A7C110772D5D5F8741141F0C4
S214022E100401C5F87411B5F86C1121F4807121F023
S214022E200101A5F86C11187F297A02280BD071B916
S214022E3042EA0C0212F0040248D185F879211B7C82
S214022E40002BDBD10DE021B993F85E209ABB02215C
S214022E50C4E7012283F83D20DA7C92BB042385F87E
S214022E60793132460621204613F009FF95F879316A
S214022E70206C042B52D13B6800F5A67003F11D02AC
S214022E802D3352F8041B40F8041B9A42F9D1D5F8A8
S214022E90743195F8792103F00401002A45D123F014
S214022EA00203C5F87431E27400294AD05B49204611
S214022EB014F01CF9F2E583F83D10DB7C002BC6D13A
S214022EC0CCE793F85E30002BC8D1C0E7EA791978D0
S214022ED05348052A28BF032201EB810101448A5C7C
S214022EE085F879211B7C002BBBD0002AB9D185E757
S214022EF01A7F012A02D12A7A002AAFD11CF0040FC7
S214022F0003D12A7C12F0040297D0EA791978454850
S214022F10052A28BF032201EB8101DFE710220021E8
S214022F2000F5A67015F0E1FCB1E743F00203C5F820
S214022F30743141B90123032AE37412D9042A7FF4B7
S214022F40ADAD3949B3E7A37C0F2B85BF94F8743037
S214022F5043F00803012384F8743088BF0223E37425
S214022F60A4E7012A07D02046304914F0BFF82046CD
S214022F70FEF714FC92E520462C4914F0B7F83B689D
S214022F80D968481C424242412046FEF7D7FB85E5F7
S214022F9090F87430D90706D4254914F0A7F82946C4
S214022FA02046FEF783FBA3685A077FF577AD45F206
S214022FB01A01204615F03EFF1E492246204615F00D
S214022FC064FFA36823F00403A36002212046FCF7F3
S214022FD099FB63E50246174917480AF001FF5DE5CB
S214022FE045F21A0115F026FFA36823F03E03A360FC
S214022FF0236C2BB193F97A01431C01D0FAF75CF9E2
S214023000224620460B4915F040FF0A490A48224646
S21402301015F03BFF204614F0AFF8D6E7613A0200FF
S21402302098A90300B1A903003D300200D13902007D
S214023030DD240200357103008827002073B545F2AF
S2140230400406B142044615460DD045F21006B142BA
S21402305022D0B1F5A04F38D113F08EFF236CD3F8EF
S2140230607431D90720D5236CD3F87421D2070BD438
S214023070AA790C3215446A1DB433153552F8041B6E
S21402308043F8041BAA42F9D1216CD1F8743113F02B
S21402309004030CD00F4904E0016CC43113F0D9FFCD
S2140230A00D49204614F022F8002002B070BD81F8C7
S2140230B078310123009301F1D40201F1C4032046C2
S2140230C001F5A67114F047FAEEE702B0BDE87040CB
S2140230D0FFF7E6BBDD30020075310200B1F5A04F06
S2140230E0F7B5044608D045F21105A94236D003B01A
S2140230F0BDE8F040FFF7D4BB006C1021D43014F0CA
S21402310024F860B108212046FEF798FD40F20740F9
S2140231100021FEF7E9FA40F2074003B0F0BD256C45
S21402312095F8796105F1C407013E022E01979FBF0B
S214023130D5F8480195F87861F04000F0010098BF94
S21402314040F08000009005F1540105F1140205F1EB
S214023150D403204614F05FFA0020DEE7016CC43187
S21402316013F077FF0249204613F0C0FFF4E700BFD2
S2140231707531020030B545F21003994285B0044617
S21402318000F0A6800CD8B1F5A04F27D045F2050373
S214023190994228D0204605B0BDE83040FFF780BBF4
S2140231A045F21103994200F0B08045F212039942AB
S2140231B0F0D1016C91F8793113B1043B012B03D89D
S2140231C0D431204613F029FF236C93F87931042B6F
S2140231D040F2DF80052B03D16F4992E013F0CCFE5C
S2140231E0002005B030BD9179036C0C310A44511DA4
S2140231F0E433153251F8040B43F8040B9142F9D12B
S214023200206CD0F8743113F0040354D090F879315E
S214023210042B22D1614B1B6893F85E5065B100F116
S2140232201402002100F5AE70009101903E33114663
S214023230204614F0F0F9D3E71021D43013F085FFBE
S21402324058B108212046FEF7F9FC40F2074029460D
S214023250FEF74AFA40F20740C3E7216C91F879314B
S21402326001F1E40213B1043B012B12D801F58A7373
S214023270039301F5A673029304F15A03019304F132
S2140232805303009301F1D403F4312046FEF704FF02
S214023290A6E701F5AE73019391F87801D1F84831AB
S2140232A0C34003F0010343F080030093134601F189
S2140232B054021431BCE780F8783100F1E40200933E
S2140232C000F5A67100F5AE73204614F044F987E7C0
S2140232D0056C102205F1B40105F5AE7015F0DBFAA7
S2140232E020B104212046FEF7A9FC79E7D5F874310F
S2140232F02B499B0742BF94F8743043F0020384F8CC
S2140233007430204613F0F2FE6AE7056C95F87931C0
S214023310042B05F5AE701ED1204B196810224E31D3
S21402332015F0B9FA0028DCD1102105F1D40013F00B
S2140233300CFF216C01F58A73039301F5A6730293C1
S21402334004F15A03019304F15303009301F1E402DA
S21402335001F1D40398E70146102205F1B40015F0F6
S2140233609AFA0028BDD105F1D401204613F055FE85
S214023370216C91F878310133DBB2142B81F8783165
S214023380D8D0D1F8743123F00103C1F8743105495D
S214023390B7E70549B5E700BFAD33020008280020AD
S2140233A0113602003D3002006534020045F2140375
S2140233B0994213B504462BD00CD8B1F5A04F13D0C2
S2140233C045F20E03994232D0204602B0BDE81040C4
S2140233D0FFF766BA45F219039942F5D1137813BB83
S2140233E00C21FEF72BFC10E013F0C6FD216C01F554
S2140233F0A273019301F1D403009301F1540201F187
S214023400E4032046143113F091FF002002B010BDF1
S214023410036CD3F84421114BB2FBF3F103FB1121E9
S214023420FEF776F9F1E70E4913F060FEEDE79179C3
S214023430036C0C310A44511D03F59273153251F890
S214023440040B43F8040B9142F9D1226CD2F8743182
S21402345043F00803C2F87431D7E700BF40420F00BA
S21402346065340200F0B545F20E06B1428DB0044650
S21402347015460ED045F21306B1425CD0B1F5A04F08
S21402348040F0BD8013F078FD236CD3F87431190731
S21402349057D5236CD3F8742112070CD4AA790C32B0
S2140234A015446A1D03F59273153552F8041B43F84A
S2140234B0041BAA42F9D1256C0023CDE90833CDE9D5
S2140234C00A3385F8783195F87931042B0DF1200C02
S2140234D02AD14D4B1B6893F83D205AB103F11D02C9
S2140234E067462D33106851683E4603C608329A4234
S2140234F03746F7D105F5AE73069304F15A030593E2
S21402350004F153030493EB7903932B7A02936B7AB9
S21402351005F1E402CDE900C305F1D40305F58A718D
S214023520204613F077FF0CE0013B022B9CBFD5F838
S21402353048310893DEE7056C95F8783123B1012B04
S21402354054D000200DB0F0BD102205F5AE7105F581
S214023550927015F0A0F920B10B212046FEF76EFB03
S214023560EFE7D5F874319B0742BF94F8743043F006
S214023570020384F87430012385F878310023CDE9FC
S2140235800833CDE90A3395F87931042B0DF1200C76
S21402359025D11D4B1B6893F85E205AB103F13E02FB
S2140235A067464E33106851683E4603C608329A4252
S2140235B03746F7D105F59A73069304F1530305933C
S2140235C004F15A030493AB7B0393EB7B02932B7CAD
S2140235D005F1D402CDE900C305F1E4039EE7013B01
S2140235E0022B9CBFD5F848310893E3E705F59A719C
S2140235F013F0F7FC0549204613F078FDA1E70DB05D
S214023600BDE8F040FFF74CB908280020113602004A
S214023610B1F5A04F70B5044615467AD045F21B06A2
S214023620B14240F0CD8090F87430DA0769D5056C67
S214023630B5F86C3123B1644913F058FD002019E047
S214023640D5F874315B074BD56B7ADE0748D52B7CF1
S214023650D80745D5A36C95F97A01313310220B2190
S21402366010F010FD38B140F21B412046FEF71EF85E
S21402367040F21B4070BDA36C206C203390F97A0197
S21402368001220C2110F0FEFC0028ECD1A36C206C69
S214023690213390F97A0110220D2110F0F3FC002854
S2140236A0E1D1206C082290F97A0104F11003114648
S2140236B010F0E8FC0028D6D104F14C0011F04AFACA
S2140236C0236C93F87A2184F87520FF2283F87A21F6
S2140236D020463E4913F00AFD2046FDF7BFFFADE740
S2140236E005F5A67304F1180205F5AE7553F8041B2A
S2140236F042F8041BAB42F9D1A36843F48073A3607B
S214023700E6E7324913F0F2FC29462046FDF7CEFFE3
S21402371094E7006CD0F8743159072AD5437ADA0751
S2140237208CD5037CDB0789D500F5A673102290F9A9
S2140237307A01032110F0A6FC48B1002140F21B409A
S214023740FDF7D2FF08212046FEF778FA90E710F040
S21402375097FC02287FF472AF206C102200F5A67345
S214023760052190F97A0110F08DFC00283FF466AF2F
S214023770E3E7D0F8D430C0F8EC30D0F8D830C0F850
S214023780F030206C00F5A6721146E43013F08FFB81
S214023790014630B120460821FEF750FA40F20740B3
S2140237A068E7236CA07C03F5A673C0F110021844E8
S2140237B015F09BF8216C2046D43113F02EFC3DE721
S2140237C0BDE87040FFF76CB8D13702004529020009
S2140237D0B1F5A04F2DE9FF410446154600F0E980F9
S2140237E0A1F5A043DE1F042E00F2EA809279066C51
S2140237F00C32083B96F86C711544032B03D8DFE8AD
S21402380003F0307987D5F9072ED56F1D6F48102241
S214023810394615F040F8002865D096F97A013B46FD
S2140238201022032110F02EFC064610F029FC022876
S21402383011D194F87330012B0DD13B4604F11802D6
S214023840153553F8041B42F8041BAB42F9D1A368A2
S21402385043F48073A3601021384615F02CFF00272E
S21402386037E017F001070ED10027226C92F86C3170
S21402387023EA070382F86C312046FEF7A9FA0020F5
S21402388004B0BDE8F08110F0FBFB02280DD0206CDE
S2140238906B4690F97A011022032110F021FC0028D1
S2140238A0E2D01021684615F006FF206C05F10508E7
S2140238B0434690F97A010A22022110F0E3FBD5F87A
S2140238C00530A362D5F80930E362B5F80D302386D9
S2140238D00646002EC9D000213046FDF705FF082116
S2140238E02046FEF7ABF920460821FEF7A7F940F27C
S2140238F00340C5E7BA07B7D5053596F97A0106211A
S2140239002B46102210F0BEFB102106462846A4E7DE
S214023910BB07A9D510F0B4FB02280DD0206C6B466D
S21402392090F97A011022062110F0DAFB00289BD0CB
S2140239301021684615F0BFFE697989B96B1D0A46E3
S21402394013F8010F60B90132062AF9D194F8521021
S214023950206C81F0080104F14C03C1F3C00107E0BA
S2140239600039206C05F106034FF0060218BF01214C
S21402397090F97A0110F086FB226CD2F8743143F08B
S2140239804003C2F874316B89ADF804306B79064691
S214023990002BD5F8060000900CBF49237223684618
S2140239A08DF80630022711F0D5F892E707F00407E3
S2140239B05BE713F0E1FA236C002283F878215BE7D9
S2140239C004B0BDE8F041FEF76BBF00BFCAA9030012
S2140239D070B545F20406B1420446134624D045F2B9
S2140239E01806B14206D0B1F5A04F32D113F0C4FA90
S2140239F0002070BD11684D1C03D10121FEF71EF98F
S214023A00F6E7026CD2F87401400743BF002182F841
S214023A1078111B68C2F84C1148BFC2F848310F49EA
S214023A20204613F063FBE3E79979026C0C310B44F2
S214023A30591DB432153351F8040B42F8040B99425F
S214023A40F9D1226CD2F8743143F00103C2F8743112
S214023A50CEE7BDE87040FEF723BF00BF3D30020050
S214023A6045F215039942F7B5044651D00CD8B1F584
S214023A70A04F19D045F20D0399421BD0204603B041
S214023A80BDE8F040FEF70CBF45F216039942F5D1A9
S214023A90016C01F1F403009301F1340201F1940385
S214023AA01431FEF7ADFB01E013F066FA0027384644
S214023AB003B0F0BD93790C331A44551D02F1250666
S214023AC032462946FDF7BCFE074620B10B212046AA
S214023AD0FEF7B4F8EBE7236C2946143351F8042BAF
S214023AE043F8042BB142F9D1236C01F1200234339E
S214023AF051F8040B43F8040B9142F9D1216C20468D
S214023B0001F1940301F174025431FEF7BFF8CDE7D8
S214023B1013F0BBFA236C93F87931052BC6D8DFE88D
S214023B2003F0190311111E1920460E4913F0DEFA8E
S214023B300D4B1B68D9684B1C5A425A412046FDF76A
S214023B40FDFDB3E72046074913F0D0FA2046FDF7FD
S214023B5025FEABE70549204613F0C8FAA6E7044956
S214023B60F9E700BFD139020008280020DD30020044
S214023B7075310200F8B545F216039942044600F084
S214023B8061810BD8B1F5A04F0ED045F203039942DE
S214023B900ED02046BDE8F840FEF782BE45F2170377
S214023BA09942F6D1022002E013F0E6F90020F8BDB1
S214023BB09379056C0C33D618F379DF0708D4FDF732
S214023BC0D9FC28B105212046FEF738F82120EEE779
S214023BD09E4F327A3B681B7A9A4201D20621F2E75E
S214023BE0D6F80530C5F80E30B6F809306B820223D7
S214023BF06B7394F9523094F85210002BA6BF81F0E2
S214023C000803C3F3C00301236B7194F8603083F09A
S214023C100803C3F3C0032B71337A102B28BF10237B
S214023C20A374F379D8072BD56B7ADA0728D5737A7B
S214023C30EA7A134085F86D31B37A2A7B134085F809
S214023C406C3195F97A3101331ED0206C90F86C31C4
S214023C509B0719D481F0080190F97A0104F14C030C
S214023C600622C1F3C00110F00DFA68B140F21B4102
S214023C702046FDF71BFDA3685907A7D50821A2E732
S214023C80002385F86D31DAE73B68F079597C00F05D
S214023C90080229B112B16A7A120703D4032192E705
S214023CA0002A79D06A7A110776D5D5F8741141F0D0
S214023CB00401C5F87411B5F86C1121F4807121F075
S214023CC00101A5F86C1193F81CC0B179BCF1020F82
S214023CD002D019B3022176E789B1012283F83D208A
S214023CE0DA7CB2B9042285F87921A27C0F2A27D978
S214023CF094F8742042F0080284F8742020E093F8C6
S214023D005E20002AE6D0DA7C83F83D10002AE1D154
S214023D10E8E793F85E20002AE4D1DBE7024312F0DC
S214023D2004023FD072794A491878052A28BF03222E
S214023D3002EB82020A44125C85F87921002AD4D169
S214023D40197C95F8792109B1002AA7D0206C042A9B
S214023D5000F5A6703AD103F11D022D3352F8041B6A
S214023D6040F8041B9A42F9D1D5F8743195F87921B6
S214023D7003F004017ABB23F00203C5F87431E2743F
S214023D8000295AD0216C204601F1940301F17402F5
S214023D905431FDF77BFF09E71A7F012A05D1B27974
S214023DA01AB1042285F87921CAE7420703D46A7A4F
S214023DB012F00402F6D0727926491878052A28BF2E
S214023DC0032202EB82020A44125CEBE71022002175
S214023DD014F08BFDC8E743F00203C5F8743149B905
S214023DE00123013AE374032A3FF6E0AEDFE802F06D
S214023DF010181025A37C0F2B85BF94F8743043F05F
S214023E000803012384F8743088BF0223E374B9E7F9
S214023E102046114913F06AF92046FDF7BFFCC5E6B5
S214023E2020460D4913F062F93B68D9684B1C5A428A
S214023E305A412046FDF782FCB8E60849204613F0B0
S214023E4055F9B3E613F021F90549F7E708280020EB
S214023E5098A90300B1A9030001480200DD4602004A
S214023E60653E020045F20D039942F7B5044627D097
S214023E700DD8B1F5A04F1DD045F20403994200F0CB
S214023E808F80204603B0BDE8F040FEF709BD45F23C
S214023E901103994200F0A68045F215039942F0D12B
S214023EA0006C90F87931052B06D8DFE803F0503A1B
S214023EB0423A555013F060F80027384603B0F0BD7A
S214023EC093790C331A44561D02F125052A463146CB
S214023ED0FDF7B6FC074620B10B212046FDF7AEFEE5
S214023EE0EBE7236C3146143351F8042B43F8042BCA
S214023EF0A942F9D1236C01F12002343351F8040BA4
S214023F0043F8040B9142F9D1216C01F1F4030093BA
S214023F1001F1340201F1940320461431FEF770F9E0
S214023F20CAE720463B4913F0E1F82046FDF736FC87
S214023F30C2E72046374913F0D9F8374B1B68D968D1
S214023F404B1C5A425A412046FDF7F8FBB4E7334968
S214023F50204613F0CBF8AFE72F4B1B6893F85E5062
S214023F6065B100F11402002100F5AE7001900091D7
S214023F703E331146204613F04EFB9DE71021E430F7
S214023F8013F0E3F800283DD008212046FDF756FE40
S214023F90294640F20740FDF7A7FB40F207478CE7A9
S214023FA09179036C0C310A44511DC433153251F811
S214023FB0040B43F8040B9142F9D1256C102205F14B
S214023FC0C40105F1B40014F066FC20B904212046B1
S214023FD0FDF734FE70E7D5F8743143F00103C5F8F7
S214023FE0743169E70C4B056C196810224E3105F5E1
S214023FF0AE7014F050FC0028E8D1102105F1E40060
S21402400013F0A3F8216C2046E43113F006F80449B5
S2140240109EE700BF0148020008280020354602003D
S21402402025400200F0B545F21003994285B00446D9
S21402403000F087800CD8B1F5A04F1CD045F20503DE
S21402404099421DD0204605B0BDE8F040FEF728BCD8
S21402405045F21103994200F08D8045F2120399420F
S214024060F0D1036C93F87931042B40F2B380052B20
S21402407003D159497BE012F07FFF002005B0F0BD66
S2140240809179036C0C310A44511DD433153251F820
S214024090040B43F8040B9142F9D1256C05F1E407B1
S2140240A005F1D40610223146384614F0F4FB20B946
S2140240B004212046FDF7C2FDDFE7D5F8743113F080
S2140240C0040332D095F87931042B13D105F58A739F
S2140240D0039305F5A673029304F15303019304F1C7
S2140240E05A0300933A46334605F1F4012046FDF79B
S2140240F0D3FFC2E705F5AE7005F1140105F15402CF
S21402410001900BB1052B06D10023009320463346BF
S21402411013F081FAB1E795F87801D5F84831C34033
S21402412003F0010343F08003EFE785F87831324667
S214024130009305F5A67105F5AE73204613F00BFA4B
S2140241409BE7056C102205F1C40105F5AE7014F06C
S214024150A2FB0028ACD1D5F8743120499B0742BF98
S21402416094F8743043F0020384F87430204612F058
S214024170BDFF82E7056C102205F1C40105F5AE709D
S21402418014F089FB002893D195F87931013B022B74
S2140241900FD895F878310133DBB2142B85F87831D5
S2140241A007D0D5F874310E4923F00103C5F87431EF
S2140241B0DCE705F58A73039305F5A673029304F10B
S2140241C05303019304F15A03009305F1E40205F147
S2140241D0D40389E70349CAE7E941020045440200DD
S2140241E0DD4602006942020073B545F21406B1428A
S2140241F004461AD045F21906B14221D0B1F5A04FB5
S21402420028D112F0B9FE216C01F5A273019301F1D7
S214024210D403009301F1140201F1E4032046543161
S21402422013F084F8002002B070BD036CD3F844216A
S2140242300B4BB2FBF3F103FB1121FDF769FAF1E731
S21402424013781BB90C21FDF7F9FCEBE7054912F0D0
S2140242504DFFE7E702B0BDE87040FEF721BB00BFA6
S21402426040420F0069420200F0B5B1F5A04F8DB092
S214024270054608D045F21304A14244D00DB0BDE86D
S214024280F040FEF70DBB046C0023CDE90833CDE900
S2140242900A3394F87931042B0DF1200C2CD11F4BE4
S2140242A01B6893F85E205AB103F13E0267464E330E
S2140242B0106851683E4603C608329A423746F7D11E
S2140242C004F59273069305F15303059305F15A0319
S2140242D00493E3790393237A0293637A04F1E40264
S2140242E0CDE900C304F58A7104F1D403284613F01D
S2140242F091F800200DB0F0BD013B022B9CBFD4F814
S21402430048310893DCE7016C01F5927112F069FE00
S2140243100349284612F0EAFEEBE700BF0828002011
S21402432025430200F0B545F20E06B1428DB00446B2
S21402433013460BD045F21303994260D0B1F5A04F55
S21402434076D112F019FE00200DB0F0BD9979026CFC
S2140243500C310B44591D02F59A72153351F8040BB1
S21402436042F8040B9942F9D1256C102205F59A7190
S21402437005F5927014F08FFA20B90B212046FDF74E
S2140243805DFCE0E70023CDE90833CDE90A3395F872
S2140243907931042B0DF1200C2AD1284B1B6893F897
S2140243A03D205AB103F11D0267462D33106851684D
S2140243B03E4603C608329A423746F7D105F5AE7333
S2140243C0069304F15A03059304F153030493AB7B5B
S2140243D00393EB7B02932B7C05F1D402CDE900C359
S2140243E005F58A7105F1E403204613F013F8AAE7EF
S2140243F0013B022B9CBFD5F848310893DEE7056CDB
S214024400102205F5AE7105F59A7014F044FA0028EC
S214024410B3D1D5F874310A499B0742BF94F8743079
S21402442043F0020384F87430204612F05FFE8AE7F7
S2140244300DB0BDE8F040FEF733BA00BF08280020F2
S2140244404544020070B5B1F5A04F88B00446154643
S2140244507BD045F21B06B14240F0E38090F8743000
S214024460DA076AD5056CB5F86C312BB16F4912F0D4
S2140244703DFE002008B070BDD5F874315B074BD501
S2140244806B7ADE0748D52B7CD80745D5A36C95F901
S2140244907A01313310220B210FF0F4FD38B140F2CD
S2140244A01B412046FDF702F940F21B40E2E7A36CEF
S2140244B0206C203390F97A0101220C210FF0E2FDE4
S2140244C00028ECD1A36C206C213390F97A011022DB
S2140244D00D210FF0D7FD0028E1D1206C082290F9BB
S2140244E07A0104F1100311460FF0CCFD0028D6D154
S2140244F004F14C0010F02EFB236C93F87A2184F81A
S2140245007520FF2283F87A212046494912F0EEFDF3
S2140245102046FDF7A3F8ACE705F5A67304F11802EA
S21402452005F5AE7553F8041B42F8041BAB42F9D1ED
S214024530A36843F48073A360E6E73D4912F0D6FD14
S21402454029462046FDF7B2F893E7006CD0F874319E
S21402455059073AD50023CDE90133ADF80C30437A3A
S214024560DA0724D5037CDB0721D500F5A6731022D3
S21402457090F97A0103210FF085FD48B1002140F23F
S2140245801B40FDF7B1F808212046FDF757FB8BE7E5
S2140245900FF076FD02280AD1206C102200F5A673D1
S2140245A0052190F97A010FF06DFD0028E6D100236F
S2140245B0BDF80420CDE90433CDE906330DF106013A
S2140245C004AB2046FCF7FCFC53E7D0F8D430C0F826
S2140245D0EC30D0F8D830C0F8F030206C00F5A67277
S2140245E01146E43012F063FC054630B1204608213D
S2140245F0FDF724FB40F207403CE7236CA07C03F562
S214024600A673C0F110022946184414F06EF9CDE9DB
S2140246100155CDE90455CDE9065504AB2A4601A954
S214024620CFE708B0BDE87040FEF73AB9F776030068
S214024630DD240200B1F5A04F70B50446154607D03A
S21402464045F20406B1420CD0BDE87040FEF728B928
S21402465012F092FC236CD3F87431D90701D40020EF
S21402466070BD236CD3F87421D20718D4AA790C3201
S21402467015446A1DC433153552F8041B43F8041B4F
S214024680AA42F9D1206C102200F1C401B43014F011
S21402469002F920B904212046FDF7D0FADFE7206CA4
S2140246A01021E43012F051FD58B108212046FDF7E2
S2140246B0C5FA40F207400021FDF716F840F207401F
S2140246C0CEE7216C2046E43112F0A7FC02492046D0
S2140246D012F00CFDC3E700BF25400200B1F5A04F63
S2140246E013B504460ED0A1F5A043103B012B45D8C6
S2140246F0016CB43112F0ADFC2349204612F0F6FCF0
S214024700002017E0016CD1F8743113F0040301F1B4
S214024710E40228D01021104612F017FD60B10821DD
S2140247202046FDF78BFA40F207400021FCF7DCFF3B
S21402473040F2074002B010BD216C01F1B4030193B0
S21402474091F87821D1F84831D34003F0010343F0C1
S2140247508003009301F1140201F1E4032046543170
S21402476012F059FFCCE781F878310123009301F16A
S214024770B40301F5A67112F0EEFEC1E702B0BDE881
S2140247801040FEF78DB800BF8D470200B1F5A04F6E
S21402479070B51346044607D045F20406B14207D068
S2140247A0BDE87040FEF77CB812F0E6FB002070BD54
S2140247B09979026C0C310B44591DC432153351F8E9
S2140247C0040B42F8040B9942F9D1256C102205F12C
S2140247D0C40105F1B40014F05EF820B904212046A5
S2140247E0FDF72CFAE2E705F1E401204612F015FC8B
S2140247F00249204612F07AFCD8E700BF25400200A4
S214024800B1F5A04F70B50346144607D045F2180618
S214024810B14207D0BDE87040FEF742B812F0ACFBDA
S214024820002070BD1268551C03D10121FDF706FA5F
S214024830F6E7016CD1F87401400741BF002281F807
S21402484078212268C1F8482158BFC1F84C21184681
S214024850014912F04BFCE3E7DD460200184622F05F
S214024860004240F20A439A422DE9F04120D8B2F5BE
S214024870806F01D800203EE06FF480642244092A4B
S214024880F8D801A353F822F0CF480200DB48020012
S214024890FB480200494902001D4902006549020020
S2140248A0874902008F49020075480200A7490200A4
S2140248B06FF4A0615318042BDCD8A2F20252032A2A
S2140248C079D8DFE812F08A009200B700CB000578AC
S2140248D04488644810F01EFB3EE00578446882690E
S2140248E000F108030021604810F025FB10B10571A5
S2140248F0C0F805400120BDE8F081067845880479B5
S214024900826900F108030021584810F014FB0028C1
S214024910F0D00671A0F80550C471EBE70479077869
S2140249204688C588A4F11B035942594100F1080282
S21402493089004F4810F024FB0028DBD00771A0F84E
S2140249400560C4710581D5E7057844884269031D70
S2140249500021484810F0EFFA0028CBD00571A0F8E5
S2140249600540C7E706784588848800F108020021DA
S214024970414810F005FB0028BCD00671A0F805508F
S214024980A0F80740B6E7057844683C48A2E70478F2
S2140249903A4810F0BFFA0028ACD007234371002330
S2140249A004718371A6E70478354810F0B3FA00283C
S2140249B0A0D004719EE7077846880579C48800F17E
S2140249C0080200212F4810F0DBFA002892D0077167
S2140249D0A0F80560C57104818CE7077846880579DA
S2140249E0C488294810F096FAEFE787684588047964
S2140249F006787FB1C78800F108020021234810F02C
S214024A00BFFA00283FF476AF0671A0F80550C471CD
S214024A1007816FE71D483B463A46394610F08BFA47
S214024A2000283FF467AF0671A0F80550C4710772FC
S214024A3047725FE790F8008047880679C588048940
S214024A40134810F067FA00283FF454AF80F8048049
S214024A50A0F80570C671058144814BE70578446865
S214024A600C4837E74CAA030048AA030044AA0300EE
S214024A703CAA030040AA030038AA030034AA030093
S214024A801CAA030030AA03002CAA030028AA0300CB
S214024A9024AA030020AA0300004870475D480200CB
S214024AA030B585B004460846039112F085FF8307A9
S214024AB008D410F0010003D003A814F0E9FA01208C
S214024AC005B030BD03998B7903F10C0288188A5C15
S214024AD0013A1C2A00F2E880DFE802F00FE689E6D7
S214024AE08CE695E69CE6A4E6ACE6B3E6BAE6C2E653
S214024AF0E6E6C4E6D2E6D4E6DD0003790BB103F5BA
S214024B0088534278023A162AD6D801A151F822F0E2
S214024B106D4B0200B94A0200774B0200B94A020006
S214024B20834B0200B94A02008F4B0200B94A0200C8
S214024B309B4B0200B94A0200B34B0200B94A02007C
S214024B40A74B0200B94A0200BF4B0200B94A020054
S214024B50CB4B0200B94A0200B94A0200B94A020027
S214024B60D54B0200B94A0200E54B02001721204647
S214024B70FCF774F9A0E700221146204611F047FC24
S214024B809AE71A460021204611F0EEFC94E700222E
S214024B901146204611F059FE8EE7002211462046A5
S214024BA011F041FD88E71A460021204611F02EFE3C
S214024BB082E71A460021204611F00BFE7CE700220F
S214024BC01146204611F034FF76E71946204611F0CA
S214024BD098FF71E7009300231A461946204611F003
S214024BE09AFF69E71946204611F0E7FF64E7B0F836
S214024BF00110BCE702338B710A4600234178204637
S214024C0011F005FC5BE701338B710022204611F0A0
S214024C10ABFC54E702338B7142780023204611F036
S214024C2014FE4CE701338B7100231A46204611F01E
S214024C30FAFC44E701338B710022204611F0C9FDCD
S214024C403DE701338B710022204611F0DFFD36E787
S214024C5002338B7142780023204611F0E9FE2EE7DC
S214024C600021B3E705338B71B0F80320B0F80100DA
S214024C70002300930B460146204611F04CFF1EE728
S214024C800021B0E703338B710A46B0F801102046C4
S214024C9011F0B2FF13E703338B710A46B0F8011026
S214024CA0204611F0B2FF0AE7002009E708B5EEF742
S214024CB069FCBDE808400CF0C6B800BF38B50F4D19
S214024CC02B78BBB100240021204600F0CFF8204606
S214024CD000F0E0FA204600F011FB204600F036FB1A
S214024CE0204600F0B1F9013400F038F82B78E4B22F
S214024CF0A342E8D8BDE8384000F08ABB4D10002039
S214024D00134B70B51B88134E012B1CD0124D2B78FB
S214024D10A3B10024204600F08FF8204600F0F8FAEF
S214024D20204600F035FB204600F0D2F9204600F07F
S214024D3057FA01342B78E4B2A342EBD800F01AF803
S214024D400023338070BD3388002BDFD170BD00BFD7
S214024D50502D00204E2D00204D1000200020012254
S214024D600249034B08601A70704700BF10280020E3
S214024D7063100020F8B50024294E2A4D33782C8083
S214024D80002B4BD00021204600F09EF8012107465A
S214024D90204600F099F820B1874294BFC01B381A0B
S214024DA080B2214600F00CFA80B2A0F15B03122B0F
S214024DB004F101021DD929883378D4B20844A342EB
S214024DC02880DFD82A8852031748184C0168C1EB9E
S214024DD0C10102EBD102110CB1FBF3F3092B026005
S214024DE023800BD8124A137873B90122114B1A701A
S214024DF0F8BD3378D4B2A342C4D8E3E70E2B06D963
S214024E0003220C4B1A70F8BD013B1370F8BD0A2042
S214024E1002220749074B08701A70F8BD1A46D3E7F4
S214024E204D100020F02F002010280020863200208F
S214024E303D320020631000200A4A10B5128804464C
S214024E40012A07D0EEF7B2F901462046BDE8104027
S214024E5000F02CB8044ABDE8104052F8201000F0CA
S214024E6025B800BF502D0020FC1D002030B40C4B8E
S214024E701D7895B184000B4B221892009950012D93
S214024E801A4488BF51600021074A0444125C03EBAF
S214024E90840359731A7330BC7047024B8400F2E7DE
S214024EA04C100020D81B00206D100020054B00EB94
S214024EB08000800010B4C458C2185460195010BC48
S214024EC0704700BFD81B002000EB8000024B014455
S214024ED033F82100704700BFD81B00200C4B18780F
S214024EE0A0B10C4B5A7B52060FD40138C2B202EB69
S214024EF0820203EB820204E093F82110143349067F
S214024F0003D49A42F8D1002070470120704700BFB0
S214024F104D100020D81B002030B4144C85002918F0
S214024F2004EB81018B7B1A090F2A03F00F031AD0B8
S214024F30013243EA0213DBB20F2A8B730AD00C4902
S214024F400978012902D030BC002070470949097847
S214024F509142F8D8284404EB800003F00F038373D1
S214024F6030BC0120704743F0F003F3E7D81B002063
S214024F70631000204B10002030B48200134D14182A
S214024F8005EB8404A37B03F00F010F2903F0F00363
S214024F9018D001310B430F29A3730AD00C4C247886
S214024FA0012C02D030BC002070470A4C24788C4278
S214024FB0F8D8024405EB820223F00F039373012014
S214024FC030BC704743F00F03F3E700BFD81B002046
S214024FD0631000204B100020044B00EB800003EB14
S214024FE08000837B23F00F0383737047D81B002057
S214024FF0044B00EB800003EB8000837B03F00F037F
S21402500083737047D81B0020044B00EB800003EB31
S2140250108003587BC0F38010704700BFD81B002067
S214025020034B00EB800003EB8003187B0001704704
S214025030D81B0020034B00EB800003EB8003587B59
S214025040C0097047D81B002070B40025114900EB38
S2140250508003114A01EB83010B7B104C125C245C2B
S21402506003FB02F203FB04F30D4C1201A4FB0262E3
S2140250701B01A4FB03430B4E4C7B520926F810205F
S214025080094A04F03F045B094C7322F810308D7312
S21402509070BC7047D81B00206F10002071100020D3
S2140250A01F85EB51F82F0020FC2F0020064B00EB4B
S2140250B080001B78012B054B0EBF33F8200003EB54
S2140250C08000408A704700BF63100020D81B002073
S2140250D0F8B50446264B274F1B78A600012B264917
S2140250E006EB0403254A06EB040518BF07EB830309
S2140250F007EB850531F810C008BF37F8233032F8C1
S214025100100018BF5B8A2A8995F90D1093420FD9B1
S2140251109B1A00299BB214DB98420DD807D2204670
S214025120FFF7FAFE18B16B7B63F07F036B73F8BD73
S21402513000290DDB0028FAD02046BDE8F840FFF72C
S21402514057BF9C4505D22046BDE8F840FFF744BF4E
S21402515000239C45EBD92046FFF70EFF0028E6D039
S214025160344407EB84077B7B03F07F037B73F8BD35
S21402517063100020D81B0020F82F0020FC2F0020F0
S21402518010B40D4B84001B780C4A012B04EB000371
S21402519014BF02EB830332F82330044418BF5B8A41
S2140251A002EB84021089591A89B2814286BF091A13
S2140251B088B2002010BC704763100020D81B002065
S2140251C010B504460846FFF72BFF642303FB04F3DF
S2140251D0B3FBF0F080B2FF2828BFFF20C0B210BD9C
S2140251E02DE9F84387003D18274EAD0006EB05096A
S2140251F00446D9F80880FFF707FF20BB234B1FFAA7
S21402520088F819783B19012914BFB9F81200705BA7
S21402521006EB8303404593F90F2016D90A3252B2A1
S214025220DA73642A17DC64320DDA012907EB040309
S2140252301BD006EB83039A68013A9A6000233C442B
S21402524006EB8406F373BDE8F883EAD20A3A52B252
S214025250642ADA73E7DD00223C4406EB8406B36870
S214025260F2730133B360BDE8F883094A06EB8303A1
S2140252709968125D588AA1EB5202824296BF01F1EA
S214025280FF3198609960D9E7D81B00206310002090
S2140252906D1000202DE9F84306460BF0D1FD0022E2
S2140252A0082415464FEA8609DFF84C8009EB060308
S2140252B008EB83039A603046EDF778FF013CA4B210
S2140252C00544002CF7D10B4FB1443B7808EB890814
S2140252D0C5F3CF05C8F8085043B129463046FFF754
S2140252E0E5FD01343B78E4B2A342F6D8BDE8F843C4
S2140252F00BF0A7BD4C100020D81B00200022034B49
S21402530000EB800003EB80035A737047D81B002023
S21402531038B50D4D00EB800305EB83052B892C7BFE
S21402532003EBC404A4B2A34202D900236B7338BDB4
S214025330FFF7BCFE6B7BA0428CBF43F0400323F01A
S21402534040036B7338BD00BFD81B0020002210B488
S2140253500C4B0D4C00EB800003EB80002378816839
S214025360032B4182028207D9202B34BF1022082247
S214025370064B1A7010BC70471022044B1A7010BCF1
S214025380704700BFD81B00204D1000203E32002080
S214025390F8B500210546FFF797FD01210746284686
S2140253A00024FFF791FD67F31F4440B306462846E4
S2140253B0FFF736FEB74266F30F0480B205D93318FC
S2140253C0BB42BCBF9FB267F31F44BE4204D9361A23
S2140253D0BE42C8BF66F31F440B4B05EB85050B4A5E
S2140253E003EB850512782B696FF30F04B3FBF2F318
S2140253F0B4FBF2F4013A02FB03442C61F8BD2846E2
S214025400FFF70EFEE8E700BFD81B00203E32002062
S214025410044A054B1278012A0CBF022201221A7096
S214025420704700BF123000208832002070B50BF0A3
S21402543050F91F4B1E6C05460EB1ECF7C3FEEDF796
S2140254405BF81C4C8302A3F580532360EDF754F8F7
S2140254508302A3F50063636000F084FA20680821E3
S214025460043012F0FCFA23681B68834202D02068DC
S21402547012F004FB60680821043012F0F0FA636848
S2140254801B68834202D0606812F0F8FA22686368EA
S21402549052685B689342084A94BF00230123137044
S2140254A00EB1ECF79FFE28460BF019F9002070BDEE
S2140254B000000E4014280020641000202DE9F04160
S2140254C0164B93F90020164B53F822500C3506461D
S2140254D02C46204612F0EAFAE0B90BF0FAF8A17967
S2140254E080460431201D12F0BAFA074640460BF0F9
S2140254F0F6F82368BB4202D1A388B3420BD0A37945
S214025500033303F4FE7308331C4485EA0403B3F53D
S214025510006FDED300242046BDE8F0816410002030
S21402552014280020431E2DE9F74F9BB24FF6FD725A
S21402553093420646884643D8234B93F90020234BD2
S21402554053F822500BF0C5F8214BD3F840900C3597
S2140255500746B9F1000F01D0ECF734FE2C46EA46B6
S2140255604FF6FF7B204612F0A1FAE8B9A38886EA36
S214025570030218EA020F0CD194E803008AE803003B
S214025580DB43ADF80430ADF806B00199201D12F0E9
S2140255906BFAA379033303F4FE7308331C4485EADB
S2140255A00403B3F5006FDDD3B9F1000F01D0ECF7B9
S2140255B019FE38460BF093F8002003B0BDE8F08FD2
S2140255C041F21200F9E700BF641000201428002000
S2140255D000000E402DE9F84FDFF8C4902F4A99F9E3
S2140255E0003052F8238083F0010308F10C0A52F8C7
S2140255F023603046ECF77EFE06F10C07D34658468B
S21402560012F054FA054648BB9BF806100BF104004C
S214025610043112F024FADBF8003083420DD09BF8F6
S2140256200640033404F4FE7408345C4484EA0A0335
S214025630B3F5006F12D2A346E1E75C46384654F84B
S214025640041B12F011FA9BF806200332B5EB920FF8
S21402565007F1040705F10105F0DDE7E7D8F80410C5
S214025660341D0131204612F0FFF9012106F108002F
S21402567012F0FAF90821204612F0F1F901463046F6
S21402568012F0F2F999F80030404683F0010389F8E7
S214025690003012F0F3F93846BDE8F88F14280020DF
S2140256A0641000202DE9F04F9A46431E85B0164638
S2140256B09BB24FF6FD7293428146009100F2C38080
S2140256C0624B93F90020624B53F822700BF001F8FC
S2140256D0604BD3F840800C370546B8F1000F01D076
S2140256E0ECF770FD3C46204612F0E0F901900028E7
S2140256F041D1A17904F1040B0431584612F0AFF9F6
S2140257002368019A98422AD1A388E188994526D12E
S214025710CAB2964212D1324604F1080150460193AB
S21402572013F0B9F8019B48B9B8F1000F4FD12846DB
S2140257300AF0D5FF002005B0BDE8F08F94E803001C
S21402574002AA82E80300DB43ADF80C304FF0FF33C9
S214025750ADF80E300399584612F086F90246A37940
S214025760033303F4FE7308331C4487EA0403B3F5D9
S214025770006F1FD302BB002ED6D006F1080B04EB37
S2140257800B035F40B7F5006F24D3FFF723FFC0F388
S2140257900A0304461BB19B44BBF5006F1AD9B8F145
S2140257A0000F01D0ECF71EFD28460AF098FF40F2E3
S2140257B01B40C0E7002A96D0B8F1000F01D0ECF7E4
S2140257C011FD28460AF08BFF40F20340B3E7ECF7E0
S2140257D009FDACE7009BADF80C9046EA0323ADF852
S2140257E00E3004F1040B04F10803039900935846A3
S2140257F012F03AF906F10309009B4FEAA9090027BD
S214025800B90008B94F4513DB311D584612F027F987
S2140258100146204612F028F90446B8F1000F01D0DE
S214025820ECF7E0FC28460AF05AFF002C82D0CBE7C1
S2140258301A1D18465AF80110009212F015F9009A2D
S21402584001371346DCE7212075E700BF641000200D
S2140258501428002000000E400846194608B580B2FB
S2140258601346CAB20021FFF71DFF024B002818BFDD
S214025870184608BD06E000F073B5084616461D46F3
S2140258800DF1030201AB0DF1020180B212F01DF917
S214025890044658B99DF80330AB4209D301992A460B
S2140258A0304613F03CF8204602B070BD014CFAE7D1
S2140258B0014CF8E70BE000F011E000F038B588B2D2
S2140258C015461C46FFF7FAFD014620B18B790020EB
S2140258D02860236038BD0148FCE700BF0BE000F0FB
S2140258E02DE9F74F90461D4ABDF830900D4692F9C5
S2140258F000101B4A52F821600C369FB234464FF015
S214025900000AC24526D2204612F0D0F810BB0AF092
S214025910E0FEA17901900431201D12F0A0F8834622
S21402592001980AF0DCFE22685A4508D1A388BB42D9
S21402593005D34B459CBF45F8043B0AF1010AA17901
S214025940033101F4FE7108310C4486EA0403B3F510
S214025950006FD6D3504603B0BDE8F08F6410002027
S2140259601428002001480121EBF762B900650A00FD
S214025970084B10B540F201141C6098600120586074
S21402598011448A4202D1D869C04310BD12F8010BF5
S2140259909861F6E700C001401046044A1368591E93
S2140259A0033102D80021116018477047440D0020C9
S2140259B0034B1868034B002808BF1846704700BF01
S2140259C02428002030AB0300014812F0F8B900BFCB
S2140259D02C28002013B50B4C0229226005D10A4858
S2140259E012F0EDF9002002B010BD00930A46074BF4
S2140259F00146054812F0C5F9003818BF01204000DC
S214025A00F1E700BF440D00202C280020995902001F
S214025A10014812F0E7B900BF2C28002001480021F7
S214025A2012F002BA2C28002008B5064B1B68013378
S214025A3005D0FFF7EDFF80F00100C0B208BD0020E0
S214025A40FCE700BF440D0020F8B50D4610B900244F
S214025A502046F8BD0E4F3E68002EF8D100F0A2F8A0
S214025A6004460028F3D0386000F0E8F8204612F02A
S214025A7084F838B130463E6000F0E0F8204612F076
S214025A8071F8E4E7002DE3D02046A847E0E700BF20
S214025A9028280020024B1868003818BF01207047DB
S214025AA02828002038B50C4605F06CFBA3780B4A74
S214025AB013705A1E55425541A8420CD0012B04D0F1
S214025AC02846BDE8384005F045BB204605F014FBE5
S214025AD00028F5D038BD0020FCE700BF3F3200208A
S214025AE0024B00215B680846184700BF580D00208D
S214025AF010B50446FFF75CFF0C4B1A1A534253418B
S214025B00A34201D1012010BD094B1B683BB9094ACB
S214025B10064B002C08BF1346074A1360F2E712F042
S214025B2055FC0028F3D00020EDE700BF08AB0300C9
S214025B302828002030AB03002428002010B512F0DD
S214025B4035FD044618B9034B01215B689847204689
S214025B5010BD00BF580D002010B512F030FD20B960
S214025B60024BBDE810401B68184710BD580D0020B8
S214025B7010B512F07BF820B9024BBDE810401B6846
S214025B80184710BD580D0020431E033306D8044B99
S214025B90984228BF1846642838BF6420704700BF62
S214025BA040420F00F8B505460AF08CFD0F4B1E6802
S214025BB0074626B938460AF089FD344611E0B4682D
S214025BC08CB194F810C01CF0010F0CD195E80F00B0
S214025BD04CF0010C84E80F0084F810C038460AF036
S214025BE075FD2046F8BD3668E3E700BF4C0D002081
S214025BF038B505460C4641B10B6833B11B68013314
S214025C0003D0CB680BB18B684BB901F05FF8BDE8E7
S214025C1038404FF492724121002000F0DFB9084666
S214025C2001F092F80023044A85F8DC30C5E92343E4
S214025C30C2E9003338BD00BFA019002010B50446E3
S214025C4018B9054B054A136010BD04F09BFBD4F847
S214025C509830002BF6D1F4E74D7B0300480D002068
S214025C60014B1868704700BFA019002010B50C46FB
S214025C7004F0C6FB054B00215B68032098471CB165
S214025C8005F044FC0128FBD110BD00BF580D0020D2
S214025C9008B502460868FFF777FF08604868FFF70E
S214025CA073FF48608868FFF76FFF8860C868FFF771
S214025CB06BFF0B69C860581C03D00B48834228BF91
S214025CC003460B614B69581C03D00748834228BF22
S214025CD0034688694B61FFF757FFBDE808408861B5
S214025CE0104605F095B900BF40420F002DE9F84F67
S214025CF0D0F8903006460F4613B1038B8B4244D041
S214025D00D6F88CB0BBF1000F42D0DBF80830002B7F
S214025D103ED0DBF80C1000293AD0D6F8A0A0BAF193
S214025D20000F38D04FF000094D46C84601E0DBF8B8
S214025D30083005EBC50203EB82040135E389BB425A
S214025D4014D8238ABB42304610D3B4F91220B6F9CF
S214025D5024309342A04653DD96F8D010EAF7A0FC12
S214025D60337D834281464BD9DBF80C108D42DED35D
S214025D70B8F1000F3ED00023424619463046D047BF
S214025D803783C6F8908086F8D9900020BDE8F88F51
S214025D900320BDE8F88FD1465446524647F6FF75B3
S214025DA004EBC40803EB8808B8F80E30BB421BD8D5
S214025DB0B8F81030BB4217D3B8F91220AA4207D15E
S214025DC04FF0FF093783C6F8908086F8D990DCE753
S214025DD096F8D0103046EAF763FC337D834281465C
S214025DE04246EFD9DBF80C100134A14204D9DBF8A5
S214025DF00830D5E70120C9E7002AFBD09046E1E744
S214025E00A046B8E72DE9F04782B004468946164612
S214025E1005F04AFB3B4D08B100236B602B68D4F8B3
S214025E208CA0D4F890700BB153454BD04FF00008BD
S214025E30C5F8089005F06AFB012836D12B68DAF817
S214025E4000103A6813B11868884246D0204612F00D
S214025E5089FBC5E900A7D4F8A0508DF80760002D8D
S214025E6042D000220DF1070311462046A8472046DD
S214025E7004F0D8FD0546B8F1000F00D08EB1B5FA91
S214025E8085F040F2DE324009332100F0A7F83146B1
S214025E90204604F083FF1C4B05461B683946204605
S214025EA09847284602B0BDE8F087012004F0A8FA19
S214025EB0164B00215B680320984705F027FB012854
S214025EC0FBD1BBE76B68002BB0D0BB42AED1AB6850
S214025ED0994514D04FF00108AAE7696811B109681C
S214025EE09142B6D05968B1E7217D94F8D9309942EB
S214025EF028BF19463246204604F068FDB7E700255B
S214025F00CFE700BFA0190020480D0020580D002042
S214025F10F8B505460E460AF0D5FB31460746284632
S214025F20FFF7E4FE044620B138460AF0CFFB2046CF
S214025F30F8BD05F04DF9224631462846FFF762FFC6
S214025F4004460028F0D195F91030002BECDA2846EA
S214025F5012F0C7FB0028E7D02246A97D284612F099
S214025F603BFB0446E0E700BF13B50446694611F062
S214025F70C3FE204612F087FAFF28024606D09DF896
S214025F8000102046EAF70CFC02B010BD0048FBE702
S214025F900080FFFF07B54FF400730A49ADF80630DC
S214025FA00DF1060211F0C4FEBDF80630B3F5007F0F
S214025FB005D1022808BF002003B05DF804FB0120CB
S214025FC0FAE700BF44280020024B1960024B186013
S214025FD0FEE700BF500D0020442A002008B550B945
S214025FE00548064B01601A60054B1A68054B1A6095
S214025FF01868FFF7E9FF08BD500D0020482A002068
S21402600028280020442A0020054B1B680BB9184696
S2140260107047834201D01B69F8E70120704700BF32
S214026020502A0020094A13680BB918467047834263
S21402603007D11B691360064A1368013B13600120EF
S214026040704703F110021B69EEE700BF502A0020DA
S2140260504C2A00202DE9F74FDFF83081DFF8309127
S21402606006460AF036FB98F800B001900123BBF111
S214026070000F06D089F8003003B0BDE8F04F0AF0F2
S2140260802EBB404F88F8003089F800B011F01AFF96
S21402609008B111F015FF3D683B4965B9DFF8F4A079
S2140260A0DAF800203B68AA424FF000042FD83648A0
S2140260B04FF0FF313BE06B7D8BB12B68B34202D0D1
S2140260C09A1B8A420BD96A6813442B60AB68003A63
S2140260D018BF0122003B18BF01236A75AB752D69F4
S2140260E0DBE7907D20B1107D88429CBF01461446B6
S2140260F01269002AF5D1002CD9D0D4E90001A27584
S214026100411AD4E90232204698470135C8E71A46B2
S214026110FF21EEE75A7D4AB11A68B24224D0921B9A
S214026120824221D8914201D311461C461B69002B9C
S214026130F0D15CB12046FFF775FF38B13B682361AA
S214026140DAF800303C600133CAF800303B685A7D0A
S2140261506AB911F0B3FE064699F80030002B93D1C7
S214026160019888F8003087E71C460021DEE71868A9
S21402617000F0D4F8044611F0A1FE0646002C83D1A6
S214026180EAE700BF502A0020FCFFFFBF4132002092
S214026190403200204C2A002038B5054608B31822A3
S2140261A0002112F0A2FB0AF094FA02462846FFF7F4
S2140261B02BFF20B110460AF092FA022038BD0A4B95
S2140261C01C6854B909491D600B682C6101331046DE
S2140261D00B600AF084FA2046F0E704F11003246903
S2140261E0EFE70120EAE700BF502A00204C2A0020F1
S2140261F038B50446FFF708FF0AF06BFA0546204654
S214026200FFF702FF637D23B928460AF068FA0320E7
S21402621038BD00236375064B1B68A34203D111F0F9
S2140262204DFEFFF717FF28460AF059FA0020EFE75F
S214026230502A00202DE9F84FDDF82890DDF830B01E
S214026240984604460D46FFF7DFFE92460AF041FAEC
S214026250074611F033FE06462046FFF7D5FE637D5D
S21402626023B12046FFF7C4FF0023A375BAF1010F3E
S21402627023D175B9B8F1000F21D1B9F1000F03D0BF
S2140262805A4631462046C84738460AF028FA0020C1
S21402629019E035440D4BAA1B9A4210D801236375A8
S2140262A09DF82C30C4F80890C4E900582375C4F849
S2140262B00CB03046FFF7CEFEE6E7AE42EAD13846ED
S2140262C00AF00DFA0120BDE8F88F00BFFCFFFFBF01
S2140262D02DE9F04107468846FFF796FE0AF0F9F9DF
S2140262E03D68064611F0EAFD7B7D7BB185420DD006
S2140262F0094B2C1A9C4209D830460AF0F0F9B8F13C
S214026300010F08BF25462846BDE8F08130460AF050
S214026310E6F90025F7E700BFFCFFFFBF08B500233C
S214026320044A194604F00AFA10B1012818BF0320DD
S21402633008BD00BF877E03002DE9F74F15460E22E3
S21402634000900F462A70EBB11C4C5B68A3428CBFD0
S21402635000240124DFF868904FF000084FF0060A88
S214026360D9F800105FFA88F30AFB03F3CA185079CB
S214026370012809D92878A0F10E035842584103B0E3
S214026380BDE8F08F1C46E5E7A042CE5EB2F902B049
S214026390117902D008F10108E2E700980191002283
S2140263A011F055FD0028F5D001992970B7F90020A3
S2140263B0B242EFDB5A45EDDC0020E0E7FFC99A3B2C
S2140263C0540D0020014911F07FBD00BFD5B6020072
S2140263D0014911F079BD00BFA9B6020070B5164E8C
S2140263E00328337804460D461ED023FA04F202F040
S2140263F00102AA421DD053B10122A24023EA02039F
S214026400A5402B43DBB233704BB1012070BD2DB1DA
S2140264100A4B01201B6898473378EDE73570074B27
S21402642000201B689847F0E79A07DED003F0FC03CB
S214026430E9E7002070BD00BF42320020902A00200B
S21402644038B504460D46FFF725FB60B105F042F865
S21402645048B9012D07D8012012F0E0F80D4B1B6851
S21402646023B15B6898470C4B1C7038BD09F03FFCA3
S2140264700A4B1A68801A1860E8F720FB084B1B685C
S2140264804FF47A7202FB003011F079FC012005F01D
S21402649029F8E8E7342B002066100020882A00201E
S2140264A08C2A0020F8B5124F05460C460AF00AF967
S2140264B03B78064633B1012D04D01CB90D48E8F7E7
S2140264C049FA3C7021462846FFF788FF0A4B1B789C
S2140264D004463BB93B782BB912F066F810B1074B6D
S2140264E01B68984730460AF0F1F82046F8BD00BF10
S2140264F043320020642A002042320020580D002039
S214026500054A0B46117831B100211170034A1878FA
S214026510526801211047704743320020580D002070
S214026520124B0239012910B518701ED8FFF7B2FABD
S214026530D8B104F0CFFFC0B104F0EEFDA8B90C4B01
S2140265401C6834B123689847BDE81040002012F05A
S21402655065B811F012FC074B186009F0C8FB064B31
S2140265601860204604F0BEFFEEE710BD661000205D
S214026570342B00208C2A0020882A002038B50446B6
S21402658080B10AF09FF801210446084609F0BDFBD7
S214026590012108460A4A09F0BEFB2046BDE83840FB
S2140265A00AF094B80AF08EF821460546012009F052
S2140265B0ACFB0120024A214609F0ADFB2846EDE776
S2140265C07CAB0300F0B5324D85B00AF07BF82B7831
S2140265D0044623B12F48E8F7BDF900284AD1E8F768
S2140265E007FA02AA03A911F0C9FF0346002832D00F
S2140265F011F0D8FF029B98421ED10020264B039929
S2140266001B68264E9942307021D9C91A00270123E9
S214026610CDE900771F482B70214A334609F01EFB4E
S21402662000282FD11F4A1378D90717D420460AF01C
S2140266304DF8002005B0F0BD11F0B2FF029B984263
S2140266401ED0154B154A1B680393002010700121BB
S214026650FFF7C4FEEAE720462B70E8E73178002908
S214026660E4D103F0FE031370002BDFD10E4B1B6840
S2140266709847DBE720460AF029F8032005B0F0BD6C
S2140266800220BBE7032320462F703370F3E700BFD8
S21402669043320020642A0020842A0020651000204D
S2140266A00165020042320020902A002038B5134DC0
S2140266B00AF008F82B780446C3B9114A1149137038
S2140266C0114B124A1A601248124A5A60E8F7C4FB83
S2140266D011491248E8F7C0FB114B124A1A60124BD6
S2140266E01B68124B02221A6001232B70AFF3008044
S2140266F0204609F0EBFF002038BD00BF44320020E0
S2140267004332002084AB0300580D0020C56502000A
S214026710542A0020A56402008CAB03005C2A0020E9
S214026720902A00207D65020000300E40842A002058
S2140267300D4BD3F8E020D20314D50C494FF4803227
S214026740C3F8E820C1F8EC209A6BD1B2C2F3072254
S21402675099679A6704229A6700229A679A679A67E5
S2140267609A679A67704700BF0010084000100846F4
S214026770F8B50C4C0D461746064609F0A3FF012352
S214026780A362042327606660A560C4F8E830064B5F
S2140267904FF48072C3F8802109F098FF0DB10223EE
S2140267A0A362F8BD0010084000E100E0054B186047
S2140267B0054B01229A6540F6FF72196358635A65C3
S2140267C0704700BF982A0020001008402DE9F04FBD
S2140267D0042A83B0054639D90B7883614B788361E6
S2140267E08B788361CB7883610068D5F808B06E68D1
S2140267F000F007000123063003FA00F808F1FF391B
S21402680009EA0B07A2F1040AA8EB0702924501F176
S214026810040446F000560DD8F0192146524612F0EE
S2140268207EF80AEB0B0248EA09031A40AA6003B094
S214026830BDE8F08F2146F019019212F070F8019A25
S214026840A118AAEB080230463A44E8E7013A032ABE
S214026850EDD8DFE802F00B08050211F8013B836170
S21402686011F8013BAB6111F8013BAB610B78AB61F0
S21402687003B0BDE8F08F00BF38B50C46104B154686
S214026880014668B10122C3F8B8200E482246FFF737
S2140268909DFF1DB10A4B0422C3F8B820002038BD64
S2140268A064B1D3F89C20A24284BF0122C3F8B82068
S2140268B0C3F898400222C3F8B820EAE70122FAE7B2
S2140268C0001008409010084010B509F0FBFE184B67
S2140268D0184901229A65C3F888201A66164A5A662B
S2140268E00722C3F884200A80144900220A804FF443
S2140268F0A021C3F8E81003F1C0630446C3F8EC1005
S2140269000F4B1A600F4BD3F888305B020AD50E4B3A
S21402691018680E4B4FF48002C3F88820416BA430EF
S21402692001F012FC2046BDE8104009F0CFBE00BFC1
S21402693000100840F42F0020F81A0020F22F002042
S214026940942A0020004008402828002000400844DE
S2140269500D4B07221A800D4B00221A800C4B012188
S214026960C3F8B810C3F890204FF40052C3F894004E
S214026970C3F8B420074BF0221A6403F10073A02276
S2140269801A64FFF7A1BF00BFF42F0020F22F0020E9
S21402699000100840000008442DE9F041044688B182
S2140269A0394E3A4F09F08EFE3388394A03F07801A1
S2140269B0032C054603F07F0C114453D13C6824B9DE
S2140269C009F084FE0320BDE8F08124F00104386853
S2140269D020F00100A0424AD100223A6022886FEAE3
S2140269E042426FEA52428C42228036D1294CDFF86C
S2140269F0B8C02788ACF180083A46083A92B201F14C
S214026A000800604528BF4046082A04D9B0F900E0CD
S214026A10BEF1000F36DB22803B440C8888781E4984
S214026A209B1ADBB2C4F30C04CC6300F0070033807D
S214026A30CB66C1F88420FFF77BFE04280DD1174BE6
S214026A40D3F88830164B1868164B4FF48002C3F8FA
S214026A508820416BA43001F077FB284609F036FE09
S214026A600020B0E7601E012898BF0C46AFE7094831
S214026A7062440088A21A48BF803208389042ADDCD1
S214026A8028469DE70146B8E7F22F0020942A002008
S214026A90F81A0020F42F002000100840004008409A
S214026AA02828002000400844781B00200E490F4B7F
S214026AB00A881B880E481344073B03F078030344F6
S214026AC00832987892B20A8000F007000949042832
S214026AD0C1F8842004D101F540514A681203FCD45F
S214026AE0054A1360704700BFF42F0020F22F0020E3
S214026AF0F81A002000100840942A002010B5054C11
S214026B00206828B1C30701D4FFF746FF002323609D
S214026B1010BD00BF942A0020084B4FF48032C3F801
S214026B20EC2003F17C43C3F8E420D3F88030C3F3AF
S214026B300C03782B01D8FFF7FBBD70470010084402
S214026B402DE9F84304460E4609F0BCFD504B514D64
S214026B501A882D888146504802F07801032C02F0EC
S214026B607F03014417D14D4C24688CB92A44073A56
S214026B7002F0780284180344E31A48BF8033AB421B
S214026B8010DB484609F0A2FD00242046BDE8F88343
S214026B9024F00104EFE7012C02D0022CEBD1083DD1
S214026BA00C46E8E7002E41D08C423D4942D1D1F84E
S214026BB03C800A6B02F00702063201279740D1F8A2
S214026BC08020C2F30C029A4247DDB4F900302588D1
S214026BD0002BD6DBA378C5F30C0503F007037A1E59
S214026BE0A5EB08053A43052B337005EA02052CD8B7
S214026BF02DB2E84340F236420421C00FFFF7EEF909
S214026C007580E378274A337412687B1E03EA08030A
S214026C10D118B160A9B213FA85F5BD4289BFFF1A31
S214026C200023B780F2609CBFB180F360484609F04B
S214026C304DFDAAE7A4F10802824238BF04F17802A9
S214026C40B2F80080C8F30C08B3E7174BDB6C003BC6
S214026C5018BF0123A5EBC305CAE78B6B7A1EA3EB0D
S214026C6008033A431A40114B15B25B686AB9C3F37C
S214026C700363D91E4B424B41DB0033700B4B7280D1
S214026C80D3F89030C3F30723BCE70823F5E700BF29
S214026C90F22F0020F42F0020F81A0020942A002059
S214026CA000100840982A00200000084000400840D3
S214026CB0431C08D0044AD2F83C311B0C1B0480B299
S214026CC00343C2F83C31704700400840024B102292
S214026CD01A7004F07DBA00BF67100020054A1378C8
S214026CE0102B04D018B123EA010313707047FFF784
S214026CF0EDBF00BF67100020034BC31A58424FF087
S214026D0001015841FFF7EABF690345EC40B1054B64
S214026D101A88824204D2002018800421FFF7DEBFC0
S214026D200120FAE7F62F002010B5044611F09CFA6F
S214026D3000B1A08B034BBDE8104018800020FFF77F
S214026D40E5BF00BFF62F002010B5104CD4F8B430C3
S214026D505B0004D401F040FA0221FFF7BFFFD4F82B
S214026D60B430591C0FD05A000DD4094B187801289C
S214026D7009D9A0F1080358425841BDE81040A6229E
S214026D803121FFF72BB90120F7E700BF0081E00FA2
S214026D9067100020024A137843F008031370704706
S214026DA067100020034B1A689B88026083800020CD
S214026DB0704700BF421000200F4B0628D3F88831D8
S214026DC004D183F40013C3F340507047022805D160
S214026DD013F4400F0CBF01200020704750B9074A39
S214026DE0D2F8D40010F0010005D083F48003C3F378
S214026DF0805070470020704700400E400081E00F30
S214026E000C4A5288B2F5E16F94BFC8225A2210B5D6
S214026E1094BF7824502490428CBF172210220A7006
S214026E20054A0346107818B19C422CBF0020012068
S214026E3010BD00BF421000206B10002013B5234B7C
S214026E401B780E2B04463ED00DF10701FFF7D8FF44
S214026E501E2C8CBF1E4C1F4C9DF807304FF00102B3
S214026E608CBF01210021C4F8082170B1194A4DF6E1
S214026E700174C2F804411B0202F1007243F440435B
S214026E80C2F80431144AA2F8D430134A134C92F8CA
S214026E90D83023F00103034323F0020343EA4103FD
S214026EA0DBB282F8D83024786CB923F0040343EAC4
S214026EB0800323F00803B2F8D440A2F8D64043EA8F
S214026EC0C10382F8D83002B010BD00BF42100020C5
S214026ED00040084600400844001F002147320020B8
S214026EE0084B094AD3F88831DB4303F4FE1343F414
S214026EF00053B3FA83F30E33A3EB4313013B137031
S214026F00704700BF00400E406A10002002280CD0D6
S214026F10062802D020B100207047054B187870472B
S214026F20034B18780430C0B270470720704700BF82
S214026F306A1000202DE9F7433A4E3B4F96F8009030
S214026F4015463A4AD2F8C820B9F1020F04468846D6
S214026F5007EA02071AD147EA006788F8000000230A
S214026F6072882B60B2F5E16F94BFC8225A2227F4CA
S214026F707F57944227F008079ABF380A00F47F50DA
S214026F8043F6C870384303B0BDE8F083284A127847
S214026F90904228BF144604EB83030B70F4B1013C05
S214026FA0E4B24FF030632B606A4601A9204611F026
S214026FB085F8DDE9002347EA03671E4B98F80010C0
S214026FC01B7847EA823747F47F5747F008073BB9F2
S214026FD00029194B18BF4FF07F43C1E7164BE2E773
S214026FE0164B1748B9F1060F08BF03462AB90029FF
S214026FF0114B18BF4FF07F43B2E7B2FA82F2C2F1EA
S2140270001F02D2B29B5CDBB239B15A1ED2B2FD2A43
S21402701005D81B0643F00403A2E7074BA0E74FF090
S2140270207F439DE7421000203F00C0E0001F002182
S2140270306A100020483200200400000BB883E00FDC
S214027040B083E00F2DE9F3410446C820FFF7F6FEB1
S2140270502B4B2C4E18780E2801D0FF2C05D1FF247E
S2140270603470204602B0BDE8F08102282DD1072CEC
S214027070204628BF072001284FF0000301AA0DF181
S214027080030138BF0120FFF755FF05461E4B1F4F71
S214027090DDF80480C3F85881C7F8C8509DF803404D
S2140270A034702046FFF7CAFE194A4FEA082303F453
S2140270B0E063127843EA1863A7F8D030002AD0D1EA
S2140270C0C7F8CC50A7F8D230CBE7A0B9052C32BF10
S2140270D0002701270420201A3B4601AA0DF10301CE
S2140270E0C0B2FFF727FF4FF48003054637B1094ABF
S2140270F0C2F80831CAE700273846ECE7064AF7E73F
S214027100421000206C10002000400840001F0021A2
S21402711047320020004008460040084408B501F007
S214027120C9F9094B094A002818BF1A46136823F4FE
S2140271307F115B0803F4FE130B431360044B4FF0FE
S2140271400072DA6108BD00BF0041084018410840DD
S2140271500040084008B501F0ADF9064B4FF40012A6
S21402716028B1C3F800214FF000621A6208BDC3F8C6
S2140271701821F8E700400844014B1868704700BF22
S2140271809C2A0020436C012B38BF01232DE9F047CF
S2140271909A46464B464F9B69464E474D03F4E0736C
S2140271A0A3F5C07280464548514251410268524595
S2140271B0434A0FD114788C420CD198F8D0C03C7850
S2140271C0A44507D198F815C03478A44502D1A888FA
S2140271D0BDE8F087B3F5C07FC0F800A011704AD1B1
S2140271E0D8F8944024B12368082B58D994F838402C
S2140271F00F21204610F044FFBAFA8AF3002852D034
S214027200B0FA80F29B1A002BC6BFD840C3F10F0912
S2140272104FF00F09504501D909F1FF39234B2004DD
S214027220C3F8BC0003F1806340F6FF72C3F8B820CF
S21402723003F100734FEA0921C3F8B81010F051FFAA
S214027240A88000F025FE09F01F094FF4FA7304FA2D
S21402725009F45C4341F66A03B0FBF3F00A23B4FB7D
S214027260F0F45C43174B1C6098F8D0303B7098F8EB
S21402727015303370ABE798F8D030062B06D1124B98
S2140272801B78002B0CBF9624C824B1E7022B08D02B
S2140272900D4B1B78002B0CBFB424F024A8E7002467
S2140272A0A6E73224A4E74FF00F09B7E700600840CC
S2140272B0691000206810002042100020600D002097
S2140272C04A3200209C2A00204832002070B506462A
S2140272D00C46154611F005FA58B3F27CD31E012B64
S2140272E01ED9112A03D81D4BD340DB0718D41C4BDA
S2140272F01C4AC3F8502103F100730022C3F8502140
S2140273000025174B40F2F712C3F850212B01164AFC
S21402731003F4F87305F007052B43C2F850311AE060
S2140273200F4B104AC3F8502103F100734FF4440286
S214027330E4E7FF2C0DD00A4B0A4AC3F85021230477
S2140273402405094A03F4E02304F0F8742343C2F840
S2140273505031FF2DD5D1002070BD00BF84F603004A
S214027360004008440000F70100400846F8B5134BF9
S214027370134E1F68134D384601F088F83378C4B2AE
S214027380A34201D12B78A3B1092C14D80E4B012CA1
S214027390195D05D10D4B1B78022B01D141F040013E
S2140273A001F00F0238460909FFF790FF00233470F8
S2140273B02B700020F8BD0024FA21F1E728280020CF
S2140273C0463200204532002094AB030042100020D3
S2140273D038B5044600F004FD142200212E4811F0B0
S2140273E084FA2E4B25781A782D49521B18BF012293
S2140273F00A7022681A60C820A2889A80FFF71EFDCB
S214027400284BD3F8C820284BFF211970274B284950
S214027410062D03EA0203274A1AD14FF4EE40C2F8B9
S21402742024014FF48A42C1F82421012243F080430A
S214027430C1F820211B4AC2F8C8301E4B0322C3F8EB
S2140274405821FFF793FF1C4B01221A70002038BD0B
S214027450022D4FF007000ED1C2F80C010620C1F82B
S2140274600C011649C2F808114FF4404143F00303D9
S214027470C2F80411DEE7C2F80C010520C1F80C01BF
S214027480C020C2F8080143F08043812243F004037F
S214027490C1F80821CEE700BFC81F00214210002015
S2140274A045320020001F00216C1000202800C0A0DA
S2140274B0004008460040084449320020C10040000F
S2140274C0014B1870704700BF4832002073B5264B38
S2140274D0044618780E2841D0FF2C42D000283AD114
S2140274E0052C32BF002301230420201A01AA0DF125
S2140274F00301C0B2FFF71EFD1C4EC6F8CC00019A6F
S21402750096F8D850130203F4E06343EA1263A6F82F
S214027510D2309DF803400DF102012046FFF770FCC1
S21402752005F0FB051E2C45EA800594BF00230123C7
S21402753025F0080545EAC30586F8D8509DF80220CE
S2140275400B4B43EA0223A6F8D6300123094A20460B
S214027550137002B070BD00231846C6E70023FF244E
S214027560F4E70023F2E700BF42100020001F0021CC
S21402757000C0FFFF47320020104A114B002018704F
S214027580D2F8C830C2F8CC30B2F8D030A2F8D23036
S214027590B2F8D430A2F8D63092F8D83003F0FB0313
S2140275A0990001F004010B4303F0F703990001F080
S2140275B008010B4382F8D830704700BF001F002135
S2140275C0473200202DE9F0472D4C2E4B236000F069
S2140275D05FFC4FF4FA7307464FF47A76B0FBF6F682
S2140275E029482A4A7343190E1B02181841F1000152
S2140275F0002305F097F9A0F580730546A36220B92B
S21402760066222B21FEF7EAFC01254FF47A726A43C2
S2140276104FF0000A53465008310205F083F91C4B1E
S21402762019601C4BB7F57A7F4FEA0568894604460F
S21402763018604FEA152505D276222B215046FEF712
S214027640CDFC01264FF47A73A8FB030103FB051158
S2140276507308C01841F100010023324605F062F9B2
S2140276600D4B023419600D4B49F10009A40818604D
S21402767044EA8974024B013C1C63BDE8F08700BFF4
S214027680005008400211010020A1070040420F00EE
S214027690AC2A0020A82A0020A42A0020A02A002023
S2140276A0044B4FF00052C3F880211A60024B0122AD
S2140276B05A60704700E100E000500840074B4FF068
S2140276C00052C3F88021C3F88020BFF34F8FBFF368
S2140276D06F8F034B04225A60704700BF00E100E040
S2140276E00050084010B50446A242A2EB0000A3EBED
S2140276F0010104D2034B1B6B01331844013901F01C
S214027700030110BD0050084038B502010A4B01259E
S2140277109D500A4A4FF4807383405366044608F02D
S214027720D1FF074A1378A54023EA05031370BDE884
S214027730384008F0CBBF00BF005108440050084054
S2140277404B3200202DE9F0471546044688461E4671
S21402775008F0B8FF022D00F0B880074608F0B9FF1F
S2140277606C4B6D4AD3F8189092F815A0DA6D5FFA52
S2140277708AFA520744BFD3F818900AF1010A08F0B1
S214027780AEFF664B664A1B6811684FEA8A7CA3FB0B
S214027790093213F1004301FB09CCD8F800304CEB58
S2140277A0020C012D04BF01336344ACEB030C08BF8B
S2140277B0C8F80030BCF1804F0AF0030AC0F0988087
S2140277C0584AD2F800C0584AD2F800E0514A23F08C
S2140277D04041106B4FF000480022ECFB01820EFB8A
S2140277E0012282424FEA937381BF01330130121A9B
S2140277F003F00303A3EB0A03914588BF4549DFF86C
S21402780048C184BF096B03F1FF3303F003030CF88E
S2140278100430A2EB0900A3B1F10742BF434B41F685
S2140278201F71D966B30742BF404B4149D9667107FB
S21402783042BF384B00211967330742BF354B002140
S2140278401965344B04F1100103EB041E0901CEF84E
S2140278500C2111225A5037499A694FF0010EA2EBB9
S214027860090A0EFA04F8D3F85C900A785FFA88F8E8
S21402787048EA020282450A7026D34FF48072A2407A
S21402788019EA020F20D11CF8040000283FD10DB3DC
S214027890F0071A6608D5254B274941F61F7240F2B3
S2140278A00110DA66C866DA66B10706D51F4B2249AA
S2140278B01F4A2248DA66C866DA66720742BF204B5B
S2140278C001229A60330719D4384608F0FFFE0120D9
S2140278D0BDE8F0871B48240140F804E05A6608F029
S2140278E0F1FE14490B7823EA08030B7008F0EEFE4B
S2140278F0384608F0EBFE0020BDE8F087212000F0B5
S214027900A5F9044B4FF480325A603846DDE71A6612
S2140279103846DAE700500840002B0020A02A002054
S214027920A42A0020A82A0020AC2A002000500844DE
S21402793000001F1F4B3200200050084600000101C5
S21402794000400840005108444C320020024B187890
S214027950003818BF012070474B3200201030034B0E
S2140279600001185800F00100704700BF00500840A0
S2140279701030044B01F46001000141F0030119507C
S214027980704700BF0050084038B508F0A2FE084B0A
S214027990084A9D69547DDA6D520748BF9D69E4B274
S2140279A048BF013408F09BFE284604F0030138BDA8
S2140279B000500840002B002038B50B4B03EB00129A
S2140279C010300001D2F80C411D58FFF7DDFFAB075F
S2140279D006D5844200D90139204601F0030138BD9C
S2140279E0844238BF0131F7E70050084008B522202C
S2140279F000F02CF9024B4FF480225A6008BD00BFFB
S214027A0000500840064B1B68434303EB8171054B4D
S214027A101B68A3FB003013F1004341EB00007047E4
S214027A20A42A0020A02A00200D4A10B5146820F0CF
S214027A30404301464FF000420020E4FB0320094A7F
S214027A40126802FB0300084B1B6B98424FEA9171C7
S214027A5004D901330131C01A01F0030110BD00BF81
S214027A60A82A0020AC2A002000500840F8B5064696
S214027A7003F030FD044608B1FFF720FE084D094F1B
S214027A8000232B6130466B61AB617B75FFF7CCFF41
S214027A90C9B27975A8610CB1FFF702FE0020F8BDE5
S214027AA000500840002B00203B4B082270B50121F5
S214027AB00546C3F8C8203948394CE9F7B9F8394BB6
S214027AC01D702378013B012B0CD8237CE07B01221E
S214027AD09A400C21302313FB001303F1884303F56D
S214027AE020431A60304B00225A677DB92F4A4FF660
S214027AF0FF71D16702F10072F821D1675D672C4BE6
S214027B004FF08042C3F89420002070BD636853B3E0
S214027B1000F0BEF9626800EB5203B3FBF2F3013BDE
S214027B201B0243F0F80326782049224A022E1CD074
S214027B30032E1D484FF6FF7521D0012E27D143F0A4
S214027B400203CD67D36707234367237CE07B0122CA
S214027B509A400C21302313FB001303F18C4303F5E8
S214027B6020431A6011E0F823DDE743F001034FF6E5
S214027B70FF70C867D3670C4B05225A67E5E743F0E8
S214027B800503CD67D367012343670B4BB8E7CD6781
S214027B90D3670023F8E700BF00400E4600350A0010
S214027BA0B02A00205132002000000840000008449D
S214027BB0004008440000084600400846F8B506465D
S214027BC004460FCE1C4F3D460FC533682B601B4B39
S214027BD01B480822C3F8C8200121E9F729F8194AE8
S214027BE000235367A37BE17A1B0443EA0123217A2D
S214027BF00B4393673B78032B1BD8DFE803F0140292
S214027C00080E617B207B00230422EAF7F7F9217C29
S214027C10E07B00230422EAF7F1F9A17A607A0123D5
S214027C200422EAF7EBF9084B1878BDE8F840FFF7AC
S214027C303BBF0120F8BD00BFB02A002000400E4620
S214027C4000350A000000084051320020044BD3F8E9
S214027C509430002BBCBF034BC3F88000704700BFB4
S214027C6000400840000008404FF0006318B1034A85
S214027C70C2F894307047024AFAE700BF004008464E
S214027C800040084408B5074B1B681A68064B92006A
S214027C9019684FF0045010F042FEBDE8084000F0AC
S214027CA05BBF00BFC42A0020C82A002007B501A86F
S214027CB0EAF7FCFB134B144AC3F8442148F2E67277
S214027CC0C3F838214FF40862C3F834210F4AC3F8C8
S214027CD0A0200F4A4AF63F41916002F580424FF0DB
S214027CE0C07191620022C3F8FC200A4AC3F89C20A5
S214027CF0094B7F225A6203F1007323225A6203B0B1
S214027D005DF804FB00400840C0E653517A27000F96
S214027D1000300840806D630300300844064B1B7831
S214027D203BB1064B064A1A60064B074A1A60002009
S214027D3070470220704700BF52320020C82A002037
S214027D40D8AB0300C42A0020D4AB030038B51B4BC3
S214027D500022C3F88820C3F88C20C3F89020184A63
S214027D604FF400715162174A0121D1605A6812F02D
S214027D70706FC2F30365F9D14FF00452DA67124905
S214027D80124C0122C3F880201966227008F013FCF8
S214027D900F4B2570186820B10E4B1868003818BFB4
S214027DA0012040F27E525421FEF718F90A4B1B6856
S214027DB098470A4B0122DA6038BD00BF00400840EF
S214027DC00000084000400846A01F00215232002052
S214027DD0C82A0020C42A0020640D0020004008445F
S214027DE0034BFD22C3F8C8200122C3F8CC207047FB
S214027DF000400E4638B5FFF7F3FF1B4B1B481C4CE2
S214027E001C490222C3F8C8201B4B1A6842B102EA78
S214027E100005A54204BF5D68156008338B42F4D1A5
S214027E20164B0222C3F8C820154B164AD3F83C114B
S214027E301160154AC3F8942000F0DAFBFFF736FF0C
S214027E40124B0322C3F8D820A3F500530122C3F82D
S214027E5094204FF46072DA604FF04072C3F8F82054
S214027E60C3F8102138BD00BF00400E460000FFFFD9
S214027E7000000840B081E00F0080E00F00400E4492
S214027E8000400840680D00200048F00000600846E8
S214027E9008B5EAF705FD044BD3F81031C3F30823FF
S214027EA00133B0FBF3F008BD00400E4070B5044647
S214027EB018B1284D2268531C00D170BDC2F300636E
S214027EC0110C35F8130011F0FE0F93B243EA00438B
S214027ED0606818D00434CAB2022A216808D9D4E9E4
S214027EE00160033AC3E9001698600C340C33F3E7DA
S214027EF004D16268C3E900120834DBE7012AD9D14B
S214027F0004341960D6E7120F072AF5D8DFE802F024
S214027F100704090D1013181DC04303F1806318608F
S214027F20EAE71A6842401A60E6E703F1C063F6E73A
S214027F3010F005F9E0E70122824003F1C063F2E7A0
S214027F400122824003F18063EDE71A6830EA0202FA
S214027F50FBD1D1E79EAB0300024B0122C3F894206B
S214027F60704700BF00400846024B0122C3F8942027
S214027F70704700BF00400844024B4022C3F89420DA
S214027F80704700BF00400844024B4022C3F89420CA
S214027F90704700BF0040084608B50C4B1B68D3F874
S214027FA0943023B11A68022A01D9186A08BDFFF76D
S214027FB06FFF074B1B6D024698B20028F6D0C3F33C
S214027FC00743D2085343B3FBF0F0EFE7282800201C
S214027FD000600840064B5B68C3F30363984206D111
S214027FE0044A536B23F0F00343EA011151637047CE
S214027FF000400840001F002110B50446FFF7CCFFE2
S214028000104AD2F830311B040F4B1B6C03F4C053DA
S21402801048BF4008B3F5805F0ABF136BC4F3011371
S214028020C3F34163022B05D0032B09D0012B00D1E9
S214028030400810BDC4F3C4240134B0FBF4F0F8E7E2
S2140280408008F6E700600840000008402DE9F04787
S2140280500E4610F05EF8DFF8B090DFF8B0A080466B
S214028060002508F02FFBD9F80430C3F30363012B75
S21402807007460BD1711C1AD010F04BF8A0EB08057E
S214028080384608F023FBAE42EBD80DE0052BF1D0C4
S2140280900B2BEFD0023B012B0CD9013602D010F08D
S2140280A038F8384608F012FB1648BDE8F08708F0A4
S2140280B00DFBD6E7DAF808301A04C3F389140FD496
S2140280C0013602D010F025F8384608F0FFFA24B23E
S2140280D0A4F1C8006FF4FF739842B8BF1846E4E7ED
S2140280E0731C03D010F015F8A0EB08056FEA845451
S2140280F06FEA9454384608F0E9FA14F5007FC2D0C5
S214028100E6E700BF00FEFFFF0040084000700840A0
S214028110024B012218619A60704700BF0020084097
S214028120084910B5D1F8703140B11C464A68D1F8FA
S21402813070319C42F9D1C2F30362027003F00F0061
S21402814010BD00BF00400840094BD3F8883001F04C
S214028150800103F480030B4309D1064B4FF400124F
S2140281609A61837F1BB1044B0122C3F8F820704743
S21402817000400840006008440060084610B508F059
S214028180A1FA084B1B6804463BB1984728B1002267
S21402819000204FF4806100F00BFE2046BDE8104040
S2140281A008F094BACC2A0020094B0A48D3F8B41037
S2140281B010B521F01F01D3F8FC400904090C0FF09A
S2140281C0F0FF24F07F41BDE810400FF0EABF00BF89
S2140281D00081E00FCF13468B2DE9F84F044610B905
S2140281E00020BDE8F88F00F11703B3F5002FF7D291
S2140281F01E4F1F4A3D78002390469D4218D8FFF72F
S214028200D3FF21680FF0F3FF61680FF0F0FFD4F898
S2140282100C9000264FF0240AB14511D123698342FF
S214028220DED1062D08D048F8254001353D7003E022
S21402823052F8041BA14201D10120D2E70133DCE748
S214028240A2680AFB06F312EB030B0CD00BF1230118
S214028250B1F5002F07D2D1580FF0C9FF04220BEB5D
S21402826002010FF0B9FF0136D6E700BF53320020F5
S214028270D02A00202DE9F0411F4CDFF89080069F9F
S2140282800646A2FB03502C1960F1000E9C46A04540
S2140282904FF0000373EB0E0E07D24FF4B4720E21AA
S2140282A01846FDF79BFE02201BE00029FBD0C6F312
S2140282B0130601EB5C04B4FBFCF4A4FB0646E40CD8
S2140282C044EA46340D4E34600D4C22600D4A91420B
S2140282D009D10D4AA5FB025302FB00339B093B6002
S2140282E00020BDE8F081C4040A46E80444EA553199
S2140282F004F018FB3860F3E700C9E876E82A0020A5
S214028300EC2A002000F049020A3BB2DF0046C323F3
S21402831038B5164D2B780C4623B9154B1B6D03F05A
S2140283203F032B70134BD3F894305B051CD5124BCE
S214028330B0FBF3F040F24D534343A3F546430C3BE8
S214028340584300F5C91000F5556028B940F21B32B3
S2140283502B21FDF743FE01202B78084A5343B3FB3B
S214028360F0F30020236038BD0220FCE757320020DD
S214028370003008400040084000366E0180969800A3
S21402838070B5374C374B256B374C1B682468ED02AB
S2140283904CBF1B191B1BB3F1804F04D8002B3AD1DC
S2140283A0324E1C460AE0B3FA83F4314EC4F102049C
S2140283B0E340304DAB4201D901345B0803EB56056E
S2140283C0B5FBF6F52C4EB34234BF00260126240335
S2140283D0013D44EA86242C430C60D8B1B3FBF0F18D
S2140283E0642400FB11336343984288BF01F1FF31D6
S2140283F04808013801390728204D214C4FEA51031D
S21402840011D9002129700621C4F894101B0243EAF0
S2140284100013136070BDB3FA83F4D4F10204134E52
S214028420C6D50024C5E71029EBD068B10121297012
S2140284300621C4F89410134909780029E6D0124997
S2140284400224C1F89440E1E7012914BF012100216A
S21402845029704FF00601C4F89410ECD1D6E700BF9D
S21402846000300840EC2A0020E82A0020E0673500A9
S214028470C0CF6A003FBE4025401B5F135432002027
S214028480004008445532002000400846084B5B6B0B
S21402849003F00700C3F3C20213F0380F18BF5043AD
S2140284A0C3F3821213F4E07F18BF5043704700BF35
S2140284B000300840034BD3F8380180F01000C0F3B8
S2140284C00010704700400840174B4FF4002210B5CA
S2140284D0C3F89420154C164BB0F1804F88BF1C464B
S2140284E0144BDA6CD2071DD51B6F134A04F5F4241D
S2140284F004F59074B4FBF2F4033CE4B203F0070311
S214028500A34202D02046E9F7EFFC0C4B1B784BB196
S2140285100B4B4FF47022C3F8942003F1007324042B
S214028520C3F8944010BD00BF00400846E06735001F
S214028530C0CF6A0000300E4040420F005632002084
S214028540004008447FB50446EAF7E6F91C4B0646A7
S2140285502C3358680093A37922683146FFF78AFEC7
S214028560054648BBA379012B14BF164916491022AB
S214028570C1F83821206815495843FFF7C9FE03AAF7
S21402858002A93046FFF7FCFE0F4A43F6FF53C2F835
S214028590A4300C4B0299C3F8A4104FF4EE61116399
S2140285A0039A1A632068FFF78FFF094BA2881A62A4
S2140285B003F5405300229A63284604B070BD00BFFC
S2140285C0003008400040084600400844503008404A
S2140285D00000084008B5044B01221A70034B1868C5
S2140285E0FFF772FF002008BD56320020EC2A00205A
S2140285F0024B4FF48062C3F894207047004008464E
S2140286000D4BD3F80421D3F8B030D2B2FF2A03D0F0
S21402861043F30743591C01D190221923074903EB60
S214028620D37302EB6302022381F84230232381F8DC
S214028630432081F8413070470081E00F001F00217F
S21402864040B10368012B05D90069034B002808BF17
S2140286501846704700487047A4AB0300064BD86D17
S214028660DB69C0F3011203F01F03000C02FB0000DB
S21402867001331844704700BF0060084070B50446D6
S2140286801F480D46FFF7D0F91E4BD3F8306116F49B
S21402869000464FEAC01015D000F574431A4C1B4A28
S2140286A02433B3FBF2F32B60194B00EB5400B0FB00
S2140286B0F4F068605B68D9020AD5002406B1033478
S2140286C0AC6070BD002CEFD1114B5B68D802F7D4BA
S2140286D0104B0F491B68D1F8A820C3F3810312F48C
S2140286E0806403F1010309D1D2B2FF2AE6D0D1F8A1
S2140286F0AC20520548BF04EBC304DFE7DC00F3E717
S21402870040420F000060084020A1070048E8010030
S2140287100000084000200840084B1A68C117A2FB58
S214028720000310F1807002FB013343F10003400E98
S21402873040EAC310803820EAE0707047F42A00202E
S214028740174B072270B5C3F88420FFF7A1FB154B21
S214028750154A164EC408010B0546E005C01841F13D
S2140287600001002304F0DEF8114B18604EF660207C
S214028770FFF7D2FF4042C6F89C000E48FFF754F9B6
S214028780024658B1E301500818184FEA15714FF027
S214028790000341F1000104F0C5F8706770BD00BF28
S2140287A000400840B2E60E0065CD1D00001F002105
S2140287B0F42A002040420F002DE9F04706460846FC
S2140287C09846FFF73DFF15460746002E00F0B0809C
S2140287D018F0050F63D03469002C00F0AB80FEF76A
S2140287E0CBFC4FF47A735C43201A7B68A0F6AC503D
S2140287F0C01AFFF791FFB48B6862002C00F09D80D0
S214028800FEF7BAFC4FF47A735C43201A7B68A0F634
S214028810AC50C01AFFF780FFA861614BF468D3F82A
S2140288200090DFF88CA1002C00F0B080FEF7A4FCCC
S2140288304FF47A735C43241A7B68A4F6AC54E41AA9
S21402884099F81130053B012B7AD8DAF80020A4F506
S2140288503E44EB3CE117A4FB023402FB014413F155
S214028860807144F10000490E41EAC0118039E96185
S2140288704C49A2FB01219B1A64EB010413F180739D
S21402888044F100045B0E43EAC413803B2B62B469D6
S214028890FEF772FC014620460FF056FD286318F0DC
S2140288A0020F29D073684FF47A7058435BB13B6865
S2140288B003F51C5310331844B37F002B46F2A8135B
S2140288C008BF00231844FFF727FF7369E862002BEE
S2140288D05FD078684FF47A7202FB0300B37FA0F58C
S2140288E00350002BA0F1100046F2A81308BF002385
S2140288F0C01AFFF711FFA86218F0040F18D0B0686C
S214028900002849D04FF47A735843A0F50350103824
S214028910FFF702FF286133684FF47A70584323B199
S2140289203B6803F51C5310331844FFF7F5FE6861E5
S214028930BDE8F0874CF250305BE74CF2503069E706
S2140289403B68E41ADAF80020E117A2FB044314F1AC
S214028950807402FB013343F10003640E44EAC3143D
S214028960803C114BEC61114CD3F884302B622368A7
S214028970002B8CD048460FF052FE002887D0236882
S214028980D9F848002A463946984780E74CF25034D0
S214028990D8E747F23050ACE747F23050B8E700BFAE
S2140289A028280020101B0200001F0021F02A0020A9
S2140289B0F42A002008B9FFF751BE034881420CBFD3
S2140289C02F20BC20704700BF48E80100E0B50746EC
S2140289D008461E4615460FF0A3FB7B7C053B012B83
S2140289E006440DD80C4B4BF6EB61002D18BF19460A
S2140289F04FF4FA720A44094892FBF0F03044E0BDA4
S214028A00074B084AD3F8F800FFF71AFE0168002958
S214028A10A8BF4FF4FA72EDE7FBD9020018FCFFFF7D
S214028A20001F00210CFEFFFF2DE9F04F384C0A46CE
S214028A3085B00D46002181460FF057FFD4F8C830A6
S214028A4043F06C029A4204D00025284605B0BDE8E1
S214028A50F08F304BDB68D907F6D4FDF701F9002812
S214028A60F2D0D4F81061C6F30826002EECD12A4CB8
S214028A702A4BD3F81880D4F884300193284B4FF051
S214028A8060529A6103F100734FF000629A612423E8
S214028A90C4F88430234B04221A604FF4804A4FF401
S214028AA08053C4F868A0B3466362AB4512D31E4B2C
S214028AB004221A60184A019BC2F88430184B4FF001
S214028AC06051996108EA010318498B614FF48043AB
S214028AD09366BAE7226E5204FCD52268D305F9D50E
S214028AE0C4F868A00136D4F888200392012EDCD997
S214028AF0A5EB0B07042FA8BF04273A4609EB0B0089
S214028B0003A95F440FF00BFF1FFA87FBCDE700BFF8
S214028B1000400E4000400840000008400060084048
S214028B2000600844004008460040084400600846CA
S214028B30074BD3F8D8304FF604014FF605029BB226
S214028B408B4208BF1346034A01209365704700BF55
S214028B500081E00F0050084070B5194C0FCC86B06B
S214028B6001AD0FC5CC22236816482B6000210FF0FA
S214028B70BCFE8422002114480FF0B7FE134B144AA1
S214028B80C3F8F020FFF73CFD124B1B782BB101AD6A
S214028B900FCD0B4E0FC62B6823600F4B0F4AC3F840
S214028BA0DC2F0F4AC3F8E02F0E4AC3F8E42F02F177
S214028BB0957202F24952C3F8E82F06B070BD00BFA4
S214028BC0C81F0021341F0021B01E0021001F0021F3
S214028BD03F003700493200200010002102006206E2
S214028BE009C8056E0704DC060A4B197801F0FF0275
S214028BF029B10021197008499202C1F8A0205978BB
S214028C0001F0FF0229B1002159709302024AC2F80C
S214028C10A43070475832002000000846074BD3F8AD
S214028C20E00E074BD3F88C301A0103D4054B1B6EAB
S214028C301B0401D500F58070704700BF00100021AC
S214028C40004008400000084008B507F03BFD0F4B07
S214028C501A78B2B90E4A126812F4843F11D10D4A3C
S214028C601021C2F894101B786BB9094B1B68DB0500
S214028C7009D4084B2022C3F89420BDE8084007F028
S214028C8025BD054AECE7044BF4E700BF5C32002042
S214028C90781B0020004008440040084610B507F044
S214028CA011FD0E2104460320FFF794F9044B40F20F
S214028CB0012220465A62BDE8104007F007BD00BFF9
S214028CC000000840044B00221A70044B197811B1B8
S214028CD01A70FFF7B9BF70475B3200205C32002083
S214028CE008B507F0EFFC234B4FF08052C3F8802004
S214028CF0BFF34F8FBFF36F8F4FF48072C3F880209D
S214028D00BFF34F8FBFF36F8F0222C3F88020BFF3EB
S214028D104F8FBFF36F8F1022C3F88020BFF34F8FA1
S214028D20BFF36F8F2022C3F88020BFF34F8FBFF3AD
S214028D306F8F4FF00052C3F88020BFF34F8FBFF300
S214028D406F8F8022C3F88020BFF34F8FBFF36F8FE1
S214028D504022C3F88020BFF34F8FBFF36F8F0122EC
S214028D60C3F88420BFF34F8FBFF36F8FBDE8084070
S214028D7007F0ACBC00E100E008B507F0A3FC0B4B23
S214028D804FF080521A604FF480721A6010221A60F6
S214028D9020221A604FF000521A6080221A60402287
S214028DA01A60BDE8084007F091BC00BF00E100E091
S214028DB070B5084C01232370074B1E68074BD3E996
S214028DC0005332401940284001F022FA0023237053
S214028DD070BD00BF5A320020FC2A0020781B0020FB
S214028DE02DE9F047DDF820A003EA0108099B0646B4
S214028DF00D4602EA000703EA0A09BAF1000F40F03C
S214028E004D81031F0B4300F01381052871F1000307
S214028E1080F0E78050EA010300F06081431E0B43B6
S214028E2000F02181FFF75CFFAD4AD2E9004323EA56
S214028E30050324EA06043C4343EA0807A94BDFF885
S214028E40F8821E6826EA0A0646EA09061E60C2E993
S214028E500047FFF7F9FEA44814F02A4FC26E14BF6B
S214028E6048F202034FF40043B50748BF43F40053E9
S214028E709E4D83EA020122EA0302EA669C4A816662
S214028E800B40D366C4F380421203200348BF42F469
S214028E908072E10648BF42F40052A30648BF42F47D
S214028EA00072650648BF42F4806220069148924DE1
S214028EB0D0F80C3248BF42F4006282EA030123EA89
S214028EC00203C5F80C328D4BC0F80812C7F34025D2
S214028ED00A40AD04E10448BF45F48035C3F80C22CD
S214028EE0A20348BF45F48015A30748BF45F4800592
S214028EF014F4001F06D0D8F800000FF0F5FB08B9EE
S214028F0045F40025E00248BF45F40035F9067C49E1
S214028F107C4848BF45F40005620248BF45F4001588
S214028F200A6A730748BF45F0040585EA020323F080
S214028F3001031A4002621D40CB61734B73481D62E7
S214028F40734B744A16F0010F18BF1A46836E7D07DC
S214028F5048BF42F40012704D82EA030123EA02037C
S214028F60AB666E4B41660A4000F500509A66C16BCE
S214028F7004F0010305F5005581EA030221EA030124
S214028F80E96382631A40664BDA63D8F8002020024F
S214028F9048BF644B92F8E92058BF634B610748BF4D
S214028FA043F4806322B114F4C06F18BF43F4807395
S214028FB05E485F4CD0F8EC10320748BF43F00043DF
S214028FC083EA010222F4A0221140C4F8EC101340F6
S214028FD0C0F8E820574ABDE8F047C2F8EC30FFF781
S214028FE0CBBEA0F580630B4306D020F48063A3F5C6
S214028FF000730B437FF416AF07F064FB3849D1E9E0
S214029000003223EA060322EA050242EA08023B434A
S214029010C1E90032484A126892F8E9200AB313F40A
S214029020C06F1ED0434B4FF48072C3F8EC2014E09E
S21402903007F048FB2A4AD2E9003123F004033B43F7
S21402904041EA080157EA0807C2E9003114BF394A63
S214029050374A4FF48063C2F8EC30BDE8F04707F0B9
S21402906035BB334BDFE707F02DFB1D4AD2E9003153
S21402907023F001033B4341EA0801C2E900312F4ACB
S21402908057EA08074FF0010315BF93632C4902F114
S214029090C062CB6314BFD3639363DEE750EA010377
S2140290A07FF4C0AEBAF1010F7FF4BCAE07F00AFB44
S2140290B00C4A136823F0010343EA09031360134AB8
S2140290C04FF48063B9F1000F04D0536602F1C06218
S2140290D09366C2E710498B665366BEE7BDE8F08723
S2140290E0781B0020FC2A00200000084000000844EC
S2140290F00000084600600840006008440060084619
S214029100004008400040084400400846005008401E
S214029110041C500004185000005008440050084632
S214029120007008460D0A0A09090A0A0900100840D2
S2140291300010084400100846282800200070084046
S21402914000700844024B5868C0F3C000704700BF66
S214029150781B0020024B186800F00100704700BF21
S214029160781B0020024B5868C0F3C030704700BF1F
S214029170781B002010B50446FEF73CFEFFF7B0FD54
S21402918004F14C00FDF7E4FBFEF7E0FDFEF71AFAE9
S214029190FEF786FAFFF7D4FA1049114AD1F8F8100A
S2140291A0072304F1A400FFF707FB4FF44001002059
S2140291B0FEF7DEFB4FF400110120FEF7D9FBFFF7A6
S2140291C0B7FC20B940F2E7221421FCF707FFFFF7AD
S2140291D001FABDE810400120FEF766BC001F002120
S2140291E0681F0021084B8022C3F8882003F17E43C3
S2140291F00822C3F88820054AD2F8B03E23F020039E
S214029200C2F8B03E704700BF00400846001000217A
S21402921008B507F057FAFFF7E5FF034B01229A60FD
S214029220BDE8084007F052BA00400840F0B583B0E7
S2140292300646144602F04EF9002800F09B80514B79
S214029240DD6815F0060540F0958007F03BFA2379B5
S2140292500095022B07463ED1237B022B35D00320F6
S214029260FEF77CFB18B9484B5B685B047FD5A37B93
S214029270257B4649A2680192003B18BF0123012DB7
S2140292800B705DD0424A434C002313702278002AAA
S21402929061D13C4E0420FEF737FAF36E23F0F85302
S2140292A023F4F81343F0506343F48033F3662A46FC
S2140292B0022301A90420FEF745FA002852D0364BB5
S2140292C0012130222170C3F89420384607F0FEF9B7
S2140292D0002003B0F0BD0320FEF740FB002846D175
S2140292E02279D6F8AC30012A226838D0D51A254B16
S2140292F02A4A0095DA6600221A67627B284B002A01
S2140293000CBF012200221A70264B264AD3F8B03E22
S2140293100CBF43F0200323F02003C2F8B03E032024
S214029320FEF7F2F9174B204ADA66227901236946DC
S2140293300320FEF707FAF8B11C4B01221A708BE7DE
S2140293402379022B9ED0009BD6F8AC100B44134414
S2140293500025019396E72370FFF776FC99E79A4279
S214029360C5D3C3E70320FEF7CFF90C4BF3663846A6
S21402937007F0ACF90320ACE7384607F0A7F901205E
S214029380A7E700BF00500840004008405E320020B9
S2140293905B3200205C3200200040084600000101DB
S2140293A05D32002000100021010C01005F32002017
S2140293B02DE9F3410D46074607F084F91B4BDFF80B
S2140293C0788000241C70FFF70DFF194BC8F86C302C
S2140293D0C8F8704006466879431E5842584101F064
S2140293E0D1FC40F60143C8F870302A792968D7F8CC
S2140293F0B430012A01D1994200D3CC1A04230DEBD2
S214029400030103200194FEF79DF950B9094B882207
S2140294103046C3F8882007F059F9012002B0BDE8AB
S214029420F081304607F052F90020F7E75F3200205D
S214029430000001010040084400500840F8B5194CED
S21402944005462078B0FA80F040F206423E214009F6
S214029450FCF7C4FD55B96078B0FA80F0BDE8F84074
S21402946040F206423E214009FCF7B8BD0E4F0F4DB2
S214029470D7F8A0304FF44066C3F381232370C5F8B3
S214029480A0606078B0FA80F040F206423E214009C1
S214029490FCF7A4FDD7F8A430C3F381236370C5F8A4
S2140294A0A460F8BD583200200000084000000844BE
S2140294B0F8B50B4C0B4DD4F888300B4F0423C5F887
S2140294C08830D4F888305B0300D4F8BD0426C7F889
S2140294D0886002200EF033FEC5F88860F1E700BF10
S2140294E00040084000400846004008441C4B70B547
S2140294F0D3F888601B4D03F18063A822C3F8882046
S21402950010221A60184A194B93666B66FFF76CFBBB
S214029510174B1B7813B90320FEF7F6F800242C67C6
S214029520FFF7C6FF134A144BD2F8E01E0B40C2F8F0
S214029530E03E124B0422C3F88820114BB206C3F851
S214029540B84008D503F580735B6CB3F5817F22BF04
S214029550034B80229A60BDE8704001F019BE00BF3E
S2140295600040084000500840005008441000000226
S2140295705F32002000100021DF0000FF0040084498
S214029580001E002110B528B971B9174B4FF4C062FE
S2140295905A6210BD41B9154A53681B0E13F00E0FDE
S2140295A0F3D113689A06F0D4FFF778FB0F4C00202D
S2140295B0FEF7B6FD032801D0092806D1D4F88C3070
S2140295C0DB03F4D4636F0C2BF1D9FFF771FF084B62
S2140295D04FF400725A62074B0122DA6003F17E43AF
S2140295E00422C3F88820D0E7006008440040084000
S2140295F0000008400040084608B503210920FEF78F
S214029600E9FC024B20229A6008BD00BF00400840D9
S21402961038B5054607F056F80446FDF755F935B154
S214029620FFF750FB2046BDE8384007F04FB8084B1E
S2140296301B78002BF6D0074B1D78002DF2D1FFF7D2
S21402964041FB2A464FF480400021FFF7B1FBE9E7D1
S2140296505B3200205A3200202DE9F84F5B4B06465B
S214029660D3F888300D461446002A40F0A98013F03D
S214029670A00F14BF4FF001094FF00009DFF8688110
S214029680534F01F085FDA023C8F888300320FEF76B
S2140296903BF80420FEF738F84FF0000AFFF712FBFB
S2140296A04C4BFB66C7F870A0FFF702FF4A4BD3F895
S2140296B0B02E42F02002C3F8B02EFF22C8F80020D7
S2140296C0424A4FF480719160D3F8E02E43494FF03E
S2140296D0040B1140C3F8E01EC8F888B0C3F8B8AE51
S2140296E0FB6813F0060F04D0FEF780F95846FEF723
S2140296F00BF8B9F1000F08D0394B4FF40062C3F8EB
S2140297008820384B4FF400425A6666B1354B5B6C84
S214029710180701D4FFF7C2FAFFF76EFF0420FDF721
S214029720F3FFFFF761FA294BDA68D10743D55A6887
S21402973012F0706FFBD12C4B2C4AC3F888202C4AAF
S214029740536B23F0F003536315B12046FFF760FF17
S214029750284BD3F8B4305A1C05D05B0003D4264BF2
S2140297601B78012B2FD8204B0122DA601CB31D4B2D
S214029770DA6E9A66154A136A23F00103D3611F4B09
S214029780D3F80C22C3F80822A3F54053DA6F9A677F
S214029790A3F50053D3F8EC20C3F8E82003F5C04342
S2140297A0DA6B9A63A3F50053154A5A660E4B4FF6C8
S2140297B00842C3F88820BDE8F84F002001F0FEBE3C
S2140297C04FF000095AE7082BD0D1CCE700400840FA
S2140297D0005008400000010100100021DF0000FFD9
S2140297E000400846000008400040084410003000D0
S2140297F0001F00210081E00F671000200060084073
S2140298005000F0029A4B196EDA6E2DE9F04F01EA1B
S2140298100209C3F8689003F5805385B0D3F8E06078
S214029820D3F8EC201640C3F8E86003F5A043D3F85B
S2140298300012D3F80C2201EA020AC3F808A2A3F522
S214029840005359691A6A01EA02088A4A08EA0202B9
S214029850DA61894BD3F80022910006D4D3F800319E
S2140298609A00C3F3407740F1E18006F02BFF834B6A
S214029870DA68DF6D12F0060F9A6E07EA020727F41F
S214029880800222F4006214BF4FF0010B4FF0000B6F
S2140298905A667B0704D57A4A537D0133DBB2537589
S2140298A006F014FFB9F1000F00F0DF8019F400444F
S2140298B027D006F007FF0146FFF7B0F96F4D0446C2
S2140298C0AA69AB699A42FCD0AA699342FCD0FFF718
S2140298D0A5F9A04240F0AC80084606F0F7FE694BB8
S2140298E01C60694BD3F8885015F4E05240F0A28011
S2140298F024F07F4424F0DF040CB9FFF7F7FD4FF0A5
S214029900807419F0020F4FF0000516D05E4B5F49C7
S214029910D3F8883003F46042C1F88820002A00F0A9
S2140299209E801D0400F19E8013F4005F0CBF4FF072
S21402993000534FF000631C430025C9F340394FEA39
S2140299404909534B3340002B4AD016F4206F0AD0F5
S21402995040F6050206210020FCF740FB0020FFF738
S21402996057FE26F48026F00506D5484BFF221A60DD
S21402997044F4C064FFF792F916F0090F0AD040F6D5
S2140299801A0208210020FCF729FBFFF735FE414B9F
S21402999001229A6216F0106F0CD040F623020921BB
S2140299A00020FCF71BFBFFF727FE0022114610469D
S2140299B0FCF762FF16F4202F0AD040F62B0207218E
S2140299C00020FCF70BFB0020FFF722FE26F4802681
S2140299D0F10301D5FDF7A0F8002EB8BF49F008093B
S2140299E072070DD52B4B5B6A13F4005F14BF2A4A2D
S2140299F02A4A4FF400531ABF536244F400045362D7
S214029A00730548BF44F0040416F4802600F0AA80CA
S214029A10FDF74CF80138062842D8DFE810F02E0190
S214029A2031012E01340137013A013A01BB4639E7CA
S214029A30044645E70192FFF759FD144B019AC3F815
S214029A40882015F4805307D115F4806F0CBF4FF0B1
S214029A5080544FF0806454E74FF0804451E74FF053
S214029A60007368E74FF0004365E74C464D4668E7EB
S214029A70000008400000F7FF00E100E00050084048
S214029A80002B0020F82A002000400840004008442E
S214029A90090B0B8900100840001008440010084605
S214029AA040F65C0203210020FCF798FA844A136E03
S214029AB0D2F8800003F007030633012101FA03F30C
S214029AC0C0F30C001B1A9BB2072B13D97D4BD3F89D
S214029AD0883058020ED47C48136B126DC06C58B195
S214029AE003F0070306339940C2F30C03C91A89B27E
S214029AF0072901D844F40074744B1B78002B31D02C
S214029B006F4BD3F8E03013F4A02F2BD1704B714A71
S214029B101B7893B9F90410D4137873B1E3086E492D
S214029B2043EA457383F00103D1F8E01E03F0010314
S214029B305B0021FA03F39B0714D10420FDF7E4FD32
S214029B40664B6749D966FFF7BDF8624A13782BB9A8
S214029B50644B654A1B682340134201D144F4804497
S214029B6027F48057BAF1000F1DD01AF4805F18BF91
S214029B7044F480241AF4807F18BF44F400241AF4B4
S214029B80005F18BF44F010041AF4007F18BF44F0B8
S214029B9020041AF4806F18BF44F040041AF4006FD1
S214029BA018BF44F08004B8F1000F48D018F4802F94
S214029BB018BF45F4007518F4803F18BF44F480546B
S214029BC018F4801F18BF44F4003418F4800F18BF2E
S214029BD044F0020418F4003F09D03A4BD3F8883018
S214029BE0580059D5414B1B68984704430D4318F457
S214029BF0000F18BF45F0100518F4002F1AD0364B88
S214029C00D3F8B03E13F0C00F14D02E4B5A68C2F3EE
S214029C100362032A01D0072A07D1D3F88C20D10683
S214029C2003D4D3F89020120739D54FF40022DA6114
S214029C3028F4002818F4001F18BF44F48004002FEC
S214029C4000F01381380540F18680294ADFF88CA09F
S214029C50D378002B52D0013B4FF40061DBB2CAF836
S214029C606410D37033B9234B1B78DBB1224B40F61A
S214029C700142DA66002300226BE044F4803415E7E2
S214029C8044F4006412E744F480640FE744F48074FA
S214029C900CE744F0080409E744F48014A7E744F408
S214029CA00014C7E7DAF8703013F4A05F15BF4FF45C
S214029CB0807340F60143CAF85030CAF87030D9E7CC
S214029CC00010084000400840000008405C320020B7
S214029CD05B3200205D320020001000210050084058
S214029CE000000101781B0020088D0100800D002075
S214029CF04C3200205F320020005008460320FDF759
S214029D0003FDDAF80C30AD48AD4913F0060F02BF7A
S214029D10AC4B41F61F72DA664FF40063CAF8643041
S214029D20DAF80C3013F0060308BFCAF87030C38A9C
S214029D3013F4006261D023F40063C3820B7803F04D
S214029D40FF0A002B5DD1FDF751FEFFF7CFFB53460E
S214029D5020221C431543B9010BD52E20FDF776FFB2
S214029D60984A4FF00073936602F17C4245F008056C
S214029D705366FA0608D52B20FDF768FF914A102392
S214029D80936602F17C42536617F4E00F05D1FB049A
S214029D905FD5BBF1000F00F0B780B80210D52920BE
S214029DA0FDF754FFFFF7CEF940B18749874A884B43
S214029DB053668B6687494968490425D445F00405ED
S214029DC017F4800BDFF804A22AD00420FDF79CFCCF
S214029DD02720FDF73BFFFFF789FB4FF48003CAF805
S214029DE064307D4BD3F8E02E520600F186807B4B22
S214029DF002221A6045F0020528E00B784FF4005361
S214029E00A7E74FF4004336E76E4920208B66536679
S214029E10FDF71CFF2D2045F00C05FDF717FFCFE7D9
S214029E20F80255D50420FDF76FFC2820FDF70EFF3B
S214029E30DAF87030002B48D1FFF758FB614A644BC2
S214029E40936602F17C4245F0010553665F4B0022A1
S214029E501A657A0509D5624A9378002B00F0A2802B
S214029E60013B9370002349EA03095B4BD3F8B03EEB
S214029E701B0603D52046294601F0A8FB4A46204683
S214029E802946FEF795FF0EB1FCF738FE18F4002FB0
S214029E9000F08D804F4B4FF40022DA6118F0206FED
S214029EA000F0898018F0007F01D0FDF737F918F02E
S214029EB0006F01D0FDF74EF9002200204FF400613A
S214029EC005B0BDE8F04FFEF773BFCAF870B0B5E74D
S214029ED0F904BBD50420FDF717FC424BCAF86C30D8
S214029EE0FDF784FDDAF85C3013F4A00FAED12A2019
S214029EF0FDF7ACFEFFF7FAFA73E7D3F8B03E980622
S214029F003FF578AF384B73E7354A13794BB1013BCF
S214029F10DBB2137113B92C4B344ADA6600231C43A6
S214029F2097E70420FDF7F0FB0320FDF7EDFB274B38
S214029F302C4ADA6606F0C6FB82460DF10F00FEF7E3
S214029F40EFF82B4B1B7883460BB1FEF7A7FEBBF14F
S214029F50030F0ED1DFF87CB00020FEF7E1F80328ED
S214029F6007D1DBF88C30D903F6D4DBF874300C2B2F
S214029F70F2D99DF80F30032B06D11E4B0122504614
S214029F801A7006F0A3FBC9E71B4BD3F8E03013F4B4
S214029F90A02FF2D1FEF796FE504606F097FB4FF43E
S214029FA08043BCE70220FDF7AFFB01235BE7B8F175
S214029FB0000F7FF473AF05B0BDE8F08F002B0020D2
S214029FC05F32002000500844005008460050084007
S214029FD01000000200400840001000210040084423
S214029FE04C32002000000101004008460000010D2E
S214029FF05E3200205B32002000100840034A012334
S21402A000136202F17C42D361704700BF00400844ED
S21402A0100B4B10B55C691A6A1440A2B2DA61E20709
S21402A02004D55868C0F30360FFF7E8FF630706D558
S21402A030BDE81040042200200021FEF7B9BE10BD84
S21402A040004008400C4A08B5136BD16B0B40936373
S21402A050DB070FD5094B18784FF42A62122100F05D
S21402A0600100FBF7BBFFBDE80840002201200021EB
S21402A070FEF79EBE08BD00BF00700840781B002099
S21402A080044BDA6FD207FCD41A6FD96F0A409A676C
S21402A090704700BF0030084070B50D46144606F003
S21402A0A011FB064BD3F8B06E74402C407440C3F8D4
S21402A0B0B04E06F00BFB06EA050070BD001000214C
S21402A0C0034BD3F8B03E99430CBF012000207047E3
S21402A0D00010002109490A4AD1F8EC0010B5042301
S21402A0E00124C2F8EC308C624FF4005151624107F1
S21402A0F044BF02F10072C2F8EC3010BD00100840F6
S21402A1000010084437B5204D0C4641B90A460721CF
S21402A110FFF7C2FF1D4BEC625C6003B030BD072246
S21402A1201146FFF7B9FF1A4B07225A60237985F8C2
S21402A1302C3063790193012101A80EF0F7FA019BF6
S21402A140C2B2D34000F00F0040EA031085F82D009B
S21402A150A27985F82E20E27985F82F2020682863D8
S21402A16083B1028801218B4205D82379013B13442F
S21402A170084A9361D1E730F81150AA4228BF2A460E
S21402A1800131F0E71A46F0E7001F00212C1F0021DC
S21402A190000008440000084010B5054C237823B19F
S21402A1A001F0B8FC0020207010BD0320FCE700BFC1
S21402A1B06132002008B501F097FC024B01221A70AA
S21402A1C0002008BD61320020431C07D0044B6FF00C
S21402A1D0FF029A6103F1007310409861704700BF56
S21402A1E00070084400F01803182B0AD003070AD49C
S21402A1F010F0100040F2011318BF1846034B986483
S21402A20070470020FAE70120F8E700BF001F002190
S21402A210344B2DE9F7431E6801F4007900F0010380
S21402A220174653EA090205460C462ED04FF00008A0
S21402A23003B30023002201200021CDE90088FEF7A7
S21402A240CFFD41463046FDF701FF414670830120AF
S21402A250FBF70CFD716B06F1A400FDF775FF2249B2
S21402A2600868FFF7B1FF4FF0FF330B60337C43F013
S21402A27004033374B9F1000F07D0012130460DF004
S21402A2803FFD24F4007405430C43D6E93E232A40DE
S21402A290234052EA030103D014493046096888472E
S21402A2A0FB070FD51249134A08681368002111608C
S21402A2B0114A0121117003B19847104B00215B68C7
S21402A2C00220984717F00E0F08D040F2F3123B21F7
S21402A2D0002003B0BDE8F043FBF780BE03B0BDE844
S21402A2E0F08300BF28280020780D00207C0D002077
S21402A2F0282B00202C2B002063320020580D002033
S21402A300F7B50446D4E93EC71046DDE908268CEACE
S21402A310020587EA06010540194085EA0C057940E0
S21402A320C4E93E5123F4004106EA010320F001008D
S21402A330002543F40073024043F00203CDE90055C2
S21402A340FEF74EFD237C9A0717D5D4F8FC309B0502
S21402A35013D54FF4881120460DF0D2FC237C65F30A
S21402A36041032374D4E93E2302400B4052EA030120
S21402A37003D00349204609688847002003B0F0BD91
S21402A3807C0D002038B10368044A002B08BF134630
S21402A390034A13607047014BFAE700BF7583030058
S21402A3A07C0D0020024B586B00F00F00704700BF78
S21402A3B0001F00210F2938B505460C460ED801F0BD
S21402A3C0A5F801280CD1074A536B23F00F03234349
S21402A3D0536328460EF026F9002038BD0120FCE71C
S21402A3E00220FAE7001F0021014B986B704700BF5E
S21402A3F0001F0021014B002099637047001F0021B7
S21402A40003282DE9F7434CD8274B13F80080274B37
S21402A4101E5C274B13F8009006F054F90746FEF729
S21402A42099FE054640B10023CDE900330022002301
S21402A43001200021FEF7D4FCFEF794FE48B100236B
S21402A440CDE900330022002300204FF40041FEF73E
S21402A450C7FC26B3174B5C6C04F00804164B314657
S21402A4605C644046FFF78EF84A4631464046FFF7A0
S21402A470F3F8124B5C6465B1114B1868416BA4305B
S21402A480FDF762FE0F490868FFF79EFE4FF0FF33A6
S21402A4900B60384603B0BDE8F04306F017B9344601
S21402A4A0DCE703B0BDE8F083B4AB0300B0AB030057
S21402A4B0ACAB030000000840000008440000084659
S21402A4C028280020780D0020104AD2F8883013F091
S21402A4D0A00F16D1D2F88C0010F0040013D10C4B4A
S21402A4E0D3F8E03E23F07F4323F0FF035BB15368CB
S21402A4F0C3F30362092A07D0B2F10C0018BF012089
S21402A5007047002070470120704700BF0040084097
S21402A5100010002170B50D4616460BB1FFF7DAFDA6
S21402A5200A480368026A03F00703063301249C40C4
S21402A530C2F30C03E41AA4B2B44228BF344622463D
S21402A5402946FCF743F9204670BD00BF00100840BC
S21402A55070B50D46064620B9194B1B68A3B10320F9
S21402A56011E000F0D3FF012828D1164B93F90040E2
S21402A570C4F11C04641BC4F11C03002BB8BF5B426D
S21402A580232B0CDD012070BD81EAE173A3EBE1739E
S21402A590DBB2232BF6D80B4B19700020F3E7B57409
S21402A5A006F090F8084A5369E40223F4FF2304F401
S21402A5B0FF241C43546106F089F8EEE70220E2E726
S21402A5C028280020603200200070084090F8C23030
S21402A5D053B9074BDA69920208D49B6F13F4706F73
S21402A5E014BF0120002070470020704701207047EA
S21402A5F000600840F8B5436B02EA010523EA01034E
S21402A6002B434363344A01F00B030C4623EA05014D
S21402A610516402F100722B4061070646536411D55D
S21402A6200121FFF7D3FF68B1FEF742FF15F0040FD2
S21402A63014BF2A4A2A4A4FF40073D361294B0422D4
S21402A640C3F88820E20606D515F0100F264B14BF75
S21402A65000221B22DA6423061DD52F0616D51F4BB1
S21402A6604FF400129A6103F17E430122C3F8F820E8
S21402A67006F028F80E2107460320FDF7ABFC1A4B1E
S21402A68040F201225A62384606F020F8294606F1C0
S21402A690A400FDF759FDE00503D5E90516D5FDF73B
S21402A6A063FCA20503D5AB0513D5FDF76DFC14F0CC
S21402A6B0600F09D0D6F8941030460DF05CFE0B4BB6
S21402A6C058640B4B80229A600020F8BDFDF744FCCC
S21402A6D0E7E7FDF751FCEAE7000008440060084699
S21402A6E0006008440040084400000840001F0021A3
S21402A6F000400840014B1868704700BF242B00201A
S21402A70037B5012300240022CDE900340023104689
S21402A7101946FEF765FB0220FCF7F6FF054D064BD1
S21402A72021461C6002206B6898472B6803B0BDE880
S21402A73030401847580D00202C2B00202DE9FF41F1
S21402A740022903900C461546984605D1FFF7D8FF16
S21402A750002004B0BDE8F081194E05F0B3FF33685F
S21402A76007463BB1AB4205D005F0B0FF002333608D
S21402A7700120EEE7134B3560C3F800800123002268
S21402A780CDE90033002310461946FEF729FB0E4B8F
S21402A790002502201D70FCF7B7FF22462B4603A9B0
S21402A7A00220FCF7CFFF094B039A1A60084B1B687E
S21402A7B004469847384605F089FF002CC8D1D5E7ED
S21402A7C02C2B0020282B002063320020242B002074
S21402A7D0580D0020044BDB6D5B055ABF034B1878FF
S21402A7E0012000F00100704700500840633200204C
S21402A7F0014B9869FDF700BC00600840014B986960
S21402A8000DF0AABC00600840437C5A1F012A01D9F9
S21402A810082B05D14B7C2BB1012B05D0022B05D082
S21402A8200DF0E7BD0248704702487047024870477D
S21402A83020A1070048E8010040420F0070B50E460E
S21402A84005F040FF054600F085FE044620B1284686
S21402A85005F03CFF204670BDFEF72AFE114B32780B
S21402A860D3F8E03E022A23F0F00316D0101F42422D
S21402A8704241520043EA02137278022A0FD0111F95
S21402A8804A424A41520043EA8213064AC2F8E03E6E
S21402A890054B0422C3F88820D9E70122EAE7012201
S21402A8A0F1E700BF001000210040084470B50E46D4
S21402A8B005F008FF054600F065FE044620B128466E
S21402A8C005F004FF204670BDFEF7F2FD104B32780D
S21402A8D0D3F8E03E022A23F00F0315D0101F42429F
S21402A8E04241520013437278022A0FD0111F4A4285
S21402A8F04A41520043EA8203054AC2F8E03E054B4B
S21402A9000422C3F88820DAE70122EBE70122F1E706
S21402A9100010002100400844F8B50E7890F8D07078
S21402A920044630460D46FCF747FA002844D094F811
S21402A930D030B34208D1AA88636C9A4204D16A889E
S21402A940B4F8D2309A4235D084F8D060AB88A4F8F6
S21402A950D4306B88A4F8D230AB886364FF23637567
S21402A96030460DF09DFB04F1D00520752846FCF715
S21402A9702FFD10BB2846FCF715FAF0B9D4F8903034
S21402A98053B194F8D010B94206D0B3F9122020463B
S21402A990E5F786FE84F8D9002046FCF7F3FB094962
S21402A9A0A4F8D400084AD1F8F810012304F1A40050
S21402A9B0FDF702FF0020F8BD01200E2384F8D030F8
S21402A9C0F9E700BF001F0021681F002170B5054689
S21402A9D090F8D0000E280C461DD0FF291DD01AB1C3
S21402A9E00F4B4FF0FF321A600DF05AFB064695F8F1
S21402A9F0D000FCF78BFA844228BF0446E4B2B44285
S21402AA0038BF3446E0B26875FCF71CFBA0F1FF03C2
S21402AA105842584170BD0220FCE70120FAE700BF09
S21402AA20600D0020C36B012B01D10020704770B56A
S21402AA30364BD0F89060D3F8F830C0F8943086B031
S21402AA403146058B04460DF066FCB3898DF8060088
S21402AA50D6E90121EB1A9BB201FB032268460021CC
S21402AA60ADF804300092FDF76DFD38B9284B228B05
S21402AA70DA63FCF77BFC20B106B070BD022006B09C
S21402AA8070BD227C60F3410222740DF063FBD4F8A1
S21402AA9090305969431EDBB209680291FD2B0246CB
S21402AAA00BD9CD1C09D91B4B01311B680CD0D81C05
S21402AAB007D802A92046029301E002A920460DF01B
S21402AAC0CBFA002006B070BDD91C04D802A92046D5
S21402AAD002930DF0C1FAD4F8FC309B0504D4237C13
S21402AAE043F002032374ECE74FF4803120460DF066
S21402AAF007F9D4E93E2302400B4052EA0301E0D0B4
S21402AB000549204609688847DBE700BF001F002189
S21402AB1000300840680D00207C0D002038B590F803
S21402AB20DC400546ACB105F0CDFD0A4B1F22DA61CA
S21402AB30013C03F100731440DC6103F17A43D5F85B
S21402AB40E0201A66D5F8E4205A66BDE8384005F0DB
S21402AB50BDBD38BD006008442DE9F74F06461546D0
S21402AB60084619B9012003B0BDE8F08F002AF9D0D3
S21402AB70032904D80021FBF7E3FF0028F2D08278ED
S21402AB800488037990F805B0C788B0F90000002859
S21402AB9002F00701C0F2D280A1F1070CDCF100003E
S21402ABA040EB0C00052928738CBFC2F3001000206E
S21402ABB0C2F3801C6873900985F810C000F002008A
S21402ABC0C2F3C00C40EA0C00C2F340126874AA74C6
S21402ABD0AF820BB996F8CA30013BDBB2EB74736BEB
S21402ABE0D80600F197800639012900F29380544B6B
S21402ABF0DB6C544B5A6B1B6B03F0070306334FF0A8
S21402AC00010909FA03F909F1FF39083C42F0005834
S21402AC1004EA0904002318F804A0AB60013404EA2D
S21402AC200904631D03EA09035A1C02EA090218F81A
S21402AC30037018F80220BAF1800F47EA0227727CE6
S21402AC4018BFAAF1320A3BB214BF4FFA8AFA6FF063
S21402AC507F0AC7F30B079AB30020D6F89C300BB1D5
S21402AC6051469847631C03EA0903E87385F80EA069
S21402AC7018F80310013303EA090318F80320013316
S21402AC8003EA090341EA022118F80320013303EA22
S21402AC90090341EA024118F803006A7C002341EAEC
S21402ACA000613046FDF792FE2860737C042B03D1C8
S21402ACB0042FDCBF033028600423AB71002052E768
S21402ACC0D90423D5D6F894309BB11A68022A10D933
S21402ACD093F82400FB0008B1B3FBF0F39B45BBD806
S21402ACE0002BB9D0CBEB0B20B0FBF3F0C043C0B2C5
S21402ACF0B3E729463046FFF787FD019030460DF050
S21402AD0068FB019BB3FBF0F0C0B2E3E718F804005F
S21402AD104000ECE70023EB730B4BDA68C2F3072321
S21402AD20120448BF63F0FF035AB212F1800F1CBF31
S21402AD30323B5AB20023AA732B60BEE7022012E708
S21402AD4000000840001008400070084070B50A4B2A
S21402AD500A4DD3F8EC604FF48064C5F8EC4000204E
S21402AD60FEF756FC4FF400536B65730544BF044B65
S21402AD70C3F8EC4070BD00BF001008400010084445
S21402AD8000100846082318B1024AC2F888307047F5
S21402AD90014AFAE70040084600400844F8B504466F
S21402ADA00E4611B9037C5A065FD4464BA18BD3F8E4
S21402ADB08420D4F8947012F4E05F04BF2022C3F813
S21402ADC010224FF6FF73994260D03F4B1B68002B50
S21402ADD05CD03E4D20469847D4F894102A688A42A2
S21402ADE007D020460DF0C7FA394B5864394B8020FD
S21402ADF0986097424FD0384B1B684BB11FB13A68E8
S21402AE00002A58D0BF68394620469847D4F894108E
S21402AE1008460DF0C8FA002849D03049FDF72EFC46
S21402AE2007272046FCF7AEF9002E36D02C4B94F9B5
S21402AE30122093F900302B49D4F89400C3F11C0376
S21402AE409B1A4A69DB0222F4FF2203F4FF23134310
S21402AE50254A4B61254B28600621116720460122B0
S21402AE601A700DF0DFFB0020F8BD61F38613154A59
S21402AE700374D2F88430D0F894704FF6FF7113F44E
S21402AE80E05F818302D12023C2F810320F4D2A6878
S21402AE90BA423946A5D10127C3E70D4B0F4AD3F86C
S21402AEA0F81004F1A4003B46FDF786FCBEE72046F8
S21402AEB00CF06FFEB1E71746394620469847D4F89D
S21402AEC09410A5E700600840202B0020182B0020D5
S21402AED0001F0021004008401C2B0020681F002194
S21402AEE060320020007008400000084462320020F1
S21402AEF0B1F5007F38B50C461BD200F007FB0128DF
S21402AF00054618D1E6F746FA002211460220E6F771
S21402AF1075F90A4B0A4A1A6303F10073E402022027
S21402AF201C632A462946E6F769F9E6F703FA002083
S21402AF3038BD0120FCE70220FAE700BF00400E44BD
S21402AF4000F80F000248482200210DF0CEBC00BFD8
S21402AF50E41E0021002373B583746423C0E92C33F6
S21402AF60C0E92E334FF0FF35C0F8AC30A0F8C03041
S21402AF700E264FF6FF73C0E9075580F8D060456489
S21402AF808582837504461120E5F7FEFE042834D137
S21402AF901B4B5B6813F4403F2FD12046FEF7EAF8BE
S21402AFA02046FFF7CFFF94F912102046FFF7D0FA9B
S21402AFB0144A6023536402F5805240F6FF715162D0
S21402AFC05165114A5364114B4022C3F88820626BC4
S21402AFD029462046FFF70EFB002240F202231046C7
S21402AFE01946CDE90066FDF7FBFEFBF779FF204622
S21402AFF002B0BDE87040FAF7CDBF022002B070BDC5
S21402B00000300E4000000840000008460040084499
S21402B01070B50C68B0F8D4208D680346013404BFBE
S21402B020D3F8AC400C604C68013404BFD3F8B84087
S21402B0304C606E1C00F1A40038D1D3F8B440CE6840
S21402B0408C60751C38D1D3F8B0500E69CD600136CD
S21402B05004BFD3F8A4600E614E69013604BFD3F86C
S21402B060A8604E618E69013604BFD3F8BC608E615B
S21402B0708E693EB34132B24238BF32460E688A61AA
S21402B080C3F8B4404C68C3E92E420A69C3F8A42048
S21402B0904A690D49C3F8A820C3E92B650B4AD1F8C3
S21402B0A0F8100723FDF788FB002070BD02F141046B
S21402B0B0AC4238BF2C46C2E702F16405B54238BF3F
S21402B0C03546C2E76422D9E7001F0021681F002127
S21402B0D038B5084D04462868003818BF0120621C9F
S21402B0E0214600F0F3FC2B68003B18BF0123A37037
S21402B0F0002038BD302B002038B5054C054B417872
S21402B10000782568236000F057FC00B1256038BD42
S21402B110302B0020C0AB030070B505F0D3FA0C4EFE
S21402B120054600F0F3F9012804D0284605F0CEFAC9
S21402B130022070BD736813F0706FC3F30364F0D11E
S21402B140F36BDB06EDD5284605F0C0FA2046F0E79D
S21402B15000400840074B1B684BB10028064A074BC5
S21402B16008BF00231360064B1870002070470220A9
S21402B170704700BF302B0020342B0020B8AB0300F2
S21402B18064320020014B1878704700BF64320020FA
S21402B19038B505F097FA0B4A13884FF6FF718B42C3
S21402B1A003D105F093FA032038BD074C074DE56539
S21402B1B004F100741B04E365118005F087FA002091
S21402B1C0F2E700BF48100020006008440000FFFFBE
S21402B1D008B50E4BD3F8B4305A1C15D05B0013D406
S21402B1E00B4B1B78012B0FD9082B0DD00320FFF732
S21402B1F007F9084B4FF08062C3F89420064A4FF4D2
S21402B200007151620122DA6008BD00BF0081E00FC2
S21402B210671000200040084600000840064B1A6CE3
S21402B220092302F00302D34013F0010F40F6E44074
S21402B23008BF4FF4E160704700300E402DE9F3413D
S21402B24005460F461646FFF73FF9A0B1DFF85482CF
S21402B250D8F80C30DB0704D40324204602B0BDE83D
S21402B260F08105F02FFA04460320FCF777FB20B1A5
S21402B270204605F02BFA0224EFE7D8F80C3013F03C
S21402B280060FF5D1204605F021FA7A4B4FF40061FD
S21402B2902846D3F8E08ED3F8B84EFEF711FF40B139
S21402B2A0754B4FF400720121C3F888200846FAF75E
S21402B2B0DDFC39462846FAF72BFE6E4BC3F8B84E2D
S21402B2C0C3F8E08E04460028C7D12B7CDF0601D4E3
S21402B2D0002E58D0C6F34000FEF7B0F816F4807F72
S21402B2E014BF664A644A4FF002031BBFC2F8883096
S21402B2F0634AC2F8883000211CBFD1609362FEF711
S21402B300D7F816F0040F14BF5E4A5F4A4FF4806304
S21402B310D361594B042216F0400FC3F8882014BF9D
S21402B3205A4A5B4A40233046C2F88030FEF75AFF3C
S21402B33028460DF0AFF840B116F0010F14BF4F4A81
S21402B3404D4A4FF48073C2F88830B00643D56B8CF2
S21402B3504FF6FF7293420FD04E4A4F49D26D100CF1
S21402B360C2F30112088001324749B3FBF2F3454AA1
S21402B3704A48C8651B04D3652B7C003E18BF0126CD
S21402B38066F304132B7428460DF049F9C8B3284611
S21402B3900DF080F8D0B14FF400312846FEF790FE4B
S21402B3A0431C9BB20322364801A90CF00FFE9DF8FF
S21402B3B0042002F00703052B9DF8053014D111076F
S21402B3C00CD443F48073364AC2F8C030FFF726FF27
S21402B3D0FBF79CFC41E7FFF7DBFECDE713F0040F1B
S21402B3E009D19DF80630ECE703F03002202A05D199
S21402B3F013F0010FF4E74FF48073E4E79DF806308C
S21402B400E1E728460DF06DF90028DFD028460DF05A
S21402B41041F80028DAD0EB7CA3F10C02012A16D8F8
S21402B4202B8B032B19D01E4B93F8C93003F007035E
S21402B430072B16D0124806210CF0D1FD421C3FF411
S21402B4400BAF00F00F00164B83F8C800BEE70F2BB9
S21402B450E6D0102BE4D00E2B01D1092102E0112BED
S21402B460E0E7082106480CF0BAFD431C3FF4F4AEB0
S21402B470C0B2E8E700100021004008440040084639
S21402B4800010084000600846006008440070084645
S21402B4900070084400600840481000200000FFFFCB
S21402B4A0001E002100500840054BD3F8880003F127
S21402B4B080634FF40022C3F88820C0F3C040704770
S21402B4C000400840014B024A1A6070471C2B0020BD
S21402B4D005A10200024BD86800F00100704700BFC9
S21402B4E000500840084BDA68D10707D508B9FCF7C0
S21402B4F0E5B8DB68DA0706D4FCF7D2B8DB68DB0708
S21402B50001D40028F8D17047005008400F4B5B6802
S21402B510C3F30363013B0B2B0FD8DFE803F00606E9
S21402B5200C06060606080A080808022070470420C9
S21402B53070470520704703207047054BDB6813F001
S21402B540060F0CBF01200420704700BF00400840D1
S21402B550005008400A4A5368C3F303630B2B08D013
S21402B5606FF49050184100F0010080F00100400096
S21402B5707047D2F8880010F48030ECD1704700BFD4
S21402B580004008400C4A5368C3F30363062B07D8EF
S21402B590042BD8B20CD8C31E5842584140007047FC
S21402B5A0072B07D1D2F8440110F00050EBD17047B8
S21402B5B0022070470020704700400840024B1B687C
S21402B5C003B11847704700BF3C2B0020024B1B6894
S21402B5D003B11847704700BF382B002070B5174CD0
S21402B5E0174D0F2311F0010FE365164B19D04AB918
S21402B5F00122DA65C4F8FC50026CC2F31302C3F8E7
S21402B600FC2070BD0222DA65C4F8FC50026CC2F35C
S21402B6101302C3F8FC200C4BC1640222C3F8B82004
S21402B620EFE70226DE65C4F8FC50046CC4F313048C
S21402B630C3F8FC40002AE4D0EDE700BF00600844EF
S21402B640FFFF0F00006008460010084013B5437C59
S21402B650033BDBB2072B96BF104A0021D15C04469F
S21402B660FEF7C8FE0120FCF7FFFA0D4B4FF4F0621E
S21402B6705A6403F100734FF400725A64637C053B0C
S21402B680012B08D8074B04211B6E019301220DEBF8
S21402B6900100FBF7F1F802B010BD00BFCCAB03000F
S21402B6A00000084400600840012310B580F8C2304C
S21402B6B02823C0F8A83004234374054B04461968AF
S21402B6C00CF069FA2046FFF7C1FF002010BD00BF4C
S21402B6D054CA0300012310B580F8C2302823C0F8EC
S21402B6E0A83002234374054B044619680CF053FA3B
S21402B6F02046FFF7ABFF002010BD00BF58CA03006C
S21402B700012910B5044604D90239012914D90320A7
S21402B71011E00B4B19680523012284F8C2204FF46E
S21402B720BC72C4F8A820637420460CF034FA204693
S21402B730FFF78CFF002010BD024B19680623EBE7CB
S21402B74050CA03004CCA030030B5134D134C0723EE
S21402B7506B63134B69B1442140F04000D962186311
S21402B760012363634FF4804392B1C4F8A0300A4ABF
S21402B77007E0D962094A19634FF480436163C4F84B
S21402B780A030C2F8A430C2F8A830C2F8AC3030BD3F
S21402B790C5F8A030EBE700BF0000084400000846EA
S21402B7A00000084010B50C4CD4F8003203F0070233
S21402B7B0022A0BD003F00303012B0AD105F062FA2A
S21402B7C0D4F8183203F00303D84010BDE7F7C8F8E0
S21402B7D0F6E70020F4E700BF00400E402DE9F74FE1
S21402B7E0DFF8ECB08146DBF800A00F46FCF7CCF899
S21402B7F04FF0FF35CDE9000100202C46064606F143
S21402B80010031B015BF8033003F00308B8F1010FC5
S21402B81015D13046FCF7D0F802460B46DDE90001AA
S21402B820FBF760FFDBF85C3006F10802D340DB076B
S21402B83037D5002F3ED000253E602C4640460136C6
S21402B840052EDCD150B3224F396B0131A4FB0141E6
S21402B85064190AF4403341F10001B3F5003F4FF09A
S21402B86000022FD1FB6A0AF4405A013342F1000665
S21402B870BAF5805F21D1BD6A15F5807542F10002E6
S21402B8806E4303FB0266A5FB03323244594304FBB4
S21402B8900212A3FB04341444C9E9003403B0BDE821
S21402B8A0F08FA84271EB0403C8D207B13E6005468A
S21402B8B00C46C3E73D463C46C0E7320242EA136204
S21402B8C01B02E3E7BB6A13F5807342F10002DDE771
S21402B8D0005008402DE9F843264C274DDFF89C809F
S21402B8E004F0F0FE0023A76EA366D4F800212A61B6
S21402B8F02A7B120442F00302C4F800216A7B064641
S21402B900501CC0B201218140C8F810104FF480715B
S21402B9106166D8F8041008320131A96048F822108E
S21402B920AA680132D8F80410E06D10F4807914D1B8
S21402B9308A42F7D13BB1304604F0C8FEC3221A2130
S21402B9404846FAF74BFB6A7BAB680C49083202336F
S21402B950AB6041F822300123E2E74FF4807363665E
S21402B960074BA7660122C3F800213046BDE8F8431C
S21402B97004F0ACBE00500840002B002000400440FB
S21402B98000500844024B99685A690A401A61704787
S21402B9900040044008B5FFF7F5FF054B5B7B01331B
S21402B9A00122DBB202FA03F3024A136108BD00BFAA
S21402B9B0002B0020004004400B2870B575D80129E2
S21402B9C073D83B4D3B4B287369731B6858002ED4C3
S21402B9D0394B3A4AD3F890400123A10513605ED44E
S21402B9E022045ED414F080045DD140F21F121B21A3
S21402B9F02046FAF7F3FA304AD2F8003223F0070369
S21402BA002343C2F800322E4B0122C3F81022A3F5BC
S21402BA10202303221A60294A0723536102F17C423B
S21402BA201361244B4FF08042C3F880211A60012133
S21402BA304FF48A40E5F7FCF86B7B2A7B21490133F9
S21402BA40143243F4801343F4805341F82230FCF757
S21402BA501FFA4608C407FFF7A5FE00230246314632
S21402BA60204600F05FFF090241EA1061C0F3C050B1
S21402BA7040EA4100144B2860986A10F5807005D1A0
S21402BA804FF4E1722B21FAF7A9FA022002460023AC
S21402BA900020012100F046FF6860002070BD0224ED
S21402BAA0A9E70524A7E71C46A5E70120F6E700BF9D
S21402BAB0002B002000E100E000400E40004004445D
S21402BAC000400E4600600E400050084028B1054B6C
S21402BAD0187B08705B7B1370704707230B7001237B
S21402BAE0F9E700BF002B002010B504F0EBFD04467A
S21402BAF0FFF7F0FE054B02225A60054B0122204654
S21402BB00BDE810401A7004F0E1BD00BF00500840C6
S21402BB10653200200C490B78A3B10C4B5A7B0123EB
S21402BB20013293400A4A53610A4B4FF08042C3F8EF
S21402BB30802100230B70084BD3F80C01D3F80411B4
S21402BB4000F0A8B8704700BF65320020002B002026
S21402BB500040044400E100E00050084010B50446EE
S21402BB60FFF720FE604300F5F420034B00F59070CB
S21402BB70B0FBF3F010BD00BF40420F002DE9F04FBE
S21402BB8085B0FFF7EBFF044604F09CFDDFF8FC905F
S21402BB90DFF8FC800021054602A889F80010FFF7AE
S21402BBA01DFE364BD8F804605B6813F0706F1ED12A
S21402BBB0DFF8CCA0DAF80C7017F0060717D1E0B160
S21402BBC0FCF766F9611DA1FB00B10191FFF7EAFDE2
S21402BBD03B4602460199584600F0A4FEDDE902B350
S21402BBE0090241EA10610002584599410ED32846DF
S21402BBF005B0BDE8F04F04F069BDFFF76BFE204BC1
S21402BC0002225A60012389F80030F0E70193FFF719
S21402BC1061FEFFF7C7FD019B4FEA1B2242EA036261
S21402BC20A0FB02B21B0A00FB03210191FCF730F9CC
S21402BC30019902463B46584600F074FE11494A7B7B
S21402BC409300013403F14023361B03F58023064498
S21402BC501E62561CF7B2012202FA07F7B2400A4EDB
S21402BC60C8F810707261D8F804201B6A241AD31A16
S21402BC70A342C4D20B69CAF80031B8E700400840B4
S21402BC8000500840002B0020004004466532002089
S21402BC90004004402DE9F74F7B4C7C4A237B019100
S21402BCA01B0593607A4EDFF8FC814FF400339360F5
S21402BCB002237360D8F8043005465F1E4FF0000971
S21402BCC0DB1B002B40F3B28009F10109B9F1020F28
S21402BCD046D9DB220D210020FAF780F96C4E6D4A18
S21402BCE04FF0807373662369C6F80031237B1B0509
S21402BCF043F40033936004F0E5FCD6F818C0D6F897
S21402BD005CE000210B464FF4807801F1100212012C
S21402BD10B25802F00302012A10D108FA01F212EA1E
S21402BD200E0F0BD106EB0117AC45D7F80C71C0F01D
S21402BD308480BD4202D2BC4580F082800131052952
S21402BD40E3D1554E316801297DD923B1E28A1A43DF
S21402BD50E2824F4A136603B0BDE8F04F04F0B6BC69
S21402BD6004F0B0FC4FF0807300907366637BD8F8E3
S21402BD7004700833013748F823703368D90352D564
S21402BD80A36822680198FB1AA3FB02ACB36A03F508
S21402BD90807E6368ACFB0321AAFB03B39B1841F1C8
S21402BDA00001AEFB032BBAEB02020EFB01BB6CEBEF
S21402BDB00B0C120A42EA0C620244B2EB1E2F4FEA46
S21402BDC01E2C04D3013341F10001A2EB0C02ACF1AC
S21402BDD0040C624528BF62463261627DD6F818C0FE
S21402BDE0EB18D2B241F100016545D6F830C084BFE7
S21402BDF002F1FF32D2B2BCF1FF3F0ED04FF0000A82
S21402BE000CF1010E9C457AEB010B08D20132B3EB22
S21402BE100E03D2B261F10001F4E70A44D2B202F094
S21402BE2003026275B361009804F050FCD8F804303F
S21402BE30F26DD2017FF544AF50E7BD42BFF47BAF4F
S21402BE401A4393B27AE7154A1578142D01BF0025D6
S21402BE50134F15703D70157801351570002B3FF4A1
S21402BE607AAFE58A1D43E582094C23660C4C23789B
S21402BE700133DBB2022B23707FF46DAF0023013156
S21402BE8031601370237066E7002B002000500846CE
S21402BE900050084000500844842A002067320020E0
S21402BEA0663200200040044081F0004102E000BFFC
S21402BEB083F0004330B54FEA41044FEA430594EA63
S21402BEC0050F08BF90EA020F1FBF54EA000C55EA9E
S21402BED0020C7FEA645C7FEA655C00F0E2804FEA6F
S21402BEE05454D4EB5555B8BF6D420CDD2C4480EA51
S21402BEF0020281EA030382EA000083EA010180EA81
S21402BF00020281EA0303362D88BF30BD11F0004FCE
S21402BF104FEA01314FF4801C4CEA113102D0404204
S21402BF2061EB410113F0004F4FEA03334CEA13333F
S21402BF3002D0524263EB430394EA050F00F0A78057
S21402BF40A4F10104D5F1200E0DDB02FA0EFC22FA52
S21402BF5005F2801841F1000103FA0EF2801843FA46
S21402BF6005F359410EE0A5F120050EF1200E012A37
S21402BF7003FA0EFC28BF4CF0020C43FA05F3C01875
S21402BF8051EBE37101F0004507D54FF0000EDCF1EE
S21402BF90000C7EEB00006EEB0101B1F5801F1BD397
S21402BFA0B1F5001F0CD349085FEA30004FEA3C0C9B
S21402BFB004F101044FEA445212F5800F80F09A8091
S21402BFC0BCF1004F08BF5FEA500C50F1000041EB95
S21402BFD0045141EA050130BD5FEA4C0C404141EB99
S21402BFE00101013C28BFB1F5801FE9D291F0000F94
S21402BFF004BF01460020B1FA81F308BF2033A3F143
S21402C0000B03B3F120020CDA0C3208DD02F1140C39
S21402C010C2F10C0201FA0CF021FA02F10CE002F174
S21402C0201402D8BFC2F1200C01FA02F120FA0CFC6D
S21402C030DCBF41EA0C019040E41AA2BF01EB0451B6
S21402C040294330BD6FEA04041F3C1CDA0C340EDCB4
S21402C05004F11404C4F1200220FA04F001FA02F3F7
S21402C06040EA030021FA04F345EA030130BDC4F1B5
S21402C0700C04C4F1200220FA02F001FA04F340EAAA
S21402C0800300294630BD21FA04F0294630BD94F05B
S21402C090000F83F4801306BF81F480110134013D42
S21402C0A04EE77FEA645C18BF7FEA655C29D094EAB3
S21402C0B0050F08BF90EA020F05D054EA000C04BF31
S21402C0C01946104630BD91EA030F1EBF002100201C
S21402C0D030BD5FEA545C05D14000494128BF41F0BB
S21402C0E0004130BD14F580043CBF01F5801130BD1F
S21402C0F001F0004545F0FE4141F470014FF00000AA
S21402C10030BD7FEA645C1ABF194610467FEA655C5A
S21402C1101CBF0B46024650EA013406BF52EA0335FC
S21402C12091EA030F41F4002130BD00BF90F0000FEA
S21402C13004BF0021704730B54FF4806404F1320426
S21402C1404FF000054FF0000150E700BF90F0000FDF
S21402C15004BF0021704730B54FF4806404F1320406
S21402C16010F0004548BF40424FF000013EE700BFD6
S21402C17042004FEAE2014FEA31014FEA02701FBF66
S21402C18012F07F4393F07F4F81F06051704732F098
S21402C1907F4208BF704793F07F4F04BF41F40021EF
S21402C1A0704730B54FF4607401F0004521F000414D
S21402C1B01CE700BF50EA010208BF704730B54FF0D7
S21402C1C000050AE050EA010208BF704730B511F0D8
S21402C1D0004502D5404261EB41014FF4806404F110
S21402C1E032045FEA915C3FF4D8AE4FF003025FEA96
S21402C1F0DC0C18BF03325FEADC0C18BF033202EB1A
S21402C200DC02C2F1200300FA03FC20FA02F001FA73
S21402C21003FE40EA0E0021FA02F11444BDE600BF16
S21402C22070B54FF0FF0C4CF4E06C1CEA11541DBFC5
S21402C2301CEA135594EA0C0F95EA0C0F00F0DEF890
S21402C2402C4481EA030621EA4C5123EA4C5350EA75
S21402C250013518BF52EA033541F4801143F48013C6
S21402C26038D0A0FB02CE4FF00005E1FB02E506F057
S21402C2700042E0FB03E54FF00006E1FB03569CF0AC
S21402C280000F18BF4EF0010EA4F1FF04B6F5007FB2
S21402C29064F5407404D25FEA4E0E6D4146EB060624
S21402C2A042EAC62141EA55514FEAC52040EA5E50AD
S21402C2B04FEACE2EB4F1FD0C88BFBCF5E06F1ED857
S21402C2C0BEF1004F08BF5FEA500E50F1000041EB8E
S21402C2D0045170BD06F0004646EA010140EA02003B
S21402C2E081EA0301B4EB5C04C2BFD4EB0C0541EA5D
S21402C2F0045170BD41F480114FF0000E013C00F372
S21402C300AB8014F1360FDEBF002001F0004170BD95
S21402C310C4F10004203C35DA0C341BDC04F11404AE
S21402C320C4F1200500FA05F320FA04F001FA05F23A
S21402C33040EA020001F0004221F0004110EBD37007
S21402C34021FA04F642EB06015EEA430E08BF20EA33
S21402C350D37070BDC4F10C04C4F1200500FA04F3D6
S21402C36020FA05F001FA04F240EA020001F0004168
S21402C37010EBD37041F100015EEA430E08BF20EADB
S21402C380D37070BDC4F1200500FA05F24EEA020E23
S21402C39020FA04F301FA05F243EA020321FA04F052
S21402C3A001F0004121FA04F220EA020000EBD37009
S21402C3B05EEA430E08BF20EAD37070BD94F0000F09
S21402C3C00FD101F00046400041EB010111F4801F3D
S21402C3D008BF013CF7D041EA060195F0000F18BFEE
S21402C3E0704703F00046520043EB030313F4801F2A
S21402C3F008BF013DF7D043EA0603704794EA0C0FE4
S21402C4000CEA135518BF95EA0C0F0CD050EA4106F9
S21402C41018BF52EA4306D1D181EA030101F0004176
S21402C4204FF0000070BD50EA410606BF104619469E
S21402C43052EA430619D094EA0C0F02D150EA0136AA
S21402C44013D195EA0C0F05D152EA03361CBF1046EB
S21402C45019460AD181EA030101F0004141F0FE418A
S21402C46041F470014FF0000070BD41F0FE4141F40E
S21402C470780170BD70B54FF0FF0C4CF4E06C1CEA0E
S21402C48011541DBF1CEA135594EA0C0F95EA0C0FC3
S21402C49000F0A7F8A4EB050481EA030E52EA03357E
S21402C4A04FEA013100F088804FEA03334FF080559F
S21402C4B045EA131343EA12634FEA022245EA1115CC
S21402C4C045EA10654FEA00260EF000419D4208BF7D
S21402C4D0964244F1FD0404F5407402D25B084FEA2A
S21402C4E03202B61A65EB03055B084FEA32024FF4D6
S21402C4F080104FF4002CB6EB020E75EB030E22BF33
S21402C500B61A754640EA0C005B084FEA3202B6EBF2
S21402C510020E75EB030E22BFB61A754640EA5C00A1
S21402C5205B084FEA3202B6EB020E75EB030E22BF31
S21402C530B61A754640EA9C005B084FEA3202B6EB32
S21402C540020E75EB030E22BFB61A754640EADC00F1
S21402C55055EA060E18D04FEA051545EA16754FEA53
S21402C56006164FEAC30343EA52734FEAC2025FEA71
S21402C5701C1CC0D111F4801F0BD141EA00014FF000
S21402C58000004FF0004CB6E711F4801F04BF0143D1
S21402C5900020B4F1FD0C88BFBCF5E06F3FF6AFAEED
S21402C5A0B5EB030C04BFB6EB020C5FEA500C50F17D
S21402C5B0000041EB045170BD0EF0004E4EEA113100
S21402C5C014EB5C04C2BFD4EB0C0541EA045170BD07
S21402C5D041F480114FF0000E013C90E645EA060E4B
S21402C5E08DE60CEA135594EA0C0F08BF95EA0C0F79
S21402C5F03FF43BAF94EA0C0F0AD150EA01347FF4C1
S21402C60034AF95EA0C0F7FF425AF104619462CE797
S21402C61095EA0C0F06D152EA03353FF4FDAE1046FA
S21402C620194622E750EA410618BF52EA43067FF44B
S21402C630C5AE50EA41047FF40DAF52EA43057FF4DB
S21402C640EBAE12E74FF0FF3C06E000BF4FF0010CE6
S21402C65002E000BF4FF0010C4DF804CD4FEA410C4A
S21402C6607FEA6C5C4FEA430C18BF7FEA6C5C1BD017
S21402C67001B050EA410C0CBF52EA430C91EA030F98
S21402C68002BF90EA020F0020704710F1000F91EAF5
S21402C690030F58BF994208BF90422CBFD8176FEAC3
S21402C6A0E37040F0010070474FEA410C7FEA6C5C91
S21402C6B002D150EA013C07D14FEA430C7FEA6C5C98
S21402C6C0D6D152EA033CD3D05DF8040B704700BFC4
S21402C6D08446104662468C461946634600E000BF12
S21402C6E001B5FFF7B7FF002848BF10F1000F01BDE4
S21402C6F04DF808EDFFF7F4FF0CBF012000205DF8AF
S21402C70008FB00BF4DF808EDFFF7EAFF34BF012033
S21402C71000205DF808FB00BF4DF808EDFFF7E0FFCC
S21402C72094BF012000205DF808FB00BF4DF808ED1D
S21402C730FFF7CEFF94BF012000205DF808FB00BF84
S21402C7404DF808EDFFF7C4FF34BF012000205DF866
S21402C75008FB00BF4FEA410212F5001215D211D5AE
S21402C7606FF47873B3EB625212D94FEAC12343F0E7
S21402C770004343EA505311F0004F23FA02F018BF69
S21402C780404270474FF00000704750EA013005D132
S21402C79011F0004008BF6FF0004070474FF00000F5
S21402C7A0704700BF4A0011D212F5001211D20DD501
S21402C7B06FF47873B3EB62520ED44FEAC12343F0A0
S21402C7C0004343EA505323FA02F070474FF000004A
S21402C7D0704750EA013002D14FF0FF3070474FF0F9
S21402C7E0000070474FEA4102B2F1E04324BFB3F5BE
S21402C7F0001CDCF1FE5C0DD901F0004C4FEAC002D1
S21402C8004CEA5070B2F1004F40EB830008BF20F0B4
S21402C8100100704711F0804F21D113F13872BCBF6E
S21402C82001F00040704741F480114FEA5252C2F1C3
S21402C8301802C2F1200C10FA0CF320FA02F018BF0C
S21402C84040F001004FEAC1234FEAD32303FA0CFC5F
S21402C85040EA0C0023FA02F34FEA4303CCE77FEAEE
S21402C860625307D150EA01331EBF4FF0FE4040F438
S21402C8704000704701F0004040F0FE4040F40000E7
S21402C880704700BF7BB972B90029BEBF00204FF0C7
S21402C890004106E008BF00281CBF6FF000414FF0C1
S21402C8A0FF3000F0B5B9ADF1080C6DE904CE0029F1
S21402C8B009DB002B1ADB00F04DF8DDF804E0DDE9B9
S21402C8C0022304B07047404261EB4101002B1BDBA0
S21402C8D000F040F8DDF804E0DDE9022304B040424F
S21402C8E061EB4101524263EB43037047524263EBF2
S21402C8F0430300F02FF8DDF804E0DDE9022304B07C
S21402C900404261EB41017047524263EB430300F041
S21402C91021F8DDF804E0DDE9022304B0524263EBBD
S21402C9204303704753B94AB9002908BF00281CBF01
S21402C9304FF0FF314FF0FF3000F06AB9ADF1080C4E
S21402C9406DE904CE00F006F8DDF804E0DDE9022326
S21402C95004B070472DE9F047089D0C46002B4ED1D7
S21402C96094468C458646B2FA82F262D94AB1C2F140
S21402C9702003914020FA03F30CFA02FC194300FA52
S21402C98002FE4FEA1C471FFA8CF6B1FBF7F44FEA99
S21402C9901E4307FB141143EA014304FB06F19942C6
S21402C9A00AD91CEB030304F1FF3080F0138199428D
S21402C9B040F21081023C6344591A1FFA8EF3B1FB0F
S21402C9C0F7F007FB101143EA014300FB06F69E420E
S21402C9D00AD91CEB030300F1FF3180F0FD809E4272
S21402C9E040F2FA80634402389B1B40EA044000216E
S21402C9F01DB1D3400022C5E90032BDE8F0878B4264
S21402CA0005D90DB1C5E9000100210846F5E7B3FADC
S21402CA1083F1002946D1A34202D39042C0F0F180AE
S21402CA20861A64EB03030120002DE6D0C5E90063F5
S21402CA30E3E7002A40F09180A1EB0C044FEA1C4881
S21402CA401FFA8CF70121B4FBF8F64FEA1E4308FBE7
S21402CA50164443EA044307FB06F0984208D91CEB47
S21402CA60030306F1FF3402D2984200F2CE80264635
S21402CA701C1A1FFA8EF3B4FBF8F008FB104443EAC4
S21402CA80044300FB07F79F4208D91CEB030300F19F
S21402CA90FF3402D29F4200F2B1802046DB1B40EAFE
S21402CAA00640A5E7C1F120068B4022FA06F71F438F
S21402CAB020FA06FC04FA01F343EA0C03F44000FAF7
S21402CAC001F8380C4FEA1349B4FBF0FE1FFA87FC54
S21402CAD000FB1E4449EA04440EFB0CF9A14502FA87
S21402CAE001F20AD93C190EF1FF3A80F08580A14581
S21402CAF040F28280AEF1020E3C44A4EB09041FFA17
S21402CB0083F9B4FBF0F300FB134449EA044403FB45
S21402CB100CFCA44507D93C1903F1FF3068D2A445A2
S21402CB2066D9023B3C4443EA0E40A0FB0293A4EBC8
S21402CB300C049C42CE469C4652D34FD055B1B8EB1D
S21402CB400E0364EB0C0404FA06F6CB40CC401E43FC
S21402CB50C5E900640021BDE8F087C2F1200320FA8F
S21402CB6003F10CFA02FC24FA03F394400C434FEA56
S21402CB701C4800FA02FE1FFA8CF7B3FBF8F008FB1B
S21402CB801031230C43EA014300FB07F1994208D90E
S21402CB901CEB030300F1FF362CD299422AD9023845
S21402CBA063445B1AA4B2B3FBF8F108FB113344EA00
S21402CBB0034401FB07F3A34208D91CEB040401F16A
S21402CBC0FF3613D2A34211D902396444E41A41EA69
S21402CBD0004138E70446EFE6084605E7C845ADD209
S21402CBE0B9EB020E63EB070C0138A7E73146EDE717
S21402CBF0034698E73046D4E7D6467EE763440238D3
S21402CC004CE70646234608460EE7023E63442FE7F5
S21402CC10704700BF024B0A46014618680BF098BDE3
S21402CC20900D002008B5064B044613B10021AFF361
S21402CC300080044B1B6803B19847204603F0F3F8C4
S21402CC4000000000802C0020024B0146186800F00D
S21402CC502DB800BF900D0020024B0146186800F068
S21402CC60A5BA00BF900D002070B50F4E0C46316875
S21402CC70054611B900F054FA30602146284600F005
S21402CC804FFA431C03D14FF0FF34204670BDC41C3C
S21402CC9024F00304A042F8D0211A284600F040FAF5
S21402CCA00130F2D1EFE700BF402B00202DE9F04122
S21402CCB0CD1C25F0030508350C2D38BF0C25002D9C
S21402CCC0064601DBA94204D90C2333600020BDE8E6
S21402CCD0F081314F00F062F83B681C4644BB29469F
S21402CCE03046FFF7C1FF431C044650D13C6821463C
S21402CCF0002941D1002C44D02368304604EB0308B7
S21402CD0000F00EFA80453CD121686D1A294630465D
S21402CD10FFF7AAFF013034D023682B4423603B6818
S21402CD20002B36D05A68A24229D100225A600EE061
S21402CD302268521B1DD40B2A16D96119A3422560FC
S21402CD4018BF5960636808BF396062514B6030464D
S21402CD5000F02AF804F10B00231D20F00700C21A87
S21402CD60B5D01B1AA350B2E7A3426268DED13A607E
S21402CD70EDE723466468B1E70C464968B8E7134610
S21402CD80CEE70C233360304600F00EF89EE70560CF
S21402CD90DDE75B60FFDE00BF442B002001480BF09E
S21402CDA0BCBD00BF6832002001480BF0B7BD00BF13
S21402CDB068320020002310B50446C0E90033C0E9FB
S21402CDC00433836081814366C281836119460822E7
S21402CDD05C300BF08AFD0D4B63620D4BA3620D4B6C
S21402CDE0E3620D4B23630D4B24629C4206D003F193
S21402CDF06802944202D0D0339C4205D104F1580016
S21402CE00BDE810400BF088BD10BD00BF11880300BE
S21402CE10338803006B8803008F880300482B0020AA
S21402CE20024A034903480BF0D5BC00BF840D00201C
S21402CE30458C0300940D002041680C4B994210B5B6
S21402CE40044601D00BF0FEFEA168094B994202D0BF
S21402CE5020460BF0F7FEE168064B994204D02046C6
S21402CE60BDE810400BF0EEBE10BD00BF482B002000
S21402CE70B02B0020182C002010B50B4B0B4C0C4A84
S21402CE801A60204600220421FFF794FF04F168008E
S21402CE9001220921FFF78EFF04F1D0000222BDE82D
S21402CEA010401221FFF786BF802C0020482B00205E
S21402CEB021CE020001480BF030BD00BF69320020CF
S21402CEC001480BF02BBD00BF6932002010B50446A6
S21402CED0FFF7F0FF236A1BB1BDE81040FFF7F0BF73
S21402CEE0044B2362044B1B68002BF5D1FFF7C4FFEB
S21402CEF0F2E700BF39CE0200802C00202DE9F7436E
S21402CF001D46574B1F6804460E46904627B13B6A9D
S21402CF1013B93846FFF7DAFFB8F1020F06D0B8F1B8
S21402CF20010F00F29A80002DC0F29780636ED90737
S21402CF3005D4A3899A0502D4A06D0BF0EEFC214617
S21402CF4038460BF07FFE616B41B104F1440399420F
S21402CF5002D0384600F02AF9002363630023A36157
S21402CF606360A3891B0603D52169384600F01EF9C3
S21402CF70A38923F44A6323F00303B8F1020FA381C3
S21402CF8061D001AB6A46214638460BF083FEA38980
S21402CF901843A0812DBB009D2846FFF755FE064686
S21402CFA0002852D1DDF80090A94540D14FF0FF3558
S21402CFB0B4F90C3043F00202A2810022A26004F10E
S21402CFC047022260226101226261626ED60704D4A1
S21402CFD0980502D4A06D0BF0A1FC284603B0BDE86C
S21402CFE0F083002ED8D03B6A13B93846FFF76EFF9F
S21402CFF0B8F1010F08BFA389266004BF43F00103FE
S21402D000A381B4F90C3013F00802C4E904651ED0FB
S21402D010D90741BF00226D42A260A56158BFA56034
S21402D020626ED20701D49B0513D50025D5E7484684
S21402D030FFF70AFE06460028B8D0A38943F080030D
S21402D040A3814D46CFE70025B2E7A946F5E7A260E1
S21402D050E6E7A06D0BF062FCE7E74FF0FF35BCE7B2
S21402D060900D00200EB400B59CB01DAB0290069049
S21402D0706FF00041094807910491094953F8042BBF
S21402D08005910068019302A900F0DAF8029B0022DB
S21402D0901A701CB05DF804EB03B07047900D0020C8
S21402D0A00802FFFF0B46034902460868816800F043
S21402D0B0C3B900BF900D002038B5064D00230446C4
S21402D0C008462B6002F0ADFE431C02D12B6803B16A
S21402D0D0236038BD842C002038B5074D0446084628
S21402D0E0114600222A601A4602F0A5FE431C02D10F
S21402D0F02B6803B1236038BD842C002038B5074D59
S21402D10004460846114600222A601A4602F095FE98
S21402D110431C02D12B6803B1236038BD842C002047
S21402D12038B5064D0023044608462B60E5F74EFB4D
S21402D130431C02D12B6803B1236038BD842C002027
S21402D14038B5074D04460846114600222A601A469C
S21402D15002F081FE431C02D12B6803B1236038BD66
S21402D160842C002070B50D4D0D4C641BA4100026B7
S21402D170A64209D10B4D0C4C0CF052FB641BA410BA
S21402D1800026A64205D170BD55F8043B98470136E5
S21402D190EEE755F8043B98470136F2E78C1000207C
S21402D1A08C1000208C1000209010002038B5054608
S21402D1B0002941D051F8043C0C1F002BB8BFE418DC
S21402D1C0FFF7ECFD1D4A136833B963601460284606
S21402D1D0BDE83840FFF7E8BDA34208D92068211809
S21402D1E08B4201BF19685B6809182160EDE71A4691
S21402D1F05B680BB1A342FAD911685018A0420BD152
S21402D20020680144501883421160E0D118685B68B8
S21402D210536008441060DAE702D90C232B60D6E785
S21402D220206821188B4204BF19685B68636004BFDC
S21402D230091821605460CAE738BD00BF442B00209D
S21402D2402DE9F04F98468B891B069DB007460D4682
S21402D250144610D50B6973B94021FFF727FD2860E5
S21402D260286130B90C233B604FF0FF301DB0BDE89B
S21402D270F08F40236B610023099320238DF8293019
S21402D280CDF80C803023DFF89C818DF82A304FF0E1
S21402D290010923469A4613F8012B0AB1252AF9D129
S21402D2A0BAEB040B0BD05B462246294638460BF0F7
S21402D2B054FB013000F0A780099A5A4409929AF862
S21402D2C00030002B00F09F8000234FF0FF32CDE9A4
S21402D2D005230AF1010A049307938DF853301A9333
S21402D2E05446052214F8011B4E48DFF709FB049A40
S21402D2F0D8B9D00644BF20238DF85330110744BF57
S21402D3002B238DF853309AF800302A2B15D0079A23
S21402D310544600204FF00A0C214611F8013B303BE0
S21402D320092B4BD9B0B1079214E0A0EB080309FA17
S21402D33003F313430493A246D2E7039B191D1B680B
S21402D3400391002BBBBF5B4242F002020793079396
S21402D350B8BF049223782E2B0AD163782A2B32D1B7
S21402D360039B1A1D1B68039243EAE3730234059378
S21402D370DFF8C0A0217803225046DFF7C1FA38B1A1
S21402D380049BA0EB0A00402282401343013404931C
S21402D39014F8011B24488DF828100622DFF7B0FA8D
S21402D3A0002836D0214B1BBB039B073323F0070311
S21402D3B008330393099B334409936AE70CFB023252
S21402D3C00C460120A8E700230134059319464FF0C6
S21402D3D00A0C204610F8012B303A092A03D9002BF2
S21402D3E0C6D00591C4E70CFB012104460123F0E7F1
S21402D3F003AB00932A460E4B04A93846AFF30080CF
S21402D400421C0646D6D1AB895B063FF52DAF09987E
S21402D4102CE703AB00932A46054B04A9384600F0D6
S21402D42023F9EDE75CCA030066CA030000000000A9
S21402D4305B89030062CA03002DE9F04F0D469DB0DA
S21402D44014469846064618B1036A0BB9FFF73EFD26
S21402D4506B6ED90705D4AB899A0502D4A86D0BF07A
S21402D4605CFAAB891B0701D52B699BB92946304666
S21402D47000F026FA70B16B6EDC0704D54FF0FF3071
S21402D4801DB0BDE8F08FAB899805F7D4A86D0BF0F8
S21402D49045FAF3E70023099320238DF82930CDF8C7
S21402D4A00C803023DFF8AC818DF82A304FF001096A
S21402D4B023469A4613F8012B0AB1252AF9D1BAEB6C
S21402D4C0040B0BD05B462246294630460BF0B7FAD1
S21402D4D0013000F0A780099A5A4409929AF800305F
S21402D4E0002B00F09F8000234FF0FF32CDE905238A
S21402D4F00AF1010A049307938DF853301A9354469F
S21402D500052214F8011B5348DFF7FAF9049AD8B932
S21402D510D10644BF20238DF85330130744BF2B2374
S21402D5208DF853309AF800302A2B15D0079A5446B5
S21402D53000204FF00A0C214611F8013B303B092B24
S21402D5404BD9B0B1079214E0A0EB080309FA03F333
S21402D55013430493A246D2E7039B191D1B6803914B
S21402D560002BBBBF5B4242F0020207930793B8BF91
S21402D570049223782E2B0AD163782A2B32D1039B6E
S21402D5801A1D1B68039243EAE37302340593DFF81D
S21402D590D4A0217803225046DFF7B2F938B1049BB3
S21402D5A0A0EB0A004022824013430134049314F88D
S21402D5B0011B29488DF828100622DFF7A1F900285A
S21402D5C03FD0264B1BBB039B073323F007030833CE
S21402D5D00393099B3B4409936AE70CFB02320C4611
S21402D5E00120A8E700230134059319464FF00A0CE0
S21402D5F0204610F8012B303A092A03D9002BC6D050
S21402D6000591C4E70CFB012104460123F0E703ABB6
S21402D61000932A46124B04A93046AFF30080074611
S21402D620781CD6D16B6ED90705D4AB899A0502D47D
S21402D630A86D0BF073F9AB895B063FF51FAF09982F
S21402D6401EE703AB00932A46054B04A9304600F0BA
S21402D6500BF8E4E75CCA030066CA03000000000099
S21402D6603F8A030062CA03002DE9FF470F7E0C9E25
S21402D670782F914680460C469A4601F1430207D817
S21402D680622F0AD8002F00F0DD80582F00F0C380EA
S21402D69004F1420684F842703AE0A7F16303152BC0
S21402D6A0F6D801A151F823F001D7020015D70200DF
S21402D6B091D6020091D6020091D6020091D60200BF
S21402D6C015D7020091D6020091D6020091D602002A
S21402D6D091D602002BD80200A3D70200E3D702009D
S21402D6E091D6020091D602004DD8020091D60200D1
S21402D6F0A3D7020091D6020091D60200EBD7020011
S21402D70033681A1D1B68326004F1420684F8423000
S21402D7100123A8E031682368081D30601E0601D583
S21402D7200D6803E05D06FBD5B1F900506168002D77
S21402D73078DA2D20002984F84300A1602DDA5E48AD
S21402D7406D420A231646B5FBF3F103FB1157C75D7C
S21402D75006F8017D2F46BB420D46F4D9082B0BD1A5
S21402D7602368DF0708D5236961689942DEBF302344
S21402D77006F8013C06F1FF36921B2261CDF800A0A6
S21402D7804B4603AA214640460BF06BF901306FD197
S21402D7904FF0FF3004B0BDE8F08723F004032360A7
S21402D7A0CDE721683368080653F8045B02D44906BD
S21402D7B048BFADB26F2F4048336014BF0A23082318
S21402D7C0002184F843106668A660002EBADB216842
S21402D7D021F004012160002DB4D1002EB2D11646EC
S21402D7E0BCE7236843F0200323603448782784F894
S21402D7F04570236831681F0651F8045B02D45F0641
S21402D80048BFADB23160D90744BF43F0200323605E
S21402D8101DB11023D4E72848E9E7236823F0200344
S21402D8202360F6E724480A23CDE733682568616952
S21402D830181D30602E061B6801D5196002E06806C6
S21402D840FBD5198000232361164697E733681A1D15
S21402D85032601E68626800213046DFF751F808B170
S21402D860801B606063682361002384F8433085E789
S21402D8702369324649464046D047013088D023685D
S21402D8809B0714D4E068039B9842B8BF184681E70A
S21402D8900123324649464046D04701303FF478AF2E
S21402D8A00135E36803995B1AAB42F1DCEAE700252F
S21402D8B004F11906F5E700BF6DCA03007ECA03002D
S21402D8C038B5294B054618680C4618B1036A0BB9D9
S21402D8D0FFF7FCFAB4F90C30190722D4DA0607D49B
S21402D8E009222A6043F04003A3814FF0FF3033E061
S21402D8F0580712D5616B41B104F14403994202D034
S21402D9002846FFF753FC00236363A38923F024030E
S21402D910A3810023636023692360A38943F008037D
S21402D920A38123694BB9A38903F42073B3F5007F5F
S21402D93003D0214628460BF0D3F9B4F90C3013F085
S21402D94001020AD00022A26062695242A2612269E2
S21402D95042B913F08000C5D138BD990758BF626935
S21402D960A260F4E70020F7E7900D002038B5074DD7
S21402D97000230446084611462B6002F055FA431C63
S21402D98002D12B6803B1236038BD00BF842C00206F
S21402D99038B5064D0023044608462B6002F049FAC5
S21402D9A0431C02D12B6803B1236038BD842C0020AF
S21402D9B0C0F3C7537F3B162B07EE900A20F00041B8
S21402D9C02FDC002B16DB1C491941084226D09FED9E
S21402D9D01B7A37EE877AB5EEC07AF1EE10FA1DDDC5
S21402D9E0002804DD4FF4000242FA03F3184420EA4A
S21402D9F0010070479FED117A37EE877AB5EEC07A4E
S21402DA00F1EE10FA0ADD002813DBB7EE007A0029E1
S21402DA1014BF17EE100A17EE900A704717EE900A18
S21402DA207047B1F1FF4FF9D377EEA77A17EE900A57
S21402DA3070474FF000407047FFFF7F00CAF24971FF
S21402DA40094A5168C84390FAA0F048B1B0FA80F08B
S21402DA50042805DC012383400B43536040B2704721
S21402DA604FF0FF30704700BFB02C0020034B044835
S21402DA7000212822C3E900110AF037BFB02C00208B
S21402DA80882C002038B50546FFF7DAFF044604481E
S21402DA90294600EBC4000BF0F4F9204638BD00BF5F
S21402DAA0882C0020C3B2042B10B515D80B4A0423C9
S21402DAB003EBC003134453E8002F0A4343E8002451
S21402DAC0002CF8D101220649824051E8003F134358
S21402DAD041E800300028F8D110BD00BF882C002095
S21402DAE0B02C0020F7B51A4A1A491B4D0126082702
S21402DAF04FF0040C106800B30B7806FA03F42042C9
S21402DB001DD0E04352E8004F044042E8004EBEF10A
S21402DB10000FF7D117FB03C32B4453E8000F43E86B
S21402DB2000E4002CF9D1019048B108780B4901AA0B
S21402DB3005EBC0000BF0E1F9012003B0F0BD0B7855
S21402DB40506883423ABF0133DBB200230B70D1E741
S21402DB50B02C00206A320020882C0020785634121E
S21402DB60024B1868003818BF01207047B02C0020FE
S21402DB7010B5044602F0ADFD074B1B684BB1DB68DF
S21402DB801B1B002BCCBF0024012402F0A8FD20465C
S21402DB9010BD1C46F9E700BFC82C002038B5054664
S21402DBA002F097FD094B1A684FF0FF341AB902F0DB
S21402DBB096FD204638BDD2E903310B445B1B23F0A9
S21402DBC000439C42526828BF1C46EFE7C82C002040
S21402DBD02DE9F84F0C9F9DF82CA00E461546994647
S21402DBE0804608B103687BB937B129463046B84744
S21402DBF040F20340BDE8F88F002DF9D0002EF7DB87
S21402DC00284600F009FCF3E702F063FD834650461F
S21402DC1000F0F0F90446584602F061FD8CB947B1AF
S21402DC2029463046B8470320314600F0BBFB1A208F
S21402DC30E0E7002DF7D0002EF5DB284600F0ECFBDF
S21402DC40F1E7C4F80080DFF878800A9B656100255A
S21402DC50C4E90797A660236184F818A0D8F80030B4
S21402DC606560984709EB000602F033FD0746124846
S21402DC70E6600268114631B1CB689B1B002B13DBB2
S21402DC80CB689E4210D09DB90C4B626004601C6843
S21402DC902CB1D8F800309847FFF780FFA0473846E7
S21402DCA002F01DFD0020A5E74B680D461946E2E787
S21402DCB06B6863606C60F2E7C82C0020B82C00200A
S21402DCC0C02C00202DE9F74FDFF884B081460D46C0
S21402DCD092461E4602F0FDFCDBF8004001904FF033
S21402DCE000082CB9019803B0BDE8F04F02F0F7BC6B
S21402DCF023684B451CD12DB1A3682A6823F0004344
S21402DD00934215D17EB96368B8F1000F13D1CBF8F0
S21402DD1000300D4B1F6887B10C4A12689047FFF718
S21402DD203DFFB84709E060695146B0470028EAD08F
S21402DD30A0466468D5E7C8F80430676820460BF04A
S21402DD405CF83C46CDE700BFB82C0020C02C002073
S21402DD50C82C0020014B1860704700BFB82C00206A
S21402DD6070B50B4B04460E4615461978094A0A4802
S21402DD700BF0D8FC094A00231360094A1660094AC8
S21402DD802421156007202246BDE8704000F0B4B892
S21402DD908332002099CA03006B320020C82C002070
S21402DDA0C02C0020BC2C00207FB504461846002359
S21402DDB003930A4B1B680D46164613B9212004B07E
S21402DDC070BD03A998470028F8D10090039B3246FD
S21402DDD0294620460BF044F8F1E700BFBC2C002091
S21402DDE0F8B5054610200F46164600F0F7FA0A4B1D
S21402DDF00446187818B1102221460BF096FC44B15E
S21402DE000123E3602B682360C4E9017600202C60BE
S21402DE10F8BD1A20FCE700BF6B3200202DE9F8435C
S21402DE20264FDFF8A880264D38603868FFF7A0FE38
S21402DE3030B9244B1B689847BDE8F843FFF7AEBEDF
S21402DE4002F047FCD8F800400646ECB16368C8F812
S21402DE5000301D4BD3F80090B9F1000F0CD102F040
S21402DE603EFCA3682C6033F0004311D128680AF008
S21402DE70C4FF00232B60D8E7124B1B689847FFF7B6
S21402DE808DFEC8473046EAE702F029FC2C60CCE754
S21402DE902368002BEAD018680028E7D0A26832F080
S21402DEA00043E3D0D0E90069636921688068C84707
S21402DEB00028DBD1002ED9D03046EFE7CC2C00204C
S21402DEC0C42C0020C02C0020B82C0020C82C002017
S21402DED038B504460D4602F0FCFB064B1B683BB108
S21402DEE0DA6922601B692B60BDE8384002F0F7BB96
S21402DEF02360F8E7C42C00202DE9F74FDFF88C905A
S21402DF00DFF88CB009EB001503314FEA001A4FF622
S21402DF10FC770F400024DBF800306A8029F80A708C
S21402DF208046EC6002FB07F01646984717FB06F29F
S21402DF3092B2034668602A8108B300921148124AD8
S21402DF409BF8041052F8282040440BF0ECFB2146C4
S21402DF502A8968680AF0C9FC214623469E4206DCE6
S21402DF60D1440020A9F8026003B0BDE8F08F6A68C9
S21402DF70E86850505418EC6001333944EEE71A2032
S21402DF80F2E700BF6C32002098CB0300C0250020C9
S21402DF90D02C002070B50B4E06EB001504466968BF
S21402DFA039B1094B2A89185C0BF0BEFB686800F091
S21402DFB033FA06EB04101022BDE8704000210AF086
S21402DFC094BC00BFC02500206C320020044B1960B0
S21402DFD01A7198600201002102480AF086BC00BF4E
S21402DFE0D02C0020C0250020014B185C704700BFD3
S21402DFF06C32002070B50A4C04EB00130601DD6893
S21402E000084B185C18B1A25B29460BF08EFB2DB1AB
S21402E01034442B68E3606388013B6380284670BD06
S21402E020C02500206C320020024B03EB00139878C8
S21402E030704700BFC0250020094B03EB001310B445
S21402E0405A88DC680C600132D9605A80054B185C2D
S21402E05018B15DF8044B0BF069BB5DF8044B7047D2
S21402E060C02500206C320020044A010102EB001396
S21402E070505A10B11B89B3FBF0F07047C025002040
S21402E08038B5164B164D00241C70164B2C601C60BF
S21402E090154B6C6020461C70AC60FFF7E5FF80B243
S21402E0A0A0F10E036B80A0F11403013068812046B4
S21402E0B0EB80FFF799FF0D4D0D4A044601462846B0
S21402E0C00BF030FB2146681E0A4A0BF02BFB21465A
S21402E0D0681C094ABDE838400BF024BB8132002098
S21402E0E000300020F42C0020803200207E320020F7
S21402E0F0DCCB0300E5CB0300EFCB030070B5044690
S21402E10080B302F0E6FA63796FF3820363712379D0
S21402E11013F01006054605D010232371BDE87040A3
S21402E12002F0DDBA03F003030F4931F82320013A67
S21402E13021F8232030462146FFF77EFF0B4B0C4E7C
S21402E1401C681CB90A4B28461C70E7E7237A1BB9E1
S21402E15033781BB92468F4E7012BFBD163682046A9
S21402E1609847F7E770BD00BF00300020F42C00206F
S21402E1708132002010B5044602F0ABFA034B1A684F
S21402E18022601C60BDE8104002F0A9BAF42C002000
S21402E19010B5064B1A78541C1C70054B00F0E000B4
S21402E1A003F8320003EBC203596010BD8032002030
S21402E1B0DC2C00202DE9F04F4607044689B048BF04
S21402E1C000F0F704634F049204F00306029102F093
S21402E1D080FA07EB860337F826205B889A4204F01B
S21402E1E0EF0A81464FEA860831D20020FFF702FF87
S21402E1F0054640B337F826304846013327F826301E
S21402E20002F06DFA28460BF0FCF8029B029AAB71FC
S21402E210049B85F804A01344EB7102F05AFA4E4BA5
S21402E2201C680746002C40F08C80384602F057FAED
S21402E2304A4B985D18B1452229460BF076FA2846D5
S21402E24009B0BDE8F08F464B01221A70484602F02C
S21402E25046FA25071DD51F2C1BD904F0E0030393AD
S21402E26002F037FA07EB080337F826805B88DFF8F8
S21402E270F89098452CBF00230123019302F02FFA51
S21402E28007EB86034FF0000B0593364B1B789B4536
S21402E29008D384F004005146C0F3800000F082F8F0
S21402E2A00025C5E799F80030039A1A4204D0D9F837
S21402E2B00480D8F8003023B90BF1010B09F10809E4
S21402E2C0E3E707935A79D00708D51A79510705D597
S21402E2D0019941B98AEA0202920704D098461B685D
S21402E2E0002BEFD1E5E740460AF0F0FE05790790ED
S21402E2F007A80AF0CDFE2946002000F053F802F0E7
S21402E300E8F9059B37F826205B889A4234BF01233A
S21402E31000230546019309D20020FFF76BFE079003
S21402E32058B137F82630013327F82630284602F04F
S21402E330D6F9079D002DBCD064E7094B01221A705E
S21402E340F4E7237A012B02D16368204698472468B3
S21402E35068E700BF00300020F42C00207D32002049
S21402E3608132002080320020DC2C0020014B00226B
S21402E3701A607047F82C002010B5044602F0A9F97E
S21402E380074A13682BB914602360BDE8104002F0F8
S21402E390A6B9A34202D01A461B68F3E710BD00BF17
S21402E3A0F82C0020064B70B51C6805460E4604B9CC
S21402E3B070BD63683146284698472468F7E700BF71
S21402E3C0F82C0020024B034A197803480BF0AAB92E
S21402E3D082320020FCCB03008332002038B5C41CF6
S21402E3E024F00304204601F0A8FB0A4B05461878E1
S21402E3F018B1224629460BF098F92DB9214602207B
S21402E400FFF7D0FF284638BD2246002128460AF0EC
S21402E4106CFAF7E78332002010B5044628B1054BA4
S21402E420187810B121460BF081F92046BDE810405D
S21402E43001F0A1BB8332002038B50B4C0B4B206891
S21402E44000251D7028B100F0FEFF2068FFF7E4FFEC
S21402E4502560074C206830B101F060FA2068FFF7AB
S21402E460DBFF0023236038BD002D0020853200200C
S21402E470FC2C00202DE9F341224F3B78002B3FD1A4
S21402E480214B224E1978224A224C30460BF04AF98A
S21402E49001F08DFB0546FFF7A1FF014620603078AC
S21402E4A010B12A460BF041F9236883B101F081FBD3
S21402E4B08046FFF793FF184D01462860307810B16A
S21402E4C042460BF032F92B682BB9FFF7B5FF1A203C
S21402E4D002B0BDE8F081206800F0A4FF2868E0F7EB
S21402E4E05FF8002300932A680C49206800F0BFFFFB
S21402E4F020B1FFF7A1FF40F20740E9E701233B7096
S21402E5000020E5E785320020833200208432002096
S21402E51006CC0300002D0020FC2C002067F9020028
S21402E52038B50C4B1B7804460D465BB10A4B2246A7
S21402E5301868294601F03AF8002840F2074008BF5A
S21402E540002038BD05490648FFF794FF0028EDD0A5
S21402E550F7E700BF85320020002D0020EFBEADDEBB
S21402E560BEBAFECA0369C26893429CBF81685B1842
S21402E570013B981A70472DE9F041D0E9028405461E
S21402E580A8EB04064068964220440F46144404D979
S21402E5900AF0C5F9EC60BDE8F0813246A4EB080447
S21402E5A00AF0BDF968682246B919F1E72DE9F84381
S21402E5B0C5680646894617464FF000083369B468B0
S21402E5C070689D4228BF1B19641BBC4203F1FF33CF
S21402E5D028BF3C465B1B9C4228BF1C464946284433
S21402E5E022460AF09CF9B3682544AB4208BF0025D0
S21402E5F03F1BA044A144F560E0D14046BDE8F88345
S21402E60010B50B46EFF311844FF0200181F3118809
S21402E6101946DFF755F884F3118810BD002201234E
S21402E620C0E90023704710B5044648B1006818B127
S21402E630E188890001F051FA00220123C4E900238F
S21402E64010BD42F21073994270B504460D4602D9C7
S21402E6506FF00F0070BDC3888B4201D30020F9E72C
S21402E6600421284601F077FA06460028F0D02168F1
S21402E67041B1E28892000AF052F9E18820688900E6
S21402E68001F02BFAE5802660E8E738B504460D4629
S21402E69019B9FFF7C8FF002038BDC2888A4207D1E1
S21402E6A00068920000210AF020F90123A380F2E715
S21402E6B0FFF7B9FF29462046BDE83840FFF7C1BF3D
S21402E6C0884270B505460E4609D0C988C28841B947
S21402E6D02AB101238380920000680AF006F900201E
S21402E6E070BD4C1E8CB90134B6F90430AB80A24220
S21402E6F012D221462846FFF7A4FF0028F0D131683F
S21402E7002868A2000AF00BF9E9E7336853F82430C8
S21402E710002BE8D1013CE5E72868121B9200002195
S21402E72000EB84000AF0E1F8E9E770B50C46012137
S21402E7300546FFF786FF064688B9EA880146920034
S21402E74028680AF0D2F884EAE472A2EBE472E40FD4
S21402E750C4EBC4342B68640001341A60AC803046C3
S21402E76070BDC388B1EB431F3FBF03684A0901F07F
S21402E7701F0153F822003ABFC84000F001000020F3
S21402E7807047C188006800F0A9BA70B50E4612F04C
S21402E790030118BF012101EB920105461446FFF75B
S21402E7A074FF38B9E988286823463246BDE87040C7
S21402E7B000F0B6BA70BD13460A46C188006800F07B
S21402E7C0D4BA38B504460D46FFF7DBFFE388284483
S21402E7D0B0EB431F06D82068E1882A4600F035FBD6
S21402E7E0002038BD10F01F0118BF012101EB5011A7
S21402E7F02046FFF726FF0028EDD0F2E70A46C1883A
S21402E80008B511B1006800F0E2FA002008BD10B5A4
S21402E810C38823B9CA885AB9ABB1012017E0026887
S21402E82002EB830252F8042C002AF3D1013BF0E7F4
S21402E8300C6804EB820454F8044C0CB9013AEAE77B
S21402E8409342EAD80FD3013B5A1C01D1002010BDD7
S21402E850026852F823400A6852F823209442DCD811
S21402E86003F1FF33F0D24FF0FF30F0E730B5C38844
S21402E87023B9CA885AB9002B3DD136E0026802EBAA
S21402E880830252F8042C002AF3D1013BF0E70C680D
S21402E89004EB820555F8045C4DBB013AEAE7B1F990
S21402E8A0045003D2B1F90400404226E0B0F9042035
S21402E8B0002A03DD002D0CDA01201EE0002D08DD03
S21402E8C03AB14FF0FF3018E003F1FF330BD250425B
S21402E8D013E0013B016851F8235054F823108D428F
S21402E8E0F2D9104609E0591CF4D1002005E0002BAD
S21402E8F0D8D09342D3D9B0F9040030BD1FB581EA0F
S21402E900E173A3EBE173C90FC1EBC1314900019377
S21402E91001310123ADF80C10ADF80E3002A901AB9F
S21402E9200293FFF7A3FF05B05DF804FB90422DE9C2
S21402E930F04105460F46144602D0884206D12746C5
S21402E9400123FC88AB803CB9002003E0FFF7B8FE49
S21402E9500028F4D0BDE8F0813B6803EB84034FEA5D
S21402E960840853F8043C0BB9013CECE721462846E0
S21402E970FFF767FE0028EDD12E683A682346314637
S21402E980304600F098FA06EB08030746002FDBD065
S21402E990EA88A24204F1010608D831462846FFF763
S21402E9A050FE0028D6D12B6803EB84031A68D219CE
S21402E9B043F8042B2CBF012700273446E6E72DE94F
S21402E9C0F041D48805460E4690463CB9F188A142ED
S21402E9D00ED26FF009073846BDE8F081D8F800304D
S21402E9E003EB840353F8043C002BEFD1013CECE725
S21402E9F02846FFF726FE07460028ECD1F288944206
S21402EA000BD2AE4209D028683168121B920001EB85
S21402EA10840100EB840009F082FFEA88F0888242D3
S21402EA2007D92B68121A9200002103EB800009F026
S21402EA305CFFD8F8002031682868234600F051FAB7
S21402EA40024610B90123AB80C5E72968EB8801EBC3
S21402EA5084011B1B084600F06DFB0028F2D0B8E7C5
S21402EA602DE9F843B2F804C0B1F904401CFB04FCDB
S21402EA706646734381460D4617461CD51146284600
S21402EA80FFF7C5FEB0F100080DDB3A4629464846B8
S21402EA90FFF795FF98B9B8F1000F08BF0124A9F84F
S21402EAA0044000200BE02A464846FFF788FF30B9AC
S21402EAB0644224B2F3E7FFF739FF0028EFD0BDE83F
S21402EAC0F8830123FFF7CCBF4FF0FF33FFF7C8BF31
S21402EAD01FB582EAE273A3EBE273D20FC2EBC23235
S21402EAE05200019301320123ADF80C20ADF80E302E
S21402EAF002AA01AB0293FFF7E7FF05B05DF804FB3D
S21402EB002DE9F047012386B0164688424FF00002F0
S21402EB10CDE90223CDE9042307460D4606D102A815
S21402EB20FFF7CEFD0446002833D102ADB74206D128
S21402EB30394604A8FFF7C4FD044650BB04AEB5F838
S21402EB400680B8F1000F2ED1B6F80690B9F1000F84
S21402EB5033D14FF0010A09EB08013846FFF771FD81
S21402EB600446B0B901463846FFF7DFFD044680B9D1
S21402EB70CDF80090336829683868424600F08AFA71
S21402EB80BAF1000F22D1AB88B28813FB02F31BB294
S21402EB90BB8004A8FFF747FD02A8FFF744FD204606
S21402EBA006B0BDE8F0872B6803EB880353F8043CF5
S21402EBB0002BC9D108F1FF38C3E7336803EB89039A
S21402EBC053F8043C23B909F1FF39BFE70123DFE715
S21402EBD0B8FA88FA4FEA5A1ABDE72DE9F341CF8808
S21402EBE00546884616463FB1D8F8003003EB870341
S21402EBF053F8043C3BB146B90021284602B0BDE8B2
S21402EC00F041FFF792BD013FEDE7791C2846FFF77A
S21402EC1018FD044670B941462846FFF751FD0446E2
S21402EC2040B9013E0096D8F80020E98828683B469D
S21402EC3000F074F9204602B0BDE8F08170B50446D3
S21402EC400D46104600211646FFF758FE002824DB24
S21402EC502A46334621460020DEF75CFE054638B1DA
S21402EC60284670BD324621462046FFF72AFF90B955
S21402EC7000212046FFF742FE0028F3DB31462046FD
S21402EC80FFF7F4FD0028EBDB324621462046FFF76D
S21402EC901BFF0028F2D00546E2E76FF00905DFE722
S21402ECA0F7B50E1E044615461F4614DB1046FFF740
S21402ECB025FE00280FDDE9882046FFF7E6FC40B96E
S21402ECC0089BCDE900733146E3882A682068DFF79F
S21402ECD035F803B0F0BD6FF00300FAE701390029FA
S21402ECE001DA0020704750F82130002BF6D0B3FA34
S21402ECF083F00131C0EB4110704739B101F1804118
S21402ED00013900EB81018142034600D270471B683D
S21402ED100A681BBA12BA40F8042B41F80439F2E723
S21402ED202DE9F0411C4613F0030318BF012303EB41
S21402ED3094038B4206460D46904613D879B18F004F
S21402ED403A46002109F0D1FD2CB1381B2246414635
S21402ED50304409F0E4FD29463046FFF7CEFF002096
S21402ED60BDE8F0816FF00700FAE7B3EB810F70B5EC
S21402ED7004464FEA8105104619D95A1B8618002107
S21402ED8009F0B3FD30462B46C21800218B4210D143
S21402ED90002070BD22F0030102F003066158F6005F
S21402EDA0F140C9B281B90132AA42F3D1ECE71A4660
S21402EDB0FAE721F0030001F003052058ED00E840D1
S21402EDC002F8010D0131E1E76FF00700E1E7F8B55F
S21402EDD00546500988420C4602F01F0601D80AD1A1
S21402EDE036B1A20028460021BDE8F84009F07DBDF4
S21402EDF01F2A02D8F8BD1F2A0FD9820005EB80030E
S21402EE00291F05EB8407BB421AD1201A38BF0022FD
S21402EE10002105EB800009F068FD002EEAD005EB24
S21402EE2084040022C6F12000AC42E3D054F8041C4D
S21402EE3021FA06F3134344F8043D01FA00F2F3E71D
S21402EE4053F804CB41F804CFDDE71F2AF8B5034692
S21402EE500D464FEA521402F01F0613D96FF0030054
S21402EE6000FB04300A46944202F1FF3113D3621BC0
S21402EE70AC4288BF00222A4418469200002109F0BC
S21402EE8034FD034636B103EB84030021C6F12007A6
S21402EE90AC4206D3F8BD50F8212043F821200A469A
S21402EEA0E1E7186800FA06F20A4343F8042B013435
S21402EEB020FA07F1ECE7F0B50024844620469C428F
S21402EEC000D1F0BD51F8245052F824702E182CBFF1
S21402EED001250025BF194CF8247045F100000134C5
S21402EEE0EDE7F0B50024064620469C4200D1F0BD70
S21402EEF051F824C052F82470ACEB0005AF4294BF20
S21402EF004FF0000E4FF0010EED1B46F824508445DC
S21402EF102CBF70460EF101000134E6E78B422DE964
S21402EF20F04728BF0B469646DE08089A0446C91ADA
S21402EF3003F0070875460346B44600200CF1FF3C72
S21402EF40BCF1FF3F03F1200305F1200511D104EBCC
S21402EF5046140EEB46164FEA880C06EB880E25463C
S21402EF60764540F081806444013980F08B80BDE8AC
S21402EF70F08755F8207CA2FB079710EB090953F897
S21402EF80200C47F1000710EB090043F8200C55F857
S21402EF901C0C47F10007A2FB00093F1853F81C0C93
S21402EFA049F10009C01943F81C0C55F8180C49F130
S21402EFB00009A2FB000719EB000953F8180C47F1E9
S21402EFC0000710EB090043F8180C55F8140C47F12B
S21402EFD00007A2FB00093F1853F8140C49F1000978
S21402EFE0C01943F8140C55F8100C49F10009A2FB9D
S21402EFF0000719EB000953F8100C47F1000710EB55
S21402F000090043F8100C55F80C0C47F10007A2FB58
S21402F01000093F1853F80C0C49F10009C01943F8CF
S21402F0200C0C55F8080C49F10009A2FB000719EB75
S21402F030000953F8080C47F1000710EB090043F8E3
S21402F040080C55F8040C47F10007A2FB000A17EB60
S21402F050000953F8047C4AF1000017EB090740F157
S21402F060000043F8047C69E756F8043BA2FB03372A
S21402F070C318286847F10007C31845F8043B47F150
S21402F08000006DE723681B1844F8043B2CBF0120E0
S21402F090002069E72DE9F347DDF8289015464A4433
S21402F0A00F46920000210646984609F01EFC0024F0
S21402F0B005F1010A4C4502D102B0BDE8F08758F8C6
S21402F0C02430009306EB84002B463A465146FFF75F
S21402F0D025FF0134EEE72DE9F04712F0030418BFCE
S21402F0E0012404EB92048C420646884617461D46C7
S21402F0F04FEA840AC2EB840919D84A46002109F06D
S21402F100F4FBA8EB04029200002106EB0A0009F0C9
S21402F110ECFB08983A4606EB0901A847054618B9DB
S21402F12021463046FFF7E9FD2846BDE8F0876FF036
S21402F1300305F9E730B50546104600229A4200D18B
S21402F14030BD51F82240241A45F8224034BF01202F
S21402F15000200132F2E74822002109F0C6BB10B5B2
S21402F160044601F05CF82046BDE8104000F003BDFE
S21402F17010B52421012000F0EEFC044608B101F08F
S21402F1804AF8204610BD01F06EB801F04EB801F004
S21402F190B8B82DE9F04F502ABFB006460C461546C1
S21402F1A000F29F8022AF70220021384609F09DFBB4
S21402F1B00DA801F030F82BBA26932A4630232146B2
S21402F1C028A88DF89F3009F0AAFB05F1F8036B44D6
S21402F1D0802203F8582C05AA002302F8013B0133CB
S21402F1E0202BFAD14FF4807205A90DA801F01DF864
S21402F1F08346002857D11935804601AC10220021DB
S21402F200204609F072FBA946BA465246102321460A
S21402F210204600F04EFCB9F1100F234622464FF06E
S21402F22001010DA894BFA9EB0909A9F1100901F083
S21402F23068F80AF1100A8346A8BBB9F1000FE4D1B8
S21402F24016AB08EB030C94E80F008CE80F009DF851
S21402F2508B3008F110080133B8F1300F8DF88B307F
S21402F260CCD14FF4807216A90DA800F0DEFF8346BB
S21402F270C8B906F1300834461EAB1A4601210DA85D
S21402F28001F03FF8834670B90DF1780C25466246C8
S21402F29003CABA4228606960944605F10805F6D1A9
S21402F2A01034A045E8D10DA800F0B9FF7021384609
S21402F2B0DFF714FA302116A8DFF710FA202105A886
S21402F2C0DFF70CFA102101A8DFF708FABBF1000FEE
S21402F2D003D030213046DFF701FA58463FB0BDE88A
S21402F2E0F08F6FF0370BF8E72DE9F0438DB0044648
S21402F2F00E4630220021684609F0F7FA002704F18C
S21402F3002009E8460DEB070304F11001A14206D0DE
S21402F31011F8012D0132D2B20A70002AF6D0224626
S21402F3200121484600F0EDFF054638B16846302117
S21402F330DFF7D4F928460DB0BDE8F0831037302F3A
S21402F340DFD1731E2F3698F8002013F8011F4A40AB
S21402F350B34208F8012BF6D14FF48072694648464C
S21402F36000F063FF05460028E0D108AA0CAE13465B
S21402F37003CBB342206061601A4604F10804F6D15A
S21402F380D4E72DE9F0418469502C94B005468846AE
S21402F39017461E4643D8C4F15003B3423FD3C6F1C4
S21402F3A050031B1B93423AD350220021684609F0B1
S21402F3B09CFA6B6CA86C22466946984728B16FF097
S21402F3C03304204614B0BDE8F081AC6946B16B6CDC
S21402F3D0A86C32460DEB040198470028EFD134445E
S21402F3E0B8F1000F07D037B10DEB04003A4641469C
S21402F3F009F095FA3C44224669466846FFF7C9FE7C
S21402F400044638B969462846FFF76EFF044608B92F
S21402F41001232B6150216846DFF760F9D1E76FF0D0
S21402F4203704CEE710B54C220446002109F05DFAF7
S21402F43004F1200000F0EFFE4FF0FF33236142F2AA
S21402F4401073E36110BD10B5044660B1203000F0C1
S21402F450E6FE4C212046DFF741F942F21073E361E3
S21402F4604FF0FF33236110BD0023FFF78ABF2DE95B
S21402F470F041054688B04FF020080F46144600219A
S21402F480424668461E4609F030FAAB69C5E9117471
S21402F4900BB9C5F818802C69002C05DAAC692F2C3C
S21402F4A09ABF0134640800244FF48072694605F15D
S21402F4B0200000F0BAFE28B90E9A234631462846A6
S21402F4C0FFF75FFF08B0BDE8F0812DE9F04190B08C
S21402F4D0B2F5806FDDF8588005460F4616461C4684
S21402F4E05ED8B8F5807F5ED83022002104A809F0E5
S21402F4F0FCF92A69EB699A4201DC6B699BB12146E9
S21402F50042462846FFF7B0FF044628BB05F120080E
S21402F51036BB04A92846FFF7E7FE0446A0B92B69C6
S21402F52001332B6110E0B8F1000FEFD021464246BE
S21402F53004A8FFF72EFE044630B904A92846FFF7B2
S21402F540D3FE04460028E1D0302104A8DFF7C6F82F
S21402F55010216846DFF7C2F8204610B0BDE8F081F9
S21402F56005F11002AA4206D012F8013D0133DBB2C1
S21402F5701370002BF6D06B462A460121404600F057
S21402F580C0FE04460028DFD1102E344628BF1024C1
S21402F59038462246694609F0C2F92744361BB7E7C1
S21402F5A06FF03504D8E76FF03704D5E707B50023C8
S21402F5B00093FFF78AFF03B05DF804FB2DE9FF41D5
S21402F5C0DDF828801D46164643462A4604460F4660
S21402F5D0DEF784FF48B9CDE90180009504F11C03EB
S21402F5E03A4631462046DEF76BFF04B0BDE8F081AE
S21402F5F0F7B50D460446083568461646FFF70EF878
S21402F60000212846FFF77AF9211D07462A46684652
S21402F610FFF75AFA044648B9002F0CBF002206F03C
S21402F620010269462846DEF745F904466846FEF7B3
S21402F630FAFF204603B0F0BD70B50C4605461146EB
S21402F64020461A46FFF73DFA064630B904352946E3
S21402F6502046FFF70BF9002801DA304670BD2A462D
S21402F66021462046FFF7ABF90028F0D00646F4E71D
S21402F67010B50446FEF7D7FF04F10800FEF7D3FFE5
S21402F68004F11000BDE81040FEF7CDBF13F07E0F68
S21402F6902DE9F0470C4615460CBF4FF0010A4FF015
S21402F6A0000A07465246294620461E46C3F3450828
S21402F6B0DEF700F948BB04F10809524605F10801D5
S21402F6C04846DEF7F7F800BB08F1FF33D3F100082F
S21402F6D048EB0308424605F118012046DEF7EAF831
S21402F6E098B9424605F120014846DEF7E3F860B9CC
S21402F6F0F20921463846FFF77BFF30B904F11000C5
S21402F7000121BDE8F047FFF710B8BDE8F0870346D1
S21402F710C06920B15B6A002B14BF0120022070472B
S21402F72010B50446FEF77AFF04F10800FEF776FFEE
S21402F73004F11000BDE81040FEF770BF38B5002592
S21402F740044600F8045BFEF769FF04F10C00FEF7BE
S21402F75065FF04F11400FEF761FF04F11C00FFF7D9
S21402F760DFFF04F13400FEF759FFC4E90F55C4E980
S21402F7701155C4E91355C4E91555E56538BD08B1F8
S21402F780FFF776BF704770B5044658B3436C012B3B
S21402F79011D00C30FEF747FF04F11400FEF743FFCA
S21402F7A004F11C00FFF7EBFF04F13400FEF73BFF09
S21402F7B0201DFEF738FFA36D8BB920466021BDE8F9
S21402F7C07040DEF78BBF06FB0500FFF7D8FF01355A
S21402F7D0D4E91603AB42F6D800F0CDF9EDE70025E2
S21402F7E01826F5E770BD38B504460D46FEF768FFE5
S21402F7F070B905F1080104F10800FEF761FF38B997
S21402F80005F1100104F11000BDE83840FEF758BFBC
S21402F81038BD08B500211030FFF770F8B0FA80F056
S21402F820400908BD2DE9F041202B8AB005468846DE
S21402F83017461E460BD90920DEF7CCFE02AB32462F
S21402F8403946DEF733FF044628BB02AF20262C6972
S21402F8508DF804808DF8056084B90920DEF7BAFEBB
S21402F860224601462846DEF7C3FE044698B92846D5
S21402F870DEF7EAFE044670B901232B61022201A9D3
S21402F8802846DEF7F3FE044628B9324639462846AD
S21402F890DEF7ECFE044602A82021DEF71FFF204614
S21402F8A00AB0BDE8F0812DE9F0430023A3B0064676
S21402F8B005461F466FF03B049946726997420BDB7A
S21402F8C0002B08BF6FF03C0402A88021DEF706FF7B
S21402F8D0204623B0BDE8F083D5F82880AC69E869F5
S21402F8E0CDF80490B8F1010F18BF9846802201ABFC
S21402F8F002A9A04704460028E6D1019B53B102AAFA
S21402F900F9B23046FFF78EFF0028E2D12B6A019A41
S21402F91013442B62013714354346CEE7036901339D
S21402F92010B504460BD000F0A4F80023636128212A
S21402F93004F11800DEF7D2FE4FF0FF33236110BD4C
S21402F94030B54569012D0BDC142404FB0504013592
S21402F9506362039BA362C4E906124561002030BDC0
S21402F9606FF03D00FBE72DE9F041202A88B00546FE
S21402F9700F46164676D840F201186B69002B6ED0F9
S21402F9802846FFF790FF0446002848D1D5F814E031
S21402F99002462B460120A6454FDC002847D01F2AE8
S21402F9A045D920220021684608F09FFF694628466E
S21402F9B0DEF76CFE044690BB284600F05AF828464E
S21402F9C000F053F80920DEF705FE224601462846D7
S21402F9D0DEF70EFE044610BB2846DEF735FE04466A
S21402F9E0E8B9202269462846DEF740FE0446B0B94A
S21402F9F00920DEF7EFFD6B4620226946DEF756FE4B
S21402FA00044660B96A690346142105F120002546BA
S21402FA109A421EDC32466946384608F080FF2021AC
S21402FA206846DEF75BFE204608B0BDE8F081B8F116
S21402FA300108A2D16FF03B04F1E7D3E908C18C4577
S21402FA4038BF0020996A012908BF62440134143382
S21402FA50A1E701FB03FC013340F80C50D8E76FF036
S21402FA603F04DCE76FF03B04DDE71022002108F0DC
S21402FA703CBF10B50446D8B10368CBB1806838B134
S21402FA801B78082B11D0092B0FD0A06800F073F852
S21402FA90E06820B123689978490000F01EF82046F5
S21402FAA01021BDE81040DEF719BE00F042FDECE77B
S21402FAB010BDF0B50024261DB34202D29C4206D3E6
S21402FAC0F0BD0D5917597D4005513446F3E70D5DDB
S21402FAD0165D754005550134F0E710B5044608B1C9
S21402FAE0DEF7FCFD2046BDE8104000F044B8F0B555
S21402FAF0012B9DB006460F4615461C461AD801A88D
S21402FB0000F015FD214601A8E0F792FD044658B91B
S21402FB103A46314601A800F00EFD044620B92946B1
S21402FB2001A800F00FFD044601A800F002FD2046E1
S21402FB301DB0F0BD6FF07304F9E738B5044600F067
S21402FB40C1FD05462046FDF77FF80446284600F02C
S21402FB50BDFD204638BD70B504460E4600F0B2FD27
S21402FB60314605462046FDF755F80446284600F07D
S21402FB70ADFD204670BD38B5054600F0A3FD04462F
S21402FB802846FDF769F82046BDE8384000F09EBDDD
S21402FB9008B501F0B6FBEAF751F802F024FB03F0D1
S21402FBA052F9002008BD24207047482070474C2098
S21402FBB070474020704708B5E3F7C2F801F09BF89B
S21402FBC001F09AF801F0A5F8BDE8084001F0AEB8D9
S21402FBD008B501F0ADF801F0ACF801F0ACF8BDE8FC
S21402FBE0084001F0AAB82DE9FF410D4616461F4609
S21402FBF00446A8B14FF00008C0F81C80DEF7AAFE43
S21402FC00BDF82C3002939DF828304246CDE90073A9
S21402FC10294633462046DEF703FE04B0BDE8F081EF
S21402FC202220FAE7F0B50D4685B016461F46044672
S21402FC3090B10023C361DEF78DFEBDF82C3002932F
S21402FC409DF828302A46CDE90073294633462046D9
S21402FC50DEF7E6FD05B0F0BD2220FBE7F0B587B083
S21402FC601F4600230D4616468DF817300446A8B1E7
S21402FC70C3610DF11701DEF79DFE9DF817207AB9D4
S21402FC80BDF8343002939DF830302946CDE9007332
S21402FC9020463346DEF7C4FD07B0F0BD2220FBE760
S21402FCA00320F9E7F0B587B01F4600230D46164637
S21402FCB08DF817300446B0B1C3610DF11701DEF7B7
S21402FCC079FE9DF8173083B9BDF8343002939DF85B
S21402FCD030302A46CDE90073294633462046DEF701
S21402FCE09FFD07B0F0BD2220FBE70220F9E738B5FA
S21402FCF000F0EFFC0546DEF7E1FF0446284600F07A
S21402FD00EEFC204638BDDFF759B870470020704732
S21402FD10704700207047704707B5002301A88DF88A
S21402FD200430E1F75DFF03B05DF804FB013A42EAF6
S21402FD30520242EA920242EA121242EA122230B513
S21402FD4042EA12420132B2F5807F38BF4FF4807227
S21402FD505442044015198D4205D31C60039B1D6056
S21402FD60049B1A6030BD5200F2E708B5DFF75AF975
S21402FD7008BD70B50C46154610B9DFF771F938B1F3
S21402FD8043682BB12A4621460068BDE870401847F2
S21402FD90232070BDF7B50D4616461C4648B103B97A
S21402FDA001AC87685FB12346324629460068B847E9
S21402FDB006E0DFF755F904B901AC0028F1D123209B
S21402FDC003B0F0BDF8B50C461546064658B9DFF73F
S21402FDD047F920462946FDF765F90446002CD4BFAC
S21402FDE037200020F8BDDFF73BF986420746F0D001
S21402FDF03046DFF729F929462046FDF753F904462F
S21402FE003846DFF721F9E9E70EB403B503AA52F83C
S21402FE10041B0192FFF7D6FF02B05DF804EB03B0B5
S21402FE20704700207047FEE74FF400534B600020F7
S21402FE307047012070470020704707B5002001ABCD
S21402FE400190FFF7A7FF0198002808BF4FF0FF3088
S21402FE5003B05DF804FB10B500201446FFF789FFD7
S21402FE60204610BD10B500201C46FEF7C9FB002830
S21402FE7020600CBF1B20002010BD08B50020DDF757
S21402FE8091FC002008BD13B50223002468460094A6
S21402FE908DF804408DF80530E1F722FE204602B0C8
S21402FEA010BD2DE9F74F0E4615460446002873D0BE
S21402FEB059B9002A70D1036803F17E43083B012B2F
S21402FEC06DD8002003B0BDE8F08F036803F17E43CF
S21402FED0083B012B63D8002AF3D0436803F03F07A0
S21402FEE09B18436022BF8368013383604FB93F2A61
S21402FEF020D804F12C002A463146384408F00FFD7B
S21402FF00DFE7C7F140094A45F3D300F12C084A4619
S21402FF1008EB070008F003FD0122009204F10C032F
S21402FF20403D2068424619463D44DFF77BFA3F2DA6
S21402FF304E4410D9B3074FEA951210D1009204F13D
S21402FF400C03206832461946DFF76CFA25F03F03A9
S21402FF501E4405F03F05002DB3D00027C9E73746FB
S21402FF6006EB821804F12C0B04F10C094FF0010A7F
S21402FF705B4607F1400257F8041B43F8041B9742FE
S21402FF80F9D1CDF800A020684B465A464946DFF71D
S21402FF9049FAB845ECD1D9E76FF0860092E76FF0E0
S21402FFA088008FE708B518B16C22002108F09DFC86
S21402FFB0002008BD2DE9F8431546894680461F46AF
S21402FFC0DFF7FEF8002343600360044600F07AFB86
S21402FFD0B9F1100F14BF10220822064641462046E9
S21402FFE004F1800800F039FC2946404600F0C0FBC8
S21402FFF0304600F06BFB00F065FB3946064604F11E
S214030000A00000F0B5FB0523A36023699B07FCD47F
S2140300100899404600F0CBFB304600F057FB089BA0
S21403002003F1100253F8041B45F8041B9342F9D15D
S2140300302046DFF7CFF80020BDE8F8832DE9F0412E
S2140300401C4600230F46164623604FF00508256816
S2140300502246711B7819DFF715F923681D44B5424C
S214030060256006D2B8F1010801D00028EFD1BDE81B
S214030070F0810020FBE7F0B591B01546169C4922A7
S2140300808DF8202004F10C060DF1210254F8047BB0
S21403009042F8047BB442F9D1247814704FF4807488
S2140300A0ADF830409DF85C408DF832400424069449
S2140300B0189C059410240022049408ACCDE902345D
S2140300C0CDE900150B461146CDE90D228DF82E20FD
S2140300D08DF82F508DF833200F92DFF7E1FC11B027
S2140300E0F0BD1FB5079C02949DF81840CDE9003477
S2140300F013460A4601460020FFF7BDFF04B010BDB5
S2140301001FB5079C02949DF81840CDE900341346AA
S2140301100A4601460120FFF7AEFF04B010BD2DE9E5
S214030120F8430746B020914688461E46DFF76CF82C
S21403013005460023B9F1800F4360414645F8803BEE
S21403014014BF1022082204464FF0050800F085FB72
S2140301507FB13146284600F00BFBC4F808800899A7
S214030160284600F024FB2046DFF758F80020BDE8B9
S214030170F8838C23C4F808803146A360284600F031
S214030180F7FA0623A360EAE72DE9FF478046B02087
S214030190894617461E46DDF830A0DFF735F80546D4
S2140301A0B9F1800F4FF00003436014BF10220822FA
S2140301B045F8843B4146044600F04FFB0EB33146F8
S2140301C0284600F0D5FA4823A3600523A36003233B
S2140301D0394604F1A000A36000F0CAFA0D9904F1B1
S2140301E0800000F0E4FABAF1000F03D05146284627
S2140301F000F0DDFA2046DFF711F8002004B0BDE872
S214030200F08731461022684608F06FFB6946284699
S21403021000F0ACFAD7E72422002108F066BB18B139
S2140302202422002108F061BB704770B515460E46C0
S21403023024220021044608F058FBC02D0DD0B5F546
S214030240807F01D0802D0BD12046EA0840F8045B5E
S214030250314608F064FB002070BD6FF07100FBE7C9
S2140302606FF01F00F8E72DE9F04114460F462422ED
S2140302700021064608F039FBC02C3CD0B4F5807F3D
S2140302802CD0802C3AD13460DEF79AFF00234360EB
S2140302900360044600F016FA4FF008080546424687
S2140302A03946204600F0D9FA284600F00FFA05230F
S2140302B0A360256915F00205FBD100F003FA424658
S2140302C0311D0746204600F026FB384600F0FEF9AF
S2140302D02046DEF77FFF2846BDE8F0813460DEF770
S2140302E06FFF002343600360044600F0EBF94FF012
S2140302F010080546D3E76FF07100EDE76FF01F00B7
S214030300EAE701292DE9F04705460E4692461F46C1
S2140303103AD80368802B02D0B3F5807F37D1DEF757
S2140303204FFF002343600360044600F0CBF92946E1
S214030330814651F8043B802B14BF10220822204626
S21403034004F1800800F089FA5146404600F010FA9E
S214030350484600F0BBF9012E0CBF05230623A36015
S214030360256915F00205FBD100F0ACF939460646BF
S214030370404600F01CFA304600F0A8F92046DEF7A7
S21403038029FF2846BDE8F0876FF02000FAE76FF0F4
S2140303907100F7E703699B07FCD17047CA880B68AF
S2140303A0032AF0B50DD803EB82018B4205D1002357
S2140303B00132082A0360FBD1F0BD53F8044B0460F6
S2140303C0F3E7072AD3E90076D3E9025413D8076084
S2140303D003F11001066003EB820305600460994293
S2140303E005D100230132082A0360FBD1E4E751F864
S2140303F0044B0460F3E70760066005600460D3E916
S2140304000441D3E906230460016002600360D3E776
S214030410F0B5CA88082A89B006460C460DD100F006
S21403042051F921680546304600F0E6F9284600F003
S2140304304DF90026304609B0F0BD12D900F042F956
S21403044021680546304600F0D7F9284600F03EF905
S214030450E2882068083A92000021203008F045FA26
S214030460E7E7694600252B460F46306841F8040B3C
S2140304700133002818BF1D46082BF6D1AA420EDA10
S21403048029462046FEF7DDF806460028D2D1206826
S214030490AA00394608F043FA0123A380CAE7206876
S2140304A09200394608F03BFAC3E7CA88072A38B5EC
S2140304B00D46044609680DD8920008F030FAE8881D
S2140304C0C0F10802920004EB80000021BDE838402A
S2140304D008F00BBA01F1200351F8042B44F8042B5F
S2140304E09942F9D138BD0078C31E58425841704727
S2140304F000207047704710F1860F12D010F1850F59
S2140305000ADA10F1930F0FD010F1870F0CBF6FF0BC
S21403051073004FF0FF307047003818BF0120404289
S21403052070476FF0710070476FF06F007047FFF70A
S21403053039BDFFF737BD08B5FFF7B3FCBDE8084084
S214030540FFF7D9BF07B500230193202201ABDFF7DE
S21403055005F803B05DF804EBFFF7CDBFF7B5074624
S21403056001A81D460E461446E1F7A0FF9DF8053088
S214030570012B14D19DF80430022B10D800232B60D6
S2140305804FF6FF739C4228BF1C46A2B231464FF07B
S214030590FF3007F07CFB2860002003B0F0BD2B463D
S2140305A0224631463846FFF749FD0028F4D06FF05F
S2140305B03B00F2E770474FF0FF3007F0D8BAF6F784
S2140305C075B87047034630B50020D4081874A01ECB
S2140305D0012898BF04465868C90020FA01F5EDB211
S2140305E0FF2D05D18D4020EA05008C40204358603E
S2140305F002F0070250189A68012181400A439A6064
S21403060030BD70B5022383608E780C4600223146D7
S2140306100546E0F745F92179627860790B0243EAEB
S214030620026343EA0043E07843EAC003E07908B193
S21403063043F00053207A08B143F00403A07908B1CD
S21403064043F00203607A08B143F00103F3290FD1A4
S21403065076B9032A03D823F0706343F0806343EA32
S21403066046132B616E6926F4F21626F007060CE095
S2140306703206F4D543F0E0032B616B6923F4F213DF
S21403068023F0070326F080061E43237846EA4346F4
S214030690E37A0BB146F480466B0103F18443A27AF6
S2140306A06E619A60EB6FD5F88030EB6870BD806E34
S2140306B0C0F304430B6080B2704708B5E0F7FEFA58
S2140306C0013008BDEFF3108072B6704700B962B60A
S2140306D07047EFF31180602383F31188704780F32C
S2140306E01188704784B00B6800934B6801938B683E
S2140306F00293CB680393009B0360019B0360029BFA
S2140307000360039B03600023009301930293039308
S21403071004B0704784B003680093036801930368CA
S214030720029303680393009B0B60019B4B60029B41
S2140307308B60039BCB600023009301930293039388
S21403074004B0704730B5D1E90223D1E900540560FF
S21403075004600260036030BD30B505680468026853
S2140307600368C1E90054C1E9022330BDFFF7EABFBD
S2140307707FB58A0704460B4610D06D4601F1100676
S214030780186859682A4603C20833B3421546F7D198
S21403079069462046FFF7D6FF04B070BD0091009966
S2140307A004B0BDE87040FFF7CDBFFFF7D5BF30B547
S2140307B08B0785B00C4610D06946FFF7CDFF0D4674
S2140307C0234604AC2A4603CAA2421860596015465B
S2140307D003F10803F6D105B030BD0091009905B0CA
S2140307E0BDE83040FFF7B8BF10B5FFF7ABFFBDE875
S2140307F010401031FFF7A6BF10B5FFF7ADFFBDE8F9
S21403080010401031FFF7A8BF10B5FFF79BFF0C464B
S2140308101031FFF797FF04F12001FFF793FF04F170
S2140308203001BDE81040FFF78DBF00F1424303F5EA
S2140308308013102A10B54FEA43130AD101221A6017
S21403084000F58870FFF74EFF1031BDE81040FFF744
S21403085049BF00221A602430F7E7F0B50B46990724
S21403086089B0044615462DD0082A19D16D4603F1E2
S2140308701006186859682A4603C20833B342154659
S214030880F7D1082269462046FFF7CFFF03226B46BF
S2140308900020013A186003F10403FAD209B0F0BD50
S2140308A06E4603F1200718685968324603C20833B8
S2140308B0BB421646F7D12A4669462046FFF7B5FFE0
S2140308C00722E4E70093009909B0BDE8F040FFF77C
S2140308D0ACBF436823F01F030E290BD8DFE801F0F3
S2140308E008080808080B0B0B080808080B0B0B0076
S2140308F0194341607047194341F01001F9E710B5F9
S2140309002030FFF707FF102A04D1BDE8104010314E
S214030910FFF700BF10BD30B58B0789B00C461546F0
S21403092025D06946FFF7EBFF082D6A4613D104ADC1
S214030930134603CBAB42206061601A4604F10804F9
S214030940F6D103226B460020013A186003F1040334
S214030950FAD209B030BD08AD134603CBAB422060D4
S21403096061601A4604F10804F6D10722EAE700910B
S214030970009909B0BDE83040FFF7C1BF70B5CB6939
S2140309808C688E7891F8225091F8232023430C88A4
S2140309901C434B791B0343EA064391F8206043EA62
S2140309A006232343CC780CB143F480130C790CB1A3
S2140309B043F400230C7E0CB143F40003046804F0F4
S2140309C0E054234303608B7983638B8903638B7BB8
S2140309D01B01C3630B6983614B69036291F8214072
S2140309E0130491F8242043EA0453134391F8252073
S2140309F043EA05230AB143F08053436491F8273052
S214030A0091F826201B0243EA025391F8282043EA72
S214030A100213836470BD704770477047704770B5A4
S214030A2005460E461446FFF74DFE2B685C403440E1
S214030A305C402C60BDE87040FFF748BE00EB40000A
S214030A40000100F180400A4600F520404FF00111F6
S214030A50FFF7E5BF30B50C783CB98368DB0704D5F0
S214030A60436B9D07FCD4022343604B788D78CA689A
S214030A701B0325B93AB143F40073026103E043F460
S214030A800073002AF9D1CA780AB143F480730A794D
S214030A900AB143F040034A790AB143F08003CA79A6
S214030AA08D79097A120142EA85020A4313430360E9
S214030AB03CB18368DA0704D4436B9B07FCD4012359
S214030AC0436030BDE1F7D6BB0A7810B50AB90223F6
S214030AD0436000234362CB788C781B0443EA0463A9
S214030AE04C7A2343CC7943EA84230C7A43EA0423DF
S214030AF04C7843EA84138C7A43EAC413CC7A43EAE9
S214030B0044130C7B43EA04138C7B43EA84334C7B09
S214030B1043EAC4030C7943EA44334C79897943EABC
S214030B20047343EA417303600AB10123436010BDB3
S214030B3010B5537814781B0643EA846394792343E9
S214030B40947843EA0443D47843EA0433147943EAB3
S214030B508423547943EA0423D47943EA8473147AC6
S214030B6043EA4473547A43EA0413947AD27A0631F6
S214030B7043EA8403090143EA0273435010BD036842
S214030B80D90707D583689A0704D48368DB07FCD4A0
S214030B900123436070474B788A785B0043EA82738D
S214030BA00A781343CA7843EA82030A7943EAC203FC
S214030BB04A7943EA42138A7943EA8213CA7943EAB3
S214030BC002130A7A43EA02334A7A43EA02230A7B87
S214030BD043EAC2738A7A43EA0243CA7A43EA02635F
S214030BE047F231528168C90701D5013AFAD1036049
S214030BF0704710B588B00C460E9907910D9906916B
S214030C009DF8301005910B9904919DF828100391D7
S214030C100021CDE901310092234602460846E1F75A
S214030C207BFC08B010BD10B588B004460E9807903C
S214030C300D9806909DF8300005900B9804909DF84B
S214030C40280003900020CDE9013000920B4622468F
S214030C500121E1F761FC08B010BD00230360704773
S214030C6003680B60016070474FF0005300201B6859
S214030C709AB262F30F001B0C82B063F31F4002B0FC
S214030C807047FEE74FF4004070474FF47A707047A2
S214030C907047704782B002AB03E90300012002B03D
S214030CA07047ECF72DB908B5DDF73AFDBDE8084007
S214030CB0EEF77EB810B50446E1F7A6FF2046E5F743
S214030CC0BDFD2046E2F70CF910BD0120704700B5C4
S214030CD0C3B0ECF7A7F803F037F948B1FFF7F5FF11
S214030CE030B101A804F025F810B901A8FFF7E2FF18
S214030CF043B05DF804FB704708B5DDF7F1FDDEF79A
S214030D00D3F9FFF757FCDEF711F9BDE80840DEF725
S214030D10B3B908B5FFF755FCDFF7B2FDFFF74FFC95
S214030D20DFF79CFCBDE80840FFF7BDBFE1F73EBF19
S214030D307047E1F7F9BEFFF7CABF70470120704757
S214030D400120704738B5E1F729FF0546ECF792F81E
S214030D50041E18BF2C46FFF7F1FF002818BF2046D5
S214030D6038BD38B5FEF7D5FF0446E1F70DFF042876
S214030D7017D002284FF0000508BF012403F026F918
S214030D80042810D0022808BF0124FFF7D9FF04283F
S214030D900BD0022808BF0124002D18BF00242046CC
S214030DA038BD0125EAE70125EFE70024F7E710B58C
S214030DB0FFF788FC012104460846FEF7A6FF2046F7
S214030DC0FFF784FCE2F71CFD00F04AF9E2F742FE67
S214030DD000210120E2F7F0FBE3F70CF8E5F7D2FC7D
S214030DE040F23B10E4F780FF0028F9D000210320EF
S214030DF0E2F7E2FBE2F7A6FC0020E2F797FF0146E4
S214030E000620E5F7A9F90028F6D00120E2F78EFFC1
S214030E1001460620E5F7A0F90028F6D0E2F746FDDE
S214030E20E2F784FDE2F7D0FD03210720E2F71EFC7C
S214030E30E1F7D0FAE2F7B2FDBDE81040E1F7C4BA35
S214030E407047E2F7A9BA704708B5FEF7B4FEFFF796
S214030E50AEFFFEF7BDFEE1F7E1FFDEF70FF8F8E7BA
S214030E600C2828BF0C2083F89020002283F87F00EC
S214030E70A3F8921083F89820704790F897301BB128
S214030E80013B80F897307047142380F8973090F82A
S214030E909630FBB9B0F89230A0F8943090F89030C2
S214030EA090F89C2080F896300B2A1FD11A2B9ABFF5
S214030EB003F1FF3303EBD373C3F13403C3F34703E5
S214030EC080F87F30012380F89830042380F87E3042
S214030ED0E2F774BCB0F894205208A0F89420013BC3
S214030EE002F0010280F89820DBB2D9E7704710B50C
S214030EF090F87530062B04461ED090F89C300B2BCA
S214030F001AD090F8A520C36D03EB42036422D88E53
S214030F10B3F84230B0FBF2F1B3FBF2F399420BD0D5
S214030F20DCF7FAF8002384F87E30A4F87C00204629
S214030F30BDE81040E2F742BC10BD30B4039C9DF8F8
S214030F40085084F890200C2828BF0C2084F87F00D3
S214030F50002284F87E50A4F8921084F89820A4F80F
S214030F607C30204630BCE2F729BC70B50489012BDF
S214030F7004F10104A4B238BF0123A34202D90481B9
S214030F80C06870BD0023C5880381838806685C1922
S214030F90A21A92FBF5F405FB142292B256F822200D
S214030FA046F823100133891AB3FBF5F405FB143313
S214030FB08380C160E4E770B49DF80C6004460D4678
S214030FC07EB1C18800239AB2914205D80020A08042
S214030FD02081E06070BC7047226842F823500133DA
S214030FE0F1E770BCFFF7C1BF81F8B10081F8A70035
S214030FF001EB4000B0F8C630A1F85A30B0F8BC3068
S214031000A1F85830A1F85630012381F89E30704776
S21403101081F89D00704781F89E00704790F89D0008
S214031020704790F89E0070470228034698BF01EB6E
S21403103043014FF000009CBFA1F8760001207047E3
S21403104008B5024601460020FFF7EEFF11460120D1
S214031050FFF7EAFFBDE8084011460220FFF7E4BFAA
S21403106008B5E3F7D5FF032380F8483008BD2DE91C
S214031070F843B0F8048091F8AC30B0F90270C68833
S214031080054608F00F0963B391F8A54091F8A6301A
S21403109024031B0203F4E06304F4E0441C4391F8C6
S2140310A0A93044EAC334E3F7BDFF24B2427885F897
S2140310B04B7008F0F00844EA090343EA080343EADE
S2140310C0C2233A1285F84A2085F84D30C3F3072227
S2140310D0330A85F84C2085F84E3085F84F60BDE816
S2140310E0F88391F89C804FEA0818CDE710B5012ADB
S2140310F091F8A73091F89C401CD0022A1DD10422F7
S214031100092C8271C3710BD1B1F8B43043721A0A39
S2140311100272B1F8B2301A0ADBB28272C37210BD21
S21403112001EB4303B3F8C6204272110A0172B3F807
S214031130BC30F0E704228271C37191F89C30092B0E
S2140311400CBFB1F8B430B1F85A3043721A0A0272BF
S21403115091F89C30A3F10802012A01D90B2B02D186
S214031160B1F86830D7E7B1F85830D4E7A1F8720081
S214031170003818BF012081F8A2007047B0F872301B
S2140311801BB1013BA0F87230704790F8A2301BB138
S2140311904FF48073A0F8A230704791F875308342FD
S2140311A01FBF002381F87500A1F8723081F8A230C2
S2140311B0704738B50C460546E3F70EFF94F87530CE
S2140311C0032B0FD001D81BB138BD043B022BFBD831
S2140311D021460120FFF7E1FF21462846BDE83840B7
S2140311E0E3F7A4BF21460420F4E7014608B5002030
S2140311F0E4F772FA4B6E13B981F8AB3008BD013BC6
S2140312004B66FBE710B5E2F791FD06210446022084
S214031210E0F72EFF28B10123002206210220E0F783
S214031220EDFE002384F89F3084F8A03010BD08B587
S2140312300020FFF7E7FFBDE808400120FFF7E2BF05
S21403124050E8003F0B4340E80032002AF8D17047CD
S214031250C94350E8003F0B4040E80032002AF8D16B
S2140312607047431E032B06D8DFE803F0020402048C
S21403127003207047042070477047CB6918477047B0
S21403128070470020704770474FF0000070470020FB
S2140312907047704770470020704700207047002053
S2140312A07047002070470020704770470020704743
S2140312B0002070477047704700207047704770479C
S2140312C011207047002070474FF0FF307047002012
S2140312D070477047704700207047002070474FF0F4
S2140312E0FF30704711207047002070470120704779
S2140312F000207047002070470020704770477047F3
S214031300704701F09AB938B50446FFF7E2F9D4E915
S214031310101205462046E5F7D1FAE18C228DE060EF
S214031320521A40F2712101FB020303F59C53083362
S21403133023612846BDE83840FFF7D1B908B5203009
S214031340FFF77EFFBDE808404FF08050EBF7E4BDA3
S21403135038B504460D460830E7F778F829462046A0
S214031360E9F73EF9E06E0025E56110B1E6F7A0F96E
S214031370E56604F15000BDE8384007F089BE38B58D
S214031380044619B390F838208AB190F839300133FF
S214031390DBB29A4280F8393009D10121FFF7D8FF32
S2140313A04FF080712046BDE83840FFF7C7BF236A79
S2140313B0DA030BD5E36B62689B1A002B06DA01216E
S2140313C02046FFF7C5FF4FF08061EBE7236A1B0457
S2140313D026D402F0B1FC1123B0FBF3F303EB0313A3
S2140313E0C01A94F9613085B213FA80F0102888BFCA
S2140313F0C5F110056DB2083B2B4484F861302046D6
S2140314000121E9F7EDF8E28C63682A4440F2712182
S21403141001FB023363602046BDE83840E9F792B823
S2140314200025ECE72DE9F84F1D46C369DDF830804B
S2140314309DF838909DF840B09DF850A00F4604469E
S2140314409DF848101646002B40F0D180EB0600F1BD
S214031450BE8005F00303032B08BF05F0FD0505F06A
S214031460F705BDF83C30A386A8069DF8540048BF90
S21403147005F0FC05FFF7F5FE47F6FF731BF0020FBA
S21403148084F83600A4F8783040F0A4801BF0040FEC
S21403149000F0A28000F0FD00012814BF03230423FC
S2140314A094F87F209DF8580063F3030284F87F20A6
S2140314B0FFF7D7FE47F6FF738A0784F83700A4F8CA
S2140314C0883000F18B804B0740F18A8000F0FD00E6
S2140314D0012814BF0321042194F88F30606E61F352
S2140314E0030384F88F30FFF7EAFE216C00222046C0
S2140314F0E5F7E4F940F271237343984279D804F18F
S214031500200049F6FF71FFF7A3FEFF2384F854304B
S214031510BAF1000F03D0236A43F4805323622907EA
S21403152005D5236A062643F4841323623746236AC3
S2140315306A0723F4C04323620CD419F0010F1CBFBF
S21403154043F400532362236A19F0020F1CBF43F4CB
S21403155080432362236AA5852B43236204F12E036B
S214031560B8F1000F3ED0D8F80020C4F82E20B8F803
S21403157004209A809DF82C30012B03D14FF4806110
S214031580FFF75EFE236A9DF8282023F4407343EAA0
S2140315900223236202F0D0FB94F860309DF84C20BF
S2140315A084F85F0023F00F03C0F30320034362F3C2
S2140315B0071384F860309DF83430E7842046268588
S2140315C084F82A30FFF79FFE0020BDE8F88F01213C
S2140315D08B4646E7022363E7012361E702217BE7A5
S2140315E0012179E7C4F82E80A3F80480CAE70C200B
S2140315F0EBE74520E9E72DE9F743894617460193CC
S214031600044630B901A807F043FD422003B0BDE805
S214031610F083012920D0022910D089B9C369C3B940
S21403162000F140054FF40036236AD9061ED55A0743
S21403163026D501A807F02CFD0020E7E7406E20B969
S21403164001A807F025FD0C20E0E71946FFF738FE52
S214031650DCE700F14805E5E7C36923B900F1440573
S2140316604FF48026E0E700F14C05F9E79B0707D522
S214031670B9F1000F04D101A807F00AFD1220C5E74F
S21403168004F1200840463146FFF7E2FDF80702D58D
S214031690284607F0FDFC019921B1284607F0DFFD37
S2140316A000230193286807F078FD236AD90605D539
S2140316B01F2801DC032F16D02846DDE740F27262AE
S2140316C0904204DD284607F0E3FC07209EE7B9F1C5
S2140316D0000F08D1BF2806DD9A0704D0284607F076
S2140316E0D7FC452092E7D4E912122046E5F7E6F840
S2140316F0E3696BB1E38C40F271225343984207D9F6
S214031700238D8342EAD300F51C70B0FBF2F0E0842D
S214031710FEF7DFFFE36905467BB1BB070DD5314610
S2140317204046FFF78DFD6368C3F57A7602F040FB0B
S214031730F04202D52046E9F76FF82846FEF7CFFFBA
S2140317407AE708B548B1CB0701D4002008BD4FF4AB
S21403175000112030FFF774FDF7E74220F6E708B5DF
S21403176048B1CB0701D4002008BD4FF40011203048
S214031770FFF76EFDF7E74220F6E7E5F785BB38B5DA
S214031780C36904460D463BB1036A13F0010011D149
S21403179094F82430FE2B0CD004F120004FF4800183
S2140317A0FFF74EFD2B68C4F85530AB88A4F85930C4
S2140317B0012038BD0020FCE7036A10B5044613F485
S2140317C0602030D09A0307D504F1400007F060FC90
S2140317D0A36C23640023A364236A5B0307D504F185
S2140317E0440007F055FCE36C63640023E3644FF4A2
S2140317F0602104F12000FFF72BFD2046FFF783FD51
S21403180094F8602094F85F3002F00F0143EA012356
S214031810013384F85F3022F00F02C3F303231A4325
S21403182084F86020012010BD10B50446503007F040
S21403183016FD20464FF00071BDE81040FFF77EBD51
S21403184050E8003F0B4340E80032002AF8D17047C7
S214031850C94350E8003F0B4040E80032002AF8D165
S214031860704738B50446D0F8A00010B9D4F8A400E1
S21403187058B194F8375107F03CFC05F00F0581B2D8
S21403188006312846EAF7C0F880B2B4F8783040F25A
S2140318907122534300F548709842B8BF184638BDC6
S2140318A038B505460C4602F002FB20B149F6404324
S2140318B09C4228BF1C46EA68A2420BD2B5F87A308F
S2140318C040F271214B43934238BF1346A34228BFCD
S2140318D023461A462A6138BD034644309A6A920460
S2140318E004D5D3F82821998FEBF76AB893F86F10CD
S2140318F0EBF75CB800207047012070470020704764
S2140319000020704701207047C820704700207047AA
S2140319100020704770477047112070477047704724
S21403192000207047704700207047704701207047BB
S2140319307047704790F88520531C03F00F03072B5E
S21403194028BF002363F30302034410B580F8852001
S21403195083F87E1090F885306F2B4FEA131298BFEA
S214031960013204469CBF62F3071380F88530FFF705
S214031970E0FF94F83711204601F00F01FFF7CBFF85
S21403198010BD7047704770470020704700207047AF
S2140319900020704710B101F1B000704701F1D40088
S2140319A07047F8307047806A70472830FFF748BFA3
S2140319B02830FFF74DBFC06A70472C30FFF740BF93
S2140319C02C30FFF745BF00F59C70704708B50B79C0
S2140319D0DB0702D4FFF7D5FF08BDBDE8084091F941
S2140319E00510FFF7A7BF02290346808F11D00329EE
S2140319F009D0012906D11A8F5B6B1201B2FBF3F3F0
S214031A00184480B270475A6B4FF47A43B3FBF2F331
S214031A10F6E75B8F073000EB4300F2E770B540F262
S214031A207126456806FB01F35643826A1D44120776
S214031A30044645600ED500F1400500F13402294600
S214031A40E7F728F93346294620460122BDE87040C9
S214031A5001F02EBA05EB5605456070BD836A59053D
S214031A6005D4D0F8A03013B15B799A0708D4D0F820
S214031A70A40000B9704743799B0701D40068F8E7D0
S214031A800120704780F87710704738B5836A1B07C4
S214031A90044613D50246B0F87C3052F8341F4B4345
S214031AA040F271214B4300F14001E7F7F3F8236C52
S214031AB020469D08FFF7D5FE2844E060616B40F2A0
S214031AC07125013969432046FFF7EAFE20460121C6
S214031AD0E8F786FD636BB4F87C205A43636805FB1E
S214031AE0023363602046BDE83840E8F72BBDB0F804
S214031AF0303110B5A0F834310446E5F72FFBC0B2F9
S214031B00FFF702FF94F8373194F8362103F00F03FA
S214031B1004F1440102F0C4F9E9F7BCFFB4F930213B
S214031B20824205D0A4F83001EAF764FCA4F8320137
S214031B30B4F93421B4F930319A4209D0A36A9B032D
S214031B4006D520464FF40041BDE81040E5F71CBB20
S214031B5010BDFFF7CCBF836A0A4600F14401C3F306
S214031B604030EAF7D7BE10B5A0F87810A0F87A2070
S214031B700446FFF776FE2169E0602046BDE8104084
S214031B80FFF78EBE38B504460D463AB94FF4C0216A
S214031B902830FFF75DFE9DB9002038BDFFF7C0FE75
S214031BA098B128344FF4C0212046FFF751FE1DB1EB
S214031BB04FF40031FFF744FE4FF48021204601E046
S214031BC04FF40031FFF73CFEE6E71120E5E72DE989
S214031BD0FF41836A9B0304462CD5B0F93081B0F9E4
S214031BE034710020EAF7FAFC8045CCBF00250125B6
S214031BF002F05BF994F83711C82201F00F01EAF7F7
S214031C00F7FC06462046E5F7A9FAB04594F83711DF
S214031C10A8EB0707B4BF002601263FB245EA4605F0
S214031C200023CDE9008502971A4601F00F0180B222
S214031C3000F0B5FC04B0BDE8F081FFF7C8BF8630FE
S214031C407047F8B504460E4600295AD0476B40F253
S214031C5071235F43A7F28A277F0839463046E9F7A0
S214031C60E3FE94F88E30851FADB29D42394630466A
S214031C70A8BF1D46E9F7D8FE94F88F20B4F886105F
S214031C80831F9BB29342A8BF1346F21E012AB4F8E1
S214031C9088202BD8B1F5296F44F29020B8BF4FF4B3
S214031CA029618142A8BF0146B2F5296FB8BF4FF438
S214031CB029628242A8BF02461B2DB8BF1B251B2BD9
S214031CC0B8BF1B2384F8913084F89050A4F88A1088
S214031CD0A4F88C203046E9F7A7FE831F9BB2AB42DD
S214031CE0A8BF2B46DBB284F89230F8BDB1F5A47FCB
S214031CF0B8BF4FF4A471B2F5A47FB8BF4FF4A47273
S214031D00DAE71B23EFE770B54900466B89B28E42CC
S214031D1004461FBF4068616340F2712505FB060059
S214031D2018BF05FB1100658F1ABF606001210021F3
S214031D309542208F17D08342628700D02387238F54
S214031D4094F83711626B204601F00F011B01B3FBB9
S214031D50F2F3A4F89C30FFF774FF20460421BDE895
S214031D607040E5F711BA8342E8D1A36A1B07E6D5AC
S214031D700029E4D170BDF0B585B004460E4600F1E7
S214031D8086036A4600F18E0718685968154603C528
S214031D900833BB422A46F7D1186828609B88AB8075
S214031DA031462046FFF74DFF9DF80B2094F89130FF
S214031DB09A4211D1BDF80620B4F88C309A420BD162
S214031DC09DF80A2094F890309A4205D1BDF8042075
S214031DD0B4F88A309A4207D04FF48141204605B0C2
S214031DE0BDE8F040E5F7D0B905B0F0BD37B5044619
S214031DF0BDF8180094F88E508D420BD1B4F8865077
S214031E00954207D194F88F509D4203D1B4F8885079
S214031E1085421DD08DF80610ADF8042084F88E1088
S214031E2094F83711019D84F88F30A4F88800C4F81D
S214031E304051A4F8862001F00F012046FFF79BFFD0
S214031E40B4F88A30A4F88630B4F88C30A4F8883016
S214031E5003B030BD90F8373170B503F00F03044676
S214031E6016460D46D9B18B4219D00122FFF756FD0F
S214031E70294600222046FFF74FFD94F8373165F3D5
S214031E80030384F8373105F00F012046FFF773FF8D
S214031E9020464FF48441BDE87040E5F775B919460E
S214031EA02046FFF768FF002EF2D170BDF8B51D4639
S214031EB0C36A5B0704460F46164610D404212C302B
S214031EC0FFF7BEFC84F89A70A4F89660A4F89850BE
S214031ED020464FF40061BDE8F840E5F755B9F8BD74
S214031EE010B511B190F89A400C7012B1B0F8961074
S214031EF0118013B1B0F898201A80C06AC0F380002E
S214031F0010BD4FF400412830FFF79ABC00F5A270CD
S214031F10704790F8370100F00F00704770B504461D
S214031F20FEF7D7FB6568064601F042FF2D1AB5F5A6
S214031F30FA7504D53046BDE87040FEF7D0BB636B38
S214031F4094F8701040F271225343B5FBF3F5A38F58
S214031F50AAB29B1AA38794F86F3002FB113325218C
S214031F6093FBF1F001FB1033002BB8BF5B1884F82A
S214031F706F30B4F89C309B1AA4F89C30204600219E
S214031F801546E8F72DFB636B5D43636840F27122E9
S214031F9002FB153363602046E8F7D4FACAE72DE957
S214031FA0F3474E790446B0074FF0000358BF06F0D8
S214031FB0010608460D46ADF8043054BF0136032625
S214031FC0FFF762F9074607F01F03002BE36A15BF06
S214031FD04FF001084FF000084FF003094FF00209D5
S214031FE099050CD59DF8043066F3010368F3451391
S214031FF08DF80430019A2946204600F08EF92846CB
S21403200007F0CBF849468246284607F081F89DF844
S2140320100430AA798DF805A066F3010368F3451327
S2140320200C328DF80430BDF80430AB529DF8043002
S214032030A9189A066B7948BF8F7043F001036B713A
S214032040FEF747FB06462046294650F8A48F07F0BE
S21403205006F994F84631013384F84631A36A1B0720
S2140320600CD5B4F87C30012B02D92046FFF756FF77
S214032070304602B0BDE8F047FEF731BB656801F0B5
S21403208097FE0746E8F7C2FB8442F1D1ED1BB5F590
S2140320907A7FEDDDB8F1000F03D0D4F8A030002B23
S2140320A0E6D1E8F74BFFE3E708B5022007F0B5F9FA
S2140320B010B100F043FE012008BD10B54FF4407187
S2140320C004462830FFF7C4FB20460021BDE8104035
S2140320D0E5F7FCBC012310B5A1F12002C1F12004F1
S2140320E023FA04F403FA02F222438B40D0E90841B0
S2140320F023400A40134314BF0120002010BDC36AC7
S21403210010B5044613F0080012D00123A1F12002F3
S214032110C1F1200023FA00F003FA02F202438B40D7
S214032120D4E9080103400A40134314BF01200020EA
S21403213010BD10B50C46C9B2FFF7E1FF70B1E6F764
S21403214095FDC4F12002A4F12003E04001FA02F257
S214032150104321FA03F3184300F0010010BD70B5D5
S21403216004460E46E6F7B4FEFEF7B3FA84F8776045
S214032170054602212046E5F707F820460021E8F742
S2140321802FFA2846BDE87040FEF7A9BA70B5044694
S2140321900D46FEF79EFA0646E8F738FB844201D161
S2140321A0E8F7ACFE3046FEF79AFA29462046BDE825
S2140321B07040FFF7D4BF0B68C0F84031704738B59E
S2140321C0D0F840310B6040F648059BB2AB420C4654
S2140321D004D90B21FFF7ADFF08B9258038BD44F2BB
S2140321E090232380FAE708B500F0FBF8E5F736F905
S2140321F000F044FB00F008F8E6F7A2FDE7F75EFB05
S214032200BDE80840E7F7DABB704770B515460E46DB
S2140322101C46FFF7C6FB2B684EB103606B68436032
S2140322202368C0F825302368C0F8153070BD836076
S2140322306B68C3602368C0F829302368C0F8193078
S214032240F4E770B50546FFF7ACFB0446FEF741FA24
S2140322504FF4807106462846FFF7A7FB4FF400614C
S2140322602846FFF7AAFB3046FEF739FA0023236118
S2140322702375236284F824302846FFF794FB8023D3
S21403228010F0080F14BF237584F8243070BD10B502
S2140322900446FFF712FF20461021BDE81040E4F77E
S2140322A073BF10B54FF460610446FFF789FB204601
S2140322B0BDE81040FFF701BF7FB506460C46FFF7A3
S2140322C070FB4FF4C06105463046FFF776FB4FF4CC
S2140322D000613046FFF774FB4FF48060E6F76CFC52
S2140322E0224670B969462846E5F7D0FF6B4605F1E6
S2140322F0100213F8011B02F8011DAA42F9D104B01B
S21403230070BD6C4602F1100610685168234603C37D
S2140323100832B2421C46F7D1E8E7F0B587B00D465F
S214032320ADF80C20FFF73DFB0446284606F035FFC4
S214032330064600B32846E5F7E7FF9DF80C3005AFE1
S21403234003F02303224631460093019704F120034A
S214032350FDF7D6FE2846E5F7EDFF04223946284664
S21403236007F059F9236A0133236223B994F824301A
S214032370013384F8243007B0F0BD30B585B003913F
S214032380ADF80820FFF70DFB0446039806F005FF9B
S214032390051F002D02DC002005B030BD0398E5F7CD
S2140323A0B3FF431901939DF8083003F0230300930A
S2140323B0224604F110032946FDF793FE0028EAD1CE
S2140323C00398E5F7B7FF042103A806F088FF2369FF
S2140323D0013323610BB10120DEE7237D013323752F
S2140323E0F9E708B54FF40060E6F7E6FB40B94FF4AB
S2140323F08050E6F7E1FB40B9BDE80840EAF72CBB9E
S214032400FFF7C2FA0028F2D008BDFFF7C1FA00288A
S214032410F2D0F9E741F0004141F4E0210160704752
S21403242007B501A8019106F033FE002003B05DF85E
S21403243004FB704770477047704710B5DC1D0433C4
S21403244083734379C47123F0030343F003030E2419
S2140324504371012344738371C3730182827410BD75
S214032460D31CC3713E2343734379827323F0030360
S21403247043F00303437101238371C17370470F2332
S2140324804373042383734379A0F8111023F00303E3
S21403249043F00303437140F20173C38001230374C3
S2140324A0C2737047D31CC3714379417323F003038C
S2140324B043F003034371012382738371704708B5A6
S2140324C00023FFF7BAFFBDE80840E6F721B82DE979
S2140324D0F84380460220894617461E4606F09DFFAF
S2140324E0D0B14579A0F810800C2343730823837377
S2140324F025F0030540F60133C38045F003059DF838
S2140325002030457180F81290A0F81370A0F815607B
S214032510C373E5F7FDFF0120BDE8F88308B5022085
S21403252006F07BFF30B101221121FFF799FFE5F793
S214032530EFFF012008BDF8B50F4616461321092202
S2140325401D46FFF78DFF837904460C331C44A170A8
S214032550E77026712B68C4F80530AB88A4F80930F9
S214032560BDE8F840E5F7D4BF70B5064602200D4631
S21403257006F053FF044668B114210422FFF770FFE8
S21403258083790C331C44A170A4F803606571E5F7E6
S214032590BFFF012070BD08B501F06CFD08BD2DE935
S2140325A0F041074602200D4690461E4606F035FFCC
S2140325B00446E0B109222121FFF752FF83790C3349
S2140325C01C440A22BDF9183093FBF2F323729DF8DC
S2140325D01C30637284F80380BDF92030A78093FB18
S2140325E0F2F3A671E571A372E5F792FF0120BDE849
S2140325F0F08137B5044606F0D0FDA3790C33E51811
S214032600C0B23E22E254831E6B700D23AB70AB79CF
S2140326108DF807301C38012BE87609D100231A46BB
S214032620E91D0DF10700FEF754FE9DF80730AB7168
S2140326302046E5F76DFF03B030BD704710B5E5F7EC
S214032640A1FF83790C33C4180021E078E4F7A2F9DC
S2140326506168FFF776F80446E5F79AFF22460023FB
S214032660BDE810404FF61941FFF7E7BE10B5E5F792
S21403267089FF83790C33C4180021E078E4F78AF9DC
S2140326806168FFF76CF80446E5F782FF22460023ED
S214032690BDE810404FF61A41FFF7CFBE70B5E5F719
S2140326A071FF002186790446FE20E4F773F9054698
S2140326B0E7F750FB50B10C24E5F76AFF22460023E8
S2140326C0BDE8704042F20501FFF7B7BEE7F788FBA7
S2140326D00028F0D134440F342DB121462846FFF7A5
S2140326E04EF80028E7D02046E6F7B2F90024E3E7E1
S2140326F02DE9F041E5F746FF83790C33C41800252E
S214032700E678E5F73FFF0768E5F73CFFA6F1FE032B
S2140327105942594105603046E4F73CF922793B4675
S2140327202946FEF768FF0446E5F732FF2B462246A6
S21403273042F23701BDE8F041FFF77FBE2DE9F041D5
S214032740E5F720FF83790C33C4180025E678E5F710
S21403275019FF0768E5F716FFA6F1FE03594259412C
S21403276005603046E4F716F922793B460121FEF769
S21403277042FF0446E5F70CFF2B46224642F2380199
S214032780BDE8F041FFF759BE2DE9F047E5F7FAFE3D
S21403279083790C33C418277994F8038027B9B8F1E2
S2140327A0010F27D0E4F758FB05340026BE420ADBA8
S2140327B00025E5F7EDFE2A460023BDE8F04742F282
S2140327C03901FFF73ABE2078B4F8015094F8039025
S2140327D0A0F1FE03594259410434E4F7DBF858B13B
S2140327E02A464B464146E4F733FA05460028E0D12D
S2140327F00136DBE71225DCE74225DAE710B5E5F715
S214032800C1FE83790C33C4180021E078E4F7C2F8DC
S21403281080B1211DFEF7B3FF00280CBF0C24002453
S214032820E5F7B6FE22460023BDE8104042F2350126
S214032830FFF703BE4224F3E7FE282DE9F8430646D6
S214032840894690461F4616D0022006F0E6FD04464B
S21403285090B106221221FFF703FEA5790C35254415
S2140328601223AB7085F803902E71A5F80580EF71DF
S2140328702046E5F74DFE0120BDE8F883704710B506
S214032880E7F768FA0446FEF717FD2043C0B210BD0B
S21403289038B5E5F777FE8379C17903F10C02024474
S2140328A0CB1A02200021B2F8035006F0E1FE0446DC
S2140328B040B9E5F76DFE0722BDE8384042F219013C
S2140328C0FFF7DDBD2846E4F735FC38B12146E7F7C8
S2140328D009F80446E5F75CFE2246EDE72046FBF7DB
S2140328E00DFC0224F6E770B5E5F74CFE8379184431
S2140328F0B0F80F60B0B2E4F71DFC80B1002100F021
S2140329006EFE0546E5F744FE044602232A4642F2D7
S2140329101B01FFF792FDA3791C44668270BD022556
S214032920F0E770B5E5F72EFE83790C33C418B4F8D8
S21403293003502846E4F7FEFBA0B1611D00F04FFEEE
S2140329400646E5F725FE04460223324642F21A01FE
S214032950FFF773FDE37923449D72E3791C442D0A44
S214032960E57270BD0226ECE710B5E5F70BFE83793A
S2140329700C3318444479B0F80300E4F7DBFB60B18A
S2140329802146E6F78BFD0446E5F702FEE2B240F287
S2140329900641BDE81040FFF772BD0224F4E770B5A8
S2140329A0E5F7F0FD83791844B0F80F50FDF791FE74
S2140329B004462846E4F7BEFB80B11621FFF7E6FB84
S2140329C000252046FDF78BFEE5F7E2FD2A460023A9
S2140329D0BDE870404FF60441FFF72FBD0225F0E730
S2140329E0F8B5E5F7CFFD84790C3404440546B4F80E
S2140329F00300E4F79FFB064640B9E5F7C9FD02224C
S214032A00BDE8F84042F21301FFF739BDAB79E97927
S214032A1003F10C022A44CB1A0220002106F028FEFA
S214032A20014618B9E5F7B4FD0722E9E783790333CE
S214032A3083713046B4F80D50B4F80F70E6F7E2FC35
S214032A403A46044629463046FFF78DF8E5F7A0FDDB
S214032A502246D5E738B5FDF73CFE0446FFF70FFFE1
S214032A6000280CBF0C250025E5F792FD2A4642F206
S214032A700E01FFF724FDE7F749FA2046BDE8384084
S214032A80FDF72DBE10B5E5F77DFD83791844B0F844
S214032A900F00C0B2E4F7BEFEE5F77AFD0023BDE8FB
S214032AA010401A4642F22401FFF7C7BC2DE9F8434B
S214032AB081460220884617461E4606F0AEFC0446AC
S214032AC090B10A220321FFF7CBFCA5790C352544E8
S214032AD000232046EB70A5F80490A5F806802F8106
S214032AE06E81E5F715FD0120BDE8F8832DE9F04377
S214032AF085B0814602209DF844808DF80F200E464F
S214032B001F4606F08AFC0546002844D022222921C7
S214032B10FFF7A6FCAC790C342C4404F10E03002218
S214032B2004F11401C4F80E2030469A8062612283B1
S214032B3000913A460DF10F01FEF7CCFB9DF84030AD
S214032B40E37006F00103A3719DF80F30A4F8049018
S214032B50E3713B68A360BB88A38116F0FD0F4FF6B5
S214032B60FF7304D0032E08BF43464FF0FF08BDF89B
S214032B7030206283BDF83420A283BDF83820E28378
S214032B809DF83C2084F82020284684F8218063841E
S214032B90E5F7BEFC012005B0BDE8F083F8B50746AF
S214032BA0022016461D4606F038FC044690B10C2259
S214032BB00421FFF755FCA1799DF818300C31214408
S214032BC020468F80C1F80660C1F80A50CB70E5F73F
S214032BD09FFC0120F8BD70B5064602200D4606F0A0
S214032BE01CFC044668B103223021FFF75BFCA37983
S214032BF00C3323442046A3F803609D70E5F788FC56
S214032C00012070BD70B5064602200D4606F005FC91
S214032C10044688B104220821FFF744FCA3790C3349
S214032C202344B5FA85F252092046A3F803605A7185
S214032C309D70E5F76DFC012070BD2DE9F8438146D4
S214032C400220884617461E4606F0E7FB0446B0B148
S214032C500B220721FFF704FCA579BDF820300C35BD
S214032C6025442046A5F80390A5F80580A5F8077027
S214032C70A5F80960A5F80B30E5F74AFC0120BDE886
S214032C80F883F8B5074602200E46154606F0C5FB40
S214032C900446A0B10D220521FFF7E2FBA3790C330E
S214032CA023442046A3F80370A3F80D602A68C3F8EC
S214032CB005206A68C3F80920E5F72AFC0120F8BD59
S214032CC02DE9FF410A9C16466A4680460F4603F1E5
S214032CD0100E1546186859689446ACE80300083386
S214032CE073456246F6D124B9022006F096FB0446E5
S214032CF008B31D22ED212046FFF7B2FBA3790C3360
S214032D002344A3F80380A3F80D702EB13268C3F8EA
S214032D1005207268C3F809200F3304AE2A4603CA97
S214032D20B24218605960154603F10803F6D12046EF
S214032D30E5F7EEFB012004B0BDE8F08113B5827918
S214032D4001900C321321815484184FF44072C280D0
S214032D50E5F774F9A07020B901A806F099F902B056
S214032D6010BD8000013060700198E5F7D1FBF6E7EF
S214032D7070B5064602200D4606F04FFB044678B1B2
S214032D8004220521FFF78EFBA3790C33234400228C
S214032D902046A3F803605D719A70E5F7B9FB01203E
S214032DA070BD13B5837901900C33C418C05CE4F787
S214032DB0C1F920B901A806F06BF902B010BD63781B
S214032DC0019913F0300F8B7903F104038B714B7960
S214032DD00CBF0122002262F300034B71E4F776FE78
S214032DE0EBE72DE9F041E5F7CDFB83790C33C41807
S214032DF0B4F803801FFA88F0E4F79CF9054600B39D
S214032E00A2796179FEF7BEFE0646E5F7C1FB0746E3
S214032E100223324642F27A01FFF70FFBBB793B44AB
S214032E203846A3F81280E5F773FB46B9A37933B1A6
S214032E302846FFF76EF801462846FEF773FDBDE801
S214032E40F0810226E1E700F05FBE50E8003F0B4347
S214032E5040E80032002AF8D17047704770B50E4636
S214032E601546E4F727FB044648B93046E4F7D8F896
S214032E70044620B92846E9F715FD044640B100206C
S214032E80E4F718FB0020E4F7CBF80020E9F70AFD87
S214032E90204670BD4FF40010EAF73EB8E8F7FCBED4
S214032EA0E5F7B8BD4368143B4360A0230B60704747
S214032EB01AB94268A2EB530242600A6802EB830225
S214032EC00A607047884210B518D8052816D9B1F598
S214032ED0486F13D8B3F5FA7F10D2A2F10A0080B276
S214032EE040F67644A04209D801339BB24B435B00BD
S214032EF0B3EBC20F94BF0120002010BD0020FCE7F7
S214032F00C94350E8003F0B4040E80032002AF8D19E
S214032F107047002070472DE9F04104460F4600260F
S214032F204FF00108214686F00100FEF733FD4FF40B
S214032F308051FFF7E5FF836833B940460EB1BDE81D
S214032F40F08101268046EDE7028ABA4206D10022C6
S214032F500121204698470028EFD1EFE70268D20503
S214032F60EBD500221146F4E708B5FEF72CFD002347
S214032F700380436008BD70B506460C46FDF7A9FB03
S214032F8005463046FEF71FFD30B103781C43047038
S214032F904FF40070E9F7C0FF2846BDE87040FDF720
S214032FA09EBBE4F793BD07B542798DF8071022F070
S214032FB0030242F00302427140F20332C2800DF173
S214032FC00701012206F047F803B05DF804FBF8B5E5
S214032FD0174606460C461D46FEF7EDFC020713D5BC
S214032FE002213046FFF776F870B111212046FFF72D
S214032FF0DAFF2046E5F714FF457087702146304612
S214033000BDE8F840E4F762BD2820C5F120024FF082
S2140330108861A5F12003E94000FA02F220FA03F3DF
S21403302011431943CB07E0D40D212046FFF7BBFF1E
S2140330302046E5F7F5FE4770E0E770B50C46054613
S214033040072120461646FFF7AEFF2046E5F7E8FEC3
S214033050214646702846BDE87040E4F737BD38B5CC
S2140330600C4600210546FEF7BEFC241AA4B247F61A
S214033070FE739C4205D928462821FFF770F80020E6
S21403308038BD0120FCE738B504460D46014600204E
S214033090FEF780FC03689B0505D429462046BDE859
S2140330A03840FFF7DCBF002038BD2DE9F041154658
S2140330B09DF818801F46FEF76DFC0446FDF709FBD6
S2140330C0B8F1010F064623D154E8003F43F480735A
S2140330D044E80032002AF7D105B354E8002F42F43F
S2140330E0007244E80023002BF7D1FF212046FFF7A8
S2140330F007FF54E8002F48EA020244E80023002BA7
S214033100F7D1A56027823046BDE8F041FDF7E7BA60
S2140331104FF480712046FFF7F3FEDDE74FF40071AE
S2140331202046FFF7EDFEE0E773B5064601200C46A2
S214033130FEF730FC0023054600931A462146304628
S214033140FFF7B3FF6B6863B14FF480712046E4F773
S2140331501BF855E8003F43F4007345E80032002AA5
S214033160F7D1FDF7B6FA05462046FEF72CFC28B144
S21403317003881BB14FF40070E9F7CEFE284602B071
S214033180BDE87040FDF7ABBA38B505460C46FEF70A
S21403319001FC83684BB10221204600229847214652
S2140331A02846BDE83840FFF7BFBF38BD012938B50C
S2140331B005460C4608D0CC1E012C03D80146012038
S2140331C0FFF7E2FF012038BD2221FEF75BFC204615
S2140331D02946FFF7D9FF0020F5E708B5FEF7DAFB27
S2140331E0006800F0F00008BD10B501460446012053
S2140331F0FFF7F3FF20B92146BDE81040FFF7EDBF08
S21403320010BD70B506460C4601460120FEF7C2FB0C
S214033210314605460020FEF7BDFB2B6802680146D3
S21403322043EA0200C0051ED49B0502F4007203D4D1
S2140332309AB94FF0FF3070BD2B8A1B1B98B27AB138
S214033240098A091B89B28842A8BF08464FF6FF734E
S214033250984208BF4FF0FF30EDE74FF6FF70EFE7F9
S2140332604FF6FF71EFE70120E5E72DE9F34104464A
S2140332700191014601201546FEF78CFB21460646C2
S2140332800020FEF787FB80462046FEF78CFB810670
S21403329006D501A805F0FCFE0C2002B0BDE8F081BF
S2140332A0FDF717FA33689A05074603D4D8F80030B3
S2140332B09B0509D50199301D8D6005F0D0FF384672
S2140332C0FDF70DFA0020E8E7FDF709FA0199204615
S2140332D0A847E2E738B5014604460120FEF75AFB45
S2140332E005460C3005F0D4FE281D05F0D1FE214618
S2140332F00020FEF74FFB04460C3005F0C9FE201DE8
S214033300BDE8384005F0C4BE70B501460546012049
S214033310FEF740FB0646043005F037FF044670B15F
S2140333204FF400713046FFF7EBFDA36821462846AD
S214033330984720B12046BDE87040FAF7DFBE70BD5F
S2140333400023C0E900318260704708B50B4601468A
S2140333501846FEF71FFB0068C0F3402008BDFFF7C2
S21403336025BFCB1E012B70B504460D46164606D860
S2140333701A21FEF787FB40212046E3F705FF324676
S21403338029462046BDE87040FFF710BF38B504460F
S2140333900D46FEF763FB28B1012D04D122212046FA
S2140333A0FEF770FB002038BDF8B58B790B440C464E
S2140333B0D3F80D60D3F8113032460746E4F768FBBE
S2140333C009212046FFF7EFFD2046E5F729FDA579FD
S2140333D0E5F74CFC0C35254466F0FF060640C5F8B9
S2140333E00160E5F743FC3846C5F805102146FFF7AC
S2140333F0D8FD02213846FFF7BEFDF8BD70B50E4670
S214033400054601460020FEF7C5FA012E044603D002
S214033410022E11D0012070BDC1688B7919440D317D
S2140334202846FEF798FBE068FAF768FE0020E0609F
S2140334302946FFF779FEEDE7C068FAF75FFE00233B
S214033440E360E7E738B50D46044601460120FEF77C
S214033450A1FA012D08D100F112012046FEF77BFBED
S21403346021462846FFF760FE012038BD08B5FEF763
S2140334709AFAC0F3C00008BDF8B50C460746FFF736
S214033480F5FF80F00106F6B239463046FEF782FABB
S2140334900546C068012C837903D0022C1BD001207B
S2140334A0F8BD0C33C41838462389E288A188FEF792
S2140334B02AFC61886278490089B252003846FEF7D2
S2140334C0ADFAE868FAF71AFE0023EB603946304691
S2140334D0FFF72AFEE3E7FAF711FE0023EB60DEE7C9
S2140334E008B5FEF768FA00F0010008BD38B50C46CB
S2140334F002210546FEF761FA0C212046FFF753FD2D
S2140335002046E5F78DFC4FF0FF3383700223C3702C
S2140335100D2343706FF02F03037105234371214678
S2140335202846BDE83840FFF73CBD042910B50446DD
S21403353001D0002010BDFFF799FFC0F10200E5F7A8
S2140335403BFB0028F5D105F068FF014608B90220C9
S214033550F0E72046E5F774FF0028F8D10120E9E7F5
S21403356008B5FEF720FAC0F3C00008BD2DE9F04108
S2140335700F4604469046FFF7F3FF80F00105EDB2D1
S21403358021462846FEF706FA012F064603D0032FE8
S2140335900FD001200BE02046FEF783FE22212046B3
S2140335A0FEF770FA28462146FFF7EEFD0020BDE839
S2140335B0F081C068FAF7A2FD0023F3602046FEF709
S2140335C070FE5FFA88F12046FEF75CFA204620215B
S2140335D0E3F7DAFD21462846FFF7D6FDD9E737B5E8
S2140335E004460D46FEF7E7F903054CD5022005F021
S2140335F014FF0190002848D0204645B3FFF7B0FFDC
S21403360050B105210198FFF7CEFC0198E5F708FCB9
S21403361001992046FFF7C5FC20462946FEF74CFED7
S2140336202046FFF79DFF78B94FF400612046FEF76A
S214033630BFF906210198FFF7B6FC0198E5F7F0FB02
S21403364001992046FFF7ADFC002003B030BDFFF71D
S21403365087FF68B10199032306222046FFF7B7FCCC
S2140336602046FEF71EFE21462846FFF78DFDEBE7B4
S21403367001A805F00DFD20463D21FEF770FD20460E
S214033680FEF70FFEE0E70C20DFE70720DDE7F7B5E0
S214033690014604460020FEF77DF9054600F11207B1
S2140336A04FF48060E5F788FA50B92046E3F756FDF5
S2140336B0698B3A4680B203B0BDE8F040FFF7E1BA43
S2140336C02046E3F74BFD064620466D8BFEF769F969
S2140336D000220346009229463A46B0B2FFF7F0FAB4
S2140336E003B0F0BD83781A2B09D81B238370028896
S2140336F0B2F5A47F07D24FF4A473038007E0FB2B35
S214033700F5D9FB23F2E744F290239A42F5D87047A3
S214033710F0B5CA798B7987B043EA0223ADF80C304B
S2140337208B888DF80E30CA788B7843EA02230446DA
S214033730ADF8103003A80B888DF81230FFF7D2FFD0
S21403374004A8FFF7CFFF05A92046FEF738FD0B2197
S2140337502046FEF7EEFC40F6480544F29023002888
S21403376018BF1D469DF80E30BDF81460BDF8102036
S214033770BDF80C709DF816009DF81210AF42D4BF2A
S21403378000970095FB2BA8BFFB23B242A8BF324687
S2140337908142A8BF01462046FEF728FB07B0F0BDCE
S2140337A037B5144605461046FFF7FDFB2046E5F7FA
S2140337B037FB01A904462846FEF701FD0B212846E0
S2140337C0FEF7B7FC6FF0040363700023A37044F2A4
S2140337D0902240F64803002818BF1346A4F8033087
S2140337E09DF80630A4F80530BDF80430A4F8073079
S2140337F003B030BDFFF7DABC022973B505460C46A5
S21403380003D00024204602B070BD0521FEF762FCFB
S2140338100028F6D0E4F704F81B28F2D94FF400404A
S214033820E5F7CAF90028ECD105F0F7FD06460028AF
S214033830E8D001A92846FEF7C2FC9DF80630BDF87D
S214033840042031462846E6F7CFF80028D9D10124CC
S214033850D8E730B190FAA0F00123B0FA80F08340A5
S214033860D8B2704770B50646FEF7A5F880F0400458
S21403387002060546C4F3801406D408213046FEF734
S2140338803EFC08B144F00204EB0506D40B21304697
S214033890FEF735FC08B144F00404204670BD2DE95C
S2140338A0F843044691460F46FEF785F8C0F34015E5
S2140338B02046FEF72BFB214680462846FEF76AF88D
S2140338C0494606462046FEF7DDF898F801103846C6
S2140338D001F00F0100F024FA062814BF0146002168
S2140338E02A462046FEF7B6FA21462846FFF71CFC72
S2140338F020212046FEF764F856E8003F43F4805341
S21403390046E80032002AF7D1BDE8F883F8B50E463C
S21403391004461546FEF74FF8032EC0F340170DD0A6
S214033920042E16D0012E12D122212046FEF7AAF825
S21403393038462146FFF728FC0020F8BDEAB20021EE
S2140339402046FFF7ACFF21463846FFF71DFC012053
S214033950F3E70C22F3E7012910B504460BD1FEF773
S2140339602AF82146C0F34010FEF714F80022817CA3
S2140339702046FFF794FF012010BD2DE9F7430F46BD
S2140339800546FEF718F800F02009C0F3401828464D
S214033990FEF7BCFABB790C333B445E789B781E403B
S2140339A00378C3F3030000EA13103040FFF751FF18
S2140339B0044648B9B9F1000F06D12846FFF752FF6F
S2140339C03040FFF746FF04462846FEF7A2FAE8F71C
S2140339D03FF8A04223D01CB302212846FEF703F883
S2140339E0002106462846FEF72CF918213846FFF72D
S2140339F0DAFA3846E5F714FAB6B244708470A0F8DB
S214033A00036039462846FFF7CCFA0096234622463B
S214033A1029464046E6F722F803B0BDE8F0830024C3
S214033A202646E2E770B504460D46FFF7DDFB28B9E8
S214033A3029462046BDE87040FFF79FBF4028294629
S214033A4020464FF01603BDE8704014BF2A222322F7
S214033A50FFF7BDBA38B505460C46FDF7ACFF83063F
S214033A6004D42046BDE83840FAF748BB214628462A
S214033A70BDE83840FFF781BF73B58C790C340C442E
S214033A8006460D46FDF797FFA278032AC0F34010BB
S214033A9014D0052A28BF00226378032B10D0052BE9
S214033AA028BF0023B4F8031000913146E5F7D6FF8C
S214033AB0284602B0BDE87040FAF720BB0022EBE7C9
S214033AC00023EFE708B58B790B441B7B162B03D03B
S214033AD0172B05D0002008BDFFF7A4FF0120FAE747
S214033AE0FFF7B8FFFAE708B58B790B441B7B162B59
S214033AF003D0182B05D0002008BDE5F7D9FF012019
S214033B00FAE7FFF7B9FFFAE770471FB54A1E042A1C
S214033B1003460C465FD8012902D1008804B010BDC5
S214033B20022905D100885B88984238BF1846F5E716
S214033B304A00014601A804F0F2FE032C07D1002335
S214033B40ADF80A304FF6FF73ADF80C3001E0042CE5
S214033B50F8D0BDF80620BDF80430934284BFADF814
S214033B600630ADF80420BDF80A30BDF80C209342A9
S214033B7088BFADF80A20BDF80A2088BFADF80C3020
S214033B80BDF80430934288BFADF80A30BDF806206E
S214033B90BDF80C309A4288BFADF80630BDF8082051
S214033BA0BDF80630934284BFADF80830ADF8062062
S214033BB0BDF80A30BDF808209A4288BFADF8083031
S214033BC0BDF80820BDF806309A4238BFADF8083075
S214033BD0BDF80800A2E74FF6FF709FE7012804D060
S214033BE0022804D030B9E7F795BBE7F783BB00207C
S214033BF0E6F7FEB8704710B1012803D070470120DE
S214033C00E6F7F6B80020FBE7F7B51F468B1E012B39
S214033C1005460C46164613D8FDF756FB0023CDE99A
S214033C200005F01A18BF01201A463946FDF75AFB5D
S214033C3080B1022C0BD12846E4F7E4FE002004E012
S214033C400029F8D0012902D0FF2003B0F0BD284692
S214033C50E4F71CFF0120F8E770B59DF810600D46E9
S214033C6000210446817106F10C014173111E03F015
S214033C700F00237B18BF012140EAC11003F0400365
S214033C80184320732B469DF8141004F10E00FFF71B
S214033C90BBFF237B60F3861323732B686361AB88B8
S214033CA02383A3790E363344E37170BD10B541897F
S214033CB08389C28904460846FFF704F9E0B1E2792E
S214033CC0531E072B19D86389934216D922899A4221
S214033CD013D8237C43B9637C33B9A37C23B9E07C34
S214033CE010B9237D0F2B07D9607D1B3000F01F0012
S214033CF00B288CBF0020012010BD0020FCE708B570
S214033D00E8F782F9BDE808400020E8F76DBBC94331
S214033D1050E8003F0B4040E80032002AF8D17047D5
S214033D20022808D0042803D0012818BF06207047AD
S214033D3001F00101C81C7047E8F7B8BE0A2802D88C
S214033D400130C0B27047242801D80230F9E725288D
S214033D5005D0262805D0272818BFFF207047002047
S214033D6070470C20704708B5E7F7EEFEBDE808403D
S214033D704FF00060E9F7D0B808B5E8F79DFE20B12C
S214033D80BDE808401020FFF7EEBF08BD7047704738
S214033D9070477047704700207047704770477047FA
S214033DA07047704710461946704700200021704739
S214033DB003F0E3BFF2F70CBB04F097B808B5E8F7D7
S214033DC0C7F820B1BDE808400420FFF7CCBF08BD04
S214033DD0F0B585B00D468DF80700164602B983B3D5
S214033DE09DF807002946FDF783FA044690B99DF827
S214033DF007002946FDF780FA20BBF6B19DF80700B9
S214033E00003818BF01202946E8F714FD441C18BFE4
S214033E10012417E002AF012239460DF10700FDF732
S214033E2069FA024604464EB19DF80730181E18BFBD
S214033E300120002A18BF3D46E5E70124FDF747FAAF
S214033E4000B90124204605B0F0BD37B50246084642
S214033E50136A03F4007403F40015DB0505D47CB978
S214033E60E4F7D0FD204603B030BD4CB9D2F8551068
S214033E700160B2F859208280B5FA85F46409F1E747
S214033E80019092F95430009300231A4619461846B7
S214033E90B5FA85F4FDF726FA6409E3E77047704739
S214033EA0024619460020E8F7A3BB0020704700200F
S214033EB0704707B500214FF0FF336A460846009364
S214033EC08DF80430E8F726FD03B05DF804FB38B53B
S214033ED00546006804F07EFF0446287900F01F00BC
S214033EE004F078FF2044C0B2012894BF00200120CC
S214033EF038BD70477047914270B50D4614461E464E
S214033F0009D2FFF719FF641B013490FBF4F303FB9C
S214033F1014000544ACB23480FFF70EFF3388013338
S214033F20B0FBF3F202FB1300049B188070BD7047CE
S214033F30704770470120704708B5202000F068FFDF
S214033F40003818BF012008BD08B5FFF7F5FF20B1FC
S214033F50BDE80840202000F063BF08BD73B50646E1
S214033F600D461446D2B100F050FFA84218D830468A
S214033F7000F060FF01460190A0B100232A462046C8
S214033F8005F07CF801A805F083F82246022052F8D3
S214033F90041B00F0FCFE002002B070BD2220FBE7ED
S214033FA02120F9E72D20F7E708B5F9F7D9FD08B181
S214033FB0012008BD00F060F8F9F7DAFD0028F7D114
S214033FC0EBF752FA003818BF0120F2E708B5E8F716
S214033FD051FF00280CBF0420012008BDE8F758BF96
S214033FE00020704730B5044687B008461546FEF7EE
S214033FF057FF122200210DF1060004F076FCA36899
S2140340000293E3680393E38BADF81030238CADF88B
S2140340101230ADF80450FFF7E3FF029B8DF814004F
S21403402043F41053029300F05FFE18B1029B43F073
S2140340300403029301A8E4F7D1FD10F0FF0516D19F
S214034040A38CADF800300DF10201E38CADF802301D
S214034050684600F034FDE8F7B7FFFEF71FFF0121BF
S21403406003F05FFDEAF700FB284607B030BD40F2D9
S2140340700C40FAE7E8F7B8BFFBF739BEDAF7BEBC81
S2140340800120704770B50C46064611461D46E9F7F3
S21403409073F858B144EA06206FEA40406FEA50408E
S2140340A02A4680B2BDE87040E8F7BABF40F2064041
S2140340B070BD83791A07014603D506220020E9F767
S2140340C07FB89B0602D506220120F8E74FF0FF30A3
S2140340D070478379532B01D1E9F7A4B8FFF7E9BFFB
S2140340E070B5064614461D46E9F746F810B900248F
S2140340F0204670BD41EA06206FEA40406FEA504012
S2140341002A46214680B2E8F7A9FF0028F0D0EEE75A
S21403411013B50446E9F730F810B9002002B010BD15
S21403412008226B4611462046FFF7DAFF0828F4D12B
S2140341309DF80230002BF0D09DF90300013018BF24
S2140341400120EBE7704700207047532838B5054633
S2140341500C4604D1BDE838400846EDF749BB0620B7
S214034160FAF7DEF968B96379142D03F03F03637138
S21403417004D0722D08D163F03F036371A57100204C
S21403418038BD40F20740FBE72120F9E71FB550F89A
S2140341900C4BADF8061094F870408DF80820ADF877
S2140341A00A3001AA069B8DF8044040F2035103939C
S2140341B004F0A3FE10B906A804F06AFF04B010BD0D
S2140341C02DE9F04186B04FF0000804460E46CDF8C0
S2140341D00C8000F14407154612B303A804F058FFF9
S2140341E0384604F055FF84F81C80002300933246BB
S2140341F02B461821204600F095FF05F588552046E6
S21403420004AA50F80C3B059593F870308DF81030DF
S21403421040F2055104F071FE002006B0BDE8F081BF
S21403422043691A0710D4A846384604F04FFF0346DE
S2140342300390C0B903A804F02BFF384604F028FF08
S2140342400023237755B1D0E723F00803436103A87F
S21403425004F01EFF384604F01BFF2577204600F0C7
S214034260DDFF0025CBE7997901F10C021A440531ED
S214034270B2F80160B2F8032099712046314601F086
S214034280FBFCCDF80C800028CED00546D2E72DE9FE
S214034290F84F0E469DF828B091469A46054610B14B
S2140342A0037C012B60D0284601F0FDF9304601F06F
S2140342B076FB002231468046284601F0E3FB07469C
S2140342C0304601F065FE42F6052398421CD118F0ED
S2140342D0300F26D1BBF1000F33D018F0200F3FD09C
S2140342E0BA073FD5EB8B002B38D153464A463146A7
S2140342F0284600F0C7FF0446E8B9EE8340F20A41B9
S214034300284601F0DEF916E0284601F081FA002877
S214034310DDD0284601F091FA0028D8D041F21214D5
S21403432009E0B907D6D03146284601F047FC0028F5
S214034330D0D000F58854284601F0BAF92046BDE8E7
S214034340F88F18F0100F0BD0FB070BD553464A46D1
S2140343503146284600F071FF0446ECE70524EAE7F9
S2140343602124E8E70224E6E70724E7E72DE9F047F8
S21403437086B000259DF8389090F81CA00F9E057710
S21403438004460F469046B9F1000F09D00A46009638
S2140343904B46514600F0C6FE284606B0BDE8F087F9
S2140343A0BAF1080FADF8169026D14589043DADB293
S2140343B09D4232464FF002014FF00900A8BF1D464A
S2140343C000F041FE0222814605A93046ADF814707E
S2140343D005F021F92A464146304605F01CF9831CB0
S2140343E0054689F8013031462046EBF74FFAADF81B
S2140343F01650BDF81600D0E7BAF10A0F0DF11602F3
S214034400CDE9016200930CBF0B210D214346012227
S21403441000F0ACFE1A28ECD1CDF8009011233A46F2
S21403442051462046ADF8169000F07CFEE1E7F0B565
S21403443089B017460025012204460E460393ADF8BD
S214034440165001F04EFB8DF81500002846D1304675
S21403445001F0BFF910B1304601F07DFA304601F0A5
S214034460AEFAB8B103A804F013FE2046237F50F833
S2140344700C2BADF81A6092F870208DF8182040F2D5
S214034480025106AA8DF81C30ADF81E7004F035FDF7
S21403449009B0F0BD0DF115030DF1160231462046A5
S2140344A001F0BCFB9DF8153002465BB9BDF816302B
S2140344B0BB4235BF0723DB1B8DF81530D21928BF47
S2140344C0ADF81630039B01939DF8153000933146E3
S2140344D0BDF816302046FFF749FFD9E72A46F1E72D
S2140344E070B504460D46164601F073F940B93346D7
S2140344F02A46214601F0C0FB08B100F5885070BD7E
S21403450041F20310FBE71FB550F80C4BADF806104D
S21403451094F870408DF80820ADF80A3001AA069B7F
S2140345208DF8044040F20151039304F0E6FC10B901
S21403453006A804F0ADFD04B010BD1FB550F80C4B33
S214034540ADF8061094F870408DF80820ADF80A30E0
S21403455001AABDF818308DF8044040F20451ADF8B6
S2140345600C3004F0CAFC04B010BDF0B585B01227B9
S21403457003920777022205460E4601F0B2FA044676
S21403458068B103A804F084FD00232B77002300936F
S214034590324623461221284600F0C4FD0FE0039A54
S2140345A0937903339371304601F009FA48B1039BBC
S2140345B000933A46234631462846FFF7E7FD05B003
S2140345C0F0BD42F6293001F04AFCB04220D10398F0
S2140345D030B903A804F05CFD00232B770D24D5E740
S2140345E004F0DBFD80B20128F3D1039B9A791344D0
S2140345F02846197B01F047F9044603A804F048FD52
S21403460000232B77002CC1D1284600F0CEFDD6E739
S2140346102246039B3146284601F02EFB0446EFE76D
S2140346202DE9FF410392042204460D4601F059FA90
S214034630074628B103A804F02BFD04B0BDE8F081BB
S214034640039A93794FF0520803339371284684F8FC
S2140346501C8001F0B4F9064640B1039B0093424622
S2140346603B4629462046FFF791FDE6E742F629300A
S21403467001F0F5FBA842039B0BD19A79134420461D
S214034680197B01F000F903A804F002FD0023237749
S214034690D3E732462946204601F0EEFAF6E72DE93F
S2140346A0FF418B790C330B440446B3F80170B3F81F
S2140346B0038038460E4601F06AF9002858D00222D5
S2140346C03946204601F00DFA0546E8B9384601F0AA
S2140346D076F968B116222277B3790533B371394672
S2140346E0009643462046FFF751FD04B0BDE8F0812F
S2140346F0F9F79AFC33461B680135EDB2002BFAD165
S2140347000635A8421DDC092504F1440004F0C0FC6C
S21403471000962B463A461621204600F003FD092D47
S214034720E3D1204602AA50F80C3B93F870308DF87C
S214034730083040F2055141F20913039304F0DDFB00
S214034740D3E70121304604F031FF01460028DAD0D2
S21403475004F1440004F083FDB3790533B371424694
S21403476033463946204604B0BDE8F04100F02CBD80
S2140347700125C9E713B5044641B9443004F088FC63
S214034780204602B0BDE8104000F048BD4369182239
S21403479013F00803027706D0002300931946FFF7A9
S2140347A0F5FC02B010BD1A46194602B0BDE810402B
S2140347B0FFF706BD7FB5C58B04462DB342F605202D
S2140347C001F04DFBA84207D10021204601F03CF83A
S2140347D0636923F00103636140F20A41204600F057
S2140347E076FF00260DF10E0229462046ADF80E6030
S2140347F001F048F9BDF80E2000920346022229462E
S2140348002046FFF79AFEE68304B070BD2DE9F04715
S2140348100E46BDF8209090461F46044618B941F24E
S2140348200110BDE8F087084601F0B1F80028F6D07D
S2140348306589033DADB24D4509D3CDF820804B467F
S2140348403A4631462046BDE8F047FFF720BD4920EB
S214034850E7E7F7B504461F460E46154600F023FF66
S214034860237C012B58D0237F182B2CD063691B077E
S21403487013D5217F16292DD008D8122914D0022546
S214034880204600F015FF284603B0F0BD18291AD0BD
S2140348905229F4D10023237713E0304601F08FF832
S2140348A00028E6D12125EBE70023237735B10093D3
S2140348B032462B46204600F035FC02E0204600F048
S2140348C074FC0025DCE72A4631462046FFF778FCD1
S2140348D00546D5E700232377002DE8D1BDF824301D
S2140348E0089A00950521172000F0D1FB20B9009502
S2140348F0112332461221DDE700F086FB626942F09F
S21403490008026261827905320346827131463A466D
S214034910204600F059FCD4E70725B1E72DE9F0411E
S214034920054688B042F6052001F099FA064604A823
S214034930ECF760F8102205F121010DEB020003F0FD
S214034940AAFF50B10121284600F07EFF284601F059
S21403495038FB6B6923F001036B6142F6030303A97B
S2140349600220ADF80C30ECF753F9012407464FF05C
S214034970000820463A464FF6FF7101F035FA044622
S21403498010B908B0BDE8F08101F001F80134A4B213
S2140349900028EED0A64203D131462846E8F78AFF20
S2140349A00DF10E0221462846ADF80E8001F06AF896
S2140349B003460028DDD0BDF80E20009221460122D2
S2140349C02846FFF7BAFDD4E708B5ECF701F8002050
S2140349D0E9F7FEFB002008BD10B90120E9F7ECBC9F
S2140349E070470220E9F7DEBC0020E9F7DBBC38B5E8
S2140349F00C460546E3F7C6FD4379C47523F0030367
S214034A0043F0030343710923837104F10C03C37159
S214034A10A0F81550153038BD2DE9F3410D4616465E
S214034A208046E3F7AFFD05F10C03C37143790190AC
S214034A3023F0030343F003034371092383710446FE
S214034A40A0F8158000F11507304604F0A6FB0544D0
S214034A50E57533463BB901A8314604F000FC3846F9
S214034A6002B0BDE8F0815A7922F0030242F0020256
S214034A705A711B68EEE708B5E3F78AFD83790C33B2
S214034A80184408BD08B5E9F7E5FBECF759FCE8F769
S214034A90FDFDEBF767FEBDE80840FFF7A5BF10B5C1
S214034AA00446E9F783FD20B92046BDE81040F9F730
S214034AB0B5B92046F9F7B2F9FFF793FFF1E773B5F7
S214034AC00E4604F053FE044610BB42F6072001F0E0
S214034AD0C6F90546E0B1B6F90030002BCCBF053366
S214034AE0053B4FF00A02CCBFB3FBF2F393FBF2F3A2
S214034AF05BB28DF8073001230DF10702002118463B
S214034B0004F0B6FD002203462946104601F0B4F829
S214034B10204602B070BD430803F05503C01A00F0E8
S214034B203303C0F3850000F03300184400EB101085
S214034B3000F00F00704710B5421D441E002114F804
S214034B40010FFFF7E8FF94420144F8D1084610BD71
S214034B500E2070470E2070470E2070470E207047B9
S214034B600078EAF70FBF13B50C460DF107020DF1F7
S214034B700601EAF7F7FF30B19DF80600031B58421B
S214034B80584102B010BD0120FBE770472DE9F04302
S214034B9083780D2B91B00D464FD109AC821C00F1E2
S214034BA01A03264610685168274603C708329A42F6
S214034BB03C46F7D113883B801C21284604F068FB4B
S214034BC0BDF826402F6814F00C043ED1384604F096
S214034BD0E4FAA0F10208A0450DDA4FF0FF340023F3
S214034BE09C428DF81C301EDBA31C0122394607A805
S214034BF004F044FA17E0631C0122394605A804F0C2
S214034C003DFA9DF81430012BE9D02346012239469C
S214034C1007A804F033FA9DF81C3013B101331C4483
S214034C20D9E78DF81C30EBF7E3FA012808D0022801
S214034C303FD050B9284604F02BFA11B0BDE8F083F4
S214034C409DF81C3013F0010FF4D09DF82F00EAF7FF
S214034C5001FA80469DF83000EAF7FCF90DF11C09CD
S214034C609DF8282004460DF1290105A8E8F7E8FD7C
S214034C709DF836200DF137014846E8F7E1FD05A813
S214034C80FFF727FA05ABCDE901050746CDF80090F7
S214034C90224641463046E9F779FD2B68002BC9D0FA
S214034CA0CDE9007505AB22464146304602F093FD3A
S214034CB0C0E79DF81C3013F0030FC5E7EBF788BA7F
S214034CC0704708B5ECF7F2F8002008BDECF79ABC7D
S214034CD0EAF782B9EAF760BC7047704770477047D7
S214034CE0E8F768BA70477047002070477047704708
S214034CF07047F8B513681D0A04460F461646043572
S214034D000A46002103F0F1FDEDB221222046394682
S214034D1004F00CF92046294604F091F9A279336889
S214034D201444E360F8BD7047704770477047704798
S214034D30704702464FF482712020FFF70FB9FFF742
S214034D40C9BF08B5014600F03800EAF7C1FA78B1E2
S214034D50D0E90132407810F0020F08BF1346C1F3C2
S214034D600741043B53F8040F10B102788A42F9D185
S214034D7008BD38B505460C4604B938BD013C55F8A0
S214034D8024301B69002BF7D09847F5E77047704728
S214034D90F8B54378DB07054601D4EAF7DBFA6B7808
S214034DA06F6823F00C0343F002036B70002657F87A
S214034DB026402CB905F10C012020F9F7E9F90FE09C
S214034DC0A3680136002BF2D0984704460028EED09D
S214034DD031463846FFF7CDFF6B7823F002036B703E
S214034DE02046F8BD4078C0F340007047437813F080
S214034DF00E0F0CBF01200020704710B5EAF714FB16
S214034E000446EAF729FB204610BD4FF4827070472C
S214034E1008B5EAF75DFAC068003818BF012008BD78
S214034E2008B5EAF755FA20B1BDE80840C06804F0B3
S214034E3060B908BD38B5EAF74BFA044650B1FBF73C
S214034E4048FC054604F10C0004F040F904462846E5
S214034E50FBF745FC204638BD37B5837901900344FC
S214034E600446D86800F03800EAF732FA054628B94F
S214034E7001A804F00DF9022003B030BD204604F06B
S214034E8011F9FBF726FC0199044605F10C0004F022
S214034E90E6F92046FBF723FCE7F7FAFF0020EBE7EB
S214034EA02DE9F041044625021F4605F4E065C4F3E8
S214034EB0072324F47F441D4324F0C7048B79EE199B
S214034EC044F0800444EA162436020C33B6B2344364
S214034ED0CC50084601EB03081146FFF7BDFF20B987
S214034EE04544EF704046BDE8F0814FF00008F9E70F
S214034EF0427810B50432044601F00400D2B2002111
S214034F0040F0290004F04AFB18B183792268034471
S214034F10DA6010BD10B50021FFF7EAFF044608B9B2
S214034F20002010BD0179FFF797FF0028F8D1A37979
S214034F300C33E018F5E72DE9F04117461A460368E7
S214034F401C0204F4E064C3F307231C4301F00401CA
S214034F5041F02905043406463B462146284604F01C
S214034F6087FB804650B1E1B204F0D2F830683B4686
S214034F702A464146BDE8F041FFF792BFBDE8F081FF
S214034F802DE9F34101F0040141F0290500240768E7
S214034F902946064610681460019004F083F80198C9
S214034FA004F0FBF8390201F4E061C7F3072739433D
S214034FB080460122043101A804F06CFA30B101A83E
S214034FC004F066F8204602B0BDE8F0810199306827
S214034FD043462A46FFF764FFF5E700207047A0F82C
S214034FE06E10704701238B4090F87110194380F8B8
S214034FF07110704708B50120F9F736F8C0B208BD3E
S21403500083790C33184470471438704710B5044638
S214035010A1F1140004F0C1F8201A20EAE07080B26F
S21403502010BD70B51C460D461646FFF7EFFFA042AF
S21403503007D322463146A5F1140004F0ECFA01200A
S21403504070BD0020FCE770B506460D4614467AB9D7
S2140350500A462046082104F0A1FA044690B92A46D7
S2140350600821292004F09AFA044658B9204670BD50
S214035070104604F00DF8204604F0C3F908231D4437
S214035080A371E571A3790C331C442670EEE72DE972
S214035090F0411646069A074688461D46FFF7D3FF95
S2140350A00446F0B114382A463146069004F0B3FAA3
S2140350B0854217D9069B1C7906A804F0200403F042
S2140350C0E7FF74B942460821292004F067FA2A4606
S2140350D03146069004F09FFA854206D906A803F0E7
S2140350E0D7FF00242046BDE8F081069A93790C3357
S2140350F0D418D754F6E711B11439EAF7C7BB1A2008
S214035100704738B5002204460D4602200321FFF7F8
S2140351109AFF014608B1A0F801502046BDE8384082
S214035120FFF7E9BFF8B504460F4616460521069A6B
S21403513001201D46FFF787FF014638B147704680BA
S21403514005712046BDE8F840FFF7D5BFF8BD38B572
S2140351500D46032104460846FFF775FFA0F80150E5
S21403516001462046BDE83840FFF7C5BF73B5054680
S21403517008466C89089E1146641A1A46BDF818300C
S214035180A4B29C4228BF1C46079B00932346FFF706
S2140351907EFF014630B12846348002B0BDE8704039
S2140351A0FFF7A9BF1A2002B070BD10B5012104464F
S2140351B000221320FFF747FF014620B12046BDE833
S2140351C01040FFF798BF10BDF7B544890193054615
S2140351D018460F46164603F0E0FF053CA4B2844289
S2140351E003DA011B01A804F07AF80521019804F0FC
S2140351F018F9014628B901A803F04AFF1A2003B09C
S214035200F0BD83790C33C2181720C854A2F8017076
S214035210A2F803602846EAF739FBF0E710B5012148
S214035220044600221920FFF70EFF014620B1204650
S214035230BDE81040FFF75FBF10BD73B54489033C5C
S214035240A4B2A3420E464FF00001009105464FF06C
S214035250030128BF23461B20FFF719FF014670B141
S21403526010F80F3CA0F80160012262F3071300F860
S2140352700F3C284602B0BDE87040FFF73CBF1A203B
S21403528002B070BD73B54489033CA4B2A3420E4674
S2140352904FF00001009105464FF0030128BF234657
S2140352A01D20FFF7F4FE014638B1A0F8016028463A
S2140352B002B0BDE87040FFF71EBF1A2002B070BDF3
S2140352C04B88042B07D1836C08885B8998428CBF74
S2140352D00020012070470020704710B504468069FF
S2140352E020B10021EAF70EFA0023A36110BD38B5FA
S2140352F0A0224FF4A073C0E9072300250723044622
S21403530080F83130C5818571103003F0C1FE04F199
S214035310140003F0BDFE2046FFF7DFFF40F2011343
S214035320E3857F2384F83230A56265622046BDE8B4
S2140353303840FEF707BF07B501228DF807100DF1B9
S214035340070104F068F903B05DF804FBF7B50546FA
S2140353504FF428500C4600F082FD064600F017FB7B
S214035360B0B3022C02D8002003B0F0BD00270DF125
S21403537005030DF1060231463846ADF8067000F017
S2140353804DFCBDF80620631E934206461EDC072C22
S2140353901AD9023CADF806400824BDF80630002BA7
S2140353A0E1D00133D9B22846FFF7C5FF2146284688
S2140353B0FFF7C1FFBDF806203146284604F02BF957
S2140353C0BDF806000230CFE7ADF806700924E4E71F
S2140353D04FF0FF30C8E702292DE9F34104460D4696
S2140353E01746184603D8002002B0BDE8F08100F047
S2140353F036FD064600F0CBFA0028F4D04FF000083E
S2140354000DF105030DF1060231464046ADF8068060
S21403541000F004FCBDF80630BDF82020934228BFF8
S21403542013460646AB429DF8050028BF2B46ADF84B
S2140354300630C0B9002BD7D001339AB29542D3D9E0
S214035440D9B22046FFF777FF39462046FFF773FFAA
S214035450BDF806203146204604F0DDF8BDF8060008
S2140354600230C0B2C0E74046BEE738B50446EAF7A6
S214035470BBFA38B1022905D820460022BDE83840D9
S214035480EAF740BC212038BD91F839305B0773B585
S21403549006460C4615462DD40846EAF743FA6B1E15
S2140354A0042B16D8032D14D0A379142B24D0A36968
S2140354B07BB90093ADF804308DF80630E8F77AF937
S2140354C06946EAF795F818B91A25284602B070BD5A
S2140354D0A061636AE57343F016036362E8F710F9A5
S2140354E03046EAF765FB05460028EED02046FFF770
S2140354F0F4FEEAE70225E8E72125E6E7002337B5C9
S21403550080F8723040F6FF73A0F86E308368C1608F
S214035510DA0404460D4610D443F48063A3606A4657
S21403552040F203212046CDE9004503F0E6FC0021C6
S2140355302046EAF7E7F803B030BD90F87600EAF7BE
S2140355403DFDA36823F48053E8E773B56E4604462F
S2140355504A7930460D460631E8F772F996E80300B5
S214035560A4F85010090C11F0800FE06484F8521070
S21403557004F1530312D0012205F112011846E8F78D
S2140355805FF90C352846FFF7D6FA28B101222946DB
S21403559004F15A00E8F754F902B070BDB4F850109D
S2140355A094F85220C4F8530099809A71E9E71FB51E
S2140355B090F87420019002F0010304468DF8083039
S2140355C00BB102F002038DF80930204694F87530CB
S2140355D08DF80A30039101F002FC01AA4FF4017121
S2140355E0204603F08AFC2046EAF718F904B010BDFB
S2140355F010B50446E8F7DEF82146BDE81040E9F7A3
S214035600F7BFEAF757B8FFF7F5BC0A460021EBF7F2
S21403561061BC13220121EBF75DBC826838B5C2F387
S21403562080320446B0F86E000D46EBF7F9FC20B95D
S214035630A3681DB143F40053A36038BD23F400539D
S214035640FAE783791A0705D413F0100F0CBFFF206F
S21403565001207047002070470020704710B50446AD
S21403566060B1806C50B1EBF791F8A06C0028FAD1CA
S21403567020460321BDE81040EAF744B810BD43892D
S2140356808B4207B50CD050F80C2BADF8063092F8C9
S21403569070208DF8042040F2014101AA03F02DFC8E
S2140356A003B05DF804FB436943F0040343617047AA
S2140356B0436923F00403436170474069C0F38000E5
S2140356C07047006847F230530022F8F76DBB006856
S2140356D003F0B0BB38B543699B0704460D4603D5B4
S2140356E040F20941FFF7F3FFEAF7EEF808B1A369C2
S2140356F01D70204640F20941BDE83840FFF7E1BF80
S21403570007B5027C012A09D00122027440F209423D
S214035710914206D040F20A4291420ED003B05DF8A1
S21403572004FB50F80C3B93F870308DF8043001AA54
S2140357304FF4816103F0E1FBF0E750F80C3B93F87C
S21403574070308DF8043001AAF4E738B522F0004330
S2140357500D46114640F20322934204461AD0B3F58F
S214035760017F09D240F20122934213D040F2022273
S214035770934209D0002038BD6FF481621344012B95
S214035780F8D8FFF7BDFFF5E700F022F92046FFF74C
S214035790C5F8EFE763699B0704D540F20941204645
S2140357A0FFF795FF2846FFF759FFE3E708B5E9F744
S2140357B06BFF00B1806C08BD08B500B10068E9F75F
S2140357C071FF08B9034602E0836C002BF7D0184636
S2140357D008BD10B5044642F62A3000F040FB031B12
S2140357E05842584110BD022806D1088842F62A338B
S2140357F0C31A5842584170470020704710B50446F4
S21403580042F6293000F02BFB031B5842584110BDCB
S21403581090F8200000F0010070471FB50446684664
S214035820EBF7E8F81022694604F1210003F033F899
S214035830B0FA80F0400904B010BD08B5FFF7EDFFDD
S214035840B0FA80F0400908BD70B5044600F12105A2
S21403585091B92846EBF7CEF8236893F97500FEF75F
S21403586057FC78B120682B4690F97500BDE8704068
S21403587010220D21FEF706BC10220021284603F055
S21403588034F8E9E770BD38B590F8202004460023C5
S21403589041FA03F0C50703D442FA03F0C0071ED447
S2140358A00133082BF4D101F0010523682A4384F859
S2140358B0202093F97500FEF72BFC40B12346012206
S2140358C053F8200B0C2190F97500FEF7DBFB0DB99E
S2140358D0002038BD00212046FFF7B6FFF8E7132067
S2140358E0F7E768B13F290AD800EBA10001F00301EE
S2140358F090F831004900084100F00300704700208B
S214035900704710B50368044693F97500431C0DD021
S214035910FEF7FEFB50B12346102253F8310BBDE8C9
S214035920104090F975000B21FEF7ACBB10BD10B507
S21403593090F87430DB0706D490F97530013314BF42
S2140359400F20052010BD847CEBF724FE844234BF71
S2140359500C200020F6E730B585B004466846EBF722
S21403596049F81021684603F098FE2046EBF71AFA2A
S214035970C2686B46063204AD1C4603CCAC421060CC
S2140359805160234602F10802F6D105B030BD08B5D2
S214035990EBF708FA08B1EBF7D9F9C0B208BD01383E
S2140359A010B580B2EBF7FEF9044608B9002010BD27
S2140359B0408800F07FFB0028F8D0207BF7E708B587
S2140359C0EBF7F0F918B1007AC31F5842584108BDE7
S2140359D070B50546044655F8213B93F97500431CFC
S2140359E004D12846BDE87040EBF704B8FEF790FBF9
S2140359F00028F6D02346102253F8310B0B2190F9DA
S214035A007500FEF76DFB2346012253F8200B0C218D
S214035A1090F97500FEF764FB20682B4690F9750035
S214035A20BDE8704010220D21FEF75ABB01302DE968
S214035A30F04185B228460E46EBF7B4F942F6021754
S214035A40044642F603089CB12046EBF77FF978B18B
S214035A50204600F03EFBB84205D10EB123883380C2
S214035A60607BBDE8F081204600F033FB404502D161
S214035A704FF0FF30F5E70135ADB22846EBF792F964
S214035A800446E0E72DE9F04707460E4690460D46E6
S214035A9042F6021942F6030A0135ADB22846EBF781
S214035AA081F9044678B1EBF751F960B1204600F06E
S214035AB010FB484505D1237A072B04D10320BDE804
S214035AC0F0875045E8D141463046FFF7AFFF431C09
S214035AD0014604D03846BDE8F047FFF702BF002072
S214035AE0EDE770B5054608461646EBF75BF9044640
S214035AF008B9012070BDEBF729F90028F9D0F007A3
S214035B0013D4B10734D4720702D5A3885B0732D502
S214035B1016F0060F31D116F40060EBD0A38813F409
S214035B20006F14BF00200620E4E7A388DA0743D5F6
S214035B3013F0700F0AD1980610D45806E1D52B68D7
S214035B4093F975300133DCD10820D3E72868FFF7D3
S214035B50EEFEA388990608D50028CBD12A6892F8CA
S214035B6074209207E9D40520C4E70028C2D1E4E7ED
S214035B70A3889907C7D40320BCE7A38813F4E06F70
S214035B8009D198050FD45B05C5D52B6893F97530F5
S214035B900133C0D1D8E72868FFF7C9FEA388990563
S214035BA007D50028A6D12A6892F874209207EAD46B
S214035BB0D9E700289ED1E6E702209BE738B50446DE
S214035BC00846EBF7EFF8054608B9012038BDEBF7B2
S214035BD0BDF80028F9D0AB8813F4E04F0CD1980435
S214035BE012D413F48040F1D0236893F97500431C54
S214035BF058425841C000E9E72068FFF798FEAB8893
S214035C00990408D50028E1D1226892F874209207F7
S214035C10E7D40520DAE70028D8D1E2E72DE9F047F4
S214035C204FF0000983F800900446A2F80090084657
S214035C30884616461D46EBF7B5F8074620B90123F6
S214035C402B700020BDE8F08774B1EBF77FF80028CF
S214035C50F5D04046FFF7D2FD30B1012385F800901A
S214035C6004F120003380EDE72B46324639462046C2
S214035C70BDE8F047EAF74ABE2DE9FF410746084666
S214035C80884616460393EBF78DF8044638B903A8FF
S214035C9003F0FEF90125284604B0BDE8F0811FB1E4
S214035CA0EBF754F80028F2D0237A072B05D8DFE861
S214035CB003F017262F381C17172126BB0398002836
S214035CC035D13246257A022D62D0032D64D0012DBC
S214035CD03BD0002F7FD1002503A803F0D9F9DAE7DC
S214035CE003A803F0D5F90325D5E703A803F0D0F9F5
S214035CF00625D0E703A803F0CBF98025CBE7E368B6
S214035D005D88B54209DA03A803F0C2F90725C2E79E
S214035D10E3689A88B242F6D35D88039840B9024690
S214035D2009E0022EEFDC039868B90246CAE7354657
S214035D3003F033FA82B29319AB42C3DD03A803F030
S214035D40A7F90D25A7E70225F2E7E06803990630D1
S214035D500023304403F092F9002FBCD0237A032BA0
S214035D6039D103A803F094F900212046EAF7D4FFBB
S214035D7068B30588617B3846FFF7B3FD0122034607
S214035D80CDF8008029463846FEF7D7FB002582E784
S214035D90E068B3188380D9E7039B9A79D979891A7F
S214035DA0C9B2481E012810D8134402291A7B04BF1F
S214035DB05B7B42EA0322237B32EA03038CD1617BBB
S214035DC001233846EAF778FDC6E70D2584E708F190
S214035DD0FF35ADB2CEE7039B00933A7F3346414689
S214035DE03846FEF790FBD1E7884270B504460D4669
S214035DF0164611D8012838BF01242046EAF7D2FFF9
S214035E0010B14388B34208D00134A4B22046EAF75F
S214035E10ADFF08B1A542F0D20024204670BD70B590
S214035E200C4616461D460146B8B1B3B1022C01D046
S214035E30102C12D1E0B2EAF7EBFE4FF6FF71884260
S214035E40024602D141F20A1070BD3046FFF7CCFF7E
S214035E500028F7D028800020F6E72120F4E707B5CE
S214035E600023ADF80400ADF8063001220DF1060359
S214035E70022101A8FFF7D3FFBDF8060003B05DF8C3
S214035E8004FBF8B5441C0F461646A4B22046EAF7B0
S214035E9089FF10B9013CA0B2F8BD00F01AF9054617
S214035EA0304600F0F2F820B1284600F0EEF800285D
S214035EB0F0D1304600F0E2F820B1284600F0DEF8D4
S214035EC00028E7D10134A4B22046EAF74FFF08B111
S214035ED0BC42DBD94FF6FF70DEE72DE9F04F87B003
S214035EE00D460C8881469A4602208B88ADF8103002
S214035EF004A99046EAF78CFEAB680090A888AF89A1
S214035F00059300F0BBF838B1102F05D105A8EAF7C2
S214035F1065FE022808BF02274FF6FF7B33E0009A90
S214035F202046FFF761FF064680B3AA886988FFF715
S214035F30A8FF04463046FFF72AFD00B30DF10F0312
S214035F400DF1120231464846FFF768FE9DF80F3002
S214035F502BB1A8F80060184607B0BDE8F08FBDF86F
S214035F601220BA420BD1059901933A4602F093FCEC
S214035F70019B20B9A8F80060AAF80040EBE75C454F
S214035F8004D00134A4B26988A142C8D80A23E2E740
S214035F9008B5EAF707FFBDE8084000F09AB838B539
S214035FA005460846EAF7FEFE044610B94FF6FF70AC
S214035FB038BD0DB96088FBE7EAF7C8FE0028F9D1BB
S214035FC0F4E770B5044642F60520FFF748FFB0B184
S214035FD00021FFF72BFD054601462046FFF781FC0F
S214035FE010220646002104F1310002F07EFC324600
S214035FF0294620460023BDE87040EAF75DBC70BD25
S2140360007FB504460D4610220021684602F06DFC5B
S2140360100026AB575A1C1BD031462046FFF761FCBF
S214036020002B194604AAB8BFD91C02EBA10100F045
S2140360300302584200F0030003F0030358BF434231
S2140360405B0002FA03F311F8102C134301F8103C1B
S2140360500136402EDDD16B4604F1310504AE1A46F7
S21403606003CAB24228606960134605F10805F6D1F3
S214036070204604B0BDE87040FFF743BCA0F52050AF
S21403608001288CBF00200120704742F60303C31A81
S21403609058425841704708B5030409D4EAF784FD0B
S2140360A0A0F5205080B201288CBF0020012008BD37
S2140360B00020FCE7020408B507D4EAF775FD42F6AC
S2140360C00303C31A5842584108BD0020FCE7C00B1F
S2140360D0704703464088B3F90230002B01DBEAF72A
S2140360E063BD0020704708B5FFF7F3FFA0F5205007
S2140360F080B201288CBF0020012008BD13B58B7920
S21403610001910B4404461B7B13F001000A460AD098
S2140361101D2B0AD101211E20FEF795FF01462046BE
S214036120FEF7E9FF012002B010BD01A802F0B0FFA0
S214036130F8E710B504468069143002F0A9FFA06999
S214036140BDE81040183002F0A3BF2DE9F041054624
S2140361500F4614461E46FFF7ECFF23463A46082131
S2140361600020D5F8188003F083FAAA69C8F814004B
S214036170536923B1548116820020BDE8F0811A20AA
S214036180FBE770B50446084603F007F8A1698A8959
S2140361904D8986B212B1521B96420CDA6389581E99
S2140361A080B225B90A78082A04BF043B98B2831B39
S2140361B05842584170BD0020FCE730B504468DB008
S2140361C054F80C0B9DF8405090F870008DF80400BE
S2140361D042EA0142029219462A4603A8079502F0AC
S2140361E09EFB01AA40F20241204602F086FE0DB055
S2140361F030BD10B550F80C4B86B094F87040ADF82F
S2140362000E10ADF8102040F2064103AA01938DF854
S2140362100C40059302F071FE10B901A802F038FF96
S21403622006B010BD37B504460D46FFF782FF20467D
S21403623040F20941FFF74BFAA369204600221A7081
S21403624050F80C3B019593F870308DF800306A4691
S21403625040F2074102F051FE03B030BD13B5019181
S2140362600021044601F098FB042200230DEB0201F3
S2140362702046FFF76AFF02B010BDF0B5044685B0AE
S2140362800F461E46154652B983691B78072B30D036
S214036290082B14BF15460925002E18BF0D250A988E
S2140362A002F07BFFA3699A894AB15B8981B2D21A4D
S2140362B0914204DD92B2891A0AA803F010F8204628
S2140362C001AA50F80C3BADF8067093F870308DF8C1
S2140362D0043040F205410A9B8DF80850ADF80A6079
S2140362E0039302F00AFE10B90AA802F0D1FE05B025
S2140362F0F0BD0B25D0E7B0F80AC0ACF1020C9C4504
S2140363002DE9F04105460E4617461C4603DDBDE85B
S214036310F04101F0ECBA836922461981002339461D
S214036320FFF713FF044658B9AB6902460E333146EE
S214036330284601F0F7FA044610B12846FFF7F9FE9F
S2140363402046BDE8F0812DE9F0438FB0202A0546AC
S214036350039117461C460BD941F2041421462846DE
S214036360FFF760FF03A802F093FE0FB0BDE8F083CB
S214036370002B46D10846A2F1060802F00EFF5FFA8C
S21403638088F81FFA80F94FF6FF764C4510D3AB69B1
S214036390DA88B24239D942F60203ADF81430711CDA
S2140363A00223009389B205AB284601F049FA25E09B
S2140363B023463A46039906A802F060FEAB69BDF889
S2140363C018609A88B242C7D8DA88B242C4D3BDF8F6
S2140363D01A10BDF81C20B8F1000F09D0CDF80080C4
S2140363E00DF11E0328463C44FFF7E7FEA4B2CCE7B4
S2140363F09E8019815A81284601F03BFA04460028FC
S214036400B0D041F20A139C42A8D10024A6E72DE996
S214036410F04796B01C46836901921B78062B064606
S21403642003D0102B60D001A81CE00129104603926C
S21403643014BF4FF010084FF00208002C4CD102F0A6
S214036440ACFE08F1020987B24FF6FF75A7420ED8D5
S214036450B369DA88AA4237D8002421463046FFF7C4
S214036460E1FE03A802F014FE16B0BDE8F08723464B
S2140364704A46039904A802F001FEB369BDF810501A
S2140364809A88AA422DD8DB88AB422AD39DF81330CC
S214036490282BE1D0B24642465AF80C3B0DF11201C6
S2140364A093F870308DF830300DA8ADF83250CDF833
S2140364B044804C4402F033FA0CAA40F2044150469E
S2140364C002F01BFDA4B2C1E7691C89B2304601F095
S2140364D087F904460028C4D041F20A139C42BBD075
S2140364E0BBE741F20414B8E701291046049214BF2F
S2140364F01227042784BB02F050FE42F6021885B228
S2140365004FF6FF71A5420DD8B369DB888B4221D9BC
S21403651001314FF6FF7289B2304601F061F9044645
S214036520A0B119E0049923463A460CA802F0A6FD4A
S214036530BDF83220BDF830109DF83330424507D100
S214036540B26902230A323046FFF7D5FE04A889E76C
S214036550282B06D141F20A1421463046FFF762FE85
S214036560F4E73C44A4B2CDE7F0B587B08369039162
S2140365701B78022B0546144653D108460491002A7D
S21403658047D102F00AFE4FF6FF7687B2A7420DD830
S214036590A869C288B2422BD8002421462846FFF7B2
S2140365A041FE04A802F074FD07B0F0BD049904226E
S2140365B0234605A802F062FDAA69BDF81410908868
S2140365C0BDF81660814229D3D388994226D88642DD
S2140365D024D39E4222D85069927A837900920C3350
S2140365E00344324628460434FFF7E7FDA4B2CDE75A
S2140365F043694089019098790C300344711C0093D9
S21403660089B24FF42053284601F0FEF804460028CA
S214036610C7D041F20A139C42BFD1BDE741F204142E
S214036620BBE703A8BEE7F0B587B005460391174658
S2140366301C4653B9FFF7A5FD38B10399012322463B
S214036640284600F084F807B0F0BDA9690B78082B3C
S21403665005D8062B44D8032B0FD003A83DE00E2BFA
S214036660FBD1039B0593002C6DD1002B6BD00989BE
S21403667022462846FFF7BDFD59E00398059018B358
S214036680ECB983794A8909890C33102603440096AA
S2140366902846FFF792FDAB699988DA88914217D2AC
S2140366A042F60203ADF8103001310223009389B29B
S2140366B00DEB0603284601F0C3F8044660B141F229
S2140366C00A139C4204D101E0002CF8D141F21F04C6
S2140366D021462846FFF7A6FD05A802F0D9FCB2E737
S2140366E0039805907CBB70B302F057FD0FB386B2D8
S2140366F0B7421ED2394605A802F02CFF38B905A8C2
S21403670002F0C6FC1A212846FFF78CFD9BE7837927
S214036710C218023391898371AB69F61B5B890090BB
S21403672000222846B6B2FFF7A8FDB742E2D92146B3
S214036730E9E7AA6953891189059A00922846002237
S214036740FFF79BFDF3E705A802F0A2FCEFE7F0B521
S21403675085B0064603911F46144632BB084602F030
S2140367601CFD054608B3B1690B784A89082B0BD87C
S214036770062B0BD9039B0989009330461346224602
S214036780FFF77BFD039401E00E2B19D0B1694B890B
S214036790EA1892B2B2F5007F4A8117D82FB1098959
S2140367A0304601F077F8044628B100222346114606
S2140367B03046FFF738FF03A802F06AFC05B0F0BDC9
S2140367C0039B09893046FFF714FDDBE741F2041407
S2140367D0EBE773B5836901911B78082B04461546CE
S2140367E00ED8062B0ED9019E20463146FFF7C9FC6C
S2140367F02A46034631462046FFF7A9FF02B070BD7E
S2140368000E2BF0D001A802F043FCF7E730B587B0B3
S214036810836903911B78092B0546144611D105910C
S2140368205AB90091134621460F22FFF726FD21464B
S2140368302846FFF7F7FC07B030BD05A802F028FC92
S214036840F5E703A802F024FCF5E72DE9F04F9FB027
S214036850876903913F78052F054616461C4604D8DC
S214036860032F16D810D003A867E0082FFBD10846DD
S2140368701391002B00F0C28013A802F009FC2146F6
S2140368802846FFF7CFFC01E0FFF75DFD1FB0BDE82C
S214036890F08F202A0846049148D8002B40F0A880A1
S2140368A0571F02F07AFCFFB21FFA80FA4FF6FF7802
S2140368B00DF11C0BA24506D8AB69DA88424500F2F7
S2140368C08780002434E02346324604990BA802F05E
S2140368D0D5FBAB69BDF82C809A88424526D8DA8862
S2140368E0424523D35969F1B9A946BDF82F2059F873
S2140368F00C1B9DF82E3091F870108DF84C10ADF8E7
S2140369004E200DF131013A4615A88DF850301997EF
S21403691002F005F813AA40F20341484602F0EDFAE6
S2140369203444A4B2C6E75A89102A09D941F204149A
S21403693021462846FFF776FC04A802F0A9FBA5E744
S2140369400023584602F09AFBAB690DF13101102F74
S214036950CDE9051B93F80A902BD1B9F1020F34D178
S21403696005A8EAF73BF90228DAD14A46DDE905101D
S21403697001F091FF0028D3D12B46BDF82F1053F812
S2140369800C0B9DF82E2090F870008DF84C00ADF897
S2140369904E108DF8502059464A4615A80293CDF856
S2140369A0649001F0BCFF029B13AA40F20341184611
S2140369B0B4E7022F09D1B9F1100F06D106A8EAF7FA
S2140369C00DF90228ACD13A46D0E73A465846CFE707
S2140369D042F60303ADF84C3008F10101022300939D
S2140369E089B213AB284600F02BFF04460028A3D039
S2140369F041F20A139C423FF464AF99E759B9002168
S214036A00AA6900239381538111811399324628463C
S214036A10FFF709FE3AE702F0C0FB16B180B28642E2
S214036A20EDD1139A9379D118023389899371E7E7E5
S214036A302DE9F0438FB01C46836903911B78012B25
S214036A40054617465BD10846059102F0A6FB202FA4
S214036A500BD941F2041421462846FFF7E3FB05A8A9
S214036A6002F016FB0FB0BDE8F083002C42D1059868
S214036A7002F093FBA7F104081FFA88F81FFA80F9BF
S214036A804FF6FF765FFA88F8A14505D8AB69DA8832
S214036A90B24220D80024DEE7059923463A4606A8E4
S214036AA002F0ECFAAB69BDF818109A88BDF81A60C4
S214036AB09142CED3DB889942CBD89642C9D39E4225
S214036AC0C7D8CDF8008007AB324628463C44FFF7CC
S214036AD074FBA4B2D8E74FF42053ADF81030711C02
S214036AE00223009389B204AB284600F0E7FE04466F
S214036AF00028B4D041F20A139C42CBD0ABE703A8DC
S214036B00AEE783691B780A2B02D00F3B012B01D813
S214036B10FFF788BB7047F0B585B0174601938369C6
S214036B200A9E1A780A3A0446072A42D8DFE802F091
S214036B3004413041410441290198039002F02DFBA2
S214036B4085B203A802F0A4FA26B131462046FFF721
S214036B5085FB0FE0A1697A194B8992B293420BD950
S214036B600A8201F10E032046098900F0DBFE014686
S214036B700028EBD105B0F0BD0121204600F00CFF44
S214036B80F5E72EB91A8A0198BA420BD04FF48166FC
S214036B90019B039303A802F07BFA31462046FFF7D6
S214036BA041FBE7E7DA89596902F002FB0028EDD1D9
S214036BB0EEE701A802F06CFADCE738B582691378D1
S214036BC00D2B04460D4612D00F2B01D00A2B12D1E3
S214036BD0536933B199790B4402F11400DD6802F06E
S214036BE057FA29462046BDE83840FFF78ABFBDE876
S214036BF03840FFF717BB38BD07B5002300921B22AA
S214036C00FFF73BFB03B05DF804FB07B583695980C8
S214036C10009200231D22FFF730FB03B05DF804FB50
S214036C204B88052B05D108880E288CBF0020012031
S214036C30704700207047F8B505460F4616460421F0
S214036C400A22002002F0AAFC0246B8B184790C346A
S214036C500319052100204FF0060CD870997002F82E
S214036C6004C013241C715F7102245870D8719C7180
S214036C701E812846BDE8F840E7F716BCF8BD73B595
S214036C800546104601920C4602F087FA042186B2A6
S214036C90019802F0C6FB024628B901A802F0F8F9EB
S214036CA01A2002B070BD837901900C33C1184C8052
S214036CB0C65221462846E7F7F7FB0020F1E72DE901
S214036CC0F04106468846174604210A22002002F0B1
S214036CD065FC0246B8B185790C35431900240521B5
S214036CE006209970DC7050550120187102209871A7
S214036CF05C70304683F80580DC711F81E7F7D4FBB0
S214036D002046BDE8F0811A20FBE7002070470020EC
S214036D10704707B501A8019202F0BAF903B05DF80F
S214036D2004FB7047002070470F2070470F20704702
S214036D30704710B588B0E8F7A7FC044600284AD089
S214036D4090F87200022848D1A36813F4407F2AD033
S214036D5094F87320012A32D194F97500421C01D1AC
S214036D60D9052CD594F8743013F0010327D1CDE957
S214036D700133CDE90433CDE90633ADF80C30FDF726
S214036D80C7F9A36888B9DA0519D5A06AE16A228E1D
S214036D9001AB03C31A80BDF8042004AB0DF1060152
S214036DA02046EAF70DF908B010BDDB05EDD494F9DB
S214036DB0750001AB0A220221FDF792F9EBE70023E7
S214036DC045F217021946204600F0B4F9B0FA80F0EF
S214036DD040094000E7E72120E5E70220E3E738B56E
S214036DE045F21B020C460B460021054600F0A2F9AD
S214036DF030B92CB121462846BDE83840EAF756BCE0
S214036E0038BD00F0FEB900F0C7BC00F0D0BC10B52A
S214036E1004464C30FDF75DF984F875002046BDE85E
S214036E20104000F094BC10B50446FDF729F902287B
S214036E300DD194F8733094F97000012B14BF05211B
S214036E40032184F83210BDE8104000F0C8BCA368E4
S214036E5043F40073A36010BD00F08EB938B5037811
S214036E603E2B04460D4604D18378052B02D0ED2B2A
S214036E700FD038BDB0F80300E8F7F8FB20B1B4F83C
S214036E800D10621D00F018FA2846BDE8384002F0DF
S214036E90FFB8B0F80300E8F7E9FB0028F4D0B4F82D
S214036EA00D1004F10F03621D00F009FAECE72DE95B
S214036EB0F04188B06B4614460D46024600F1100CAE
S214036EC01E46106851681F4603C7083262453B4694
S214036ED0F7D11021304602F0E0FB04AB224604F162
S214036EE010079846106851681C4603C40832BA4215
S214036EF02346F7D11021404602F0CFFB1020F7F7C8
S214036F0079F80746F9F787F9802241463846F9F7B4
S214036F108CF9044610BB2B46324601213846F9F756
S214036F20F0F90446D0B91021284602F0B6FB10212A
S214036F30304602F0C0FB3846F9F771F94046102197
S214036F4002F0B9FB3046102102F0B5FB394610209B
S214036F50F7F772F8204608B0BDE8F081214640F204
S214036F600740EAF7C1FBE2E708B51046F7F7D8FA99
S214036F70003818BF012008BD10B545F21A010446B3
S214036F8001F058FF204647F23053BDE81040002278
S214036F9045F21A01F6F708BFF7B504460D4616463E
S214036FA01F460220D6F714FF2146CDE900672B467D
S214036FB08022D9F7FDFA044620B1014640F2074085
S214036FC0EAF792FB204603B0F0BD10B50A46044626
S214036FD00821002002F0E2FA10B1837903441C73FF
S214036FE010BD38B505460C460D201121FFF7EDFF01
S214036FF0024688B18379034421460D3304F1100019
S21403700051F8044B43F8044B8142F9D12846062134
S214037010BDE83840FFF733BE38BD38B505460C46E5
S21403702004201121FFF7D1FF024688B18379034478
S21403703021460D3304F1100051F8044B43F8044B7A
S2140370408142F9D128460621BDE83840FFF717BE2E
S21403705038BD38B505460C4603201121FFF7B5FFAA
S214037060024688B18379034421460D3304F11000A8
S21403707051F8044B43F8044B8142F9D128460621C4
S214037080BDE83840FFF7FBBD38BD37B500220546DF
S2140370900821104602F082FA0446C0B10C230122EE
S2140370A00DF107018DF8073002F0B5FA296C20229E
S2140370B05431204602F0AFFA296C20227431204660
S2140370C002F0A9FA224606212846FFF7D8FD03B0A8
S2140370D030BD08B5D0B2E8F7D7FA28B190F87730C4
S2140370E003F07F0380F87730012008BD70B50546AE
S2140370F0EAF73EFC0C4606460A46284645F20101D8
S214037100B0472B6C03B11C603246284623464FF427
S214037110A041BDE87040184770B51546044638B11F
S214037120EAF726FC2A4603462046BDE87040184781
S214037130022070BD114608B51A4621F00041FFF73C
S214037140EBFFB0FA80F0400908BD08B50B460146D0
S2140371501846F7F7E5F9003818BF012008BD10B543
S2140371600446006838B11A2102F0A5FA2068F7F73A
S21403717053F90023236010BD10B50446EAF73EFB1F
S21403718004F13400FFF7EBFFA3685A0606D523F095
S2140371904003A36000212046E7F754F9206C38B17A
S2140371A0042102F088FA206CF7F736F900232364EB
S2140371B010BDFF2838B50C4615460BD00B461022DB
S2140371C0062140B2FCF78CFF102815D1002005B12C
S2140371D0286038BD0A4637201021E5F73FFF002810
S2140371E0F4D010212046FFF7B0FF38B9224610210D
S2140371F03720E5F715FFEAE72120E8E740F20740E6
S214037200E5E730B58DB00D46002208A9FFF7D1FF9C
S214037210044648BB01460D220DF1030001F065FB51
S214037220B5F803206B79ADF8002004A908AA6846D0
S2140372308DF80230FFF73BFE40F20343BDF8102003
S2140372402A80002818BF1C469DF81230AB70102108
S214037250684602F030FA10210DEB010002F02BFA1B
S214037260102108A802F027FA20460DB030BD38B525
S2140372700446C51C03212846FFF767FFC8B9E27812
S21403728063797AB922791A43F4D003F07F0343F083
S214037290400363715323A3712146FF20BDE83840A2
S2140372A0FFF7AFBFFF2AF0D122791A40FF2AE1D0B9
S2140372B0EBE740F2074038BD0021E7F7C3B8F8B55F
S2140372C01D4683685B0604460F4616462DD41A20D1
S2140372D002F02DFA0146606320B92046BDE8F84067
S2140372E0E7F7B0B8034605F1100123F8027B3268CE
S2140372F0C0F8022072685A60636B2A460A3352F853
S214037300040B43F8040B8A42F9D11021284602F0F5
S214037310D2F9A36843F0400213F4407FA26004D07E
S2140373202046BDE8F840EAF7C5BBF8BD2DE9F041B5
S2140373309CB01546239F08AA1C4606460B4601F139
S214037340200E9046186859689446ACE80300083344
S21403735073456246F6D12021404602F09EF910ABF3
S2140373602A4605F1200E9C46106851681D4603C543
S214037370083272452B46F7D16046202102F08DF97C
S214037380229B18AA03F1100E9446186859681546EE
S21403739003C5083373452A46F7D16046102102F029
S2140373A07CF904AA234604F1100C1546186859689C
S2140373B0144603C4083363452246F7D110212846F2
S2140373C002F06BF96B46502241462846FFF7E4FD70
S2140373D010210446284602F06EF95021404602F07A
S2140373E06AF934B108213046EAF728FC1CB0BDE838
S2140373F0F081039B3B603846042102F04EF9684651
S214037400102102F058F9224645F214013046FFF7E0
S21403741083FEEBE72DE9F04796B0DDE922971D469C
S214037420DDF8908005AB06460C4602F1100A9E4630
S214037430106851689C46ACE8030008325245634620
S214037440F6D17046102102F028F909AA2B4605F159
S214037450100E944618685968154603C508337345D5
S2140374602A46F7D16046102102F017F91E9B0DAA93
S21403747003F1100E944618685968154603C5083379
S21403748073452A46F7D16046102102F006F99DF8A7
S2140374907C308DF844309DF880308DF845309DF86B
S2140374A084308DF8463099F80630D9F800001290EB
S2140374B083F00803C3F3C0038DF847300621B9F8F9
S2140374C00430ADF84C3012A802F0E7F8BB7983F02D
S2140374D00803C3F3C0038DF84E303B68CDF84F3036
S2140374E00621BB88ADF853300DF14F0002F0D5F8F6
S2140374F001AA234604F1100715461868596814466E
S21403750003C40833BB422246F7D11021284602F0B3
S214037510C4F84346412205A92846FFF73DFD10213E
S2140375200446284602F0C7F8412105A802F0C3F82E
S21403753034B108213046EAF781FB16B0BDE8F08780
S2140375404046102102F0A9F8224645F213013046C0
S214037550FFF7E2FDF1E72DE9F0411D46069B90F8A3
S214037560738004460F46164653B110211046FFF7A4
S214037570ECFD28B120460821BDE8F041EAF75EBBE2
S214037580236C013EDA1C681E133312F8011F16F82B
S21403759001CF9A4281EA0C0100F8011FF5D13A4661
S2140375A029462846FFF783FC0028E3D1B8F1020FEB
S2140375B00CBF002306232B4404F1590204F15F0099
S2140375C012F8016F1978904281EA060103F8011B4D
S2140375D0F6D1B8F1020F14BF002306232B4404F19F
S2140375E0520204F1580012F8016F1978904281EAAA
S2140375F0060103F8011BF6D13A4629462846FFF74B
S21403760056FC02460028B5D1204645F21001BDE8D7
S214037610F041FFF781BD2DE9F04196B015461D9F59
S21403762005AA1C4606460B4601F1200E904618682E
S21403763059689446ACE80300083373456246F6D1AE
S2140376402021404602F029F80DAB2A4605F1200E0C
S2140376509C46106851681D4603C5083272452B4682
S214037660F7D12021604602F018F8AEB3336C93F8D6
S2140376707931013B022B2FD89DF8703043F08003FD
S21403768001AA8DF8543004F1100C234615461868E9
S2140376905968144603C4083363452246F7D11021BC
S2140376A0284601F0FAFF3B46412241462846FFF7AB
S2140376B073FC10210446284601F0FDFF4121404695
S2140376C001F0F9FF54B11EB108213046EAF7B6FAC5
S2140376D0204616B0BDE8F0810023D1E710213846D6
S2140376E001F0DBFF002EF3D0224645F211013046AF
S2140376F0FFF712FDECE7ECF76BB8B1F5A04F70B5EA
S21403770004460D4616460AD045F20603994216D09D
S214037710324629462046BDE87040EBF7C1B8836879
S21403772043F08003836090F87330012B03D1BDE8E8
S2140377307040EAF7D3BEBDE87040EBF703B9937920
S2140377401344597C41F49051E9F7B0FFE0E710B5D4
S21403775000230364044690F97500431C13D0E5F731
S2140377606BFF082204F1100394F975001146FCF729
S214037770B7FC94F91330012B07D194F8743043F017
S214037780020384F87430002010BD022BFBD194F85A
S214037790743043F00A03F4E74B88062B05D10888B8
S2140377A041288CBF0020012070470020704707B592
S2140377B08B7901910B440A46197C4B1E0D2B04D87A
S2140377C001F5A0410131FFF7A7FC01A801F060FC19
S2140377D003B05DF804FB704700207047704770479E
S2140377E070B504460E461546052100220420FDF713
S2140377F02AFC014618B1A0F80160A0F80350204601
S214037800BDE87040FDF777BCF7B51D46002300932F
S2140378100446BDF824300F4616460721089A06206C
S214037820FDF735FC014628B1A0F80170A0F8036007
S214037830A0F80550204603B0BDE8F040FDF75BBC5A
S21403784073B515461A460023009304469DF8183070
S2140378500E4608200521FDF71AFC014618B1A0F8CC
S2140378600160A0F80350204602B0BDE87040FDF763
S21403787042BC38B5002204460D460A200321FDF714
S214037880E2FB014608B1A0F801502046BDE83840A7
S214037890FDF731BC70B504460E4615460521002299
S2140378A00C20FDF7D0FB014618B1A0F80160A0F844
S2140378B003502046BDE87040FDF71DBC73B5154662
S2140378C01A460023009304469DF818300E461020EF
S2140378D00521FDF7DCFB014618B1A0F80160A0F80E
S2140378E00350204602B0BDE87040FDF704BC73B5F4
S2140378F04489033CA4B2A3420E464FF00001009114
S21403790005464FF0030128BF23461220FDF7BFFBB1
S214037910014608B1A0F80160284602B0BDE87040F1
S214037920FDF7E9BB2DE9F341984683690546586997
S2140379300F46164601F031FC6C89053CA4B280B2B2
S214037940844228BF0446A8692146143001F002FE8B
S214037950009048B105220821002001F01FFE019087
S21403796030B9684601F094FB1A2002B0BDE8F081F6
S214037970009901A801F073FC019A93790C33D1188E
S2140379801620D054A8F800402846A1F80170A1F8A4
S2140379900360FDF7B0FBE8E738B5002204460D4662
S2140379A018200221FDF74FFB014600B14570204623
S2140379B0BDE83840FDF79FBB70B5857904460C35A6
S2140379C0461901F0EAFB625D431E013A9BB21C2A8C
S2140379D010D8DFE802F0110F160F180F290F2F0F1C
S2140379E0400F400F400F330F250F0F0F390F250F92
S2140379F03E0F3E00002070BD042B14BF0120032061
S214037A00F9E7022BF9E743B37278022A0AD0012A70
S214037A1023D10222013B0232B3FBF2F102FB113304
S214037A20002BEAE71022F5E713F0030F14BF01203B
S214037A300320E0E78BB17278013BEDE76BB1727818
S214037A40032A0AD9013BE7E7042B34BF01200320AE
S214037A50D1E7022BF9E70320CDE70120CBE7024667
S214037A604FF0FF30EDF784BF07B5042201910DEB0D
S214037A700201F9F727F803B05DF804FB38B50446AE
S214037A80251DDAF737FC00212846FFF7EDFF012115
S214037A9004F10800FFF7E8FF08212846FFF7DFFF99
S214037AA001462046FFF7E0FF002038BDC0F30A0377
S214037AB00833B3F5006F06D280884FF6FF73C31AF8
S214037AC058425841704701207047F8B50D4617468F
S214037AD01E46EDF7F3FC044638B905B128700023BB
S214037AE040F21C403B703460F8BD15B1C3881B0AD6
S214037AF02B70A37900200834F4E708B5084680B253
S214037B004FF6FF71EDF70EFD002008BD022070470B
S214037B100020704701207047002070470020704700
S214037B20704737B5044601A80D46F3F7D1FA01A806
S214037B30FFF7F6FF01A920468DF80650EDF7B2FFD2
S214037B4003B030BD08461146EEF790B87047431EA3
S214037B50012B03D9031F5842584170470120704731
S214037B60EFF7CAB84FF4A472002100F0BEBE01308E
S214037B7001D1F0F7D3B80120704710B500210446B1
S214037B8000F083F82046BDE81040F3F7E3B9F2F7B8
S214037B902FBEF2F733BEF8B505460E46EEF728F8C5
S214037BA0D5F88C307BB15B696BB1F0F771F9D5F81A
S214037BB08C305B691B1A584240F26B124FF042013D
S214037BC05841EEF70BFAF76800224FF6FF734FF0B3
S214037BD0240CD0B2B84208D31C4621462846EEF7FA
S214037BE097F9EFF7D7F82046F8BDB1680CFB0011FC
S214037BF0CC899C4202D2002CEFD023460132E8E720
S214037C00EEF786B9008B70470A7838B505461046F6
S214037C10FFF79DFF60B14C782046FFF798FF38B119
S214037C202243530704D42846BDE83840F2F706BE7D
S214037C30012038BDFFF7E8BF10B504460878FFF704
S214037C4086FF58B14A781046FFF781FF30B1042A01
S214037C5004D02046BDE81040F2F728BE012010BD30
S214037C60FFF7EABFF2F74CBBF2F7C4BC70B50446A5
S214037C700D461646EEF74CF930B9324629462046ED
S214037C80BDE87040F1F7D2BA70BDF3F71BBC70B510
S214037C9016460C46F8F716FD314605462046F0F71D
S214037CA0C3FE04462846F8F711FD204670BD38B5D6
S214037CB004460D46F3F7B2FAEFF728F8D4F8A030E7
S214037CC02BB929462046BDE8384000F09FBB02206A
S214037CD038BD38B5044648880D46EFF717F8D4F88C
S214037CE0A0302BB929462046BDE83840F2F714BE2B
S214037CF0022038BDEFF718B800F0BCBBEFF7E0BBC7
S214037D0038B505460C46F8F7DDFC2B6B1C40EB6AD2
S214037D102343EB62F8F7DAFC211E18BF012100208B
S214037D20490238BDF3F7E4B8F2F7F4BB00F0D9BB69
S214037D3000F0F8BB08461146EEF702BFF2F70CBF99
S214037D4000F0ACBB38B50446154609B100F008FC94
S214037D5025B12046BDE83840F2F7F8BF38BD0846DF
S214037D60EFF72CBF10B5044600F08BF820B9204679
S214037D70BDE81040EEF710BA10BD00F0CAB9EFF731
S214037D8075BE2DE9FF41984604460E461746F8F79A
S214037D90A0FC05462046FFF7E5FF0A9B0293002357
S214037DA0CDE900833A4631462046EEF743FA0446C9
S214037DB02846F8F794FC204604B0BDE8F08138B5B1
S214037DC00446F8F786FC05462046FFF7CBFF204619
S214037DD0EEF70EFA04462846F8F781FCB4FA84F068
S214037DE0400938BD38B50446F8F773FC0546204607
S214037DF0FFF7B8FF204600F053F804462846F8F786
S214037E006EFC204638BD38B50446F8F762FC0546D6
S214037E102046FFF7A7FF204600F048F8044628460A
S214037E20F8F75DFC204638BD70B504460E46F8F7F5
S214037E3050FC05462046FFF795FF31462046EEF7F1
S214037E4047FA04462846F8F74AFC204670BD07B5AD
S214037E5013468DF80710002219460DF1070000F0AF
S214037E60D9F803B05DF804FB084611461A4600F03D
S214037E70D1B8012070470120704700F02DBC0020C8
S214037E807047EEF7C1B810B5F8F723FC044600F0C8
S214037E9015F8EEF7DFF82046BDE81040F8F71FBCEC
S214037EA008B50246EEF7B0F8507D08BD08B50246A1
S214037EB0EEF7AAF8507D80F0010008BD00F029B95E
S214037EC0F2F71EBC00F082BA437C03B108470220D7
S214037ED0704710B5044600F0C6FB20460321BDE8F4
S214037EE01040F2F767BAFFF7F4BF437C0BB1F3F722
S214037EF007BC02207047437C0BB100F0B2BB0220E4
S214037F00704738B5447C0D46BCB1053C012C8CBF8C
S214037F10002401244968224600F0AEFB286890FA44
S214037F20A0F0000AF0F7F4F8A97A2889224681F02F
S214037F300101F3F709FC002038BD0220FCE71FB55A
S214037F40CDE90012ADF8083069469DF818308DF873
S214037F500A30FFF7D6FF05B05DF804FB0020704734
S214037F60002070472DE9F74F1C469DF830300193EB
S214037F70036803F00703063301259D4006461746AC
S214037F8005F1FF380B46A1B1416804EA080BA5EBDF
S214037F900B0A41F00059524509EB0B0114D952461E
S214037FA0184600F0BCFC7A1B5A444946504400F07D
S214037FB0B6FC019B2BB13C4448EA050804EA0804D6
S214037FC0F46003B0BDE8F08F1846F0E737B5002538
S214037FD000951446FFF7C6FF204603B030BD02687F
S214037FE002F00702063201239340026AC2F30C0230
S214037FF08A4210B584BF4468C26803F1FF3388BF62
S21403800089189BB285BF44F0005019404FF0FF30EB
S214038010405C10BD70B50E461546044608B90020F0
S21403802070BD0078EEF7C8FE58B11EB12078EEF7A3
S2140380306DFF30701DB1207800F032F828700120F3
S214038040EEE723780E2BEAD10EB1FF233370002D13
S214038050F5D0FF232B70F2E738B50D6804462846A3
S214038060EEF726FED4F8903043B15B6933B10135A1
S21403807004BF6FF001020A600A681A60002038BD68
S21403808038B50D460446EFF703FFAC4042F21073D3
S21403809064095C436423B0FBF3F0B4FBF0F038BD33
S2140380A0022807D0062807D0003818BF0120404210
S2140380B0C0B27047012070470020704730B51F23B9
S2140380C0B0FBF3F35D1CEDB24FF0FF34C3EB431389
S2140380D0AC40C01AE4430130E4B2C0B21460086096
S2140380E030BD70B505460E46C0B201F00F01FFF76E
S2140380F0C7FFC6F303110446C5F30720FFF7C0FF07
S214038100C6F303210444C5F30740FFF7B9FF204431
S21403811070BD08B5EFF738FCBDE80840EFF772BC52
S21403812010B50446EFF730FC844288BF01F1FF31F7
S214038130204601F00301BDE81040EFF763BC38B5F5
S2140381400446FFF7E6FF0546FFF7E3FF431BA3429C
S214038150FAD338BD0020704700F03003202B10B54B
S21403816013D110F4E02FC0F302440AD010F4C01F5A
S214038170C0F3C423B3FBF4F418BF6400052C0ED875
S2140381806408EFF739FF604310BDC0F382136FF046
S21403819012041C4104F00104C4F10204F1E70424B0
S2140381A0EFE700EB8023C0EB831353FA81F303EB73
S2140381B08322C3EB8213C1F30722134403EB832208
S2140381C0C3EB8213C1F30742134403EB8322C3EBCF
S2140381D0821303EB1160704738B50D46144604B995
S2140381E038BD55F8041BFFF7DCFF013CF7E72DE924
S2140381F0F0470C4669B1CB1CB3F5002F09D24FF0FC
S214038200000841F6F87654F828104B1C4FEA880904
S21403821001D1BDE8F087FFF7C4FFC1F30263012B6A
S21403822008F10107C1F30745844614D18BB2F31A4C
S214038230B5EB930F4FEA930A0DD909F104015246A1
S2140382402144FFF7C9FF08F10208013D844608EB05
S2140382500A07A5EB0A052A4604EB87016046FFF7E3
S214038260BBFF07EB0508CEE7F8B50446002850D059
S21403827000F11F03B3F5002F05464AD2EFF794FF2C
S214038280217FA28B00EB8023C0EB83130B4403EB0D
S2140382908321C3EB811303EB122304F1180618465C
S2140382A02968FFF77EFF2A7803469AB9696861B1A1
S2140382B0CA1CB2F5002F08D26A7852000132FFF7C3
S2140382C08BFF03460835B542E9D1A069C31A584265
S2140382D05841F8BD012AF8D168680028F5D0421C39
S2140382E0B2F5002FF1D2E978AA78891A013100296C
S2140382F0E8D030F8027B03EB8322C3EB821353FAF6
S21403830087F303EB8322C3EB821303EB17230139B3
S214038310EDE70020DDE710B5044651B10B6843B125
S2140383205B6833B11A68032A03D99C6A640E204635
S21403833010BDF8F7C7F901462046F0F7A7F804463C
S2140383400846F8F7C3F9F2E738B14FF47A7358439F
S214038350A0F6AC50401AF0F7DFB94CF25030FAE70B
S214038360F1F750BAF1F74EBAF1F74CBAF1F74ABA49
S214038370F1F748BA7047436B03F06003402B0DD008
S214038380602B03D0203B58425841704749B10B68D5
S214038390012B06D9486940F00100704740F20110EE
S2140383A0704700207047034670B10268022A0BD953
S2140383B0426A12F47F4FC2F3072006D01B6AD2B27A
S2140383C05A43B2FBF0F07047002070470220EFF7E5
S2140383D0C5BAD0F894304BB11A68022A06D993F876
S2140383E0250028B11B6AB3FBF0F07047FFF7CFBB3D
S2140383F0704708B50146D0F89400FFF7D4FF20B9BC
S214038400BDE808400846FFF7C4BB08BD10B590F8A2
S214038410D0300E2B04462BD00175D0F8900020B335
S214038420D4F8A0304BB994F8D9308B420BD32046FE
S2140384300022BDE81040F2F7C9BAB4F92420B0F917
S21403844012309A42F3DD94F8D91000222046F2F750
S214038450BDFA60B9C4F890002046FFF7D3FB014687
S2140384602046BDE81040EDF753BDFF23637510BDEE
S2140384700220FCE70346D0F8D0000860B3F8D430F7
S2140384808B800020704790F8D0300E2B14BF407DB1
S214038490FF2070474FF48071F1F712BE70B50D469A
S2140384A00646F2F7B1F90446707C053801282146E2
S2140384B08CBF00200120F0F77DFA02460220A87147
S2140384C074B1B2F5803F0BD863094FF2244101FB28
S2140384D002302B682409B0FBF4F01B1A2B60002033
S2140384E070BD3F2B084610B5114619D9B3FA83F36E
S2140384F0C3F11902D2B2062A01D8192B0ED0062AC6
S21403850028BF0622931DDBB201249C40A4B2A142DD
S21403851028BF2146EEF72CF9204610BD0022F1E7CE
S2140385200024F9E713883F2B10B5084616D9B3FA8B
S21403853083F3C3F11901C9B2062901D8192B0BD04D
S214038540062928BF06218C1DE4B20123A34013800D
S214038550EEF72CF9002010BD0021F4E70120FAE71E
S214038560F1F7B8BD10B5084614460121EFF79EFC97
S21403857020460121BDE81040EFF798BCF8B5044645
S2140385800E461746F8F79EF83A4605463146204605
S21403859000F0ACF804462846F8F798F82046F8BDED
S2140385A00220704703207047EFF7D0B910B5F2F7F3
S2140385B045FE044608B9F0F72BFE204610BD38B535
S2140385C004461D46F2F73AFE28B929462046BDE87A
S2140385D03840F0F7EDBE38BD38B50446817515460C
S2140385E04AB100F07EF808B9002016E0237C43F079
S2140385F080032374F8E70846EEF768FFFF28A075A4
S21403860008D0204600F06DF80028EDD0237C65F3F3
S214038610C713EEE7EEF7B0FF012038BD70478021A1
S214038620F1F74EBD38B50546F1F7DEFE044628469B
S214038630F1F7B8FE072811D1D5F89030DB6924F49A
S2140386407F4121F0080103B15B7841EA032141F041
S21403865020012846BDE83840F1F7CCBE24F02001BF
S214038660F7E70320704710B50446F3F733F82046C0
S214038670BDE81040F2F7EABFD0F8E0308B4270B5A1
S21403868004460D46164603D190F8DC30202B1AD04C
S214038690EA071FD5002E14BFAA23552393FAA3F384
S2140386A01B0B03F4702395FAA5F243EA12432364E3
S2140386B0202384F8DC300023C4F8E050C4F8E43008
S2140386C02046F2F72BFA324629462046BDE870408C
S2140386D0F2F784BFAA23E1E70120704700200021B8
S2140386E070474021F1F7ECBC00207047F7B505460C
S2140386F00F4668461146F3F771F8064698B197B1E8
S214038700DDE900311B0A43EA0163A5FB0343090ABB
S21403871005FB0135EFF7BCFB00230246294620463E
S214038720F4F700F93860304603B0F0BD00228A4201
S21403873002D14FF0FF30704750F8223093FAA3F37C
S2140387400BB90132F3E7B3FA83F000EB421070473C
S21403875070B5A1FB02543CB92946F4F7A7FA0646BE
S21403876028B90026304670BD0C220260F9E72A4677
S214038770214600F0BAF8F5E72DE9F04180461546A4
S2140387800C4621B9BDE8F0411146F4F78FBA2AB971
S214038790F4F70CFD00242046BDE8F08100F0D5F880
S2140387A08542064602D8B5EB500FF4D82946404614
S2140387B0F4F77CFA07460028ECD0B5422A46214651
S2140387C028BF324600F0ABF821464046F4F7EEFCED
S2140387D03C46E0E72DE9F84307468846144600265C
S2140387E0D4E90195B9F1010905D52468002CF7D120
S2140387F03046BDE8F883AB89012B07D9B5F90E30AF
S214038800013303D029463846C04706436835E9E7AF
S21403881010B50C46B1F90E10F4F770FC0028ABBF88
S214038820636DA3891B1823F48053ACBF6365A381D0
S21403883010BD2DE9F0411F468B89DB0505460C4626
S214038840164605D5B1F90E1002230022F4F744FCB0
S214038850A389B4F90E1023F48053A38132463B4612
S2140388602846BDE8F041F4F76BBC10B50C46B1F9E9
S2140388700E10F4F731FC431CA38915BF606523F47F
S214038880805343F48053A38118BFA38110BDB1F96D
S2140388900E10F4F711BC10B501390244904201D111
S2140388A0002005E0037811F8014FA34201D0181BFE
S2140388B010BD0130F2E7884210B501EB020402D97D
S2140388C08442234607D8431EA14208D011F8012B41
S2140388D003F8012FF8E7024401468A4200D110BD8F
S2140388E013F8014D02F8014DF7E70244034693429D
S2140388F000D1704703F8011BF9E710B50246147858
S21403890013460132002CFAD1013B11F8012B03F870
S214038910012F002AF9D110BD7047704770470A44EB
S214038920914200F1FF3300D1704710B511F8014BA7
S21403893003F8014F9142F9D110BD034613F8012BFA
S214038940002AFBD1181A0138704751F8043C181F47
S214038950002BBCBF0B58C01870472DE9F0478E6834
S2140389601F46BE420B6882460C4690462DD8B1F988
S2140389700C2012F4906F26D06569096905EB45054E
S214038980A3EB010905EBD5757B1C4B446D109D428B
S21403899038BF1D46530527D52946F4F787F90646FB
S2140389A060B321694A46FFF7BAFFA38923F49063AD
S2140389B043F08003A381266165614E44A5EB090558
S2140389C02660A5603E46BE4200D93E462068324633
S2140389D04146FFF770FFA3689B1BA36023683344DD
S2140389E023600020BDE8F0872A46FFF7C5FE06464B
S2140389F00028E0D121695046F4F7D8FB0C23CAF8C7
S214038A000030A38943F04003A3814FF0FF30E9E72A
S214038A109368013B002B10B4936008DA9469A34271
S214038A2001DB0A2903D15DF8044B00F095B91368FE
S214038A30581C1060197008465DF8044B7047F8B56B
S214038A4006460F461446D518AC4201D1002007E06F
S214038A5014F8011B3A463046FFF7DAFF431CF3D1FE
S214038A60F8BD2DE9F047164698468A680B69DDF887
S214038A7020909342B8BF1346336091F843200746CD
S214038A800C460AB1013333602368990642BF336844
S214038A9002333360256815F0060506D104F1190A7A
S214038AA0E36832689B1AAB4226DC94F843302268AC
S214038AB0003B18BF012392062BD404F14302414620
S214038AC03846C84701301ED02368226903F00603E0
S214038AD0042B02BFE5683368ED1AA3680CBF25EACA
S214038AE0E57500259342C4BF9B1AED1800261A3479
S214038AF0B5421AD1002008E00123524641463846C3
S214038B00C847013003D14FF0FF30BDE8F087013589
S214038B10C6E7E1185A1C302081F84300224494F833
S214038B20451082F843100233C7E701232246414625
S214038B303846C8470130E6D00136D9E7B1F90C20EC
S214038B402DE9F041170705460C4656D44B68002B13
S214038B5002DC0B6C002B3DDDE66A002E3AD00023C8
S214038B6012F480522F68216A2B6025D0626DA38988
S214038B70580705D56368D21A636B0BB1236CD21AF8
S214038B80216AE66A00232846B047411C24D0002306
S214038B90636023692360A389DA0400D56065616B8B
S214038BA02F60B9B104F14403994202D02846F4F782
S214038BB0FDFA002363630DE001232846B047461CF5
S214038BC00246D4D12B68002BD1D01D2B01D0162BF7
S214038BD02BD12F6000202FE02A68B4F90C3042B165
S214038BE01D2A01D0162A22D100236360236923603D
S214038BF0D5E7626022692260CEE70F69002FE9D0CD
S214038C0093070E6808BF4B690F6018BF0023A6EBD7
S214038C1007088B60B8F1000FDCDD216AA66A4346BD
S214038C203A462846B047002808DCB4F90C3043F02F
S214038C304003A3814FF0FF30BDE8F0810744A8EB63
S214038C400008E7E738B50B6905460C4613B9002557
S214038C50284638BD18B1036A0BB9F4F737F9B4F9E7
S214038C600C30002BF3D0626ED00704D4990502D4DF
S214038C70A06DFFF752FE28462146FFF75FFF636E9F
S214038C80DA070546E4D4A3899B05E1D4A06DFFF774
S214038C9045FEDDE770B50C46B1F90E10002996B017
S214038CA015461E460DDAA38913F0800F4FF0000118
S214038CB014BF40234FF48063002031602B6016B04E
S214038CC070BD6A46F4F752FE0028ECDB019901F406
S214038CD07041A1F50053594259414FF48063EBE7C5
S214038CE08B89F7B59D0706460C4607D504F147035F
S214038CF0236023610123636103B0F0BD01AB6A46C1
S214038D00FFF7C8FF009F054639463046F3F7CEFF08
S214038D1048B9B4F90C309A05EED423F0030343F0B4
S214038D200203A381E2E7A389206043F08003A381C3
S214038D30019BC4E904075BB1B4F90E103046F4F79F
S214038D4027FE28B1A38923F0030343F00103A3817D
S214038D50A3891D43A581CFE7F8B50E4614460546FD
S214038D6018B1036A0BB9F4F7B1F8A369A360A38932
S214038D701A0701D5236943B921462846F4F7A0FD0F
S214038D8018B14FF0FF373846F8BD23682269981AA2
S214038D906369F6B28342374605DC21462846FFF769
S214038DA051FF0028EDD1A368013BA36023685A1C3A
S214038DB022601E706269431C9A4204D0A389DB07B3
S214038DC0E1D50A2EDFD121462846FFF73BFF0028D0
S214038DD0D9D0D6E7430803F05533C01A00F033332F
S214038DE0800800F03330184400EB10104FF00133C6
S214038DF000F00F305843000E704710B5044678B1A4
S214038E00036A41696BB180689847207E0023102867
S214038E106361636004D82146F5F70EF911232376C0
S214038E2010BD0029F1D08368002BEEDB0846F5F76A
S214038E30F3FAEAE707B5002301911A4601A9F4F706
S214038E4041FF03B05DF804FB1FB5002402949DF8B0
S214038E501C400194069C0094F4F7BAFE04B010BDBF
S214038E6013B507240194049C0094FFF7EDFF02B0AA
S214038E7010BD07B500230093FFF7F2FF03B05DF8BC
S214038E8004FB03680B60016070472DE9F04105465B
S214038E9000680E461746002408B9BDE8F081D0E9FD
S214038EA00083B3420BD18368BB4208D154B9C5F8DB
S214038EB00080C368DB0701D5F5F7AEFA2046044603
S214038EC04046E9E7C4F80080F3E7D1E90112FFF76B
S214038ED0DCBF002370B51A46194604680546F4F746
S214038EE0F1FE0CB92C6070BDE3682668DB0702D57B
S214038EF02046F5F791FA3446F3E72DE9F8430E4694
S214038F001746054610B90020BDE8F8830468002C10
S214038F10F9D0D4E90089A0683B4632462946C847BB
S214038F200028F1D14446F2E72420704738B50546B9
S214038F3014460A460021FFF7D8FC24F01C046B797C
S214038F4044F0100443F004032C716B7138BD2DE913
S214038F50F74F1F469DF8303000938A468046002818
S214038F6050D0002967D00C68002C66D04FF0000B59
S214038F70E679A179761AF6B2BE4208D30C313944A3
S214038F8008EB02092144F61B4546C84537E020682E
S214038F90BF1BA346002835D00446E9E7AB1999451D
S214038FA038BFA9EB050632462846FFF7B8FC009BF8
S214038FB0002B3DD0E279A079F3B237BB1844A071F9
S214038FC0E279A37927689A4232D1DAF80030A342CD
S214038FD008BFCAF80070BBF1000F01D0CBF80070D1
S214038FE02046F5F78BF83C4635444CB1A379E67931
S214038FF003F10C01F61A2144F6B200274D45CDD3F2
S214039000A5EB080003B0BDE8F08F121AD2B2F91828
S214039010914209DA0C302044D21BD21A0144384458
S2140390200193FFF748FC019BE279D31AE371C7E784
S214039030A3462468D8E70846E4E72046E2E710B5E7
S214039040C479C4F145030246D8B2884228BF08460D
S2140390500444D47110BD38B50546C079C0F1450443
S214039060E4B2944288BFD4B20C3022462844FFF7B9
S21403907056FCEB792344EB71204638BD1FB50391AC
S2140390800021009103A9FFF762FF05B05DF804FB1A
S21403909038B50446206800B938BD0568F5F72EF8DC
S2140390A02560F7E710B501F0EC01034603B910BDE0
S2140390B01A7902F013020A431A711A1A54425441D7
S2140390C05A7964F300025A711B68EFE710B558B17A
S2140390D0016802685AB1136823B15C79E40704D5C2
S2140390E0002414600360084610BD0360F1E71346CE
S2140390F0F8E7034658B10020DA7999791B68521AC3
S21403910050FA82F01BB15A79D207F5D570477047EB
S21403911070B50D460446E8B186798E4203D3751AB8
S2140391208571012070BDC27906F145039B1ADBB237
S21403913099420FD806F10C010144921BA81BD2B228
S2140391400844FFF7B8FB0023A371E3791D44AD1B66
S214039150E571E6E70020E5E710B50C4698B191B156
S2140391608979E279C379521AC3F14503D2B2DBB2E5
S214039170934208D30C312144FFF76DFF2046F4F7E2
S214039180BDFF012010BD0020FCE70346006818B1B0
S21403919002681A600023036070470346002003B981
S2140391A07047DA7999791B68521A50FA82F0F6E713
S2140391B02DE9F84F894614468246FFF7EEFF05462B
S2140391C04846FFF7EAFFA542074601D3A04208D266
S2140391D0BD4208D10024A346A046264647B93846D2
S2140391E004E02746F6E738D24FF0FF30BDE8F88FA5
S2140391F05EB99AF806809AF80760A6EB080608F1A7
S2140392000C08D044DAF800A0F6B2BBF1000F0BD17D
S21403921099F8064099F807B0ABEB040B0C344C44B2
S214039220D9F800905FFA8BFB5E45354628BF5D464E
S214039230BD4228BF3D462A4621464046FFF72BFB44
S2140392400028D3D1A8442C447F1BEDB2761BABEB8E
S2140392500505F6B25FFA85FBC0E70120C6E703689B
S2140392600BB9016070471A461B68002BFBD11160CF
S2140392707047036803B10B600160704739B10B4652
S2140392801A461B68002BFBD1036813600160704706
S21403929070B5046806460D4644B12046FFF77DFFC9
S2140392A0A84211D8236813B9E379A37170BD204689
S2140392B03360F4F723FF3468F4E7ED1A236833606A
S2140392C02046F4F71BFF3468002DEFD0A279E3792C
S2140392D09B1ADBB2AB42F0D92A44A271E6E7F8B593
S2140392E0066805460C4646B13046FFF756FFA042D1
S2140392F01DD8336813B9F379B371F8BD30462B60C4
S214039300F4F7FCFE2E68F4E7064638460768002F97
S214039310FAD1C2798379D31ADBB2A34202D9121BDC
S214039320C271EAE7E41AF4F7E9FE3EB13760002CAF
S214039330E3D028680028E0D00026E7E72E60F6E7AB
S214039340F8B504460F46BC4200D1F8BDA179E579CD
S2140393506D1AEDB2C5F14506B6B20EB92468F2E74A
S21403936049B10C312A46214404F10C00FFF7A3FA55
S2140393700023E571A3712368BB42EFD05A79D20765
S214039380ECD49979DD79A079E2796D1AEDB2B5421C
S21403939000F10C0028BF354610440C312A46194408
S2140393A02044FFF7BCFAE379206853FA85F3E371A8
S2140393B08379761B53FA85F5C379EDB2AB42B6B221
S2140393C0857103D103682360F4F798FE002ED2D18B
S2140393D0C4E738B50C46016809B9046038BD0D46C4
S2140393E009680029FBD1236823B12046FFF7A8FFAD
S2140393F02C60F3E721462846FFF7AEFE0028EDD1A2
S214039400F6E748B10023027943600360836043793B
S214039410027143F004034371704700221146F4F7C8
S214039420C9BE38B504460D46FFF772FE98B984B137
S2140394302079FFF7F2FF58B1637942790460C3F3EA
S214039440400363F3410245235D1B4271C37185717B
S21403945038BD0120EDE72046FAE738B50368044631
S2140394600D469BB11879FFF7D8FF88B123680360D0
S2140394705B794279C3F3400363F3410245235D1BE3
S2140394804271C37185712060002038BD0120EAE770
S2140394901920FAE738B50C46054640B3006830B3E2
S2140394A009B9002038BD4AB9C9B2FFF731FE002812
S2140394B0F7D12B689A799871A41A06E0452918D82B
S2140394C0C9B2FFF725FE0028EBD1442C07D8002CA1
S2140394D0E7D0E1B22846BDE83840FFF7BEBF4521D6
S2140394E02846FFF7BAFF0028DCD1453CEDE72220EB
S2140394F0D8E72120D6E72DE9F84390F8078090F8BF
S2140395000690A8EB0907FFB2B94204460D4602D3FC
S2140395100020BDE8F8830079FFF77FFF06460028A2
S214039520F6D0A17980790C317F1B29440C30BAB26E
S21403953021443044FFF7F3F9F3793B44F371E379BD
S21403954099444D442368A5EB0805E5710120336073
S2140395502660DEE7F8B5076806460D463C46002358
S21403956005B12CB90BB100221A6034603846F8BD39
S214039570E379A2799B1ADBB2AB4207D8E379A279E7
S2140395809B1ADBB2ED1A23462468E9E7E9B22046C4
S214039590FFF7B1FF0028F1D10746E7E75318452B3D
S2140395A002DCC9B2F4F706BE00207047F7B5002602
S2140395B005460F4601960DB9019C09E000221146A7
S2140395C03846F4F7F7FD044628B901A8FFF760FD0F
S2140395D0204603B0F0BDAB798371EA79C27168792E
S2140395E0617960F30001617169796079C1F34001C3
S2140395F061F34100D21A607103F10C002918D2B24C
S2140396002044FFF78CF9019B03B9019406B134603B
S2140396102D682646CFE72DE9F8430D461446064641
S21403962010B319B3DAB1034699461B68002BFBD176
S2140396302746C8463A4629464046FFF70CFDC1452D
S214039640A7EB0007054418BFC9F8008037B1B17906
S21403965030790022F4F7AEFDC14618B9E41B204664
S214039660BDE8F8838046E5E70446F8E70C46F6E7E8
S21403967037B51546C9B200221C46F4F79BFD019088
S21403968040B122462946FFF7C6FF844202D901A805
S214039690FFF7FEFC019803B030BD10B50139034651
S2140396A01A1A914200D810BD445C1A7803F8014B8D
S2140396B042540139F4E701440023884200D170473D
S2140396C000F8013BF9E738B505460C4604B938BD42
S2140396D0013C55F834305B68002BF7D09847F5E724
S2140396E02DE9F0410446002654F836302BB904F130
S2140396F00408B34203D100250FE00136F4E754F81B
S214039700332012685F1C5AB158F833009047054659
S21403971030B139462046FFF7D6FF2846BDE8F0812C
S2140397203B46E6E770477047704770477047F4F765
S21403973055BE38B50446FAF7B8FB054658B9C820EF
S214039740E2F796FFC82202212846E2F751FF844239
S214039750A8BF044624B22046E2F78AFFFAF7A5FB21
S214039760BDE83840C8220221E2F742BFB0F9002024
S214039770B1F900309A422DE9F04704460D4648DC1D
S214039780F6F7A7FF8046DDF737FF00283ED1E2F75E
S21403979025FF8246FAF789FBC8220221E2F728FF53
S2140397A0B5F9002047F6FF739A42814602D1E2F7E5
S2140397B039FF2880B4F9002047F6FF739A4202D196
S2140397C0E2F72AFF2080B5F90000FFF7B2FFB4F9ED
S2140397D000308342C8BF20800746B4F90000E2F792
S2140397E027FFF8F793F8064658B15046E2F720FFEE
S2140397F04846E2F73DFF4046F6F771FF3046BDE8C0
S214039800F087E2F7EBFE20802F80F4E741F20C06A8
S214039810F1E72126F2E70000000000000000000048
S214039820F8B500BFF8BC08BC9E467047F8B500BF45
S214039830F8BC08BC9E4670475FF800F07510002021
S2140398400000000000000000000000000000000010
S2140398500000000000000000000000000000000000
S2140398605465726D696E616C000000000000005460
S214039870545220524547474553000000020000005B
S214039880D098030003000000C898030004000000FB
S214039890C098030000000000000000004145532D5F
S2140398A03235362D454342004145532D3139322D4D
S2140398B0454342004145532D3132382D454342003E
S2140398C09C98030010140400A898030010130300C8
S2140398D0B498030010120200020000008FF1020089
S2140398E08BF1020087F1020071F102005FF10200C2
S2140398F0512563FCC2CAB9F3849E17A7ADFAE6BC2A
S214039900FFFFFFFFFFFFFFFF00000000FFFFFFFF5B
S214039910F551BF376840B6CBCE5E316B5733CE2B8F
S214039920169E0F7C4AEBE78E9B7F1AFEE242E34FBE
S21403993096C298D84539A1F4A033EB2D817D0377E1
S214039940F240A463E5E6BCF847422CE1F2D1176B7C
S2140399504B60D2273E3CCE3BF6B053CCB0061D65DB
S214039960BC86987655BDEBB3E7933AAAD835C65A64
S214039970FFFFFFFFFFFFFFFFFFFFFFFF00000000EB
S214039980000000000000000001000000FFFFFFFFD2
S214039990092040081C400000ACA7030074A703007E
S2140399A088A70300E8A6030008A703001CA7030074
S2140399B0D4A7030058A7030044A703000000000031
S2140399C0C0A70300000000009CA7030000000000DF
S2140399D07CA603000000000030A703000000000080
S2140399E038A7030000000000FCA60300309A03001B
S2140399F0E8A70300329A03006CA7030000000000E8
S214039A000000000000000000000000004E0C0000F4
S214039A100000000000000000009C0300000000009F
S214039A20000000000400000000000000E2FF5000F9
S214039A3001000400FB000100000005000000000216
S214039A4000000300000001041040000108070F0097
S214039A500A00C8002000A000010000000000A000CB
S214039A6068010A200706020A04070000000207002E
S214039A7000000F400000000000040F40010000003B
S214039A80C1059ED8367CD5073070DD17F70E5939D9
S214039A90FFC00B316858151164F98FA7BEFA4FA49F
S214039AA0006A09E667BB67AE853C6EF372A54FF5A1
S214039AB03A510E527F9B05688C1F83D9AB5BE0CD72
S214039AC019008000000000000000000000000000F5
S214039AD0000000000000000000000000000000007E
S214039AE0000000000000000000000000000000006E
S214039AF0000000000000000000000000000000005E
S214039B00000000000000000000000000000000004D
S214039B10000000E1000301030303020000028000CB
S214039B2008000200200000014000040001001000AD
S214039B3008060200040907030105000040787D01BA
S214039B4000000000005A620200010000C0CF6A0055
S214039B5002000000809FD50002010000002D3101A5
S214039B6002020000010000000000000004000000E4
S214039B7001000000080000000100000010000000C3
S214039B8001000000000100000100000000080000C2
S214039B901D000000000200001D000000000400007D
S214039BA01D000000000001001D0000000700000368
S214039BB013B779FAC925DDB7ADF3CFE0F1B614B81C
S214039BC00102000000000000FFFFFFFF200000006E
S214039BD0010000000000000000000000000000007C
S214039BE0000000000000000000000000000000006D
S214039BF0000000000000000000000000000000005D
S214039C00209C03003E003E0054A2030015001500EE
S214039C1004A20300050005000200FFFFFFFF00008B
S214039C20010000000108FFFF0000000000A0030081
S214039C30020002000108FFFF0500000020001100DB
S214039C40030011000008FFFF01000000F20D0020D2
S214039C50040014000308FFFF0300000002000000D6
S214039C60050002000108FFFF0500000002001200C5
S214039C70060012000108FFFF01000000FC0D002093
S214039C80070002000108FFFF050000000A0013009A
S214039C90080013000308FFFF01000000120E002057
S214039CA0090000000108FFFF0000000004A00300F5
S214039CB00A0002000108FFFF050000000A00030077
S214039CC00B0003000308FFFF020000001A0E00202B
S214039CD00C0002000108FFFF05000000020004005C
S214039CE00D0004000108FFFF0000000008A00300A9
S214039CF00E0000000108FFFF000000000CA0030098
S214039D000F0002000108FFFF050000000200050027
S214039D10100005000108FFFF0000000010A003006C
S214039D20110002000108FFFF050000000200060004
S214039D30120006000108FFFF020000003E0E00208E
S214039D40130007000108FFFF0000000030A0030017
S214039D50140002000108FFFF0500000002000800CF
S214039D60150008000108FFFF01000000480E002050
S214039D70160007000108FFFF000000006AA00300AA
S214039D80170002000108FFFF05000000020009009B
S214039D90180009000108FFFF02000000500E002013
S214039DA0190007000108FFFF000000009EA0030043
S214039DB01A0002000108FFFF0500000002000A0067
S214039DC01B000A000108FFFF01000000600E0020D0
S214039DD01C0002000108FFFF0500000002000B0044
S214039DE01D000B000108FFFF020000006E0E00209E
S214039DF01E0007000108FFFF00000000CCA00300C0
S214039E001F0002000108FFFF0500000002000C000F
S214039E1020000C000108FFFF020000008C0E00204B
S214039E20210002000108FFFF0500000002000D00EC
S214039E3022000D000108FFFF01000000980E00201D
S214039E40230002000108FFFF0500000002000E00C9
S214039E5024000E000108FFFF01000000A00E0020F2
S214039E60250000000108FFFF00000000F6A0030025
S214039E70260002000108FFFF050000000A000F008D
S214039E8027000F000308FFFF01000000AE0E0020AE
S214039E90280000000108FFFF00000000FAA00300EE
S214039EA0290002000108FFFF0500000004000F0060
S214039EB02A000F000408FFFF01000000B60E002072
S214039EC02B0000000108FFFF00000000FEA00300B7
S214039ED02C0002000108FFFF05000000020010002E
S214039EE02D0010000108FFFF01000000BE0E002039
S214039EF02E0000000188FFFF0000000002A10300FF
S214039F002F0002000108FFFF050000000800008084
S214039F10300000800208FFFF01000000C60E00208C
S214039F20310007000108FFFF0000000014A1030032
S214039F30320002000108FFFF050000000800018050
S214039F40330001800208FFFF02000000D20E00204B
S214039F50340007000108FFFF0000000042A10300D1
S214039F60350002000108FFFF050000001200028012
S214039F70360002800108FFFF02000000180F0020D1
S214039F80370014000308FFFF030000000101000070
S214039F90380007000108FFFF0000000078A1030057
S214039FA0390002000108FFFF0500000002000380DD
S214039FB03A0003800108FFFF01000000820F002023
S214039FC03B0007000108FFFF00000000AAA10300F2
S214039FD03C0000000108FFFF00000000F2A10300A0
S214039FE03D0002000108FFFF050000000800048092
S214039FF03E0004800208FFFF070000000000000088
S21403A00002000118020000180200000002000A18ED
S21403A0101E00506F727461626C6520456E657267D0
S21403A020792053797374656D732C20436F72702E89
S21403A0303700322D33206368617220707365756450
S21403A0406F206E616D65732061737369676E6564F7
S21403A050206279205553455F20636F6D70696C6588
S21403A0607220646566696E652E003200436F6E74F7
S21403A070726F6C6C657220626F61726420726576B3
S21403A0806973696F6E206E756D62657220286578D8
S21403A0903A207B7266687472322D7D3235292B0026
S21403A0A078782E78782E787878203C737461636B92
S21403A0B02064657369676E3E2E3C757067726164D3
S21403A0C0653E2E3C7570646174653E0028003C6DE9
S21403A0D06F64656C49643E2D3C79796D6D64643EAE
S21403A0E02D3C303132333435363E206578204350AC
S21403A0F0203D20303033020003180200021802000D
S21403A100041810000032A82E6A17E78CE84289610B
S21403A1107990F4FE2B005265636569766573206358
S21403A1206F6D6D616E642068656164657273206629
S21403A130726F6D204E65766572666C616D654170F3
S21403A14070003300526563656976657320736574C2
S21403A15074696E677320616E64207365747570200E
S21403A160696E666F2066726F6D204E6576657266E1
S21403A1706C616D6541707000300053656E647320CA
S21403A1806576656E747320616E642072657475728D
S21403A1906E732073746174757320746F204E6576C6
S21403A1A06572666C616D6541707046005265706FCE
S21403A1B07274732074686520726573756C74206F8F
S21403A1C06620746865206C617374204F5441206662
S21403A1D06C61736820737761702028313D53756313
S21403A1E0636573732C20323D42616420496D616759
S21403A1F065291000F01921B4478FA4BFA14F63FD52
S21403A200EED6141D0032A82E6A17E78CE842896141
S21403A2107A90F4FE07C3D27CEDB789A68A438EE80C
S21403A22089C3101F0032A82E6A17E78CE84289619B
S21403A2307B90F4FE0032A82E6A17E78CE842896109
S21403A2407C90F4FE636032E0375EA488534E6DFB69
S21403A2506435BFF7002801280328002A012A292A83
S21403A260242A0129272A262A232A252A282A2A2A8B
S21403A270502A062A072A052A2A2B292B02292021B7
S21403A28022232425262728292A2B2C2D2E2F30312E
S21403A29032333435363738393A3B3C3D3E3F6061DE
S21403A2A062636465666768696A6B6C6D6E6F70710E
S21403A2B072737475767778797A7B7C7D7E7F0000FF
S21403A2C000010000000000040506070C0D0E0F0039
S21403A2D01000020100030000000000000000000060
S21403A2E00000000000030000000000000000400023
S21403A2F00303040680000400070000006801040648
S21403A3000000000000000000000000000000000045
S21403A310010001000000011400000000000000001E
S21403A320000003000001010001000100010003001A
S21403A33000000000A3000000010000020708436FAE
S21403A3406D706163742050616E2000435048200096
S21403A350332E302E323700203133536570323600B9
S21403A3605265626F6F74696E6720696E746F204FF3
S21403A3705441204D6F646520284170706C6F616492
S21403A3806572292E2E2E0A000420040000020620E1
S21403A390060000020820080000020A200A00000245
S21403A3A00C200C00000226202600000202300200C9
S21403A3B002010430040002020630060002020830DE
S21403A3C0080002020A300A0002020C300C000202E5
S21403A3D00E300E00020200110000030202110100FB
S21403A3E0030204110200030206110300030208110C
S21403A3F0040003020A1105000302024802000401D6
S21403A400034803000401044804000401054805004A
S21403A410040106480600040107480700040108482B
S21403A420080004010948090004010A480A00040256
S21403A4300C480C0004020E480E00040210481000DC
S21403A44004022220220000012320230000012420EE
S21403A4502400000232333132313641414131323346
S21403A460343536412C2D2D2D2D2D2D2D2D2D2D54C2
S21403A4704F20424520444546494E4544202D2D2D28
S21403A4802D2D2D2D2D2D2D2D2D2C006275796572DC
S21403A49020636F64652C2072656E74616C20636F35
S21403A4A064652C206D6F72652073616C6573206321
S21403A4B06F6465732C2064617465732C2065746304
S21403A4C02C0030302C30302C30302C30302C3030C8
S21403A4D02C30302C30302C30302C30302C30302C8C
S21403A4E030302C30302C30302C30302C30302C3078
S21403A4F0302C30302C30302C00303030302C303094
S21403A50030302C303030302C303030302C3030304F
S21403A51030302C2D2D2D2D2D2D2D544F2042452002
S21403A520444546494E4544202D2D2D2D2D2D2D00D9
S21403A530280000000807BC02D0072C0164001C0298
S21403A5402C01B40078007800E204AA057206080716
S21403A5509E07060100000000253033752E25303394
S21403A560752000637353686F775662617400637374
S21403A570456E6453657100637353796E63537461F8
S21403A580746549640063734F666600637353686F4C
S21403A5907753746570006373536574537465700002
S21403A5A0637345766E743000637345766E7431005C
S21403A5B0637345766E743200637345766E74330048
S21403A5C063735761697452656C6561736500756E74
S21403A5D06B6E6F776E00342E342E3300000101024B
S21403A5E0010202030102070B0B0701160C00000110
S21403A5F008080000050108FFFF02FFFF0808020223
S21403A60004FF010022FFFFFFFFFFFF030404FFFF19
S21403A610FFFF2AFFFF1419191B011C15120400481B
S21403A6200C14131510801A80128080000F0E0C086D
S21403A6300C080D181001020404000000F4010000C9
S21403A640FA00000096000000640000004B000000C3
S21403A650320000001E00000014000000000000008E
S21403A660010150004000080050002400040090013F
S21403A670500240009001AE0110000000FDD401001E
S21403A680000000000049725314497207FF000102DC
S21403A690030405FF145300724907CDF68D4B0300E0
S21403A6A021E70100C90002008B4B0300314D030074
S21403A6B02B4D0300650402005D6E0300E54C0300AA
S21403A6C02D4D03002F4D0300D94C0300274D0300E7
S21403A6D035E20100D949030089E3010001020C00B9
S21403A6E00000040000000800040000000000000052
S21403A6F0000000000000000000000000614B0300A3
S21403A70000000000A0010401560000000000000045
S21403A710000000000000000000000000050000002C
S21403A7200000000000000000000000000000000021
S21403A7300000000000000000BD4C03000000000005
S21403A740A01305000A00000000000000000000003F
S21403A75000000000000000000900000000000000E8
S21403A760000000000000000000000000C34C0300CF
S21403A770000000000D0000000000000000000000C4
S21403A78000000000000000000F00000000000000B2
S21403A790000000000000000000000000CD4C030095
S21403A7A000000000000000000000000001000000A0
S21403A7B00000000000000000000000000000000091
S21403A7C0A1E9010000000000A0010107A0000104A8
S21403A7D0020408000600000000000000000000005D
S21403A7E0C1EA010089EA0100F1EA01000000000065
S21403A7F0A0030601A0090609A0020608A00506078D
S21403A800A0050606A0070605A0020604A00106107A
S21403A810A00A0602A00D06000000040205030601B6
S21403A82007010108090A0000A0015C02A0035C01FD
S21403A830A0025C00A0020F09A0030F04A0030F03ED
S21403A840A0050F02A0010F01A0050F00A004010838
S21403A850A0020105A0030106A012010001010204E3
S21403A860200C0403A1E6010020000401CDE601004C
S21403A8702002560271E701002002560145E7010057
S21403A8802001060539ED010020000D01BDE8010099
S21403A89020020D0489E9010020020D0319E90100D5
S21403A8A020030D02F1E8010020040A0F89E80100E5
S21403A8B020040A0455E8010020050A0225E80100E1
S21403A8C0200001154DEA0100626761706920627518
S21403A8D06666657273000100020000000000000057
S21403A8E0030000000D00030002000100050067617D
S21403A8F0747420636F6E6E656374696F6E00000018
S21403A90000FB349B5F800000800010000000000006
S21403A91000000000216C0300C1520300076E030011
S21403A9200B6D0300E69D350E480103CCDBFDF4AC4E
S21403A9301191F4EFB9A5F9E9A7832C5E2CBE97F223
S21403A940D203B020008BD28915D08E1C742430ED30
S21403A9508FC24563765C15525ABF9A32636DEB2AF3
S21403A96065499C80DC003F49F6D4A3C55F3874C9AB
S21403A970B3E3D2103F504AFF607BEB40B799589938
S21403A980B8A6CD3C1ABD006C888391AAF5A538609D
S21403A990370BDB5A6083BE0000000100010005018F
S21403A9A00005020203000200000000000205010089
S21403A9B0050000010001000001000102020300027D
S21403A9C000000000000202010002BF01FB9D4EF3DF
S21403A9D0BC36D874F5394138684C8BD28915D08E7D
S21403A9E01C742430ED8FC24563765C15525ABF9AA9
S21403A9F032636DEB2A65499C80DCE69D350E480183
S21403AA0003CCDBFDF4AC1191F4EFB9A5F9E9A78308
S21403AA102C5E2CBE97F2D203B0200000A0010A05DC
S21403AA20A0030A04A0080A03A0070A02A0060A0154
S21403AA30A0070A00A0030906A0060905A007090443
S21403AA40A0040903A0050902A0060901A003090042
S21403AA50000800FCC4AA030001000107B4AA03000F
S21403AA60000800F870AA03004CD18DAD080700005B
S21403AA709600FCFEF8006D23441FEEFFC700F20E9F
S21403AA808E37FAFF5C00A40324A7FFFF3200D6012B
S21403AA90AD3400001F003001004D00001200C0005E
S21403AAA0CA4A00000B006E00F73C000005001F00BA
S21403AAB02F20000083FFBFFFE2FFF1FFF9FFFEFF39
S21403AAC0000000008C00FCFEFFFF000000000000FA
S21403AAD0FC00D2104C06FAFF75009B05F132FFFF0F
S21403AAE03E0062020B35000025004B01885F000024
S21403AAF01700E0005E5D00000E008C006A4F000049
S21403AB000700250083280000D55902001D5A0200BD
S21403AB10C9590200295A0200115A0200837D030014
S21403AB20BF7D0300E57D0300077E0300297E030047
S21403AB303DA70200F5A6020001A70200D5A7020062
S21403AB40CD8303000D7B0300117B03001D7B0300F5
S21403AB50157B0300197B030000000000480100007A
S21403AB60B019002083FF000002000080FF7F000072
S21403AB700080FF7F06010080FF7F0E025241494C92
S21403AB8000000000A0000000416402005000000026
S21403AB9021650200FA04FA000033330A0A0A084061
S21403ABA0002100000000000000000000000000017B
S21403ABB00000010100010101B5A1020099A10200F4
S21403ABC0B9B902007DBB020015BB020001010203F6
S21403ABD0000000019D07000048700E0E44709A0D99
S21403ABE03070DA123C70DA163870F60D34701C0EBC
S21403ABF03070700F2C70700F2870521124706A1109
S21403AC002070000E1C70F611187068121470FC0D7C
S21403AC10B110076001D80A7108B87F78020C7E78F5
S21403AC20641000C6A01F00218CB8707801B00768B6
S21403AC300F305CB30F330111C048069846022FB09D
S21403AC4006D80C7109DD087100B853A809BB1110AA
S21403AC50076801682148076004100112FF3221507B
S21403AC6007605148076000880698841300C43C1F99
S21403AC70002103DD087214BA281400A000BA03DF0B
S21403AC80107109DF06720298E8058CB8507800A0A8
S21403AC904413281441158110076002D814711088D4
S21403ACA00698F61B00C00C7008400698501E0091CC
S21403ACB006985C020060B83020D8067190BC637CAE
S21403ACC0084D5412F03240DE0472404804DB08722A
S21403ACD00DDD0C72044BEF30144806989E0700C433
S21403ACE0E01008404412076201322140084C287CD9
S21403ACF0811140D91C72B1123032CF4A013AB1DA0F
S21403AD00107208D8067104D80871B04C237C3E70C4
S21403AD10684C4412FF328722047580B8D84C81D819
S21403AD20307140D90472237C084B06989E0704BAF8
S21403AD3088B9767900C1186008403579E04900790A
S21403AD4006B904A901D86C72BC4C307C02982E025A
S21403AD5008D83C7100C14C000840141110D930715A
S21403AD60104C00C11400084014111814076100C5E4
S21403AD70206008405415FF35047110491814A84C78
S21403AD80441207620132067102981201B84C08D8C1
S21403AD900C7107BA24D8047106BA187004D80C715B
S21403ADA001BA40D80E7102BA0A7005BA20D80472E6
S21403ADB003BA604C4411404C1814076118149111DF
S21403ADC0383111429111076910D90472EF3200C16C
S21403ADD00060084014111031016911422814A111B2
S21403ADE0076118140698361E181400C10060084040
S21403ADF014110769FF31181400C13C3008401411C0
S21403AE0018140761181430880248069848060093F9
S21403AE1008DB047101F800A05CB00F3000A01088B6
S21403AE20B111076980D90A7100C180000840081172
S21403AE30009100A000C400010840441000A000C018
S21403AE4020300E40041104101050F47200A0541564
S21403AE50504512710698A8070698380718B87078F0
S21403AE6000B8417806983C0390BA5B7A5C7A5D7AC0
S21403AE7000C218500840241200C14C1F002128119C
S21403AE800698001C2088008800C5401F0021541522
S21403AE905112FF350762FF3206986602015951299F
S21403AEA0047511590090212920750698FA0406980E
S21403AEB02A050698F602009203D80C7281110761E0
S21403AEC002D90472FF0FBA7018B8727800F804D863
S21403AED042710088308800C0FC1F0021041000C1A6
S21403AEE04C1F00211412012A215A00C3185008408F
S21403AEF03413312A1A7500C0006008400410073066
S21403AF00FE200C76381108B87F78020C7E78009302
S21403AF10009000A000C0F41F0021041000BB1DB465
S21403AF2000A000C1DC1F002114111088FF3100C5EA
S21403AF30FFFF0000311207620762513A513B0E725F
S21403AF400698160D1159011201131E70311400884C
S21403AF5031100698160D1159415C41280698180DB4
S21403AF60513801130090012B0090208807600114CC
S21403AF700760FF30215D411207620762312D0876B4
S21403AF80FF34415C4128015D31100698180DFF30EF
S21403AF903088011300C0E01F00210410512B0C76EB
S21403AFA0076801150768FF356070315BFF32212B98
S21403AFB00C75076001150760FF354E7000C5E41F6A
S21403AFC000215415076507655112FF35FF30012B25
S21403AFD0087521100760327021100768FF30012BB7
S21403AFE00A75211007600760207000C2E81F002161
S21403AFF02412211007600760FF30012B087521100B
S21403B0000768067021100760FF300093009200C1A6
S21403B0100060084014142C490734FE242A761415BD
S21403B020F0BC076C513C076803680154107100C4F8
S21403B030FF0FFFFF513C01444811311200C5E81FC2
S21403B04000215415FF350762076221435449141241
S21403B0502155FF355152281100A000DF0672011357
S21403B06014703111312B112B016300C1FF0700004F
S21403B070113B012B00C278FEFFFF05B86EBD312AD7
S21403B080207505B8C8BDE8221875DCBD06B8DC22F5
S21403B090107507B8F0220A7508B8E822047509B8CF
S21403B0A000C10060084014122C490732FE221676AF
S21403B0B00768036800C2FF0FFFFF1414213C014416
S21403B0C0481150BD544914122155FF3551522811C9
S21403B0D000A001D82C71008800C00470084004103A
S21403B0E08020FF301A7100C1B01E002114110761C1
S21403B0F020D9087106988204067006984A030090C1
S21403B10000A002D8047200A00088069838071DB471
S21403B11028B9112C408800C3EC1F00213414404486
S21403B1205A7144130698A805411500C000600840EC
S21403B13004100730FD20447500C208700840241030
S21403B1400760FF3080DC34710698520D01591C4AA3
S21403B150241007600260FF300698520D0158B22093
S21403B1600129541331100698520D11280A75042527
S21403B17054155045EE720698A8050094009000A05A
S21403B1807FB9066100C01C60084006988A13041540
S21403B1905153113B3155581002988413EBBD00C030
S21403B1A03C1F00210411113D10D91271FF33076BA8
S21403B1B000C190400846381118B97479581000A099
S21403B1C006985C028024E4240D300472044800C10F
S21403B1D01C510840141100C3D81E002191150435D4
S21403B1E01A72181388BB08D804716C7B04D80471D0
S21403B1F06A7B8CBB2F7C5B7B1670044B181388BB57
S21403B20008D804716F7B04D804716D7B217C0C30E5
S21403B21001600698240706980C0C0698D40700B815
S21403B220B111076940D906720298080701BC00C22B
S21403B2300060084000DC0A7124150165604A0A7044
S21403B2401C4A241507657C4A043508D92071202436
S21403B250512A241200C180000840320C28110762CC
S21403B26028110762281107622811500C00C1341FE9
S21403B2700021141200DC347120D8067101B80C705A
S21403B280F0DA0C720CDB087102B806982C07482417
S21403B29000C3306108403413076380DB0E7102B9C4
S21403B2A0911308DB047203B906700C49141100C32A
S21403B2B080000840FFB801201141087101411813AE
S21403B2C00824014200C12000084014110141036D07
S21403B2D0514191152035016D514118132813481318
S21403B2E000C37C000840341003D80C71073005DC1B
S21403B2F00671084B227B8CB8507800B800C1341F07
S21403B3000021141203682150F0300152281100A0C6
S21403B3104024066400C0FFFF0100013C1DB002206C
S21403B3200158402806751EAC01EC00A0208800C01A
S21403B3301850084004121DB4211304123052F87139
S21403B340066C402400C3741F0021341014110698A1
S21403B350820D0669009211592129067600BB115900
S21403B36006983A0D80B80158013A0662313B0472DA
S21403B370215A412A00A000C200010840317A00A0E9
S21403B380308880B9076900C30000C0FF3110312838
S21403B39000BC002D0C7511541EAC01EC312DF4705D
S21403B3A0066C51134155312C009300A000C0284071
S21403B3B00E400413315107610C31076911533810DD
S21403B3C000A00698EC0800C0F41F0021041106989C
S21403B3D0D407217A237A00C30000100006981408C5
S21403B3E000C0541F00211DB1181000A000C0501F3C
S21403B3F000211DB1181000C09C1F00210410002D51
S21403B400067500B826A80698A80700C09C1F00214A
S21403B4100410012C06750698380728B010B9115980
S21403B42011380EB9114028A880B800C1443008402E
S21403B430081100C1F01F00211410303B067107608D
S21403B440076000C40830084044111150FF30015112
S21403B45018146FB8076826A8217A050C211020480F
S21403B460267800C063EF0000314026A8050C20ECC8
S21403B470B11140D90872247A20EC217A184826A8FC
S21403B48028B00AB901510F31115028A8050C207AAB
S21403B49020EC0F0C98B8467841780698660200C2EE
S21403B4A0401F002124100151FF311150081200A043
S21403B4B00698EC0800B826A800C0581F00211DB146
S21403B4C0181000A030B840780DB101D9FC7242784C
S21403B4D000C074300E4004114CBA407A1810144859
S21403B4E004115C7A1810A4BB707B4E7B4F7B00C2A2
S21403B4F00430084000A00698EC08217A227A00BBA4
S21403B5000698140800C0641F00211DB11810A4BBC0
S21403B51000C040300E400411033101492872B112B5
S21403B520076207623048041121510F3118726E7B8F
S21403B5306F7B104804114CBA7C7A18101448041117
S21403B540607A1810B11002D81071707B30B8627828
S21403B55060780DB001D8FC7100C0F8600840041193
S21403B56001D90C7100C01800084002B9181008B8B9
S21403B5706E780EB84EB110D90C723EA8140C0FB8E4
S21403B5803EA8107044A8140C01B800C1AC300E409D
S21403B590081100C077801F003DB201423DAA00C0DB
S21403B5A0FFFFFFFC013A3DAA140C00C077E01F0022
S21403B5B001423DAAFFB845207D7808B87E7800C1D1
S21403B5C024600840141107610631087100B9069813
S21403B5D0D01006988A13B11101D90E7106985C1E15
S21403B5E002D906720698520C0698841351140698CC
S21403B5F03807F4B845780A0C00C0601F00211DB157
S21403B60018100298AA10FFB845205D7803B80760A3
S21403B61044A83EA800C1AC300E40081110B8076815
S21403B6203DB101393DA908B86F7800A046A800C00F
S21403B630FFFF0000013B076356AB94BA437A01D978
S21403B6401471013C47B300C0FE20FFFF013B3144A9
S21403B65047AC637AFFB82120407802D9047160783A
S21403B66000A0C8BC066C415C512C067506983807CA
S21403B6700698300EB110076805D8367140BA06989A
S21403B6805A138CBC7F7C08B86578911004D818715F
S21403B69088B86E78577800C064000840217806980A
S21403B6A0F81001400872427C069896130298E40B41
S21403B6B008B86C7820B859785B7800C0F440084026
S21403B6C07878797800C1C81F0021141040A818495B
S21403B6D014130449408814140C4914118112076A80
S21403B6E0006A01DA187188B8577800C0CC1F0021A9
S21403B6F00410016107630763076407640698540A26
S21403B70000944EB010D842724DB161B8015811384A
S21403B71040B102D90A72604804BB415408702048FD
S21403B72002BB02BC4DA8F8B87078190C3EB1414173
S21403B7303EA9F4B973797378717800C4F840084069
S21403B74000C200410840227000C20000010044AA63
S21403B750230C00C200000B0044AA00C4104108409A
S21403B76000C21841084004BB587C050C597C0C24C5
S21403B7700F0C2FAB050CB11008D81471647A657AD8
S21403B7801CB879787B7820B879787B78607CF42449
S21403B790411306989E0751144044067506983807C9
S21403B7A0727BFFB84D20050C687840EC00C05C1F28
S21403B7B000211DB11810911004D8147100C0B01EDA
S21403B7C00021041080D806711CB8737800F818B8E6
S21403B7D000C1D41E002100C21850084024122811AC
S21403B7E0777800F800C0B860084004110761076165
S21403B7F080D9047240EC00C4F84008404EB010D81C
S21403B8000471182441130C23527C407B11512FA939
S21403B810050C797C0A0C00C0000001020814787C31
S21403B820050C507C08B86D7800A000C0287008404E
S21403B8300411108800C10018004018104448041171
S21403B840108878480411108800884CBA757A181046
S21403B8503DB11088F4B8427844207278284873784B
S21403B860F8B873784FB200C4FFFF8080413A4FAAFE
S21403B87001BC01644113076300C06C70084003B940
S21403B88018100110011001B9181001100110011051
S21403B890011068480411076101B80160003A047199
S21403B8A0044904D9047241520760003A04710849F6
S21403B8B008D9047231520460003B0E7200630064C0
S21403B8C0314241424FAAB2704FAAF8B853781820B3
S21403B8D053782848527800913DA90090009118109B
S21403B8E000917848181000914448181000A0115988
S21403B8F010D906710760076008D90471076004D978
S21403B9000471036002D90471016001D904710060F7
S21403B91000A000BA01D806710148112A0069006028
S21403B92001D8F6720138F67200A08020FF30FF4877
S21403B930812000A002EC00CA02EC00C8076A01429C
S21403B94002EC00C8076A014202EC00C8076A01421B
S21403B95000A000C21850084024121159212912735E
S21403B96000210E7100C23050084024120121212903
S21403B97000A00698EC0888B8577800C57C1F0021FD
S21403B9805088044D88BC00C0BC1E0021811101D91B
S21403B9901E71407C009501157C4D5088044DFFBBFD
S21403B9A0076B315B041106987A0D3129F8750698F2
S21403B9B04A1D541506985C1E01D9087206981E097E
S21403B9C006700698800988BB547B009500F8069895
S21403B9D02E0A0E7006980C0C06982E0A0698D61198
S21403B9E00698D8089112211900C0246008400A78E6
S21403B9F0097800F810B901BA069850130698AA10E9
S21403BA0000C57C1F002100F89112033288B900C3D9
S21403BA10B01E0021341300C4A81008408CB8427826
S21403BA20707903DE0671447872707179A11020D89C
S21403BA300A7106981E0902987C0F80DB507102D8A3
S21403BA404C7205B830880763076302DB2A7100C3AC
S21403BA50AC0008403413066380DB0472804800C3DE
S21403BA60102008403413315B0472404831283128D3
S21403BA7002600814076800930814A11010300248E7
S21403BA80081400B808149110076008148CB862787C
S21403BA90A11000DC0676517900BA80DB3A7100C04B
S21403BAA000000200003B307150884110344803DE2A
S21403BAB004719048041508200411F82058101C201F
S21403BAC0217800C0A40008400E7810D904722E789E
S21403BAD00698A0160095911120310269911004D89A
S21403BAE00E7200C1481F0021141101D90A71208863
S21403BAF00698D010009200C1180008400533054B85
S21403BB001872184C03DE0471904C441400C3FF1FD4
S21403BB100000413BFF233811B84900C33061084099
S21403BB203413076380DB0E7103BA076A0698640F43
S21403BB3000BA0870076A0698640F044908790979F9
S21403BB4014102140081100A000BD0698400210B949
S21403BB5003DC047100B901BA0698501302D90671C2
S21403BB6000404E7201B107690F310698F810FFD8EE
S21403BB702872811008D8187106DD0A7106984002EB
S21403BB8003DC0C7206983E11069896130C7006DDBD
S21403BB90107106984411487020B802A806DD10728A
S21403BBA006982E0A0698D80801F840B802A800F8A6
S21403BBB000C0B01E00210413076301DB227191103D
S21403BBC00111076911388CB910D8087144790298A5
S21403BBD07C0F02DBFA72A11328DBF47203BD06980E
S21403BBE09E1006982E0A00C5801F00210698400264
S21403BBF000BA03DC4A72044DA11002D804710C4D3E
S21403BC0000C0140008400410026800C3701F00211F
S21403BC103411112800C1306108401411076180D91E
S21403BC200C71911108D90671FC230C4DFC233411B9
S21403BC3006983A0D00C10C5108400698540754154F
S21403BC40212D00C0F8600840041101D9227100C0FC
S21403BC50381F00210410033001DC147200C01400E6
S21403BC6008400411FB21087607BA076A212D0698B7
S21403BC70EA0702988A0A91100155033551500119B3
S21403BC8000A000C1441F0021141001D842710148CE
S21403BC900760FE200E75811020D8087100C1481F6A
S21403BCA00021141101D9287100C024600840041231
S21403BCB0215107610F3107691152281000C0006037
S21403BCC0084004119112215120311152211900A06C
S21403BCD0811380DB067201B800A000C30C50084035
S21403BCE03410063030727C4B34122C4B3410076001
S21403BCF0076040302072811080D8DC713410014A0E
S21403BD0007620360803021508C480A717F235523D5
S21403BD103410013000A000BD06989E1088B84778FE
S21403BD204578437800B8447800A006982E0A06980B
S21403BD303E1100C58C1F002154150698EA07029889
S21403BD408A0A00C374000840027B06988A1350BA16
S21403BD5006985A130698F810FFD84A71911004D81B
S21403BD604872811007601CD8407220D938721112AD
S21403BD70FF322151347180218021111400C0E01E4E
S21403BD8000210413FFBA3151113A215111538CB9D2
S21403BD9038107B7940440E7200B900C2B81E0021E9
S21403BDA01812067008B860780698841300F800B96D
S21403BDB000C29C1008401812244A0AB9181288BAFE
S21403BDC0507A517A577A8CB942795F7900A00698EF
S21403BDD0400207DC1072911000200A750698D611EF
S21403BDE00298280E0698D80801B9911004D8047151
S21403BDF000B910BA0698501300BA00402A7100C062
S21403BE00B01E00210411076101D9127104D9E27230
S21403BE108110076001D8DA718CB8647800C11C51B0
S21403BE200840069854070698D61100C5901F0021AF
S21403BE305415212D06981E0900C5941F002100F8ED
S21403BE4000BC811108D9167280D9207201B910BAC4
S21403BE500698501300400E7101BC107006983E11F0
S21403BE600698961320B802A800F80698D6118111F2
S21403BE700231127100B900C20C1008401812244A8D
S21403BE8002B9181206983E1100C5981F00215415D2
S21403BE900698D41D02988A0A04110121147188BADF
S21403BEA0737A042004122811042004110121F47269
S21403BEB000A006989E0701F8911010D834710698D2
S21403BEC03C030698FA0406982A0500C51C51084048
S21403BED0541106987A0D00C5D01E00215415512919
S21403BEE0E27518B876788CB8447801B802A800F8DA
S21403BEF0B110076810D82E7100C04810084000C360
S21403BF00000008403114884C44113411076101D9EC
S21403BF10FA71441228100762281007622810076275
S21403BF202810E8700298760206985C0211380472AC
S21403BF30016A00BB00C1E01E0021141120390C72F7
S21403BF40911210DA0672417B00A006988A1300C28B
S21403BF50B01E0021241220DA0472617B88BA527A5A
S21403BF6000A088BA727A811204DAFC7200A088B83C
S21403BF706B78577800C0640008402F7800A00698B6
S21403BF80E4100763076390B9637900B902DB227193
S21403BF9002EC00C909B801D9507200C2AC000840CF
S21403BFA00E7A10D904722E7A0698A016E03107612D
S21403BFB002EC00CD114502EC00CC01DB087100BB9E
S21403BFC00298FE1703B841110731FA211C760621A1
S21403BFD0911210DA087102DD10721E7020B80698EE
S21403BFE0160D3038147208B80698240700C02400CB
S21403BFF008402978207800F8046020D80671029853
S21403C000581502EC00CA05B823DA187104DBDA7196
S21403C01020DAD67110DAD27290B8617800B801DAF5
S21403C020067202EC00C8911110D9267100C1C01E19
S21403C030002114111150FF300C720661A11011502B
S21403C04002300A7180DB0A720AB89E708CB97C795A
S21403C0500768911111402111C0311140011990B8A0
S21403C060411108D90471667820D904726578A11045
S21403C07002D80672C0DA1E7190B8273123DD087223
S21403C08010DB1072607825DD0A7121DD087208DB8B
S21403C0900471627803B8411107310872A11520357F
S21403C0A0AA7102DD3272A11120D9A07102D92872B9
S21403C0B0CCDA9872411140D9927206B802DB10713D
S21403C0C0046500C1102008401411112D112D054DD3
S21403C0D05C720298E61321114049C0D94E71A03113
S21403C0E041154035016551410361076308DA1E7245
S21403C0F004DA38721049A1150235067110DB0E7288
S21403C10001340A7108DB247190B86778CC321110B9
S21403C1101A300ADC0872CCDE0471FD3100C00D0F44
S21403C1200C0D0698180D01D8607207B80298101403
S21403C13000BA411108D90C7102EC00CA05B830DA0E
S21403C140EC720734F031026101DA0471014900C070
S21403C150F300A3E30698180D01D8D07100C0981415
S21403C16040680698180D4030014440DA0471204CAC
S21403C17004320162204A1110063000680142183169
S21403C1800269114202982E14204A00C0051708506F
S21403C1900698180D113001422088FFBB0DDA507146
S21403C1A000C1DE1B250180BC04DA107208DA0A72AD
S21403C1B000C120841000E024A024076341430164E7
S21403C1C001DA06711E49024B00C0281F00210763CF
S21403C1D03810BC2002DA127101B91159A11380DBA1
S21403C1E0087100C100FCFF01181002988A1700C4EA
S21403C1F0B01E0021441080D87C710092D0DA0671FC
S21403C2000DDA0C7190BD437DEFBD0698C60503623B
S21403C2100DDA8672A11105D95C7100C23810084088
S21403C22024120C24281401D9067202D9327140D97B
S21403C2301E7102EC00CA211018320471FA2220D8AB
S21403C24004720822FE22087502EC00C8F87001D9B1
S21403C2500E7102EC00C802D9067204DC187200C024
S21403C260B01E00210410026801D8067190B86478E5
S21403C27018B873780298FE1700C50020084000C05F
S21403C2800417000008D904720A480815104D00B8B0
S21403C29008D90472FF200815084D00C00884000062
S21403C2A008D9087200C02083B8ED0815104D207D0C
S21403C2B000A000B8011A00C074000840027891106C
S21403C2C01030011905BA06985A1302D9067101B837
S21403C2D002A800C0B01E0021041380DB067102987A
S21403C2E0A61340DB067102983E198CBA7C7A01DBF2
S21403C2F06C7100C22C1F002124111114FF3402ECB0
S21403C30000C8FF24FA7607610698260D03611138E4
S21403C3100F3003611114011141100698260D01D840
S21403C320087203B8029810141C4A02DB2471241006
S21403C330112811280412023006710762076200C032
S21403C340FFFF0000213800C218000840FF20081233
S21403C350411007600698260D01D87C7120BC103367
S21403C360767100BB00C1281F00211415C021112CB3
S21403C3705112076A0F320E714088511406985418EA
S21403C3804143009451120765036A0F320E7141113F
S21403C390511406985418036C41430765513B00C17A
S21403C3A0E41E00211411111231100F30127100BA5D
S21403C3B0046101D80471114200600FD8F472311081
S21403C3C002601E30047201B8003A087204B802987C
S21403C3D010140298161600C1306108401411076144
S21403C3E080D91A7102EC1DB002EC1DB10158112858
S21403C3F0A0B91159112806758CBA637A00C0341F88
S21403C400002104110F3103DD1A7200C000600840DA
S21403C410041007D80E7200C01040084004B9181064
S21403C42000F80698E4100698C40500F8308850888B
S21403C430FF34087102ECFF24F87002EC00CD1410F0
S21403C44001BB5150FFD8047131440760006B10DB09
S21403C450F2710421FF22E4720F4C0095009300A0B2
S21403C46000C01860084004100560073000A00CB830
S21403C47002983A1902EC00CAFFBC80BD06988818D9
S21403C4800448187202EC00C92115F03500650F3216
S21403C490076A114200C4FF0F000000C1C01E00213E
S21403C4A0141031110113413B02EC10D90871211409
S21403C4B000CA2C70305206714052B47221140760C1
S21403C4C00760FF3055DC187100CA005212710ADE8D
S21403C4D00E714ADE0A7155DE06713052927200C141
S21403C4E0C41E002110880698361E073111450765BD
S21403C4F00765414500C30C70084034130763FF33D8
S21403C50007633145009158110849281118B8757802
S21403C5100BB8029810140763076302EC00CA02DB29
S21403C520127155DE067202989C1854DE0672029843
S21403C5309C1801DB12710698600D06985C0D02ECE0
S21403C54000CA0298FE1700C1BC1E002114147C49C1
S21403C5500698600D40522E7204DBE07190B8637843
S21403C5600698881804486E7200BA0698600D211360
S21403C570141000C1FF0F0000113A105254710152FB
S21403C580113A067104B88C7000BA0698600D211132
S21403C590FF3207611114911010D82271073103DDA1
S21403C5A01C7200C1C81E00211411FF3111520671FE
S21403C5B00AB8D4708CB97C790298FE174110813082
S21403C5C081DC0E72076A034A076A0F4A0698181B2D
S21403C5D00298FE171410FFBC013C0698BE1B02EC23
S21403C5E000CA02EC00C902EC00CB076A3142076AB4
S21403C5F021410F3302EC00CD02EC00CA0040087262
S21403C600211302EC00CA07621142911110D92A7154
S21403C61021110F3103DD227200C1C81E002114113F
S21403C620FF31076A00230C71115308710AB8029888
S21403C630AE198CB97C79147021110F31076A02DDAB
S21403C6405A7101DD067103DD4A7200880AB906983D
S21403C650021B00902111FF32FFDE3871205438721E
S21403C660FC25187202EC00CA01DE107202EC00CA46
S21403C67018DE087288B877781A700661004004726C
S21403C680006180D90E714CBA477A06985A1B90B847
S21403C69043780298FE1704B89670FF32FF24F875A5
S21403C6A00BB90698021B2110E03001584128E875A3
S21403C6B0F83002601F32215A0125212DDA75012A2E
S21403C6C0D67602EC00CAFF20FA764111073101B88C
S21403C6D00698160D003AC071BA70004008710698A5
S21403C6E0921B0470022106B81159112DAC7500A0D7
S21403C6F000C5A81008403110036008150111076033
S21403C700076007690F30F0311140081507630363AC
S21403C7103815281507622815076228157FBA2815C5
S21403C72000BA28157FBA281590B8437818B87378D6
S21403C73000A00698CE1B11140CB900400A710064C1
S21403C7400AB90698921B03BD514400C5A8100840B9
S21403C750202A04752815481507644815181500403F
S21403C760047238150764481500A00088408800C086
S21403C770C81E002104100760073000C420000840CC
S21403C7804414412C047201244138405004720121A0
S21403C7900094009000A000C0C81E0021041007608B
S21403C7A00730074800A000C2C01E0021241221142F
S21403C7B0076AFF320CDE12710DDE0E710FDE0A7190
S21403C7C010DE0671215A00A0FF34411200A000C1FA
S21403C7D0B41E0021141100A0308806980C1E811187
S21403C7E0076102D906720298E81C88BB557B07616D
S21403C7F020D906710298D81C0088A11007680698ED
S21403C800F61B08211415FC2590BB5C7B5D7B00C1E1
S21403C8100060084014110731FE21307608D82A72CA
S21403C8205113FC23341304DB2071076BFF33315B96
S21403C83000C1087008401411076180490C71FF316C
S21403C8403029607590BB7B7B1C707B7B7C7B00DD1B
S21403C85004717D7B01BB38158113076B403306716A
S21403C86018BB717BEC25541300DF5471042505DFD8
S21403C870547154152111208806987A0D0092512977
S21403C8803E7500C100600840141102DB0C710731CD
S21403C890315B31292A760C7004DF0872006180D977
S21403C8A01E720698F61B00C0087008400698501EB5
S21403C8B00698F61B1411FFD9607202982E1D00907D
S21403C8C0009300A05415A111076910D9A672082574
S21403C8D008D8A071082510D89A71208821110698C7
S21403C8E07A0DFC255412112AF82554110C2520D84C
S21403C8F00871F0255411102520290476215918159E
S21403C900009202989A1C18B97179811010D80A718E
S21403C91088B8447800B8417888B9747908B96779D3
S21403C92000F88110A0D8087188B9497900A007607B
S21403C93002D8FA710698F61B108806988A130762BF
S21403C940076210DA087108211415F025541100C285
S21403C9500020FEFF2029127506985C1E01D90A7274
S21403C96006982E0A0698D80800941CBB41100C2083
S21403C9700698C0124111082114100698C0123128D7
S21403C980441111120761FF31FF3201221052107257
S21403C9900769181404244413042438140C70076914
S21403C9A0214118140824081402988413404414716F
S21403C9B000C1B81E002114155113036B0FDB0C7254
S21403C9C0066D0698A807411500A00698D80806988D
S21403C9D08A1308BB51140698941D4415FC25541558
S21403C9E00298EA0788B900C3B01E00213413076310
S21403C9F008DB1A718113A0DB067149791070697917
S21403CA00076302DB087208B9677900F800A0811192
S21403CA10076102D9107188B975790698F61B141147
S21403CA20FF3100A0FFB900A0041008211411F4215F
S21403CA30081100A081110761076110310E71069875
S21403CA40F61B08211411F821141100A02CCC0300A6
S21403CA5014CC030044CC03005CCC0300232D302B02
S21403CA602000686C4C0065666745464700303132E7
S21403CA70333435363738394142434445460030313E
S21403CA80323334353637383961626364656600009D
S21403CA9001020304050607282962675F6D65737341
S21403CAA061676520726563656976657273006267A0
S21403CAB06275660061636C006C6C5F636F6E6E65B7
S21403CAC06374696F6E006C6C5F6164765F73657424
S21403CAD0006761705F636F6E74657874006C6C5F7B
S21403CAE076616C696461746F72006D6573685F70FC
S21403CAF0726F765F64620062675F6D65737361670A
S21403CB006500736F66745F74696D65725F6D6573D8
S21403CB107361676500666F756E646174696F6E5FD7
S21403CB20636D64006C6C5F6164765F73796E63003B
S21403CB306C6C5F7363616E5F73796E6300676170BD
S21403CB405F706572696F6469635F616476006761CD
S21403CB50705F706572696F6469635F73796E630093
S21403CB606C326361705F636F635F6368616E6E658B
S21403CB706C006D6573685F70726F765F64625F6189
S21403CB8070706B6579006D626564746C735F636F58
S21403CB906E74657874000000AECA0300B4CA03005E
S21403CBA0B8CA0300C6CA0300D1CA0300DDCA03001D
S21403CBB0EACA0300F7CA030002CB030015CB03003F
S21403CBC024CB030030CB03003DCB03004ECB030046
S21403CBD060CB030072CB030086CB030062676275EB
S21403CBE0665F696E0062676275665F6F7574006282
S21403CBF0676275665F6E6F666C6F770062675F6D00
S21403CC00616C6C6F630062675F72616E646F6D5F09
S21403CC106165730084D103000000000074CC030038
S21403CC20010000005D9E0EDB00F0490284D1030084
S21403CC300000000098CC0300010000002CFACDBED3
S21403CC4000F0490284D1030000000000BCCC0300BE
S21403CC5001000000481E85EB00F0490284D1030062
S21403CC6000000000E0CC030001000000CA059DBDE3
S21403CC7000F0490204CD0300809C2B8F80841E00A5
S21403CC800000000027006800E00D00200000000000
S21403CC90000000000000000024CE0300809C2B8FC1
S21403CCA080841E000000000027006800E00D0020BE
S21403CCB000000000000000000000000044CF030056
S21403CCC0809C2B8F80841E000000000027006800D5
S21403CCD0E00D00200000000000000000000000003F
S21403CCE064D00300809C2B8F80841E00000000000D
S21403CCF027006800E00D0020000000000000000090
S21403CD0000000000F81F0101BCD20300340001003C
S21403CD10100000004000010020070000480001004A
S21403CD2000040000540002000D0F00000101000083
S21403CD30A000010003C0010030300100F93D1000DF
S21403CD40B840010000C0830040410100E9008800AC
S21403CD5018600400300000461F080400002000107E
S21403CD6000500A005060040018000500000A000086
S21403CD700A00800011000A0078600C000F0400000F
S21403CD8000000000140012005B948C1B00000000DF
S21403CD9001040B192C404C59605B534736251B1175
S21403CDA04AF338966745231211090000E46007002A
S21403CDB08208BA8C0000000064048207AC0DCB0C1A
S21403CDC090200600F9541C0082940AC704610300ED
S21403CDD0C7EF1100A01B00000A880000306107009F
S21403CDE04CD4E83B04196F00080E141A20262C3284
S21403CDF0383E10325476980A1D5F000014700110F6
S21403CE0000F8070014700130F800000018700200E4
S21403CE10000300006000A583707001000601020095
S21403CE20FFFFFFFFF81F01010CD3030034000100CE
S21403CE301000000040000100201700004800010019
S21403CE4001040000540002000D0F00000101000061
S21403CE50A000010003C0010030300100F93D1000BE
S21403CE60B840010000C0830040410100E90088008B
S21403CE7018600400300000461F080400002000105D
S21403CE8000500A005060040018000500000A000065
S21403CE900A00800011000A0078600C000F040000EE
S21403CEA000000000140012005B948C1B00000000BE
S21403CEB001040B192C404C59605B534736251B1154
S21403CEC04AF338966745231211090000E460070009
S21403CED08208BA8C0000000064048207AC0DCB0CF9
S21403CEE090200600F9541C0082940AC704610300CC
S21403CEF0C7EF1100A01B00000A880000306107007E
S21403CF004CD4E83B04196F00080E141A20262C3262
S21403CF10383E10325476980A1D5F000014700110D4
S21403CF2000F8070014700130F800000018700200C3
S21403CF30000300006000A583707001000601020074
S21403CF40FFFFFFFFF81F01015CD30300340001005D
S21403CF500000000040000100A00700004800010098
S21403CF600000000054000200000000000000000063
S21403CF70A0000100FF4C00003030010011491000F2
S21403CF80B840010000C0E30040410100EA00880009
S21403CF9018600400000000C61FC000000050000018
S21403CFA000D0320050600400FC006900410C000011
S21403CFB0000000001100080078600C000804000060
S21403CFC000000000BE031A0000000000000000007E
S21403CFD001040C1A2F46536168625849352014071A
S21403CFE0C491A0635644332322529224E46007007C
S21403CFF08108A1CB00000000198407059411CB48D3
S21403D00099200600016120008294EA8704610300E8
S21403D01065B611001E37000089BB000030610700AB
S21403D020E853FA00000000000000000000000000C3
S21403D0300000000000000000000000001470011053
S21403D04000F8070014700130F802000018700200A0
S21403D050000300006000278470700100C300000016
S21403D060FFFFFFFFF81F0101ACD3030034000100EC
S21403D0700000000040000100A00700004800010077
S21403D0800000000054000200000000000000000042
S21403D090A0000100FF4C000030300100E338100010
S21403D0A0B840010000C08300404101006D008800C5
S21403D0B018600400000000C61FC0010000500000F6
S21403D0C0008000005060040018000500410C0000BA
S21403D0D0080000009100040078600C008C000C002F
S21403D0E00000000014001A0000000000000000000A
S21403D0F001040B192C404C59605B534736251B1112
S21403D1004AF338966745231211090000E4600700C6
S21403D1108F0846CB0000000023086404D007CB48E2
S21403D12091200600F9541C008294EA8704610300E8
S21403D13051551100B01B000089BB00003061070089
S21403D140E853FA00000000000000000000000000A2
S21403D1500000000000000000000000001470011032
S21403D16000F8070014700130F80000001870020081
S21403D170000300006000A5837070010005410000F5
S21403D180FFFFFFFFDC1F040100000000000000009B
S21403D1900000000000000000F01F02013F003700FF
S21403D1A000000000FC1F0101000000000400020054
S21403D1B001810100000100001800020000000000C9
S21403D1C0010000002800030000000000000000002B
S21403D1D0000000003800020000000000042D0020BC
S21403D1E0A4000300FF4C0000FF4D0000FF4D0000AD
S21403D1F0002001000807000010200100AAAAAA00C8
S21403D200182001000060DA000830010013AC0001AA
S21403D210343001000100000040300100000000002F
S21403D220A04001007A27000FF44001002010000000
S21403D2303441020080080000E687000044410100F4
S21403D240C0E6524D604104000000000000000000EC
S21403D2500600000006000000146001001000000035
S21403D2602860030000000003000000000000000028
S21403D2706060020029417671000000002061010011
S21403D280FFDF00004C610100010000002070040075
S21403D290000000008200000000008001D5000000AE
S21403D2A0487002003C3D0000BC1900007470020088
S21403D2B00F9C030006E04900FFFFFFFF100000007D
S21403D2C000008000000000001CD40300FCD3030011
S21403D2D000000000201089000048E80140420F00CB
S21403D2E001080000F93D00020000000000000000F5
S21403D2F0000000000000000000000000E9410F00ED
S21403D3000000000000000000000000001000000005
S21403D31000008000000000001CD4030004D40300B7
S21403D32000000000201089000048E80140420F007A
S21403D33001020000F93D00020000000000000000AA
S21403D340000000000000000000000000E9410F009C
S21403D35000000000000000000000000010000000B5
S21403D360388EE300000000001CD403000CD4030036
S21403D37000000000E070720080DE800280841E00E1
S21403D3800101000011490002000000000000000037
S21403D39000000000000000000000000041841E00A2
S21403D3A00000000000000000000000001000000065
S21403D3B01CC77100000000001CD4030014D4030033
S21403D3C00000000018CC660080DE800240420F009A
S21403D3D001010000E3380002000000000000000026
S21403D3E00000000000000000000000005B420F0089
S21403D3F0000000000000000000000000FBD902004F
S21403D400E7180000EBBE0000E7180000B45F00005A
S21403D4105F05000028A00000C4090000193F0106AC
S21403D420041001000001010600102700000C000094
S20C03D4300000000000000000EC
S20C03D438AC01FD7F01000000BA
S21003D4404CD40300C00A00209F03000029
S21403D44CD89803000000000001000000EB880300DE
S21403D45C000000007BFE020065FE0200C0EA21010C
S21403D46C90320020C0EA2101C0EA210100800000AE
S21403D47C00F04902E803000010000201000300005C
S21403D48C0000000000000000000000000003000085
S21403D49C00000000000040000303040680000400A4
S21403D4AC070000001000020100030000000000004B
S21403D4BC0000000000000000000300000000000055
S21403D4CC000040000303040680000400070000006D
S21403D4DC1C1E00200000160064000000C2010000A1
S21403D4EC741E00200000160064000000C201000039
S21403D4FCC2010000C2010000C2010000C20100000C
S21403D50CC2010000C2010000C2010000C2010000FB
S21403D51CC2010000C2010000C2010000C2010000EB
S21403D52CC2010000C2010000C2010000C2010000DB
S21403D53CC2010000C2010000C2010000C2010000CB
S21403D54CC2010000C2010000C2010000C2010000BB
S21403D55CC2010000C2010000C2010000C2010000AB
S21403D56CC2010000C2010000C2010000C20100009B
S21403D57CC2010000C2010000C2010000C20100008B
S21403D58CC2010000C2010000C2010000C20100007B
S21403D59CC2010000C2010000C2010000C20100006B
S21403D5ACC2010000C2010000C2010000C20100005B
S21403D5BCC2010000C2010000C2010000C20100004B
S21403D5CCC2010000C201000000000000C2010040BE
S21403D5DC00400080000000000000C201C201C2012E
S21403D5ECC201C201C20100000000000000000000DE
S21403D5FC0000000000000000000000000000941172
S21403D60C94119411000000000000000000000000BC
S21403D61C00000000CEA50300200000000000000060
S21403D62C00000000000000000000000000000000E6
S21403D63CD1ED010000000000000000000000000017
S21403D64C55CF0100000000000000000000000000A1
S21403D65C4DD7010000000000000000000000000091
S21403D66CF9E50100000000000000000000000000C7
S21403D67CD14C0300000000002DEA0100000000005E
S21403D68C0000000000000000DDE9010000000000BF
S21403D69C000000000000000029EB01000000000061
S21403D6AC0000000099F401000000000000FFFFFFDB
S21403D6BCFF000000256D0300296D03002D6D03008C
S21403D6CC316D0300FFFFFFFF4D7B030058AB0300D8
S21403D6DCFFFFFFFF64AB0300617F03005D7F030066
S21403D6ECFFFFFFFF857C0200FFFFFFFFFFFFFFFF2F
S21403D6FCFFFFFFFFFFFFFFFFFFFFFFFF7583030027
S21403D70CDD8603000000000003000000482B002009
S21403D71C940D002000000000482B0020B02B0020A6
S21403D72C182C002000000000000000000000000081
S21403D73C00000000000000000000000000000000D5
S21403D74C00000000000000000000000000000000C5
S21403D75C00000000000000000000000000000000B5
S21403D76CFFFFFFFF00000000000008070A00FFFF92
S21403D77CFFFF200004000000000000000200100061
S21403D78C0000000000000000000000000000000085
S21403D79C00000A000100000000000A001E001D0025
S21403D7AC4E65766572666C616D6520435048203312
S21403D7BC2E302E323720313353657032360002004A
S21403D7CC03000300435048000200020000003235F9
S21403D7DC02000900070030332E302E3231000000D1
S21403D7EC0200080000000000000000000000020019
S21403D7FC180012003030332D3236303931332D3099
S21403D80C30303030303000000000000002000600DC
S21403D81C0500342E342E33000200010000000000F5
S21403D82C02000700000000010203040506000A00BC
S21403D83C01000000000004000100000000000200CC
S21403D84C01000000000008000600000000000000B5
S21403D85C000008004000010000000000000000006B
S21403D86C00000000000000000000000000000000A4
S21403D87C0000000000000000000000000000000094
S21403D88C0000000000000000000000000000000084
S21403D89C00000000000000001200640001000000FD
S21403D8AC0000000000000000000000000000000064
S21403D8BC0000000000000000000000000000000054
S21403D8CC0000000000000000000000000000000044
S21403D8DC0000000000000000000000000000000034
S21403D8EC0000000000000000000000000000000024
S21403D8FC0000000000000000000000000000000014
S21403D90C00000200010000000000FF7FB82038284A
S21403D91CC230533AC844F34FAC5BC167F073018013
S21403D92CC78B0E97AEA19FABC8B425BDB7C468CB47
S21403D93C5CD1AED664DB8CDF32E36EE649E9C7EB2B
S21403D94CF8EDE3EF9CF119F3610EA312D717121E31
S21403D95C6425D22D5337CF411F4D10596665E1719F
S21403D96C3E7E3D8AB9958CA09BAAD7B33BBCCBC352
S21403D97C93C863CC94D0EBD5A4DACEDE79E2B3E5C8
S21403D98C89E808EB3CED2CEF64F2BAF3E8F4F5F512
S21403D99C0040004000400040004000400040004073
S21403D9AC00800080008000806A950D020000000055
S21403D9BC000003FBC31ED007D007AA05050006000C
S21403D9CC17000E0000000000FFFF010402021F04F4
S21403D9DC01FFBF8FAF7F8700370F10100004040FB3
S21403D9EC05140A01FF03010FFF0EFE01FF28283260
S21403D9FC324B4B00044AD2F84C3143F0004330BF51
S21403DA0CC2F84C31704700BF00300E40C1D5000041
S21403DA1C99D5000000000000000000000000000084
S21403DA2C00000000000000000000000000000000E2
S21403DA3C00000000000000000000000000000000D2
S21403DA4C00000000000000000000000000000000C2
S21403DA5C00000000000000000000000000000000B2
S21403DA6C00000000000000000000000000000000A2
S21403DA7C0000000000000000000000000000000092
S21403DA8C0000000000000000000000000000000082
S21403DA9C0000000000000000000000000000000072
S21403DAAC0000000000000000000000000000000062
S21403DABC0000000000000000000000000000000052
S21403DACC0000000000000000000000000000000042
S21403DADC0000000000000000000000000000000032
S21403DAEC0000000000000000000000000000000022
S21403DAFC0000000000000000000000000000000012
S21403DB0C0000000000000000000000000000000001
S21403DB1C00000000000000000000000000000000F1
S21403DB2C00000000000000000000000000000000E1
S21403DB3C00000000000000000000000000000000D1
S21403DB4C00000000000000000000000000000000C1
S21403DB5C00000000000000000000000000000000B1
S21403DB6C00000000000000000000000000000000A1
S21403DB7C0000000000000000000000000000000091
S21403DB8C0000000000000000000000000000000081
S21403DB9C0000000000000000000000000000000071
S21403DBAC0000000000000000000000000000000061
S21403DBBC0000000000000000000000000000000051
S21403DBCC0000000000000000000000000000000041
S21403DBDC0000000000000000000000000000000031
S21403DBEC0000000000000000000000000000000021
S21403DBFC0000000000000000000000000000000011
S21403DC0C0000000000000000000000000000000000
S21403DC1C00000000000000000000000000000000F0
S21403DC2C00000000000000000000000000000000E0
S21403DC3C00000000000000000000000000000000D0
S21403DC4C00000000000000000000000000000000C0
S21403DC5C00000000000000000000000000000000B0
S21403DC6C00000000000000000000000000000000A0
S21403DC7C0000000000000000000000000000000090
S21403DC8C0000000000000000000000000000000080
S21403DC9C0000000000000000000000000000000070
S21403DCAC0000000000000000000000000000000060
S21403DCBC0000000000000000000000000000000050
S21403DCCC0000000000000000000000000000000040
S21403DCDC0000000000000000000000000000000030
S21403DCEC0000000000000000000000000000000020
S21403DCFC0000000000000000000000000000000010
S21403DD0C00000000000000000000000000000000FF
S21403DD1C00000000000000000000000000000000EF
S21403DD2C00000000000000000000000000000000DF
S21403DD3C00000000000000000000000000000000CF
S21403DD4C00000000000000000000000000000000BF
S21403DD5C00000000000000000000000000000000AF
S21403DD6C000000000000000000000000000000009F
S21403DD7C000000000000000000000000000000008F
S21403DD8C000000000000000000000000000000007F
S21403DD9C000000000000000000000000000000006F
S21403DDAC000000000000000000000000000000005F
S21403DDBC000000000000000000000000000000004F
S21403DDCC000000000000000000000000000000003F
S21403DDDC000000000000000000000000000000002F
S21403DDEC000000000000000000000000000000001F
S21403DDFC000000000000000000000000000000000F
S21403DE0C00000000000000000000000000000000FE
S21403DE1C00000000000000000000000000000000EE
S21403DE2C00000000000000000000000000000000DE
S21403DE3C00000000000000000000000000000000CE
S21403DE4C00000000000000000000000000000000BE
S21403DE5C00000000000000000000000000000000AE
S21403DE6C000000000000000000000000000000009E
S21403DE7C000000000000000000000000000000008E
S21403DE8C000000000000000000000000000000007E
S21403DE9C000000000000000000000000000000006E
S21403DEAC000000000000000000000000000000005E
S21403DEBC000000000000000000000000000000004E
S21403DECC000000000000000000000000000000003E
S21403DEDC000000000000000000000000000000002E
S21403DEEC000000000000000000000000000000001E
S21403DEFC000000000000000000000000000000000E
S21403DF0C00000000000000000000000000000000FD
S21403DF1C00000000000000000000000000000000ED
S21403DF2C00000000000000000000000000000000DD
S21403DF3C00000000000000000000000000000000CD
S21403DF4C00000000000000000000000000000000BD
S21403DF5C00000000000000000000000000000000AD
S21403DF6C000000000000000000000000000000009D
S21403DF7C000000000000000000000000000000008D
S21403DF8C000000000000000000000000000000007D
S21403DF9C000000000000000000000000000000006D
S21403DFAC000000000000000000000000000000005D
S21403DFBC000000000000000000000000000000004D
S21403DFCC000000000000000000000000000000003D
S21403DFDC000000000000000000000000000000002D
S21403DFEC000000000000000000000000000000001D
S21403DFFC000000000000000000000000000000000D
S21403E00C00000000000000000000000000000000FC
S21403E01C00000000000000000000000000000000EC
S21403E02C00000000000000000000000000000000DC
S21403E03C00000000000000000000000000000000CC
S21403E04C00000000000000000000000000000000BC
S21403E05C00000000000000000000000000000000AC
S21403E06C000000000000000000000000000000009C
S21403E07C000000000000000000000000000000008C
S21403E08C000000000000000000000000000000007C
S21403E09C000000000000000000000000000000006C
S21403E0AC000000000000000000000000000000005C
S21403E0BC000000000000000000000000000000004C
S21403E0CC000000000000000000000000000000003C
S21403E0DC000000000000000000000000000000002C
S21403E0EC000000000000000000000000000000001C
S21403E0FC000000000000000000000000000000000C
S21403E10C00000000000000000000000000000000FB
S21403E11C00000000000000000000000000000000EB
S21403E12C00000000000000000000000000000000DB
S21403E13C00000000000000000000000000000000CB
S21403E14C00000000000000000000000000000000BB
S21403E15C00000000000000000000000000000000AB
S21403E16C000000000000000000000000000000009B
S21403E17C000000000000000000000000000000008B
S21403E18C000000000000000000000000000000007B
S21403E19C000000000000000000000000000000006B
S21403E1AC000000000000000000000000000000005B
S21403E1BC000000000000000000000000000000004B
S21403E1CC000000000000000000000000000000003B
S21403E1DC000000000000000000000000000000002B
S21403E1EC000000000000000000000000000000001B
S21403E1FC000000000000000000000000000000000B
S21403E20C00000000000000000000000000000000FA
S21403E21C00000000000000000000000000000000EA
S21403E22C00000000000000000000000000000000DA
S21403E23C00000000000000000000000000000000CA
S21403E24C00000000000000000000000000000000BA
S21403E25C00000000000000000000000000000000AA
S21403E26C000000000000000000000000000000009A
S21403E27C000000000000000000000000000000008A
S21403E28C000000000000000000000000000000007A
S21403E29C000000000000000000000000000000006A
S21403E2AC000000000000000000000000000000005A
S21003E2BC0000000000000000000000004E
S80401283999
