S017000062745F6E65766572666C616D655F43532E7333378E
S21400000000000120F9340000F5340000F53400004B
S214000010591B0000F5340000F5340000F5340000EC
S214000020F5340000F5340000F5340000F534000027
S214000030F5340000F5340000F5340000F534000017
S214000040F534000015740000F5340000F5340000A7
S2140000501D6C000059740000217400002574000017
S21400006019740000F5340000F5340000F534000083
S214000070F5340000F5340000F5340000F5340000D7
S214000080F5340000F5340000F5340000F5340000C7
S214000090F5340000F5340000F5340000F5340000B7
S2140000A0F5340000F5340000F5340000F5340000A7
S2140000B05D7400001D740000818B0000F5340000A4
S2140000C099740000F5340000F1560000F534000085
S2140000D0F5340000F5340000F5340000F534000077
S2140000E0F5340000F5340000F5340000F534000067
S2140000F0F5340000F5340000F53400000348044BE6
S214000100834202D0034B03B118477047C400002057
S214000110C4000020000000000548064B1B1AD90F3B
S21400012001EBA301491002D0034B03B118477047F7
S214000130C4000020C40000200000000010B5064CDB
S214000140237843B9FFF7DAFF044B13B10448AFF343
S21400015000800123237010BDC800002000000000AE
S21400016010C0000008B5054B1BB105490548AFF3A4
S2140001700080BDE80840FFF7CFBF00BF00000000CA
S214000180CC00002010C00000A3F5803A704700BFE6
S214000190174B002B08BF134B9D46FFF7F5FF0021BA
S2140001A08B460F461348144A121A09F0B7FA0E4B3C
S2140001B0002B00D098470D4B002B00D0984700200E
S2140001C0002104000D000D48002802D00C48AFF3B3
S2140001D0008009F071FA2000290002F075FA09F093
S2140001E059FA00BF000008000000000000000000F0
S2140001F000000120C80000205C190020000000005C
S21400020000000000BFF34F8F0549064BCA6802F492
S214000210E0621343CB60BFF34F8F00BFFDE700BF24
S21400022000ED00E00400FA0510B50246F8B1114BE7
S2140002301968888890421AD39888904281BF0968C6
S21400024099600120988099889868002420B904B1A4
S21400025098604FF6FF7203E08A4203D10CB19860B3
S2140002609A8010BD0131006889B20124EEE70020B3
S214000270F7E700BF8C100020114A916A01F1704325
S21400028003F5F813B3F5006F0CD2D2F82838A3F1B3
S2140002907E62A2F58432B2F5605F03D20968094A2D
S2140002A0914203D000230370836070471968064AA2
S2140002B09142F7D1012202709A6842609B69F3E787
S2140002C00000E10FAD1007B007B0CD5E1FB50C46BD
S2140002D040B901A8FFF7D0FF044B029A1A602360CA
S2140002E00423A380002004B010BD00BF78020020C5
S2140002F0064BD3F82828A2F17E63A3F58433B3F522
S214000300605F01D2536A1847002070470000E10F73
S2140003100D4B10B4D3F82848A4F17E63A3F58433BC
S214000320B3F5605F0BD2246BA4F17E63A3F5843330
S214000330B3F5605F03D2A36B5DF8044B184740F239
S21400034001105DF8044B70470000E10F0B4BD3F82B
S2140003502828A2F17E63A3F58433B3F5605F09D243
S214000360126BA2F17E63A3F58433B3F5605F01D20E
S214000370D36B184740F20110704700BF0000E10F32
S2140003807FB50E4A03466D4602F1100610685168A6
S2140003902C4603C40832B2422546F7D15A1E04A999
S2140003A00F3311F8014D12F8010F844204D19A421E
S2140003B0F7D1012004B070BD0020FBE7389900009B
S2140003C0F8B5184E306848BB174B184C184FE41A4F
S2140003D0184B1C4424F4FF6424F00704D7F8F830C4
S2140003E09BB2B4EB832F18D2656BC5B1D7F8F83043
S2140003F09BB2B5EB832F12D2D7F8F82005F1500345
S21400040092B2B3EB822F0AD82846FFF7B9FF30B175
S214000410EB6933F0080302D034603068F8BD04F5A9
S2140004200064DBE77002002010000020C4000020FB
S2140004300081E00F67C8000010B50C4648B9FFF70A
S214000440BFFF054B10B1426B126A1A60236004238B
S214000450A380002010BD00BF74020020084B40F2AD
S21400046001121A604FF0FF329A6001225A6001446E
S21400047010F8012B9A618842FAD1D869C0437047B8
S21400048000C00140034B044A9979117500221A6096
S214000490704700BF400B0020D80A002030B500226D
S2140004A08BB01346D91003F00704415C2141CC07FA
S2140004B041BF02F128016944013201F8283C0133AA
S2140004C0252BEFD10D4C0023D91003F00705415C16
S2140004D02941C9075FBFB3FBF2F102FB1131283196
S2140004E0694448BFD9B203F1010358BF11F8281C6C
S2140004F004F8011F252BE7D10BB030BD010B0020FF
S21400050008B50348FFF7CAFF002340F8063C08BDBD
S214000510460B0020084A10B5136840F2E2446043D8
S21400052000F5807004FB013303EB5003136053683F
S2140005300344536010BD00BFD80A0020D0B50C4C51
S214000540E38C0A20584308F009FE0646A08C0F46A6
S21400055008F004FE074B002208F06AFE02460B462F
S2140005603046394608F08EFF09F074F82083D0BD77
S214000570D80A00200000F43F70B5094CB4F8071004
S214000580A079B4F80960B4F80D50FFF7C3FF054B27
S2140005909E84DD84FFF7D2FF0023236070BD00BF7A
S2140005A0400B0020D80A0020837DDB0701D5808A17
S2140005B07047D0E901239B1A44BF828A9B1898B2E1
S2140005C070470000084BD3F8F020D3F8F4300270E0
S2140005D0110A120C82701A0AC2701A0C1B0E417095
S2140005E002714371704700BF0081E00F034BD86B68
S2140005F080F04000C0F38010704700BF00300E400F
S21400060008B5FFF7F3FF20B1024AD2F8C830002B36
S214000610FBD108BD0000C64308B5FFF7F1FF024B4B
S2140006205868C0F3014008BD00300E400C4B98429D
S21400063005D90C4B984210D80122012301E0002274
S214000640134609490B640949D1F8003123F0807339
S21400065043EA0263C1F8003170470222EDE700BFAB
S2140006600048E8010090D0030000C84300400E4058
S2140006700F4B5B680F4B30B500221C46C9B21D7984
S2140006808D4202D11D6885420DD20132052A03F142
S2140006900803F4D10321064A536823F0407343EA63
S2140006A00163536030BD04EBC2046179F3E700BF19
S2140006B000000E40EC99000038B5074C0748256C42
S2140006C041F6713323640021ADB2FFF7D1FF0DB1BF
S2140006D00023236438BD00BF00000E4000F049022E
S2140006E038B5064C256C41F671332364ADB2FFF77E
S2140006F0BFFF0DB10023236438BD00BF00000E40CD
S21400070042EA0322B2F5007F10B5194C29D00AD868
S214000710B2F5807F22D040F201139A4215D062B91A
S214000720D4F81C320BE0B2F5407F1DD040F2013306
S2140007309A4210D0D4F8283201E0D4F82432C3F319
S2140007400722DBB203600A6010BDD4F824321A0E0A
S214000750C3F30743F6E7D4F82832F8E7D4F81C3298
S214000760F5E7D4F82032EAE7D4F82032EFE700BF06
S2140007700081E00F2F4B1A6FD96C11F0010F02F0B9
S214000780060242D0002A40D013284FD91438132826
S2140007908CBF102308232749013BCA6C180322F498
S2140007A07F4240EA03231343CB64234BCA6C1B8867
S2140007B0C2F303222833013202EB820003EB530319
S2140007C0B3FBF0F3C86C013B072B28BF072320F0D0
S2140007D0EE6040EA036343F48013CB64174BB3F92F
S2140007E00030002B10DB2833500800EB420203EBEE
S2140007F05303B3FBF2F30A6D072B28BF072322F03F
S214000800700242EA03130B657047D96C01F00101D0
S214000810114304D1092809D90A380928B8E7DB6C3E
S21400082013F00103B7D01AB92728B1E70423B2E7BB
S2140008300023B0E700300E405A0B0020580B002073
S21400084070B51D4DD5F82828A2F17E63A3F5843334
S214000850B3F5605FE0B001D2136B23B94FF40174B7
S214000860204660B070BD5B6A4FF4C07269460020D7
S214000870984704460028F3D140F20126D5F82828E8
S214000880A2F17E63A3F58433B3F5605FE6D2126B04
S214000890A2F17E63A3F58433B3F5605FDED2936A7C
S2140008A0002168469847B042E8D040F203239842B9
S2140008B018BF0446D4E700BF0000E10F104A0B46FD
S2140008C0D2F82818A1F17E62A2F58432B2F5605FF4
S2140008D010B40FD2096BA1F17E62A2F58432B2F594
S2140008E0605F07D20C69074A0146A44600205DF8FF
S2140008F0044B60474FF481705DF8044B704700BFAF
S2140009000000E10FD006002037B50446684680E8B0
S214000910060003C8251D85E805002373069B0B4AC1
S2140009202361BDF81C30A38200232360136853B1F3
S21400093019461B68002BFBD10C609088013080B2F2
S214000940908003B030BD1460F7E700BF4C13002062
S21400095037B50D461446FFF767FC70B1036973B1EF
S214000960818A4FF6FE72914209D10095ADF8044097
S21400097069460120984703B030BD0120FBE70E20F2
S214000980F9E7036937B514460D46828A63B14FF618
S214000990FE718A4208D100200090ADF80400694636
S2140009A0984728B103B030BD2B6000202280F9E7BD
S2140009B0009B2B60BDF804302380F3E738B50D4666
S2140009C01446FFF731FC40B122462946FFF7D9FF0F
S2140009D010B92B6803B9208038BD0120FCE7000061
S2140009E007B503790193054A0368009306CA0223F4
S2140009F00830FFF789FF03B05DF804FBD8990000C4
S214000A00034B5A6D12B95865A3F85810704700BFCB
S214000A10D80A00200C4BD3F82838A3F17E62A2F542
S214000A208432B2F5605F10B50CD21968074A91425D
S214000A3008D1074C2278012A04D11B6A984708B9C6
S214000A400223237010BD00BF0000E10F07B0CD5E8B
S214000A50E40000200C4BD3F82838A3F17E62A2F500
S214000A608432B2F5605F10B50DD21968074A91421C
S214000A7009D1074C227812F0FD0F04D1DB699847A4
S214000A8008B90123237010BD0000E10F07B0CD5E4A
S214000A90E400002008B50F4B0F4C1B784FF00055B4
S214000AA06BB1FFF7D7FF0D4B2B600123A3602368C4
S214000AB023F4E06343F480632360FFF7A3FB2B601B
S214000AC00123A360236823F4E06343F48063236078
S214000AD0FFF798FBBD06002000500E4002020FF004
S214000AE0054A08B5937E43F040039376034B0022F5
S214000AF01A70FFF7CFFF00BFD80A0020541300205B
S214000B002DE9F04105460E461146FFF74DFD884299
S214000B1028BF084687B2B846B8F1000F09D12FB1F2
S214000B20AB7DDA0744BF23F00103AB753846BDE85A
S214000B30F081AA8A2B6869689C18641AA4B2444596
S214000B4028BF44462246304608F0DAFD6B6829681E
S214000B50AA8A23440A442644934228BF0B46A8EB9D
S214000B6004041FFA84F86B60D6E7F8B51F46038ABC
S214000B7004461646EBB9C57DDDB10123013D0B7079
S214000B800222C57500F11001FFF7BAFFE37D9BB1A5
S214000B90228ABA4228BF3A4631462046FFF7B0FFBF
S214000BA0238A1B1A2382E37D13B9638A1B1A638286
S214000BB0F8BD00230B70EBE7638A2382E8E72DE994
S214000BC0F041868A04460F461146FFF7EDFC361ABA
S214000BD0B6B28E4228BF0E46B046B8F1000F0BD113
S214000BE03EB1D4E901329A4202BFA37D43F001032D
S214000BF0A3753046BDE8F081A28A2368A0689D18D8
S214000C002D1AADB2454528BF45462A46394608F056
S214000C1077FDA3682168A28A2B440A442F44934296
S214000C2028BF0B46A8EB05051FFA85F8A360D4E796
S214000C30F8B5044616461F4611B3858AFFF7B4FC7E
S214000C402D1AADB2012D29D9E37D63B1658AE0681E
S214000C5005702D0A07D02268A38A013013449842F3
S214000C6028BF1046057000236382A368E360022253
S214000C7004F112012046FFF7A2FFE37D0133E3757E
S214000C803A4631462046FFF79AFF638A034463825A
S214000C90E37D13B9238A03442382F8BD0020FCE7D2
S214000CA013B50379124A03330446019300F1440353
S214000CB0009306CA02231430FFF726FE238A019308
S214000CC0E368009394E80600237A04F12C00FFF70B
S214000CD01BFE237A22792168A4F8450004F1470018
S214000CE084F8443002B0BDE8104008F009BD00BFEB
S214000CF0E499000070B50C4C0C4B06460D4694E883
S214000D00030083E803001846FFF76AFE084BD4E9A1
S214000D10020102221A7283E80300DE601D82184672
S214000D20BDE87040FFF7BCBFA09A0000400100205D
S214000D30E80000202DE9F347DDF82880BDF82C9068
S214000D4004460E4617461D46FFF76EFA8246BAF16F
S214000D50000F01D0B44205D94FF6FF74204602B00A
S214000D60BDE8F0879AF80830DAF804009D421AD1F8
S214000D702A46394608F09AFDA8B9B8F1000FEDD01A
S214000D800DF1020201A95046FFF7FBFD58B9019983
S214000D9049B1BDF802304B4505D14A46404608F0F9
S214000DA085FD0028DAD00134DAF800A0A4B2CEE738
S214000DB038B50C4611462568AD1A2A46014408F097
S214000DC085FD256038BD000001282DE9F34704D0D5
S214000DD00024204602B0BDE8F0878B88012B40F047
S214000DE03C810B681B78FBB99E4A9F4C13609F4A58
S214000DF013709F4A13609F4A13609F4A13609F4A6E
S214000E0013609F4A13709F4A13609F4A13609F4A5D
S214000E1013702378022B01D1FFF7FCFD012323700A
S214000E209B4B00221A70D3E7032B40F003818F4BB5
S214000E308D4E1C78002C4FD13378002B00F0F280BA
S214000E408F4B1B78082B02D0402B40F08A80DFF8AF
S214000E501482D8F800305BB98E4DD5F82838A3F147
S214000E607E63A3F58433B3F5605F55D3802433E007
S214000E7013F003071CBFC7F10407FFB203EB070A12
S214000E80BAF5806F00F2D2808348DFF8F8913A46D0
S214000E901844FF2108F042FC804BD9F800501B682C
S214000EA0C8F800A00AEB05029A4200F29480704B44
S214000EB01B681D445544DFF8C4A125F4FF65DAF825
S214000EC0000025F00705854210D9291A00F50060B4
S214000ED0FFF73CFA40B185243378022B01D1FFF7A7
S214000EE099FD0023337074E7CAF80050D8F8001054
S214000EF0D9F80000FFF7E2FCD9F80030D8F8002057
S214000F00584913440546DB1B6348C9F80030FFF711
S214000F104FFF002DA0D0DEE7FFF792FCD8B9D5F83A
S214000F2028280190A2F17E63A3F58433B3F5605FB1
S214000F30D1D2126BA2F17E63A3F58433B3F5605F62
S214000F40C9D29369012101A898470028C3D14F4B05
S214000F5001221A70C0E741F20803984286D186241F
S214000F60BAE7002B60D04A4B1B78002B3FF47EAFCD
S214000F70454F3B6843B9404B494918681022FFF774
S214000F80C7F90028A8D0A6E713F003021CBFC2F1D9
S214000F900402D2B29D18B5F5806F47D84148DFF8F5
S214000FA0D480FF21184408F0B9FB3F4A3F4BD8F8DD
S214000FB000103D609B1A3E4A13443E4A13408B4243
S214000FC036D83D4BD3F8F8309BB29B020D44A3F5C0
S214000FD08053AB4201D283247EE7DFF8A090D9F895
S214000FE000001540854209D9291A00F50060FFF770
S214000FF0ADF900287FF46FAFC9F800503A68294968
S214001000D8F80000FFF784F9D8F800303A681E498F
S214001010054613442348C8F80030FFF7C9FE002DE4
S214001020A9D058E7812457E7842455E7822453E75C
S214001030872451E7042B12D1204813230221437042
S2140010400170FFF7DDFC1E4A1E4B128905329A809E
S2140010501D4A1A6042789A71BAE60D24B9E606244B
S214001060B7E600BFD00A0020D50A0020D60A002026
S214001070C4060020B4020020B0020020C0060020F3
S214001080D40A0020CC060020B8060020BD060020AA
S214001090BC0600200000E10FD0060020C806002095
S2140010A0A0020020B802002010000020C40000208B
S2140010B067C8000000F8FFFF0081E00F340B002037
S2140010C0D80A0020400B0020E10A00002DE9F84F66
S2140010D0DFF85091494BD9F80050DFF84C81471B98
S2140010E082464748C8F800701B1A4648034423F453
S2140010F0FF6323F007039F42144678D3424BD3F88E
S214001100F8309BB29B020AEB0206A3F580539E4280
S21400111070D82C44B4F5806F03D93C4B82221A70E9
S21400112063E0DFF8FCB00BEB050008F0E9FA384B9B
S214001130C9F800401A6822B9332C56D9DBF8342097
S2140011401A601B689F421FD89E421DD903F11002E9
S21400115096424AD31D44A5EB0A055D442D4A2B460C
S21400116005F1100153F8040B42F8040B8B42F9D139
S2140011702848FFF705F910B9244B8422CFE7102240
S214001180FF21284608F0CAFA234D244B286804F0AD
S2140011900304361B1E4058B907EA0300C0F5006179
S2140011A03144FFF7D3F82E6040B1184B8522B6E7DE
S2140011B0864203D9311A00F50060F2E7D9F800201C
S2140011C01749D8F80000121BFFF7A2F8D9F800203C
S2140011D0D8F800301349121B054613441048C8F8C7
S2140011E00030FFF7E5FD002DDFD1BDE8F88F074B97
S2140011F0872294E7054B832291E700BFC4000020B6
S2140012001000002067C800000081E00FD60A00200A
S214001210B0020020A0020020C006002000F8FFFF59
S214001220B8020020B8060020B402002037B5124CE1
S214001230002360600093437AD0E90021206802F022
S2140012402BFD238CDB050CD563680C4D1B7A2A78A6
S2140012509A4206D0012B06D0022B08D063681B7A70
S2140012602B7003B030BD206802F0ECFCF6E7206877
S21400127002F0EEFCF2E700BF9810002060020020AB
S21400128013B50D4B0D4C1B8AADF804300128ADF894
S214001290003004BF02238DF8043001A908BF0423E0
S2140012A0206808BF8DF8003002F0F5FB206869461C
S2140012B002F007FC02B010BDA09A000098100020B3
S2140012C0034B00221A6118680122032102F06AB952
S2140012D09810002010B5164CA37E5B0626D4FFF7A8
S2140012E0EFFFA28C236840F2E24101FB0233236049
S2140012F094F84F10A37A0B442521B3FBF1F001FBC1
S2140013001033A37223890133238163680A2101FB0A
S21400131002336360238B5A1E22833BB9A27E42F0BF
S2140013204002A276034A1370FFF7B4FB10BD00BF5D
S214001330D80A0020541300207FB502238DF806300B
S214001340064B5A8B596918680332ADF804206A4672
S21400135002F036FC009807B05DF804FB98100020F9
S21400136010B51E4C1946236986B023B3A2F10800B7
S214001370084322D101AA0321206802F01DFC6368FD
S21400138060615B7A23769DF80430DA1F534253413E
S214001390627E63F30002039BE361BDF8063062766B
S2140013A0638304F11801022023699847206801220C
S2140013B0002102F007FC06B010BD02F17F40084392
S2140013C005D10021012006B0BDE81040184712F4F0
S2140013D0A0411ABF00210320FF20F4E79810002048
S2140013E02DE9FF41194C1A4D637A0133DBB2282BE5
S2140013F028BF252320466372FFF718FF627D154934
S2140014002868D4F80C80667C4FF40073023202F031
S214001410B5FB6B68104A5B7A06F001063046D75C6F
S214001420FFF72EFF00220123009203932868CDF8D1
S214001430088002AB394602F0B9F810B1FFF740FF5A
S214001440D2E7064B2B6104B0BDE8F081BC1000204B
S21400145098100020D01000201B9A000015150000E0
S2140014602DE9FF41254CA37E5A0640D4244A218903
S21400147023F0070343F00103A37613681BB1928899
S2140014808A4200D19847A37A1E48234493F82A300C
S2140014906375FFF7CBFED4E900561B4C1B4A636806
S2140014A05B7A4FEA5608D75CA5EB56060120FFF795
S2140014B0E7FE643500964FF4807300264544ADF889
S2140014C00C306A4639462068029533468DF804602B
S2140014D08DF80E6002F076F8012205463146206847
S2140014E002F070FB35B1FFF7F5FEFFF7B9FF04B069
S2140014F0BDE8F081064B2361F9E700BFD80A00205B
S214001500400B0020E40A0020981000201B9A0000E0
S2140015107D16000002282DE9F0411DD002D80128D2
S21400152007D0FEE7032800F09E80FF2800F09B808F
S214001530F7E74E4C637C990707D5FFF7C1FEFFF728
S2140015404FFF637C6FF341036374637CDA0768D4F0
S214001550BDE8F041FFF744BF4B78DB0740F18380DE
S2140015604C68227802F00F08B8F1030F5BD0B8F190
S214001570050F78D13E498B7B03F00103B3EBD21FF6
S2140015804FD10622083104F1080008F08FF906460C
S214001590002846D1FFF794FEFFF7CEFE354D3146C4
S2140015A007465C22284608F0B9F8AB7EA5F81880F6
S2140015B043F02003AB76627E237E43EA0223AB84AD
S2140015C0627F237F43EA0223EB8494F82330C3F33D
S2140015D0040385F84F3094F82330C3F3421385F89C
S2140015E0503004F11E001B232B85FEF757FFD4F85E
S2140015F00E30E27CEB60A37C2F6043EA0223227D60
S214001600607D43EA02432B61012695F84F30AB72AA
S2140016102E75E18A3144FEF77DFFFFF721FF164B5A
S2140016201E70BDE8F081124DAB7B03F00103B3EBF7
S214001630D21FF6D1062205F1080104F1080008F0D1
S21400164035F90028EDD1094C286894F83D204FF470
S2140016500073023204F13C0102F090FA637C43F01E
S21400166002036374DDE7FFF72BFE71E7BC10002072
S21400167098100020D80A00205413002002282DE9D4
S214001680F74F0F460BD003D8012800F0D781FEE7AE
S214001690032800F0DB81FF2800F0D881F7E74E78BA
S2140016A04A68B34D16F0010661D10026AB7EB14CF8
S2140016B013F0200F12D0696D6FF34513AB76002937
S2140016C000F0C580237895F85820627043F0030335
S2140016D0A01C237008F014F800236B65A648A549E3
S2140016E0FEF762FFAB7E003818BF012060F34103AF
S2140016F0C3F3C002AB76C3F300139B0043EAC203F6
S214001700227843EA001322F01C0213436278237007
S2140017109A4C02324FF400732068D2B202F02EFACE
S214001720AB7E7F68D90709D56FF30003AB7600233D
S2140017306B60FFF701FE2860FEF700FF002E00F04A
S214001740F9803B7803F00303022B00F05F81032B44
S21400175000F09480012B40F0ED8089487D78818AE6
S214001760FEF722FF081ABC1C80B200265BE1137845
S214001770AC7EC3F3001363F382041378AC76C4F331
S2140017800011C3F3C00C8C45E0B2C3F3800AC4F367
S214001790C0040CD0544588D0AB7E84F00104E4002D
S2140017A044F0200423F028031C43AC767DE703F0C6
S2140017B00303022B18D0032B04D0012BEAD14FF0E1
S2140017C0000B12E0544508D084F00104E40044F015
S2140017D0200420F028031C43AC76AB7E81F0010188
S2140017E061F30413AB7661E7B34692F80180B8F173
S2140017F0000F0ED1544501D10026EEE7AB7E84F0F3
S2140018000104E40044F0200423F028031C43AC76D3
S214001810F2E75B48B0F81490FEF7C6FEA9EB0000AE
S21400182080B2BBF1000F03D00228B3D9023880B2D1
S214001830544509D0AB7E84F00104E40044F0200453
S21400184023F028031C43AC768045C6D92DE795F8CF
S21400185028304948A21C0DF10701FFF786F910F061
S214001860FF0018BF9DF80730227860701ABF01335A
S214001870DBB2012363F3010222702FE7BB780C2B47
S2140018800AD80C2B0AD8DFE803F03F2B58090909C1
S2140018900909600909091800142B7FD0394A127803
S2140018A02AB1162B00F09680182B00F0A28036483E
S2140018B007220270437002210DE033480C234FF0DC
S2140018C0FF320370012343708270037102220023EB
S2140018D0C2704371062103B0BDE8F04FFFF790B821
S2140018E0797A3B7A294A43EA0123938013462849AA
S2140018F043F8061BD7F80310C2F80610B7F80720FF
S2140019009A807A7A9A7115E07A7B3B7B1F4943EA84
S21400191002238B800B461F4A43F8062BD7F803207A
S214001920C1F80620D7F807205A60B7F80B201A81AE
S2140019307A7B9A7203B0BDE8F08F2A89134B053282
S2140019409A80154A1A60FA78DCE7D7F80330228CBA
S2140019500D48134003F0FF0322F0FF021343024634
S214001960092102F8011BC0F8013000235360B2E7DA
S214001970D80A002060010020A00D0020981000204A
S214001980341300205E0B0020340B0020400B002098
S2140019900105000079050000E10A0000B7F80530EF
S2140019A0B7F803202D48DB08934228BF13462B8543
S2140019B0152300216FF004046FF02702037007233D
S2140019C0817081714470C27003714471C271037278
S2140019D0092180E73A79FB782048134003F0030397
S2140019E0022B18BF01231722027043708370032155
S2140019F071E77A79B9791A4B42EA01229A80194A34
S214001A001A60D7F80320C3F8062093E716487D78B7
S214001A10818AFEF7C9FD081A80B2022838BF022064
S214001A200238BC1C80B2854284D80F482B4622461A
S214001A30314603B0BDE8F04FFFF7FAB80B4B9B7E7C
S214001A409A073FF577AF5B073FF574AFFFF742FCA9
S214001A5003B0BDE8F04FFFF703BD00BF340B002016
S214001A60400B00208504000034130020D80A002014
S214001A70EFF3108072B670470048704700F04902D6
S214001A800E49D1F8942002F00702042A0BD8022A45
S214001A900FD811D00A4BD1F80001C0F30420013052
S214001AA0B3FBF0F07047074B0548052A18BF0346FE
S214001AB0F1E74FF40043EEE7034BECE700400E403F
S214001AC0C0EA210160F5900000F0490208B5FFF772
S214001AD0D7FF044BD3F80831C3F308230133B0FB18
S214001AE0F3F008BD00400E4038B502460D46FEF73E
S214001AF07DFDE8B122B90F4BD3F80031FFF7C0FFE8
S214001B00FEF774FDA0B1FEF787FD88B1094BD3F848
S214001B100031FFF7B5FF084B402204461A610DB1AD
S214001B20FEF76EFD20460021BDE83840FEF7D8BD22
S214001B3038BD00BF00400E4000300E40044B054A42
S214001B409A60D3F8882042F47002C3F88820704761
S214001B5000ED00E00000000008B5FEF753FB7047FC
S214001B6047F6FF739A42F0B56CD006296CD8374B0F
S214001B705B5C022B68D8364D05EBC304DE00A1780B
S214001B8015F83330012938BF0121012B13D1E07835
S214001B900025401A854202D30844C0B2F0BD431B5C
S214001BA0A0EB5303666836F913609642CCBF03F188
S214001BB0FF301D46EEE760680028EFD0B0F9004021
S214001BC0A24204DCB0F902409442B8BF14468388AF
S214001BD0FF2B04BFB0F90630B0F9087035440FBFCC
S214001BE001220022C82328276E781B1B93FBF7F3DD
S214001BF013441BB29E4201DD002B01DA731E1BB29A
S214001C004FF47A7C00EBC3055F1CEA88AD6814FBD2
S214001C1002521D463BB222EAE2729E4202F15C028A
S214001C20B2FBFCF204DD00EBC307BF88BA42E9D979
S214001C3000EBC5039888904228BF1046884238BFFC
S214001C400846AAE7FF20A9E70020A7E7149A0000A5
S214001C50600B002038B5C0F30323013B04460D4655
S214001C60092B11D8DFE803F0053611103A312C1095
S214001C701D191C4BC0F3043403F1424303F58013D3
S214001C8004EBC304A400256038BDFFF71FFFFEF772
S214001C90CDFCC4F30434144BEEE7144BC0F3043409
S214001CA0EAE7134BC0F304344FF480320D49D1F801
S214001CB04401C007E0D4D1F840011042FBD1DBE775
S214001CC00C4BC0F304341022F0E70B4BC0F3043483
S214001CD00122EBE7094BC0F30434CDE7084BC0F311
S214001CE00434C9E700400E40B8400E4050410E4054
S214001CF0F0400E40E8400E40E0400E40C0400E402F
S214001D00B0400E402DE9F74FDFF82C91464E99F87B
S214001D100040019107461546002C41D1434ADFF8A2
S214001D2014A1D2F8F83042489BB29B02A3F5805328
S214001D30CAF80030D2F8F8309BB29B02A3F50063D5
S214001D400121CAF80430FFF785FFDAF80000082101
S214001D500430FEF783FBDAF800301B68984208BFB1
S214001D60DAF80030DAF8040008BFD3F804B04FF011
S214001D70080100F104000CBF0124A346FEF76EFB29
S214001D80DAF804301B6898423CD1DAF804305C6814
S214001D905C4594BF002401240123347089F8003088
S214001DA096F900305A1C29D0224A52F8233003F103
S214001DB00C094C464FF6FF7AC4F30A030833B3F512
S214001DC0006F1BD2A688564518D094F806B0201D82
S214001DD00BF10401FEF742FB22689042D84601D17F
S214001DE0B74212D008F1030808F4FE7808F1080894
S214001DF0444489EA0403B3F5006FDDD34FF0000BCB
S214001E0058460CE0013C64B2C6E72B785B45F5D338
S214001E1001985A4604F1080107F072FC012085F883
S214001E2000B003B0BDE8F08F100000200081E00F86
S214001E3000650A00640200206C0200202DE9F04FC5
S214001E40012891B004D00024204611B0BDE8F08FE0
S214001E508A88002A00F01282A54F97F800A0BAF1EF
S214001E60000F00F00D82A34D2C78002CECD1A24B75
S214001E7009681C78002CE6D1A04E306802EB0008FA
S214001E80B8F5806F02D982242C70DDE7DFF88492E3
S214001E90484407F035FCBAF1020FC6F8008039D086
S214001EA0B8F1030FCFD99648FEF7E6F90178D9F8CE
S214001EB000204368012945D1190E012903D1C3F337
S214001EC007430A2B46D98F4B9A4240F0DD80836841
S214001ED0DA033DD502233B70FEF7BCFD8A4BD3F8F0
S214001EE02828A2F17E63A3F58433B3F5605F0BD296
S214001EF0126BA2F17E63A3F58433B3F5605F03D261
S214001F00936809A900209847804B099A1A60804B6D
S214001F100A9A1A60DFF80C92336899F80020082AAB
S214001F2001D0402A4ED1DFF8F0817948D8F8001069
S214001F30006803F0030ACA18A2EB0A0282420BD911
S214001F408324A1E76F4CA2420CBF862484249BE71F
S214001F50862499E7882497E76C4ADFF8CCB117689F
S214001F60DBF800001F440F44A7EB0A0727F4FF67BF
S214001F7027F00707874209D9391A00F50060FEF7EF
S214001F80E5F908B185247FE7CBF800703168D8F80A
S214001F900000A1EB0A01FEF791FC3268D8F8003089
S214001FA05649A2EB0A02074613445A48C8F80030BE
S214001FB0FEF7FEFE002FE5D199F80030002B7FF4E7
S214001FC042AF01E0002A61D133687F2B7FF63BAF3A
S214001FD0DFF84881DFF854B1D8F80000F0B94A4B72
S214001FE0D3F82878A7F17E63A3F58433B3F5605F52
S214001FF00ED20A9009A8FEF73FF90A9B1A0E74D073
S214002000012A03D1C3F307430A2B6ED9BB6B98474B
S214002010CBF8000007F042FCC8F800003A4FD8F8AA
S2140020200000D7F82828DBF80010A2F17E63A3F59D
S2140020308433B3F5605FA5D2936A98470028A1D190
S214002040D7F828783268D8F800A00392A7F17E6304
S214002050A3F58433B3F5605F16D2079006A8FEF7A3
S2140020600BF9079B190E0FD00129039A03D1C3F36E
S21400207007430A2B08D905AB00937F6B254909ABAC
S2140020805046B847002853D08424FDE622490A6803
S2140020901A440A60214A10681B4AD2F82818A1F18F
S2140020A07E62A2F58432B2F5605F05D31349194803
S2140020B01A46FEF77DFE16E0CF6A164A1849B8475C
S2140020C032680E4907461348FEF772FE40F20323B5
S2140020D09F4203D1084A01231370B4E640F201235D
S2140020E09F423FF469AF8024CEE64FF4C0708FE77E
S2140020F0D50A0020D60A0020BC060020D00A002000
S2140021007C020020EB17A6030000E10FC4060020A7
S214002110C8060020D0060020CC0600209C02002026
S2140021208C020020D40A0020C0060020880200206E
S2140021309DF8243089F8003023B9059B13B140235D
S21400214089F80030FEF73CF9074658B3D0F834A0BB
S21400215099F80030002B3FF476AE00220692042257
S2140021608DF8132006A90DF1130235200393FFF70F
S214002170C9FD069AD30719D5039B082B14D0BAF1CC
S214002180000F13D0534610220CA903F12800039326
S21400219007F08CFB20B9039B0A9A1B6A9A4205D863
S2140021A0892471E68246D3E7364BECE797B14FF4C5
S2140021B000613846FEF7CAF800287FF4E3AE2AF43A
S2140021C0FF604FF4006120F00700FEF7BFF800281C
S2140021D07FF4D8AE99F80030082B01D0402B0FD1F1
S2140021E0294B2A4A186820F4FF6323F007034FF4AC
S2140021F000611360FEF7AAF800283FF424AEC1E69B
S214002200234F244BDFF89C907B60D9F82828D8F819
S2140022100000DBF80010A2F17E63A3F58433B3F56B
S214002220605FBFF4AFAE936A984700287FF4AAAE0B
S214002230D9F82828D8F800003368A2F17E61A1F505
S2140022408431B1F5605FBFF431AF3946D2F82C80E7
S214002250114AC0473268114907460F48FEF7A8FDE5
S21400226040F203239F4203D10D4A01231370EBE58E
S21400227040F201239F423FF4E6AD34E70D24E3E548
S2140022808124E1E5449A0000C4060020C006002030
S2140022908C020020CD100000D0060020D00A0020BE
S2140022A0BC0600200000E10F00F00F0001380728F0
S2140022B052D8DFE800F004152251313951412C4B39
S2140022C0D3F8943003F00703023B052B06D8DFE86B
S2140022D003F04B29410305450B2070470520704746
S2140022E0234BD3F8803003F00703013B042B17D8A9
S2140022F0DFE803F01830163638001D4BD3F884306C
S21400230003F00703013B042B0AD8DFE803F00B2396
S21400231003292B0006207047154BD3F88830E2E7D8
S2140023200120704703207047114B1B6F13F0010FFD
S2140023300CBF0720092070470D4BD3F85C3103F023
S2140023403003202B10D0302B10D0102B0CBF0720C2
S2140023500120704702207047002070470C2070470D
S2140023600A2070470D2070470420704708207047E9
S21400237000400E4000B962B6704700002DE9F041FB
S2140023800D4F06460D4614460CB9BDE8F081EFF336
S214002390108872B623462A4631463846FEF748FC71
S2140023A003464046FFF7E6FF002BEDD0E41AA4B242
S2140023B01D440026E8E700BFA00D002013B500234B
S2140023C001F10804ADF80430ADF8060021461A46BF
S2140023D051F8080C083170B90BB1ADF8042004228E
S2140023E00DEB020101200834FFF7C8FF54F8101C5B
S2140023F039B902B010BD51F80C3C1A4492B2012310
S214002400E6E734F80C2C0020EDE700007FB501303D
S214002410002380B2CDE90101CDE904336946044BBF
S214002420009304200392FFF7C9FF07B05DF804FB92
S21400243020110020EFF3108072B67047FFF79ABFA6
S214002440064A074BD3F88039136F23F0070303437C
S2140024501367044B1888FEF78DB900BF00300E4096
S2140024600000C6435C0B00200D4AD2F8E430D2F8D8
S214002470E0109B0003F03C03C1F381110B43837013
S214002480D2F8E03003F03F034370D2F8E830D2F8D9
S214002490EC2003F0F003C2F30312134303707047FB
S2140024A000FF0FE0F7B507460C461546072800F272
S2140024B0B180DFE800F02B3341463AAFAF0401A805
S2140024C0FFF7D2FF9DF80530012B03D89DF80430A6
S2140024D0022B1AD9002C40F09F804FF400410E24A6
S2140024E00F235F4801220166A240D0F890101142E7
S2140024F0FBD1002D00F08E800122594902FA03F329
S214002500D1F890201A42FBD184E0FEE7002940F083
S21400251089804FF4007108240923E2E7002940F07F
S2140025208680802106240723DBE7002940F083808D
S214002530202104240523D4E741B9082102240323DB
S214002540CFE700297BD102210123CAE7444A536A18
S21400255013F0300F77D1434BDB6B536AD80741BF7C
S214002560536A23F0300343F0100353620426022319
S21400257003213B4A16663C4A13449B001868002811
S214002580FCD0002D46D011448D002B68002BFCD0CB
S214002590022F3FD1002C3DD0314B5A6AD10756D579
S2140025A04FF48062C3F8A82020225A665A6A12F0B6
S2140025B0300F0CBF4FF440024FF40002D3F89010D7
S2140025C032EA0101FAD1520201D5D3F8A030244CE8
S2140025D0012200210220D4F89C70FFF763FFD4F894
S2140025E09030636A23F0300343F010036362C7F34E
S2140025F00A07216B1D4BFA0903320F2A03EA01036F
S21400260028BF0F223B4343EA0273236326662B68E8
S214002610002BFCD003B0F0BD4FF480460E230F21F4
S2140026200024A6E74FF4807608230921F8E7402621
S21400263006230721F4E7102604230521F0E70126E8
S21400264000233146ECE7042602230321E8E75A6A12
S214002650D3F8902002F44002B2F5400FF8D1B4E768
S21400266000400E4000300E408004F21000F8FF0FCD
S21400267010B500211048FFF737FA1048FDF7D6FFCF
S214002680012211460220FFF70DFFFEF715F8FDF7B1
S214002690B7FF0B4B02225A67FFF7F2F9FDF7C6FFAA
S2140026A0FFF714FA0446FDF7B7FF01462046BDE8DB
S2140026B01040FEF715B800BF00F049020148E801D7
S2140026C000400E40000000002DE98048144B5B6877
S2140026D05E05A3B028D44FF0005300221A601AA853
S2140026E0FDF7CAFDFDF76CFE28B3446BFEF7B2F9A2
S2140026F01C9B5D0740F1E881FDF762FEFDF7F8FDE3
S2140027000446FEF787F9B4B1FDF75AFE0446FDF716
S21400271057FE044B986023689D46636898470AE016
S21400272000500E4000ED00E04FF000531A68022AF9
S214002730D1D100221A60BFF35F8FC94B5A6A22F4C8
S21400274080325A62D3F8942022F00102C3F8942013
S214002750BFF34F8FBFF36F8FC249C34F0A68C34D95
S214002760C3F898204FF00050C3F89C00C048C3F848
S214002770A000AF4202F1010008604FD07E1E731B1E
S21400278043EA530343EA930343EA131343EA132348
S21400279043EA13430133B3F5807F38BF4FF48073A9
S2140027A05C422C4003EB040C674500F2AF81072B1C
S2140027B0ACEB07074FF0010C8CBF4FEAD30E4FF07F
S2140027C0200EB7FBFEF70CFA07F7013FFFB2361BE9
S2140027D02D1BB3FA83F3B5FBFEF5B6FBFEF6664497
S2140027E00CFA05FC07FA06F60CF1FF3CC3F11E03D3
S2140027F04CEA060C5B000CF0FF0C03F03E0343EAC9
S2140028000C23974D43F0407343F001130232C5F892
S2140028109800C5F89C40C5F8A0300A60BFF35F8FEB
S2140028208F4B0522C3F894205A6A42F480325A62CB
S214002830BFF34F8FBFF36F8FBFF34F8FBFF36F8F13
S2140028408C4B01225A641A681AAF42F480721A60DE
S2140028503846FFF709FE9DF86930012B03D89DF82E
S2140028606830022B0DD9844B4FF41872C3F88C22B3
S214002870824AC3F89022824AC3F8F022814AC3F8FB
S214002880F822814BD3F8A42142F4F842C3F8A421DD
S21400289002229A639A6B02F00F02022A40F04C81E1
S2140028A0DA6C22F0405222F0010242F00102DA64B1
S2140028B0D3F8E02042F44072C3F8E020734A0F21B8
S2140028C01180DA6E42F08072DA66714BD3F88009B6
S2140028D000B10420FFF7B4FD6E4B6B4EDFF8C081ED
S2140028E0C8221A806C4BA0220F204FF0000B1A80D3
S2140028F0FDF740FF694BB365CDE912BBCDF868B074
S214002900C7F804B0D8F818325FFA83FAC3F3072979
S214002910CDF850A0CDF87090F56CC5F301752B4638
S2140029205A46394612A8FDF7EBFED6F8E040C4F347
S21400293001245A461BA913A82346FDF7E1FEA9EB7E
S2140029400A024FF4167C0CFB02F2B2FBFCF2524475
S2140029509145DDF868E01299DDF86CA01398C0F098
S214002960EB80AAEB00030CFB03F3B3FBFCF3C018ED
S2140029702CBF01235B468245C0F0DE80002B40F072
S214002980DB80AEEB01030CFB03F3B3FBFCF3C918CF
S2140029902CBF01235B468E45C0F0CE80002B40F056
S2140029A0CB80F36D23F4FE4323F0020343EA0223B5
S2140029B0F365022DD8F8302200F0AA80032D00F02F
S2140029C0AA80012D14BFD2B2C2F30722120312F45A
S2140029D0702F40F0B1802C4DEB6E23F47043134300
S2140029E0EB662F4B022CD3F8302200F09680032C97
S2140029F000F09680012C14BFD2B2C2F30722120355
S214002A0012F4702F40F098801F4BD3F8E04024F467
S214002A1070442243C3F8E0205A6E814238BF014614
S214002A20E72922F4FF7228BFE72122F0010242EADA
S214002A3041025A66DA6B42F48062DA634AF6E8527A
S214002A40596B5A639A6FD407FCD41B6C104A13F068
S214002A5003036BD00123C2F8B43A0B4B22E000BF4D
S214002A6000ED00E0540B0020BC000020BC0000205D
S214002A703900011300000E4000400E409A6F05001A
S214002A80180100040084320800300E405C0B002061
S214002A900000C6435A0B0020580B0020372110B701
S214002AA00081E00F9A6FD007FCD41A6C22F0030264
S214002AB01A649A6F12F00102FBD11A480129C0F875
S214002AC0B42A08BF5A6333E014B9FDF7A3FF32E611
S214002AD0154AD2F8F8309BB2B4EB832FF5D2D2F871
S214002AE0F82004F1500392B2B3EB822FEDD82046C3
S214002AF0FDF746FC0028E8D0636913B9FDF78AFFA6
S214002B0002E69DF86830012BF8D1F5E55B0047E654
S214002B10C2F307425AE7120E58E7C2F307426EE7BF
S214002B20120E6CE70000C6430081E00FC2F8B43A0C
S214002B30C74B0122C3F89427C64CC74E1120FFF797
S214002B40B3FB002102200122FFF7ACFC636A23F0EE
S214002B5001036362C14B0025C3F8A054A36A23F0A7
S214002B60070343F00603A362BD4BE362226BBD4B33
S214002B7002F07F6213432363BB4B6363FFF778FD6A
S214002B80BA4B304601211B68FEF7AEFFFDF744FD49
S214002B9001463046FDF7A4FDD4F80001C0F304203A
S214002BA00130B6FBF0F0FDF741FD01221146022090
S214002BB0FFF778FC636AAE4E43F040536362D4F886
S214002BC0C83043F00103C4F8C830AA4BD3F8D83055
S214002BD0B365042404AA06A935208DF8104006958E
S214002BE0FFF790F806238DF80F30069B8DF80E4001
S214002BF013F4803F07AC00F0548205232246B16DE3
S214002C0002F8011B013BFAD29DF8213063F03F0326
S214002C108DF821309DF8223043F001038DF82230E4
S214002C20954B5C60954B964A9A604FF000084FF4BF
S214002C3080715961C3E90022A3F81080914A924B33
S214002C409248934DA3F81080C3E900229A60596118
S214002C5000F0DDFC8E488F4C8F4E00F05AFF0FCDF3
S214002C600FC495E80F0084E80F008C488C4B036077
S214002C7041468C4B436000F06FFC73A3D3E90023FE
S214002C803060CDE900234FF0FF334FF0FF3200F005
S214002C901AFF02224FF0FF313068774C00F015FF24
S214002CA094223C23CDE91A321C9339469623306889
S214002CB01D93CDE91E88CDF8808000F02FFDB0462C
S214002CC07949306800F014FF306800F0B8FFB4F9B6
S214002CD0001058F8080B00F020FF6468002C40F045
S214002CE0F9814046FDF76EFCB37B64F30003B373D3
S214002CF06E4BDFF8F0A16E4D4FF0200983F801937C
S214002D0083F8049383F8069383F8079383F8059370
S214002D1083F8089383F81D93664B5A2200211846C1
S214002D2006F0FCFCA0F10A04634B636042F21072EA
S214002D30E26042F20153614A40F80A2C2381604A5D
S214002D404FF490733384012313700022CAF80020D6
S214002D501B222A800DF10D0103AA3E208DF80C30AF
S214002D60FEF7D0FF11230DF10B020DA936208DF8CA
S214002D700B30FEF7C7FF0DF10A02394639208DF8F1
S214002D800A90FEF7BFFF002835D14E4B9DF80B206A
S214002D9018681B791A903B71002A00F0A4811B2A40
S214002DA028BF1B22531D8DF80A300DA9531C0DF1A8
S214002DB06D008DF86B3006F0A3FC12A8FDF702FC40
S214002DC0414A9DF80A301288FA5222A99A1C51FAF2
S214002DD082F21298BDF84C1042F8200C22F81C1C07
S214002DE003F1080222A951FA82F20933002102F8FF
S214002DF0201C8DF80A3020230DF1090212A93A2072
S214002E008DF80930FEF77EFF48B9304B5A8A1B7D95
S214002E108DF84A300323ADF848208DF809302C4B46
S214002E202C4800224FF00209C3E900222A4B036017
S214002E3080F80490FDF7D4FD2848294B0360102342
S214002E40037280F804904FE008550051000000001F
S214002E500000C64300400E4000F049020000C84390
S214002E602000050007450BD047A0020000300E40AA
S214002E70005008400081E00F58130020A00D0020ED
S214002E80A00C0020A00B002034130020690345ECA2
S214002E90C49A0000600B002098100020900B0020C1
S214002EA061130000800B00201200002000E100E00B
S214002EB028110020C610002055555500D6BE898E14
S214002EC05E0B00204999000053990000A09A00006C
S214002ED04C1300203C0E002056990000E40D002004
S214002EE05999000030130020FDF7DAFEB448B54BC0
S214002EF00360B54B80F80490C36080F80890A0F893
S214002F001090CDE900394B4690E806001430FDF7E6
S214002F10FBFC9DF80B10002900F0F0800DA8FDF7D3
S214002F20E9FEAA48AA4B03604FF0100980F8049007
S214002F30FDF756FDA748A84BA84A03604FF6FE7B50
S214002F4008230372C260A0F810B080F80490FDF762
S214002F50A7FEA348A34A02600C220272A24AC260DD
S214002F60A0F810B080F80490FDF79AFE9F48A04A9B
S214002F7002604FF0020B9F4AC2600823038280F86B
S214002F80049080F808B0FDF78BFE9B489B4B0360CF
S214002F909B4BC3600123038280F8049080F808B03E
S214002FA0FDF77EFE9748984B0360984BC3604FF63C
S214002FB0FE73038280F8049080F808B0FDF770FE78
S214002FC09348944B0360944BC3604FF6FE730382A2
S214002FD080F8049080F808B0FDF762FE8F4B904AA8
S214002FE01A604FF6FF729A809DF80A20202A05D8AC
S214002FF0931D8C486375394606F082FB9DF80920C0
S214003000202A06D8931D884884F83D3012A906F079
S21400301077FBFEF755F9227C617CB2FA82F35B09F6
S21400302063F30001237D617462F30303B27B02F055
S214003030010262F386132375637D0BB9062363755D
S2140030407A4BB8F80410B068C4F81600998094F863
S2140030503C30042161F3030362F3861384F83C30AA
S21400306094F83D3013B9062384F83D30704BB068B1
S214003070B8F80420C4F83E009A80FEF7B1F96D4E09
S2140030806D4B1B7833B1DFF8C0814046FDF78CFAF4
S214003090002836D1694A136923F00403136130BF50
S2140030A0EEE70DF10F0221462C20FEF72BFE00283E
S2140030B03FF4B8AD0DF10E0205A93C20FEF722FE46
S2140030C018B19DF8140000F001009DF8223060F35E
S2140030D00003A3E52068B060A288A37988F80630CC
S2140030E0A8F8042004E608238DF80A30544B1A8802
S2140030F09B78ADF86D208DF86F305EE65048032162
S2140031000DE7EFF3108472B600231A460DF1110195
S2140031104046FDF72AFD2046FFF72CF99DF81130B2
S21400312013B10023CAF80030DAF80020EFF3108459
S21400313072B6C2F501739BB232440DF111014046DE
S214003140FDF713FD03462046FFF714F9DAF80020D2
S2140031501A44032ACAF8002097D93488231D9A42B5
S21400316093D307D8708804284FF0000306D00628AB
S21400317000F0AC810023CAF8003086E732796B8015
S21400318004F1FF39122A1FFA89F95FD8012A60D99B
S214003190931E2C4F102B5CD8DFE813F05D005B000D
S2140031A073005B008C005B0023015B00C0005B00CB
S2140031B05B005B005B005B0050015B00F00000BF43
S2140031C0B80D00205C990000B69A00006C10002034
S2140031D05F9900001410002070990000C90D0000CF
S2140031E0BC0F0020819900003D1E0000640F0020E7
S2140031F092990000959A00000C0F0020A3990000F9
S214003200949A0000B40E0020B4990000CD0200008D
S2140032105C0E0020C5990000390400008C100020C8
S2140032204C130020D810002000110020D2100020DF
S214003230FA1000202C1100205413002000ED00E0AE
S2140032404F9900002011002034130020522A00F06D
S214003250B580062289E0B9F1020F40F03581B6F854
S21400326005400022B4F5007F28BF4FF40074032306
S214003270114648463B70A7F80140FFF7C7F82C8078
S21400328078E7B9F1040F70D1B6F80540A0B2FCF7A4
S214003290CBFF60B1027A7C80022A4FF005010CBF9A
S2140032A001230223397041687B70032057E06C804D
S2140032B00A225AE0073CDFF838B2CDF800B0A4B2D4
S2140032C00194B6F80710B6F805000223ABF1020227
S2140032D0FDF730FD4FF6FF794845044604D1736884
S2140032E0C3F30F236B80E3E700230130CDE90033FF
S2140032F0ABF102020223494680B2FDF71BFD4845AA
S2140033001CBF00F1FF3080B207233B70A7F80140D6
S214003310A7F8030000221146042020E0B9F1020FAE
S21400332040F0D280B6F805B01FFA8BF42046FCF7C2
S2140033307BFF002839D0037B990713D52B880DF126
S2140033401202013B09A92046ADF81230FDF736FB04
S214003350024670BB0B23BDF8122009993B70FFF79D
S21400336055F807E74A46A5F802B05D4B30796988FC
S214003370587001241C7059801A71CBE7B6F805B056
S2140033801FFA8BF94846FCF74FFF70B1037B1A070C
S2140033900DD5E21E92B253494846FDF7D9FA0246C9
S2140033A038B913233B700146D9E70122DBE7032235
S2140033B0D9E77368C3F30F236B80D6E7B6F80570BA
S2140033C03846FCF731FF00283FF4D4AE037B5B079A
S2140033D07FF5D0AEE21E434992B23846FDF7B8FA02
S2140033E0C8E6631F9BB2022B01D0102B6CD10022C3
S2140033F0CDE90022DBB23C4AB6F80710B6F8050065
S214003400FDF798FC4FF6FF73984204463FF467AF0B
S2140034102B880DF11202043B09A9ADF81230FDF716
S214003420CDFA024608B16C809FE7BDF812200999D4
S2140034307C8009233B70931C7B7036E7053CA4B266
S214003440022C01D0102C3FD14FF0000BCDE900BB71
S214003450E4B2B6F80710244AB6F805002346FDF78E
S21400346069FC4FF6FF71884281463FF438AF013061
S21400347023461D4ACDE900BB80B2FDF75BFC2B88D6
S2140034804FF6FF7188420446A3F1060318BF00F109
S214003490FF340DF1120209A9484618BFA4B2ADF8D0
S2140034A01230FDF78BFA024610B1A5F802905CE7E1
S2140034B0BDF812200999A7F8029011233B70131D3E
S2140034C07B70BC8005204AE704224EE7CDE90B332B
S2140034D0064B099309A902230A93FEF76FFF49E6F4
S2140034E02011002033110020351100201800002084
S2140034F037110020FEE7000008B5FEF71FFB124B51
S21400350012498B4212D3124B124900208B4218D319
S214003510FCF73EFE186850F82240586840F82240F3
S214003520013298688242F5D30C33EAE70022F8E7C6
S2140035301C6844F8220001325C68A242F8D30833C3
S214003540E4E70022F8E700BF1CC0000028C0000027
S21400355028C0000028C00000F8B50D4610B90024A9
S2140035602046F8BD0E4F3E68002EF8D100F052F807
S21400357004460028F3D0386000F0A8F8204600F093
S21400358074F838B130463E6000F0A0F8204600F0EF
S21400359067F8E4E7002DE3D02046A847E0E700BF41
S2140035A0601300200846114600F0A2B810B505F0DA
S2140035B003F920B9024BBDE810401B68184710BD40
S2140035C02800002010B500F082FA20B9024BBDE8B2
S2140035D010401B68184710BD2800002070470000E8
S2140035E0431E033306D8044B984228BF1846642867
S2140035F038BF6420704700BF40420F00431E012BB7
S21400360003D9031F5842584170470120704700F005
S21400361093BE0000F8B50546FEF72AFA0F4B1E6863
S214003620074626B93846FEF7A5FE344611E0B468CC
S2140036308CB194F810C01CF0010F0CD195E80F0067
S2140036404CF0010C84E80F0084F810C03846FEF7F2
S21400365091FE2046F8BD3668E3E700BF2000002054
S2140036604FF4A472002106F059B810B500210446A4
S21400367000F03CFA2046BDE8104004F089BE000089
S21400368038B505460C4641B10B6833B11B680133AB
S21400369003D0CB680BB18B684BB900F04BFEBDE88E
S2140036A038404FF492724121002000F0A3BA084639
S2140036B000F045FE0023044A85F8DC30C5E92343C4
S2140036C0C2E9003338BD00BF6813002010B50446B9
S2140036D018B9054B054A136010BD04F075F8D4F808
S2140036E09830002BF6D1F4E7DD3500001C000020F2
S2140036F010B50C4604F0A6F8054B00215B680320C5
S21400370098471CB105F0A6F80128FBD110BD00BFF4
S2140037102800002004F0F2B904F006BA08B5024604
S2140037200868FFF75DFF08604868FFF759FF4860C4
S2140037308868FFF755FF8860C868FFF751FF0B6978
S214003740C860581C03D00B48834228BF03460B6151
S2140037504B69581C03D00748834228BF0346886934
S2140037604B61FFF73DFFBDE808408861104604F056
S2140037706DBE00BF40420F002DE9F84FD0F89030E4
S21400378006460F4613B1038B8B4246D0D6F88CB054
S214003790BBF1000F44D0DBF80830002B40D0DBF83C
S2140037A00C1000293CD0D6F8A0A0BAF1000F3AD0F1
S2140037B04FF000094D46C84601E0DBF8083005EB3F
S2140037C0C50203EB82040135E389BB4216D8238A7F
S2140037D0BB42304612D3B4F91230B6F924109942DF
S2140037E0A04603EAE37255DD96F8D010FEF7B8F966
S2140037F0337D834281464DD9DBF80C108D42DCD3F5
S214003800B8F1000F40D00023424619463046D04754
S2140038103783C6F8908086F8D9900020BDE8F88FE8
S2140038200320BDE8F88FD1465446524647F6FF754A
S21400383004EBC40803EB8808B8F80E30BB421DD86A
S214003840B8F81030BB4219D3B8F91220AA4202EADF
S214003850E27207D14FF0FF093783C6F8908086F8EA
S214003860D990DAE796F8D0103046FEF779F9337D2E
S214003870834281464246EFD9DBF80C100134A14260
S21400388004D9DBF80830D3E70120C7E7002AFBD0CD
S2140038909046E1E7A046B6E72DE9F04782B0044639
S2140038A08946164604F096FF3B4D08B100236B6030
S2140038B02B68D4F88CA0D4F890700BB153454BD03D
S2140038C04FF00008C5F8089004F0C4FF012836D170
S2140038D02B68DAF800103A6813B11868884246D0A8
S2140038E0204604F097FCC5E900A7D4F8A0508DF850
S2140038F00760002D42D000220DF107031146204636
S214003900A847204604F070FA0546B8F1000F00D02C
S2140039108EB1B5FA85F040F2DE324009332100F070
S21400392069F93146204604F081FC1C4B05461B68AD
S214003930394620469847284602B0BDE8F087012061
S21400394003F080FF164B00215B680320984704F0C5
S21400395081FF0128FBD1BBE76B68002BB0D0BB42D0
S214003960AED1AB68994514D04FF00108AAE7696854
S21400397011B109689142B6D05968B1E7217D94F833
S214003980D930994228BF19463246204604F0C2F97B
S214003990B7E70025CFE700BF681300201C00002013
S2140039A028000020F8B505460E46FEF761F83146B9
S2140039B007462846FFF7E0FE044620B13846FEF7E5
S2140039C0D9FC2046F8BD04F004FF224631462846BE
S2140039D0FFF762FF04460028F0D195F91030002B5F
S2140039E0ECDA284605F0BFF80028E7D02246A97D85
S2140039F0284604F005FF0446E0E700BFF8B5054694
S214003A000E46FFF73DFED5F88C307BB15B696BB197
S214003A1001F0D2FCD5F88C305B691B1A584240F294
S214003A206B124FF04201584100F0E4F8F7680022AC
S214003A304FF6FF734FF0240CD0B2B84208D31C46A2
S214003A4021462846FFF7AEFF00F07EFC2046F8BD74
S214003A50B1680CFB0011CC899C4202D2002CEFD03E
S214003A6023460132E8E7008B70470A7838B50546EA
S214003A701046FFF7C3FD60B14C782046FFF7BEFD49
S214003A8038B12243530704D42846BDE8384004F032
S214003A9079B8012038BDFFF7E8BF10B504460878AE
S214003AA0FFF7ACFD58B14A781046FFF7A7FD30B1D6
S214003AB0042A04D02046BDE8104004F09BB801203C
S214003AC010BDFFF7EABF03F03DBE03F097BF70B529
S214003AD004460D461646FFF765FF30B932462946BE
S214003AE02046BDE8704002F0C1BD70BD04F080BE47
S214003AF038B5044648880D4600F01FFCD4F8A030C0
S214003B002BB929462046BDE8384004F0A9B8022063
S214003B1038BD00F013BC04F05DB973B50446002050
S214003B200D4600F00AFCD4F8A06069462046FFF770
S214003B30F2FF5EB99DF800102A462046FEF710F800
S214003B400146204604F012F902B070BD00231A4662
S214003B5029462046B047F7E738B505460C46FDF738
S214003B6087FF2B6B1C40EB6A2343EB62FEF702FCDD
S214003B70211E18BF01210020490238BD04F0E0BA1A
S214003B8004F0FFBA07B54FF400730A49ADF80630E3
S214003B900DF10602FFF7F4FFBDF80630B3F5007F1F
S214003BA005D1022808BF002003B05DF804FB012001
S214003BB0FAE700BFC01400200846114600F0E0BA3D
S214003BC004F0AABA38B50446154609B104F0F7FA67
S214003BD025B12046BDE8384004F0F4BA38BD0000F0
S214003BE0024B1960024B1860FEE700BF240000205D
S214003BF0C016002008B550B90548064B01601A608B
S214003C00054B1A68054B1A601868FFF7E9FF08BDF0
S214003C1024000020C416002060130020C0160020D8
S214003C20437C03B108470220704710B5044604F0F1
S214003C302FFF20460321BDE8104003F0DDBDFFF74F
S214003C40F4BF00000149FFF7EBBF00BF658A000024
S214003C500149FFF7E5BF00BF398A000038B5447C4C
S214003C600D46BCB1053C012C8CBF002401244968DC
S214003C70224604F016FF286890FAA0F0000A01F029
S214003C8001FDA97A2889224681F0010104F03AFF55
S214003C90002038BD0220FCE71FB5CDE90012ADF8C4
S214003CA0083069469DF818308DF80A30FFF7D6FFC1
S214003CB005B05DF804FB00207047002070472DE932
S214003CC0F74F1C469DF830300193036803F0070356
S214003CD0063301259D400646174605F1FF380B467C
S214003CE0A1B1416804EA080BA5EB0B0A41F00059A4
S214003CF0524509EB0B0114D95246184605F000FD53
S214003D007A1B5A444946504405F0FAFC019B2BB1F5
S214003D103C4448EA050804EA0804F46003B0BDE839
S214003D20F08F1846F0E700000D4BD3F8E020D203E2
S214003D3014D50C494FF48032C3F8E820C1F8EC20C3
S214003D409A6BD1B2C2F3072299679A6704229A67E0
S214003D5000229A679A679A679A679A67704700BFC1
S214003D600010084000100846F8B50C4C0D461746E3
S214003D700646FDF77DFE0123A362042327606660E6
S214003D80A560C4F8E830064B4FF48072C3F8802173
S214003D90FEF7F0FA0DB10223A362F8BD001008404A
S214003DA000E100E0054B1860054B01229A6540F6DD
S214003DB0FF72196358635A65704700BF501700209A
S214003DC0001008402DE9F04F042A83B0054639D983
S214003DD00B7883614B7883618B788361CB788361C2
S214003DE00068D5F808B06E6800F0070001230630BA
S214003DF003FA00F808F1FF3909EA0B07A2F1040AF2
S214003E00A8EB0702924501F1040446F000560DD8CF
S214003E10F0192146524605F073FC0AEB0B0248EAFD
S214003E2009031A40AA6003B0BDE8F08F2146F019D6
S214003E30019205F065FC019AA118AAEB080230462B
S214003E403A44E8E7013A032AEDD8DFE802F00B0827
S214003E50050211F8013B836111F8013BAB6111F8D3
S214003E60013BAB610B78AB6103B0BDE8F08F00BFE0
S214003E7037B5002500951446FFF721FF204603B00E
S214003E8030BD026802F00702063201239340026A40
S214003E90C2F30C028A4210B584BF4468C26803F1BC
S214003EA0FF3388BF89189BB285BF44F00050194085
S214003EB04FF0FF30405C10BD38B50C46104B154631
S214003EC0014668B10122C3F8B8200E482246FFF723
S214003ED079FF1DB10A4B0422C3F8B820002038BD74
S214003EE064B1D3F89C20A24284BF0122C3F8B82054
S214003EF0C3F898400222C3F8B820EAE70122FAE79E
S214003F00001008409010084010B5FDF7B1FD184BA2
S214003F10184901229A65C3F888201A66164A5A6616
S214003F200722C3F884200A80144900220A804FF42E
S214003F30A021C3F8E81003F1C0630446C3F8EC10F0
S214003F400F4B1A600F4BD3F888305B020AD50E4B26
S214003F5018680E4B4FF48002C3F88820416BA430DB
S214003F6001F0ACFB2046BDE81040FEF703BA00BFE8
S214003F7000100840CE160020D0160020CC160020D8
S214003F80C816002000400840601300200040084487
S214003F900D4B07221A800D4B00221A800C4B012174
S214003FA0C3F8B810C3F890204FF40052C3F894003A
S214003FB0C3F8B420074BF0221A6403F10073A02262
S214003FC01A64FFF7A1BF00BFCE160020CC16002053
S214003FD000100840000008442DE9F041044688B16E
S214003FE0394E3A4FFDF744FD3388394A03F07801DD
S214003FF0032C054603F07F0C114453D13C6824B9CA
S214004000FEF7B8F90320BDE8F08124F00104386813
S21400401020F00100A0424AD100223A6022886FEACE
S21400402042426FEA52428C42228036D1294CDFF857
S214004030B8C02788ACF180083A46083A92B201F137
S2140040400800604528BF4046082A04D9B0F900E0B9
S214004050BEF1000F36DB22803B440C8888781E4970
S2140040609B1ADBB2C4F30C04CC6300F00700338069
S214004070CB66C1F88420FFF757FE04280DD1174BF6
S214004080D3F88830164B1868164B4FF48002C3F8E6
S2140040908820416BA43001F011FB2846FEF76AF930
S2140040A00020B0E7601E012898BF0C46AFE709481D
S2140040B062440088A21A48BF803208389042ADDCBD
S2140040C028469DE70146B8E7CC160020C816002013
S2140040D0D0160020CE1600200010084000400840F1
S2140040E06013002000400844501700200E490F4B74
S2140040F00A881B880E481344073B03F078030344E2
S2140041000832987892B20A8000F00700094904281D
S214004110C1F8842004D101F540514A681203FCD44A
S214004120054A1360704700BFCE160020CC1600204C
S214004130D016002000100840C816002010B5054C08
S214004140206828B1C30701D4FFF746FF0023236089
S21400415010BD00BFC8160020084B4FF48032C3F8CD
S214004160EC2003F17C43C3F8E420D3F88030C3F39B
S2140041700C03782B01D8FFF7D7BD70470010084412
S2140041802DE9F84304460E46FDF772FC504B514DA0
S2140041901A882D888146504802F07801032C02F0D8
S2140041A07F03014417D14D4C24688CB92A44073A42
S2140041B002F0780284180344E31A48BF8033AB4207
S2140041C010DB4846FEF7D6F800242046BDE8F88304
S2140041D024F00104EFE7012C02D0022CEBD1083DBD
S2140041E00C46E8E7002E41D08C423D4942D1D1F83A
S2140041F03C800A6B02F00702063201279740D1F88E
S2140042008020C2F30C029A4247DDB4F900302588BC
S214004210002BD6DBA378C5F30C0503F007037A1E44
S214004220A5EB08053A43052B337005EA02052CD8A2
S2140042302DB2E84340F236420421C00FFFF7DAFC05
S2140042407580E378274A337412687B1E03EA0803F6
S214004250D118B160A9B213FA85F5BD4289BFFF1A1D
S2140042600023B780F2609CBFB180F3604846FEF73B
S21400427081F8AAE7A4F10802824238BF04F1780266
S214004280B2F80080C8F30C08B3E7174BDB6C003BB2
S21400429018BF0123A5EBC305CAE78B6B7A1EA3EBF9
S2140042A008033A431A40114B15B25B686AB9C3F368
S2140042B00363D91E4B424B41DB0033700B4B7280BD
S2140042C0D3F89030C3F30723BCE70823F5E700BF15
S2140042D0CC160020CE160020D0160020C8160020CF
S2140042E0001008405017002000000840004008401A
S2140042F0431C08D0044AD2F83C311B0C1B0480B285
S2140043000343C2F83C3170470040084038B50D689A
S21400431004462846FFF7ECFFD4F8903043B15B69BB
S21400432033B1013504BF6FF001020A600A681A60F3
S214004330002038BD04F04DBA704770477047A6227B
S21400434031210120FFF756BC704738B50D460446AC
S21400435001F032F8AC4042F2107364095C43642307
S214004360B0FBF3F0B4FBF0F038BD0000034B1A6866
S2140043709B88026083800020704700BF3A000020C0
S2140043800F4B0628D3F8883104D183F40013C3F307
S21400439040507047022805D113F4400F0CBF01208F
S2140043A00020704750B9074AD2F8D40010F0010038
S2140043B005D083F48003C3F3805070470020704715
S2140043C000400E400081E00F0C4A5288B2F5E16FC3
S2140043D094BFC8225A2210B594BF78245024904225
S2140043E08CBF172210220A70054A0346107818B1AF
S2140043F09C422CBF0020012010BD00BF3A000020C8
S2140044003300002013B5234B1B780E2B04463ED0FA
S2140044100DF10701FFF7D8FF1E2C8CBF1E4C1F4C5A
S2140044209DF807304FF001028CBF01210021C4F82F
S214004430082170B1194A4DF60174C2F804411B02F6
S21400444002F1007243F44043C2F80431144AA2F861
S214004450D430134A134C92F8D83023F001030343A8
S21400446023F0020343EA4103DBB282F8D830247813
S2140044706CB923F0040343EA800323F00803B2F880
S214004480D440A2F8D64043EAC10382F8D83002B03E
S21400449010BD00BF3A000020004008460040084417
S2140044A0001F002156170020084B094AD3F8883110
S2140044B0DB4303F4FE1343F40053B3FA83F30E33E3
S2140044C0A3EB4313013B1370704700BF00400E4040
S2140044D03200002002280CD0062802D020B100208E
S2140044E07047054B18787047034B18780430C0B2F5
S2140044F070470720704700BF32000020022807D010
S214004500062807D0003818BF01204042C0B27047C6
S214004510012070470020704730B51F23B0FBF3F32F
S2140045205D1CEDB24FF0FF34C3EB4313AC40C01A32
S214004530E4430130E4B2C0B21460086030BD00004D
S2140045402DE9F7433A4E3B4F96F8009015463A4A07
S214004550D2F8C820B9F1020F0446884607EA0207D7
S2140045601AD147EA006788F80000002372882B609B
S214004570B2F5E16F94BFC8225A2227F47F579442BF
S21400458027F008079ABF380A00F47F5043F6C87031
S214004590384303B0BDE8F083284A1278904228BF1B
S2140045A0144604EB83030B70F4B1013CE4B24FF005
S2140045B030632B606A4601A92046FFF7ADFFDDE9B0
S2140045C0002347EA03671E4B98F800101B7847EA5B
S2140045D0823747F47F5747F008073BB90029194B45
S2140045E018BF4FF07F43C1E7164BE2E7164B17485C
S2140045F0B9F1060F08BF03462AB90029114B18BFA8
S2140046004FF07F43B2E7B2FA82F2C2F11F02D2B293
S2140046109B5CDBB239B15A1ED2B2FD2A05D81B0606
S21400462043F00403A2E7074BA0E74FF07F439DE764
S2140046303A0000203F00C0E0001F002132000020AA
S214004640571700200400000BB883E00FB083E00F7C
S2140046502DE9F3410446C820FFF7D4FE2B4B2C4E21
S21400466018780E2801D0FF2C05D1FF243470204680
S21400467002B0BDE8F08102282DD1072C204628BFC5
S214004680072001284FF0000301AA0DF1030138BFEF
S2140046900120FFF755FF05461E4B1F4FDDF804802F
S2140046A0C3F85881C7F8C8509DF8034034702046B8
S2140046B0FFF7A8FE194A4FEA082303F4E0631278CE
S2140046C043EA1863A7F8D030002AD0D1C7F8CC50F8
S2140046D0A7F8D230CBE7A0B9052C32BF00270127B8
S2140046E00420201A3B4601AA0DF10301C0B2FFF7D1
S2140046F027FF4FF48003054637B1094AC2F8083150
S214004700CAE700273846ECE7064AF7E73A000020F3
S2140047103800002000400840001F002156170020E7
S214004720004008460040084408B501F031F9094B3E
S214004730094A002818BF1A46136823F47F115B083D
S21400474003F4FE130B431360044B4FF00072DA6160
S21400475008BD00BF0041084018410840004008401E
S21400476008B501F015F9064B4FF4001228B1C3F84E
S21400477000214FF000621A6208BDC3F81821F8E75E
S21400478000400844014B1868704700BF5C170020C3
S21400479070B505460E46C0B201F00F01FFF7D5FD15
S2140047A0C6F303110446C5F30720FFF7CEFDC6F394
S2140047B003210444C5F30740FFF7C7FD204470BD3E
S2140047C0436C012B38BF01232DE9F0479A46464B30
S2140047D0464F9B69464E474D03F4E073A3F5C072FF
S2140047E0804645485142514102685245434A0FD1DE
S2140047F014788C420CD198F8D0C03C78A44507D1E8
S21400480098F815C03478A44502D1A888BDE8F0878A
S214004810B3F5C07FC0F800A011704AD1D8F8944014
S21400482024B12368082B58D994F838400F21204625
S214004830FFF78BFDBAFA8AF3002852D0B0FA80F25E
S2140048409B1A002BC6BFD840C3F10F094FF00F09C3
S214004850504501D909F1FF39234B2004C3F8BC00A9
S21400486003F1806340F6FF72C3F8B82003F10073CB
S2140048704FEA0921C3F8B810FFF78AFFA88000F0B6
S2140048809BFD09F01F094FF4FA7304FA09F45C4320
S21400489041F66A03B0FBF3F00A23B4FBF0F45C4382
S2140048A0174B1C6098F8D0303B7098F81530337072
S2140048B0ABE798F8D030062B06D1124B1B78002BAE
S2140048C00CBF9624C824B1E7022B08D00D4B1B78EA
S2140048D0002B0CBFB424F024A8E70024A6E732245B
S2140048E0A4E74FF00F09B7E700600840310000204A
S2140048F0300000203A000020340000205917002025
S2140049005C1700205717002070B506460C46154663
S21400491004F029F958B3F27CD31E012B1ED9112AB4
S21400492003D81D4BD340DB0718D41C4B1C4AC3F8D6
S214004930502103F100730022C3F850210025174BC5
S21400494040F2F712C3F850212B01164A03F4F8730D
S21400495005F007052B43C2F850311AE00F4B104AFA
S214004960C3F8502103F100734FF44402E4E7FF2C30
S2140049700DD00A4B0A4AC3F8502123042405094ADD
S21400498003F4E02304F0F8742343C2F85031FF2DFB
S214004990D5D1002070BD00BF84F603000040084457
S2140049A00000F70100400846F8B5134B134E1F6889
S2140049B0134D384600F0BEFF3378C4B2A34201D18F
S2140049C02B78A3B1092C14D80E4B012C195D05D1F8
S2140049D00D4B1B78022B01D141F0400101F00F0274
S2140049E038460909FFF790FF002334702B7000202B
S2140049F0F8BD0024FA21F1E76013002055170020C7
S214004A0054170020889B00003A00002038B5044662
S214004A1000F07AFC142200212E4804F07FFE2E4B74
S214004A2025781A782D49521B18BF01220A70226871
S214004A301A60C820A2889A80FFF7E4FC284BD3F8B7
S214004A40C820284BFF211970274B2849062D03EA5A
S214004A500203274A1AD14FF4EE40C2F824014FF45D
S214004A608A42C1F82421012243F08043C1F8202164
S214004A701B4AC2F8C8301E4B0322C3F85821FFF762
S214004A8093FF1C4B01221A70002038BD022D4FF0F8
S214004A9007000ED1C2F80C010620C1F80C01164919
S214004AA0C2F808114FF4404143F00303C2F8041162
S214004AB0DEE7C2F80C010520C1F80C01C020C2F8E0
S214004AC0080143F08043812243F00403C1F8082123
S214004AD0CEE700BFC81F00213A0000205417002070
S214004AE0001F0021380000202800C0A00040084613
S214004AF00040084458170020C100400073B5264BFC
S214004B00044618780E2841D0FF2C42D000283AD10F
S214004B10052C32BF002301230420201A01AA0DF120
S214004B200301C0B2FFF70CFD1C4EC6F8CC00019A7C
S214004B3096F8D850130203F4E06343EA1263A6F82B
S214004B40D2309DF803400DF102012046FFF73CFCF1
S214004B5005F0FB051E2C45EA800594BF00230123C3
S214004B6025F0080545EAC30586F8D8509DF80220CA
S214004B700B4B43EA0223A6F8D6300123094A204607
S214004B80137002B070BD00231846C6E70023FF244A
S214004B90F4E70023F2E700BF3A000020001F0021E0
S214004BA000C0FFFF56170020104A114B0020187057
S214004BB0D2F8C830C2F8CC30B2F8D030A2F8D23032
S214004BC0B2F8D430A2F8D63092F8D83003F0FB030F
S214004BD0990001F004010B4303F0F703990001F07C
S214004BE008010B4382F8D830704700BF001F002131
S214004BF0561700202DE9F0472D4C2E4B236000F071
S214004C00DBFB4FF4FA7307464FF47A76B0FBF6F602
S214004C1029482A4A7343190E1B02181841F100014D
S214004C20002303F0D1FFA0F580730546A36220B9E8
S214004C3066222B21FEF7DEFF01254FF47A726A43C7
S214004C404FF0000A53465008310203F0BDFF1C4BDC
S214004C5019601C4BB7F57A7F4FEA0568894604460B
S214004C6018604FEA152505D276222B215046FEF70E
S214004C70C1FF01264FF47A73A8FB030103FB05115D
S214004C807308C01841F100010023324603F09CFF70
S214004C900D4B023419600D4B49F10009A408186049
S214004CA044EA8974024B013C1C63BDE8F08700BFF0
S214004CB0005008400211010020A1070040420F00EA
S214004CC0701700206C17002068170020641700205B
S214004CD0044B4FF00052C3F880211A60024B0122A9
S214004CE05A60704700E100E00050084038B5020105
S214004CF00A4B01259D500A4A4FF480738340536641
S214004D000446FCF7B5FE074A1378A54023EA0503D8
S214004D101370BDE83840FDF72DBB00BF00510844B6
S214004D2000500840601700202DE9F047154604465D
S214004D3088461E46FCF79CFE022D00F0B88007460B
S214004D40FDF778FB6C4B6D4AD3F8189092F815A0D7
S214004D50DA6D5FFA8AFA520744BFD3F818900AF160
S214004D60010AFDF76BFB664B664A1B6811684FEA43
S214004D708A7CA3FB093213F1004301FB09CCD8F867
S214004D8000304CEB020C012D04BF01336344ACEB46
S214004D90030C08BFC8F80030BCF1804F0AF0030AC5
S214004DA0C0F09880584AD2F800C0584AD2F800E0BE
S214004DB0514A23F04041106B4FF000480022ECFBB4
S214004DC001820EFB012282424FEA937381BF0133B8
S214004DD00130121A03F00303A3EB0A03914588BFC0
S214004DE04549DFF848C184BF096B03F1FF3303F080
S214004DF003030CF80430A2EB0900A3B1F10742BF8D
S214004E00434B41F61F71D966B30742BF404B414939
S214004E10D966710742BF384B00211967330742BF76
S214004E20354B00211965344B04F1100103EB041EC9
S214004E300901CEF80C2111225A5037499A694FF0D1
S214004E40010EA2EB090A0EFA04F8D3F85C900A7871
S214004E505FFA88F848EA020282450A7026D34FF4C1
S214004E608072A24019EA020F20D11CF80400002824
S214004E703FD10DB3F0071A6608D5254B274941F6F2
S214004E801F7240F20110DA66C866DA66B10706D508
S214004E901F4B22491F4A2248DA66C866DA6672073E
S214004EA042BF204B01229A60330719D43846FDF7DB
S214004EB061FA0120BDE8F0871B48240140F804E0B1
S214004EC05A66FCF7D5FD14490B7823EA08030B70E5
S214004ED0FDF750FA3846FDF74DFA0020BDE8F0879A
S214004EE0212000F03FF9044B4FF480325A603846D8
S214004EF0DDE71A663846DAE700500840D01700208B
S214004F0064170020681700206C1700207017002018
S214004F100050084400001F1F60170020005008467D
S214004F2000000101004008400051084474170020AA
S214004F301030034B0001185800F00100704700BF06
S214004F40005008401030044B01F46001000141F0AD
S214004F5003011950704700BF0050084038B5FDF7F0
S214004F6069FA084B084A9D69547DDA6D520748BFB6
S214004F709D69E4B248BF0134FDF760FA284604F0A4
S214004F80030138BD00500840D017002008B5222085
S214004F9000F0E8F8024B4FF480225A6008BD00BFCC
S214004FA000500840064B1B68434303EB8171054BDA
S214004FB01B68A3FB003013F1004341EB0000704771
S214004FC0681700206417002008B5FFF7C7FFBDE884
S214004FD00840FFF7E7BF10B50446FFF7BFFF84425F
S214004FE088BF01F1FF31204601F00301BDE8104003
S214004FF0FFF7D8BF0D4A10B5146820F040430146AD
S2140050004FF000420020E4FB0320094A126802FB2E
S2140050100300084B1B6B98424FEA917104D9013389
S2140050200131C01A01F0030110BD00BF6C1700204B
S214005030701700200050084038B50446FFF7C4FF3C
S2140050400546FFF7C1FF431BA342FAD338BD000055
S2140050503B4B082270B501210546C3F8C8203948E5
S214005060394CFCF7F7FD394B1D702378013B012BBB
S2140050700CD8237CE07B01229A400C21302313FBC2
S214005080001303F1884303F520431A60304B0022D7
S2140050905A677DB92F4A4FF6FF71D16702F1007249
S2140050A0F821D1675D672C4B4FF08042C3F89420FF
S2140050B0002070BD636853B300F07EF9626800EBB1
S2140050C05203B3FBF2F3013B1B0243F0F8032678CE
S2140050D02049224A022E1CD0032E1D484FF6FF758B
S2140050E021D0012E27D143F00203CD67D3670723D3
S2140050F04367237CE07B01229A400C21302313FB7C
S214005100001303F18C4303F520431A6011E0F823E3
S214005110DDE743F001034FF6FF70C867D3670C4B1B
S21400512005225A67E5E743F00503CD67D3670123F9
S21400513043670B4BB8E7CD67D3670023F8E700BF9C
S21400514000400E4600350A007C1700207917002024
S21400515000000840000008440040084400000846DC
S21400516000400846044BD3F89430002BBCBF034BDA
S214005170C3F88000704700BF0040084000000840A9
S2140051804FF0006318B1034AC2F894307047024AE1
S214005190FAE700BF00400846004008440020704779
S2140051A008B5074B1B681A68064B920019684FF043
S2140051B0045004F0A5FABDE8084000F0FBBE00BFAE
S2140051C0941700209817002007B501A8FDF74CF9A2
S2140051D0134B144AC3F8442148F2E672C3F8382148
S2140051E04FF40862C3F834210F4AC3F8A0200F4AD0
S2140051F04AF63F41916002F580424FF0C0719162DD
S2140052000022C3F8FC200A4AC3F89C20094B7F22E0
S2140052105A6203F1007323225A6203B05DF804FB5E
S21400522000400840C0E653517A27000F003008407F
S214005230806D630300300844064B1B783BB1064B79
S214005240064A1A60064B074A1A600020704702207A
S214005250704700BF9017002098170020B89B0000EA
S21400526094170020B49B000008B5FFF7E5FF002068
S21400527008BD000038B51B4B0022C3F88820C3F8D1
S2140052808C20C3F89020184A4FF400715162174AD8
S2140052900121D1605A6812F0706FC2F30365F9D12C
S2140052A04FF00452DA671249124C0122C3F88020EC
S2140052B019662270FFF7D8FF0F4B2570186820B1CB
S2140052C00E4B1868003818BF012040F27E52542159
S2140052D0FEF790FC0A4B1B6898470A4B0122DA60DF
S2140052E038BD00BF004008400000084000400846A7
S2140052F0A01F002190170020981700209417002068
S2140053004000002000400844034BFD22C3F8C8209C
S2140053100122C3F8CC20704700400E4638B5FFF790
S214005320F3FF1B4B1B481C4C1C490222C3F8C82029
S2140053301B4B1A6842B102EA0005A54204BF5D682D
S214005340156008338B42F4D1164B0222C3F8C820EE
S214005350154B164AD3F83C111160154AC3F8942031
S21400536000F0B4FBFFF730FF124B0322C3F8D8203F
S214005370A3F500530122C3F894204FF46072DA605C
S2140053804FF04072C3F8F820C3F8102138BD00BFB4
S21400539000400E460000FFFF00000840B081E00F0E
S2140053A00080E00F00400E4400400840440000200B
S2140053B00048F0000060084608B5FCF761FB044BA7
S2140053C0D3F81031C3F308230133B0FBF3F008BD64
S2140053D000400E4070B5044618B1284D2268531C94
S2140053E000D170BDC2F30063110C35F8130011F044
S2140053F0FE0F93B243EA0043606818D00434CAB282
S214005400022A216808D9D4E90160033AC3E90016E4
S21400541098600C340C33F3E704D16268C3E90012D9
S2140054200834DBE7012AD9D104341960D6E7120F15
S214005430072AF5D8DFE802F00704090D1013181D37
S214005440C04303F180631860EAE71A6842401A60B6
S214005450E6E703F1C063F6E7FFF7EEFDE0E70122BB
S214005460824003F1C063F2E70122824003F18063C9
S214005470EDE71A6830EA0202FBD1D1E7929B000002
S214005480024B0122C3F89420704700BF0040084634
S214005490024B0122C3F89420704700BF0040084426
S2140054A0024B4022C3F89420704700BF00400844D7
S2140054B0024B4022C3F89420704700BF00400846C5
S2140054C008B50C4B1B68D3F8943023B11A68022A2F
S2140054D001D9186A08BDFFF76FFF074B1B6D024620
S2140054E098B20028F6D0C3F30743D2085343B3FB61
S2140054F0F0F0EFE76013002000600840064B5B68A2
S214005500C3F30363984206D1044A536B23F0F003B7
S21400551043EA01115163704700400840001F002114
S21400552010B50446FFF7CCFF104AD2F830311B0402
S2140055300F4B1B6C03F4C05348BF4008B3F5805FA5
S2140055400ABF136BC4F30113C3F34163022B05D0E8
S214005550032B09D0012B00D1400810BDC4F3C4248E
S2140055600134B0FBF4F0F8E78008F6E70060084086
S2140055700000084000F03003202B10B513D110F4C3
S214005580E02FC0F302440AD010F4C01FC0F3C423B7
S214005590B3FBF4F418BF6400052C0ED86408FFF7BC
S2140055A0BFFF604310BDC0F382136FF012041C41AE
S2140055B004F00104C4F10204F1E70424EFE700005C
S2140055C02DE9F0470E46FFF7FFFCDFF8B090DFF856
S2140055D0B0A080460025FCF74BFAD9F80430C3F398
S2140055E00363012B07460BD1711C1AD0FFF7ECFCA6
S2140055F0A0EB08053846FCF7BDFEAE42EBD80DE042
S214005600052BF1D00B2BEFD0023B012B0CD901362A
S21400561002D0FFF7D9FC3846FCF7ACFE1648BDE8CA
S214005620F087FCF7A7FED6E7DAF808301A04C3F3CB
S21400563089140FD4013602D0FFF7C6FC3846FCF7B3
S21400564099FE24B2A4F1C8006FF4FF739842B8BF65
S2140056501846E4E7731C03D0FFF7B6FCA0EB08057A
S2140056606FEA84546FEA94543846FCF783FE14F5C8
S214005670007FC2D0E6E700BF00FEFFFF0040084004
S21400568000700840024B012218619A60704700BF04
S21400569000200840084910B5D1F8703140B11C46CA
S2140056A04A68D1F870319C42F9D1C2F303620270A5
S2140056B003F00F0010BD00BF00400840094BD3F8B0
S2140056C0883001F0800103F480030B4309D1064BB8
S2140056D04FF400129A61837F1BB1044B0122C3F87A
S2140056E0F820704700400840006008440060084604
S2140056F010B5FCF7BDF9084B1B6804463BB198474C
S21400570028B1002200204FF4806100F07FFD204683
S214005710BDE81040FCF72EBE9C1700202DE9F04196
S2140057201F4CDFF89080069F0646A2FB03502C19FC
S21400573060F1000E9C46A0454FF0000373EB0E0E82
S21400574007D24FF4B4720E211846FEF753FA022021
S2140057501BE00029FBD0C6F3130601EB5C04B4FB88
S214005760FCF4A4FB0646E40C44EA46340D4E3460D2
S2140057700D4C22600D4A914209D10D4AA5FB0253F9
S21400578002FB00339B093B600020BDE8F081C404A7
S2140057900A46E80444EA553103F016FA3860F3E79F
S2140057A000C9E876A4170020A817002000F04902D8
S2140057B00A3BB2DF0046C32338B5164D2B780C469D
S2140057C023B9154B1B6D03F03F032B70134BD3F817
S2140057D094305B051CD5124BB0FBF3F040F24D53F2
S2140057E04343A3F546430C3B584300F5C91000F568
S2140057F0556028B940F21B322B21FEF7FBF9012039
S2140058002B78084A5343B3FBF0F30020236038BDDF
S2140058100220FCE7A31700200030084000400840A4
S21400582000366E018096980070B5374C374B256B66
S214005830374C1B682468ED024CBF1B191B1BB3F1C9
S214005840804F04D8002B3AD1324E1C460AE0B3FAF9
S21400585083F4314EC4F10204E340304DAB4201D92B
S21400586001345B0803EB5605B5FBF6F52C4EB34248
S21400587034BF002601262403013D44EA86242C4337
S2140058800C60D8B1B3FBF0F1642400FB1133634322
S214005890984288BF01F1FF314808013801390728CE
S2140058A0204D214C4FEA510311D9002129700621C1
S2140058B0C4F894101B0243EA0013136070BDB3FAD9
S2140058C083F4D4F10204134EC6D50024C5E710298C
S2140058D0EBD068B1012129700621C4F89410134951
S2140058E009780029E6D012490224C1F89440E1E77D
S2140058F0012914BF0121002129704FF00601C4F8C8
S2140059009410ECD1D6E700BF00300840A81700205E
S214005910A4170020E0673500C0CF6A003FBE4025D0
S214005920401B5F13A017002000400844A11700206A
S21400593000400846084B5B6B03F00700C3F3C20247
S21400594013F0380F18BF5043C3F3821213F4E07FEE
S21400595018BF5043704700BF0030084010B50446DB
S21400596051B10B6843B15B6833B11A68032A03D997
S2140059709C6A640E204610BDFCF77AF80146204665
S214005980FFF7D8FF04460846FCF7F4FCF2E70000F1
S214005990034BD3F8380180F01000C0F300107047B6
S2140059A000400840174B4FF4002210B5C3F894206F
S2140059B0154C164BB0F1804F88BF1C46144BDA6C62
S2140059C0D2071DD51B6F134A04F5F42404F5907412
S2140059D0B4FBF2F4033CE4B203F00703A34202D0A4
S2140059E02046FCF72DFD0C4B1B784BB10B4B4FF4B0
S2140059F07022C3F8942003F100732404C3F8944083
S214005A0010BD00BF00400846E0673500C0CF6A0002
S214005A1000300E4040420F00A2170020004008440D
S214005A207FB50446FCF728F81C4B06462C3358680E
S214005A300093A37922683146FFF770FE054648BBFF
S214005A40A379012B14BF164916491022C1F8382134
S214005A50206815495843FFF7AFFE03AA02A930464F
S214005A60FFF7E2FE0F4A43F6FF53C2F8A4300C4B92
S214005A700299C3F8A4104FF4EE611163039A1A63F7
S214005A802068FFF78FFF094BA2881A6203F5405380
S214005A9000229A63284604B070BD00BF003008405C
S214005AA000400846004008445030084000000840C7
S214005AB008B5044B01221A70034B1868FFF772FFF3
S214005AC0002008BDA2170020A8170020024B4FF4A4
S214005AD08062C3F894207047004008460D4BD3F808
S214005AE00421D3F8B030D2B2FF2A03D043F30743E1
S214005AF0591C01D190221923074903EBD37302EBFB
S214005B006302022381F84230232381F8432081F880
S214005B10413070470081E00F001F002140B103684C
S214005B20012B05D90069034B002808BF18467047AB
S214005B3000487047989B0000064BD86DDB69C0F3A1
S214005B40011203F01F03000C02FB0000013318448F
S214005B50704700BF0060084070B504461F480D46F9
S214005B60FFF748FA1E4BD3F8306116F400464FEAAA
S214005B70C01015D000F574431A4C1B4A2433B3FBEF
S214005B80F2F32B60194B00EB5400B0FBF4F06860A6
S214005B905B68D9020AD5002406B10334AC6070BD38
S214005BA0002CEFD1114B5B68D802F7D4104B0F498D
S214005BB01B68D1F8A820C3F3810312F4806403F1B4
S214005BC0010309D1D2B2FF2AE6D0D1F8AC205205A3
S214005BD048BF04EBC304DFE7DC00F3E740420F00F6
S214005BE00060084020A1070048E8010000000840C7
S214005BF000200840084B1A68C117A2FB000310F1EA
S214005C00807002FB013343F10003400E40EAC310EC
S214005C10803820EAE0707047B0170020174B072244
S214005C2070B5C3F88420FFF7C7FB154B154A164E10
S214005C30C408010B0546E005C01841F10001002329
S214005C4002F0C2FF114B18604EF66020FFF7D2FF3D
S214005C504042C6F89C000E48FFF7CCF9024658B101
S214005C60E301500818184FEA15714FF0000341F190
S214005C70000102F0A9FF706770BD00BF0040084039
S214005C80B2E60E0065CD1D00001F0021B0170020F3
S214005C9040420F0038B14FF47A735843A0F6AC5028
S214005CA0401AFFF7A7BF4CF25030FAE72DE9F0474D
S214005CB0064608469846FFF731FF15460746002E6B
S214005CC000F0B08018F0050F63D03469002C00F0A7
S214005CD0AB80FEF757FD4FF47A735C43201A7B685F
S214005CE0A0F6AC50C01AFFF785FFB48B6862002C94
S214005CF000F09D80FEF746FD4FF47A735C43201A51
S214005D007B68A0F6AC50C01AFFF774FFA861614B21
S214005D10F468D3F80090DFF88CA1002C00F0B08077
S214005D20FEF730FD4FF47A735C43241A7B68A4F6C2
S214005D30AC54E41A99F81130053B012B7AD8DAF8FE
S214005D400020A4F53E44EB3CE117A4FB023402FB22
S214005D50014413F1807144F10000490E41EAC0117C
S214005D608039E9614C49A2FB01219B1A64EB0104CE
S214005D7013F1807344F100045B0E43EAC413803BC6
S214005D802B62B469FEF7FEFC01462046FFF782FF51
S214005D90286318F0020F29D073684FF47A705843BE
S214005DA05BB13B6803F51C5310331844B37F002BDC
S214005DB046F2A81308BF00231844FFF71BFF7369B9
S214005DC0E862002B5FD078684FF47A7202FB03001B
S214005DD0B37FA0F50350002BA0F1100046F2A813E5
S214005DE008BF0023C01AFFF705FFA86218F0040FCB
S214005DF018D0B068002849D04FF47A735843A0F5FD
S214005E0003501038FFF7F6FE286133684FF47A70B7
S214005E10584323B13B6803F51C5310331844FFF76F
S214005E20E9FE6861BDE8F0874CF250305BE74CF263
S214005E30503069E73B68E41ADAF80020E117A2FB65
S214005E40044314F1807402FB013343F10003640E33
S214005E5044EAC314803C114BEC61114CD3F88430F7
S214005E602B622368002B8CD0484602F04BFD00289E
S214005E7087D02368D9F848002A463946984780E7ED
S214005E804CF25034D8E747F23050ACE747F2305087
S214005E90B8E700BF60130020101B0200001F00219F
S214005EA0AC170020B017002010B5044611B38B794C
S214005EB003B3052B0FD0062B0FD0032B01D10223E3
S214005EC08B718B79013B062B0CD8DFE803F00D08AD
S214005ED0080D0D2121000423F2E70723F0E7FFF762
S214005EE02BFE44B900238B7100208B7913B10B680D
S214005EF003440B6010BDB0F5803FF3D863094FF242
S214005F00244202FB00302409B0FBF4F04042ECE7E8
S214005F108A88002CE6D0B2F5005FE3D80348630910
S214005F2000FB02332409B3FBF4F0DEE720A10700F0
S214005F30E0B5074608461E461546FFF74CF87B7C3C
S214005F40053B012B06440DD80C4B4BF6EB61002DA0
S214005F5018BF19464FF4FA720A44094892FBF0F04B
S214005F603044E0BD074B084AD3F8F800FFF7D6FDEB
S214005F7001680029A8BF4FF4FA72EDE7FBD90200CA
S214005F8018FCFFFF001F00210CFEFFFF074BD3F895
S214005F90D8304FF604014FF605029BB28B4208BF7D
S214005FA01346034A01209365704700BF0081E00F47
S214005FB00050084070B5194C0FCC86B001AD0FC527
S214005FC0CC22236816482B60002103F0A7FB84220E
S214005FD00021144803F0A2FB134B144AC3F8F02028
S214005FE0FFF77CFD124B1B782BB101AD0FCD0B4E8E
S214005FF00FC62B6823600F4B0F4AC3F8DC2F0F4ADF
S214006000C3F8E02F0E4AC3F8E42F02F1957202F2AD
S2140060104952C3F8E82F06B070BD00BFC81F002164
S214006020341F0021B01E0021001F00213F00370052
S21400603058170020001000210200620609C8056EED
S2140060400704DC060A4B197801F0FF0229B100218B
S214006050197008499202C1F8A020597801F0FF0291
S21400606029B1002159709302024AC2F8A430704741
S214006070B817002000000846074BD3F8E00E074B81
S214006080D3F88C301A0103D4054B1B6E1B0401D5C4
S21400609000F58070704700BF0010002100400840E7
S2140060A00000084008B5FBF7E3FC0F4B1A78B2B9BE
S2140060B00E4A126812F4843F11D10D4A1021C2F81C
S2140060C094101B786BB9094B1B68DB0509D4084B89
S2140060D02022C3F89420BDE80840FCF74BB9054AD7
S2140060E0ECE7044BF4E700BFBC170020C8170020FD
S2140060F0004008440040084610B5FBF7B9FC0E21E6
S21400610004460320FFF7FAF9044B40F2012220462A
S2140061105A62BDE81040FCF72DB900BF00000840E9
S214006120044B00221A70044B197811B11A70FFF74D
S214006130B9BF7047BB170020BC17002008B5FBF797
S21400614097FC234B4FF08052C3F88020BFF34F8F4D
S214006150BFF36F8F4FF48072C3F88020BFF34F8F6A
S214006160BFF36F8F0222C3F88020BFF34F8FBFF3B9
S2140061706F8F1022C3F88020BFF34F8FBFF36F8F4F
S2140061802022C3F88020BFF34F8FBFF36F8F4FF0EE
S2140061900052C3F88020BFF34F8FBFF36F8F80226B
S2140061A0C3F88020BFF34F8FBFF36F8F4022C3F832
S2140061B08020BFF34F8FBFF36F8F0122C3F8842078
S2140061C0BFF34F8FBFF36F8FBDE80840FCF7D2B820
S2140061D000E100E008B5FBF74BFC0B4B4FF080529C
S2140061E01A604FF480721A6010221A6020221A6019
S2140061F04FF000521A6080221A6040221A60BDE8F2
S2140062000840FCF7B7B800BF00E100E070B5084CE6
S21400621001232370074B1E68074BD3E90053324017
S2140062201940284001F016FA0023237070BD00BF05
S214006230BA170020C0170020C81700202DE9F04725
S214006240DDF820A003EA0108099B06460D4602EA8F
S214006250000703EA0A09BAF1000F40F04D81031F58
S2140062600B4300F01381052871F1000380F0E780EE
S21400627050EA010300F06081431E0B4300F02181C9
S214006280FFF75CFFAD4AD2E9004323EA050324EAA0
S21400629006043C4343EA0807A94BDFF8F8821E6869
S2140062A026EA0A0646EA09061E60C2E90047FFF724
S2140062B0F9FEA44814F02A4FC26E14BF48F2020337
S2140062C04FF40043B50748BF43F400539E4D83EA9E
S2140062D0020122EA0302EA669C4A81660B40D36604
S2140062E0C4F380421203200348BF42F48072E106E2
S2140062F048BF42F40052A30648BF42F40072650647
S21400630048BF42F4806220069148924DD0F80C3285
S21400631048BF42F4006282EA030123EA0203C5F89A
S2140063200C328D4BC0F80812C7F340250A40AD0466
S214006330E10448BF45F48035C3F80C22A20348BFE9
S21400634045F48015A30748BF45F4800514F4001FE4
S21400635006D0D8F8000002F009FC08B945F400257C
S214006360E00248BF45F40035F9067C497C4848BF42
S21400637045F40005620248BF45F400150A6A730733
S21400638048BF45F0040585EA020323F001031A40DE
S21400639002621D40CB61734B73481D62734B744A97
S2140063A016F0010F18BF1A46836E7D0748BF42F4E9
S2140063B00012704D82EA030123EA0203AB666E4BBD
S2140063C041660A4000F500509A66C16B04F001036E
S2140063D005F5005581EA030221EA0301E9638263B9
S2140063E01A40664BDA63D8F80020200248BF644B98
S2140063F092F8E92058BF634B610748BF43F48063B7
S21400640022B114F4C06F18BF43F480735E485F4C2B
S214006410D0F8EC10320748BF43F0004383EA01028D
S21400642022F4A0221140C4F8EC101340C0F8E82073
S214006430574ABDE8F047C2F8EC30FFF7CBBEA0F5F0
S21400644080630B4306D020F48063A3F500730B43F0
S2140064507FF416AFFBF70CFB3849D1E9003223EA8C
S214006460060322EA050242EA08023B43C1E900327B
S214006470484A126892F8E9200AB313F4C06F1ED097
S214006480434B4FF48072C3F8EC2014E0FBF7F0FAAD
S2140064902A4AD2E9003123F004033B4341EA0801CB
S2140064A057EA0807C2E9003114BF394A374A4FF4A1
S2140064B08063C2F8EC30BDE8F047FBF75BBF334BB8
S2140064C0DFE7FBF7D5FA1D4AD2E9003123F00103D6
S2140064D03B4341EA0801C2E900312F4A57EA080760
S2140064E04FF0010315BF93632C4902F1C062CB63E2
S2140064F014BFD3639363DEE750EA01037FF4C0AEB4
S214006500BAF1010F7FF4BCAEFBF7B2FA0C4A13687F
S21400651023F0010343EA09031360134A4FF4806330
S214006520B9F1000F04D0536602F1C0629366C2E769
S21400653010498B665366BEE7BDE8F087C817002093
S214006540C01700200000084000000844000008466D
S21400655000600840006008440060084600400840AC
S214006560004008440040084600500840041C500004
S21400657004185000005008440050084600700846B2
S2140065800D0A0A09090A0A09001008400010084402
S2140065900010084660130020007008400070084491
S2140065A0024B5868C0F3C000704700BFC8170020F1
S2140065B0024B186800F00100704700BFC8170020A3
S2140065C0024B5868C0F3C030704700BFC8170020A1
S2140065D010B50446FEF7A2FEFFF7B0FD04F14C002E
S2140065E0FDF7D6FCFEF746FEFEF704FBFEF770FB53
S2140065F0FFF714FB1049114AD1F8F810072304F1ED
S214006600A400FFF753FB4FF440010020FEF79AFC6E
S2140066104FF400110120FEF795FCFFF7B7FC20B9F8
S21400662040F2E7221421FDF7E5FAFFF741FABDE84C
S21400663010400120FEF70CBD001F0021681F00213E
S214006640084B8022C3F8882003F17E430822C3F853
S2140066508820054AD2F8B03E23F02003C2F8B03EA8
S214006660704700BF0040084600100021F0B583B018
S2140066700646144602F0E6F8002800F09B80514BD0
S214006680DD6815F0060540F09580FBF7F1F92379F3
S2140066900095022B07463ED1237B022B35D00320E4
S2140066A0FEF746FC18B9484B5B685B047FD5A37BB6
S2140066B0257B4649A2680192003B18BF0123012DA5
S2140066C00B705DD0424A434C002313702278002A98
S2140066D061D13C4E0420FEF709FBF36E23F0F8531D
S2140066E023F4F81343F0506343F48033F3662A46EA
S2140066F0022301A90420FEF717FB002852D0364BD0
S214006700012130222170C3F894203846FBF732FE70
S214006710002003B0F0BD0320FEF70AFC002846D197
S2140067202279D6F8AC30012A226838D0D51A254B03
S2140067302A4A0095DA6600221A67627B284B002AEE
S2140067400CBF012200221A70264B264AD3F8B03E10
S2140067500CBF43F0200323F02003C2F8B03E032012
S214006760FEF7C4FA174B204ADA66227901236946F7
S2140067700320FEF7D9FAF8B11C4B01221A708BE7FA
S2140067802379022B9ED0009BD6F8AC100B44134402
S2140067900025019396E72370FFF784FC99E79A4259
S2140067A0C5D3C3E70320FEF7A1FA0C4BF3663846C1
S2140067B0FBF7E0FD0320ACE73846FBF7DBFD0120E6
S2140067C0A7E700BF0050084000400840BE17002062
S2140067D0BB170020BC17002000400846000001013F
S2140067E0BD17002000100021010C0100BF1700207B
S2140067F02DE9F3410D460746FBF73AF91B4BDFF848
S214006800788000241C70FFF71BFF194BC8F86C300B
S214006810C8F8704006466879431E5842584101F051
S214006820EDFC40F60143C8F870302A792968D7F89D
S214006830B430012A01D1994200D3CC1A04230DEBBF
S214006840030103200194FEF76FFA50B9094B882222
S2140068503046C3F88820FBF78DFD012002B0BDE866
S214006860F0813046FBF786FD0020F7E7BF170020D3
S214006870000001010040084400500840F8B5194CDB
S21400688005462078B0FA80F040F206423E214009E4
S214006890FDF7B0F955B96078B0FA80F0BDE8F84079
S2140068A040F206423E214009FDF7A4B90E4F0F4DB7
S2140068B0D7F8A0304FF44066C3F381232370C5F8A1
S2140068C0A0606078B0FA80F040F206423E214009AF
S2140068D0FDF790F9D7F8A430C3F381236370C5F8A9
S2140068E0A460F8BDB8170020000008400000084467
S2140068F0F8B50B4C0B4DD4F888300B4F0423C5F875
S2140069008830D4F888305B0300D4F8BD0426C7F876
S21400691088600220FEF790FBC5F88860F1E700BFAC
S2140069200040084000400846004008441C4B70B534
S214006930D3F888601B4D03F18063A822C3F8882033
S21400694010221A60184A194B93666B66FFF77AFB9B
S214006950174B1B7813B90320FEF7C8F900242C67E1
S214006960FFF7C6FF134A144BD2F8E01E0B40C2F8DE
S214006970E03E124B0422C3F88820114BB206C3F83F
S214006980B84008D503F580735B6CB3F5817F22BFF2
S214006990034B80229A60BDE8704001F0B7BD00BF8F
S2140069A00040084000500840005008441000000214
S2140069B0BF17002000100021DF0000FF0040084441
S2140069C0001E002110B528B971B9174B4FF4C062EC
S2140069D05A6210BD41B9154A53681B0E13F00E0FCC
S2140069E0F3D113689A06F0D4FFF786FB0F4C00200D
S2140069F0FEF750FE032801D0092806D1D4F88C30C3
S214006A00DB03F4D4636F0C2BF1D9FFF771FF084B4F
S214006A104FF400725A62074B0122DA6003F17E439C
S214006A200422C3F88820D0E70060084400400840ED
S214006A30000008400040084608B503210920FEF77C
S214006A405DFD024B20229A6008BD00BF0040084052
S214006A5038B50546FBF70CF80446FDF755FA35B190
S214006A60FFF75EFB2046BDE83840FBF783BC084BCB
S214006A701B78002BF6D0074B1D78002DF2D1FFF7C0
S214006A804FFB2A464FF480400021FFF7BFFBE9E7A3
S214006A90BB170020BA1700202DE9F84F534B0546C8
S214006AA0D3F888300E461446002A40F09C8013F037
S214006AB0A00F14BF4FF001094FF00009DFF848811E
S214006AC04B4F01F023FDA023C8F888300320FEF7C3
S214006AD00DF90420FEF70AF94FF0000AFFF720FB35
S214006AE0444BFB66C7F870A0FFF702FF424BD3F893
S214006AF0B02E42F02002C3F8B02EFF22C8F80020C5
S214006B003A4A4FF480719160D3F8E02E3B494FF03B
S214006B10040B1140C3F8E01EC8F888B0C3F8B8AE3E
S214006B20FB6813F0060F04D0FEF730FA5846FEF75F
S214006B30DDF8B9F1000F08D0314B4FF40062C3F80E
S214006B408820304B4FF400425A6665B12D4B5B6C83
S214006B50190701D4FFF7D0FAFFF76EFF0420FEF7FF
S214006B60C5F8FFF76FFA214BDA68D20736D55A68B0
S214006B7012F0706FFBD1244D244B254AC5F888309F
S214006B80536B23F0F003536316B12046FFF760FF04
S214006B900123EB6014B31B4BDA6E9A66134A136A32
S214006BA023F00103D3611B4BD3F80C22C3F8082251
S214006BB0A3F54053DA6F9A67A3F50053D3F8EC2099
S214006BC0C3F8E82003F5C043DA6B9A63A3F50053D5
S214006BD0114A5A664FF60843C5F88830BDE8F84FA4
S214006BE0002001F093BE4FF0000967E70040084020
S214006BF0005008400000010100100021DF0000FFE7
S214006C0000400846000008400040084410003000DD
S214006C10001F0021006008405000F0029A4B196ED9
S214006C20DA6E2DE9F04F01EA0209C3F8689003F521
S214006C30805385B0D3F8E060D3F8EC201640C3F854
S214006C40E86003F5A043D3F80012D3F80C2201EA5B
S214006C50020AC3F808A2A3F5005359691A6A01EAA2
S214006C6002088A4A08EA0202DA61894BD3F800224F
S214006C70910006D4D3F800319A00C3F3407740F170
S214006C80E180FAF7F5FE834BDA68DF6D12F0060F47
S214006C909A6E07EA020727F4800222F4006214BF05
S214006CA04FF0010B4FF0000B5A667B0704D57A4A6B
S214006CB0537D0133DBB25375FBF75CFBB9F1000F74
S214006CC000F0DF8019F4004427D0FAF7D1FE014621
S214006CD0FFF7D2F96F4D0446AA69AB699A42FCD019
S214006CE0AA699342FCD0FFF7C7F9A04240F0AC80F7
S214006CF00846FBF73FFB694B1C60694BD3F888508E
S214006D0015F4E05240F0A28024F07F4424F0DF0423
S214006D100CB9FFF70BFE4FF0807419F0020F4FF01E
S214006D20000516D05E4B5F49D3F8883003F4604206
S214006D30C1F88820002A00F09E801D0400F19E8085
S214006D4013F4005F0CBF4FF000534FF000631C437A
S214006D500025C9F340394FEA4909534B3340002B0D
S214006D604AD016F4206F0AD040F60502062100200D
S214006D70FCF740FF0020FFF76BFE26F48026F005A8
S214006D8006D5484BFF221A6044F4C064FFF7B4F9F6
S214006D9016F0090F0AD040F61A0208210020FCF768
S214006DA029FFFFF749FE414B01229A6216F0106F49
S214006DB00CD040F6230209210020FCF71BFFFFF74A
S214006DC03BFE002211461046FDF776F816F4202FFB
S214006DD00AD040F62B0207210020FCF70BFF00200C
S214006DE0FFF736FE26F48026F10301D5FDF7B4F949
S214006DF0002EB8BF49F0080972070DD52B4B5B6A09
S214006E0013F4005F14BF2A4A2A4A4FF400531ABFED
S214006E10536244F400045362730548BF44F004040C
S214006E2016F4802600F0AA80FDF760F901380628DF
S214006E3042D8DFE810F02E0131012E01340137016F
S214006E403A013A01BB4639E7044645E70192FFF7A7
S214006E506DFD144B019AC3F8882015F4805307D1B2
S214006E6015F4806F0CBF4FF080544FF0806454E7E9
S214006E704FF0804451E74FF0007368E74FF000434F
S214006E8065E74C464D4668E7000008400000F7FFFF
S214006E9000E100E000500840D0170020B4170020A2
S214006EA00040084000400844090B0B8900100840C9
S214006EB0001008440010084640F65C02032100203B
S214006EC0FCF798FE844A136ED2F8800003F007039E
S214006ED00633012101FA03F3C0F30C001B1A9BB220
S214006EE0072B13D97D4BD3F8883058020ED47C4834
S214006EF0136B126DC06C58B103F00703063399404C
S214006F00C2F30C03C91A89B2072901D844F40074E5
S214006F10744B1B78002B31D06F4BD3F8E03013F452
S214006F20A02F2BD1704B714A1B7893B9F90410D45B
S214006F30137873B1E3086E4943EA457383F001039F
S214006F40D1F8E01E03F001035B0021FA03F39B0770
S214006F5014D10420FDF7CAFE664B6749D966FFF7D1
S214006F60DFF8624A13782BB9644B654A1B682340E6
S214006F70134201D144F4804427F48057BAF1000F3D
S214006F801DD01AF4805F18BF44F480241AF4807F62
S214006F9018BF44F400241AF4005F18BF44F010042D
S214006FA01AF4007F18BF44F020041AF4806F18BF4C
S214006FB044F040041AF4006F18BF44F08004B8F19F
S214006FC0000F48D018F4802F18BF45F4007518F449
S214006FD0803F18BF44F4805418F4801F18BF44F450
S214006FE0003418F4800F18BF44F0020418F4003F71
S214006FF009D03A4BD3F88830580059D5414B1B6816
S214007000984704430D4318F4000F18BF45F01005C9
S21400701018F4002F1AD0364BD3F8B03E13F0C00F3A
S21400702014D02E4B5A68C2F30362032A01D0072AF3
S21400703007D1D3F88C20D10603D4D3F890201207BA
S21400704039D54FF40022DA6128F4002818F4001F1E
S21400705018BF44F48004002F00F01381380540F177
S2140070608680294ADFF88CA0D378002B52D0013BCB
S2140070704FF40061DBB2CAF86410D37033B9234B07
S2140070801B78DBB1224B40F60142DA660023002271
S2140070906BE044F4803415E744F4006412E744F4EB
S2140070A080640FE744F480740CE744F0080409E7B2
S2140070B044F48014A7E744F40014C7E7DAF8703005
S2140070C013F4A05F15BF4FF4807340F60143CAF86F
S2140070D05030CAF87030D9E7001008400040084029
S2140070E000000840BC170020BB170020BD1700207A
S2140070F0001000210050084000000101C8170020C1
S214007100088D01006000002074170020BF170020C3
S214007110005008460320FDF7E9FDDAF80C30AD48CC
S214007120AD4913F0060F02BFAC4B41F61F72DA668C
S2140071304FF40063CAF86430DAF80C3013F0060334
S21400714008BFCAF87030C38A13F4006261D023F413
S2140071500063C3820B7803F0FF0A002B5DD1FDF7B6
S21400716015FFFFF7E3FB534620221C431543B901E6
S2140071700BD52E20FDF7F6FF984A4FF00073936666
S21400718002F17C4245F008055366FA0608D52B2026
S214007190FDF7E8FF914A1023936602F17C4253669E
S2140071A017F4E00F05D1FB045FD5BBF1000F00F02C
S2140071B0B780B80210D52920FDF7D4FFFFF7F0F905
S2140071C040B18749874A884B53668B66874949682A
S2140071D0490425D445F0040517F4800BDFF804A213
S2140071E02AD00420FDF782FD2720FDF7BBFFFFF71E
S2140071F09DFB4FF48003CAF864307D4BD3F8E02E35
S214007200520600F186807B4B02221A6045F002058A
S21400721028E00B784FF40053A7E74FF4004336E717
S2140072206E4920208B665366FDF79CFF2D2045F0A7
S2140072300C05FDF797FFCFE7F80255D50420FDF7BC
S21400724055FD2820FDF78EFFDAF87030002B48D168
S214007250FFF76CFB614A644B936602F17C4245F093
S214007260010553665F4B00221A657A0509D5624A06
S2140072709378002B00F0A280013B9370002349EA2C
S21400728003095B4BD3F8B03E1B0603D520462946C0
S21400729001F044FB4A4620462946FEF7B7FF0EB1EA
S2140072A0FCF74CFF18F4002F00F08D804F4B4FF486
S2140072B00022DA6118F0206F00F0898018F0007F55
S2140072C001D0FDF731FA18F0006F01D0FDF748FA4B
S2140072D0002200204FF4006105B0BDE8F04FFEF735
S2140072E095BFCAF870B0B5E7F904BBD50420FDF722
S2140072F0FDFC424BCAF86C30FDF748FEDAF85C300D
S21400730013F4A00FAED12A20FDF72CFFFFF70EFBDB
S21400731073E7D3F8B03E98063FF578AF384B73E77F
S214007320354A13794BB1013BDBB2137113B92C4BC1
S214007330344ADA6600231C4397E70420FDF7D6FCA0
S2140073400320FDF7D3FC274B2C4ADA66FAF790FBAE
S21400735082460DF10F00FEF79DF92B4B1B788346F6
S2140073600BB1FEF7C9FEBBF1030F0ED1DFF87CB000
S2140073700020FEF78FF9032807D1DBF88C30D903FD
S214007380F6D4DBF874300C2BF2D99DF80F30032BB3
S21400739006D11E4B012250461A70FAF7EBFFC9E7DA
S2140073A01B4BD3F8E03013F4A02FF2D1FEF7B8FE53
S2140073B05046FAF7DFFF4FF48043BCE70220FDF7A4
S2140073C095FC01235BE7B8F1000F7FF473AF05B0BF
S2140073D0BDE8F08FD0170020BF17002000500844EB
S2140073E000500846005008401000000200400840C8
S2140073F0001000210040084474170020000001011E
S214007400004008460000010DBE170020BB170020F4
S21400741000100840FFF702BCFFF700BCFFF7FEBBFA
S214007420FFF7FCBB0B4B10B55C691A6A1440A2B29E
S214007430DA61E20704D55868C0F30360FAF78FFBF9
S214007440630706D5BDE81040042200200021FEF7A1
S214007450DDBE10BD00400840FFF7E0BB0C4A08B593
S214007460136BD16B0B409363DB070FD5094B187872
S2140074704FF42A62122100F00100FCF7BBFBBDE8C6
S2140074800840002201200021FEF7C0BE08BD00BF54
S21400749000700840C8170020044BDA6FD207FCD4EF
S2140074A01A6FD96F0A409A67704700BF00300840CD
S2140074B070B50D461446FAF7DBFA064BD3F8B06EF5
S2140074C074402C407440C3F8B04EFAF753FF06EAF7
S2140074D0050070BD00100021034BD3F8B03E994361
S2140074E00CBF012000207047001000217047436B3E
S2140074F003F06003402B0DD0602B03D0203B584296
S2140075005841704749B10B68012B06D9486940F0CD
S2140075100100704740F201107047002070470000DD
S21400752009490A4AD1F8EC0010B504230124C2F830
S214007530EC308C624FF400515162410744BF02F1B7
S2140075400072C2F8EC3010BD00100840001008446D
S21400755037B5204D0C4641B90A460721FFF7A8FF6C
S2140075601D4BEC625C6003B030BD07221146FFF78E
S2140075709FFF1A4B07225A60237985F82C306379CF
S2140075800193012101A801F00DFB019BC2B2D3407B
S21400759000F00F0040EA031085F82D00A27985F868
S2140075A02E20E27985F82F202068286383B1028890
S2140075B001218B4205D82379013B1344084A936185
S2140075C0D1E730F81150AA4228BF2A460131F0E729
S2140075D01A46F0E7001F00212C1F00210000084477
S2140075E000000840431C07D0044B6FF0FF029A616E
S2140075F003F1007310409861704700BF00700844A4
S214007600034670B10268022A0BD9426A12F47F4F11
S214007610C2F3072006D01B6AD2B25A43B2FBF0F080
S214007620704700207047000000F01803182B0AD09F
S21400763003070AD410F0100040F2011318BF1846D2
S214007640034B986470470020FAE70120F8E700BF74
S214007650001F0021344B2DE9F7431E6801F4007922
S21400766000F00103174653EA090205460C462ED0E1
S2140076704FF0000803B30023002201200021CDE9CB
S2140076800088FEF7DBFD41463046FDF799FF414690
S21400769070830120FCF72CF8716B06F1A400FEF74E
S2140076A00DF822490868FFF79DFF4FF0FF330B6087
S2140076B0337C43F004033374B9F1000F07D0012183
S2140076C03046FCF749FA24F4007405430C43D6E927
S2140076D03E232A40234052EA030103D01449304691
S2140076E009688847FB070FD51249134A08681368CC
S2140076F000211160114A0121117003B19847104B07
S21400770000215B680220984717F00E0F08D040F261
S214007710F3123B21002003B0BDE8F043FCF76ABA41
S21400772003B0BDE8F08300BF6013002058000020BF
S2140077305C000020F8170020FC170020001800202E
S21400774028000020F7B50446D4E93EC71046DDE918
S21400775008268CEA020587EA06010540194085EAF4
S2140077600C057940C4E93E5123F4004106EA0103C2
S21400777020F00100002543F40073024043F00203AA
S214007780CDE90055FEF75AFD237C9A0717D5D4F8A5
S214007790FC309B0513D54FF488112046FCF7DCF926
S2140077A0237C65F341032374D4E93E2302400B4057
S2140077B052EA030103D0034920460968884700209F
S2140077C003B0F0BD5C00002038B10368044A002B0B
S2140077D008BF1346034A13607047014BFAE700BF21
S2140077E0ED7400005C000020024B586B00F00F00A8
S2140077F0704700BF001F00210F2938B505460C460C
S2140078000ED801F027F801280CD1074A536B23F055
S2140078100F0323435363284601F088F8002038BD41
S2140078200120FCE70220FAE7001F0021014B986BBD
S214007830704700BF001F0021014B0020996370476E
S214007840001F002103282DE9F7434CD8274B13F8D7
S2140078500080274B1E5C274B13F80090FAF708F9B8
S2140078600746FEF7A5FE054640B10023CDE90033E6
S2140078700022002301200021FEF7E0FCFEF7A0FE18
S21400788048B10023CDE900330022002300204FF446
S2140078900041FEF7D3FC26B3174B5C6C04F00804DB
S2140078A0164B31465C644046FFF78CF84A46314634
S2140078B04046FFF7F1F8124B5C6465B1114B18684F
S2140078C0416BA430FDF7FAFE0F490868FFF78AFE01
S2140078D04FF0FF330B60384603B0BDE8F043FAF7CD
S2140078E049BD3446DCE703B0BDE8F083A89B000042
S2140078F0A49B0000A09B0000000008400000084475
S214007900000008466013002058000020104AD2F8F5
S214007910883013F0A00F16D1D2F88C0010F00400B7
S21400792013D10C4BD3F8E03E23F07F4323F0FF0344
S2140079305BB15368C3F30362092A07D0B2F10C00A7
S21400794018BF01207047002070470120704700BF15
S214007950004008400010002170B50D46064620B9CC
S214007960194B1B68A3B1032011E000F073FF012838
S21400797028D1164B93F90040C4F11C04641BC4F1D3
S2140079801C03002BB8BF5B42232B0CDD012070BD0F
S21400799081EAE173A3EBE173DBB2232BF6D80B4B42
S2140079A019700020F3E7B574FAF762F8084A5369CD
S2140079B0E40223F4FF2304F4FF241C435461FAF783
S2140079C0D9FCEEE70220E2E760130020F017002063
S2140079D00070084090F8C23053B9074BDA6992023B
S2140079E008D49B6F13F4706F14BF012000207047FB
S2140079F0002070470120704700600840F8B5436BD0
S214007A0002EA010523EA01032B434363344A01F0EB
S214007A100B030C4623EA0501516402F100722B4069
S214007A2061070646536411D50121FFF7D3FF68B1FD
S214007A30FEF75EFF15F0040F14BF2A4A2A4A4FF4D9
S214007A400073D361294B0422C3F88820E20606D5CA
S214007A5015F0100F264B14BF00221B22DA642306F3
S214007A601DD52F0616D51F4B4FF400129A6103F151
S214007A707E430122C3F8F820F9F7FAFF0E210746E5
S214007A800320FDF73BFD1A4B40F201225A623846AE
S214007A90FAF770FC294606F1A400FDF70FFEE00594
S214007AA003D5E90516D5FDF7F3FCA20503D5AB050E
S214007AB013D5FDF7FDFC14F0600F09D0D6F894102E
S214007AC03046FFF714FD0B4B58640B4B80229A6030
S214007AD00020F8BDFDF7D4FCE7E7FDF7E1FCEAE798
S214007AE0000008440060084600600844004008445F
S214007AF000000840001F002100400840014B986924
S214007B00FDF70EBD00600840D0F894304BB11A68FF
S214007B10022A06D993F8250028B11B6AB3FBF0F0B9
S214007B207047FBF7F7BD7047014B9869FDF722BD1C
S214007B300060084008B50146D0F89400FFF760FDE5
S214007B4020B9BDE808400846FBF7E6BD08BD0000C2
S214007B50437C5A1F012A01D9082B05D14B7C2BB137
S214007B60012B05D0022B05D0FFF7E4BF0248704773
S214007B70024870470248704720A1070048E8010005
S214007B8040420F0070B50E46F9F772FF054600F04A
S214007B9085FE044620B12846FAF7ECFB204670BD69
S214007BA0FEF7A6FE114B3278D3F8E03E022A23F009
S214007BB0F00316D0101F42424241520043EA02131D
S214007BC07278022A0FD0111F4A424A41520043EAF5
S214007BD08213064AC2F8E03E054B0422C3F888200A
S214007BE0D9E70122EAE70122F1E700BF00100021F1
S214007BF00040084470B50E46F9F73AFF054600F017
S214007C0065FE044620B12846FAF7B4FB204670BD50
S214007C10FEF76EFE104B3278D3F8E03E022A23F0D1
S214007C200F0315D0101F4242424152001343727890
S214007C30022A0FD0111F4A424A41520043EA8203E9
S214007C40054AC2F8E03E054B0422C3F88820DAE76E
S214007C500122EBE70122F1E7001000210040084472
S214007C60F8B50E7890F8D070044630460D46FCF70E
S214007C7087FB002844D094F8D030B34208D1AA88B5
S214007C80636C9A4204D16A88B4F8D2309A4235D0EE
S214007C9084F8D060AB88A4F8D4306B88A4F8D230CF
S214007CA0AB886364FF2363753046FCF727FC04F15A
S214007CB0D00520752846FCF7A9FE10BB2846FCF721
S214007CC055FBF0B9D4F8903053B194F8D010B942BF
S214007CD006D0B3F912202046F9F742FF84F8D900FF
S214007CE02046FCF76DFD0949A4F8D400084AD1F8EF
S214007CF0F810012304F1A400FDF7D8FF0020F8BD1A
S214007D0001200E2384F8D030F9E700BF001F0021C1
S214007D10681F002170B5054690F8D0000E280C4666
S214007D201DD0FF291DD01AB10F4B4FF0FF321A603D
S214007D30FCF7E4FB064695F8D000FCF7CBFB844244
S214007D4028BF0446E4B2B44238BF3446E0B2687591
S214007D50FCF77EFCA0F1FF035842584170BD02209C
S214007D60FCE70120FAE700BF3400002010B590F8C9
S214007D70D0300E2B04462BD00175D0F8900020B3DF
S214007D80D4F8A0304BB994F8D9308B420BD32046A8
S214007D900022BDE81040FFF7BDBFB4F92420B0F9BB
S214007DA012309A42F3DD94F8D91000222046FFF7ED
S214007DB0B1FF60B9C4F890002046FBF754FE0146B8
S214007DC02046BDE81040FBF7EDBDFF23637510BDF0
S214007DD00220FCE70346D0F8D0000860B3F8D430A1
S214007DE08B80002070470000C36B012B01D1002060
S214007DF0704770B5364BD0F89060D3F8F830C0F8BE
S214007E00943086B03146058B0446FDF7A7FDB3894E
S214007E108DF80600D6E90121EB1A9BB201FB03227E
S214007E2068460021ADF804300092FDF7F9FD38B938
S214007E30284B228BDA63FCF7B7FD20B106B070BD85
S214007E40022006B070BD227C60F341022274FDF76A
S214007E50A5F9D4F890305969431EDBB2096802913F
S214007E60FD2B02460BD9CD1C09D91B4B01311B68D3
S214007E700CD0D81C07D802A92046029301E002A91C
S214007E802046FCF743FA002006B070BDD91C04D883
S214007E9002A920460293FCF739FAD4F8FC309B0579
S214007EA004D4237C43F002032374ECE74FF48031C0
S214007EB02046FBF751FED4E93E2302400B4052EA2F
S214007EC00301E0D00549204609688847DBE700BF84
S214007ED0001F002100300840440000205C00002005
S214007EE04FF48071FFF7F8BA38B590F8DC400546D5
S214007EF0ACB1F9F7BDFD0A4B1F22DA61013C03F174
S214007F0000731440DC6103F17A43D5F8E0201A666A
S214007F10D5F8E4205A66BDE83840FAF72BBA38BDE3
S214007F20006008442DE9F74F06461546084619B97D
S214007F30012003B0BDE8F08F002AF9D0032904D849
S214007F400021FCF71DF90028F2D082780488037916
S214007F5090F805B0C788B0F90000002802F00701C5
S214007F60C0F2D280A1F1070CDCF1000040EB0C005F
S214007F70052928738CBFC2F300100020C2F3801CB2
S214007F806873900985F810C000F00200C2F3C00CB8
S214007F9040EA0C00C2F340126874AA74AF820BB9B0
S214007FA096F8CA30013BDBB2EB74736BD80600F16F
S214007FB097800639012900F29380544BDB6C544BB2
S214007FC05A6B1B6B03F0070306334FF0010909FADF
S214007FD003F909F1FF39083C42F0005804EA0904A5
S214007FE0002318F804A0AB60013404EA0904631DFA
S214007FF003EA09035A1C02EA090218F8037018F883
S2140080000220BAF1800F47EA0227727C18BFAAF155
S214008010320A3BB214BF4FFA8AFA6FF07F0AC7F3F0
S2140080200B079AB30020D6F89C300BB15146984700
S214008030631C03EA0903E87385F80EA018F803101A
S214008040013303EA090318F80320013303EA09039E
S21400805041EA022118F80320013303EA090341EA42
S214008060024118F803006A7C002341EA00613046AA
S214008070FDF75EFF2860737C042B03D1042FDCBF62
S214008080033028600423AB71002052E7D90423D5BF
S214008090D6F894309BB11A68022A10D993F82400B7
S2140080A0FB0008B1B3FBF0F39B45BBD8002BB9D05F
S2140080B0CBEB0B20B0FBF3F0C043C0B2B3E72946CE
S2140080C03046FFF745FD01903046FFF71DFD019B4A
S2140080D0B3FBF0F0C0B2E3E718F804004000ECE7AA
S2140080E00023EB730B4BDA68C2F30723120448BF76
S2140080F063F0FF035AB212F1800F1CBF323B5AB234
S2140081000023AA732B60BEE7022012E70000084097
S2140081100010084000700840F8B5977906461446E7
S214008120FFF700FF054648B9A3793BB12146A77182
S2140081303046FFF70DFD2146FDF7B6FE2846F8BD92
S2140081403F2B084610B5114619D9B3FA83F3C3F18D
S2140081501902D2B2062A01D8192B0ED0062A28BF39
S2140081600622931DDBB201249C40A4B2A14228BF84
S2140081702146FBF7F9FD204610BD0022F1E700245A
S214008180F9E713883F2B10B5084616D9B3FA83F3E0
S214008190C3F11901C9B2062901D8192B0BD006293B
S2140081A028BF06218C1DE4B20123A3401380FBF7F1
S2140081B0F9FD002010BD0021F4E70120FAE7FFF7E3
S2140081C0AFB9000070B50A4B0A4DD3F8EC604FF417
S2140081D08064C5F8EC400020FEF73AFC4FF40053EC
S2140081E06B65730544BF044BC3F8EC4070BD00BF1D
S2140081F0001008400010084400100846082318B174
S214008200024AC2F888307047014AFAE7004008463A
S2140082100040084410B5084614460121FDF7DAF878
S21400822020460121BDE81040FDF7D4B8F8B5044655
S2140082300E4611B9037C5A065FD4464BA18BD3F881
S2140082408420D4F8947012F4E05F04BF2022C3F8B0
S21400825010224FF6FF73994260D03F4B1B68002BED
S2140082605CD03E4D20469847D4F894102A688A423F
S21400827007D02046FFF73BF9394B5864394B80202E
S214008280986097424FD0384B1B684BB11FB13A6885
S214008290002A58D0BF68394620469847D4F894102C
S2140082A00846FFF7ADF9002849D03049FDF754FCE1
S2140082B007272046FCF784FA002E36D02C4B94F97C
S2140082C0122093F900302B49D4F89400C3F11C0314
S2140082D09B1A4A69DB0222F4FF2203F4FF231343AE
S2140082E0254A4B61254B286006211167204601224E
S2140082F01A7000F01BFB0020F8BD61F38613154AC8
S2140083000374D2F88430D0F894704FF6FF7113F4EB
S214008310E05F818302D12023C2F810320F4D2A6815
S214008320BA423946A5D10127C3E70D4B0F4AD3F809
S214008330F81004F1A4003B46FDF7B8FCBEE7204663
S214008340FBF7EAF9B1E71746394620469847D4F8CE
S2140083509410A5E700600840F4170020E8170020F6
S214008360001F002100400840EC170020681F002175
S214008370F01700200070084000000844F1170020A5
S21400838002484822002101F0C9B900BFE41E0021BE
S214008390002373B583746423C0E92C33C0E92E33FD
S2140083A04FF0FF35C0F8AC30A0F8C0300E264FF6C0
S2140083B0FF73C0E9075580F8D060456485828375F1
S2140083C004461120F9F770FF042834D11B4B5B6874
S2140083D013F4403F2FD12046FEF7FAF82046FFF769
S2140083E0CFFF94F912102046FFF7B6FA144A60231E
S2140083F0536402F5805240F6FF7151625165114A8E
S2140084005364114B4022C3F88820626B29462046ED
S214008410FFF7F4FA002240F2022310461946CDE98F
S2140084200066FDF70BFFFCF73FF8204602B0BDE8FC
S2140084307040FBF7A7BB022002B070BD00300E40B4
S21400844000000840000008460040084470B50C686C
S214008450B0F8D4208D680346013404BFD3F8AC408E
S2140084600C604C68013404BFD3F8B8404C606E1CF6
S21400847000F1A40038D1D3F8B440CE688C60751CE7
S21400848038D1D3F8B0500E69CD60013604BFD3F8AA
S214008490A4600E614E69013604BFD3F8A8604E6131
S2140084A08E69013604BFD3F8BC608E618E693EB318
S2140084B04132B24238BF32460E688A61C3F8B440D1
S2140084C04C68C3E92E420A69C3F8A4204A690D49DC
S2140084D0C3F8A820C3E92B650B4AD1F8F810072388
S2140084E0FDF7E4FB002070BD02F14104AC4238BF4A
S2140084F02C46C2E702F16405B54238BF3546C2E7EE
S2140085006422D9E7001F0021681F002138B5F9F75B
S214008510AFFA0B4A13884FF6FF718B4203D1F9F777
S21400852029FF032038BD074C074DE56504F10074AC
S2140085301B04E3651180F9F71DFF0020F2E700BF7A
S21400854054000020006008440000FFFF2DE9F341BE
S21400855005460F461646FFF7D9F9A0B1DFF8548254
S214008560D8F80C30DB0704D40324204602B0BDE85C
S214008570F081F9F77DFA04460320FCF7D9FC20B118
S2140085802046F9F7F7FE0224EFE7D8F80C3013F090
S214008590060FF5D12046F9F7EDFE7A4B4FF4006151
S2140085A02846D3F8E08ED3F8B84EFEF795FF40B1D4
S2140085B0754B4FF400720121C3F888200846FBF77C
S2140085C097F839462846FBF7EDF96E4BC3F8B84ED8
S2140085D0C3F8E08E04460028C7D12B7CDF0601D402
S2140085E0002E58D0C6F34000FEF748F916F4807FF8
S2140085F014BF664A644A4FF002031BBFC2F88830B5
S214008600634AC2F8883000211CBFD1609362FEF72F
S2140086106FF916F0040F14BF5E4A5F4A4FF480638A
S214008620D361594B042216F0400FC3F8882014BFBC
S2140086305A4A5B4A40233046C2F88030FEF7F4FFC1
S2140086402846FFF74DFC40B116F0010F14BF4F4A05
S2140086504D4A4FF48073C2F88830B00642D56B8C12
S2140086604FF6FF7293420FD04E4A4F49D26D100C10
S214008670C2F30112088001324749B3FBF2F3454AC0
S2140086804A48C8651B04D3652B7C003E18BF0126EC
S21400869066F304132B74284600F034F9C0B328465A
S2140086A0FFF71EFCD0B14FF400312846FEF714FF4A
S2140086B0431C9BB20322364801A9FBF7D9FB9DF861
S2140086C0042002F00703052B9DF8053013D111078F
S2140086D00BD443F48073364AC2F8C0300020FBF750
S2140086E02CFE42E7FFF712FFCEE713F0040F09D186
S2140086F09DF80630EDE703F03002202A05D113F08E
S214008700010FF4E74FF48073E5E79DF80630E2E7E3
S214008710284600F028FA0028E0D02846FFF7E0FBBD
S2140087200028DBD0EB7CA3F10C02012A16D82B8B99
S214008730032B19D01E4B93F8C93003F00703072B01
S21400874016D013480621FBF79CFB421C3FF40CAFE7
S21400875000F00F00164B83F8C800BFE70F2BE6D0DB
S214008760102BE4D00E2B01D1092102E0112BE0E7FB
S21400877008210748FBF785FB431C3FF4F5AEC0B263
S214008780E8E700BF0010002100400844004008460B
S2140087900010084000600846006008440070084664
S2140087A00070084400600840540000200000FFFFEE
S2140087B0001E00210050084038B504461D46FFF74D
S2140087C0C5FE28B929462046BDE83840FEF710B851
S2140087D038BD7047054BD3F8880003F180634FF42B
S2140087E00022C3F88820C0F3C0407047004008400D
S2140087F0014B024A1A607047EC17002051750000C2
S21400880038B50446817515464AB100F0ACF908B98A
S214008810002016E0237C43F080032374F8E7084624
S214008820FCF76CF9FF28A07508D0204600F09BF9ED
S2140088300028EDD0237C65F3C713EEE7FCF7B4F908
S214008840012038BD024BD86800F00100704700BF19
S214008850005008400F4B5B68C3F30363013B0B2BD0
S2140088600FD8DFE803F006060C06060606080A0818
S2140088700808022070470420704705207047032030
S2140088807047054BDB6813F0060F0CBF0120042071
S214008890704700BF00400840005008400A4A53682E
S2140088A0C3F303630B2B08D06FF49050184100F00D
S2140088B0010080F0010040007047D2F8880010F4F4
S2140088C08030ECD1704700BF004008400C4A536827
S2140088D0C3F30363062B07D8042BD8B20CD8C31EE9
S2140088E05842584140007047072B07D1D2F8440140
S2140088F010F00050EBD17047022070470020704700
S214008900004008408021FEF7E7BD0000024B1B68D0
S21400891003B11847704700BF08180020024B1B68B9
S21400892003B11847704700BF0418002038B5054645
S214008930FEF77CFF04462846FEF756FF072811D1AF
S214008940D5F89030DB6924F47F4121F0080103B1AB
S2140089505B7841EA032141F020012846BDE8384013
S214008960FEF76ABF24F02001F7E7000070B5174C49
S214008970174D0F2311F0010FE365164B19D04AB9B6
S2140089800122DA65C4F8FC50026CC2F31302C3F885
S214008990FC2070BD0222DA65C4F8FC50026CC2F3FB
S2140089A01302C3F8FC200C4BC1640222C3F8B820A3
S2140089B0EFE70226DE65C4F8FC50046CC4F313042B
S2140089C0C3F8FC40002AE4D0EDE700BF006008448E
S2140089D0FFFF0F00006008460010084013B5437CF8
S2140089E0033BDBB2072B96BF104A0021D15C04463E
S2140089F0FEF722FF0120FCF7C3FB0D4B4FF4F0629D
S214008A005A6403F100734FF400725A64637C053BAA
S214008A10012B08D8074B04211B6E019301220DEB96
S214008A200100FBF749FA02B010BD00BFAC9B000086
S214008A300000084400600840012310B580F8C230EA
S214008A402823C0F8A83004234374054B044619684D
S214008A50FAF7D4FF2046FFF7C1FF002010BD00BF85
S214008A602CBA0000012310B580F8C2302823C0F8C5
S214008A70A83002234374054B04461968FAF7BEFF74
S214008A802046FFF7ABFF002010BD00BF30BA000045
S214008A9010B50446FFF7E6FF2046BDE81040FFF796
S214008AA09DBFD0F8E0308B4270B504460D461646A2
S214008AB003D190F8DC30202B1AD0EA071FD5002E01
S214008AC014BFAA23552393FAA3F31B0B03F47023B6
S214008AD095FAA5F243EA12432364202384F8DC3097
S214008AE00023C4F8E050C4F8E4302046FFF7FCF951
S214008AF0324629462046BDE87040FFF737BFAA2316
S214008B00E1E7000030B5134D134C07236B63134B9E
S214008B1069B1442140F04000D962186301236363C1
S214008B204FF4804392B1C4F8A0300A4A07E0D962F5
S214008B30094A19634FF480436163C4F8A030C2F851
S214008B40A430C2F8A830C2F8AC3030BDC5F8A030AA
S214008B50EBE700BF0000084400000846000008409D
S214008B600020002170474021FEF7B6BC0020704769
S214008B70024B99685A690A401A61704700400440DF
S214008B8008B5FFF7F5FF054B5B7B01330122DBB22F
S214008B9002FA03F3024A136108BD00BFD017002093
S214008BA00040044000228A4202D14FF0FF30704756
S214008BB050F8223093FAA3F30BB90132F3E7B3FA75
S214008BC083F000EB4210704753B94AB9002908BF3A
S214008BD000281CBF4FF0FF314FF0FF3000F06AB99D
S214008BE0ADF1080C6DE904CE00F006F8DDF804E0FF
S214008BF0DDE9022304B070472DE9F047089D0C46D6
S214008C00002B4ED194468C458646B2FA82F262D943
S214008C104AB1C2F12003914020FA03F30CFA02FC99
S214008C20194300FA02FE4FEA1C471FFA8CF6B1FB06
S214008C30F7F44FEA1E4307FB141143EA014304FB13
S214008C4006F199420AD91CEB030304F1FF3080F0C9
S214008C501381994240F21081023C6344591A1FFA6C
S214008C608EF3B1FBF7F007FB101143EA014300FB5C
S214008C7006F69E420AD91CEB030300F1FF3180F092
S214008C80FD809E4240F2FA80634402389B1B40EA15
S214008C90044000211DB1D3400022C5E90032BDE8E2
S214008CA0F0878B4205D90DB1C5E9000100210846C1
S214008CB0F5E7B3FA83F1002946D1A34202D39042E6
S214008CC0C0F0F180861A64EB03030120002DE6D085
S214008CD0C5E90063E3E7002A40F09180A1EB0C04AD
S214008CE04FEA1C481FFA8CF70121B4FBF8F64FEA4E
S214008CF01E4308FB164443EA044307FB06F098426B
S214008D0008D91CEB030306F1FF3402D2984200F2A6
S214008D10CE8026461C1A1FFA8EF3B4FBF8F008FB2A
S214008D20104443EA044300FB07F79F4208D91CEBB4
S214008D30030300F1FF3402D29F4200F2B1802046C6
S214008D40DB1B40EA0640A5E7C1F120068B4022FA6D
S214008D5006F71F4320FA06FC04FA01F343EA0C0365
S214008D60F44000FA01F8380C4FEA1349B4FBF0FE61
S214008D701FFA87FC00FB1E4449EA04440EFB0CF96C
S214008D80A14502FA01F20AD93C190EF1FF3A80F029
S214008D908580A14540F28280AEF1020E3C44A4EBF1
S214008DA009041FFA83F9B4FBF0F300FB134449EA05
S214008DB0044403FB0CFCA44507D93C1903F1FF301F
S214008DC068D2A44566D9023B3C4443EA0E40A0FB69
S214008DD00293A4EB0C049C42CE469C4652D34FD042
S214008DE055B1B8EB0E0364EB0C0404FA06F6CB4060
S214008DF0CC401E43C5E900640021BDE8F087C2F1FF
S214008E00200320FA03F10CFA02FC24FA03F3944040
S214008E100C434FEA1C4800FA02FE1FFA8CF7B3FB1D
S214008E20F8F008FB1031230C43EA014300FB07F17E
S214008E30994208D91CEB030300F1FF362CD2994265
S214008E402AD9023863445B1AA4B2B3FBF8F108FBD4
S214008E50113344EA034401FB07F3A34208D91CEB91
S214008E60040401F1FF3613D2A34211D90239644437
S214008E70E41A41EA004138E70446EFE6084605E70B
S214008E80C845ADD2B9EB020E63EB070C0138A7E775
S214008E903146EDE7034698E73046D4E7D6467EE708
S214008EA0634402384CE70646234608460EE7023E71
S214008EB063442FE7704700BF81F0004102E000BF27
S214008EC083F0004330B54FEA41044FEA430594EA85
S214008ED0050F08BF90EA020F1FBF54EA000C55EAC0
S214008EE0020C7FEA645C7FEA655C00F0E2804FEA91
S214008EF05454D4EB5555B8BF6D420CDD2C4480EA73
S214008F00020281EA030382EA000083EA010180EAA2
S214008F10020281EA0303362D88BF30BD11F0004FF0
S214008F204FEA01314FF4801C4CEA113102D0404226
S214008F3061EB410113F0004F4FEA03334CEA133361
S214008F4002D0524263EB430394EA050F00F0A78079
S214008F50A4F10104D5F1200E0DDB02FA0EFC22FA74
S214008F6005F2801841F1000103FA0EF2801843FA68
S214008F7005F359410EE0A5F120050EF1200E012A59
S214008F8003FA0EFC28BF4CF0020C43FA05F3C01897
S214008F9051EBE37101F0004507D54FF0000EDCF110
S214008FA0000C7EEB00006EEB0101B1F5801F1BD3B9
S214008FB0B1F5001F0CD349085FEA30004FEA3C0CBD
S214008FC004F101044FEA445212F5800F80F09A80B3
S214008FD0BCF1004F08BF5FEA500C50F1000041EBB7
S214008FE0045141EA050130BD5FEA4C0C404141EBBB
S214008FF00101013C28BFB1F5801FE9D291F0000FB6
S21400900004BF01460020B1FA81F308BF2033A3F164
S2140090100B03B3F120020CDA0C3208DD02F1140C5B
S214009020C2F10C0201FA0CF021FA02F10CE002F196
S2140090301402D8BFC2F1200C01FA02F120FA0CFC8F
S214009040DCBF41EA0C019040E41AA2BF01EB0451D8
S214009050294330BD6FEA04041F3C1CDA0C340EDCD6
S21400906004F11404C4F1200220FA04F001FA02F319
S21400907040EA030021FA04F345EA030130BDC4F1D7
S2140090800C04C4F1200220FA02F001FA04F340EACC
S2140090900300294630BD21FA04F0294630BD94F07D
S2140090A0000F83F4801306BF81F480110134013D64
S2140090B04EE77FEA645C18BF7FEA655C29D094EAD5
S2140090C0050F08BF90EA020F05D054EA000C04BF53
S2140090D01946104630BD91EA030F1EBF002100203E
S2140090E030BD5FEA545C05D14000494128BF41F0DD
S2140090F0004130BD14F580043CBF01F5801130BD41
S21400910001F0004545F0FE4141F470014FF00000CB
S21400911030BD7FEA645C1ABF194610467FEA655C7C
S2140091201CBF0B46024650EA013406BF52EA03351E
S21400913091EA030F41F4002130BD00BF90F0000F0C
S21400914004BF0021704730B54FF4806404F1320448
S2140091504FF000054FF0000150E700BF90F0000F01
S21400916004BF0021704730B54FF4806404F1320428
S21400917010F0004548BF40424FF000013EE700BFF8
S21400918042004FEAE2014FEA31014FEA02701FBF88
S21400919012F07F4393F07F4F81F06051704732F0BA
S2140091A07F4208BF704793F07F4F04BF41F4002111
S2140091B0704730B54FF4607401F0004521F000416F
S2140091C01CE700BF50EA010208BF704730B54FF0F9
S2140091D000050AE050EA010208BF704730B511F0FA
S2140091E0004502D5404261EB41014FF4806404F132
S2140091F032045FEA915C3FF4D8AE4FF003025FEAB8
S214009200DC0C18BF03325FEADC0C18BF033202EB3B
S214009210DC02C2F1200300FA03FC20FA02F001FA95
S21400922003FE40EA0E0021FA02F11444BDE600BF38
S21400923070B54FF0FF0C4CF4E06C1CEA11541DBFE7
S2140092401CEA135594EA0C0F95EA0C0F00F0DEF8B2
S2140092502C4481EA030621EA4C5123EA4C5350EA97
S214009260013518BF52EA033541F4801143F48013E8
S21400927038D0A0FB02CE4FF00005E1FB02E506F079
S2140092800042E0FB03E54FF00006E1FB03569CF0CE
S214009290000F18BF4EF0010EA4F1FF04B6F5007FD4
S2140092A064F5407404D25FEA4E0E6D4146EB060646
S2140092B042EAC62141EA55514FEAC52040EA5E50CF
S2140092C04FEACE2EB4F1FD0C88BFBCF5E06F1ED879
S2140092D0BEF1004F08BF5FEA500E50F1000041EBB0
S2140092E0045170BD06F0004646EA010140EA02005D
S2140092F081EA0301B4EB5C04C2BFD4EB0C0541EA7F
S214009300045170BD41F480114FF0000E013C00F393
S214009310AB8014F1360FDEBF002001F0004170BDB7
S214009320C4F10004203C35DA0C341BDC04F11404D0
S214009330C4F1200500FA05F320FA04F001FA05F25C
S21400934040EA020001F0004221F0004110EBD37029
S21400935021FA04F642EB06015EEA430E08BF20EA55
S214009360D37070BDC4F10C04C4F1200500FA04F3F8
S21400937020FA05F001FA04F240EA020001F000418A
S21400938010EBD37041F100015EEA430E08BF20EAFD
S214009390D37070BDC4F1200500FA05F24EEA020E45
S2140093A020FA04F301FA05F243EA020321FA04F074
S2140093B001F0004121FA04F220EA020000EBD3702B
S2140093C05EEA430E08BF20EAD37070BD94F0000F2B
S2140093D00FD101F00046400041EB010111F4801F5F
S2140093E008BF013CF7D041EA060195F0000F18BF10
S2140093F0704703F00046520043EB030313F4801F4C
S21400940008BF013DF7D043EA0603704794EA0C0F05
S2140094100CEA135518BF95EA0C0F0CD050EA41061B
S21400942018BF52EA4306D1D181EA030101F0004198
S2140094304FF0000070BD50EA410606BF10461946C0
S21400944052EA430619D094EA0C0F02D150EA0136CC
S21400945013D195EA0C0F05D152EA03361CBF10460D
S21400946019460AD181EA030101F0004141F0FE41AC
S21400947041F470014FF0000070BD41F0FE4141F430
S214009480780170BD70B54FF0FF0C4CF4E06C1CEA30
S21400949011541DBF1CEA135594EA0C0F95EA0C0FE5
S2140094A000F0A7F8A4EB050481EA030E52EA0335A0
S2140094B04FEA013100F088804FEA03334FF08055C1
S2140094C045EA131343EA12634FEA022245EA1115EE
S2140094D045EA10654FEA00260EF000419D4208BF9F
S2140094E0964244F1FD0404F5407402D25B084FEA4C
S2140094F03202B61A65EB03055B084FEA32024FF4F8
S21400950080104FF4002CB6EB020E75EB030E22BF54
S214009510B61A754640EA0C005B084FEA3202B6EB14
S214009520020E75EB030E22BFB61A754640EA5C00C3
S2140095305B084FEA3202B6EB020E75EB030E22BF53
S214009540B61A754640EA9C005B084FEA3202B6EB54
S214009550020E75EB030E22BFB61A754640EADC0013
S21400956055EA060E18D04FEA051545EA16754FEA75
S21400957006164FEAC30343EA52734FEAC2025FEA93
S2140095801C1CC0D111F4801F0BD141EA00014FF022
S21400959000004FF0004CB6E711F4801F04BF0143F3
S2140095A00020B4F1FD0C88BFBCF5E06F3FF6AFAE0F
S2140095B0B5EB030C04BFB6EB020C5FEA500C50F19F
S2140095C0000041EB045170BD0EF0004E4EEA113122
S2140095D014EB5C04C2BFD4EB0C0541EA045170BD29
S2140095E041F480114FF0000E013C90E645EA060E6D
S2140095F08DE60CEA135594EA0C0F08BF95EA0C0F9B
S2140096003FF43BAF94EA0C0F0AD150EA01347FF4E2
S21400961034AF95EA0C0F7FF425AF104619462CE7B9
S21400962095EA0C0F06D152EA03353FF4FDAE10461C
S214009630194622E750EA410618BF52EA43067FF46D
S214009640C5AE50EA41047FF40DAF52EA43057FF4FD
S214009650EBAE12E74A0011D212F5001211D20DD568
S2140096606FF47873B3EB62520ED44FEAC12343F023
S214009670004343EA505323FA02F070474FF00000CD
S214009680704750EA013002D14FF0FF3070474FF07C
S2140096900000704708B5064B044613B10021AFF32F
S2140096A00080044B1B6803B19847204600F036F94B
S2140096B0000000004419002070B50D4D0D4C641BD1
S2140096C0A4100026A64209D10B4D0C4C00F028F938
S2140096D0641BA4100026A64205D170BD55F8043BB5
S2140096E098470136EEE755F8043B98470136F2E70F
S2140096F0BC000020BC000020BC000020C0000020F1
S2140097000A44914200F1FF3300D1704710B511F8BA
S214009710014B03F8014F9142F9D110BD02440346B4
S214009720934200D1704703F8011BF9E77047704772
S21400973070B50F4E0C463168054611B900F09EF81C
S21400974030602146284600F099F8431C03D14FF0BC
S214009750FF34204670BDC41C24F00304A042F8D099
S214009760211A284600F08AF80130F2D1EFE700BF50
S214009770501900202DE9F041CD1C25F003050835D1
S2140097800C2D38BF0C25002D064601DBA94204D956
S2140097900C2333600020BDE8F081314F00F062F802
S2140097A03B681C4644BB29463046FFF7C1FF431CB6
S2140097B0044650D13C682146002941D1002C44D0B3
S2140097C02368304604EB030800F058F880453CD187
S2140097D021686D1A29463046FFF7AAFF013034D0BB
S2140097E023682B4423603B68002B36D05A68A2427D
S2140097F029D100225A600EE02268521B1DD40B2A83
S21400980016D96119A342256018BF5960636808BF5E
S214009810396062514B60304600F02AF804F10B00C4
S214009820231D20F00700C21AB5D01B1AA350B2E7BA
S214009830A3426268DED13A60EDE723466468B1E78A
S2140098400C464968B8E71346CEE70C23336030462B
S21400985000F00EF89EE70560DDE75B60FFDE00BF08
S214009860541900200148FFF761BF00BF48190020C7
S2140098700148FFF75CBF00BF4819002038B5064D09
S2140098800023044608462B6000F03AF8431C02D139
S2140098902B6803B1236038BD4C190020024B0146EB
S2140098A01868FFF767BF00BF6C00002010B50139CD
S2140098B00244904201D1002005E0037811F8014FE0
S2140098C0A34201D0181B10BD0130F2E7884210B544
S2140098D001EB020402D98442234607D8431EA14264
S2140098E008D011F8012B03F8012FF8E702440146CF
S2140098F08A4200D110BD13F8014D02F8014DF7E77A
S214009900044A05491368002B08BF0B46184410602C
S21400991018467047581900205C190020FEE700BF63
S214009920F8B500BFF8BC08BC9E467047F8B500BF47
S214009930F8BC08BC9E467047B814B6F1E0CFF3AD4D
S214009940B7DD25C9FA79B713000201060409004FEE
S214009950544100081B00011800052A00022900F0E7
S2140099601921B4478FA4BFA14F63FDEED6141D0086
S214009970636032E0375EA488534E6DFB6435BFF7F4
S2140099800053A1811F582CD0A54540FC34F3274234
S21400999098009F3EE22E0ECFFFBF1E45CA8C68235E
S2140099A04A4F0016531EC44CBAAD9D324B6808CFC2
S2140099B07BC04C00FE5A24E12BAAA5B2E94617E963
S2140099C00A5CF02500F8927AAC96CDA9BFF249C1A0
S2140099D04A11CC770D000000B99A00000200000082
S2140099E003280000E09900000200000040787D0196
S2140099F000000000005A620200010000C0CF6A00AA
S214009A0002000000809FD50002010000002D3101F9
S214009A10020200000003010303030201020304051F
S214009A20060708090A0B0D0E0F101112131415164F
S214009A301718191A1B1C1D1E1F2021222324252639
S214009A40000C270013B779FAC925DDB7ADF3CFE0D0
S214009A50F1B614B80102000000000000000000008B
S214009A6008000000000101070000000000000000E0
S214009A7000000000000000000000000000000000E1
S214009A8000000000000000000000000000000000D1
S214009A900000000003070001000100F400000000C1
S214009AA0BF9A000002000000BC9A000002000000FE
S214009AB00101020A0000000000002800002A000041
S214009AC018000000000800FC389B00000100010799
S214009AD0E49A0000000800F8F49A00000000000075
S214009AE00000000083FFBFFFE2FFF1FFF9FFFEFF6B
S214009AF0000000009600FCFEF8006D23441FEEFFF9
S214009B00C700F20E8E37FAFF5C00A40324A7FFFFFF
S214009B103200D601AD3400001F003001004D0000B9
S214009B201200C000CA4A00000B006E00F73C00009E
S214009B3005001F002F2000008C00FCFEFFFF000029
S214009B4000000000FC00D2104C06FAFF75009B05D2
S214009B50F132FFFF3E0062020B35000025004B018C
S214009B60885F00001700E0005E5D00000E008C00BD
S214009B706A4F000007002500832800000000000050
S214009B804801000078130020FA04FA000033330A74
S214009B900A0A084000210000000000000000000043
S214009BA000000001000001010001010101010203A3
S214009BB0000000019D07000048700E0E44709A0DCC
S214009BC03070DA123C70DA163870F60D34701C0EEF
S214009BD03070700F2C70700F2870521124706A113C
S214009BE02070000E1C70F611187068121470FC0DB0
S214009BF0B110076001D80A7108B87F78020C7E7829
S214009C00641000C6A01F00218CB8707801B00768E9
S214009C100F305CB30F330111C048069846022FB0D0
S214009C2006D80C7109DD087100B853A809BB1110DD
S214009C30076801682148076004100112FF322150AE
S214009C4007605148076000880698841300C43C1FCC
S214009C50002103DD087214BA281400A000BA03DF3E
S214009C60107109DF06720298E8058CB8507800A0DB
S214009C704413281441158110076002D81471108807
S214009C800698F61B00C00C7008400698501E0091FF
S214009C9006985C020060B83020D8067190BC637CE1
S214009CA0084D5412F03240DE0472404804DB08725D
S214009CB00DDD0C72044BEF30144806989E0700C466
S214009CC0E01008404412076201322140084C287C0C
S214009CD0811140D91C72B1123032CF4A013AB1DA42
S214009CE0107208D8067104D80871B04C237C3E70F8
S214009CF0684C4412FF328722047580B8D84C81D84D
S214009D00307140D90472237C084B06989E0704BA2B
S214009D1088B9767900C1186008403579E04900793D
S214009D2006B904A901D86C72BC4C307C02982E028D
S214009D3008D83C7100C14C000840141110D930718D
S214009D40104C00C11400084014111814076100C517
S214009D50206008405415FF35047110491814A84CAB
S214009D60441207620132067102981201B84C08D8F4
S214009D700C7107BA24D8047106BA187004D80C718E
S214009D8001BA40D80E7102BA0A7005BA20D8047219
S214009D9003BA604C4411404C181407611814911112
S214009DA0383111429111076910D90472EF3200C19F
S214009DB00060084014111031016911422814A111E5
S214009DC0076118140698361E181400C10060084073
S214009DD014110769FF31181400C13C3008401411F3
S214009DE0181407611814308802480698480600932D
S214009DF008DB047101F800A05CB00F3000A01088EA
S214009E00B111076980D90A7100C1800008400811A5
S214009E10009100A000C400010840441000A000C04B
S214009E2020300E40041104101050F47200A0541597
S214009E30504512710698A8070698380718B8707823
S214009E4000B8417806983C0390BA5B7A5C7A5D7AF3
S214009E5000C218500840241200C14C1F00212811CF
S214009E600698001C2088008800C5401F0021541555
S214009E705112FF350762FF320698660201595129D2
S214009E80047511590090212920750698FA04069841
S214009E902A050698F602009203D80C728111076113
S214009EA002D90472FF0FBA7018B8727800F804D896
S214009EB042710088308800C0FC1F0021041000C1D9
S214009EC04C1F00211412012A215A00C318500840C2
S214009ED03413312A1A7500C0006008400410073099
S214009EE0FE200C76381108B87F78020C7E78009336
S214009EF0009000A000C0F41F0021041000BB1DB499
S214009F0000A000C1DC1F002114111088FF3100C51D
S214009F10FFFF0000311207620762513A513B0E7292
S214009F200698160D1159011201131E70311400887F
S214009F3031100698160D1159415C41280698180DE7
S214009F40513801130090012B0090208807600114FF
S214009F500760FF30215D411207620762312D0876E7
S214009F60FF34415C4128015D31100698180DFF3022
S214009F703088011300C0E01F00210410512B0C761E
S214009F80076801150768FF356070315BFF32212BCB
S214009F900C75076001150760FF354E7000C5E41F9D
S214009FA000215415076507655112FF35FF30012B58
S214009FB0087521100760327021100768FF30012BEA
S214009FC00A75211007600760207000C2E81F002194
S214009FD02412211007600760FF30012B087521103E
S214009FE00768067021100760FF300093009200C1DA
S214009FF00060084014142C490734FE242A761415F1
S21400A000F0BC076C513C076803680154107100C42B
S21400A010FF0FFFFF513C01444811311200C5E81FF5
S21400A02000215415FF350762076221435449141274
S21400A0302155FF355152281100A000DF067201138A
S21400A04014703111312B112B016300C1FF07000082
S21400A050113B012B00C278FEFFFF05B86EBD312A0A
S21400A060207505B8C8BDE8221875DCBD06B8DC2228
S21400A070107507B8F0220A7508B8E822047509B802
S21400A08000C10060084014122C490732FE221676E2
S21400A0900768036800C2FF0FFFFF1414213C014449
S21400A0A0481150BD544914122155FF3551522811FC
S21400A0B000A001D82C71008800C00470084004106D
S21400A0C08020FF301A7100C1B01E002114110761F4
S21400A0D020D9087106988204067006984A030090F4
S21400A0E000A002D8047200A00088069838071DB4A5
S21400A0F028B9112C408800C3EC1F002134144044BA
S21400A1005A7144130698A805411500C0006008401F
S21400A11004100730FD20447500C208700840241063
S21400A1200760FF3080DC34710698520D01591C4AD6
S21400A130241007600260FF300698520D0158B220C6
S21400A1400129541331100698520D11280A7504255A
S21400A15054155045EE720698A8050094009000A08D
S21400A1607FB9066100C01C60084006988A13041573
S21400A1705153113B3155581002988413EBBD00C063
S21400A1803C1F00210411113D10D91271FF33076BDB
S21400A19000C190400846381118B97479581000A0CC
S21400A1A006985C028024E4240D300472044800C142
S21400A1B01C510840141100C3D81E00219115043507
S21400A1C01A72181388BB08D804716C7B04D8047103
S21400A1D06A7B8CBB2F7C5B7B1670044B181388BB8A
S21400A1E008D804716F7B04D804716D7B217C0C3019
S21400A1F001600698240706980C0C0698D40700B849
S21400A200B111076940D906720298080701BC00C25E
S21400A2100060084000DC0A7124150165604A0A7077
S21400A2201C4A241507657C4A043508D92071202469
S21400A230512A241200C180000840320C28110762FF
S21400A24028110762281107622811500C00C1341F1C
S21400A2500021141200DC347120D8067101B80C708D
S21400A260F0DA0C720CDB087102B806982C0748244A
S21400A27000C3306108403413076380DB0E7102B9F7
S21400A280911308DB047203B906700C49141100C35D
S21400A29080000840FFB801201141087101411813E1
S21400A2A00824014200C12000084014110141036D3A
S21400A2B0514191152035016D51411813281348134B
S21400A2C000C37C000840341003D80C71073005DC4E
S21400A2D00671084B227B8CB8507800B800C1341F3A
S21400A2E00021141203682150F0300152281100A0FA
S21400A2F04024066400C0FFFF0100013C1DB00220A0
S21400A3000158402806751EAC01EC00A0208800C04D
S21400A3101850084004121DB4211304123052F8716C
S21400A320066C402400C3741F0021341014110698D4
S21400A330820D0669009211592129067600BB115933
S21400A34006983A0D80B80158013A0662313B04720D
S21400A350215A412A00A000C200010840317A00A01C
S21400A360308880B9076900C30000C0FF311031286B
S21400A37000BC002D0C7511541EAC01EC312DF47090
S21400A380066C51134155312C009300A000C02840A4
S21400A3900E400413315107610C3107691153381010
S21400A3A000A00698EC0800C0F41F002104110698CF
S21400A3B0D407217A237A00C30000100006981408F8
S21400A3C000C0541F00211DB1181000A000C0501F6F
S21400A3D000211DB1181000C09C1F00210410002D84
S21400A3E0067500B826A80698A80700C09C1F00217E
S21400A3F00410012C06750698380728B010B91159B4
S21400A40011380EB9114028A880B800C14430084061
S21400A410081100C1F01F00211410303B06710760C0
S21400A420076000C40830084044111150FF30015145
S21400A43018146FB8076826A8217A050C2110204842
S21400A440267800C063EF0000314026A8050C20ECFB
S21400A450B11140D90872247A20EC217A184826A82F
S21400A46028B00AB901510F31115028A8050C207ADE
S21400A47020EC0F0C98B8467841780698660200C221
S21400A480401F002124100151FF311150081200A076
S21400A4900698EC0800B826A800C0581F00211DB179
S21400A4A0181000A030B840780DB101D9FC7242787F
S21400A4B000C074300E4004114CBA407A181014488C
S21400A4C004115C7A1810A4BB707B4E7B4F7B00C2D5
S21400A4D00430084000A00698EC08217A227A00BBD7
S21400A4E00698140800C0641F00211DB11810A4BBF4
S21400A4F000C040300E400411033101492872B112E9
S21400A500076207623048041121510F3118726E7BC2
S21400A5106F7B104804114CBA7C7A1810144804114A
S21400A520607A1810B11002D81071707B30B862785B
S21400A53060780DB001D8FC7100C0F86008400411C6
S21400A54001D90C7100C01800084002B9181008B8EC
S21400A5506E780EB84EB110D90C723EA8140C0FB817
S21400A5603EA8107044A8140C01B800C1AC300E40D0
S21400A570081100C077801F003DB201423DAA00C00E
S21400A580FFFFFFFC013A3DAA140C00C077E01F0055
S21400A59001423DAAFFB845207D7808B87E7800C104
S21400A5A024600840141107610631087100B9069846
S21400A5B0D01006988A13B11101D90E7106985C1E48
S21400A5C002D906720698520C0698841351140698FF
S21400A5D03807F4B845780A0C00C0601F00211DB18A
S21400A5E018100298AA10FFB845205D7803B80760D7
S21400A5F044A83EA800C1AC300E40081110B8076849
S21400A6003DB101393DA908B86F7800A046A800C042
S21400A610FFFF0000013B076356AB94BA437A01D9AB
S21400A6201471013C47B300C0FE20FFFF013B3144DC
S21400A63047AC637AFFB82120407802D9047160786D
S21400A64000A0C8BC066C415C512C067506983807FD
S21400A6500698300EB110076805D8367140BA0698CD
S21400A6605A138CBC7F7C08B86578911004D8187192
S21400A67088B86E78577800C064000840217806983D
S21400A680F81001400872427C069896130298E40B74
S21400A69008B86C7820B859785B7800C0F440084059
S21400A6A07878797800C1C81F0021141040A818498E
S21400A6B014130449408814140C4914118112076AB3
S21400A6C0006A01DA187188B8577800C0CC1F0021DC
S21400A6D00410016107630763076407640698540A59
S21400A6E000944EB010D842724DB161B8015811387E
S21400A6F040B102D90A72604804BB41540870204831
S21400A70002BB02BC4DA8F8B87078190C3EB14141A6
S21400A7103EA9F4B973797378717800C4F84008409C
S21400A72000C200410840227000C20000010044AA96
S21400A730230C00C200000B0044AA00C410410840CD
S21400A74000C21841084004BB587C050C597C0C24F8
S21400A7500F0C2FAB050CB11008D81471647A657A0B
S21400A7601CB879787B7820B879787B78607CF4247C
S21400A770411306989E0751144044067506983807FC
S21400A780727BFFB84D20050C687840EC00C05C1F5B
S21400A79000211DB11810911004D8147100C0B01E0D
S21400A7A00021041080D806711CB8737800F818B819
S21400A7B000C1D41E002100C21850084024122811DF
S21400A7C0777800F800C0B860084004110761076198
S21400A7D080D9047240EC00C4F84008404EB010D84F
S21400A7E00471182441130C23527C407B11512FA96D
S21400A7F0050C797C0A0C00C0000001020814787C65
S21400A800050C507C08B86D7800A000C02870084081
S21400A8100411108800C100180040181044480411A4
S21400A820108878480411108800884CBA757A181079
S21400A8303DB11088F4B8427844207278284873787E
S21400A840F8B873784FB200C4FFFF8080413A4FAA31
S21400A85001BC01644113076300C06C70084003B973
S21400A86018100110011001B9181001100110011084
S21400A870011068480411076101B80160003A0471CC
S21400A880044904D9047241520760003A0471084929
S21400A89008D9047231520460003B0E7200630064F3
S21400A8A0314241424FAAB2704FAAF8B853781820E6
S21400A8B053782848527800913DA9009000911810CE
S21400A8C000917848181000914448181000A01159BB
S21400A8D010D906710760076008D90471076004D9AB
S21400A8E00471036002D90471016001D9047100602B
S21400A8F000A000BA01D806710148112A006900605C
S21400A90001D8F6720138F67200A08020FF30FF48AA
S21400A910812000A002EC00CA02EC00C8076A0142CF
S21400A92002EC00C8076A014202EC00C8076A01424E
S21400A93000A000C218500840241211592129127391
S21400A94000210E7100C23050084024120121212936
S21400A95000A00698EC0888B8577800C57C1F002130
S21400A9605088044D88BC00C0BC1E0021811101D94E
S21400A9701E71407C009501157C4D5088044DFFBB30
S21400A980076B315B041106987A0D3129F875069825
S21400A9904A1D541506985C1E01D9087206981E09B1
S21400A9A006700698800988BB547B009500F80698C8
S21400A9B02E0A0E7006980C0C06982E0A0698D611CB
S21400A9C00698D8089112211900C0246008400A7819
S21400A9D0097800F810B901BA069850130698AA101C
S21400A9E000C57C1F002100F89112033288B900C30D
S21400A9F0B01E0021341300C4A81008408CB842785A
S21400AA00707903DE0671447872707179A11020D8CF
S21400AA100A7106981E0902987C0F80DB507102D8D6
S21400AA204C7205B830880763076302DB2A7100C3DF
S21400AA30AC0008403413066380DB0472804800C311
S21400AA40102008403413315B047240483128312806
S21400AA5002600814076800930814A110103002481A
S21400AA60081400B808149110076008148CB86278AF
S21400AA70A11000DC0676517900BA80DB3A7100C07E
S21400AA8000000200003B307150884110344803DE5D
S21400AA9004719048041508200411F82058101C2052
S21400AAA0217800C0A40008400E7810D904722E78D1
S21400AAB00698A0160095911120310269911004D8CD
S21400AAC00E7200C1481F0021141101D90A71208896
S21400AAD00698D010009200C1180008400533054BB8
S21400AAE01872184C03DE0471904C441400C3FF1F08
S21400AAF00000413BFF233811B84900C330610840CD
S21400AB003413076380DB0E7103BA076A0698640F76
S21400AB1000BA0870076A0698640F0449087909792C
S21400AB2014102140081100A000BD0698400210B97C
S21400AB3003DC047100B901BA0698501302D90671F5
S21400AB4000404E7201B107690F310698F810FFD821
S21400AB502872811008D8187106DD0A71069840021E
S21400AB6003DC0C7206983E11069896130C7006DDF0
S21400AB70107106984411487020B802A806DD1072BD
S21400AB8006982E0A0698D80801F840B802A800F8D9
S21400AB9000C0B01E00210413076301DB2271911070
S21400ABA00111076911388CB910D8087144790298D8
S21400ABB07C0F02DBFA72A11328DBF47203BD069841
S21400ABC09E1006982E0A00C5801F00210698400297
S21400ABD000BA03DC4A72044DA11002D804710C4D71
S21400ABE000C0140008400410026800C3701F002153
S21400ABF03411112800C1306108401411076180D952
S21400AC000C71911108D90671FC230C4DFC233411EC
S21400AC1006983A0D00C10C51084006985407541582
S21400AC20212D00C0F8600840041101D9227100C02F
S21400AC30381F00210410033001DC147200C0140019
S21400AC4008400411FB21087607BA076A212D0698EA
S21400AC50EA0702988A0A91100155033551500119E6
S21400AC6000A000C1441F0021141001D84271014801
S21400AC700760FE200E75811020D8087100C1481F9D
S21400AC800021141101D9287100C024600840041264
S21400AC90215107610F3107691152281000C000606A
S21400ACA0084004119112215120311152211900A09F
S21400ACB0811380DB067201B800A000C30C50084068
S21400ACC03410063030727C4B34122C4B3410076034
S21400ACD0076040302072811080D8DC713410014A41
S21400ACE007620360803021508C480A717F23552309
S21400ACF03410013000A000BD06989E1088B8477832
S21400AD004578437800B8447800A006982E0A06983E
S21400AD103E1100C58C1F002154150698EA070298BC
S21400AD208A0A00C374000840027B06988A1350BA49
S21400AD3006985A130698F810FFD84A71911004D84E
S21400AD404872811007601CD8407220D938721112E0
S21400AD50FF322151347180218021111400C0E01E81
S21400AD6000210413FFBA3151113A215111538CB905
S21400AD7038107B7940440E7200B900C2B81E00211C
S21400AD801812067008B860780698841300F800B9A0
S21400AD9000C29C1008401812244A0AB9181288BA31
S21400ADA0507A517A577A8CB942795F7900A0069822
S21400ADB0400207DC1072911000200A750698D61122
S21400ADC00298280E0698D80801B9911004D8047184
S21400ADD000B910BA0698501300BA00402A7100C095
S21400ADE0B01E00210411076101D9127104D9E27264
S21400ADF08110076001D8DA718CB8647800C11C51E4
S21400AE000840069854070698D61100C5901F0021E2
S21400AE105415212D06981E0900C5941F002100F820
S21400AE2000BC811108D9167280D9207201B910BAF7
S21400AE300698501300400E7101BC107006983E1123
S21400AE400698961320B802A800F80698D611811125
S21400AE500231127100B900C20C1008401812244AC0
S21400AE6002B9181206983E1100C5981F0021541505
S21400AE700698D41D02988A0A04110121147188BA12
S21400AE80737A042004122811042004110121F4729C
S21400AE9000A006989E0701F8911010D83471069805
S21400AEA03C030698FA0406982A0500C51C5108407B
S21400AEB0541106987A0D00C5D01E0021541551294C
S21400AEC0E27518B876788CB8447801B802A800F80D
S21400AED0B110076810D82E7100C04810084000C393
S21400AEE0000008403114884C44113411076101D920
S21400AEF0FA714412281007622810076228100762A9
S21400AF002810E8700298760206985C0211380472DF
S21400AF10016A00BB00C1E01E0021141120390C722A
S21400AF20911210DA0672417B00A006988A1300C2BE
S21400AF30B01E0021241220DA0472617B88BA527A8D
S21400AF4000A088BA727A811204DAFC7200A088B86F
S21400AF506B78577800C0640008402F7800A00698E9
S21400AF60E4100763076390B9637900B902DB2271C6
S21400AF7002EC00C909B801D9507200C2AC00084002
S21400AF800E7A10D904722E7A0698A016E031076160
S21400AF9002EC00CD114502EC00CC01DB087100BBD1
S21400AFA00298FE1703B841110731FA211C760621D4
S21400AFB0911210DA087102DD10721E7020B8069821
S21400AFC0160D3038147208B80698240700C02400FE
S21400AFD008402978207800F8046020D80671029886
S21400AFE0581502EC00CA05B823DA187104DBDA71CA
S21400AFF020DAD67110DAD27290B8617800B801DA29
S21400B000067202EC00C8911110D9267100C1C01E4C
S21400B010002114111150FF300C720661A11011505E
S21400B02002300A7180DB0A720AB89E708CB97C798D
S21400B0300768911111402111C0311140011990B8D3
S21400B040411108D90471667820D904726578A11078
S21400B05002D80672C0DA1E7190B8273123DD087256
S21400B06010DB1072607825DD0A7121DD087208DBBE
S21400B0700471627803B8411107310872A1152035B2
S21400B080AA7102DD3272A11120D9A07102D92872EC
S21400B090CCDA9872411140D9927206B802DB107170
S21400B0A0046500C1102008401411112D112D054D06
S21400B0B05C720298E61321114049C0D94E71A03146
S21400B0C041154035016551410361076308DA1E7278
S21400B0D004DA38721049A1150235067110DB0E72BB
S21400B0E001340A7108DB247190B86778CC321110ED
S21400B0F01A300ADC0872CCDE0471FD3100C00D0F78
S21400B1000C0D0698180D01D8607207B80298101436
S21400B11000BA411108D90C7102EC00CA05B830DA41
S21400B120EC720734F031026101DA0471014900C0A3
S21400B130F300A3E30698180D01D8D07100C0981448
S21400B14040680698180D4030014440DA0471204CDF
S21400B15004320162204A111006300068014218319C
S21400B1600269114202982E14204A00C005170850A2
S21400B1700698180D113001422088FFBB0DDA507179
S21400B18000C1DE1B250180BC04DA107208DA0A72E0
S21400B19000C120841000E024A0240763414301641A
S21400B1A001DA06711E49024B00C0281F0021076302
S21400B1B03810BC2002DA127101B91159A11380DBD4
S21400B1C0087100C100FCFF01181002988A1700C41D
S21400B1D0B01E0021441080D87C710092D0DA06712F
S21400B1E00DDA0C7190BD437DEFBD0698C60503626F
S21400B1F00DDA8672A11105D95C7100C238100840BC
S21400B20024120C24281401D9067202D9327140D9AE
S21400B2101E7102EC00CA211018320471FA2220D8DE
S21400B22004720822FE22087502EC00C8F87001D9E4
S21400B2300E7102EC00C802D9067204DC187200C057
S21400B240B01E00210410026801D8067190B8647818
S21400B25018B873780298FE1700C50020084000C092
S21400B2600417000008D904720A480815104D00B8E3
S21400B27008D90472FF200815084D00C00884000095
S21400B28008D9087200C02083B8ED0815104D207D3F
S21400B29000A000B8011A00C074000840027891109F
S21400B2A01030011905BA06985A1302D9067101B86A
S21400B2B002A800C0B01E0021041380DB06710298AD
S21400B2C0A61340DB067102983E198CBA7C7A01DB25
S21400B2D06C7100C22C1F002124111114FF3402ECE3
S21400B2E000C8FF24FA7607610698260D0361113818
S21400B2F00F3003611114011141100698260D01D874
S21400B300087203B8029810141C4A02DB2471241039
S21400B310112811280412023006710762076200C065
S21400B320FFFF0000213800C218000840FF20081266
S21400B330411007600698260D01D87C7120BC10339A
S21400B340767100BB00C1281F00211415C021112CE6
S21400B3505112076A0F320E7140885114069854181D
S21400B3604143009451120765036A0F320E71411172
S21400B370511406985418036C41430765513B00C1AD
S21400B380E41E00211411111231100F30127100BA90
S21400B390046101D80471114200600FD8F4723110B4
S21400B3A002601E30047201B8003A087204B80298AF
S21400B3B010140298161600C1306108401411076177
S21400B3C080D91A7102EC1DB002EC1DB1015811288B
S21400B3D0A0B91159112806758CBA637A00C0341FBB
S21400B3E0002104110F3103DD1A7200C0006008400E
S21400B3F0041007D80E7200C01040084004B9181098
S21400B40000F80698E4100698C40500F830885088BE
S21400B410FF34087102ECFF24F87002EC00CD141023
S21400B42001BB5150FFD8047131440760006B10DB3C
S21400B430F2710421FF22E4720F4C0095009300A0E5
S21400B44000C01860084004100560073000A00CB863
S21400B45002983A1902EC00CAFFBC80BD069888180C
S21400B4600448187202EC00C92115F03500650F3249
S21400B470076A114200C4FF0F000000C1C01E002171
S21400B480141031110113413B02EC10D9087121143C
S21400B49000CA2C70305206714052B47221140760F4
S21400B4A00760FF3055DC187100CA005212710ADEC0
S21400B4B00E714ADE0A7155DE06713052927200C174
S21400B4C0C41E002110880698361E073111450765F0
S21400B4D00765414500C30C70084034130763FF330B
S21400B4E007633145009158110849281118B8757836
S21400B4F00BB8029810140763076302EC00CA02DB5D
S21400B500127155DE067202989C1854DE0672029876
S21400B5109C1801DB12710698600D06985C0D02EC13
S21400B52000CA0298FE1700C1BC1E002114147C49F4
S21400B5300698600D40522E7204DBE07190B8637876
S21400B5400698881804486E7200BA0698600D211393
S21400B550141000C1FF0F0000113A1052547101522E
S21400B560113A067104B88C7000BA0698600D211165
S21400B570FF3207611114911010D82271073103DDD4
S21400B5801C7200C1C81E00211411FF311152067131
S21400B5900AB8D4708CB97C790298FE1741108130B5
S21400B5A081DC0E72076A034A076A0F4A0698181B60
S21400B5B00298FE171410FFBC013C0698BE1B02EC56
S21400B5C000CA02EC00C902EC00CB076A3142076AE7
S21400B5D021410F3302EC00CD02EC00CA0040087295
S21400B5E0211302EC00CA07621142911110D92A7188
S21400B5F021110F3103DD227200C1C81E0021141173
S21400B600FF31076A00230C71115308710AB80298BB
S21400B610AE198CB97C79147021110F31076A02DDDE
S21400B6205A7101DD067103DD4A7200880AB9069870
S21400B630021B00902111FF32FFDE38712054387251
S21400B640FC25187202EC00CA01DE107202EC00CA79
S21400B65018DE087288B877781A700661004004729F
S21400B660006180D90E714CBA477A06985A1B90B87A
S21400B67043780298FE1704B89670FF32FF24F875D8
S21400B6800BB90698021B2110E03001584128E875D6
S21400B690F83002601F32215A0125212DDA75012A61
S21400B6A0D67602EC00CAFF20FA764111073101B8BF
S21400B6B00698160D003AC071BA70004008710698D8
S21400B6C0921B0470022106B81159112DAC7500A00A
S21400B6D000C5A81008403110036008150111076066
S21400B6E0076007690F30F0311140081507630363E0
S21400B6F03815281507622815076228157FBA2815F9
S21400B70000BA28157FBA281590B8437818B8737809
S21400B71000A00698CE1B11140CB900400A710064F4
S21400B7200AB90698921B03BD514400C5A8100840EC
S21400B730202A047528154815076448151815004072
S21400B740047238150764481500A00088408800C0B9
S21400B750C81E002104100760073000C420000840FF
S21400B7604414412C047201244138405004720121D3
S21400B7700094009000A000C0C81E002104100760BE
S21400B7800730074800A000C2C01E00212412211462
S21400B790076AFF320CDE12710DDE0E710FDE0A71C3
S21400B7A010DE0671215A00A0FF34411200A000C12D
S21400B7B0B41E0021141100A0308806980C1E8111BA
S21400B7C0076102D906720298E81C88BB557B0761A0
S21400B7D020D906710298D81C0088A1100768069820
S21400B7E0F61B08211415FC2590BB5C7B5D7B00C115
S21400B7F00060084014110731FE21307608D82A72FE
S21400B8005113FC23341304DB2071076BFF33315BC9
S21400B81000C1087008401411076180490C71FF319F
S21400B8203029607590BB7B7B1C707B7B7C7B00DD4E
S21400B83004717D7B01BB38158113076B403306719D
S21400B84018BB717BEC25541300DF5471042505DF0B
S21400B850547154152111208806987A0D00925129AA
S21400B8603E7500C100600840141102DB0C71073100
S21400B870315B31292A760C7004DF0872006180D9AA
S21400B8801E720698F61B00C0087008400698501EE8
S21400B8900698F61B1411FFD9607202982E1D0090B0
S21400B8A0009300A05415A111076910D9A6720825A7
S21400B8B008D8A071082510D89A71208821110698FA
S21400B8C07A0DFC255412112AF82554110C2520D87F
S21400B8D00871F025541110252029047621591815D1
S21400B8E0009202989A1C18B97179811010D80A71C2
S21400B8F088B8447800B8417888B9747908B9677907
S21400B90000F88110A0D8087188B9497900A00760AE
S21400B91002D8FA710698F61B108806988A130762F2
S21400B920076210DA087108211415F025541100C2B8
S21400B9300020FEFF2029127506985C1E01D90A72A7
S21400B94006982E0A0698D80800941CBB41100C20B6
S21400B9500698C0124111082114100698C01231280A
S21400B960441111120761FF31FF320122105210728A
S21400B9700769181404244413042438140C70076947
S21400B98021411814082408140298841340441471A2
S21400B99000C1B81E002114155113036B0FDB0C7287
S21400B9A0066D0698A807411500A00698D8080698C0
S21400B9B08A1308BB51140698941D4415FC2554158B
S21400B9C00298EA0788B900C3B01E00213413076343
S21400B9D008DB1A718113A0DB06714979107069794A
S21400B9E0076302DB087208B9677900F800A08111C6
S21400B9F0076102D9107188B975790698F61B14117B
S21400BA00FF3100A0FFB900A0041008211411F42192
S21400BA10081100A081110761076110310E710698A8
S21400BA20F61B08211411F821141100A034BA0000E6
S21400BA304CBA00002CBE00000000000064BA0000F3
S21400BA400600000000000000000000002CBE000001
S21400BA50000000003CBB00000400000000000000E6
S21400BA6000000000CCBB0000809C2B8F80841E0052
S21400BA70000000002200FF7F64000020000000009D
S21400BA800000000000000000CCBB0000809C2B8F54
S21400BA9080841E00000023002300B60064000020FF
S21400BAA0000000000000000000000000CCBB00000A
S21400BAB0809C2B8F80841E000000240024009D00A4
S21400BAC064000020000000000000000000000000ED
S21400BAD0CCBB0000809C2B8F80841E0000002500BD
S21400BAE025007D006400002000000000000000002B
S21400BAF000000000CCBB0000809C2B8F80841E00C2
S21400BB00000026002600530064000020000000000D
S21400BB100000000000000000CCBB0000809C2B8FC3
S21400BB2080841E00000027002700FF7F640000209E
S21400BB30000000000000000000000000FCBC000048
S21400BB40809C2B8F80841E00000000002400FF7F56
S21400BB50640000200000000000000000000000005C
S21400BB60FCBC0000809C2B8F80841E0000002500FB
S21400BB702500B40064000020000000000000000063
S21400BB8000000000FCBC0000809C2B8F80841E0000
S21400BB900000260026009900640000200000000037
S21400BBA00000000000000000FCBC0000809C2B8F02
S21400BBB080841E00000027002700FF7F640000200E
S21400BBC0000000000000000000000000F81F010157
S21400BBD04CBF00003400040000000000000000001D
S21400BBE000000000A0070000480001000000000060
S21400BBF0540002000000000000000000A000010049
S21400BC00FF4C00003030010011491000B840010020
S21400BC1000C0E30040410100EA008800186004000C
S21400BC20000000C61FC000000050000000D0320018
S21400BC3050600400FC006900410C00000000000099
S21400BC401100080078600C000804000000000000E6
S21400BC50BE031A00000000000000000001040C1AD9
S21400BC602F4653616862584935201407C491A06373
S21400BC705644332322529224E46007008108A1CB65
S21400BC8000000000198407059411CB48992006008F
S21400BC90016120008294EA870461030065B6110002
S21400BCA01E37000089BB000020610100FFDF000096
S21400BCB030610700E853FA000000000000000000B2
S21400BCC0000000000000000000000000000000006F
S21400BCD01470011000F8070014700130F80200001C
S21400BCE018700200000300006000278470700200D5
S21400BCF0C30000000F9C0300FFFFFFFFF81F0101B9
S21400BD0098BF00003400040000000000000000009F
S21400BD1000000000A007000048000100000000002E
S21400BD20540002000000000000000000A000010017
S21400BD30FF4C000030300100E3381000B84001002E
S21400BD4000C08300404101006D00880018600400B8
S21400BD50000000C61FC00100005000000080000068
S21400BD605060040018000500410C000008000000A8
S21400BD709100040078600C008C000C0000000000AD
S21400BD8014001A00000000000000000001040B1957
S21400BD902C404C59605B534736251B114AF33896A6
S21400BDA06745231211090000E46007008F0846CBA0
S21400BDB00000000023086404D007CB48912006004A
S21400BDC0F9541C008294EA8704610300515511005F
S21400BDD0B01B000089BB000020610100FFDF0000EF
S21400BDE030610700E853FA00000000000000000081
S21400BDF0000000000000000000000000000000003E
S21400BE001470011000F8070014700130F8000000EC
S21400BE1018700200000300006000A5837070020026
S21400BE20054100000F9C0300FFFFFFFFDC1F04011D
S21400BE3000000000000000000000000000000000FD
S21400BE40F01F02013F00370000000000FC1F010148
S21400BE500000000004000200018101000001000053
S21400BE601800020000000000010000002800030087
S21400BE70000000000000000000000000A400030016
S21400BE80FF4C0000FF4D0000FF4D000000200100A9
S21400BE900807000010200100AAAAAA001820010026
S21400BEA00060DA000830010013AC000134300100F5
S21400BEB0010000004030010000000000A04001002A
S21400BEC07A27000FF44001002010000034410200E1
S21400BED080080000E687000044410100C0E6524D9D
S21400BEE060410400000000000000000006000000A2
S21400BEF00600000014600100100000002860030027
S21400BF000000000300000000000000006060020067
S21400BF1029417671000000004C610100010000001C
S21400BF202070040000000000820000000000800175
S21400BF30D5000000487002003C3D0000BC1900001F
S21400BF407870010006E04900FFFFFFFF0D000000CB
S21400BF50388EE30000000000F4BF0000E4BF0000DD
S21400BF6000000000E070720080DE800280841E0008
S21400BF70010100001149000200000000000000005E
S21400BF8000000000000000000000000041841E00C9
S21400BF9000000000000000000D0000001CC771003B
S21400BFA000000000F4BF0000ECBF0000000000002E
S21400BFB018CC660080DE800240420F0001010000BF
S21400BFC0E33800020000000000000000000000004F
S21400BFD000000000000000005B420F0000000000B0
S21400BFE000000000B45F00005F05000028A000000D
S21400BFF0C4090000193F01060410010000010106F3
S21400C00000102700000C00000000000000000000E8
S21400C010000000007441FF7F0100000028C00000FF
S21400C020100000202D000000FF000000E40C0A00B5
S21400C03005050000DD3500007C9B0000FFFFFFFFCC
S21400C040BB3C0000B73C0000FF0EFE01FFFFFFFFF9
S21400C050FF000E0000000000A1510000FFFFFFFFE0
S21400C060FFFFFFFFFFFFFFFFFFFFFFFFFFFF0000D9
S21400C070FFFFFFFFED740000618B0000FFFFFFFF76
S21400C0800000000070000020000000000C180020D7
S21400C09074180020DC1800200000000000000000DB
S21400C0A0000000000000000000000000000000008B
S21400C0B0000000000000000000000000000000007B
S21400C0C0000000000000000000000000000000006B
S21400C0D000000000650100003D010000FFFFFFFFBB
S21400C0E0FFFFFFFFFFFFFFFFFFFFFFFFFFFFFFFF5B
S21400C0F0FFFFFFFFFFFFFFFFFFFFFFFFFFFFFFFF4B
S21400C100FFFFFFFFFFFFFFFFFFFFFFFFFFFFFFFF3A
S21400C110FFFFFFFFFFFFFFFFFFFFFFFFFFFFFFFF2A
S21400C120FFFFFFFFFFFFFFFFFFFFFFFFFFFFFFFF1A
S21400C130FFFFFFFFFFFFFFFFFFFFFFFFFFFFFFFF0A
S21400C140FFFFFFFFFFFFFFFFFFFFFFFFFFFFFFFFFA
S21400C150FFFFFFFFFFFFFFFFFFFFFFFFFFFFFFFFEA
S21400C160FFFFFFFFFFFFFFFFFFFFFFFFFFFFFFFFDA
S21400C170FFFFFFFFFFFFFFFFFFFFFFFFFFFFFFFFCA
S21400C180FFFFFFFFFFFFFFFFFFFFFFFFFFFFFFFFBA
S21400C190FFFFFFFFFFFFFFFFFFFFFFFFFFFFFFFFAA
S21400C1A0FFFFFFFFFFFFFFFFFFFFFFFFFFFFFFFF9A
S21400C1B0FFFFFFFFFFFFFFFFFFFFFFFFFFFFFFFF8A
S21400C1C0FFFFFFFFFFFFFFFFFFFFFFFFFFFFFFFF7A
S21400C1D0FFFFFFFFFFFFFFFFFFFFFFFFFFFFFFFF6A
S21400C1E0FFFFFFFFFFFFFFFFFFFFFFFFFFFFFFFF5A
S21400C1F0FFFFFFFFFFFFFFFFFFFFFFFFFFFFFFFF4A
S21400C200FFFFFFFFFFFFFFFFFFFFFFFFFFFFFFFF39
S21400C210FFFFFFFFFFFFFFFFFFFFFFFFFFFFFFFF29
S21400C220FFFFFFFFFFFFFFFFFFFFFFFFFFFFFFFF19
S21400C230FFFFFFFFFFFFFFFFFFFFFFFFFFFFFFFF09
S21400C240FFFFFFFFFFFFFFFFFFFFFFFFFFFFFFFFF9
S21400C250FFFFFFFFFFFFFFFFFFFFFFFFFFFFFFFFE9
S21400C260FFFFFFFFFFFFFFFFFFFFFFFFFFFFFFFFD9
S21400C270FFFFFFFFFFFFFFFFFFFFFFFFFFFFFFFFC9
S21400C280FFFFFFFFFFFFFFFFFFFFFFFFFFFFFFFFB9
S21400C290FFFFFFFFFFFFFFFFFFFFFFFFFFFFFFFFA9
S21400C2A0FFFFFFFFFFFFFFFFFFFFFFFFFFFFFFFF99
S21400C2B0FFFFFFFFFFFFFFFFFFFFFFFFFFFFFFFF89
S21400C2C0FFFFFFFFFFFFFFFFFFFFFFFFFFFFFFFF79
S21400C2D0FFFFFFFFFFFFFFFFFFFFFFFFFFFFFFFF69
S21400C2E0FFFFFFFFFFFFFFFFFFFFFFFFFFFFFFFF59
S21400C2F0FFFFFFFFFFFFFFFFFFFFFFFFFFFFFFFF49
S21400C300FFFFFFFFFFFFFFFFFFFFFFFFFFFFFFFF38
S21400C310FFFFFFFFFFFFFFFFFFFFFFFFFFFFFFFF28
S21400C320FFFFFFFFFFFFFFFFFFFFFFFFFFFFFFFF18
S21400C330FFFFFFFFFFFFFFFFFFFFFFFFFFFFFFFF08
S21400C340FFFFFFFFFFFFFFFFFFFFFFFFFFFFFFFFF8
S21400C350FFFFFFFFFFFFFFFFFFFFFFFFFFFFFFFFE8
S21400C360FFFFFFFFFFFFFFFFFFFFFFFFFFFFFFFFD8
S21400C370FFFFFFFFFFFFFFFFFFFFFFFFFFFFFFFFC8
S21400C380FFFFFFFFFFFFFFFFFFFFFFFFFFFFFFFFB8
S21400C390FFFFFFFFFFFFFFFFFFFFFFFFFFFFFFFFA8
S21400C3A0FFFFFFFFFFFFFFFFFFFFFFFFFFFFFFFF98
S21400C3B0FFFFFFFFFFFFFFFFFFFFFFFFFFFFFFFF88
S21400C3C0FFFFFFFFFFFFFFFFFFFFFFFFFFFFFFFF78
S21400C3D0FFFFFFFFFFFFFFFFFFFFFFFFFFFFFFFF68
S21400C3E0FFFFFFFFFFFFFFFFFFFFFFFFFFFFFFFF58
S21400C3F0FFFFFFFFFFFFFFFFFFFFFFFFFFFFFFFF48
S21400C400FFFFFFFFFFFFFFFFFFFFFFFFFFFFFFFF37
S21400C410FFFFFFFFFFFFFFFFFFFFFFFFFFFFFFFF27
S21400C420FFFFFFFFFFFFFFFFFFFFFFFFFFFFFFFF17
S21400C430FFFFFFFFFFFFFFFFFFFFFFFFFFFFFFFF07
S21400C440FFFFFFFFFFFFFFFFFFFFFFFFFFFFFFFFF7
S21400C450FFFFFFFFFFFFFFFFFFFFFFFFFFFFFFFFE7
S21400C460FFFFFFFFFFFFFFFFFFFFFFFFFFFFFFFFD7
S21400C470FFFFFFFFFFFFFFFFFFFFFFFFFFFFFFFFC7
S21400C480FFFFFFFFFFFFFFFFFFFFFFFFFFFFFFFFB7
S21400C490FFFFFFFFFFFFFFFFFFFFFFFFFFFFFFFFA7
S21400C4A0FFFFFFFFFFFFFFFFFFFFFFFFFFFFFFFF97
S21400C4B0FFFFFFFFFFFFFFFFFFFFFFFFFFFFFFFF87
S21400C4C0FFFFFFFFFFFFFFFFFFFFFFFFFFFFFFFF77
S21400C4D0FFFFFFFFFFFFFFFFFFFFFFFFFFFFFFFF67
S21400C4E0FFFFFFFFFFFFFFFFFFFFFFFFFFFFFFFF57
S21400C4F0FFFFFFFFFFFFFFFFFFFFFFFFFFFFFFFF47
S21400C500FFFFFFFFFFFFFFFFFFFFFFFFFFFFFFFF36
S21400C510FFFFFFFFFFFFFFFFFFFFFFFFFFFFFFFF26
S21400C520FFFFFFFFFFFFFFFFFFFFFFFFFFFFFFFF16
S21400C530FFFFFFFFFFFFFFFFFFFFFFFFFFFFFFFF06
S21400C540FFFFFFFFFFFFFFFFFFFFFFFFFFFFFFFFF6
S21400C550FFFFFFFFFFFFFFFFFFFFFFFFFFFFFFFFE6
S21400C560FFFFFFFFFFFFFFFFFFFFFFFFFFFFFFFFD6
S21400C570FFFFFFFFFFFFFFFFFFFFFFFFFFFFFFFFC6
S21400C580FFFFFFFFFFFFFFFFFFFFFFFFFFFFFFFFB6
S21400C590FFFFFFFFFFFFFFFFFFFFFFFFFFFFFFFFA6
S21400C5A0FFFFFFFFFFFFFFFFFFFFFFFFFFFFFFFF96
S21400C5B0FFFFFFFFFFFFFFFFFFFFFFFFFFFFFFFF86
S21400C5C0FFFFFFFFFFFFFFFFFFFFFFFFFFFFFFFF76
S21400C5D0FFFFFFFFFFFFFFFFFFFFFFFFFFFFFFFF66
S21400C5E0FFFFFFFFFFFFFFFFFFFFFFFFFFFFFFFF56
S21400C5F0FFFFFFFFFFFFFFFFFFFFFFFFFFFFFFFF46
S21400C600FFFFFFFFFFFFFFFFFFFFFFFFFFFFFFFF35
S21400C610FFFFFFFFFFFFFFFFFFFFFFFFFFFFFFFF25
S21400C620FFFFFFFFFFFFFFFFFFFFFFFFFFFFFFFF15
S21400C630FFFFFFFFFFFFFFFFFFFFFFFFFFFFFFFF05
S21400C640FFFFFFFFFFFFFFFFFFFFFFFFFFFFFFFFF5
S21400C650FFFFFFFFFFFFFFFFFFFFFFFFFFFFFFFFE5
S21400C660FFFFFFFFFFFFFFFFFFFFFFFFFFFFFFFFD5
S21400C670FFFFFFFFFFFFFFFFFFFFFFFFFFFFFFFFC5
S21400C680FFFFFFFFFFFFFFFFFFFFFFFFFFFFFFFFB5
S21400C690FFFFFFFFFFFFFFFFFFFFFFFFFFFFFFFFA5
S21400C6A0FFFFFFFFFFFFFFFFFFFFFFFFFFFFFFFF95
S21400C6B0FFFFFFFFFFFFFFFFFFFFFFFFFFFFFFFF85
S21400C6C0FFFFFFFFFFFFFFFFFFFFFFFFFFFFFFFF75
S21400C6D0FFFFFFFFFFFFFFFFFFFFFFFFFFFFFFFF65
S21400C6E0FFFFFFFFFFFFFFFFFFFFFFFFFFFFFFFF55
S21400C6F0FFFFFFFFFFFFFFFFFFFFFFFFFFFFFFFF45
S21400C700FFFFFFFFFFFFFFFFFFFFFFFFFFFFFFFF34
S21400C710FFFFFFFFFFFFFFFFFFFFFFFFFFFFFFFF24
S21400C720FFFFFFFFFFFFFFFFFFFFFFFFFFFFFFFF14
S21400C730FFFFFFFFFFFFFFFFFFFFFFFFFFFFFFFF04
S21400C740FFFFFFFFFFFFFFFFFFFFFFFFFFFFFFFFF4
S21400C750FFFFFFFFFFFFFFFFFFFFFFFFFFFFFFFFE4
S21400C760FFFFFFFFFFFFFFFFFFFFFFFFFFFFFFFFD4
S21400C770FFFFFFFFFFFFFFFFFFFFFFFFFFFFFFFFC4
S21400C780FFFFFFFFFFFFFFFFFFFFFFFFFFFFFFFFB4
S21400C790FFFFFFFFFFFFFFFFFFFFFFFFFFFFFFFFA4
S21400C7A0FFFFFFFFFFFFFFFFFFFFFFFFFFFFFFFF94
S21400C7B0FFFFFFFFFFFFFFFFFFFFFFFFFFFFFFFF84
S21400C800C00A00201D280100250903002509030091
S21400C81027FA02002509030025090300250903005D
S21400C820250903002509030025090300250903003F
S21400C8302509030070980300450903002509030035
S21400C840250903000D8003002509030025090300C0
S21400C850619502001D800300198003006D9D020093
S21400C8601180030041270100250903002509030064
S21400C870250903002509030025090300F5570100D3
S21400C88025090300250903002509030025090300DF
S21400C89025090300250903002509030025090300CF
S21400C8A02509030025090300250903007D5601001C
S21400C8B0A19D020015800300F1B6020081ED000084
S21400C8C0DD9D020025570100D97E020025090300E0
S21400C8D0250903002509030025090300250903008F
S21400C8E02509030025090300C935010025090300B1
S21400C8F025090300250903002509030000000000A0
S21400C90001F0FF01102A2BDB10F0070F08D010F8FB
S21400C910013B013A8B422DD010F0070F42B3F6D1FF
S21400C920F0B441EA012141EA014122F007047FF018
S21400C93000070023F0E80256083C85EA010586EA6F
S21400C940010685FA47F5A3FA87F586FA47F6A5FAAB
S21400C95087F68EB9EED1F0BC01F0FF0102F00702B7
S21400C96032B110F8013B013A83EA010313B1F8D162
S21400C9700020704701387047002D06BF3546033843
S21400C980073815F0010F07D1013015F4807F02BF7C
S21400C990013015F4C03F0130F0BC0138704700BFCD
S21400C9A02DE9F84305462DED048B10461E460C4631
S21400C9B01FF06AFAB24B9FEDB39A00228046894672
S21400C9C01FF0DCFA1FF0BCFDAF4B002208EE100A89
S21400C9D0494640461FF0D2FA1FF0B2FDAB4B09EEB7
S21400C9E0900A0022404649461FF0C8FA1FF0A8FDEC
S21400C9F007EE905A08EE900AF8EE677A39EE488A03
S21400CA0079EE699A79EE688A17EE907A042E00F22B
S21400CA108480DFE816F00500ED0141025C036F0339
S21400CA2038461FF053FA86A3D3E9002306460F467E
S21400CA301FF016FDB8B3FCEEC87AC4ED007ADFED41
S21400CA40947A77EEC87A17EE900A1FF03FFA3246CD
S21400CA503B461FF093FA7CA3D3E900231FF0B8FBF4
S21400CA60804618EE100A89461FF030FA02460B463A
S21400CA70404649461FF0CCF81FF042FD74A3D3E9A8
S21400CA8000236060394630461FF0EAFC002840D19B
S21400CA9071A3D3E90023304639461FF0E1FC002895
S21400CAA000F07A819DE06AA3D3E900233046394638
S21400CAB01FF0D6FCA8B362A3D3E90023304639465C
S21400CAC01FF0A4F8DFED727A77EEC87A064617EE06
S21400CAD0900A0F461FF0FAF902460B4630463946D2
S21400CAE01FF04CFA5EA3D3E900231FF071FB064645
S21400CAF018EE100A0F461FF0E9F90B4602463946B3
S21400CB0030461FF085F81FF0FBFC40F2CF23206074
S21400CB106360BCEEC88A84ED028ABDEC048BBDE877
S21400CB20F8834DA3D3E90023304639461FF098FC1E
S21400CB30002840F035814CA3D3E90023304639461F
S21400CB401FF08EFC002800F0A98032463B4646A126
S21400CB50D1E900011FF05AF84E4B00221FF00EFAE2
S21400CB6043A3D3E900231FF033FB4B4B00221FF0F7
S21400CB704FF81FF0C5FC206037A3D3E900233046EA
S21400CB8039461FF06DFC002800F00D8132463B460A
S21400CB9031A1D1E900011FF039F8DFED3D7A77EEDB
S21400CBA0C87A804617EE900A89461FF08FF902462B
S21400CBB00B46404649461FF0E1F92FA3D3E9002370
S21400CBC01FF006FB804618EE100A89461FF07EF915
S21400CBD002460B46404649461FF01AF81FF090FCE6
S21400CBE060601BA3D3E90023304639461FF00EF8D9
S21400CBF0DFED277A77EEC87A064617EE900A0F46DC
S21400CC001FF064F902460B46304639461FF0B6F967
S21400CC1019A3D3E900231FF0DBFA064618EE100A24
S21400CC200F461FF053F902460B46304639461EF0B3
S21400CC30EFFF1FF065FCA0606FE700BFAFF300805A
S21400CC40EFEEEEEEEEEE6740EFEEEEEEEECE674087
S21400CC50ABAAAAAAAAEA6D403333333333F3714042
S21400CC60F0EEEEEEEE6E4740E17A14AE4785734086
S21400CC70E07A14AE47213840ECEEEEEEEE6E47401A
S21400CC8000004E400040344400003E4000002E406D
S21400CC9000C03344007086400000F03FB5F5B37F17
S21400CCA061D8D1A3D3E90023304639461EF0AEFF43
S21400CCB0F7EE007A78EE677A804617EE900A894695
S21400CCC01FF004F902460B46404649461FF056F947
S21400CCD0C7A3D3E900231FF07BFACD4B00221EF03A
S21400CCE097FF1FF00DFCBEA3D3E900232060394652
S21400CCF030461FF0B5FB00287FF448AFBAA3D3E94F
S21400CD000023304639461FF0ABFB002853D1B6A3AC
S21400CD10D3E90023304639461EF078FFDFEDBD7AB2
S21400CD2077EEE87A064617EE900A0F461FF0CEF822
S21400CD3002460B46304639461FF020F9ACA3D3E92D
S21400CD4000231FF045FA064618EE900A0F461FF01D
S21400CD50BDF802460B46304639461EF059FF1FF016
S21400CD60CFFB606018E0FCEEC87A9DA3D3E90023F1
S21400CD70C4ED007A304639461FF072FB00287FF477
S21400CD8005AF99A3D3E90023304639461FF068FB68
S21400CD9088B940F2CF23636040F2CF23A360BCE69D
S21400CDA040F2CF20E7E690A3D3E900233046394689
S21400CDB01FF056FBC0B18AA3D3E90023304639469C
S21400CDC01EF024FF78EEC87A804617EE900A894651
S21400CDD01FF07CF802460B46404649461FF0CEF848
S21400CDE085A3D3E9002339E6B5F5B37FD1D88EE71E
S21400CDF0082D3AD8DFE805F0050F17202A3939390B
S21400CE003200FCEEC87A40F2CF23C4ED007AC4EDBF
S21400CE10027A636081E640F2CF23BCEEC88A2360C4
S21400CE2084ED028AF5E740F2CF23BCEEC88A236081
S21400CE30A36084ED018A70E60123236040F2CF23CD
S21400CE40FCEEE88AA360C4ED018A66E6BCEEC88AFA
S21400CE5040F2CF2384ED008AA360DAE7FCEEE87A9E
S21400CE600123236017EE903AF6E76B4B002240460C
S21400CE7049461FF083F81FF063FB07EE900A39EE71
S21400CE80679AFCEEC97AFCEEE99AC4ED007AC4ED26
S21400CE90027AC4ED019A40E63B2D1CD8FCEEC87A17
S21400CEA040F2CF23C4ED007ADFED5A7A636077EE66
S21400CEB0C87A17EE900A1FF009F880463846894669
S21400CEC01FF004F802460B46404649461FF056F847
S21400CED0524B00229FE6772D47D838461EF0F6FFC5
S21400CEE002460B4606460F4600204C491EF08EFEB4
S21400CEF0F7EE007A78EE677A804617EE900A894653
S21400CF001EF0E4FF02460B46404649461FF036F840
S21400CF10424B00221FF05CF9804618EE100A894644
S21400CF201EF0D4FF02460B46404649461EF070FEF1
S21400CF301FF0E6FA32463B46206031A1D1E90001F7
S21400CF401EF064FEDFED337A77EEE87A064617EEDB
S21400CF50900A0F461EF0BAFF02460B463046394688
S21400CF601FF00CF82D4B0022EBE6B32D5CD83846AC
S21400CF701EF0ACFF2A4B002206460F461EF046FE69
S21400CF80284B00221EF0FAFF244B00221FF020F947
S21400CF901F4B00221EF03CFE1FF0B2FA32463B4604
S21400CFA0206019A1D1E900011EF030FE78EEC87AA3
S21400CFB0064617EE900A0F461EF088FF02460B46FE
S21400CFC0304639461EF0DAFF144B00221FF000F9F7
S21400CFD006460F4618EE100AB9E600BFAFF300800B
S21400CFE03333333333F37140E17A14AE47857340FD
S21400CFF0F8285C8FC2D54640E07A14AE4721384008
S21400D0000000000000C05D400000000000606640B8
S21400D0100000F03F00C033440080464000804D4092
S21400D02000005E4000708640FCEEC87A40F2CF20DA
S21400D030EF2D17EE906A20601AD8C4ED017A3846B4
S21400D0401EF044FF02460B4630A1D1E900011EF057
S21400D050DDFDDFED2B7A77EEC87A064617EE900AEE
S21400D0600F461EF033FF02460B46304639462DE784
S21400D070B5F5967F28D238461EF028FF214B0022B1
S21400D0801EF0C4FDDFED1E7A77EEC87A804617EEF6
S21400D090900A89461EF01AFF02460B46404649464D
S21400D0A01EF06CFF184B00221FF092F8804618EE18
S21400D0B0100A89461EF00AFF02460B4640464946BD
S21400D0C01EF0A6FD1FF01CFAC4E9010625E5B5F51D
S21400D0D0967F40F2CF233FF6A0AE962D3FF6A5AE44
S21400D0E03C2D02D901222260AAE6BCEEC88A84ED55
S21400D0F0008AB1E6FCEEC87AC5E600BFAFF3008052
S21400D10000C0334400006E4000804D400000000028
S21400D11000E06D400000000007EE900AF8EE677A27
S21400D12008B517EE900A1EF0D1FE1D4B00221FF028
S21400D1304FF81FF0E5F980B2B0F5E17F20D3B0F5E7
S21400D140FA6F1FD8A0F5E17007EE900AF8EEE77ABE
S21400D15017EE900A1EF0BAFE0DA3D3E900231EF0C8
S21400D1600DFF0DA3D3E900231FF032F81FF0E8F9F6
S21400D17007EE900AFCEEE77A17EE903A98B208BDF2
S21400D1800020FCE74FF4B470F9E700BFAFF300806F
S21400D1900000000000707640000000000038984054
S21400D1A0000024400000000038B5174BD3F81C419F
S21400D1B005F09CF9F3210546002006F081FAC4F339
S21400D1C00B14A4EB101420B207EE900AF8EEE77AE0
S21400D1D017EE900A1EF07AFE09A3D3E900231EF08C
S21400D1E0CDFE1FF065F905FA80F0143000EB8000E4
S21400D1F0400000B220EAE07080B238BDAFF3008095
S21400D2009F88EA52C83AC53F0081E00F0000000040
S21400D21040F2E633984210B504463CD81EF044FE71
S21400D220952C4FF000020AD81F4B1EF0D1FF1F4B63
S21400D23000221EF0A3FE1FF063F980B210BDB4F505
S21400D240617F15D91A4B1EF0E1FC184B00221EF028
S21400D25095FE154B00221EF0BBFF1FF051F980B261
S21400D2601EF022FE0EA3D3E900231EF0D1FCE2E757
S21400D2700D4B1EF0CBFC0F4B00221EF0A9FF0E4BF1
S21400D28000221EF07BFE1FF03BF980B21EF00CFE63
S21400D290064B0022E9E740F26710CFE7AFF30080C5
S21400D2A00000000000C072400000594000004E40E0
S21400D2B000208C400000894000006E400000000006
S21400D2C0F8B505462DED088B144608EE901A002A90
S21400D2D06ED090F88B00DFED4CAADFED4C9A9FEDF8
S21400D2E04C9A9FED4C8A06F081FD83880AEE103A30
S21400D2F0B4F5FA7FF8EE688AB8EE4AAA3ED207EE90
S21400D300904AF8EE677A17EE900A1EF0DFFD0246A6
S21400D3100B46002040491EF079FC3F4B00221EF0D1
S21400D32057FF1FF00DF90BEE100A1AEE100A1EF04A
S21400D330CDFD06461BEE100A0F461EF0C7FD30A3B5
S21400D340D3E900231EF01AFE02460B463046394645
S21400D3501EF05CFC1FF0F4F8DFED307A4BEE67AAA7
S21400D360DFED2F7A4BEE679ADFED2E7A0BEE679A9B
S21400D370DFED2D7A0BEE278A0AEE100A95F88B0061
S21400D38006F034FDF4EEEA8AF1EE10FA14DD78EEDB
S21400D390EA8A3AEE6AAADFED257A88EE8A7A77EE8E
S21400D3A0C97A07EE279ABCEEC99A19EE103A9CB2D3
S21400D3B0BDEC088B2046F8BDF4EEE98AF1EE10FAD3
S21400D3C011D8438907EE903AF8EE677A79EEE88A44
S21400D3D079EEE79AC8EEA97A07EEC88ABCEEC88A44
S21400D3E018EE103AE3E778EEE98A7AEEE9AA39EE23
S21400D3F0489AC8EEAA7A07EE898AEFE7AFF300806C
S21400D40000000000806FD04000176047009D2E4748
S21400D410000075440000484200407F400088D14527
S21400D42000D06845000002430000C84200007A446D
S21400D43070B5414C00238AB0E363054618B10088F6
S21400D44023600EF069FE3D4E3D482AF0DFF93D4B65
S21400D450336030463C4B736026F0F2FA00213046CB
S21400D46018F0A0F932A3D3E90023A062C4E906238A
S21400D47026F0F1FAD4E9062319431043C4E906015D
S21400D480CDE900014FF0FF334FF0FF32A06A2AF0DB
S21400D4903FFA02224FF0FF31A06A2AF03BFA012041
S21400D4A00EF0CCFA2949A06A4FF4007300222AF045
S21400D4B093FAB0F5007F38D10023CDE907330993FE
S21400D4C094223C23CDE903320593A06A962303A950
S21400D4D0069318F08BFA35B3287C0EF0BDFE054691
S21400D4E0F0B9A06A2AF055FB0EF064FE0EF088FA3A
S21400D4F020B14FF4807000210BF012FA0EF090FA73
S21400D50020B14FF4006000210BF00AFA26F067FB0A
S21400D510012018F09BF90E4A0E49A06A26F08EFAF2
S21400D52028460AB070BDFF20D7E70725F8E700BFFA
S21400D5300DD501552000000010190020F42400200D
S21400D540690345ECC1B8010004250020F422002040
S21400D550E5390300253A03000348044B834202D012
S21400D560034B03B118477047F0180020F01800204E
S21400D570000000000548064B1B1AD90F01EBA3015B
S21400D580491002D0034B03B118477047F01800202B
S21400D590F01800200000000010B5064C237843B9B0
S21400D5A0FFF7DAFF044B13B10448AFF30080012302
S21400D5B0237010BD862F00200000000090D10300CD
S21400D5C008B5054B1BB105490548AFF30080BDE81B
S21400D5D00840FFF7CFBF00BF00000000301B002050
S21400D5E090D10300A3F5803A704700BF174B002B7D
S21400D5F008BF134B9D46FFF7F5FF00218B460F46ED
S21400D6001348144A121A2AF0C6FF0E4B002B00D0FD
S21400D61098470D4B002B00D09847002000210400AF
S21400D6200D000D48002802D00C48AFF300801FF014
S21400D630F7FB2000290023F058FA1FF051F900BF2D
S21400D640000008000000000000000000C00A0020E3
S21400D650F01800200032002000000000000000004B
S21400D66008B5124BA822002118462AF094FF032280
S21400D6700346026142610E480E4A98614FF480618B
S21400D680DA61002219629A625A62DA6218660A48F9
S21400D6905866996609491A67DA665A6711F8010DDD
S21400D6A098540132102AF9D108BD00BF481800204E
S21400D6B020950300481400204810002039950300E8
S21400D6C02DE9F84FDFF8808098F80030532B82461B
S21400D6D08946164601D0FFF7C3FF182707FB0A87BF
S21400D6E03D6FD7F86CB05D452BD9BC6E796E641B68
S21400D6F0B44228BF34462944484622462AF065FFED
S21400D700BB6E2544A144361BAB4208BF0025ABEBDD
S21400D710050B5E4528BF5E4656B1182303FB0A83F9
S21400D7203246596E484629442AF04FFF3444354461
S21400D73024B1182303FB0A88C8F870502046BDE8B9
S21400D740F88F0024E3E700BF48180020F8B5144B14
S21400D750182700FB07751D4407FB00330E46DB6ADF
S21400D760012B14460AD0022B14D023B9284620F0E9
S21400D77057FD844208D900242046F8BD284620F0EC
S21400D7804FFD844228BF044622463146284620F0F4
S21400D79050FDF1E72846BDE8F84020F065BD00BF23
S21400D7A048180020F8B50B4B1B78532B04460D4643
S21400D7B0164601D0FFF754FFEFF311874FF0200114
S21400D7C081F31188324629462046FFF7BFFF87F3CC
S21400D7D01188F8BD481800202DE9F041164C1E4669
S21400D7E02378532B05468846174601D0FFF738FFA7
S21400D7F0022D1DD8EFF3118C4FF0200181F3118814
S21400D80065B1182005FB0003E21844F80380576052
S21400D81000FB05420023166293625362182303FB43
S21400D8200544069BE3628CF311880020BDE8F08176
S21400D8304FF0FF30FAE700BF481800202DE9F84304
S21400D840154E1F463378532B05468946904601D021
S21400D850FFF706FF022D1BD8EFF311824FF02001D1
S21400D86081F3118855B1182404FB05640023C4F81D
S21400D8706090C4F86480A7662367E366182303FBFA
S21400D8800566089B736782F311880020BDE8F8835D
S21400D8904FF0FF30FAE700BF48180020044B1B6823
S21400D8A0584043085B4240421843C017704700BFC9
S21400D8B0481B0020F8B50E46C9880546144620F0D9
S21400D8C01EFD0746D0B92046FFF7E8FF104B31682B
S21400D8D01A68B5F90430424023EA0203B6F9042078
S21400D8E0024013430446AB80F2880346286800F0E3
S21400D8F00DFAF388E888E443834201D33846F8BD3E
S21400D900296851F82320224041F823200133F3E709
S21400D910481B00202DE9F04F99B083460F46184665
S21400D92000211646049320F047FE002800F0878169
S21400D930784B14930024012515AB049913933046B5
S21400D940CDE90B45CDE90D45CDE90F45CDE91145AE
S21400D95020F0BBFDA04228DABBF1000F05D1E7B9E5
S21400D9600024204619B0BDE8F08F2146584620F026
S21400D9703AFD04460028F2D00BA820F0B2FC0DA811
S21400D98020F0AFFC0FA820F0ACFC11A820F0A9FCFA
S21400D9900C2115A800F0A2FEE3E73146384620F039
S21400D9A0EDFC04460028E7D1DAE731460BA820F064
S21400D9B0E5FC04460028DFD104990DA820F0DEFC23
S21400D9C004460028D8D1F188ADF8385002310FA8A7
S21400D9D0ADF8305020F093FC04460028CCD1014628
S21400D9E00FA820F000FD04460028C5D1F18811A834
S21400D9F0023120F084FC04460028BDD10DA820F09A
S21400DA001EFD00F01F001F2873D0C0F11F0319462B
S21400DA100BA8019320F033FD04460028ACD10199F1
S21400DA200DA820F02CFD04460028A5D1BDF83250E4
S21400DA30BDF83A80A5EB080A4FEA4A1949460DA8F0
S21400DA4020F01DFD0446002896D14FEA8A0A0DA94B
S21400DA500BA820F069FD00284DDA49460DA820F0F5
S21400DA602BFD0446002887D108F1FF3302939B0064
S21400DA7005F1FF3A069305F1804508F18043023B25
S21400DA80013D9B00A5EB08050993AB000393029BA1
S21400DA909A4541D8BBF1000F0DD00FA9584620F08B
S21400DAA06DFC002840F0C780049AB388928813FB68
S21400DAB002F3ABF80430002F3FF45EAF01990BA8D9
S21400DAC020F0FAFC002840F0B680B388ADF830307D
S21400DAD00BA9384620F052FC0146002840F0AD80E5
S21400DAE0384620F069FD00287FF446AF0123BB804E
S21400DAF042E701949AE70F9A52F80A300BA90133CD
S21400DB0042F80A3008460DAA20F03CFE04460028DB
S21400DB109DD031E7010003000D9B069A0593134440
S21400DB20DDF82C900893059B59F82A109A580F9DFB
S21400DB304FEA8A08A8F104030793039B91421D4409
S21400DB4074D20798002359F800001EF049FD0029FA
S21400DB5014BF4FF0FF330346BAF1010F2B6016BF18
S21400DB6009EB0803002353F8083C1593079B099A12
S21400DB7059F80330169359F8083017932B68013379
S21400DB802B60059B134498462B68013B2B600021B5
S21400DB9011A820F028FC00284DD1029B002B48D06D
S21400DBA0D8F80020119B1A60089A12685A6011A9CA
S21400DBB02A68084620F06FFE00283CD113A911A859
S21400DBC020F0B2FC0028DFDC2A680DA911A820F09E
S21400DBD062FE80BB039B4FEAC308414611A820F0B3
S21400DBE04EFC40BB0BA9084611AA20F0CBFD01460F
S21400DBF018BB0BA820F0E0FC002812DA0DA911A82B
S21400DC0020F0BCFBB8B9414611A820F038FC90B90A
S21400DC100BA911AA084620F0B2FD60B92B68013B9B
S21400DC202B60039B0AF1FF3A043B2FE74FF0FF33CC
S21400DC3092E7029AB6E704469EE60C469CE66FF02C
S21400DC400B048EE6044B1B68584043085B42404278
S21400DC501843C017704700BF481B002010B50B4C78
S21400DC60226823684240594081EA0200C00FFFF74D
S21400DC70E9FF2368521A434022EA03020840104391
S21400DC80BDE81040C00FFFF7DDBF00BF481B0020F7
S21400DC90F8B50D46014628681746FFF7DFFF084B24
S21400DCA01E68C1430124BC4202D346EA0100F8BD07
S21400DCB055F82400FFF7C6FF01340643F3E700BF1C
S21400DCC0481B0020104B2DE9F0471E68884619684F
S21400DCD01D680746541E631C02D13046BDE8F08717
S21400DCE058F824A057F8249050464946FFF7B6FF48
S21400DCF0514605434846FFF7B1FF20EA05031E4399
S21400DD000543013CE7E700BF481B00208842F0B50A
S21400DD1004D0094F04380025AA4200D1F0BD3E6861
S21400DD2050F8044F5E4024EA060451F825601E4071
S21400DD30344304600135EFE7481B00202DE9F04F1F
S21400DD4085B0DFF8889003911C46064621461046AB
S21400DD50D9F80030D9F8003020F01EFEC51D272D5A
S21400DD604FEAD50325F00705904602938CBF4FF087
S21400DD701E0A4FF0FA0A2D1A0F9B0093029A0E9B6A
S21400DD802146304621F005F80746C0B92A46214606
S21400DD90304620F07AFEBAF1010A14D02246314607
S21400DDA00398FFF775FF2246834641463046FFF745
S21400DDB089FFD9F800200BEA00039A42DCD03846E7
S21400DDC005B0BDE8F08F6FF00D07F8E7481B0020A0
S21400DDD0044B0246586800B9704719789142FBD048
S21400DDE00833F7E73C95030010B50446A8B1006C6D
S21400DDF010B14C2121F0CFFCE06B40B12368074AFC
S21400DE00DB79C3F3840352F823305B6998472046D6
S21400DE104821BDE8104000F061BC10BDC00A0020DB
S21400DE2038B505460C4681B1482200212AF0B3FBDE
S21400DE30E379084AC3F3840352F823301B699847F2
S21400DE40E86320B12C60002038BD0348FCE7034897
S21400DE50FAE700BFC00A0020009FFFFF809EFFFF7A
S21400DE60F0B58BB0044604A817461E460D4621F0B2
S21400DE70B5FA00230293119B0193109B0093204652
S21400DE803B46324604A900F01BFB044640B904A8F2
S21400DE9021F01DFB50B904A9284620F06FFA04466D
S21400DEA004A821F0CAFA20460BB0F0BD004CF7E7F4
S21400DEB080B0FFFF70B50C460646114620461A464F
S21400DEC020F07CFC0546A0B9B36C33B9321D214660
S21400DED02046BDE8704020F00FBDB4F90430002B9A
S21400DEE009DB204620F0ABFAF36BB0EB430F09D901
S21400DEF0184D284670BD0146204620F05DFB0028E0
S21400DF00EFD0F5E7B36C2046984705460028F0D1D9
S21400DF100436B4F90430002B04DA0021204620F041
S21400DF204BFB68B93146204620F0FEFA0028E0DBBD
S21400DF3032462146204620F0A0FB0028F2D006E01C
S21400DF4032462146204620F01AFC0028E1D005463D
S21400DF50CFE700BF80B0FFFF38B50D46044600216E
S21400DF6005F1100020F028FB50B1204622F019F9E8
S21400DF7028B129462046BDE8384002F02BBA0148B1
S21400DF8038BD00BF80B1FFFF2DE9FF410E460546B4
S21400DF90012106F1100020F00FFB044650B9284678
S21400DFA021F013FA01287AD12146304620F004FBEE
S21400DFB0002801DA3B4C6EE006F108082146404690
S21400DFC020F0FAFA0028F5DB2F1D3946304620F0FF
S21400DFD0ABFA0028EEDA3946404620F0A5FA0028CB
S21400DFE0E8DA684620F078F902A820F075F943468A
S21400DFF0424669462846FFF75DFF0446002844D19E
S21400E0003346324602A92846FFF754FF0446002846
S21400E0103BD1EB687BBB02A90322084620F0B6FB87
S21400E020044690BBBDF90C30002B04DA002102A890
S21400E03020F0C2FAC8B902AA334611462846FFF7AE
S21400E04039FF044608BB02AA05F114031146284608
S21400E05021F050F90446C0B902A9684620F064FAD7
S21400E060104B041E18BF1C460FE002A93A4608468D
S21400E07020F085FBD4E702AA05F10C0311462846DA
S21400E08021F038F904460028D5D0684620F029F952
S21400E09002A820F026F9204604B0BDE8F081024C24
S21400E0A0F9E700BF80B3FFFF80B0FFFF38B5054635
S21400E0B021F08BF901280C4601460DD1204620F0B0
S21400E0C07BFA002806DB05F13401204620F02CFA06
S21400E0D0002803DB024838BD0248FCE70020FAE7C8
S21400E0E080B3FFFF80B0FFFF2DE9F04FB5B00546C7
S21400E0F001919246994622F054F80290A0B1284623
S21400E10022F054F8044658B951462846FFF7CEFF89
S21400E110044628B949462846FFF736FF044698B114
S21400E120284622F045F881E151462846FFF7BEFF13
S21400E1300446002840F07A8149462846FFF724FF27
S21400E1400446002840F07281284621F03EF9012856
S21400E15040F0AD812B6C1821013302204FEA5308A2
S21400E16021F057FB0646002800F09F8106F11807AD
S21400E17021F034F9384621F031F9002413AB181990
S21400E180083420F0A9F8202CF8D14946304621F072
S21400E19088F90446002841D18346D84520D139461F
S21400E1A02846FFF7D9FE0446C0BB284621F0F9FFF3
S21400E1B030B33B4632463946284601F05DFF0446FA
S21400E1C060BB39462846FFF7C7FE044630BB06F15B
S21400E1D0100020F086F806F1280020F082F81DE0F6
S21400E1E00123BBFBF8F103FA01F2D2B2182308FBB5
S21400E1F011B103FB026929B1284621F0D2FF50BBBA
S21400E200AC4C0BE002F0FE0101EB520106EBC10143
S21400E210484621F046F904460028EDD04FF00009A4
S21400E22013AB03EB090009F1080920F05AF8B9F11D
S21400E230200FF5D1D4B1AB6D9E4208D0304621F008
S21400E240FCF8384621F0F9F8304621F0F2FA019849
S21400E25021F0F3F8E6E04A464946284602F004F87C
S21400E26004460028DAD10BF1010B96E705A820F04A
S21400E27033F805F1340B0BA820F02EF8214658464B
S21400E28020F0CDF8012840F0D8802146504620F0F6
S21400E290C6F85146814605A820F070F8044630B10D
S21400E2A00BA820F01EF805A820F01BF8C3E752467E
S21400E2B059460BA820F066FA04460028F0D1B9FAB1
S21400E2C089F94FEA59194A460BA905A8FFF7F2FA49
S21400E2D004460028E4D1014608F1010213A80DF116
S21400E2E04C0B2AF058F9A2465B46D045039300F043
S21400E2F0A180514605A820F092F8039B1C7808EBF5
S21400E3000A01044305A820F08AF8E4B2039B44EA15
S21400E310400403F8014B0AF1010AE6E79BF8010006
S21400E3209BF8003080EA020C6FEA0C0101F0010154
S21400E33013FB01F3104003EA0C0283EA0C030BF80C
S21400E340013F1BF8013C43EAC11302430BF8013CB2
S21400E3500134A245E2D20BA81FF0C3FF05A81FF0A8
S21400E360C0FF05A821F03AF800240BAB18190834B2
S21400E3701FF0B2FF202CF8D10AF1D0036B440199AC
S21400E38013F8843C3246284620F0DEFF044648B99F
S21400E3903E9B002B00F08480284621F002FF0028D8
S21400E3A04DD1444C05A820F0C1FF4FF000080BAB40
S21400E3B003EB080008F108081FF093FFB8F1200FE0
S21400E3C0F5D1002C7FF437AF01994A46284620F055
S21400E3D06DFF044600287FF42EAF3E9B73B128469F
S21400E3E021F0DFFE00285ED0DDE93E2301992846B5
S21400E3F001F090FD044600287FF41DAF01992846E1
S21400E400FFF7AAFDAB6D9E42044608D0304621F0C9
S21400E41014F8384621F011F8304621F00AFA002C9C
S21400E4207FF415AF029B002B7FF47AAE204635B002
S21400E430BDE8F08F002201248BE71F4CFBE6DDE9E8
S21400E4403E230199284601F065FD48B30446A9E736
S21400E45028460AF1FF3A21F0A4FE0028A1D0019A2E
S21400E4602846114601F000FF0028EFD118F80A30C0
S21400E470324605A9284620F067FF0028E6D1284640
S21400E48021F08FFE00288CD0019A05AB1146284655
S21400E49001F0F2FD0028D9D1BAF1000FD8D181E7FA
S21400E4A00DF14C08F8E7034CC5E6044CCFE6024CE9
S21400E4B0B8E700BF80B1FFFF80B0FFFF80B2FFFF6C
S21400E4C030B4DDE9024524B1CDE9024530BCFFF7A2
S21400E4D00BBE014830BC704780B0FFFF73B50546E1
S21400E4E01E4620F072FF01280C4601460ED1134648
S21400E4F0009605F13402204620F030FA044B10F165
S21400E5000E0F18BF0346184602B070BD014BFAE75F
S21400E51000B3FFFF80B0FFFF38B504460D4620F07D
S21400E52090FF204620F068FF032D257023D1144B62
S21400E530144AA3606260A361134AA3632362A362C2
S21400E540124B62616362124A62634FF00113114A12
S21400E5502363114BE362E261201D1FF070FFE0634E
S21400E56004F134001FF06BFF20640020C4E916009D
S21400E5700123636438BD002308482370FAE700BF10
S21400E580010008003096030010960300D0950300A3
S21400E590B0950300F0950300C80A002080B1FFFF85
S21400E5A037B504460025294645612822183029F04B
S21400E5B0F2FF2046256121F0B6F8012300930449B6
S21400E5C020232A46204621F019F803B030BD00BFAC
S21400E5D019020300082804D00928034818BF0020A1
S21400E5E070470248704700BF5096030053960300DA
S21400E5F070B50D461646044600B109B9104870BD00
S21400E6000023C0E9023301600B78082B01D0092BE8
S21400E610F4D16C21012021F0FCF8A06070B121F04B
S21400E620E4FD0EB90020EAE7A978022021F0F1F80F
S21400E630E0600028F6D1204621F079F80148DEE7B0
S21400E64000AFFFFF80AEFFFF30B1036823B11B7839
S21400E650082B03D0092B05D003487047012180689A
S21400E66001F0E6BF0021FAE700AFFFFF30B1036814
S21400E67023B11B78082B03D0092B01D00248704722
S21400E680806821F0B6BD00BF00AFFFFF30B1036861
S21400E69023B11B78082B03D0092B01D00248704702
S21400E6A0806821F0ADBD00BF00AFFFFF10B4044688
S21400E6B0084611461A4624B12378082B05D0092BA4
S21400E6C008D005485DF8044B704701235DF8044BFD
S21400E6D021F06BB80023F9E700AFFFFF10B50A463C
S21400E6E0044619B1024B00211B68984710BD00BFB5
S21400E6F0CC0A00204FF0005302221A60BFF34F8F5F
S21400E7000549064BCA6802F4E0621343CB60BFF3C8
S21400E7104F8F00BFFDE700BF00ED00E00400FA05E4
S21400E720024A034903480EF09FB800BF58960300FC
S21400E73080960300C896030038B500F0BFFA094C6F
S21400E740094B1A6823680025C31A2AB123B15169F8
S21400E750994203D3C91A5161206038BD55615B1ACE
S21400E7609268F2E7501B0020541B0020C38870B547
S21400E77004460D463BB921F027F98542064602D2EB
S21400E78021F024F935460E4965610B688BB90C609B
S21400E790A3600DE0AD1A9A68656118466AB1134623
S21400E7A05A69AA42F6D930B18460521BA3605A61F6
S21400E7B070BD0020F4E70C60F7E79C60A260F7E706
S21400E7C0541B002038B5134D2B685B6993B1124A71
S21400E7D0146802201C4400F0A5FA204600F074FAE3
S21400E7E00E492A6800230B70D088800709D50123BC
S21400E7F00B7038BD022000F095FA022000F0B8FA3F
S21400E800EEE79268002AF4D050690344012BEBD956
S21400E810EFE700BF541B0020501B0020882F00206D
S21400E82070B516469DF814200271049A0260C0E97D
S21400E83003360022BDF81830826004460D46C380B9
S21400E840EEB900F03BFA2844A0619DB12E4621F0B7
S21400E85097FD0546FFF770FF31462046FFF786FF17
S21400E860104B1B68A34201D1FFF7ACFF284621F0EE
S21400E8708BFD02E0E36865617BB9002070BD00F0A7
S21400E8801DFA3044A061002DE0D1E3686561002BDD
S21400E890DDD0216820469847D9E72168204698476A
S21400E8A0EBE700BF541B00200C490B6800227BB12D
S21400E8B083420AD183687AB1936083681BB15A6930
S21400E8C041690A445A61002070471A469B68EEE781
S21400E8D00028EFD0022070470B60EEE7541B0020A4
S21400E8E070B5154E21F053FD34780546FCB9134B30
S21400E8F01C60134B1C60134B1C8000F09BF901201E
S21400E90000F010FA00F054FA0F4B0246186020B9D7
S21400E910284621F042FD232070BD23460B4840F2D6
S21400E920E7311DF05DFE0A4B186001233370284660
S21400E93021F033FD0020EFE7892F0020541B002034
S21400E940501B0020BC2C0020581B002018FCFFFF8A
S21400E9504C1B002070B5044640B321F011FD144E48
S21400E9600546FFF7E9FE3068A04209D02046FFF7CB
S21400E9709BFF0446B0B1284621F006FD204670BD38
S21400E980FFF792FF04460028F5D133683BB9022012
S21400E99000F0D6F9284621F0F7FC0024EEE7FFF752
S21400E9A011FFF7E73368002BF4D1F0E72224E5E700
S21400E9B0541B002038B50C460546A8B1A1B100236B
S21400E9C00B7021F0E4FC094B1B68012133B921F0E0
S21400E9D0E4FC002038BD9D4204D121702278002A34
S21400E9E0F9D0F4E79B68F1E72220F3E7541B0020F8
S21400E9F0014B1868704700BF581B0020F8B50C4B39
S21400EA001B68834205460E460FD30A4B00241F6838
S21400EA1040F2E73021464FF47A720023E5FB070107
S21400EA201DF0DEFD30602046F8BD2120FCE700BF6B
S21400EA304C1B0020581B0020F0B587B01F46002353
S21400EA400C4616468DF81330054650B30DF11301EB
S21400EA50FFF7B0FF9DF813302BBB05A92046FFF744
S21400EA60CDFFE0B9114BE8831B685C434FF47A7323
S21400EA70B4FBF3F203FB1244191B89B2994208BF98
S21400EA800021BDF83430A983059A02939DF83030F2
S21400EA901146CDE9007328463346FFF7C1FE07B09E
S21400EAA0F0BD2220FBE70220F9E700BF581B00203C
S21400EAB0014B1868704700BF4C1B00200F4B1A68AC
S21400EAC010B59AB1531E4FF47A711342A0FB0101A0
S21400EAD00ED1B2FA82F2C2F11F04531CE040D243B8
S21400EAE001FA03F3184321FA02F20243104610BD5E
S21400EAF000231DF075FD0246F8E700BF581B0020F6
S21400EB00C2072DE9F04704460BD5474A1388013360
S21400EB109BB21380FFF710FE444B1B680BB1FFF748
S21400EB2051FEA3077ED521F032FC0546FFF704FE12
S21400EB304FF000093D4F4E46C8463C680CB163692D
S21400EB408BB13B4B0022012E1A7003D119F0020F35
S21400EB5018BF1E70002C61D0FFF734FE2846BDE8B3
S21400EB60F04721F01ABC23465A693AB91A79217936
S21400EB70914288BF1C469B68002BF5D1284621F0A1
S21400EB800CFC2569DDB100F099F8A269A0EB02093A
S21400EB904FEAE9734D4578EB030311DA2369134412
S21400EBA0A361E368B4F80690013613B121682046E5
S21400EBB0984721F0ECFB0546FFF7BEFDBDE7A946EA
S21400EBC021F0E5FB82462046FFF76EFE504621F018
S21400EBD0E4FB2369002BE4D0A38BB5EB090533B126
S21400EBE0E28B13449BB2B3F57A7F0FD2E38321F016
S21400EBF0CEFB294681462046FFF7B8FDA369226969
S21400EC001344A361484621F0C8FBCAE7A3F57A730C
S21400EC10E383A369013B013DA361E8E7022000F01E
S21400EC208FF89BE7BDE8F087BC2C0020541B002023
S21400EC30872F002010B51D4B86B01868596803AAA8
S21400EC4003C2197AD3F8090011700190B3F80D20A9
S21400EC501748DB7BADF8082001218DF80A30002428
S21400EC6001F0E6FF03A88DF80C408DF8104003F085
S21400EC70F1FB01A901208DF8044003F0CBFB0D4AFF
S21400EC80536A23F4FF6323F00703536240F2FF73D3
S21400EC9013620120946003F0D7FB074B4FF000424D
S21400ECA0C3F880211A6006B010BD00BFF6960300B8
S21400ECB0A00914000020044000E100E0014B986821
S21400ECC0704700BF0020044010B5044621F058FBF2
S21400ECD0124A9368516D9269520704D4CA1A032ADD
S21400ECE001D899420DD1E21A022A98BFDC1C0B4BC0
S21400ECF0B4F1FF3F38BF013C5C655A6A42F004023B
S21400ED005A6221F041FB064A137833B103490B6D72
S21400ED1043F002030B650023137010BD002004406F
S21400ED20FE0F00208207054A00F00103516A48BF23
S21400ED3043F004030B435362704700BF00200440B7
S21400ED40820700F0010309D5074A0121117007491F
S21400ED500A6D22F0030243F004030A6503494A6A77
S21400ED6022EA03034B627047FE0F00200020044097
S21400ED70830742BF014B0422DA617047002004403B
S21400ED8010B521F004FB094A93690446590703F0BD
S21400ED90010003F0070348BF40F002001362FFF7CC
S21400EDA0AFFE2046BDE8104021F0F7BA0020044030
S21400EDB0014802F08FB800BFA0091400014802F015
S21400EDC06BB900BF05002400F8B5114B05465C5C26
S21400EDD00F46032805D8DFE800F002080B0E44F0C3
S21400EDE002040C4B1E684EB9F8BD44F00804F8E760
S21400EDF044F02004F5E744F08004F2E773681A68EC
S21400EE00144203D05B683946284698473668EAE7D6
S21400EE10069703005C1B002070B50D4E21F0B0FA7B
S21400EE20337805465BB9FFF75BFD044620B12846FC
S21400EE3021F0AAFA204670BD064821F06CFD20F0AD
S21400EE40C9FD012328463370002421F09DFAF1E71E
S21400EE508B2F00205C1B002038B54160044621F053
S21400EE608FFA21460546044821F058FD2846BDE89D
S21400EE70384021F089BA00BF5C1B0020F8B5EFF3DC
S21400EE80108672B6AFF3008021F0ADFD20B9AFF367
S21400EE900080F6B962B61CE00E4D012100202970F4
S21400EEA0FFF792FF012000F017F806B962B6EFF3FD
S21400EEB010873E4672B621F0A5FD04460028F1D123
S21400EEC001462878FFF780FF2C70AFF30080002FF4
S21400EED0E0D0F8BD8A2F002002280AD003280BD0E5
S21400EEE001280CD1064A136923F00403136130BFCE
S21400EEF07047002002F060BD002002F0A1BD704700
S21400EF0000ED00E0BFF35F8F074B5A6A22F48032B1
S21400EF105A62D3F8942022F00102C3F89420BFF37B
S21400EF204F8FBFF36F8F704700ED00E0F0B5374DA1
S21400EF3037493848002387B0CDE90333FFF7E2FFAF
S21400EF402C68354B4FF00052C3F89840661CC3F847
S21400EF509C208142314AC3F8A0202E6041D005ABE8
S21400EF60019304AB0A1A009303AB20F03DFDDDE9E4
S21400EF700372059BDFF8A8E0072BA2EB01024FF017
S21400EF8001018CBF4FEAD30C4FF0200CB2FBFCF211
S21400EF9001FA02F2013AD2B2AEEB070EC01BB3FA88
S21400EFA083F3BEFBFCFEB0FBFCF08E44814002FA0D
S21400EFB00EF20139C3F11E0311435B0001F0FF019D
S21400EFC003F03E0343EA0123134A43F0407343F041
S21400EFD001130234C2F89860C2F89C70C2F8A030E0
S21400EFE02C60BFF35F8F0C4B0522C3F894205A6A3F
S21400EFF042F480325A62BFF34F8FBFF36F8FBFF376
S21400F0004F8FBFF36F8F07B0F0BD00BF601B0020AF
S21400F010401000202810002000ED00E03900011309
S21400F0203F100020BFF34F8F0549064BCA6802F415
S21400F030E0621343CB60BFF34F8F00BFFDE700BF16
S21400F04000ED00E00400FA0510B5044621F098F93A
S21400F050024B1C6021F098F9002010BD641B0020B4
S21400F06010B521F08DF9034B1C6821F08DF9204670
S21400F07010BD00BF641B002013B5002301241A46F0
S21400F080194600941846FEF7A7FB00231A461946B1
S21400F09018460094FEF7D2FB0248FFF7D5FF002083
S21400F0A002B010BDD00A0020034B18680023806809
S21400F0B0022219461DF080BD480D00207FB5094B81
S21400F0C06A4603F11006154618685968144603C4C4
S21400F0D00833B3422246F7D1284602F019FF002033
S21400F0E004B070BD0A97030070B5194B86B001AA2C
S21400F0F003F11006154618685968144603C4083309
S21400F100B3422246F7D11B882380124BD3F8B42093
S21400F110120317D5A3F500434FF6FF721B889342E0
S21400F12008BF4FF48D730C48ADF80A3003F0ECFBC3
S21400F130284602F087FA4FF4FA7001F0BFFF00206D
S21400F14006B070BDD3F8B830C3F30803EBE700BFD2
S21400F1501A9703000081E00F00F0490207B5084B3C
S21400F16018680190202301A88DF8043002F0AAFA4E
S21400F170642001F09DFF002003B05DF804FB00BF93
S21400F1802C97030010B50C480C4C6FF00403A0211C
S21400F19013F0800F03F1010207D123442F2A83F8CE
S21400F1A000131346F4D1002010BD03F00F03043BF8
S21400F1B0034419761346EBE700ED00E000E100E0BB
S21400F1C0024B03480122C3F8002670470010C843CC
S21400F1D000000F40094B98420ED003F5806398421A
S21400F1E009D10122064B03EBC2035A68054B1344B0
S21400F1F09B0000221A6070470022F3E700000F40D1
S21400F200309703008005F210024B03480122C3F832
S21400F210002670470010C84300000F40044B984279
S21400F22003D003F58063984201D1FFF7D3BF704740
S21400F23000000F4070B5114C114E0A25236843F4A8
S21400F240807223F4807322603046236001F042FE11
S21400F2500023800A62680AB983420AD1636853B9F8
S21400F260013DEBD1236823F0010323606FF0920089
S21400F27070BD0133EEE70020FAE700BF00D0014082
S21400F280700002002DE9F04F85B0634D0092634A8E
S21400F290D2F8C03043F40043C2F8C0302B68DC0715
S21400F2A081468A4616D500245B4D4E46D0462746F4
S21400F2B04FF00A0BB8F1000F2BD144B114F1940FA4
S21400F2C005D042460021484629F065F90027009BF4
S21400F2D01F601AE040F271632B60FFF7ABFF044635
S21400F2E098B96B68032BFCD9D5F800312B61D5F89B
S21400F2F000316B61D5F80031AB61D5F80031EB61B8
S21400F300FFF798FF04460028CDD0204605B0BDE89C
S21400F310F08F6C68A40005D02B6B13F45C7F12D1C1
S21400F320002437E03E4801F0D5FDC00A844205D1EE
S21400F3306B68002BF0D16FF09304C8E76B68002B66
S21400F340F6D10134F2E7D80514D523F480732B6385
S21400F3506B6853B9BBF10107EDD04E46D0466FF04F
S21400F36093040022BB461746A4E7D5F80031039362
S21400F370039BEDE70193FFF75DFF044620B9019B71
S21400F38013F41C7FCCD0E5E710F1930F99D010F161
S21400F390940FDFD06B686A689B00434528BF4346DE
S21400F3A0B107324634D123F003013144914212D1E1
S21400F3B003F0030149B11848D0F80001114402F8DF
S21400F3C0010B8A424FEA1020F9D1FA181E44A8EB26
S21400F3D003085F46C6E7D5F8000142F8040BE5E7E8
S21400F3E0DCF8001102F8041C4FEA112E02F803ECB8
S21400F3F04FEA114E090E02F802EC02F8011C04381E
S21400F400032802F10402EBD823F003023244CFE7CC
S21400F410DFF804C01846F3E700D0014000400E4075
S21400F420700002002DE9F04788B00746884615466A
S21400F4301E46FFF7C5FE044607F17E400838012841
S21400F44050D80423236000236360E364626822F4D8
S21400F450406262606A46236391466363A8F10403D0
S21400F46008F11C0853F8041F09BA434542F8041B68
S21400F470F8D120F085FF4946074604F5827021F052
S21400F48011F8384620F080FF184B2365109BDFF8F4
S21400F490609005EB831704F5D27A20F071FF2946B9
S21400F4A08046504621F00EF84035404620F06CFF6E
S21400F4B0BD42C4F85090F0D120F062FF31460546B8
S21400F4C004F5807020F0F6FF284620F05DFF204609
S21400F4D0FFF780FE331F1C3653F8042F12BAB342D0
S21400F4E01A60F9D108B0BDE8F08700BF888AC80165
S21400F4F0070D810138B50D46044630B36C22002155
S21400F50029F049F8124B9D4205D001339D4210D098
S21400F5106FF0850038BD0F4B04F10C0203F120019B
S21400F52053F8040B42F8040B8B42F9D125600020F7
S21400F530F0E7094B04F10C0203F1200153F8040B29
S21400F54042F8040B8B42F9D1F0E76FF08600E1E752
S21400F5500800000240970300619703002DE9F3417D
S21400F5600E461F46054600285FD083B9002A5CD1A8
S21400F5702B68324A93425ED0013293420CBF6FF042
S21400F58089046FF08804204602B0BDE8F0810029A7
S21400F590ECD0036829498B4244D001318B4247D1D5
S21400F5A04FF02008904546D86A68D3008DF807309B
S21400F5B053098DF80630530B8DF80530530D8DF832
S21400F5C00430AB68D90001EB52718DF8031002F0DD
S21400F5D03F025909372A8DF802104FEA53318DF849
S21400F5E001104FEA535316498DF8003094BFC2F10C
S21400F5F03802C2F17802284620F0B1FA0446002804
S21400F600C1D108226946284620F0A9FA04460028F7
S21400F610B9D1C7F80080424605F10C01304628F003
S21400F620D4FFB0E74FF01C08BCE76FF08604AAE7EB
S21400F6306FF08804A7E76FF08904A4E708000002CB
S21400F640829703002DE9F04F91B00546BDF8709003
S21400F6509DF8747092469B460E46002900F0BB80CB
S21400F66001F1FF384FEA1818FFF7AAFD09F1FF333A
S21400F6700F2B044600F2D880BAF1000F00F0D480B9
S21400F680BBF1100F03D0BBF1200F40F0CD8020F06F
S21400F69077FE0023236023636363654B2365654918
S21400F6A0029004F1840020F0BFFEBBF1100F14BFDF
S21400F6B0102308231A4651462046019320F02BFFBC
S21400F6C05D4B23655D4B63655D4BA3655D4BE365F5
S21400F6D04FF4C173236623699A07FCD106F00F0323
S21400F6E0C3F110035FFA83FBBBF1100F04A901D12D
S21400F6F0002E72D104F1800020F0B5FE029820F0B2
S21400F70043FE1022002108A828F045FF4FEA081300
S21400F710A6EB081205EB081108A8029328F055FF7F
S21400F720BBF1100F5CD010ABA3EB0B028021BBF13A
S21400F730010F02F8101C08D0CBF1110008AB0BF13A
S21400F740FF320021184428F026FF08AA04A8042344
S21400F750116850F8046B013B81EA060142F8041B6D
S21400F760F6D120F00DFE236B019A039043F01003B0
S21400F77023635146204604F1800820F0CCFE1A99F7
S21400F780404620F053FE029B2B449A4604F1A00B01
S21400F79040F20516AA452ED108A9584620F044FE88
S21400F7A040F20513236523699B07FCD10CA940464C
S21400F7B020F059FE37B31B984A460CA928F005FFDF
S21400F7C00025039820F0E0FD2046FFF703FD2846BD
S21400F7D011B0BDE8F08F884646E704F188008BE755
S21400F7E0002EB2D15A46314608A828F0D4FE80230F
S21400F7F08DF82030A9E72946584620F017FE103528
S21400F8002665C7E71B9B0CAA994413F8011B12F840
S21400F810010B994581EA000147EA0107F5D1002F5F
S21400F820CED06FF09405CCE76FF08605CFE700BF2B
S21400F83030820100C4970300F50536F024FC31FE43
S21400F84036833624FC31FE362DE9F04389B00E4669
S21400F850DDF84080149FDDE91291002839D0002E93
S21400F86037D0B8F1000F34D0B9F1000F31D081B3E2
S21400F8707FB30488B4F5105F2ED14488E408182CB2
S21400F8802AD0202C01D0102C23D1944221D1154A05
S21400F89023F47E1090421FD113F47C1FC3F305455A
S21400F8A008BF10258D421AD804AB10220021184636
S21400F8B028F071FE0122CDE90252CDE90009119926
S21400F8C0234632464046FFF7BDFE3D6009B0BDE820
S21400F8D0F0836FF08600F9E76FF08500F6E76FF0CB
S21400F8E08900F3E70002C0032DE9F041DDF8188037
S21400F8F00C4617461E46054630B329B302B91BBB55
S21400F9004C220021284628F046FE2388B3F5105FD7
S21400F91009D108F0FE43B3F1407F15D1104B28F40F
S21400F9207E129A4203D06FF08500BDE8F0816488AD
S21400F930C5F80080E208B2426A6205D8182AF2D0FA
S21400F940202A04D0102A02D06FF08600EDE7B242DB
S21400F950FAD13946281D28F038FE0020E5E700BF1A
S21400F9600002C0032DE9F74F0D4616460446002850
S21400F9705DD051B9002A5AD103682E4A23F47E136B
S21400F980934244D06FF088001DE00368294A23F4B0
S21400F9907E139342F6D1002E39D0806CE8B1C0F1C8
S21400F9A01002B24219D23830204428F00EFE04F17C
S21400F9B028020092616A04F13803201D20F058F9ED
S21400F9C020B16FF0920003B0BDE8F08FA36CA06486
S21400F9D0C3F11002103E15441E4406F10F084FEA0C
S21400F9E018182F464FF0010904F1280A04F1040BF9
S21400F9F0C1450ED33544ED1B09D0A06C38302A46DD
S21400FA003946204428F0E1FDA36C2B44A364002073
S21400FA10D9E7CDF800A0616A3B465246584620F02A
S21400FA2027F90028CDD1103709F10109E0E76FF07A
S21400FA308600C8E70002C0037FB51D4608B301B3C1
S21400FA40FAB1F3B10368154C23F47E16A6421BD117
S21400FA5013F47C1FC3F3054408BF1024944216D841
S21400FA600123CDE9024300F1280301910093436A84
S21400FA70816C021D3830FFF7E5FD58B92C6004B0E4
S21400FA8070BD6FF08600FAE76FF08800F7E76FF05A
S21400FA908900F4E76FF09200F1E700BF0002C003B0
S21400FAA02DE9F74F0F9D0190F520164695F800B00A
S21400FAB0DDF834900F469A46FFF7A6FB002304466F
S21400FAC00360082243600E9904F1800820F023FDAD
S21400FAD02946404620F0A8FC0BF0070B2A780BF1CD
S21400FAE0010B002302F00702CBF1100019462A7022
S21400FAF028445A4628F04FFD294604F1840020F099
S21400FB0093FC0523A360109BF34200F08780102B24
S21400FB1011D086B1C3F11002B24228BF32460F336D
S21400FB2039462B44D01911F801CB03F801CF814296
S21400FB30F9D11744B61A05F1100104F18C0020F033
S21400FB4073FC5923A3600523A3604623A360B6B1C4
S21400FB50002326636363514B2365012363650F2EE1
S21400FB6053D80023C5E90033C5E90233FA5CEA54EA
S21400FB7001339E42FAD82946404620F055FC002321
S21400FB80C4F830906363019B002B4AD0444B236536
S21400FB90444B6365444BA365444BE36501232366EE
S21400FBA00026B9F1000F1ED0B9F10F0F4BD8C5E9EA
S21400FBB00066C5E9026600231AF80320EA540133FA
S21400FBC09945F9D12946404620F02EFC2946404664
S21400FBD020F049FC0C9B33B100230C99EA5CCA5414
S21400FBE001339945F9D12946404620F03CFC204691
S21400FBF0FFF714FB019B002B47D11A4612998B4244
S21400FC0045D1002A3DD02C203CE03946404620F025
S21400FC100DFC103E07F11007A1D1B0E74623A36004
S21400FC20ADE7234B236503F1BC4303F5262303F618
S21400FC304D43636503F12243A3F5C053A3651D4BF3
S21400FC40E3651D4BABE75146404620F0EFFB0C9BAF
S21400FC50A9F110090AF1100A3BB11946404620F0F6
S21400FC6004FC0C9B10330C939BE72946404620F07F
S21400FC70FAFB96E71199EA5CCA540133129A93424A
S21400FC80F8D1002003B0BDE8F08F0023F6E7119806
S21400FC90E95CC05C41400A430133AFE77059054652
S21400FCA0F870455905460348055163FB0448055955
S21400FCB0F803480546FB04480559010000230C4A92
S21400FCC00360032910B50263044643630ED1052181
S21400FCD020F05DFC636823F4407343F400736360B4
S21400FCE0636823F4406343F40063636010BD00BFA1
S21400FCF0200010002DE9F04F1E4604468946924625
S21400FD001F460FCE8BB001AD0FC596E80F0085E8F5
S21400FD100F000025099520F033FB5146064604F5F2
S21400FD20827020F0BFFB494604F5847020F0BAFBD1
S21400FD30394604F5867020F0B5FB304620F024FBEB
S21400FD405F4E604BDFF8BC91DFF8BCA12365DFF89F
S21400FD50BCB120F015FBC4F850B0D4F8148020F0E5
S21400FD6013FB18F0807F19D0574B236520F008FB53
S21400FD70C4F850B0656920F007FBEB0140F18880BD
S21400FD8020F0FEFA1499054604F5887020F092FBE0
S21400FD90284620F0F9FA0BB0BDE8F08F18F4807F03
S21400FDA01CD14A4B2365013D9023A360636913F47D
S21400FDB0807F474B23650ED020F0E2FA3946834613
S21400FDC004F5807020F06EFB584620F0DDFA414BBB
S21400FDD02365414B63658823A360B8E7002D13DADB
S21400FDE03E4BC4F850A0636520F0CAFA01A98346CA
S21400FDF004F5807020F05EFB63695846C3F3034346
S21400FE00099320F0C1FA6D42354B23656369DFF82C
S21400FE1000C113F4407F4FF08803A3604FF0010148
S21400FE206269266561656369C4F850C00ABF01202F
S21400FE304FF0FF3005F1FF358842C3F30723C2F3C6
S21400FE4000220BD132B1D90704D5264B2365264BA9
S21400FE506365A9E7254B2365254BF9E79AB9DA07C9
S21400FE6011D5244B2365244B6365A16501A904F5D0
S21400FE70807020F017FB099B03F00F03C4F848318D
S21400FE808323A36090E71D4BC4F850906365EDE7AD
S21400FE9020F076FA04F5807639460546304620F09E
S21400FEA001FB284620F070FA154B236520F068FA0F
S21400FEB014990446304620F0FDFA204669E700BF54
S21400FEC0C93E81983084880198390100C93E810175
S21400FED0D23E8201C024D0340982010099830100F9
S21400FEE0D9080100C8340981E20C8201C80881E201
S21400FEF00C82010083D9341181E21482E21482015B
S21400FF00E010010083D9108190A284883539380129
S21400FF10DB3E01002DE9F04F89B081460D461646BE
S21400FF200021202268461F4628F035FB4FF00A0ABB
S21400FF3099F80030022B40D0032B07D0012B44D079
S21400FF406FF0710B584609B0BDE8F08F2022694665
S21400FF503846B0478346BBF1000FF3D1FFF730F9C0
S21400FF6099F800100446FFF7A9FE20F009FA694642
S21400FF70804604F5827020F095FA404620F004FA98
S21400FF80374B2365204620F063F820F0F9F904F596
S21400FF90807883466946404620F08CFA584620F022
S21400FFA0F3F9009B012B18D82046FFF713F9BAF196
S21400FFB0010ABDD1DFF8BCB0C4E71C22694638464A
S21400FFC0B047002383460793C5E71822694638469C
S21400FFD0B047002383460693F5E720F0D1F905F1F4
S21400FFE008070646294604F5847020F035F805F122
S21400FFF01009394604F5867020F02EF8494604F5B7
S214010000887020F029F8304620F0BEF9154B23659C
S214010010204620F01DF84946404620F057F8834612
S214010020C8B9114B2365114B6365204620F010F8C3
S2140100302946404620F04AF8834660B90C4B2365B2
S2140100404FF48E736365204620F002F83946404629
S21401005020F03CF883462046FFF7BCF872E700BF65
S21401006030C80C0181E11C018CE11C81D11C01000E
S214010070E11C81D900B3FFFF2DE9F843064610467F
S2140100800F4690461D461FF022FA28B129463846EB
S214010090BDE8F8431FF005BA2B69002B40F0AD8090
S2140100A0FFF78EF831780446FFF708FE20F068F96E
S2140100B004F5807608F11001814630461FF0CCFF2A
S2140100C0484620F061F9574B236540F2811363657A
S2140100D020461FF0BDFF20F053F9294681463046E1
S2140100E01FF0BAFF484620F04FF94F4B2365012316
S2140100F0204663651FF0ACFF4C4B23651FF0A8FF3D
S21401010020F03EF905F10801814630461FF0A4FFB4
S214010110484620F039F9464B236520461FF098FFE4
S21401012020F02EF908F108094946054604F58270C3
S2140101301FF092FF284620F027F93E4B2365204604
S2140101401FF086FF20F01CF94146054630461FF099
S21401015083FF284620F018F9374B2365374B636534
S21401016020461FF075FF07F1100130461FF0AEFF65
S214010170054600283BD1324B236520461FF068FF19
S214010180304B23651FF064FF2F4B23651FF060FF84
S2140101902E4B23654FF48A7363651FF059FF2C4B72
S2140101A023651FF055FF394630461FF08FFF054681
S2140101B0E8B9284B2365284B636520461FF048FFA6
S2140101C020F0DEF84946054630461FF045FF284632
S2140101D020F0DAF8214B2365214B636520461FF09A
S2140101E037FF07F1080130461FF070FF054620462D
S2140101F0FEF7F0FF2846BDE8F88328461FF067F9AA
S21401020008B1414643E72B69002B3FF449AF012172
S21401021005F110001EF0D0F900283FF441AF114D52
S214010220E8E700BF8184E11C83D91C83E11C8101BE
S21401023082D11C01C81482019983D91481E11C0161
S2140102408CE11C01811C8401D91C830191D11CE025
S214010250D814140181CB1481D11C820181E11C8444
S214010260E214010080B0FFFF2DE9F04788B0904608
S21401027005460F46FEF7A4FF2978DFF85491044699
S214010280FFF71CFD20F07CF804F5807608F11001DC
S214010290054630461FF0E0FE284620F075F840F28D
S2140102A08313C4F85090204663651FF0D1FE20F0FA
S2140102B067F808F10801054630461FF0CDFE2846CE
S2140102C020F062F84FF0010A354B23652046C4F84A
S2140102D054A01FF0BDFE07F1100130461FF0F6FED8
S2140102E00546002854D12F4B23654FF4867363656A
S2140102F020461FF0ADFE20F043F84146054604F5C2
S21401030088701FF0A9FE6946304620F0D3F82846CB
S21401031020F03AF8244B2365244B6365244BA365F0
S21401032020461FF095FE234B2365234B63651FF084
S2140103308FFE224B2365224B6365C4F858A01FF03D
S21401034087FE394630461FF0C1FE054600BB1D4BF1
S21401035023651D4B636520461FF07AFE20F010F8DA
S21401036069460546304620F09DF8284620F00CF8F0
S214010370164BC4F8509063654FF48A73A365204604
S2140103801FF066FE07F1080130461FF09FFE054686
S2140103902046FEF71FFF284608B0BDE8F08700BFDD
S2140103A0821CC00C91D11CC0C00C81E11C82DC0CEB
S2140103B081148401E11C81C80C0C8101D20C848B50
S2140103C0D91CE01484E21482D11C8301C00C82D3B0
S2140103D08182D11C2DE9F047A2B00E460546FEF7F4
S2140103E0EFFE15F8041B044606F11007FFF766FC3E
S2140103F01C22002103A828F0CEF84FF00108394648
S2140104000AA80DF16809CDF808801FF0ACFE294650
S21401041012A81FF0A8FE12AB0AAA02A9CDF80090F6
S2140104202046FFF767FC1FF0ABFF4946054604F57B
S214010430867904F5827020F035F806F1080A31460F
S21401044048461FF009FE514604F588701FF004FE69
S21401045028461FF099FF134B236520461FF0F8FD31
S214010460114B23651FF0F4FD104B23651FF0F0FDC3
S2140104700F4B23651FF0ECFD514604F580701FF00D
S21401048025FE58B9314648461FF020FE30B92046B1
S214010490FEF7A0FE414638461DF0A5FF22B0BDE896
S2140104A0F08700BF8AD11C0181D91C0183D11C01B0
S2140104B081E11C0110F1860F06D038B19330044853
S2140104C008BF6FF06F0070476FF07100704700BF94
S2140104D0009FFFFF70B58CB004460D4616460021FE
S2140104E022220DF10E0028F056F84FF41053ADF805
S2140104F00C302CB323681BB315B39B79022B1AD08F
S214010500042B20D14FF48073206CADF80E304C21B3
S21401051098B901201FF07DF9C0B120640C4B0093FF
S214010520206CF3082A4603A9FFF7DEF90CB0BDE8F4
S2140105307040FFF7BFBF8023E6E7FEF7CFF8EDE791
S21401054004480CB070BD6FF07100FAE70248F8E796
S2140105500002C003009FFFFF809EFFFF10B550B151
S214010560046844B139B1006C28B1FFF7FBF9BDE866
S2140105701040FFF79FBF014810BD00BF009FFFFF5F
S21401058007B578B102686AB1006C58B151B1002361
S2140105900193102201ABFFF74FFA03B05DF804EBAD
S2140105A0FFF788BF014803B05DF804FB009FFFFF1B
S2140105B02DE9F04190B0DDE916870D4614461E463A
S2140105C080B379B373B36FB38379022B06D0042B50
S2140105D025D06FF0710010B0BDE8F081802A21D1DE
S2140105E0202200210DEB0200069127F0D4FF4FF4E4
S2140105F01053ADF81C3006AB04931023CDE90273FB
S214010600CDE90068084BADF81E40E208294607A868
S214010610FFF71AF910B0BDE8F041FFF74BBFB2F58E
S214010620807FDCE70148D6E70002C003009FFFFF9A
S214010630012908B50BDC074B074A00290CBF1146F8
S2140106401946FEF757FFBDE808401FF0B2BD6FF030
S214010650730008BD08000002090000027FB51422DD
S214010660002101A827F097FF044B029301A94FF040
S214010670FF3027F0CAF907B05DF804FB006A1800DE
S21401068038B5044627F08CF90FCC044D0FC594E815
S2140106900F0085E80F00002038BD00BF681B002052
S2140106A047F6FF739A42F0B572D0062972D83A4BD4
S2140106B05B5C022B6ED8394D05EBC304DF00A178D5
S2140106C015F83330012938BF0121012B13D1E07809
S2140106D00025401AA84202D80844C0B2F0BD431B08
S2140106E0A0EB5303666836F913609642CCBF03F15C
S2140106F0FF301D46EEE760680028EFD0B0F90040F5
S214010700944204DBB0F902409442B8BF1446838891
S214010710FF2B04BFB0F90620B0F908C03D440FBF57
S21401072001260026C8224FF0280C131B93FBFCF36E
S21401073033446E781BB29E4201DD002B01DA731E34
S2140107401BB201339BB24FF47A7C071D5D1E2DB29E
S2140107504FEAC50E00EBC5059E42EA88AD6814FB5C
S214010760025222EAE27202F15C02B2FBFCF205DD01
S21401077037F83350954203F10103E7D200EB0E033D
S2140107809888904228BF1046884238BF0846A4E79A
S214010790FF20A3E70020A1E7D4970300681B0020F1
S2140107A00629F0B561D8324B595C02295DD8314B28
S2140107B013F83100012816D103EBC1039C78D878D1
S2140107C05B68012C214638BF0121904294BFC1EBE2
S2140107D00001C1EB0201CAB2001B8242C8BF00225F
S2140107E033F91200F0BD002A3DD003EBC10359686E
S2140107F000293AD09878904202D3B1F90200F1E785
S214010800DC78B1F900009442ECD95C788B88A3F1CE
S214010810FF06013C734201F10405E4B2734101F1A4
S2140108200C07DEB2B44216D805EBC3034FF47A7553
S214010830B3F902405B686A43D21A04EBD47302EB45
S214010840630292FBF4F29042CCDBB1F902009042D3
S214010850C8DC10B2C6E737F833C0944503F1010689
S214010860E2D33346DDE70448BCE70448BAE700BFF5
S214010870D4970300681B00200CFEFFFF0080FFFFDB
S21401088008B50448FFF7FCFEBDE80840012027F044
S2140108908BB800BFA8A7030000487047A00D002032
S2140108A02F4B002A30B52F4C426B18BF1C462E4BDF
S2140108B00CBF00251025984232D1062907D80629F3
S2140108C007D8DFE801F00817402E06063600812912
S2140108D039D000231FE0254BD3F81012D3F81002AD
S2140108E0D3F8103201F4FE4100F00F00014303F08B
S2140108F0F0030FE01D49D1F81032D1F81002D1F8FB
S21401090010121B0C090C01F0F00103F4FE430B431B
S214010910C0F303410B432240AB401343124A5363D7
S21401092030BD1249D1F81432D1F81402D1F814129C
S214010930E7E70E49D1F81832D1F8181203F00F0381
S21401094001F0F001E6E7094BD3F81412D3F81402CC
S214010950D3F8143201F4FE4100F00F000143C6E75C
S214010960FFFF00800080FFFF002000400080E00FB6
S21401097070B5082383608E780D4601223146044601
S214010980FFF78EFFEB786A78DB0043EA02636A7C46
S2140109900AB143F00053AA7C0AB143F004032A7C4F
S2140109A00AB143F00203EA7C0AB143F0010316F0F0
S2140109B0800F144A1FD043F0E003A361E36926F0D9
S2140109C0800613401E432B7846EA43466B7D0BB1E7
S2140109D046F48046630103F184432A7DE661DA60CA
S2140109E06B686362AB682362EB68A362E36FD4F85B
S2140109F08030E36870BD43EA4613A361E66916409A
S214010A00E1E700BFF8BFE1FF0E4BB0F5FA4F38BF84
S214010A104FF4FA40984210B5044628BF1C4619B94F
S214010A20094800F057FA0146631E0B44A342B3FB84
S214010A30F4F028BF00F1FF307F2828BF7F20C0B226
S214010A4010BD00BF0024F4004041050070B5CD780C
S214010A5004460E46002D36D129461F48FFF7D4FF1F
S214010A6005460A23A3603278737843EA0263B278B4
S214010A70120402F4FE0213432D02327905F4FE45F8
S214010A802B430AB143F010032268520748BF43F0D4
S214010A900403236075791FF073FC23685D4005F03D
S214010AA0C0055D4025601FF06FFC23681B0611D54D
S214010AB00A4800F00FFA0A4B9C420BD1BDE8704081
S214010AC0084800F007BA03681906CAD4064800F0B9
S214010AD001FAC6E770BD00BF0024F400B80032007A
S214010AE00020004000B204004041050008B528B9C6
S214010AF0074800F0EFF9012838BF012000F57420FF
S214010B00044B00F23F20B0FBF3F00138C0B208BD41
S214010B104041050040420F000C4B984205D90C4B52
S214010B20984210D80122012301E000221346094908
S214010B300B640949D1F8003123F0807343EA02635C
S214010B40C1F8003170470222EDE700BF0048E80116
S214010B500090D0030000C84300400E400F4B5B6876
S214010B600F4B30B500221C46C9B21D798D4202D109
S214010B701D6885420DD20132052A03F10803F4D11E
S214010B800321064A536823F0407343EA0163536026
S214010B9030BD04EBC2046179F3E700BF00000E40EC
S214010BA0FC97030038B5074C41F67133256C236476
S214010BB001F064FEADB20021FFF7D0FF0DB10023B6
S214010BC0236438BD00000E40044BDB6B5B0604D487
S214010BD0034AD2F8C830002BFBD1704700300E40D4
S214010BE00000C64308B5FFF7EFFF024B5868C0F395
S214010BF0014008BD00300E40044BD3F84421D20713
S214010C0003D4D3F840211042FBD1704700400E4078
S214010C1038B5064C256C41F671332364ADB2FFF747
S214010C209DFF0DB10023236438BD00BF00000E40B8
S214010C3038B5C0F30323013B092B11D8DFE803F0D5
S214010C40052710102B221D101511154DC0F3043465
S214010C5005F1424505F5801504EBC50080000160ED
S214010C6038BD104DC0F30434F2E70F4DC0F3043421
S214010C704FF48030FFF7C0FFEAE7C0F304340B4DB2
S214010C801020F7E7C0F30434094D0120F2E7094DBF
S214010C90C0F30434DCE7084DC0F30434D8E700BFE2
S214010CA000400E4050410E40F0400E40E8400E40DD
S214010CB0E0400E40C0400E40B0400E40C0F303136B
S214010CC0013B092B2AD8DFE803F0050B0F19292968
S214010CD01F23374B274BD3F80001C0F3042070477E
S214010CE0244BD3F81401F8E7224BD3F80031C3F3B1
S214010CF00063013301209840013870471D4BD3F83B
S214010D000C01C0F3082070471A4BD3F80801F8E726
S214010D10194B984204D0194B984207D000207047CF
S214010D20144BD3F8203103F00F03E3E7114BD3F84C
S214010D302031C3F30113DDE7114B98420CD003F5C4
S214010D40B01303F580539842E8D10A4BD3F8283103
S214010D50C3F301230433CDE7064BD3F82831E8E784
S214010D60084B9842DAD1034BD3F8300100F0030068
S214010D70704700BF00400E408006160080162E0009
S214010D8090171A00A009140000F00F000138072878
S214010D9050D8DFE800F00415244F34384F402B4B71
S214010DA0D3F8943003F00703023B052B06D8DFE89F
S214010DB003F049243F0305430B2070470520704785
S214010DC0224BD3F8800000F0070002283DD004280B
S214010DD036D0012808BF032018BF012070471B4BDF
S214010DE0D3F8843003F00703013B032B03D8DFE875
S214010DF003F0041F25270120704703207047134B7B
S214010E00D3F88800DFE7114B1B6F13F0010F0CBFFF
S214010E100720092070470D4BD3F85C3103F03003EF
S214010E20202B0FD0302B0FD0102B08BF0720D3E775
S214010E3002207047002070470C207047062070473C
S214010E400A207047042070470820704700400E4073
S214010E5008B50146FFF798FF1A4B994211D01A4B75
S214010E60994212D0194B994204D1194BD3F88000FC
S214010E7000F007000138032821D8DFE800F00A0E49
S214010E801612134BD3F88400F2E7114BD3F88800FF
S214010E90EEE7BDE808401FF046BDBDE8084001F09A
S214010EA051BDBDE808401FF041BD01F0EBFC084B09
S214010EB0D3F80031C3F300630133D84008BD0020E6
S214010EC0FCE700BF030020000500240002001E000E
S214010ED000400E4000F47813B3F5B01F10B5044679
S214010EE074D025D8B3F5402F5ED010D8B3F5802F37
S214010EF049D005D83BB1B3F5003F4FD0002010BD17
S214010F00B3F5202FFAD1BDE8104001F0BBBCB3F514
S214010F10801F00F08480B3F5A01F4DD0B3F5602F7D
S214010F20ECD14A48FFF730FF072878D00928E9E7CF
S214010F30B3F5381F53D013D8B3F5001F58D00AD8CD
S214010F40B3F5D01F56D0B3F5F01FD7D14048BDE852
S214010F501040FFF77DBFB3F5101FCFD13D48F6E730
S214010F60B3F5481F4DD0B3F5781F65D0B3F5401FD4
S214010F70C4D13948FFF76CFF384BD3F82831C3F397
S214010F800123043320E001F07DFC344BD3F80C310F
S214010F90C3F308230133B0FBF3F0B0E701F072FCB2
S214010FA02E4BD3F80831F3E701F06CFC2B4BD3F84A
S214010FB01431C3F30423EDE72648FFF749FF274B17
S214010FC0D3F8303103F00303D84098E72048FFF701
S214010FD03FFF224BD3F8203103F00F03F4E71C4800
S214010FE0FFF736FF1D4BD3F82031C3F30113EBE7B0
S214010FF01948ACE71848FFF72BFF184BD3F82831F0
S214011000F3E71748FFF7C0FE072808D0082809D0DD
S21401101004287FF473AFBDE8104001F06FBC114B9C
S21401102018686CE701F02EFC0C4BD3F80031C3F3C3
S214011030042303FB000062E701F024FC014620467E
S2140110401FF099F9B1FBF0F059E700BF06000E005A
S21401105002001E00050024000300200000400E4090
S214011060B8003200DC0A002010B5FFF79BFD094BE3
S21401107007225A6701F006FCFFF74EFD01F02CFC33
S2140110800446FFF7AFFD01462046BDE81040FFF7D6
S214011090BFBD00BF00400E4008B5FFF775FE022831
S2140110A00ABF024B4FF6FF70188808BDA80D002036
S2140110B0014B1880704700BFA80D0020014B188017
S2140110C0704700BFA60D002010B5042813D8DFE82E
S2140110D000F047032F132100294AC1F30801D2F873
S2140110E06838002BFBD1274A136A23F4FF7323F0D9
S2140110F001030B43136210BD214A01F07F01D2F8B0
S2140111006038002BFBD11F4A136923F07F030B4382
S2140111101361F0E71A4A01F07F01D2F86438002B18
S214011120FBD1184A936923F07F030B439361E2E7EF
S214011130144AD2F89030536A23F0300343F0100378
S2140111405362146B104BC1F3C31003300F2803EA2C
S214011150040328BF0F200B4343EA00731363CAE757
S2140111604F29074A28BF4F21D2F87438002BFBD1EC
S214011170044A936B23F07F030B439363BBE700BFE3
S2140111800020C84300400E4000F8FF0F104A536A83
S21401119013F0300F18D0202913D0302914D000298D
S2140111A00C4B08BF4FF44003D2F8901033EA01010C
S2140111B0FAD15B0246BFD2F8A000C0F3802001201E
S2140111C070474FF40003EFE74FF44003ECE700BF2E
S2140111D000400E40FF33E13F02280AD129B1064BF9
S2140111E04FF48060C3F8A800596612B10220FFF7D9
S2140111F0CDBF0120704700BF00400E400428F8B55F
S21401120048D8304B13F800C02F4B1D5C2F4B33F8DA
S21401121010702F4B33F810402E4B002940D0022877
S21401122039D15C6A14F0300F35D12B4CE46B5C6A13
S214011230E40705D55E6A26F0300646F010065E62C3
S214011240264C244B25441F66AD002B68002BFCD092
S21401125002B36444A4002368002BFCD0022819D1F1
S214011260C1B11C4D696A11F0010116D0012220217D
S214011270FFF7B2FFD5F89C60012200210220FFF79C
S214011280BDFFC6F30A010220FFF71EFF2F66236883
S214011290002BFCD0F8BD0021D2E7FFF777FFE9E786
S2140112A001211C66A940D3F890000842FBD1002A10
S2140112B0F0D00123074903FA0CF3D1F890201A4223
S2140112C0FBD1E7E7F5970300F0970300E6970300E5
S2140112D0DC97030000400E4000300E408004F21000
S2140112E010B50246B8B901221146FFF787FFFFF78E
S2140112F059FC0F4B04225A6701F0C4FAFFF70CFCA5
S21401130001F0EAFA0446FFF76DFC01462046BDE807
S2140113101040FFF77DBC012807D10146FFF76EFF9D
S214011320FFF740FC024B0322E5E7FFF73BFCE3E750
S21401133000400E4038B501F0E1FA0021044600F005
S21401134029FC1248FFF7E8FB012211460220FFF7AD
S21401135055FFFFF727FC0CB1FFF736FC0C4B0222BA
S2140113605A6701F08FFAFFF7D7FB01F0B5FA054689
S214011370FFF738FC01462846FFF74AFC2CB9204601
S2140113800121BDE8384000F005BC38BD0148E80140
S21401139000400E401C4B70B51C681C4B9C4221D86B
S2140113A01B48FFF7B9FB012211460320FFF726FF72
S2140113B0FFF7F8FB0024174B01265E6701F062FA7F
S2140113C0FFF7AAFB01F088FA0546FFF70BFC01467A
S2140113D02846FFF71DFCB4B931462046BDE87040EB
S2140113E000F0D8BB0021204600F0D4FB0848FFF7E8
S2140113F093FB012211460320FFF700FFFFF7D2FB04
S214011400FFF7E2FBD7E770BDE40A0020002D3101AB
S2140114100148E80100400E40012210B511460320A4
S214011420FFF7ECFEFFF7BEFB084B05225A6701F0FB
S21401143029FAFFF771FB01F04FFA0446FFF7D2FBDA
S21401144001462046BDE81040FFF7E2BB00400E40D3
S214011450112838B52AD1042917D101F04FFA0446CC
S21401146000285ED0002100F095FB6E48FFF754FB84
S2140114700220054601221146FFF7C0FEFFF792FB48
S214011480002C38D0FFF7A0FB35E0052924D1664BA8
S2140114901C68664B9C4246D90021204600F07AFB28
S2140114A06048FFF739FB01250320E3E700F00F0052
S2140114B0013807285DD8DFE800F00F58045C56773E
S2140114C05C825B4C0139092953D8DFE801F050539F
S2140114D05A5252615252526B02390A2949D8DFE8F0
S2140114E001F03824202248484848482E0600FFF7D5
S2140114F059FB002407254F4B5D6701F0EDF90546C2
S21401150001F0C0F9FFF708FBFFF76CFB0146284620
S214011510FFF77EFB6CBB20460121BDE8384000F09A
S21401152039BB0024A1E70024BAE701221146104680
S214011530FFF764FE0024FFF735FB0325DBE70122F6
S21401154011460320FFF75AFE0024FFF72BFB052563
S214011550D1E7012211460020FFF750FE0024FFF7D5
S21401156021FB0425C7E7344CACE7344CAAE700233B
S214011570236038BD012211460020FFF73FFE0223FB
S214011580F6E7012211461046FFF738FE0123EFE782
S21401159001F078F9FFF7C0FA294B0122C3F80826B3
S2140115A00323E5E70423E3E7072904D00929E0D16B
S2140115B0204B012201E01F4B00221A67D9E70139AF
S2140115C00729D6D801A353F821F000BFED15010075
S2140115D07315010073150100111601007315010042
S2140115E073150100031601001F16010000221149A0
S2140115F0D1F85C3123F0300343EA0213C1F85C31C1
S214011600B7E7012211460420FFF7F8FD0122EEE7B5
S214011610012211460220FFF7F1FD0222E7E703222D
S214011620E5E700BF0148E801E40A0020002D31018A
S21401163084400E4000400E4088400E4080400E40E0
S2140116400010C84310B504461120FFF79DFB00218A
S21401165001220220FFF7D2FD184A217C536A23F0AB
S2140116600103022908BF43F001035362144B21789A
S214011670C3F8A014637AA18843EAC123D362136B2B
S214011680A07A217A03F07F630343E08843EAC0230C
S21401169043EAC11303310F2928BF0F2143EA01731F
S2140116A01363A37B617B1B0143EA0133E17B0B439D
S2140116B0217B43EA0143536310BD00BF00400E4047
S2140116C00000C84338B50E4D0E4C01461120FFF7F9
S2140116D05BFBAA6B4B7814400A78144344EAC32494
S2140116E08B7844EA0364CB7844EA0324AB6BA342C9
S2140116F005D0002101220846FFF780FDAC6338BD06
S21401170000400E4080E4FFF8034B5868C0F3080021
S214011710003818BF0120704700ED00E043790A4AFF
S21401172003F03F0353604378C1785B0043EA8103CB
S21401173001780B43017943EA41131360034B827826
S214011740C3F88021704700BF00E0014000003C4222
S2140117500A78CB7810B54C78002A0E4A08BF4FF4A9
S21401176040320CB142F000628C780CB142F08062DB
S21401177002600A791B0443EA02234A791343436051
S2140117808B790361D1F80730C361D1F80B3043621E
S21401179010BD00BF00000310034BD86B80F0400063
S2140117A0C0F38010704700BF00300E4042EA0322AB
S2140117B0B2F5007F10B5194C29D00AD8B2F5807F52
S2140117C022D040F201139A4215D062B9D4F81C32E5
S2140117D00BE0B2F5407F1DD040F201339A4210D0A3
S2140117E0D4F8283201E0D4F82432C3F30722DBB25E
S2140117F003600A6010BDD4F824321A0EC3F30743FF
S214011800F6E7D4F82832F8E7D4F81C32F5E7D4F82E
S2140118102032EAE7D4F82032EFE700BF0081E00F7C
S21401182008B5FFF7B9FF20B1024AD2F8C830002B3D
S214011830FBD108BD0000C64308B5FFF7ADFF80B178
S214011840FFF7EEFF074B19685A68C1F30121C2F38F
S214011850014291421A688CBF42F0100222F0100237
S2140118601A6008BD00300E40064B1B68DB0608D523
S214011870054B1B69C3F30443082B02BF034B044A01
S2140118801A60704700300E4000400E40E40A002007
S214011890C0EA210170B5FFF77FFF38B12D4B1A78EA
S2140118A01023C2F1020293402B4A13612B492C4D9F
S2140118B0D1F8804145F60E03C1F880312B6823F03C
S2140118C0AA03DB05DB0D0B66FFF7AAFF224B1B689D
S2140118D0D80604F0010415D5D1F84031DA01FBD45D
S2140118E0204B1B680B61204B1B78052B0AD11F4B25
S2140118F01E68FFF795FF184B59683046C1F3014142
S214011900FFF786F9184B1B78023B0A2B0AD8DFE84B
S21401191003F00615170909090909091A1D0000200F
S214011920FFF7DEFC2B68DB075EBF0C4B02221A6654
S2140119301CB10A4B0022C3F8802170BD0120EFE7DD
S214011940FFF7F8FCEEE7FFF767FDEBE7FFF78CFB29
S214011950E8E700BF8D2F002000300E4000400E400B
S214011960B41B0020B01B00208E2F0020E40A0020AC
S21401197010B50B4C0B4BD4F890201A601120FFF7D2
S21401198003FA094B1870FFF74BFF084B084A5B68D0
S214011990C3F301431370074B22691A6010BD00BFE1
S2140119A000400E40B41B00208E2F002000300E4059
S2140119B08D2F0020B01B002038B5054608B1FFF773
S2140119C0D7FFFFF739FF1A4A136943F0040313617F
S2140119D01EF07FFE1EF07EFE164B174AC3F8242427
S2140119E003F559231B68DB0614D51EF0C9FC27F046
S2140119F083FD1EF0C9FC1EF06FFE104C1EF06BFE40
S214011A0055B1FFF747FFD4F84C3123F00043C4F833
S214011A104C3138BD30BFEEE7FFF726FFD4F84C3126
S214011A2023F00043C4F84C31BDE8384000F054BF01
S214011A3000ED00E000A000400000FFFF00300E4077
S214011A4038B5054608B1FFF793FFFFF7F5FE1F4BC4
S214011A501F4CD3F8802145F60E01D207C3F880113A
S214011A6048BF00224FF42071196648BFC3F8802191
S214011A70184A136943F004031361174B174AC3F856
S214011A8024241EF026FE2368DB0611D51EF078FC02
S214011A9027F032FD1EF078FC1EF01DFE55B1FFF753
S214011AA0F9FED4F84C3123F00043C4F84C3138BD6C
S214011AB030BFF1E7FFF7D8FED4F84C3123F00043EE
S214011AC0C4F84C31BDE8384000F006BF00400E4077
S214011AD000300E4000ED00E000A000400000FFFFD7
S214011AE00E4A0379916921F03F010B43017843EADD
S214011AF08103417843EA4103817843EAC103C1780F
S214011B00012908BF43F0010393611368417923F467
S214011B10403343EA01431360704700BF00300E4074
S214011B202DE9F04104460D46FFF736FE60B3DFF8B7
S214011B306080FFF775FED8F80430C3F301439C427A
S214011B4022D0124BD3F8003100F09CFE022C07463F
S214011B504FF0100609D12146FFF75AF8C8F8106071
S214011B6095B1BDE8F041FFF75BBEC4F102039E40AC
S214011B70C8F810600DB1FFF753FE2CB92146384660
S214011B80BDE8F041FFF744B8BDE8F08100400E40E3
S214011B9000300E4038B505460C46FFF7FDFDB8B1DE
S214011BA045B90C4BD3F8005100F06CFEC5F3042583
S214011BB005FB0005084B1B7821463BB1074B9D42B0
S214011BC004D80220BDE83840FFF7AABF0020F9E795
S214011BD038BD00BF00400E408F2F0020002D310180
S214011BE0034B02781A7001210020FFF7D3BF00BF14
S214011BF08F2F0020174B4AF6E85210B5596B5A63DF
S214011C009A6FD407FCD41B6C13F0030306D0124A58
S214011C1001249842C2F8B44A05D110BD18B90E4B3A
S214011C20C3F8B40AF9E70B4B9A6FD207FCD41A6CC7
S214011C3022F0030202431A649A6F12F00102FBD1EA
S214011C400038054C18BF01200129C4F8B40A08BFA2
S214011C505A63E2E700300E400000C6432DE9F04F1C
S214011C6000238BB0CDE90433CDE90633CDE9083343
S214011C70A0F5E163B3F5966F05460191934603D946
S214011C8000200BB0BDE8F08F624BDFF88C81D3F8F3
S214011C901842B0F5E16F15BF4FEA146AC4F3072A7C
S214011CA0C4F30744E4B20694CDF824A0D8F84C60F7
S214011CB0C6F301768CBF01220022334607A904A889
S214011CC015BF4FF4E1674FF496674FF496694FF4EA
S214011CD016790392FFF76AFDD8F8E030039AC3F34A
S214011CE0012308A905A80293FFF760FDA5EB070CE1
S214011CF0AAEB04020CFB02F2B2FBF9F214445445BF
S214011D00079F0498089A0599BAD8A2EB010E0CFB16
S214011D100EFEBEFBF9FE11EB0E012CBF4FF0010EBD
S214011D204FF0000E8A42ABD3BEF1000FA8D13A1A8B
S214011D300CFB02F2B2FBF9F280182CBF0122002242
S214011D4087429DD3002A9BD1029BBBF1000F0FD087
S214011D50D8F85C20B5F5E16722F4FE4218BF0127EA
S214011D6022F0020242EA470242EA0422C8F85C2054
S214011D70019A0AB9012084E7264A022ED2F83022B7
S214011D803ED0032E3FD0012E14BFD2B2C2F307229B
S214011D90120312F4702F7FF473AF1F4EF46E24F407
S214011DA070442243F2661B4A022BD2F830222CD012
S214011DB0032B2DD0012B14BFD2B2C2F3072212037C
S214011DC012F4702F7FF45CAF134CD4F8E03023F498
S214011DD070431343C4F8E030636E884238BF084648
S214011DE023F4FF73E72823F0010328BFE720B5F5A6
S214011DF0E16F18BF43F0010343EA40036366B9E7A6
S214011E00C2F30742C4E7120EC2E7C2F30742D6E79F
S214011E10120ED4E70081E00F00300E402F4B1A6FF0
S214011E20D96C11F0010F02F0060242D0002A40D010
S214011E3013284FD9143813288CBF10230823274999
S214011E40013BCA6C180322F47F4240EA0323134382
S214011E50CB64234BCA6C1B88C2F30322283301329E
S214011E6002EB820003EB5303B3FBF0F3C86C013BB8
S214011E70072B28BF072320F0EE6040EA036343F4F4
S214011E808013CB64174BB3F90030002B10DB2833DB
S214011E90500800EB420203EB5303B3FBF2F30A6D67
S214011EA0072B28BF072322F0700242EA03130B65B3
S214011EB07047D96C01F00101114304D1092809D9F1
S214011EC00A380928B8E7DB6C13F00103B7D01AB952
S214011ED02728B1E70423B2E70023B0E700300E401D
S214011EE0C22C0020BE2C0020064A074BD3F88039AE
S214011EF0136F23F0070303431367044B1888FFF798
S214011F008DBF00BF00300E400000C643C02C00202D
S214011F102DE9F041C288B0F808808588B0F90C60D8
S214011F2047784A2A04464FD9B2F5FA7F4ED340F68F
S214011F30C3139A428CBF4FF040524FF000522849CB
S214011F40CB6C23F0405323F00103002EA8BF43F0CF
S214011F5001031343CB64D1F8E03043F44073C1F876
S214011F60E030204B1D80CB6E43F08073CB661E4B5A
S214011F70D3F8800900B10420FFF7B6FF1B4BA3F886
S214011F8000801B4B28461E80FFF748FFA37B03B348
S214011F90012B22D0012260881146FFF75FFE05461D
S214011FA078B10F4AD36B43F48063D3633846FFF7A7
S214011FB021FEA37AA3F12002534253410A4AC2F8F2
S214011FC094372846BDE8F0810022B8E74FF08052EA
S214011FD0B5E7034B074A9A65DCE7014B064AFAE781
S214011FE000300E40C02C00200000C643C22C00204A
S214011FF0BE2C002077402057372110B700EB400059
S214012000F8B50D461F46040116463AB11548012398
S2140120108B402044C7B100F1C0600360072D4FF02C
S2140120200F0114D8AB00104806FA03F29940204479
S2140120301EF053FB3EB90B4A0123AB40224477B155
S21401204002F1C0621360F8BD00F18060E5E7A5F11A
S21401205008039B00054806FA03F29940E7E702F1F8
S2140120608062EFE70CA0004004A0004008A00040FA
S214012070064B302202FB0033072992BF5868986846
S21401208008398900C84000F00F00704700A00040E2
S21401209010B5044601214FF4AA40FEF7C9FDB4F875
S2140120A0013022785BBA9BB243EA02630B4A1360A3
S2140120B000231362D36253634FF00043D3664FF09D
S2140120C0FF339366064A4FF40071C2F88011E37835
S2140120D05B01DBB282F80933116010BD00200E40AF
S2140120E000E100E0F8B5254D8F7AD1F800C0C3B203
S2140120F001269E404FF0300ECB7A0EFB00500C4668
S2140121001B05097BAE6643EA0743C0F880C094F816
S2140121100DC0C0F888C043EA415322F00302C0F85C
S2140121208430C0F898201EF032F9EB6E3343EB662C
S214012130237A13B16B6B33436B63637A13B1EB6A28
S2140121403343EB6223792A6823B1DB431B0263F432
S2140121507F431A4063790BB142EA0322A3790BB19C
S21401216022EA0302E3791343044A1360044B9E6296
S214012170D663BDE8F8401EF010B900BF00200E403F
S21401218000200E44064B984204D1012907D829B9EC
S214012190026170470029FBD0012900D142617047D6
S2140121A000600440064B984204D1012907D829B99A
S2140121B0826170470029FBD0012900D1C2617047B6
S2140121C000600440054B5A685B68054B41F6713266
S2140121D01A649A6822F001029A60704700300E4035
S2140121E000000E40034B9A6822F001029A6000221A
S2140121F01A64704700000E40094A0A4BD969C9079C
S21401220005D512B96FF002007047013AF6E7002AC9
S214012210F8D001221861DA60D86940F3800070476F
S2140122208096980000000E4070B509B9002070BD78
S2140122300E4A0023082550F8234094610C4CD560C3
S2140122400133D669F60705D514B96FF00200EEE73B
S214012250013CF6E7002CF8D0D469A40702D49942D1
S214012260E9D1E3E76FF00100E1E700BF00000E40AF
S214012270809698002DE9F8431C4B0D4641F67131C6
S2140122801E6C19641A49804648684968996841F085
S2140122900101B6B2996097084FF00009B94501D31C
S2140122A0002005E008EB89042046FFF7A5FF48B1AA
S2140122B00E4B9A6822F001029A600EB100221A644F
S2140122C0BDE8F883C4F30A01C1F500618908A7EBEC
S2140122D00903994228BF19462846FFF7A5FF00289B
S2140122E0E6D1894405EB8105D8E700BF00000E4022
S2140122F000300E40234B41F671311A6C10B519644B
S21401230021494C684968996841F0010199600121A9
S2140123101861D960D9694C0792B209D5996821F03C
S214012320010199600AB100221A644FF0FF3010BD16
S2140123300221D9601549D869C00700D569B9D8699D
S21401234010F002000BD0996821F0010199600AB1E2
S21401235000221A646FF00100E9E70139EBE741B9A1
S214012360986820F00100986002B119646FF00200CD
S214012370DDE7996821F0010199600AB90020D6E7E6
S2140123801864FBE700000E4000300E40809698006F
S21401239002F0070242EA035201F4FE41024B1430F6
S2140123A00A4343F82020704700600E40014B01228B
S2140123B09A60704700500E40134B1449F0B5002246
S2140123C05D68134E1046D6F8E8714C680B687F07B7
S2140123D00BD4B3F5006F06D012D8B3F5007F02D048
S2140123E0B3F5806F01D144F480742B4202D02C42A5
S2140123F008BF18430132092A01F10801E3D1F0BDF3
S214012400B3F5803FEEE700BF00500E40249803006E
S2140124100040E00F8B784A789B0143EA82030A78F2
S2140124201343CA7843EA02130A7943EAC2234A7974
S21401243043EA02338A79043043EA42430001014AFF
S2140124401350704700200440014B1860704700BFCE
S21401245000008442437882789B0043EA02130278A4
S2140124601343C27843EA4213027943EA02234279CC
S21401247043EA0233827943EAC233C27943EA02432A
S214012480027A43EA4243014A13607047002004403F
S2140124900D4AD2F8E430D2F8E0109B0003F03C037A
S2140124A0C1F381110B438370D2F8E03003F03F0390
S2140124B04370D2F8E830D2F8EC2003F0F003C2F310
S2140124C0031213430370704700FF0FE0024BD3F86B
S2140124D0F000D3F8F41070470081E00F024BD3F8F8
S2140124E0F80080B2704700BF0081E00F024BD3F8BE
S2140124F0B000C0F3074070470081E00F2DE9F04FB0
S2140125009A46554B85B01B78DDF83C909DF844B053
S214012510DDF8508006460F461546002B00F09680E3
S214012520072A00F295800E9B002B00F09180B9F1EE
S214012530000F00F08D80129BB3F5006F00F38880CA
S214012540012803D1109B002B00F08280434B03EB44
S21401255005131B7B002B7DD0414C102200216846C1
S21401256026F019F804EB451410229FBB3946204685
S21401257026F011F843F210036380BBF1000F03D17C
S214012580E37843F00303E370354A0E9BCDF800A0D1
S21401259002EB451CCCE90193129B581E9DF84C306A
S2140125A0690103F00303C0F30A009B0643EA001E19
S2140125B053582C4818404EEA0003012E535017D0AA
S2140125C0B8F1000F2ED19CF8023068F304138CF892
S2140125D0023027E00021204625F0DDFF4FF444734A
S2140125E06380BBF1000FCFD1E37843F03003CAE735
S2140125F01323CCF80C309CE80F000CF1100E8EE87B
S2140126000F00DCF81C20109BCCF814306FF003018F
S21401261061F39F02012FCCF81C2003D1CCF818904F
S214012620CCF804300D4A290102EB051342F801806B
S214012630159A5A6000272846224669469F605E73AF
S214012640FFF750FD384605B0BDE8F08F0648FAE7BB
S2140126500648F8E70648F6E7902F0020B81C002049
S214012660B81B00200F80FFF3028000F0018000F00D
S214012670078000F038B5124B1B780546DBB1E0B198
S2140126801DF085FE0F4A00231146147B54B92B60BA
S2140126901A0101EB031301258C501D731DF07DFEFD
S2140126A0204638BD0133082B02F11002EDD11DF092
S2140126B074FE0548F5E70548F3E70548F1E700BF6E
S2140126C0902F0020B81C0020048000F0028000F04B
S2140126D0018000F013B5164B1868019000238DF8A1
S2140126E004301DF054FE134B1C7824B11DF055FE2A
S2140126F0114802B010BD01221A701DF04EFE0F4B9C
S2140127001C731C7783F82C4083F83C4083F84C40BC
S21401271083F85C4083F86C4083F87C4004230DEB1F
S21401272003008DF80730FFF7B3FC2046E1E700BF52
S2140127306C980300902F0020038000F0B81C002046
S2140127402DE9F041DFF86480D8F86070D8F86C3075
S2140127501F4000D5FEE7134C01260025374218D04E
S2140127602368C8F86860A3B1A16862680131A160F6
S21401277028469847637B012B0BD150B90A4B03EBD4
S21401278045131A7B60F341021A731A7F60F3410204
S2140127901A770135082D4FEA460604F11004DDD1FB
S2140127A0BDE8F081B81C0020B81B002000200E40B8
S2140127B0054A06490346106803448B4294BF1360DA
S2140127C04FF0FF30704700BFE00A002000000120F4
S2140127D00F4BD3F82838A3F17E62A2F58432B2F506
S2140127E0605F10B511D219680A4A91420DD10A4CA0
S2140127F0227812F0FD0F01D0002010BDDB6998474A
S2140128000028FAD101232370F6E74FF48170F4E72C
S2140128100000E10F07B0CD5E912F002008B500F053
S21401282083F8124B12498B4212D3124B12490020E5
S2140128308B4218D3FAF7DAFE186850F82240586827
S21401284040F82240013298688242F5D30C33EAE719
S2140128500022F8E71C6844F8220001325C68A242B4
S214012860F8D30833E4E70022F8E700BF98D1030065
S214012870A4D10300A4D10300A4D1030000487047EB
S21401288000F04902104AD2F8943003F00703023BE5
S214012890032B13D8DFE803F00C14020E0B4B1B6856
S2140128A0D2F80001C0F304200130B3FBF0F070470A
S2140128B0074BF4E7074B1B685B08F1E7054BEEE7B0
S2140128C04FF40043ECE700BF00400E40EC0A002046
S2140128D0F00A0020E40A002008B5FFF7D3FF054BF5
S2140128E0D3F80831C3F308230133B0FBF3F0024BEE
S2140128F0186008BD00400E40E80A0020014B186829
S214012900704700BFF00A0020054B1860054BD3F84E
S214012910943003F00703022B01D1FFF7DDBF7047A8
S214012920F00A002000400E40044B054A9A60D3F896
S214012930882042F47002C3F88820704700ED00E05A
S21401294000C80000014B1868704700BFEC0A002061
S21401295038B505461DF01BFD0B4A146800235CB113
S214012960AC4206D1A96A6BB199621DF016FD012031
S21401297007E02346A46AF2E7002DF3D01DF00DFD13
S214012980204638BD1160F0E7381D002010B504461A
S21401299098B1FBF7DFFF2046FFF7DAFF10B194F896
S2140129A02C300BB9002010BD1DF0F1FC044A136851
S2140129B0013B13601DF0F1FCF4E72220F3E700BFB2
S2140129C03C1D00202DE9F04385B005469DF830708A
S2140129D0914698460E4609B9002F5CD12846FFF766
S2140129E0D5FF0446002836D185F82C006863FCF72D
S2140129F05FF8864233D9FBF7FBFF2146844640F257
S214012A00E7304FF47A720023E6FB0C0119F0E8FD7B
S214012A104FF0FF32002319F0E3FD2B46E8861146FE
S214012A20CDE900441D4A28461CF09AFF044690B999
S214012A30C5E9089885F82D702E631DF0A8FC184A84
S214012A40136833B31A469B6A002BFBD195620023A9
S214012A50AB621DF0A2FC204605B0BDE8F08347B18D
S214012A60CDE900440D4A2B4631462846FBF7E4FFE4
S214012A70DCE703A93046FBF7C1FF04460028EAD18C
S214012A80CDE90077054A03992B4628461CF044FFFA
S214012A90CCE71560DBE72124DDE700BFA52A0100AE
S214012AA0381D002091F82C3013B50C4683B98B8E57
S214012AB0CA8E93420ED243B9CDE90033114A0B4672
S214012AC020464FF0FF311CF00BFFA38E0133A38687
S214012AD002B010BD52B191F82D307BB101230093A5
S214012AE0D1E908232046096BFFF76CFF064A01234C
S214012AF084F82C30136801331360E9E70846FBF7C6
S214012B0029FFF3E7A52A01003C1D00202DE9F0412D
S214012B10144E336823B3144F4FF000081DF037FCF2
S214012B203C68054624B92846BDE8F0411DF035BC91
S214012B3094F82C3093B1336884F82C80013B3360D1
S214012B4094F82D3013B92046FFF702FF28461DF0F2
S214012B5024FCD4E9083120469847DFE7A46AE1E778
S214012B60BDE8F0813C1D0020381D0020034B1B688A
S214012B70002B14BF04200120704700BF3C1D00201D
S214012B80024B1868B0FA80F0400970473C1D0020DF
S214012B9008B5084B01221A70074B00221A70074B22
S214012BA004221A70064B1F221A70FCF759FA054BBD
S214012BB0186008BD04100020922F0020031000208A
S214012BC002100020401D002008B5064B834207D1A5
S214012BD0054B1B7823B1C8B20CF054F900B1FEE7DF
S214012BE008BD00BF441D0020932F002030B50368A8
S214012BF0354A23F47F4385B023F00703002593422B
S214012C0004460295ADF80C5033D002F5802293426B
S214012C100CD0A2F18272934253D12C4B1B78002B1D
S214012C204FD005B0BDE83040FBF764BDB0F80530C5
S214012C303B2B46D1FF2304A91A4611E903001DF0D8
S214012C407AFE01280ABF214B41F2FC15187005F0E7
S214012C50FC0220793B210CF09DF900B1FEE71C49EE
S214012C60009023791B4A09681B48FFF7ABFE40B367
S214012C70FEE7B0F8053007EE903AB0F80730F8EE08
S214012C80677A0133B7EE047A67EE877A07EE103A71
S214012C90B8EEC77A67EE877AB1EE047A67EE877A7E
S214012CA017EE900A1AF0E2FC07EE900AFCEEE77ABD
S214012CB0074A17EE903AB3F57A7F38BF4FF47A7326
S214012CC0136005B030BD00BFA0000602932F0020A0
S214012CD0F40A0020C92B0100441D002038B5FEF778
S214012CE029FB0E480E4C0121FDF7A2FF01221146D9
S214012CF00020FEF783FA022501221146C4F880500F
S214012D000020FEF77BFA0122C4F884501146002009
S214012D10FEF774FAC4F88850002038BD30253E000E
S214012D2000400E401D4B07B501225A641A6842F452
S214012D3080721A6001A8FFF7ABFB9DF80530012BE6
S214012D4003D89DF80430022B0DD9154B4FF4187299
S214012D50C3F88C22134AC3F89022134AC3F8F02210
S214012D60124AC3F8F822124AD2F8A43143F4F843BF
S214012D70C2F8A431FCF706FAFCF7A0F9FCF7EEF965
S214012D80FCF7B2F9FFF7AAFF1CF0DBFEFFF720FD08
S214012D9003B05DF804EBFCF73FB800BF00000E403F
S214012DA000400E409A6F05001801000400843208A6
S214012DB000300E4082B0734600230B4A0193019BFC
S214012DC093420DDD72B6BFF34F8F0849084BCA68B0
S214012DD002F4E0621343CB60BFF34F8F00BFFDE701
S214012DE0019B01330193EAE73F420F0000ED00E04B
S214012DF00400FA05014B1878704700BF9B3000208D
S214012E0070B52E481DF019FD00F0DAFF00F0C4FF82
S214012E1000F0DCFF044602F07FFC064600F0DCFF13
S214012E200546002848D0002C46D000F0F1FA10B133
S214012E30204602F0A7FA284603F018FA284602F0C0
S214012E4033FD284601F0E6F9304602F059FC1C4BEA
S214012E501B78204603F0FF05EBB102F053F820463D
S214012E601DF02BFF38B12146032002F06DF82146F4
S214012E7000201DF01CFF20461DF022FF38B1214620
S214012E80062002F061F8214600201DF013FFBDE880
S214012E90704002F027B81DF013FF18B121462846EE
S214012EA01DF008FF20461DF00BFF28B1214600202B
S214012EB0BDE870401DF0FEBE70BD00BF0024054099
S214012EC09C3000200368484A23F47F4323F007031D
S214012ED0934273B5044670D009D8A2F510229342E6
S214012EE02BD002F5A022934258D002B070BD3F4AC3
S214012EF09342FAD100201DF0DBFF01201DF0D8FF20
S214012F003B4BA2881A803B4A002111701A8841F275
S214012F10130192B28A4203D01A8892B202B11B8878
S214012F20354C022120780BF085FF78B920780221F4
S214012F300BF094FF0028D8D008E02F4C01F094FA4B
S214012F4000F00EFF20460BF03BFF08B1FFF732FF03
S214012F50207802210BF06EFF03460028F6D1009080
S214012F60A022207811460BF043FF0028EED12078EE
S214012F7002210BF073FF04460028E7D100F02CFF76
S214012F800146204601F03AF8012000F025FF0146EF
S214012F90204602B0BDE8704001F030B8174B027B06
S214012FA01A70174B42681A6002899A80154B827A0A
S214012FB01A70104B01221A7097E7857AB0F80560EF
S214012FC000F10B012A46104825F0FFFA302E07D1F2
S214012FD000220D48294602B0BDE8704001F0D4BA7F
S214012FE0332E82D10122F4E7A0000A00A0000601D8
S214012FF0C42C00209C300020051000209B300020AF
S214013000943000209A300020942F00202DE9F047BC
S214013010054602F00FF84A4B4A4C1B68AB4204BF08
S21401302001232370484B1B68AB4202BF474B01226A
S2140130301A70474A237812689502DBB204D52378C2
S214013040002B54D0414B1B78002B50D0DFF83CC1ED
S2140130509CF8002002F0FF03002A48D13D4FDFF81C
S21401306030E1DFF830813C4D394E40F2E639B9683F
S2140130705EF82320B1F57A7F13D9501A00F2F310C7
S21401308048450ED8354810F803A001EB0A1000EBAE
S2140130908A008242A1EB910128BF02468A4238BFCC
S2140130A00A4648F8232045F823203068591C800238
S2140130B048BF01F00103022945F8232007F1140750
S2140130C04FF00103D3D13368204A25499B0244BF00
S2140130D06B68336400232370137001238CF800306F
S2140130E00A681A440A601F4A13801F4A13701F4B4E
S2140130F01F4A1B88122B20D913780133DBB2082B09
S21401310001D8137014E0002313701A4A13780133A0
S21401311003F007031370184AD35C184A82F8263066
S214013120174A82F8263011F0C7FC164B02221A7095
S214013130154B01201870BDE8F0870023E1E700BFBA
S214013140C41D0020A7300020C01D0020A63000208E
S21401315000F00140881B0020A41D00202110002043
S214013160BC1D0020C62C0020A8300020FA3100200B
S214013170A2300020A3300020E7C70300240B002064
S214013180F80A0020171000209D300020A5300020EE
S214013190B41D0020AC1D0020034B01229A605A6D1D
S2140131A09207FCD55869704700F001402DE9F041BF
S2140131B0274B90B001AA064603F108051746186882
S2140131C05968144603C40833AB422246F7D1214D51
S2140131D0186899889B792060A180A3710FCD05ACF2
S2140131E00FC40FCD0FC495E807001B4BDFF87C809A
S2140131F09B5D84E80700194A194CD35C19488DF881
S214013200223000250121ADF814508DF81750FDF736
S2140132100FFDC8F80450636DE36539462046FEF796
S21401322097FA204605A91DF007FA0123C8F80430CD
S214013230FFF7B2FF01360C4AC8F8045006F0010643
S21401324042F826005368236410B0BDE8F08100BF41
S214013250F49F030004A00300EFC70300B39F03001D
S21401326000F0014000D20400A41D002000003E42F0
S21401327070B5064618480D46FDF786FD012804463A
S2140132800BD102460146FDF7B9FF224621462046EC
S214013290FDF7B4FF114BC3F8844001211048FDF738
S2140132A0C7FC0F48FDF716FE4FF47A7370430121F1
S2140132B0B0FBF3F00023B0FBF1F2FE2A04D8D2B241
S2140132C0DBB22A716B7170BD0133072B4FEA4101E6
S2140132D0F1D10022F5E700BF0300200000400E40B8
S2140132E0902730002DE9F043DFF89090194E1A4FE1
S2140132F01A481F23C9F85C30194B87B04FF4806217
S21401330001250224C3F884213570CDE901444FF02C
S2140133100008CDF8108003970095124B124A0068FA
S2140133204FF448111DF0DDFAD9F800309B020BD599
S214013330CDE90378CDE901440C4800950C4B0D4AC4
S2140133400D4900681DF0B3FA0023337007B0BDE8DD
S214013350F08300BFA93000200D300100C41D0020FD
S21401336000E100E014F00140B41D0020C01D002063
S214013370A41D002040F001400100320000F0014091
S21401338070B51E4B90B001AA03F1080516461868E1
S2140133905968144603C40833AB422246F7D1184D88
S2140133A0186899889B792060A180A3710FCD05AC20
S2140133B00FC40FCD0FC495E8070084E80700114C31
S2140133C031461520FFF754FF0F480121FDF730FC69
S2140133D031462046FEF7BCF905A920461DF02CF91A
S2140133E001214FF4AA40FDF723FCFFF77BFF074AB4
S2140133F001235360A36010B070BD00BFF49F0300AB
S214013400F80A002000F0014000D2040000003E420D
S2140134102DE9F3475B4C2378002B00F09A8001F0EE
S2140134204FFE002840F09580574B20701A786AB9F5
S21401343001221A7011F0F0FA1DF07BFA1DF07AFAEB
S214013440524B534A534918681CF03CFB524B534F9E
S2140134501B68312B05D9524A137813B9012313700F
S2140134603B703B78002B00F087804E4EDFF84C8196
S21401347033786BB90122327088F800301DF059FAA2
S2140134801DF058FA414B424A474918681CF01AFB8E
S214013490464998F80030464A086842F823004868CA
S2140134A0591D0133DBB2042B42F8210088F80030A5
S2140134B04FD9002528462B464FF0FF3152F8044BD2
S2140134C0A14228BF21460130A34238BF2346052822
S2140134D02544F3D15B1A3C2BDFF8E4C04FF0000320
S2140134E08CBF002201229A4619464FF0FF305CF845
S2140134F0044BA04228BF20460AF1010AA14238BF68
S2140135002146BAF1050F2344F1D1091A3C29DFF807
S2140135107C9023D8B3FBFAF402B3DFF8A88011F04D
S2140135207BFAB5FBFAF5C8F81C40C8F808501DF040
S21401353000FA1DF0FFF9D8F81C300093D8F80830CF
S214013540134A1C49D9F800001CF0BCFA00233B7052
S214013550337002B0BDE8F04701F0B2BD002388F831
S21401356000301DF0E6F91DF0E5F9094A1249D9F8CF
S21401357000001CF0A7FAECE711F070FA012001F048
S21401358099FDE6E7A5300020A1300020401D00206F
S214013590BC300020B69E0300BC1D0020A4300020D5
S2140135A0A03000209F300020F79E0300B41D0020AD
S2140135B07C1D0020309F0300789F03009E30002072
S2140135C0901D0020881B002008B50B4B5A6DDA654C
S2140135D00A4B4FF48062C3F88420BFF34F8FBFF3CA
S2140135E06F8F0020C3F88421FFF7E0FDBDE8084097
S2140135F00120FFF7DBBD00BF00F0014000E100E065
S21401360010B5FFF767F8044638B901460648FFF7D4
S21401361031F806482146FFF72DF8FFF7B1FE044BB7
S21401362001221A8010BD00BFC41D0020C01D00204D
S214013630C82C002013B502238DF8000000200C468C
S2140136408DF80130FDF752FA00218DF802000A4884
S214013650FDF7DAF900238DF80300012107488DF8FC
S21401366005308DF80440FDF7E3FA05486946FDF795
S214013670EDF902B010BD00BFC0CF6A0000B2040071
S214013680002000401FB58DF80730FF2300248DF879
S21401369006008DF808108DF8093008489DF8183096
S2140136A08DF8044001A98DF805208DF80A408DF8A3
S2140136B00B3003941CF003FE04B010BD0020004044
S2140136C007B50023009307220323FFF7DBFF054B13
S2140136D001229A60DA68D207FCD4986C80B203B0F3
S2140136E05DF804FB002000402DE9F043DFF8CC80B4
S2140136F04FF4004989B006460F46C8F88090BFF3DC
S2140137004F8FBFF36F8F01210320FFF793FF002533
S2140137104FF0FF33CDE9033543F6E4124FF48073DF
S214013720CDE90523022429468A2202A88DF80A40FB
S2140137308DF808508DF809608DF80B70ADF81C50A7
S2140137401CF09EFD4922012102A81CF099FD21468C
S2140137502A22184C02A81CF093FD4822012102A837
S2140137601CF08EFD02A92046FDF702F90123009305
S21401377032463B4628468B21FFF784FFE36943F434
S2140137804053E361636963612A462B464FF46061E7
S2140137902846FEF7FDFD0523A360074B2364636CF3
S2140137A043F003036364C8F88091C8F8009009B039
S2140137B0BDE8F08300200040000F033F00E100E079
S2140137C00E4B4FF4006210B5DA660D4A00241463FE
S2140137D00B22DA660821234622460220FEF70EFC5B
S2140137E0234622460A210220FEF708FC23462246EB
S2140137F00921BDE810400220FEF700BC00A00044ED
S2140138000080014008B50422012308210220FEF7AA
S214013810F5FB012304220A210220FEF7EFFB012318
S214013820042209210220FEF7E9FB024B07221A6354
S21401383008BD00BF0080014038B590F8635090F88D
S2140138406230044600F164012A46B0F86000F9F7D8
S214013850A7F825B940F2CF23C4E91933E366044B30
S214013860626EDA66A26EDA67E26EC3F88C2038BD45
S2140138700080014008B525480121FDF7D9F901214D
S2140138804FF48A40FDF7D4F921480121FDF7D0F91C
S21401389020480121FDF7CCF9002304220B21022048
S2140138A0FEF7ACFB0123002206210220FEF7A6FB51
S2140138B00123002207210220FEF7A0FB0023042299
S2140138C007210520FEF79AFB002304220621052086
S2140138D0FEF794FB0023042203210520FEF78EFB4E
S2140138E00D4B4FF4E062C3F888200F229A62002144
S2140138F002201CF001FF094A136E23F0701343F0F7
S21401390040131366BDE80840FFF77CBF00A2040021
S2140139104041050000350A0000A0004600A0004016
S21401392070B588B01B4C0F22002104A824F033FE8A
S214013930002503230226184803950121CDE90155E8
S2140139408DF812608DF80A30FDF772F904A9204649
S2140139501CF018FF40F2CF23236201AA2946204615
S2140139604FF4B4751CF042FF01AA2046E56601211A
S2140139701CF03CFFE56701AA314620461CF036FFE5
S214013980064BC4F88C5063630723236301236360EB
S21401399008B070BD00800140000204000D0E0C004E
S2140139A010B588B00F22002104A824F0F4FD154AB2
S2140139B0154C1068516802238DF8123001AB03C311
S2140139C09068186001211148FDF732F904A92046D4
S2140139D01CF0D8FE40F2CF23236201AA2046002124
S2140139E01CF004FF01AA012120461CF0FFFE1DF079
S2140139F074FA40F60B336363032323630123636086
S214013A0008B010BD50A0030000840140001204005D
S214013A101FB5084B08480122CDE9002340F60143B3
S214013A200293694600238DF80C301CF012FF05B096
S214013A305DF804FB000101000024054030B51B4879
S214013A401B4C85B00221FDF703FD1A480121FDF745
S214013A50EFF819480121FDF7EBF818480121FDF7A9
S214013A60E7F8204606220121FEF78CFB20460122BC
S214013A700021FEF797FB012220461146FEF792FB36
S214013A800F4B0FCB6D4685E80F00294620461CF0EC
S214013A903FFEE36A43F00603E3620A4B4FF000621F
S214013AA0C3F880211A6005B030BD00BF02001E00B9
S214013AB00060044030253E008006160000350A00EE
S214013AC05CA0030000E100E007B50D4B186900900B
S214013AD09B8A0C48ADF804300121FDF7A9F80A4B82
S214013AE001229A61DA6942F00102DA61074B022289
S214013AF05A606846FDF712FE03B05DF804FB00BF8E
S214013B005CA0030000A2040000E0014000E100E028
S214013B10014B33F810007047CA2C0020F0B5524B09
S214013B20A9B014AC03F12806224618685968254640
S214013B3003C50833B3422C46F7D1282144F22000AE
S214013B400BF0B2F9494B1EAD044603F128072A468D
S214013B50186859682E4603C60833BB423546F7D166
S214013B602CB9282144F221000BF09EF90446404B63
S214013B70404F414E414DCDE90437CDE9066534B994
S214013B8004AA102144F230000BF08EF904463C4B97
S214013B90CDE90A65CDE9083734B908AA102144F2FF
S214013BA031000BF081F90446364BCDE90E65CDE9BF
S214013BB00C3734B90CAA102144F232000BF074F918
S214013BC00446314BCDE91265CDE910371CB101F041
S214013BD053FA29B0F0BD10AA102144F233000BF0BD
S214013BE063F9054601F048FA002DF2D101F040FADA
S214013BF01221024644F248000BF056F9CDE9014481
S214013C0003940028E5D101AA0C2144F211000BF01F
S214013C104BF90028DDD11D4A382144F250000BF043
S214013C2043F90028D5D11A4A382144F251000BF045
S214013C303BF90028CDD1174A382144F252000BF047
S214013C4033F90028C5D1144A382144F253000BF049
S214013C502BF9182300930028BBD16A4604214FF4A0
S214013C6080400BF021F9B4E762A203008AA20300A8
S214013C701000640003FB9EB65BA46A952823A40685
S214013C801001640010026400100364002BA20300FC
S214013C90F4A10300BDA1030086A1030010B501F045
S214013CA0E7F90849084A83780B7003791370074BC4
S214013CB084791C70C4784C7041795170C2795A70FD
S214013CC010BD00BF25100020231000202110002069
S214013CD0214BDFED226A03EB0010C38907EE903A11
S214013CE0838807EE103AF8EE677AB8EE477A27EE41
S214013CF0277A87EE266ABCEEC66A16EE103A8380ED
S214013D00438907EE103AB8EE477A27EE277A87EE10
S214013D10266ABCEEC66A16EE103A4381C38807EEE1
S214013D20103AB8EE477A27EE277A87EE266ABCEE77
S214013D30C66A16EE103AC380038907EE103AB8EE4B
S214013D40477A67EE277A87EEA67ABCEEC77A17EE31
S214013D50103A0381704700BFD62C00200080D4445F
S214013D600A4A92F89400042808B528BF0020FFF7F5
S214013D70AFFF92F85001042828BF0020FFF7A8FFE4
S214013D80034B00211970034B1A6008BD7C1E0020EE
S214013D90AA300020C81D002001289FBF054B1870BF
S214013DA0054BBC229DBF00FB0230044B186000206F
S214013DB0704700BFAA3000207C1E0020C81D0020CE
S214013DC0014B1878704700BFAA300020014B1868D5
S214013DD0704700BFC81D002001289DBF024BBC22B2
S214013DE000FB0230002070477C1E0020034603289B
S214013DF0024898BF00EB0310704700BFD62C002086
S214013E00012813D80A4BBC2202FB003393F89320F7
S214013E1082420BD193F8951083F88C1093F8941086
S214013E2083F88B1083F88A200120704700207047A2
S214013E307C1E0020012830B524D8134BBC2202FB7F
S214013E40003292F8931081421CD192F88C1092F8AD
S214013E5095408C4218BF82F89510BC2101FB0032B8
S214013E6001FB003392F88B4092F89450A54218BF9C
S214013E7082F8944093F88A20824218BF83F89320F0
S214013E80012030BD0020FCE77C1E002090F88A301F
S214013E9073B1094B00221A70084B094A1A60094B84
S214013EA00822C3F8FC20012380F8813080F8823094
S214013EB090F88100704700BFAA300020C81D00207E
S214013EC07C1E002000A000462DE9F84F1DF005F8E5
S214013ED0002001F0C7F8002001F012FCAE220021FC
S214013EE04148424C24F057FB4148AE22002124F0C1
S214013EF052FB4FF00008A1464CF25A7B454641F270
S214013F00824A64233B4FE3834FF4E17363870FCF09
S214013F1004F16006C4E90355C4E91255A4F800B0DB
S214013F206580A580E5802581658184F88950E582D4
S214013F302583A5826584A584A586E5862587A4F8BC
S214013F401AA0A583258484F82E50A4F85050A4F80E
S214013F5052500FC697E80F0086E80F0020461CF067
S214013F60BEFE052384F85B30032384F880305FFAB5
S214013F7088F384F88A3084F88B3040F29E7384F894
S214013F80855084F88650A4F85450A4F8585084F804
S214013F905A50A4F8565084F8875084F8885084F80C
S214013FA08C5084F88E5084F8815084F88250A4F89E
S214013FB0463084F8835084F8915084F8845084F80D
S214013FC08F5084F8905001F049F8BC3444F8800CC6
S214013FD0B8F1000F04D0084BC3F80090BDE8F88F85
S214013FE04FF001088DE700BF722E00207C1E0020D6
S214013FF0C42D002030A00300C81D00202DE9F34782
S21401400091F8833091F88A8007460C4693B10023D5
S21401401084F883300B2F1FD8DFE817F018001E0036
S2140140201800230044001E001E005500A500C8000D
S2140140301E00EA0091F88430002BEBD040461CF0BD
S21401404037FF94F88330002BE4D0E0E700212346C5
S214014050012208461CF055FD84F8807002B0BDE8C8
S214014060F087002384F85B302146C8201CF0CBFE85
S21401407094F88C3004EB43030321B3F8A020228785
S214014080E286B3F8AA3063870223E364042300932D
S21401409001940523012206201CF0A1FD4323A4F868
S2140140A05830D9E7574D208B2B88E364F9F7B0F8E1
S2140140B00321034601940091012209201CF08FFD83
S2140140C002232B80C8E7E66B4F48002506EB480322
S2140140D084F82E50B3F81890A5864FF0010A84F89C
S2140140E083A084F891502A46A3F8129049462B469D
S2140140F0CDF800A01CF0B1FD2A4649462B464348A0
S214014100CDF800A01CF0A9FDB38BF3826423E383F2
S2140141104FF46173E36494F88C3006EB4306F08E3B
S214014120F8F7FAFF06220346A4F8600007210C20E0
S214014130CDE900541CF053FD9222BC2313FB082347
S214014140334A08F580401A44282120300AF0ACFE94
S21401415020461CF0C4FD214602201CF05CFE00F047
S21401416087FF038A9BE7012384F8833094F8953010
S214014170228F04EB4303B3F8A030934218BFE286C4
S214014180E38E94F88C20E364E36B03EB4203D88E52
S214014190F8F7C2FF0022A4F86000034600920194DB
S2140141A00A2207210C201CF01AFD55E7012384F88A
S2140141B08330B4F8963094F88C20E386E364E36B9E
S2140141C003EB4203D88EF8F7A7FF00220346A4F8B4
S2140141D060000721009206200A2201941CF0FFFCD1
S2140141E0214602201CF017FE3C23A4F8543033E786
S2140141F0012384F883300423009301940523342299
S2140142000321CFE7EC0F0020600B0020500B0020AD
S2140142107C1E00202DE9F041044690F88A5000F0FB
S21401422009FF94F880300B2B00F2F080DFE813F0E2
S2140142300C00EE00180025004900EE00EE005800C4
S214014240AA00D500EE00E7001CF047FE754B1A7871
S2140142500AB901221A7021460320FFF7CFFE3CE07F
S214014260BFF34F8F7049714BCA6802F4E062134383
S214014270CB60BFF34F8F00BFFDE71CF02EFE694BEE
S2140142801B7853B3E56C45BB20461CF028FD2388FC
S21401429094F88A20A380E36B03EB420228469587B5
S2140142A09A8BDA82A3F8405000F0BEFE21462846DB
S2140142B01CF0D0FD2146022000F04EFF21460420CE
S2140142C0CBE7E36C4BB994F85B3033B92146012058
S2140142D01CF0A1FD3C23A4F854300120BDE8F08178
S2140142E020461CF055FCE36C1BB9012384F8913081
S2140142F0F3E7E36B05F10C0733F817608DBB00F0AD
S214014300B7FE057A00F0B4FE437A49482A4631469C
S2140143101CF07DFCB4F83480054600F0A9FE037A53
S214014320628F43450CD26FF491631E444E2E1DD806
S2140143300235042D1AD894F82E30013384F82E3025
S21401434094F82E30172B14D9E38E3C33E3860023E2
S21401435084F82E3040F2EB439A420AD821460820D0
S2140143607BE73448642316223146D1E7002384F8DC
S2140143702E30E36B33F817309342EFD8204601F026
S214014380BDFBAAE720461CF003FCE36C0BBB628F67
S214014390B4F898309A4218D921460920FFF72EFE24
S2140143A0E26B94F88A1002EB41020023B2F93C203A
S2140143B0A4F842309A4284F84430C2BF0A2392FBE2
S2140143C0F3F293B2A4F8403087E7012384F89130E2
S2140143D0E6E7204601F092FBE2E720461CF0D8FB18
S2140143E094F88B20144B03EB0213E2881B899A4244
S2140143F07FF67BAFE36C002B3FF477AFBEE7E36C51
S214014400002B7FF46AAF2146072026E723460122C8
S214014410032104201CF075FB03202146FFF7EEFD67
S21401442000205BE7AB30002000ED00E00400FA0559
S214014430600B0020500B0020D62C002001280CD841
S214014440074BBC2202FB003393F89430032B04D8AD
S21401445001EB0311034B585A70470020704700BF09
S2140144607C1E0020D62C00202DE9F3410023019369
S2140144706A4601AB04214FF480400AF02BFD28B9AF
S214014480019B182B02D1009B042B04D00AF060FD7F
S21401449008B9FFF743FB354D44F2300444F23406C5
S2140144A0204601342B466A461021A4B20AF012FDBA
S2140144B0B44205F11005F3D12D4C2E4F002644F2DF
S2140144C0200823466A46282108EB06000AF002FD6A
S2140144D080BB009B282B2DD13046FFF791FC0C2189
S2140144E014F8080CFFF7AAFF234B18801B8834F832
S2140144F07A0C9DB217F0D8FC204B002217F068FE0C
S21401450018F01EF807EE905A07EE100AF8EE677AD2
S21401451067EE277A17EE900A17F0D8FC184B0022A0
S21401452017F056FE17F0C4FF164B80B218801B8892
S21401453024F86E3C3B466A460C2144F211000AF010
S214014540C9FC00F095FD6A460346122144F2480074
S2140145500AF0C0FCBC34FFF7A1FB10F05DFA16B1FF
S21401456002B0BDE8F0810126ABE700BFD62C0020E3
S2140145700E1F0020CA2C0020222F002000002440FD
S21401458000005940202F0020052970B50D4616461B
S21401459021D91AB1A1F10803382B1CD803885BBABC
S2140145A01AB2002AD4BF0D4C0D4C22789AB96380FA
S2140145B043885BBAA38083885BBA2A460146E380B8
S2140145C004F1090024F001F8002E08BF0625012099
S2140145D02572207070BD0020FCE700BFC42D0020AE
S2140145E0722E00202DE9F04FAC4CB4F804802DED6E
S2140145F0028B4FEA183717F0060983B040F04C815A
S21401460008F00F08B8F1010FB4F806A040F03F819A
S214014610AAF12003012B00F23A81A14E07F0070709
S214014620BC257D43AB190E219B885BBAA4F8563096
S2140146307319384633F80C3C5BBAA4F85830A6F127
S214014640180305EB030B5B5B5BBAA4F85A307319CE
S214014650303E33F8043C5BBAA4F85C30FFF7EEFE5C
S214014660354408EE100A688907EE900AF8EE677A74
S21401467017EE900A17F02AFC8A4B002217F07EFCF0
S214014680F8EE487ACDE9000117EE900A17F01EFC05
S21401469002460B46DDE9000117F09AFD17F030FFE0
S2140146A040BAA4F85E00288907EE900AF8EE677A09
S2140146B017EE900A17F00AFC7A4B002217F05EFC00
S2140146C0794B002217F084FD17F01AFF40BAA4F8C0
S2140146D06000BBF80630E86B5BBAA4F8623000EB0A
S2140146E047034946DA8E120A84F86420DA8E84F883
S2140146F0652093F93D2084F866209B8F84F8673007
S214014700C08801F01FFBEB6B40BAA4F8680018895B
S214014710494601F017FBEB6B40BAA4F86A005889CA
S214014720414601F00FFBEB6B40BAA4F86C0093F91D
S214014730412084F86E20B3F8403084F86F30BAF127
S214014740210F40F0A18095F85C3084F8703048461F
S21401475095F85D3084F8713010F004FB95F85B3005
S21401476084F87200484684F8733010F04DFB40BA66
S2140147704946A4F87400484610F0B0FB95F85E3040
S21401478084F8783040BA95F85F30A4F87600404651
S21401479084F8793010F0E6FA95F85A3084F87A0001
S2140147A0404684F87B3010F02FFB40BA4946A4F807
S2140147B07C00404610F092FB40BAA4F87E0000F060
S2140147C057FC837884F8803000F052FCC37884F874
S2140147D0813000F04DFC037984F8823000F048FC0B
S2140147E0437984F8833000F043FC837984F884307D
S2140147F000F03EFCC37984F88530B5F8B4302B4D13
S214014800A4F886302B885BBAA4F888306B885BBA2C
S214014810A4F88A3000F02CFC438984F88C3000F030
S21401482027FC838984F88D3000F022FCC38984F844
S2140148309630AB885BBAA4F88E30EB885BBAA4F8E6
S21401484090302B895BBAA4F892306B895BBAA4F8D6
S21401485094304D224523BC21154884F8492007FB96
S21401486001660022314684F850301CF08EFA4A3830
S21401487031461CF04BFA4FF480732380012003B0BD
S214014880BDEC028BBDE8F08F26221E23E3E706234C
S21401489084F84930002323800020F0E7C42D00204F
S2140148A0AC1E00200000594000688040CA2C002041
S2140148B00E2E00202DE9F04FBF4CB4F804909DB0A9
S2140148C04FEA193515F00603009340F0FC8209F013
S2140148D00F030193B4F81130DFF818C3B4F813804E
S2140148E0B649E6885BBAACF80030B54BBC2005F09B
S2140148F0070598FA98F815FB00F2A3F8008000FB6C
S2140149000518019898F88C8000F1FF3AC9F3022E39
S2140149105718BAF1070F00F2D182DFE81AF0080043
S214014920F600CF02EF00CF022F0247024702382ED1
S21401493016D8362E00F2DF80242E40D006D8222E3E
S21401494067D0232E00F09B8006235FE0343E022EC4
S214014950FAD8042384F8503084F851800122CEE03E
S21401496044F230039E4200F0AA8015D844F21103A7
S2140149709E4200F0B28044F220039E42E4D192327D
S2140149800A44904B02F1280152F8040B43F8040B39
S2140149908A42F9D12E2339E044F248039E42D3D10C
S2140149A000F066FB874B00F1100250F8041B43F839
S2140149B0041B9042F9D102881A80182326E00523A9
S2140149C084F8503040F20313A4F852304FF40173C8
S2140149D0A4F854307C4A84F8518041F61803A4F8B0
S2140149E056307A49536DB1F88600D2F8FC2101336E
S2140149F04FF6FF7118BF0123884218BF43F0020328
S214014A000AB943F0040384F858300F2384F8493078
S214014A1029E000256022294604A8039523F0BBFD62
S214014A206B4903A823F0BFFD6A4903A823F0BBFD29
S214014A30694903A823F0B7FD684903A823F0B3FD2D
S214014A4003A823F0D0FDC3B284F850305A2803F1EE
S214014A500803024684F8518084F8493004D8604837
S214014A6003A923F0B2FD0125534839461CF04EF93F
S214014A704FF48073238028461DB0BDE8F08F0823CD
S214014A8084F8503084F85180FDF720FDDFF868C1C6
S214014A903823C3F12006A3F1200520FA03F201FA18
S214014AA006F6324321FA05F5083B2A4313F1080FAF
S214014AB00CF8012FEDD194F850300833A6E7494B96
S214014AC0404A03EB0E1303F1100153F8040B42F8AE
S214014AD0040B8B42F9D1162398E7434A40490C232D
S214014AE0A4F850301368C4F8523053684B6093688A
S214014AF08B6014238AE70423A4F8503002223B4833
S214014B0039461CF042F90C2380E7303EC9F3031AFC
S214014B100B2E3FF619AFDFE816F0360045007100A0
S214014B200C00AD00C200CD000601D800770093004E
S214014B308600BAF1070F0ED1BC2606FB051696F8BD
S214014B408330CBB939465046FFF758FA338F86F88B
S214014B5080A0F386F8E6BAF1020F0DD14FF480403B
S214014B600AF0E4F900287FF4EFAE214B39461870BD
S214014B705046FFF743FAE7E6BC2303FB0513012281
S214014B8083F89120E0E6BC2303FB05134FEAD932F4
S214014B9019F4004F83F88E203FF4D6AE28461CF059
S214014BA087F9D1E63846FFF771F9BC2303FB0513F5
S214014BB083F88A00C8E600BF722E00207C1E002003
S214014BC0202F0020C22E00200040E00F0042E00F00
S214014BD072A003007FA0030087A0030089A0030042
S214014BE0C42E0020D62C0020CA2C0020BC2E00206B
S214014BF0AB300020222F0020C32E0020BC2303FB55
S214014C00051383F88BE09FE600F032FAC9F3C0295A
S214014C1080F8019000F02CFA1221024644F2480076
S214014C200AF042F990E61BF084FE1BF083FEA74BC8
S214014C30A74918681AF046FF02201FF0D6FE12E7B1
S214014C40E27B042A7FF48AAEBAF10B0F7FF486AEBC
S214014C50BC2202FB051292F8831000297FF47EAE77
S214014C601B8806219BB24B4350463946D364FFF757
S214014C70C5F973E6E27B042A7FF470AEBC2202FB20
S214014C80051292F88010083901299BBF19881B88E4
S214014C901B88D1869ABF9BB2D36413875EE6E37BFB
S214014CA0042B7FF45BAEBC2303FB0513BCF800208A
S214014CB05A8753E6E27B042A7FF450AEBC2202FBFD
S214014CC00512BCF800005087DBE7E07B04287FF480
S214014CD015AFBC2000FB051090F8836026B190F854
S214014CE0800009287FF40AAFBC2000FB0510BCF841
S214014CF00060A0F898601E88A0F8966090F8806022
S214014D00092E07D1BCF8006046871E881B88C68618
S214014D109BB2C36405F5804092320A4420302821B4
S214014D200AF0C2F8EAE6E07B04287FF4E7AEBC208E
S214014D3000FB051090F88360002E7FF4DFAEBCF810
S214014D400060B0F84600B6B2B0424FF05E0628BF2B
S214014D50BCF8000006FB058801EB480628BF80B2B8
S214014D60A6F8AA00BC2606FB051601EB48087087C4
S214014D7018881B883087A8F8A030CBE7BC2303FB34
S214014D80051090F88330002B7FF4E8AD5E2303FB1B
S214014D90056301EB430201EB4303B2F8A020B3F82D
S214014DA0AA3080F88C6002874387D7E5DFF830A108
S214014DB04FF0000B062202FB0BF303EB0A003AF856
S214014DC00330B34209D190F80480B8F1040F4ED8ED
S214014DD0DFE808F0094D354047000BF1010BBBF148
S214014DE0220FE8D13FE6BC2303FB05154FF0280947
S214014DF095F88A5003FB051592350122062303FB1D
S214014E000BAA0198BAF802309AF8051007282B4425
S214014E1032D102290CBF1B881B7884F8512002BFAF
S214014E20190ADBB2009184F853300223009984F802
S214014E305030002384F85210A4F8543063E6BC23A3
S214014E4003FB0511234D91F88B304FF0100905EB4C
S214014E500315D2E7204DF3B205EB43054FF00209E7
S214014E60CBE700F005F94FF012090546C5E71A4DE4
S214014E704FF002090022C1E70229A27C1CD1B4F836
S214014E80112052BA1A80300A2A46494640F4804018
S214014E900AF00AF830B9B8F1040F03D1FEF7FEFEA6
S214014EA00FF0BAFD4A460D48294609F1060923F0D6
S214014EB08CFB84F84990D6E51A70E4E7062384F85B
S214014EC049300025D0E50025D5E500BF401D00206E
S214014ED092A00300D62C0020CA2C0020C22E00204F
S214014EE0BAA00300054B1B780BB1FFF7E3BC044BDC
S214014EF01B780BB1FFF776BB704700BF722E002000
S214014F00C42D002010B50D4C63785BB1FDF772FF20
S214014F1094F8492004F14A0336210AF053F860B99F
S214014F2060700AE0064C63781BB190F89130002B54
S214014F30ECD0044C6378002BE8D110BD162D002070
S214014F40722E0020C42D002070B5194C63780D46D2
S214014F500BB1002070BD0029FBD0164AA080B2F923
S214014F6000606680731E1BB2002B138000F00F01D9
S214014F70BCBF47F6FF731380032915D00629E8D175
S214014F8001220D4829461BF000FF95F88C200C23C2
S214014F90074884F849302946E2801BF0B7FE4FF4F3
S214014FA0807323800120D5E731220623F0E700BF76
S214014FB0162D00203A0F0020602D002070B5164AED
S214014FC0164D282144F2200009F06EFF144A2821CC
S214014FD044F2210009F068FF44F2300444F234063A
S214014FE0204601342A461021A4B209F05DFFB442DE
S214014FF005F11005F4D100F03BF81221024644F207
S214015000480009F051FFBDE87040064A0C2144F201
S214015010110009F049BF00BF0E1F0020D62C00204A
S214015020CA1F0020CA2C0020014B1860704700BF21
S21401503014200020064B07481B684FF47A7103EBD7
S2140150408303B3FBF1F201FB1233034917F068BE89
S21401505014200020BC300020B2A203000048704794
S214015060000C0020014B1870704700BFBB300020B9
S21401507000487047282F00200C4B12221A8044F655
S2140150804B325A8043F232229A804FF43262DA80EF
S21401509040F216321A8178225A81B4229A81DA8134
S2140150A0A7221A82024B16221A707047282F002058
S2140150B0BA300020014B1870704700BFB530002091
S2140150C0014B1878704700BFB53000200C280BD86C
S2140150D0DFE800F0070B1114170E1A260A0A1D2026
S2140150E02300114B114A1A6070470F4B104AFAE71A
S2140150F00D4B104AF7E70C4B0F4AF4E70A4B0F4AE1
S214015100F1E7094B0E4AEEE7074B0E4AEBE7064B73
S2140151100D4AE8E7044B0D4AE5E7034B0C4AE2E784
S214015120014B0C4ADFE700BF4C0C0020BDA2030078
S214015130C8A20300D1A20300DFA20300E5A2030078
S214015140F0A20300FAA2030002A303000AA30300CD
S21401515012A303001AA3030073B505460C46FFF716
S21401516069FF94F85B30062B70D8DFE803F0086F10
S2140151700C25420A5600062384F85B30EFE7544BB1
S2140151801B6802B070BD05F12C0304EB430300223B
S2140151905A7194F88330002BEDD13DB1012DF0D139
S2140151A094F88C3084F88D300323E5E794F88C303E
S2140151B084F88D300423DFE7464E737893B9012DCA
S2140151C002BF94F88D30A4F8603084F862500194E0
S2140151D094F862300093B4F86030012203210C2069
S2140151E01BF0FDFC7089214602B0BDE870401BF043
S2140151F00ABE384D6B786BB9012294F88D3084F86D
S2140152006220A4F86030CDE90024032211460C2068
S2140152101BF0E5FCA8892146E6E72E4D6B7893B98D
S21401522094F88C20E36B03EB4203D88EF7F774FFF8
S21401523004230322A4F86000114600930194052379
S2140152400C201BF0CCFCE8892146CDE794F88C2095
S214015250E36B03EB4203D88EF7F75EFF94F88020EA
S214015260A4F86000073A0346042A2AD8DFE802F0C9
S21401527003161B2922000022009201940622072110
S2140152800C201BF0ACFC20461BF029FD94F85B308B
S214015290072B1CBF072384F85B3072E700220092BD
S2140152A001940A22EBE70022009201940A220721C8
S2140152B00620E6E704230093019405233422032104
S2140152C0F6E700212346012208461BF01AFCDAE71E
S2140152D014200020282F002038B50C460546FFF77D
S2140152E0A9FE94F85B30023B042B38D8DFE803F0C4
S2140152F042031A373800012D31D194F88D30204AF7
S214015300032B98BF0133527894BFDBB2002384F895
S2140153108D300AB9A4F8603021460120BDE8384036
S214015320FFF71ABF012D1AD82C3504EB45050023CB
S2140153306B713C23A4F85430114B5B7863B994F835
S2140153408D0021461BF0A2FC21460720FEF756FEE3
S21401535094F85B30072B02D0072384F85B3038BD06
S2140153603C23A4F85430064B5B78002BF4D121463D
S2140153700320EBE794F88330002BF0D0F7E700BF6B
S214015380282F0020A94A2DE9F843137804468BB14B
S21401539000231370A64A1370B0F8583063B1013B6E
S2140153A09BB2A0F8583013B9A24B01221A70002301
S2140153B084F88630BDE8F88390F883306BB390F8B4
S2140153C05B30022B14BF02232D239B4A1370FFF779
S2140153D031FE94F85B00FFF779FE0FF02DFC94F890
S2140153E083509DB310B3954B1A7882F001021A7060
S2140153F01A7894F85A3092B9772B19D98D4A012325
S2140154001370002284F85A2084F8852094F85B20D3
S2140154109A42CFD084F85B30CCE70223D5E7FF2B46
S214015420ECD00133DBB284F85A30E5E784F85A0051
S21401543094F85B30072B2FD10FF0FEFB0028B9D173
S21401544094F85B30022BB5D00223E3E784F85A5078
S2140154500028EDD028460FF085FC0028E8D0012072
S2140154600FF080FC0028E3D0754A138801339BB205
S214015470B3F5A67F1380DBD9158009F069FDBFF36C
S2140154804F8F7049704BCA6802F4E0621343CB60D9
S214015490BFF34F8F00BFFDE794F886304BB3B4F8E7
S2140154A054301BB1013BA4F8543083E794F88330A1
S2140154B0664D5BB10FF0C0FB40B1654A2B88128880
S2140154C092B2934202D201332B8073E70023594AEA
S2140154D02B8084F886300123137094F85B20022A0F
S2140154E007D09A4218BF84F85B3021460220FFF7A6
S2140154F033FE20461BF09EFCDFF85C91DFF85C81F2
S2140155002546002686F001000FF042FC003818BF41
S2140155100120F7B289F8000038460FF039FC94F8FC
S2140155208830003818BF012088F8000013B3002324
S21401553004EB460684F8883086F85D3096F85C30D1
S21401554013B994F885307BB194F8833063B994F835
S2140155505B30012B1CBF012384F85B3021460220FF
S214015560BDE8F843FFF7F8BD21463846BDE8F843E5
S2140155701BF077BC94F85B20CAB194F88530002BF9
S2140155806ED194F88330C3B998F80030CBB199F84E
S2140155900030B3B995F85C309BB995F85D100123DE
S2140155A019B384F8853021463846FFF795FE96B341
S2140155B0284B94F883201A70FCE698F80030002BEC
S2140155C0E8D198F8003003F0FF02002BEFD195F8F0
S2140155D05C30002BEBD0B4F8563085F85C20002BFD
S2140155E0E5D0012385F85D30E1E7BEB9032A0CD189
S2140155F094F85F204AB184F85C30042384F85F6035
S21401560084F85B3021463046AAE785F85C302146AF
S2140156103846FFF7A1FD0235012673E785F85C30B1
S21401562021463846FFF798FDC1E700BFB530002098
S214015630B7300020A4300020FF0F0020B230002039
S214015640262F002000ED00E00400FA05242F00209C
S214015650F00F0020FC300020B3300020B4300020D2
S21401566098F80030002BA2D199F8003003F0FF0221
S214015670002B9CD184F8852099E700BF1B4B10B501
S2140156801C6A9C62A20710D5FEF79AFB000100F186
S214015690804000F5C2300023C366154B1A68154BCF
S2140156A0DAB902221A70FEF78BF8630714D5124A8C
S2140156B01368013313600D4B9C62104B4FF48062EC
S2140156C0C3F88420BFF34F8FBFF36F8F5A60084B28
S2140156D01A683AB905221A6010BD1A78002AE2D172
S2140156E00122DFE71A68013AF5E700BF00600440CF
S2140156F0F41F0020B73000201420002000E100E055
S214015700034B00221A70034B197801B11A707047C7
S214015710AE300020AF300020014B1878704700BF34
S214015720AE300020034A01239361034A1370034AF3
S2140157301370704700E00140B0300020B130002007
S21401574004281FD8DFE800F003090F142000CB6CF3
S214015750C3B1013BCB6401207047114A13888BB15A
S214015760013B1380F7E78B6C63B1013B8B64F2E777
S214015770B1F850301BB1013BA1F85030EBE70123E3
S214015780A1F8503000207047B1F852301BB1013BF0
S214015790A1F85230DFE70523A1F85230F2E700BF47
S2140157A0000C0020114B023133F81130834206D829
S2140157B092F890309BB9012382F88F3007E00C4BAA
S2140157C033F8113083420AD992F890303BB901235D
S2140157D082F890300523D3830A239364704700230D
S2140157E082F88F3082F89030F7E700BFE20F002092
S2140157F0D80F002073B5254C254E636CA26B134061
S214015800336033689A071CD501A920461AF0ADFD0E
S214015810204D01A9286020461AF0A7FD01A928619C
S21401582020461AF0A2FD01A9A86020461AF09DFDA7
S2140158300223E8602364D4F8903043F00103C4F8EF
S21401584090303368DB071CD5104B124A996C5160B7
S214015850D3F88C2042F00102C3F88C200E4A1A6459
S214015860FEF7B4FA04461BF059F9FDF7CBFF94F89E
S2140158707C204FF4006332B1084AD366084B0122FC
S2140158801A7002B070BD074AF7E700BF002000405B
S2140158900C200020F81F0020000F033F00A0004648
S2140158A0AD30002000A00044F8B5624B90F880109F
S2140158B01B7809290CBFB0F89820428F044603F0E4
S2140158C0FF065BB990F88A50C38B90F8890030B117
S2140158D02D0105F1804505F5C235EE66F8BD94F853
S2140158E09160E6B12B0103F1804303F5C23307391A
S2140158F0022984F89100D8660BD82846FEF79AFA52
S21401590038B105F5804004F192022821203009F0D3
S214015910CBFA21460320BDE8F840FEF76FBB94F8AA
S2140159205B000628DAD044480778002FD6D00670E8
S21401593094F89000002875D107290ED16188628BF2
S214015940914205D240F2A13293426DD8043302E06F
S214015950022B4AD9023B9BB247E00839012944D8B9
S214015960B4F89E10B4F8406034480A4492B205F187
S2140159700C07911B022B30F8170089B210D9B4F826
S21401598002C0678BBC4501D2814211D8012284F83E
S2140159904420B4F84220824238BFA4F84200D9E736
S2140159A00539884243DA94F8441039B93233D2E7DC
S2140159B0053988423BDA94F8441079B1002184F81D
S2140159C04410B4F84210914223D9891AC1F34E010A
S2140159D03144A4F840100022A4F8422040F2A1323B
S2140159E09342E3D9B3F5747FB0D3226BE38340F2DD
S2140159F0E73101FB02324FF47A71B2FBF1F2226316
S214015A000F4AD06902EB05124343B3FBF1F3D366A9
S214015A1064E70A3A9142DEDA022E84BFB21EA4F887
S214015A204020D8E70523E0E74FF47573DDE7002350
S214015A30DBE700BFB7300020B6300020000C0020A6
S214015A400084014010B5E02104460320FDF738FE2E
S214015A504FF4FA734343C3F38F33034AA34253808D
S214015A6034BF0020012010BD000C002038B52DEDFC
S214015A70028B0B4608EE900A0E2193F88A00FEF779
S214015A80DDFCF8EE687A08EE100A17EE900A16F0BA
S214015A901DFA0C4B002216F071FAF8EE487A04460D
S214015AA017EE900A0D4616F011FA02460B462046EE
S214015AB0294616F08DFB16F023FDBDEC028B80B255
S214015AC038BD00BF0000594007EE900AF8EE677A2D
S214015AD008B517EE900A16F0F9F9064B002216F0F3
S214015AE04DFA054B002216F073FB16F009FD80B245
S214015AF008BD00BF000059400068804070B590F8AE
S214015B00842090F88A3004461AB3002B14BF072568
S214015B100625012680F8836029460220FCF7A8FAAC
S214015B2094F88E308BB9A0B90A4BE28BD9694A43F7
S214015B304FF47A71B2FBF1F2DA663346082229464F
S214015B400220BDE87040FCF759BA10B13346002276
S214015B50F5E770BD0084014070B52DED028B05465A
S214015B6090F88A60408900B9E8882946FFF77EFFE9
S214015B70B5F89C3008EE103A16F096F9314B002233
S214015B8016F026FB16F0DCFCB8EE488A07EE900A03
S214015B90C8EE277A17EE900A16F098F92A4B0022DB
S214015BA016F0ECF916F0ACFC022184B23046FEF792
S214015BB045FC844228BF044695F88B00FEF716F98B
S214015BC0C68895F88B00FEF711F9EA884389B24238
S214015BD0A4B21FD89A4233D907EE903A6B89B8EE31
S214015BE0677A06EE903A07EE906AF8EE666AF8EE85
S214015BF0677A76EEC76A77EEC77A86EEA77A07EEF9
S214015C00904AF8EE677A67EE277AFCEEE77A17EEA7
S214015C10903A9CB207EE904AF8EE677A17EE900A31
S214015C2016F054F9094B002216F0A8F916F068FC94
S214015C30074BBDEC028B80B21880188880B270BD0D
S214015C400024E7E7000059400000244000404A4095
S214015C503A2F0020F8B590F88A70384E022F044685
S214015C6028BF0027FFF778FF608396F848C0002317
S214015C7040F26B7E183687B1BCF1060F56D9D9B201
S214015C80022936F813200DD140F213518A420BD95E
S214015C9040F214514FF4AF652BE0D9B2022936F821
S214015CA0132006D0724520D8A28B82423DD800220E
S214015CB034E0BCF1010FF5D040F213518A42E7D827
S214015CC0A28B824203F1010334D9A083032BE4D1D2
S214015CD041F28243984288BF6383638BA28B9A42C8
S214015CE09ABF9B1A6383A383F8BD40F26C714FF48D
S214015CF0FA65954214D9511A07EE901ADFED106A2B
S214015D00F8EEE77A87EEA67A07EE900AF8EE677A5B
S214015D1067EE277AFCEEE77A17EE902AA28305E073
S214015D20A18B814201D89542C1D2A0830133032BB6
S214015D30A1D1CDE70022A283C8E700BF000C002056
S214015D400000C84210B5002943D14FF2F5539842DE
S214015D5028BF184640F66163984238BF1846374B4D
S214015D601C4633F8022B824202D81A88824203D894
S214015D700131C9B22229F4D14B1C34F8112034F870
S214015D801330801A9B1A07EE103A07EE900AB8EE07
S214015D90C77AF8EEE77AC7EE876A07EE901AF8EE4A
S214015DA0677A76EEA77A17EE900A16F08FF8244BEC
S214015DB0002216F0E3F8234B002215F029FF16F017
S214015DC0BFFB07EE900AFCEEE77A17EE903A98B220
S214015DD010BD4FF21933984228BF18461A4A42F2AC
S214015DE0B803984238BF18461446002332F8021BFF
S214015DF0814202D81188814203D80133DBB21C2BC1
S214015E00F4D15A1C34F8131034F81220401A521ADE
S214015E1007EE102A07EE900AF8EEC76AF8EEE77A60
S214015E2087EEA67A07EE903AF8EE677A77EE277A4B
S214015E309FED067A67EE877AC5E700BF780F0020E8
S214015E4000C08240000079403C0F00200000FA4369
S214015E50012A38B52ED8184D184B2C7804EB810240
S214015E60012923F8120033F8310003EBC1035A88E5
S214015E7010449A88DB880244134407EE903AFAEEFF
S214015E80CF7AFCEEE77A17EE903A98B20C4B03EB1A
S214015E904103D88004D8BDE838400021FFF752BF3F
S214015EA00121FFF74FFF631CDBB2042B28BF002341
S214015EB02B7038BD0020FCE7AC300020C00F00205E
S214015EC0000C0020024B0021D888FFF73BBF00BF23
S214015ED0000C0020F8B58E8891F88A7005460C46AD
S214015EE002208A2126B9FDF7EBFBA0800020F8BD31
S214015EF0FDF7E6FB2E4140FA05F5F6B2EDB2AE42ED
S214015F00A080F3D1E080208049210220FDF7D8FB54
S214015F10114D2A21E8800220FDF7D2FB4821288175
S214015F200220FDF7CDFB68813846FFF7CBFF0C3723
S214015F300A23B0FBF3F025F81700F7F735F900232D
S214015F400246A880A188A3862046F7F7B9F9E08221
S214015F5020830120CBE700BF000C00202DE9F84389
S214015F60664B2DED028B00220446A3F10A0115466D
S214015F7033F8020F90B1D1ED007ADE885E82F8EE3A
S214015F80676A07EE900AF8EE677A86EEA77ABCEEA5
S214015F90C77A17EE100AD8800D601D800132D2B282
S214015FA0032A01F10401E3D194F88A30544803F13D
S214015FB00C0230F81280534A1788BFB2012F2ED92F
S214015FC0122F28BF12275049DFF850C1CD5C12228C
S214015FD05A43154400EB430E5CF8255011F8039024
S214015FE0BEF83660BEF936E04A44761B4CF822E02D
S214015FF0CA5C0132B2FBF7FC07FB1C22D2B2CA54C0
S2140160001C3300EB430594F8833036B2AE801BB1E7
S21401601094F88030092B04D10023A38534E00627A9
S214016020D1E7214660899FED398AFFF71FFD07EE0C
S214016030900AF8EE677A2089C7EE888AFFF744FD52
S21401604094F88030072B07EE900AF8EE677AD4EDC5
S214016050136A9FED2F6A87EE887AF5EE005A27EECF
S214016060287A15D1A38EBB4212D2F8EE666A27EEC5
S214016070257A66EE876AC6EE867AFCEEE77A17EE32
S214016080903AA3850023AB80BDEC028BBDE8F88374
S214016090638FA3EB08031BB2002B2CDD96FBF7F6F0
S2140160A007EE906AF8EEE77ADFED1A4A87EE885A2D
S2140160B007EE903AB4EEE45AF1EE10FAF8EEE77A0B
S2140160C0C3BFB2EE044AC7EE844AC7EE057AB2EE03
S2140160D00E5ACCBF64EEA77A67EE857A27EE257A4C
S2140160E0F8EE666A46EE877A87EE867ABCEEC77A5F
S2140160F017EE103A91E7DFED087AEFE72E0C002055
S214016100000C0020EE0F0020B83000200000C8422E
S214016110000004420AD7233C00000000700B002058
S214016120F8B504460220FDF7F3FC20B10220FDF786
S214016130EFFC4A4B18800320FDF7EAFC20B1032050
S214016140FDF7E6FC464B18800420FDF7E1FC20B184
S2140161500420FDF7DDFC434B188094F8833033B1FF
S21401616094F880300B2B1EBFA38E0133A386A38A1F
S214016170002B72D007EE903AB8EE677AD4ED037A28
S214016180F8EE676A0025C6EE877AA582FCEEE77A06
S21401619017EE903AD4ED047A6381F8EE676AC4E9A3
S2140161A00355C6EE877AFCEEE77A17EE903A98B278
S2140161B007EE900AF8EE677A208117EE900A15F03E
S2140161C085FE294B002216F003F80646A06A0F4604
S2140161D015F07CFE02460B463046394615F018FD92
S2140161E016F0AEF907EE900AB7EE007AF4EEC77A2B
S2140161F0F1EE10FAA0620FDBBCEEE77AA28C17EE86
S214016200103AB8EE477A9A4277EEC77A84BFD21A26
S21401621095B2A584C4ED0A7A94F88A000C21FEF79B
S2140162200DF9E38A07EE903AA38C07EE103A06EED4
S214016230900AB8EE477AF8EE677AF8EE666A67EE85
S214016240877A204687EEA67ABCEEC77A17EE103A12
S2140162502383BDE8F840FFF781BEF8BDF20F0020AA
S214016260F00F0020EE0F0020006880402DE9F74F68
S214016270B74B90F88A601A780446002A00F0F0803E
S21401628004214FF00009304683F80090FEF7D6F857
S214016290B04BDFF8FC8218800A213046FEF7CEF8B4
S2140162A0AD4B1880012384F88430AC4BAC491FFAFF
S2140162B089F21A801A8892B231F82220A8F80020B2
S2140162C01A8892B2002A00F09780012A00F0138102
S2140162D01A88DFF8C0A292B2012A88BF1D88B8F8D2
S2140162E00020B8F8000086BF023DADB200250AEBDB
S2140162F0450329469A8180B23246FFF7A9FD07EE8B
S214016300900AF8EE677A8346074617EE900A15F06C
S214016310DDFD944B002215F05BFF16F0F1F8012D20
S21401632083B201933FD8B4F8B6700A2317FB03B7BC
S21401633094F88330ABB3226B002A00F0FD808A48C4
S214016340B4F89E30018889B299420AEB450138BFFC
S2140163500388B1F93C1038BF9BB2002940F3E980AD
S21401636007EE901ADFED816AF8EEE77A87EEA67AF5
S214016370F7EE007AB4EE677AF1EE10FAC8BFB0EE27
S214016380677A53434FF47A72B3FBF2F307EE903A0F
S214016390F8EEE77A67EE877AFCEEE77A17EE903A40
S2140163A09BB2FF1ABFB205F10C0B0AEB4B0307EECB
S2140163B0907ADF8005F108030AEB8303F8EE677A2B
S2140163C05A683A445A6005F1180217EE900A3AF8EC
S2140163D0123001332AF8123015F078FD614B002295
S2140163E015F0F6FE16F08CF822462AF81B00294610
S2140163F00198FFF7D7F90FE0B8F80020198855483B
S214016400228089B2B8F8002030F8111092B2914279
S2140164105AD230461AF04CFD09F10109B9F1050FBF
S2140164207FF443AF62882369514D13442361228868
S214016430E3681344E360A38A0133A3824D4B1A78C1
S21401644032B12EB91E70204601232B701AF023FD9F
S2140164502B782BB12046FFF763FE2046FFF7FAFBA9
S214016460454D2B78022B69D1E38BDFED446A07EEAD
S214016470103AB8EE477A424BC7EE267A93ED007A89
S21401648077EE877AB6EE007AF4EEC77AF1EE10FA76
S214016490A2BFB7EE007A77EEC77A4FF47A72C3EDF1
S2140164A0007A4FEA061303F1804303F5C233B8BFFF
S2140164B00022DA66FCF716FF324A012393602B703E
S2140164C0304603B0BDE8F08F1A882349B8F800308B
S2140164D092B29BB231F812209A429DD930461AF0F8
S2140164E0E7FCA3880F2B01D9FEF768FD21460320A0
S2140164F0FDF784FD90E7B8F8002062801A881549F8
S214016500B8F8003092B29BB231F812209A420ED8F7
S21401651094F88930022B03D8013384F889307BE75D
S21401652030461AF0C5FC21460320FDF767FD00231F
S214016530F3E79FED157A24E7134632E72B78012B14
S214016540DAB201BF00232B70104B1A70B8E700BFF8
S214016550AD300020E20F0020D80F00203C2F002095
S214016560F81F002000002440F20F002000004842DF
S214016570AF300020B1300020B730002000007A4450
S2140165801020002000F0014000000000B63000207E
S2140165903E2F0020000C00207FB503681C4A23F420
S2140165A07F4323F0070393422ED11A4B0522002185
S2140165B0182008F0D9FC00B1FEE70DF1070102A88A
S2140165C008F016FD014600B1FEE7BDF80C305BBAD7
S2140165D0ADF810309DF80B308DF81230FF238DF892
S2140165E01330FE238DF814309DF80A308DF81530DF
S2140165F0BDF808305BBAADF81630082204AB1B2094
S21401660008F0B2FC00B1FEE707B05DF804FB00BF7E
S214016610A000010030A30300F7B51646174A054649
S2140166200C46106851686B4603C395F82A30083348
S2140166306B4413F8087CAB8DDA0609D43346224640
S214016640394628461AF08AFC00F5FA7003B0F0BD08
S214016650204622F0F8FBAB8D00F10A049B074FEAB7
S214016660C40405D0304622F0EEFB04F50C74044455
S214016670781EE823584304FB0700E5E736A303002A
S214016680174B10B51C68902202FB004400212046DF
S21401669021F081FF134B1B68DB78637604F1080059
S2140166A000211BF00DFD4FF40063E38423850723CF
S2140166B084F82A301323A385236AFF2243F01303A9
S2140166C084F82420236284F85420074B074A204686
S2140166D0C4E91C32C4E92032BDE810401AF069BC96
S2140166E018200020EC210020D6BE898E5555550075
S2140166F0F0B5104B1E6893F804C0024635464FF0BD
S214016700FF3400239C4508DC91B1631C10D0902314
S21401671003FB046080F82420F0BD95F824709742AE
S2140167202846F9D0FF2F08BF1C4690350133E9E70C
S2140167300020F1E71820002070B5244D04460028FB
S21401674042D0083001F030FD0026FF2384F82430C3
S21401675004F14000E66122F0F1FA04F1440022F06F
S214016760EDFA04F1480022F0E9FA04F14C0022F0B7
S214016770E5FA04F1500022F0E1FA2868144B201AD9
S21401678000115843C0B21AF0E0FB014630461AF039
S214016790D7FBE06E10B100F039FEE666606E18B108
S2140167A01AF0E6FB00236366A06E1AF0DDFB0023F9
S2140167B0A36670BD286806FB0400FFF7BDFF013421
S2140167C02B79A342F6DCF4E79026F9E7182000209F
S2140167D0398EE338F7B504461DF004F9C0F30F23EC
S2140167E0542B3ED9AA2B34BF01230223C0B27E28E4
S2140167F08CBF0222012203218DF804301344B3FB1F
S214016800F1F000EB40001B1A8DF805301344B3FB82
S214016810F1F202EB42029B1A13498DF8063000236F
S2140168204B7501AF18461D461A4617F8016B44FA18
S21401683006FC1CF0010F06D053009E403043013287
S214016840C0B2D2B201230135EDB2032DEDD103B1B1
S21401685048754B7D43EA82134B75FF230B7503B0D6
S214016860F0BD0023C2E700BF18200020064B1B68BE
S214016870D97ADA78437E5B1A9342A8BFDAB24276B7
S21401688000211AF0D2BB00BFEC210020B0F8623024
S2140168902BB9836813F4601F08BFA0F8623011B1EA
S2140168A0012911D070474369417E23F010034361EB
S2140168B0064B1A68D37A92780B449342D8BFDAB261
S2140168C0427601211AF0B1BBFFF7D0BFEC210020C0
S2140168D02DE9F041344E8AB000253379AB4203DC12
S2140168E001200AB0BDE8F0813468902303FB05441B
S2140168F094F82430FF2B0DD0236A980106D504F1B5
S2140169005008404622F097FA074628B9226A12F044
S214016910A06F1ED10135E0E7BB790C333B4408A9D3
S2140169209A7AD8681B8AADF82430C2F38012002305
S2140169308DF81F2008901A460DF11F001AF01FFB54
S2140169409DF81F2094F8241008AB38461BF049FC2C
S214016950D7E7A38D1D2B18D13C23FF210020CDE9BD
S2140169600431CDE90200CDE9000004F12E03C2F3A3
S214016970802201211BF010FF0028B2D04FF0A06149
S21401698004F120001AF0BAFAC4E712F0807F94F8F6
S214016990393094F824004FF000020CBF3C2143210B
S2140169A01BF0A0FDE8E700BF182000202DE9F0410C
S2140169B01F46C36904460D4616468BB169B919F0E0
S2140169C0E6FC29460646A06E1AF0CAFA2046294673
S2140169D01AF014FB304619F0E0FC0020BDE8F08107
S2140169E00029FAD0036A03F01203022B00F0BA80E2
S2140169F0236ADD0700F1BE8094F82430FE2B0CD10B
S214016A0004F1550001F0F0FE01F0E6FE28B14FF466
S214016A10800104F120001AF069FA256A614B2B40C7
S214016A20B3F5807F00F0B980A8052FD5C5F3802582
S214016A3004F12E080022414628461AF0A6FA002143
S214016A4084F854001AF0B2FA4146002228461AF099
S214016A50A1FAA18D20B194F95400002880F2968005
S214016A604FF4007104F120001AF048FAA28D02F0EA
S214016A700302012A0AD1414628461AF08BFA28B1A8
S214016A804FF4006104F120001AF030FA236AD906A7
S214016A9000F18180D4E910122046FFF7BDFD012FD9
S214016AA00ED0E28C40F271235A43904208D9228DCF
S214016AB05A43904273D800F51C70B0FBF3F0E084A3
S214016AC0394BE361002384F83930236AB4F8625005
S214016AD0E16884F8387023F48032226221613DB97E
S214016AE013F0100F0CBFC8253C25257605F2B3150B
S214016AF04EB1238D40F27121C3EB06134B4342F492
S214016B008032E3632262236A43F400232362274B25
S214016B101B68DB78637619F03AFC636943F010036F
S214016B200746636104F1080029461BF0C9FA0120F3
S214016B3003F0ACFB28B963691A075CBF43F0040392
S214016B40636126B11CF08AFFE36B0344E3632046CE
S214016B5003F0A6FB384619F020FCA06E01211AF0BE
S214016B60FFF93AE7406C22F06EF900287FF440AF57
S214016B700C2033E7E36E002B7FF43EAF00F0F0FB12
S214016B80E06600287FF438AF092027E701F001010D
S214016B901AF00CFA6AE7064B93E712201EE7452027
S214016BA01CE700BF00014000250F0300EC21002078
S214016BB0E96C010070B50A4D002490262B79A3429A
S214016BC000DC70BD286806FB040090F82430FF2B1B
S214016BD004D000231A461946FFF7E8FE0134EDE714
S214016BE0182000202DE9F04F91F806B08DB00BF17A
S214016BF00C0B04460E4601EB0B0501220AA90DF10A
S214016C0027001AF0CDF9824668B19DF827100AAF21
S214016C10384600F043FC60B1304617F0CDF800204E
S214016C200DB0BDE8F08FA97A05F10C07C1F380110C
S214016C30EEE7E36EE06695F807900793236A2989E5
S214016C4056F80BB0484603F0100804F08BFD834459
S214016C50B8F1000F39D1A9F10303012B94BF032327
S214016C6002235B0040F2712202FB03B21D4B1B683C
S214016C705B79637605F11803BAF1000F27D09DF80A
S214016C80271094F824E0B8F1000F24D0A87A4FF02A
S214016C90010CC0F3401095F90550CDE902E0CDE9AD
S214016CA00071CDE904C50798012100F06DFCB8F12B
S214016CB0000F05D01CF079FE012120461AF09EF93E
S214016CC0304617F079F80120AAE70123C9E7A97A27
S214016CD0C1F38011D5E794F88FC001200CF00F0C9A
S214016CE0D9E700BFEC210020012810B50C461CD0C6
S214016CF0022822D030BB08461AF0B4FBE38C228D62
S214016D0094F82A00D21AE36803F59C5340F27121E5
S214016D10083301FB02332361FFF75CFD0A4B204673
S214016D209968BDE8104003F00FBD03F01DFC8442D6
S214016D3008D1BDE810401CF038BEBDE8104008463A
S214016D40FFF794BD10BD00BF1820002038B50A4DCE
S214016D500020FFF7F1FCAB6813B100221A60DA805D
S214016D601BF0C1FA00242B79A34200DC38BD204673
S214016D70FFF786FC0134F6E71820002070B52A4C90
S214016D800546A06818B117F017F80023A360FFF7AF
S214016D90DDFF00201AF0DDF855B9032025712560C6
S214016DA0E58216F055FF20791AF0D3F828B970BDA0
S214016DB0022022F088F9A06048B9A0680025257154
S214016DC0256060BB00201AF0C4F80720EFE7002614
S214016DD0032025712660E68216F03AFFB542E2DD11
S214016DE005EBC5010901334689B20122032016F0DD
S214016DF0E1FE06460028E0D1032016F059FF206088
S214016E000028DAD090226A43314621F0C4FB237968
S214016E10B342C8DD3046FFF733FC0136F7E716F01C
S214016E20CBFFA560CEE700BF1820002030B5174B7A
S214016E30826A1B681206597925D51C79028F436B25
S214016E401203B2FBF3F2631AB2FBF3F2B0F89C3012
S214016E5003B1013BD0F8A05005B15B101B02B3FB98
S214016E60F2F35B180BD090F895200F2A07D9120978
S214016E70B3EB820F4FEA8201ACBF5B1A00239C4240
S214016E80A8BF1C46E1B2417630BD00BFEC21002010
S214016E90084B9A7E82420AD91B684FF4A47202FB01
S214016EA00030836A13F0100F08BF002070470020DF
S214016EB0704700BF30200020084A09491368C31AEA
S214016EC0D810002B01FB00F005DB937E8342D8BF70
S214016ED04FF0FF3070474FF0FF30704730200020F2
S214016EE0199C8FC170B504460E4619F050FA31460A
S214016EF0054604F130001AF0F9FA2046FFF7DCFFE8
S214016F000121814005481AF0F1FA4FF4807005F02E
S214016F10B1FE2846BDE8704019F03FBA5420002063
S214016F20F329F8B5744E04460D4626D1338D6BB958
S214016F30A36813F4601F00F0BB80238F626BF32DF0
S214016F404FEA0313B3FBF2F39FB22DD120461AF09A
S214016F506FFBB4F89C70002F40F0B380A36A13F067
S214016F60800F0CBF3E23082384F877302046FFF7B6
S214016F705DFFF32D36D1012057E07369590640F1C4
S214016F808F80836A1A0740F18B803369436000F172
S214016F9040011BF0DDFD338D002BC9D0238F626BC2
S214016FA01B01B3FBF2F39FB2618FB4F89C209BB236
S214016FB05B1A9A427EDC736994F836019B074CBFD4
S214016FC0002102211CF0C1FD726940F202239343A5
S214016FD0BCD1A4F89C7020461AF02BFB2046FFF784
S214016FE025FF0127A36A1807C5D5628F002AC2D0DC
S214016FF013F4C05FBFD1726912F00C0FBBD140F21F
S21401700002239343B7D1D4F8A430002BB3D1A18F78
S21401701020461BF04CFF002855DD638F0133984254
S21401702051DC0128A7D0013880B2236BA4F87C007C
S214017030590409D54FF4804104F130001AF05EFA84
S21401704000212046FFF74EFFB4F87C20A38F94F86A
S21401705070101344A387B4F89C309B1AA4F89C3094
S21401706094F86F3002FB01332522B3FBF2F102FBE9
S214017070113384F86F304FBBA36A1A0702D41F4B33
S2140170801B689847204608211BF0CBFD20460221AD
S214017090FFF728FF20460121BDE8F84003F04EB96E
S2140170A0318D238F626B00293FF442AF1B0178E7D5
S2140170B0338542E7737F002B86D094F8360103218F
S2140170C080E7012752E7608F0130ADE7204619F0CF
S2140170D030FFA18F20461BF074FDA36A1B070546EF
S2140170E002D4064B1B689847002DCBD02046BDE83E
S2140170F0F8401AF020BB00BF30200020642000209A
S214017100074B002210B55A77202204465A611AF01E
S21401711039FA84F8360120461AF071FB10BD00BF1B
S21401712030200020012810B50C462AD0022830D085
S21401713000283DD191F8953060F3071381F895301A
S2140171400846FFF7DDFFA36A1B07204616D503F0A6
S2140171508FFD042001F0DEFB50B3164A937F3BB34C
S214017160D37F0133DBB2D37792F821209A421FD81E
S214017170BDE810404FF0806005F07CBD03F04CFF89
S214017180E7E703F0F1F9844212D1BDE8104003F0BD
S21401719063BD91F89530C3F30312013262F307130E
S2140171A081F895302046F321BDE81040FFF7B8BEC0
S2140171B010BD00BF3020002010B501F00BFC124BB3
S2140171C0FB2210F0020F1A770CBF0122032241079F
S2140171D0197E48BF42F0040262F3030119761A7E53
S2140171E0C2F3030161F307121A764FF441710022CC
S2140171F0DA76DA8319845A621A611A85034BBDE876
S21401720010401B68184700BF302000205C2000207B
S2140172102DE9F8434B4C0546A06818B116F0CCFD95
S2140172200023A360022016F013FD5FFA85F8002004
S21401723019F08DFE40461AF0C1F90646002867D1BE
S21401724040461AF0C6F90746002861D1002D74D0D1
S21401725005EB850105EBC101C90089B23346012260
S214017260022016F0A7FC00284FD102204FF4A47983
S21401727084F81A8016F01CFD09FB05F73A463146DC
S214017280206021F088F92368324603EB0901681E65
S214017290824232DB002DA7F5A472D8BF002200215E
S2140172A099502846636019F052FE88BB40461AF092
S2140172B077F968BB40461AF079F9074640BB002DBE
S2140172C016DD022021F0FFFE0223A060C371837940
S2140172D0C3F102020C33D2B23946184421F05BF9ED
S2140172E0A3689A79134401211A7B61F301021A7388
S2140172F0FFF762FF3046BDE8F88309FB02FC013266
S21401730043F80C1001F5A471C2E7C4E90077A7762B
S214017310002000251AF052F900201AF05AF92846E2
S214017320C4E90055A5761AF03BF9284619F00FFE78
S214017330022016F08DFC0726DCE7A57625602B4695
S214017340AFE700BF30200020014B987E704700BF9A
S21401735030200020014BD87E704700BF302000202F
S214017360F8B5284D19F013F86C681CB919F015F822
S2140173702046F8BD23686B60EB7E4FF4A47601339C
S214017380EB76012719F009F832460021204621F054
S21401739002F904F12800676140211AF0A7F82B8B47
S2140173A0A4F8443194F83731A4F8866067F30303F0
S2140173B084F837314FF6FF73A4F87A302B7F84F8C0
S2140173C0423144F29023A4F8403194F885300722E4
S2140173D062F3030384F885300B4BC4F8883003F15D
S2140173E0CE5303F59813C4F88C3041F61B33A4F83A
S2140173F090301B2384F89230002104F108001AF023
S2140174005FFEB5E73020002048014801F8B5044684
S2140174101BF0B6FD04F1A40021F090FC04F1A800D5
S21401742021F08CFC04F1AC0021F088FC04F108008A
S21401743000F0BAFE04F1A00021F080FC154B2046B6
S2140174401B6800269847C4E90A662046FFF734FD04
S214017450C5B2284619F075FD0746284619F073FD92
S2140174600146384619F06CFD18F091FF4FF4A472EE
S21401747005463146204621F08EF8074B5A682260B1
S214017480DA7E5C60013ADA762846BDE8F84018F004
S21401749084BF00BF60200020302000202DE9F0418D
S2140174A006464FF480400F4601F034FA044630B9E0
S2140174B00E4B1D6893F81A807135A04502D800203E
S2140174C0BDE8F08155F8493CDA0609D5C3F38003D7
S2140174D0BB4205D106222946304621F032F818B1C2
S2140174E0013405F5A475E8E70B20E9E73020002014
S2140174F008B5B0F894305A1C62F30B03A0F8943028
S214017500042001F007FA70B1074A937F0133DBB21A
S214017510937792F820209A4205D8BDE808404FF0AC
S214017520806005F0A7BB08BD3020002038B58B79F8
S2140175300B4405469B7D03F00303032B0C4609D140
S21401754001212C3019F0D2FF4FF4006105F128001B
S21401755019F0CCFF0548A560214621F0D6FCBDE810
S21401756038404FF0005005F085BB00BF3C2000209E
S214017570014B1877704700BF30200020014B187F61
S214017580704700BF302000202DE9F74F1D461646F4
S2140175909DF8383080F89B302A469DF83C8052F89A
S2140175A0103BC0F8283104460F4600F14401B8F1FB
S2140175B0000018BF0120DDF830A09DF840909DF82E
S2140175C034B005F055F820461BF024FB20461AF08F
S2140175D002F81CF0C0FA49460246204619F0F5FFAB
S2140175E0C8230DF106012046ADF8063019F0E0FF7C
S2140175F047F6FF73A4F83031AB88A4F82C31AB7989
S21401760084F82E31DAF80030C4F87130BAF8043054
S214017610A4F8753004F1280ABBF1000F03D0042149
S214017620504619F063FFB8F1000F04D04FF4005133
S214017630504619F05BFF4FF4607001F06BF9C0F330
S214017640C018C3054FEA881848BF48F0800881056E
S21401765048BF48F4807818F09AFE4FF4826183465A
S214017660504619F043FF414604F12C0019F03EFF45
S214017670584618F092FEBB1E012B7AD84FF4002113
S214017680504619F033FF01212046FFF72BFC042159
S21401769020461BF0C6FA6B7DC3F3040384F87030F2
S2140176A06A8952006263697B2A7B42EA0122628709
S2140176B0E97BAA7B42EA012222876A7D84F86F3041
S2140176C0C2F3421284F83E2000220523A28701223B
S2140176D0A4F87C20A4F89C309DF94410204619F0AB
S2140176E07FFF01F071F920F40060C4E9080120462B
S2140176F0FFF79CFB3B4A3C4BB2F8288007F0FD079E
S214017700B8F1000F68D1002F38D16660E36140F20E
S214017710C7182046166119F0FAFEB9F1010FE060AC
S2140177200AD094F8373169F3030384F8373109F046
S2140177300F0120461AF0DBF804F1080041461AF062
S214017740BFFC012002F0A2FD28B963691A075CBFDD
S21401775043F0040363616B8940F27121013B594395
S214017760204619F0F3FE204602F09AFD03B0BDE86C
S214017770F08F012F87D140F2014185E7E3614FF495
S214017780D7782B8940F271275B0007FB036666609A
S21401779040F6080104F14006504619F0A7FE3146AE
S2140177A020461BF0D5F92B8901335B0031467B431C
S2140177B004F13402204601F01BF9EB795B003146F7
S2140177C07B43012220461BF0C9F9236C20469E0804
S2140177D019F09DFE3044A0E76660E361002FD0D12A
S2140177E097E700BF302000202571010070B51D46C7
S2140177F0C36A1B070446164613D408212C3025F409
S214017800105519F073FE25F01005064B2D04334074
S2140178102D0CC4E9083520464021BDE87040FFF72D
S21401782061BB70BD2FCF87F72DE9F04F85B00446B9
S2140178300191084689B34B799A071FD421F003FBBF
S214017840019D70B96B79DB0705D54FF4803104F1E2
S214017850280019F04BFE01A821F070FA05B0BDE82A
S214017860F08FA36ADF0309D54FF4803104F12800B5
S21401787019F044FE6B7943F001036B71019E18F019
S21401788086FD737931469E0705461ED504F1AC0088
S21401789021F04AFB284618F080FDDFF8909118F099
S2140178A076FDA36ADD05074614D5D4F8AC3043B19E
S2140178B09A7913441B7B392B03D829FA03F3D8078B
S2140178C011D4384618F069FDC8E704F1A80021F084
S2140178D01CFBDFE794F94631022BF2DCD4E92A23BC
S2140178E072B9002BEDD004F1AC0021F045FA054643
S2140178F0384618F052FD294620461AF0A6F9CEE77A
S214017900002BF0D194F89280039304F1A80BD4F8DD
S214017910A86096F807A0B379AAEB030A5FFA8AFA79
S214017920C24527DC584621F086FAA8EB0A08054628
S2140179306B796FF3C3036B71294603A821F0E5FA4F
S214017940D4F8A8302BB15B79990702D1B8F1000FB2
S214017950DDD1039B002BB4D09B79022B40D80020AD
S21401796021F0B1FB014670BB039904F1A80021F098
S214017970DBFAA6E7002021F0A6FB054630B90399FD
S21401798004F1A80021F0D0FA03959AE78079B1793D
S2140179900C300C3142463144284420F016FEEB7977
S2140179A053FA88F3EB71B379727953FA88F3B371AA
S2140179B06B7962F300036B7173796FF30003737174
S2140179C04FF00008B4E7039B4A79587960F3000248
S2140179D04A715A796FF300025A7103A821F09FFA8F
S2140179E0E36A9A0512D50398034600680028FBD17E
S2140179F0DB79C3F14503DBB2032B07D821F063FB28
S214017A0001460028B0D003A821F07FFAD4F8A830A8
S214017A1013B15B79DB0704D5039A537943F0080366
S214017A205371384618F0B9FC039965E77C2C0200BF
S214017A3070B5036BDA0786B0044633D5866A33071A
S214017A4023D516F4002F14BF032501252046FFF782
S214017A5033FA94F89B3005930023049394F83E3050
S214017A600393238F0293638F0193636BC3F34F03D7
S214017A700093C6F3800204F17103294680B21AF01E
S214017A808BFE30B9002006B070BDB50C05F00205BE
S214017A90DCE7012104F1300019F030FD4FF400510C
S214017AA019F024FD236B980410D52046FFF704FA3D
S214017AB0A16AC0B2C1F340311AF0ACFB0028E1D094
S214017AC04FF4005104F1300019F018FD236BD9046E
S214017AD009D500212046FFF7A7FE4FF4805104F197
S214017AE0300019F00BFD236B5A0512D52046FFF71F
S214017AF0E3F994F89B500023C2B2194628461AF0BF
S214017B00F1FC0028BED04FF4806104F1300019F07A
S214017B10F5FC236B5B0711D52046FFF7CDF9616BAA
S214017B20238F628FC1F34F0180B21AF015FE002831
S214017B30A8D0042104F1300019F0E0FC236B1E07E5
S214017B4009D520461BF0F9FB00289BD0082104F13B
S214017B50300019F0D3FC236BDD0618D52046FFF75D
S214017B60ABF9E16A11F4805180B200F0C5800021C2
S214017B701AF087FE002885D04FF4805104F12C00BE
S214017B8019F0BCFC102104F1300019F0B7FC236B8E
S214017B90580615D52046FFF78FF994F877300093ED
S214017BA0D4E9082380B21AF04FFE00283FF46AAFEA
S214017BB0002384F87730402104F1300019F09EFC50
S214017BC0236B190516D52046FFF776F90023009397
S214017BD0B4F89830B4F8962094F89A1080B21AF057
S214017BE0CCFA00283FF44EAF4FF4006104F13000A8
S214017BF019F084FC236B13F4804532D19A0516D50F
S214017C002046FFF759F994F8371194F8772001F0D8
S214017C100F0180B200F03EFD00283FF433AF84F838
S214017C2077504FF4007104F1300019F067FC236BB4
S214017C301B0616D52046FFF73FF9B4F88C300093A3
S214017C4094F89130B4F88A2094F8901080B21AF023
S214017C504AFE00283FF416AF802104F1300019F0E7
S214017C604DFC236B9E0612D52046FFF725F994F8A6
S214017C70771080B21AF01CFE00283FF403AF0023F1
S214017C8084F87730202104F1300019F037FC236B9B
S214017C90DD0508D504F130004FF4807119F02EFC93
S214017CA020461BF087F9236B180408D504F1300031
S214017CB04FF4004119F022FC204619F014FE236B04
S214017CC0D90308D504F130004FF4803119F016FCC1
S214017CD0204619F075FC236B9A0308D504F1300091
S214017CE04FF4003119F00AFC204619F077FC236B9B
S214017CF09B0704D40120C6E61AF0DAFD3AE7002213
S214017D001146204619F068FC204619F067FC20460B
S214017D10FFF7D2F894F8771080B21AF07FFE0028A9
S214017D203FF4B0AE022104F1300019F0E7FB204623
S214017D30FFF76CFB014B1B689847DBE75C200020D4
S214017D40134AF8B5002302F1240151E8004F41E837
S214017D500035002DF7D1012734B9BDB10D482946AC
S214017D6019F0C4FB2046F8BD94FAA4F0B0FA80F0EE
S214017D7007FA00F624EA0604FFF78AF80028EBD093
S214017D80FFF756FE0028E7D13543E5E70120EAE78D
S214017D9030200020542000202DE9F74F04460190A2
S214017DA0002860D0C579314F0C35054418F0EFFA3C
S214017DB04FF000080090464640464FF4A47ABA7E3B
S214017DC05FFA88F94A4517D93A680AFB09FB5A440B
S214017DD0916ACB0644D5B2F89420C2F30B02002A6E
S214017DE03ED0E279C2F14502D2B2032A15D802206A
S214017DF021F069F9044640B900230098FB8318F086
S214017E00CCFA304603B0BDE8F08F014601A821F058
S214017E107CF8E5790C35254400200422012312FB69
S214017E200033002105F82090E9543B685B4402FBCF
S214017E30005CB3F894308CF80230032312FB003256
S214017E400136A9543B685B440130B3F8942061F3D2
S214017E500B02A3F89420E3790433E371C0B2F6B2BF
S214017E6008F10108ABE70646CBE700BF302000204B
S214017E70F7B5684604F0F0FB134E00254FF4A477DF
S214017E80B37EAB4201DC03B0F0BD346807FB0544AA
S214017E90A36A03F01803102B13D10522694604F1D7
S214017EA0450020F04EFB60B1012120461BF0A3F8EF
S214017EB038B9012021F007F9014610B1204601F03A
S214017EC067F90135DCE700BF302000202DE9F74FC8
S214017ED018F05DFA424BDA6800920022DA6018F078
S214017EE05CFA009B13B903B0BDE8F08F684620F03A
S214017EF043FF82798768019002F10C04044401462D
S214017F00A07A10F0200F14BF032002200A32024488
S214017F108A71FA6A52050FD5E07AA27A42EA0022FD
S214017F2038461AF080F838B901A820F007FF3D213D
S214017F30384619F06AFFD4E7BA6A94F80AB001998C
S214017F4012F400720BF0030013D003288A79EBD1E8
S214017F500A44127B392AE7D8224B23FA02F2D307C6
S214017F60E2D54A7942F002024A71384600F018FE1C
S214017F70B7E70328F5D0487962F34100487108460F
S214017F8094F8069094F905A020F05DFF019DAC7968
S214017F90063CE4B20646AC713846FEF78DFF0C345B
S214017FA005EB04080BF0030BC0F3032343EA0B13A2
S214017FB0F6B288F8033088F80200A8F804602B4669
S214017FC005F804A088F801905A796FF341025A71B6
S214017FD01B68002BF8D128461AF033F981E700BF59
S214017FE0302000207C2C020030B5D368C4688BB0EA
S214017FF01BBA0D46C1780293002361F3070381780B
S21401800061F30F23417861F31743916809BA03912D
S214018010816809BA07915168126809BA12BA0491BF
S21401802005920178426861F31F6312BACDE908230D
S21401803024BA069406AC00942346802202A90120A5
S21401804017F0CBFE0028F6D1DDE90810DDE906328F
S21401805000BA09BA12BA1BBA28606960AA60EB6056
S2140180600BB030BDF8B5094F044600260CB90748D9
S214018070F8BDA179E5796D1AEDB20C312144B81934
S2140180802A4620F0A2FA2E442468EFE76C2000204E
S214018090F8B5094F0446002604B9F8BDA079E5797C
S2140180A02D1AEDB20C30B91920442A4620F08DFA6B
S2140180B02E442468F0E700BF6C200020104B1A788D
S2140180C042F0F0021A701A7C42F0F0021A7493F829
S2140180D0202042F0F00283F8202093F8302042F06E
S2140180E0F00283F8302093F8402042F0F00283F843
S2140180F0402093F8502042F0F00283F85020704759
S2140181007C2100200368054A23F07F6323F40023C3
S21401811002EAC14213430360704700BF0000F80F34
S214018120F8B544881E4E04F00704072C054628D1EE
S21401813018F02DF90022110106EB0217735C1B09DA
S2140181400F2B0AD00132062AF5D1164A13880133BD
S214018150138018F022F91920F8BD2B687B801123B3
S214018160735494B218F019F91BF078FC06EB04135B
S214018170D8602B6823F4E02343EA04432B600020F5
S214018180EAE72301F15CC1F30312013202F00F02A8
S214018190052A28BF002262F30711F154E4E700BF65
S2140181A07C210020402F002038B5448804F00704C5
S2140181B0072C05460FD018F0EAF82401064A135D8D
S2140181C043F0F00313552B6843F4E0232B60BDE81E
S2140181D0384018F0E2B838BD7C2100202DE9F04780
S2140181E0458805F00705072D0746894637D01D4CFB
S2140181F04FEA051804EB051A14F808601BF02EFC6C
S2140182003609DAF80C3006EBC50604EB4606C01A4A
S214018210708014F8083003F00F02042A9EBF013262
S21401822062F3030304F80830B9F1030F14D114F80C
S214018230081004EB0514A01C01F00F011BF0BBFA9B
S214018240044618F0A4F83A68074B134023433B60F2
S214018250BDE8F04718F0A1B84FF6FF74F1E7BDE8A6
S214018260F08700BF7C2100200000FF7F064A92684D
S214018270824208B507D0427922F0030242F0030297
S214018280427104F05FFD08BDDC21002010B5064CEC
S214018290204620F053FD201D20F050FD04F108007B
S2140182A0BDE8104020F04ABDDC21002010B50220B8
S2140182B020F009FF034C6060022020F004FFA0605C
S2140182C010BD00BFDC21002008B5FFF7DFFF034B20
S2140182D00022DA60BDE80840FFF7E8BFDC21002095
S2140182E0014B5868704700BFDC210020014B98689D
S2140182F0704700BFDC21002038B50C4CE3681BB189
S214018300E36898470023E36023686BB1074820F0D1
S21401831033FD054640B123681BB14FF0004004F021
S214018320A9FC28461AF093FB38BD00BFDC210020CB
S21401833010B5064CE0604FF0004004F09BFCE3688B
S2140183401BB1E36898470023E36010BDDC210020E1
S21401835038B58379034404465B7B13F0300F4379C9
S21401836023F0030308BF43F00103437118F00FF82D
S21401837021460546054820F0C8FD4FF0004004F0B0
S21401838079FC2846BDE8384018F007B8DC21002003
S214018390F7B5144F7C68A3790C331C4400F01AFB24
S2140183A06679E6B116F0020519D136EA000016D153
S2140183B0E378B4F80920B4F80710A0790196247977
S2140183C0009401F031FB002808BF0C25B8682A4646
S2140183D042F2410103B0BDE8F04019F0C6BE1125D6
S2140183E0F4E700BFDC21002010B50D4C62689379DC
S2140183F00C331A441179D078B2F80730B2F8052058
S214018400003918BF0121003818BF012001F06AFCAD
S21401841042F242010246A068BDE8104019F0A5BE2E
S214018420DC21002010B5084C6068837918440F30B1
S21401843000F09EF90023A0681A46BDE810404FF6EA
S214018440284119F050BE00BFDC210020242816D890
S2140184500F2805D802280CD8B0FA80F040097047DA
S214018460084B103880B2C34003F0010383F00100CB
S21401847070470538012894BF00200120704701206D
S214018480704700BF2D2011002DE9F04F95B0FFF782
S21401849027FF86790C3642F2360330F80680984577
S2140184A0054600EB06040ED1FFF71AFF022120F065
S2140184B01CFCA3787F220233A370AA550023202236
S2140184C0627023776377E0780121FEF711F90023C4
S2140184D00646002800F0D780CDE91233237A8DF8BE
S2140184E04A30E37A8DF84E30A388E288ADF848200A
S2140184F013F01000B4F80920ADF84C2003F0050382
S21401850006D093B1E37D012B51D00025122614E04D
S2140185107BB3E37D657E012B37D16B1EDBB2022B6D
S21401852009D800F057FA012338E04FF48043DDE91B
S2140185301212914220D900251126FFF7D7FE0123FA
S21401854032464146ACB219F0CEFD002DCCBF053403
S214018550053C24B2002E40F099800A2394FBF3F4E4
S214018560E4B2FFF7C3FEC3791844C47215B0BDE880
S214018570F08F4FF6FF73DAE71F29DCD99A42DAD873
S214018580E37D657E0028BED1C5E7032BD3D16B1EE4
S214018590DBB2022BCFD800F01DFA04230342CAD067
S2140185A0032D08BF04252840C0B20028C3D0E078B8
S2140185B018F0D2FC20B1A088FFF748FF0028A4D00D
S2140185C0334A237F1278002A54D0042B9DD8637F28
S2140185D0042B9AD8A388DB0653D41BF0BCFA0121DE
S2140185E0C822084003F0B2FE94F91630B4F804E04D
S2140185F0677EE18894F80C9094F815A094F818B06A
S21401860003EB8303B0EB430F4FEA4302637B0F9305
S214018610A37B109304F10F031193637F0546E07D5E
S214018620C8BF15B2B4F809200C93237F0B93E37EE1
S214018630032808BF0420032F08BF0427003B18BFE8
S21401864001230A93A37ECDF80C90CDE90873119B04
S21401865002931FFA85FC109B0193CDE9060BCDE929
S21401866004AC0F9B009330465FFA8EF318F030FD92
S214018670064662E7002B7FF45EAF637F002BA9D02E
S21401868059E70020ABE70546072656E7002468E7CA
S214018690FD300020F8B5074601200D46164620F0AD
S2140186A012FD0446C0B106220C2119F02FFD691EE9
S2140186B0A379C9B2032998BF084A03F10C032344DE
S2140186C098BF525C9F8088BF00222046DE70DA7118
S2140186D09A71FFF7CBFD0120F8BD00BF3EA3030052
S2140186E0F8B5FFF7FDFD83791844B0F80F60B0B216
S2140186F0FEF7CEFB0446C0B119F061FA0138C0B2EC
S214018700032814D80B4B1C5C0027FFF7EFFD05462A
S21401871004233A4642F2300119F0E5FCAB790C33FA
S214018720E818C68004724472F8BD0227EDE70024FB
S2140187302746EAE73EA303000B4610B50649074C59
S2140187400622002808BF214618461FF0FAFEB0FA96
S21401875080F0400910BD00BFFF3000200531002029
S214018760024B1A6802609B8883807047053100209F
S21401877013B50D4C28B1036823608388A38002B02B
S21401878010BDF9F7A3FECDE900019DF80230A370F4
S214018790BDF80530BDF80020A4F803309DF8073079
S2140187A022806371EBE700BF0531002010B5044657
S2140187B017F0EDFD064B22681A60A2889A80054ADA
S2140187C0137843F00103137017F0E7FD012010BD85
S2140187D0FF300020FE300020024B1878003818BF0A
S2140187E001207047FE300020024B1A6802609B8809
S2140187F083807047FF300020024B186908B104F0EF
S21401880039BA7047F018002010B53D4A002302F12E
S214018810100151E8001F02F1100C4CE80034002C46
S214018820F5D140EA0104A10201D501F0A3FD220120
S21401883001D503F0C9FA002C01DAFFF75DFD6300EC
S21401884001D501F0BFFCA00001D5FFF73FFBE10019
S21401885007D5FEF73DF820B92A484FF080511AF0A7
S2140188604AF9620107D519F075FA20B925484FF083
S21401887080611AF040F9A30105D51BF065F9FFF7F1
S214018880F7FA18F06EFBE00108D518F08DFE072800
S21401889004D11C484FF080711AF02DF9610201D500
S2140188A018F059FB220201D518F049FBE30207D55F
S2140188B018F078FE20B913484FF480111AF01BF90E
S2140188C0A00507D500F03AF920B90E484FF400711B
S2140188D01AF011F9E10507D5FFF732FA20B9094870
S2140188E04FF480711AF007F9620503D519F0F9FB08
S2140188F019F0F8FB230501D51AF005F910BD00BFE4
S214018900F018002000190020014601481AF0F3B8BB
S214018910F0180020014B1B6818407047F018002023
S214018920044B10B5D3E9064204430A43C3E90642A1
S21401893010BD00BFF018002070B51E4D2B68002B2F
S214018940044603DAFFF7C0FC002031E01A4E4CF271
S2140189500C000021FFF7E4FF0023336024B16368B5
S2140189602B60A36803B133604FF00040FFF7CCFFE4
S21401897033680BB9114B3360114B1248AB600023BF
S2140189802B7315F055FAFFF799FB2046F4F750FDC7
S21401899070B92CB1B4F90E10B4F90C0002F010FF46
S2140189A01BF0DDF803F026FE03F0B4FD0028C9D065
S2140189B070BD00BFF0180020EC210020061000203A
S2140189C0F9870100F4180020014BD3E9060170472E
S2140189D0F0180020054B9B69DA054CBF03200120E7
S2140189E01B0548BF40F00400704700BFF018002088
S2140189F0F8B517461C4606460D4603F087FB1C4B8A
S214018A00BA7A53F8222053F820301A44194B9C4264
S214018A1024D9194B9C4214D9184B93FBF2F3002B23
S214018A20B8BF0333013C9A1004EBA304B4FBF2F382
S214018A3071682A68A1EB930102EB430271602A6018
S214018A40F8BD0F4B0F49A3FB04435B0902FB03F37D
S214018A5003F6C313A1FB0313DB0AE9E702FB04F3E6
S214018A6003F57433084A8F33A2FB03231B0CDFE79D
S214018A7094A303004C6210001366660640420F0082
S214018A801F85EB515917B7D183DE1B43024B1A687A
S214018A9002601860704700BFF4210020024B0022DC
S214018AA01A6000F0FBB900BFF42100202DE9F8435D
S214018AB0064618F0DEFD0446002835D045784DB947
S214018AC017F065FC237863701B4B1B686360257089
S214018AD017F063FC4FF00108677837B923781BB3AA
S214018AE04FF4007004F0C6F81EE097FAA7F5B5FA41
S214018AF085F508FA05F55FFA85F9636833B90E4B13
S214018B0027EA050565701B686360E5E79B681BB986
S214018B1063681B686360F0E749463046984701285A
S214018B2005D163681B6863600120BDE8F8830228ED
S214018B30EED10020F9E700BFF421002070B50E4EFB
S214018B400025FEF701FCA84201D8012012E030689A
S214018B50FEF79EF950B93468FEF7F6FB0134B4FB14
S214018B60F0F303FB104434600135EAE7FFF79EFF9C
S214018B700028F0D170BD00BFF021002010B5837928
S214018B80034404461B7B392B96BF044AFF21D15C64
S214018B9020F0ABF8A0790C30204410BD42A30300AE
S214018BA02DE9F34105460C46019118F052FD830666
S214018BB005D501A820F0C2F802B0BDE8F081019FFA
S214018BC0BE790C36BB5D392B18D8164A12F80380CD
S214018BD0B8F1FF0F12D0384620F035F9013840457C
S214018BE00CD1114B1E6896B9A379234421461A7BF2
S214018BF0284602B0BDE8F0411AF075B8019820F099
S214018C009DF8BA5D019928461AF06DF8D4E77368A5
S214018C100BB93668E7E72146284698470028F8D07A
S214018C20CAE700BF42A30300F421002037B504467B
S214018C300D46202118F00FFD2946204618F078FD34
S214018C40214601201AF0F6F8214600201AF0F2F823
S214018C500120044A0090002321461AF07CF803B054
S214018C6030BD00BFBF2B030073B50C461646054644
S214018C701AF052FA80F001002946C0B218F0E0FC62
S214018C80C368012C9A7907D032462146284602B09D
S214018C90BDE870401AF046BA13441022DB8A0092EF
S214018CA02946034A00201AF056F8204602B070BD45
S214018CB02531030037B504461AF06EFA0321204623
S214018CC018F0E7FC00250346044A009521460120DA
S214018CD01AF041F8284603B030BD00BF0B30030040
S214018CE02DE9F347074602200E4620F0ECF905462B
S214018CF0002846D0B3790C3333440021B3F80480FE
S214018D00B3F806A0B3F8089019F0A3FF2846FFF7BA
S214018D1035FF02210446384618F0BBFCA4F804804F
S214018D206081A4F806A0A4F808901AF05BFE08F18A
S214018D300108B0FBF8F303FB1800022360806370A0
S214018D40AB79B371EA79F27103F10C00D21AD2B29F
S214018D50291830441FF039FC3946012018F070FC00
S214018D601022C660638900923946074A012019F02D
S214018D70F2FF3846294619F06AFF002002B0BDE826
S214018D80F0870720FAE700BF253103002DE9F341FC
S214018D9004460D460146012018F052FC0121074603
S214018DA0284619F056FF2846FFF7E8FE064600F16A
S214018DB00108404603F050FCD6F80130C7F81230DF
S214018DC07379BB750221204618F063FC29460746D5
S214018DD0F080204619F03BFF20230093044A3B46CF
S214018DE02146012019F0B7FF002002B0BDE8F0814E
S214018DF0F13003007FB504460D460146012018F008
S214018E001FFC50E8003F43F4806340E80036002E24
S214018E10F7D120461AF080F9D8B3204618F021FC85
S214018E20430715D5334632460DF10F01204618F09B
S214018E30ADFE9DF80F30062B0AD8284614F0BCFF6D
S214018E40012200232046FEF7D1FC002004B070BDAD
S214018E500E21284619F0FDFE2846FFF78FFE06462E
S214018E60FFF7B2FDC6F80510FFF7AEFD2946C6F8B6
S214018E700100204619F0EBFE0321204618F009FCFC
S214018E800022034600922146034A012019F063FF9F
S214018E90DBE70821DDE700BF0F30030010B5054C06
S214018EA0054A064920461AF0A1F82046BDE81040BA
S214018EB0FFF7ECBDF8210020D7310300299001000F
S214018EC0F7B58B790C33CE18CB5C023B04460D46C6
S214018ED00F2B00F2A080DFE803F0089E9E9E9E7393
S214018EE09E829E9E2C689E9E9E4F17F050FA717829
S214018EF00746204618F01CFC2021204618F0ABFB44
S214018F002146012019F096FF2146002019F092FF14
S214018F100123009300231846404A214619F01BFFFF
S214018F20284614F049FF384617F037FA012003B0F7
S214018F30F0BDB3887288717818F00EFE204618F0DE
S214018F4090FB830708D4294620461AF025F901210B
S214018F50204619F066FEE9E72146012018F070FB6D
S214018F602F4B82689A4203D12146012019F032FF25
S214018F70284614F021FFEAE77778B678084614F019
S214018F801BFF162F05D13246032120461AF014FB8B
S214018F90CCE72146012018F053FB8368002BC5D08F
S214018FA03246032120469847C0E70146012018F0C3
S214018FB047FB07462846767814F0FEFEBB68EDE7C9
S214018FC00146012018F03CFB07462846767814F047
S214018FD0F3FEBB68002BA9D032460421E2E7014626
S214018FE0012018F02DFB0F4B82689A4203D02846C9
S214018FF014F0E2FE9AE7D6F80120D6F805302046AE
S214019000FEF7F4FB284614F0D7FE2146012019F09E
S214019010E1FE02219CE7002089E700BF8D310300B5
S2140190200B3003000F3003002DE9F3410C460546D3
S2140190301AF072F8A37900286BD00C33E61814F8EE
S2140190400380B8F1010F41D0B8F1080F39D0B8F15B
S214019050000F51D17189284619F06BFEB1887388CB
S21401906072788B4294BF0746002709290B4638BF02
S2140190700923013B9BB29A420FD8002A08BF00275A
S214019080F3883289084619F073FD40B9204614F07A
S21401909093FE012002B0BDE8F0814746F0E7002FBD
S2140190A0F4D02946002018F0CBFAC4607389102248
S2140190B0013B00921B4A9BB22946002019F04BFE49
S2140190C0E7E72146284619F0C5FFE2E7F18828467A
S2140190D019F02FFE0746701C1AF04FFD0028D5D058
S2140190E0002FD3D02946002018F0AAFA2023C46006
S2140190F00093F3880C4ADFE7214628461AF049FB1D
S2140191000028C6D12146284602B0BDE8F041FFF747
S214019110D7BE23441B7B0E2BD3D0214628461AF0FC
S21401912027FBEDE7698C0100A930030038B504463A
S2140191300D4618F096FA42070BD4204618F091FA1D
S214019140830706D429462046044ABDE8384019F06C
S214019150E2BE284614F030FE002038BDB58C010072
S21401916038B505460C4618F074FA00F018001028B9
S21401917006D121462846054ABDE8384019F0CBBE3F
S214019180204614F019FE0C2038BD00BFE18C01000A
S214019190014A19F0C0BE00BF8D8D010070B50546AD
S2140191A00C460146012018F04BFA0646284618F0F0
S2140191B058FA020704D5204614F0FEFD002070BDC3
S2140191C033685B05F7D4284619F0A6FF40B121465F
S2140191D02846FFF7ABFF18B91FF075FF044630B1FC
S2140191E021462846034ABDE8704019F094BE072080
S2140191F0E5E700BFF58D010073B504460E4618F08D
S21401920028FA00F0300010284FF0020031D11FF08C
S2140192105AFF054678B3437943F0020343710221AE
S21401922019F017FD2846FFF7A9FC29464670204687
S21401923019F00DFD1621204618F07AFA2021204655
S21401924018F009FA2146012019F0F4FD2146002004
S21401925019F0F0FD204619F093FE0121204618F082
S21401926018FA034601200090044A214619F073FDBE
S214019270002002B070BD0720FBE700BF39300300B5
S2140192802DE9F04387B004460E4618F0EAF900F4DB
S214019290C060B0F5C06F06D102201FF014FF05466E
S2140192A010B9072054E000252146012018F0C8F91E
S2140192B096F8068008F10C08B044814608F10F03C1
S2140192C000F1120208F11F0153F8040B42F8040BD7
S2140192D08B42F9D10321304619F0BBFC3046FFF72B
S2140192E04DFC0A22074608F1050101301FF039F945
S2140192F00C210DEB010003F021F903AB03CBC7F8FA
S2140193000B00C7F80F10059BC7F8133007F10B02C7
S2140193100DB30A21284619F09CFC2846FFF72EFCBF
S2140193202946204619F093FCC9F80C604FF4807169
S214019330204618F090F90321204618F0AAF90025D6
S21401934003460D4A00950120214619F004FD2846E2
S21401935007B0BDE8F08307F113032046012118F09A
S214019360AAFD2046314619F072FCC9F80C50204679
S21401937018F0BDFDDFE700BF19320300F0B589B074
S2140193800D46044619F042FFAB79002800F0A38091
S2140193900C33EA18EB5C033B082B00F23881DFE85C
S2140193A013F0090036013601840036013601360114
S2140193B05D007E00D2F80100D2F80510B2F80970FF
S2140193C003AB03C302F1130301210B32204618F04D
S2140193D072FD0421284619F03CFC2846FFF7CEFB17
S2140193E00C21064605A803F0A9F805AB03CB3346C6
S2140193F0C6F80100C6F80510079A43F8092F0021A0
S214019400721C204618F057FD2146002018F018F966
S21401941003AA0346478303CAC3F81200C3F816100B
S21401942020460821FDF75EFD4FF40071204618F036
S21401943012F9204618F05BFD2946204619F007FC74
S2140194400321204618F025F903460020714A0090B2
S214019450214619F080FC012009B0F0BD0B212846F9
S21401946019F0F7FB2846FFF789FB2946204619F035
S214019470EEFB16F08CFF4FF440710546204618F0BF
S214019480EAF84FF48051204618F0EDF8284616F019
S21401949084FF4FF48061204618F0E8F8DBE72846A1
S2140194A014F08AFC4FF40071F5E70621284619F0FE
S2140194B0D0FB2846FFF762FB204618F078FB2946CA
S2140194C0204619F0C4FB204618F037FD214600203F
S2140194D019F080FCBFE72B441B7B043B072BBBD852
S2140194E001A252F823F000BF099501002F95010053
S2140194F09195010059940100599401005994010075
S21401950059940100A795010020464FF4007118F008
S214019510A2F8AA790C322A4402F109032046013244
S214019520002118F0C8FC284614F046FC93E74FF4D7
S2140195308060FFF7EFF9B0B14FF40061204618F0F4
S2140195408AF800272046CDE90577FDF7B5FC0646E3
S214019550204618F07CF80095034605AA3946B0B2B5
S21401956019F004FA77E72146012018F069F800F1AE
S2140195701201204618F0F6FC0621284619F069FB70
S2140195802846FFF7FBFA2946204619F060FB62E7FA
S214019590284614F011FC2146012019F04BFC204608
S2140195A018F0CBFC57E716F0F2FE4FF400710646B2
S2140195B0204618F050F84FF48051204618F053F822
S2140195C0304616F0EAFE4FF4C061204618F04EF819
S2140195D02946204619F03BFB2146012018F030F8B9
S2140195E0C268054682B193790C331A4402F113031B
S2140195F001210B32204618F05EFC204618F077FC5D
S214019600E968204619F023FB0023EB6023E70020DE
S21401961022E700BF1932030010B5074C0749204660
S214019620002219F0E3FC2046FFF730FABDE81040AF
S21401963001200021FFF774B9042200207D93010068
S21401964038B505460C4618F004F800F01800102846
S21401965006D121462846054ABDE8384019F05BBCCC
S214019660204614F0A9FB0C2038BD00BF81920100F2
S21401967038B58B790C460C331944E35C142B05463C
S21401968003D0152B0FD0002038BD013119F096FEFE
S21401969015212846224619F0D9FE2146284619F0FA
S2140196A0D6FA0120F0E70146012017F0C9FF0B4B5F
S2140196B082689A4203D0204614F07EFBF1E7A17936
S2140196C021440D31284619F079FE204614F074FB2A
S2140196D02946012019F07EFBE3E700BFA134030011
S2140196E037B504460A460D46142119F0AFFE294641
S2140196F0204619F0ACFA0321204617F0CAFF3022A3
S214019700034600922146034A012019F024FB00205B
S21401971003B030BDA134030010B5074C0749084A11
S214019720204619F063FC2046FFF7B0F9BDE810406B
S21401973020200021FFF7F4B81022002071960100C6
S214019740A534030073B5ADF800208DF802301E462F
S2140197500446009B019301A80D46114619F018FE18
S2140197609DF80630B34203D1BDF804308B4205D0D4
S214019770284614F021FB122002B070BD204618F0D6
S214019780B4F89DF80230827A9A4209D18288BDF8EF
S21401979000309A4204D1284614F00EFB0020EBE775
S2140197A06946204618F05DFB024A2946204619F014
S2140197B0B2FBE1E7E19601002DE9F04116461A43B6
S2140197C0BDF8188007460C461D4605D120461146B1
S2140197D0BDE8F04119F0B9BE4146204619F095FAA8
S2140197E078B12146384617F02BFF40238674C5749E
S2140197F02146069338464346034ABDE8F04119F030
S214019800AABABDE8F08100BF03360300F7B50546E6
S2140198100E460146012017F013FF036813F0F00F00
S21401982003D02946012019F005FB284618F0C4F993
S214019830B3790C3333445F789B781F400378C3F3C6
S214019840030000EA1310384019F059FE044668B9BF
S214019850284619F05DFE384019F051FE044628B935
S214019860284618F0ACF901F0A1FF0446284600216D
S21401987018F03DF81721304619F0EBF93046FFF79E
S2140198807DF9314644708470284619F0E0F90321C9
S214019890284617F0FEFE4022034600922946034A58
S2140198A0002019F058FA03B0F0BD00BFB935030027
S2140198B008B581B2074818F003FC012000F0E6FC69
S2140198C030B9054A536919075CBF43F00403536175
S2140198D008BD00BF242200201C2200200123834053
S2140198E00649DB4301F1240252E8002F1A4001F138
S2140198F0240C4CE800200028F4D170471C220020DC
S2140199000123074A03FA00F002F1240353E8003F5B
S214019910034302F1240C4CE800310029F4D17047CE
S2140199201C220020044A536A4FF0804043F400236F
S214019930536203F09FB900BF1C22002038B50E4DBC
S214019940044601F085FBE86B18B114F035FA0023E4
S214019950EB6318F0C5FB0948FEF726FCAB6B0BB1B1
S214019960FFF7E0FF0448214600F0E8FCBDE8384078
S21401997003481FF0E3B900BF1C2200202422002068
S2140199803C220020034B586A10F0050001D1FFF776
S214019990D5BF70471C22002038B51E4C4FF010135F
S2140199A0E3624FF4E063238647F6FF73A4F8603062
S2140199B094F86730012262F3030384F86730164A8D
S2140199C0164B0025C4E916326562FFF703F84FF41B
S2140199D08073A4F84830124BE361124B84F85600AA
S2140199E01A68656113785278A4F8BC5013445B106A
S2140199F0294604F108006376A4F8B45018F060FB19
S214019A00294604F1940018F05BFBBDE838401AF0D3
S214019A10C6B800BF1C22002055555500D6BE898EFB
S214019A2089380300EC2100202DE9F0411F4C9DF8F8
S214019A301C609846636A0F46D907154633D460B34F
S214019A400120FFF75DFF626A9DF8183084F85460C4
S214019A5022F4C07242EAC312052E626207D101F0F7
S214019A60E5FF68B96D00ADB2BD4228BF3D4694F82A
S214019A7054309A0715D413F0040F14BF0326012699
S214019A8094F86730A78566F3030384F86730E585A5
S214019A9084F830800120BDE8F0810120FFF71EFF29
S214019AA0D1E70226ECE70020F5E700BF1C220020E4
S214019AB0024B586AC0F38000704700BF1C2200208A
S214019AC010B51D4CFFF7F4FF636A13F0010313D1C1
S214019AD0A8B994F8663094F83110253BDBB201330F
S214019AE0DBB2032B28BF002341FA03F2D207F6D5D7
S214019AF0253384F8663018E094F8543010B194F8A1
S214019B005520134303F00503052BE2D101F08EFF28
S214019B100028DED194F8673003F00F02012A05D140
S214019B20032262F3030384F8673010BD012262F357
S214019B30030384F86730CCE71C220020024B586AE6
S214019B4000F00100704700BF1C220020F8B5434C0E
S214019B50636923F010036361054601F079FAB4F8EE
S214019B60BC302BB9A36813F4601F08BFA4F8BC303F
S214019B703A48012100F0E2FB394BE361636A58047D
S214019B8029D41DB9636943F01003636119F066FFB8
S214019B90E28DE66C236DA78D151F40F271214D43B2
S214019BA0AE422DD2A3F5967301FB0733181AE76868
S214019BB023893B44834223DA6369514343F010030C
S214019BC0891B63618142D4BF21612061BDE8F840F1
S214019BD0224800F065BBA26A6168521A002AD0DAF0
S214019BE023F0010343F400436362FFF7CBFE4FF01B
S214019BF0804003F03FF8FFF75BFF0028C1D1F8BDB6
S214019C0040F271277A43A2F5AF722261FFF758FF3F
S214019C10236DA28D07FB023363602365AE424FF0CE
S214019C200003E3640F4B0CD31A68616A137B490780
S214019C30617E4CBF927912780B4493420CDC6376BA
S214019C40C4E7626A1B685207197B4CBFDA795A78F7
S214019C50637E5B1A9342F2DA6276B7E71C22002033
S214019C6089380300EC21002008B5FFF721FFB0B1C9
S214019C700B4B586A20F0040210F001005A6203D11F
S214019C80BDE80840FFF75ABE01F0E2F918F028FADD
S214019C90FFF748FEBDE808400020FFF757BF08BDA4
S214019CA01C22002038B50E4C054680B10320FFF774
S214019CB015FE002384F845300123A4F8463004201D
S214019CC0FFF70CFEBDE838401020FFF707BE052061
S214019CD0FFF704FE0123A4F8B83084F8B650EEE787
S214019CE01C22002070B53B4C636A164603F0010245
S214019CF070B95AB116F04BFB636A23F001030546AF
S214019D006362FFF73FFE284616F047FB002070BD52
S214019D10002AFBD19B0704D5E36BBBB10120FFF7FB
S214019D20C1FF94F8303003F0FD03012B16D016F076
S214019D302EFB0546C6B10E20FFF7E2FD19F08EFE9A
S214019D4042F2107303FB0600A06210E002201FF02F
S214019D50BAF9E0630028E1D10720D8E7FEF73CFD19
S214019D600028E4D11220D2E70E20FFF7B7FD00202D
S214019D70FFF7C6FD636A13F00403C4D1E364E38D01
S214019D8040F27122023B5343E260236119F02AFE3E
S214019D900323B0FBF3F303EB4303C31A253384F821
S214019DA06630FFF78DFE19F059FE60602065B4F845
S214019DB0BC00002808BFF520FFF77AFD064B0548D2
S214019DC01A681378527813445B10637600F068FAC9
S214019DD099E700BF1C220020EC210020274B70B51C
S214019DE05A6A0D4609B3160747D503F1450603F12E
S214019DF0460428B3D1061FD52388012B1CD95B083E
S214019E0023800420FFF76AFD1020FFF767FD19F095
S214019E10E9FD2388B0FBF3F202FB1300307055B363
S214019E200320BDE87040FFF759BD940625D503F120
S214019E30B60603F1B804DCE70420FFF761FDE3E7AB
S214019E40D20314D5B3F84610B3F8482091420ED287
S214019E502288520092B22280B3F84830934228BF3B
S214019E60134623801020FFF739FD0420CDE710208C
S214019E70FFF746FDF9E70520D3E770BD1C22002059
S214019E802DE9F04F314CA56B636BAE7900278BB093
S214019E900C36C4E90D7705EB060807938346894619
S214019EA0D8F824A001F05EFFAA5D08F10806C2F307
S214019EB0C01231460DF127008DF8272017F074F8EF
S214019EC0CDE904B9636A0798C3F380230393FF239C
S214019ED002939DF8273052463946CDE9006308F1D2
S214019EE00E03FDF751FB284613F066FF636A23F065
S214019EF02402D907626205D40120FFF71FFD0BB0CB
S214019F00BDE8F08F124B94F854501A6813785278C3
S214019F1013445B10052D637602D101F087FD40B92D
S214019F2094F854309A070ED413F0040F14BF032587
S214019F30012594F86730012065F3030384F8673040
S214019F40FFF704FEDBE70225F3E700BF1C22002033
S214019F50EC21002070B54A4A054651681068AC7974
S214019F60127A8AB06B4603C30C3408201A702C444C
S214019F70FEF7D0FC20B10122A11D28461EF0C1FE2D
S214019F80A3798DF80F30A37A03F00F0303F12802AB
S214019F906A44002112F8282CADF81020CDF82110C3
S214019FA0ADF825108DF82010062B08D8DFE803F051
S214019FB0044F07075F074B000D20FFF7A1FCA37AAC
S214019FC0C3F380138DF81230E368CDF81330238A7B
S214019FD0ADF8173000231A460DF113010DF11200EA
S214019FE016F0CDFFE3798DF819304FF47F43ADF8C5
S214019FF01A307F238DF81C3063798DF81D300023CD
S21401A000ADF81E30AB791233AB711C2128461EF019
S21401A010D5FEAB792B4403AC0C3309AE224603CAFA
S21401A020B24218605960144603F10803F6D110686D
S21401A0301860294613481EF068FF4FF0804002F072
S21401A04019FE0AB070BD0D20FFF748FCB7E7D4F83B
S21401A0501230CDF82130E38AADF82530EB79063B96
S21401A060EB71A37AC3F3C0138DF82030A7E7064B34
S21401A0705B6A9B0444BF42F00102ADF810209EE7E4
S21401A0807CA303003C2200201C22002070B58379AB
S21401A0900C33C4182379DA0702D44FF0FF3070BDB1
S21401A0A0A37AE27A03F00F05082DF6D8062D01D91A
S21401A0B02846F4E7911F1F29EFD8012D1FD10C2A3E
S21401A0C0EBD1244E736A13F0060F01D1DB05EFD4F2
S21401A0D016F062FF20B916F056FF0028E8D1DCE73B
S21401A0E0A37A96F83020B2EBD31FC3F3C010D4D1B5
S21401A0F004F1120100F00100FEF71EFBEDE7042D4E
S21401A100D6D11449144A486A0240002AC5D0C96B00
S21401A1100029CDD08A790C3288188A5CC3F3801363
S21401A120B3EBD21F08D016F037FF0028C0D116F0C7
S21401A13021FF0028BCDBB0E704F10C010622083041
S21401A1401EF0FFF9044616F027FF0028B0D1002CB8
S21401A150AED0ECE71C22002008000400F0B5184C35
S21401A160606B87B000B3A76BBE790C36FCF7A4FE14
S21401A1700223FF21BA5DCDE90431BD19D20995F854
S21401A18023305B090393AB8B02936B8B01932B8B71
S21401A1900093002105F1080380B218F0FDFA606B08
S21401A1A0FDF734F900236363A06B13F005FE00236B
S21401A1B0A363636A23F00403636207B0F0BD00BFC4
S21401A1C01C22002013B5154C16F0E1F8236A019302
S21401A1D00023236216F0E1F8019BA3B9636A1A040F
S21401A1E006D517F0F1FFA0B1636A23F4004363625A
S21401A1F0636A1B0305D5FFF7B1FF636A23F40023E7
S21401A200636202B010BD01A81EF0B6FD18F047F853
S21401A210E2E74FF0804002F02DFDE9E71C22002026
S21401A22010B5074C2368DA0607D523F01003236020
S21401A23018B9A168012016F076FE0023A36010BDB0
S21401A240DC220020014610B50446022016F06BFE03
S21401A250054B1B68D90305D463691A075CBF43F035
S21401A2600403636110BD00BFDC220020014BD868E7
S21401A270DC387047DC22002010B5034BDC6819F08F
S21401A280EDFBDC3C201A10BDDC220020034B1B68D2
S21401A29013EA004314BF012000207047DC2200208F
S21401A2A038B5002303604369044658070DD5204698
S21401A2B050F8081FC90C01F4FC7141F00501FDF7C7
S21401A2C021FF636923F0040363616369D90602D53C
S21401A2D019F0C4FB60601848024652F8043F8BB977
S21401A2E02360146083684BB1617E5A7E914219D215
S21401A2F06269D2060ED50020FFF792FFBDE838400E
S21401A30018F01EBC59686568491B0029E8DA1A4628
S21401A3101B68E4E75A681B69134462689B1A002BA2
S21401A320ECDBE8E71A895B68D31A62681344E268D3
S21401A330D342E3D5DFE700BFDC22002038B50B4D62
S21401A340AB680446A342084601D1FFF769FF6B6874
S21401A350074A1BB1A342196804D11160BDE8384011
S21401A36018F0EEBB1A460B46F3E700BFDC220020CE
S21401A370E02200202DE9F047754D2B685B0700F1C0
S21401A380B080AB68002B40F0AC8055E8003F43F04E
S21401A390040345E80032002AF7D16C689CB119F035
S21401A3A05DFBD4E9043717F0100FA268064619D0F2
S21401A3B010FA82F262602068D4F8048038BBDC337D
S21401A3C04344C5E9024355E8003F23F0040345E84A
S21401A3D00037002FF7D1AC68002C75D1BDE8F047E7
S21401A3E001F02CBD606892B2811AFF07A1EB06014D
S21401A3F009D40029DFDAE768DF1BCF4205D43244EF
S21401A4001844831AD6E70029D5DA204650E0416978
S21401A4100289D0F804E0CF0648BF06EB020E11F021
S21401A420010C08BFD0E90371AEEB020206BFC91BDF
S21401A4308918114608EB03077F1A002F28DDBB4257
S21401A44005D9E768A1EB0801DC378F423AD9D4F881
S21401A45014A01AF0010F1DD12169D0F80C9027899C
S21401A4604144A1EB0901C91BE768A1EB0E01DC37EA
S21401A470B9420FDD971BBCF1000F03D10169A1EBB7
S21401A48009010F44002F05DBC0F804E04B460446E3
S21401A490006891E7477E617E8F42F9D2921BBCF13C
S21401A4A0000F03D1D0E903135B1A1A44002A02DA1B
S21401A4B0FFF7C8FE71E71AF0100FA6D0C368C0F800
S21401A4C004E0E4E70B46E3E7A36813F4601FC3F375
S21401A4D0C24008D12B6843F010032B60214616F0CA
S21401A4E022FDBDE8F08704F108063046FDF718FEA8
S21401A4F02B6843F010032B602146F8B916F013FDC4
S21401A500A36813F4601F4FEAD341C3F3C24517D0C3
S21401A510013DEDB201F4FC7129433046FDF7F2FD31
S21401A52003213046FDF75AFE75B1A268237E134417
S21401A530120C9BB212041343A360D2E73846CEE74F
S21401A54003213046FDF74AFE3046FDF72DFEECE7C7
S21401A550DC22002008B5034B996809B116F0E3FC2C
S21401A56008BD00BFDC220020014B9868704700BF81
S21401A570DC2200200A4B70B59C6884420FD121462C
S21401A580012016F0D0FC6668258919F067FAAD1B24
S21401A590C54221464CBF0020022016F0C4FC70BD07
S21401A5A0DC220020054B1B681B6A13F0100003D049
S21401A5B013F0030018BF0120704700BFEC220020F3
S21401A5C02DE9F341344B9C68A5790C356719635D19
S21401A5D003F04F036355838D0622103B06468846DB
S21401A5E07A700D2B32D8DFE803F054315007310C66
S21401A5F0313131313131310C635D6FF30303635512
S21401A60024E0625D006A012363F30302625510F4DD
S21401A610006F4FF00C027A7006F12E0107F1080266
S21401A6200CD001924FF0FF320092C0F380201A4600
S21401A63016F0AEFC635D43F08003E0E7D6F82E30FB
S21401A640BB608B889380336A5B05F3D4B28D635D00
S21401A65062F345136355B91C304619F04CFA635D35
S21401A66060F386136355A3797A7802331344E37152
S21401A670B38D03F01403142B04D0B8F1000FC4BF3C
S21401A68042447A7002B0BDE8F081635D62F3030371
S21401A690B5E7635D0222F9E71820002038B529499D
S21401A6A00B7D4A7D0133DBB2B3EB921F04460B757B
S21401A6B003D303230B75002038BD016AC90234D5C4
S21401A6C090F87E200323243A92FBF3F303EB430333
S21401A6D0D21A2532D2B2A18D94F87F30B4F9340063
S21401A6E084F87E2011F0100103F00F0323D119F036
S21401A6F02DFA01F07DF8B4F97820824204F1700554
S21401A70004D0A4F8780001F023FD6881284601F002
S21401A710DFFB00221146104616F007FC94F87E0077
S21401A720002119F012FA0120C6E75B001A4102F077
S21401A73003022532CFE702461946002001F006FE45
S21401A740D7E700BF182000201F4B2DE9F041044633
S21401A7501860006C1D4E1EF076FB01462046FFF782
S21401A7602FFFA38D03F01403142BB36814BF226CC0
S21401A77000221A602046FFF791FFFFF713FF144BE4
S21401A780051E144808BF184601F0DCFC63696768BB
S21401A79003F0100819F062F96D000346627EE8B214
S21401A7A0B8F1000F03D1FF1AB7F59B7F07D5114605
S21401A7B001F076FCB068BDE8F04101F045BC616887
S21401A7C019F052F9F6E700BFEC220020182000200D
S21401A7D065A80100B1AA010070B50546FFF7E2FEC3
S21401A7E0104B114E041E114808BF184601F0AAFC72
S21401A7F02846FFF753FF054660B133686000597E6F
S21401A80000F0FE0001F04CFC094BBDE87040986872
S21401A81001F01ABC01F096FC30682946BDE870408C
S21401A820FCF734B865A80100EC220020B1AA0100AB
S21401A83018200020034610B5094C052B20680AD0C5
S21401A840062B0CD1002001F07DFC20680121BDE81B
S21401A8501040FCF71BB8BDE81040FFF7BDBF10BDA8
S21401A860EC220020032803D1024B1868FFF7B4BF7F
S21401A870FFF7E0BFEC2200200C4B032810B51C6844
S21401A8800FD1206C1EF0DFFA01462046FFF798FE36
S21401A890074B226C9B6820461A60BDE81040FFF704
S21401A8A09BBFBDE81040FFF7C5BF00BFEC220020EC
S21401A8B0182000202DE9F8438B790C33CC18064676
S21401A8C02379DA0703D44FF0FF30BDE8F883E77A3F
S21401A8D0252FF8D83C4B9A6893790C33D118D35C62
S21401A8E0A27AC3F38013B3EBD21FECD1056AEB0651
S21401A8F04CBF02310431062204F112001DF021FE84
S21401A9000028E0D194F80A9016F046FB05F4C045FD
S21401A91080F001032A1EC9F3801904F10C08414690
S21401A920DBB218BF0122484619F0A8F8014658B113
S21401A930A37A03F00F03032B16D1336A9807C2D507
S21401A9400C2FC0D10320C0E716F02CFB0028BAD18B
S21401A950A37A03F00F03002DEDD0032B85F4C04539
S21401A96013D1A904AFD5E8E7052BACD1306AC207ED
S21401A970A9D500F01403142B0CD004F1180018F01C
S21401A980EBFF00289FD005209FE7052B9BD16B048A
S21401A990ECD498E706F12E052946C0F3802016F080
S21401A9A0F0FA0028E9D1A27A336AC2F38012C3F31F
S21401A9B080239A4287D10622294640461DF0C1FDD2
S21401A9C00028DAD07FE700BF182000202DE9F74FD6
S21401A9D04FF0FF310746002401A8019401F048F822
S21401A9E0019949B13846FFF765FF032806D00528C7
S21401A9F04BD001A81EF0A2F901203FE0DFF8A880A5
S21401AA002848DFF8A89001F09DFBD8F800302046D2
S21401AA10597E01F067FBD8F800B0D9F80860DBF87A
S21401AA2044001EF010FAB4790C3406EB040A335DC8
S21401AA3003F0400343F00403054633550AF10201CF
S21401AA40584619F058F8335D60F386133355D8F835
S21401AA500030D9F808005B6C002DA4BF06358AF8D3
S21401AA600150036001F0F0FAD8F800301B6ADB04ED
S21401AA7007D50199384616F02DFD002003B0BDE834
S21401AA80F08F01A81EF05AF9F7E7019801F0A8F82F
S21401AA900199384616F0C7FC0028ADD0204601F0D3
S21401AAA051FBEAE779A80100EC22002018200020DB
S21401AAB00E4A032810B5146805D0042809D0BDE84D
S21401AAC01040FFF7B7BE617E0120BDE8104001F0DF
S21401AAD0A5BA2046FFF77AFF30B101F043F92046C8
S21401AAE0BDE81040FFF778BE10BD00BFEC22002085
S21401AAF038B50D460446002001F024FB01F032F97A
S21401AB0029462046FCF70CFA014B00221A6038BD94
S21401AB10F02200200123074A03FA00F002F1140391
S21401AB2053E8003F034302F1140C4CE800310029BE
S21401AB30F4D1704730200020F8B5244F7B6913F418
S21401AB40C07F05460C4603D099063BD401200CE095
S21401AB5039B15A0705D4D5F8A43013B90820FFF740
S21401AB60D9FF7B699B0601D50020F8BD7B7FAE6AC5
S21401AB70022B06F0080604D916B114B90220F4E730
S21401AB80E4B995F8921095F83701063100F00F00F8
S21401AB9000F0E8FD85B20EB904B16D00FFF76CFB5D
S21401ABA0A8420DDB7B6913F01C0FDDD11EB1002C12
S21401ABB0DAD10520D9E7002CFBD1D5E70320D4E76D
S21401ABC00420D2E7002CCFD0C3E700BF30200020FE
S21401ABD038B5124D6B69044643F400734FF4806137
S21401ABE028306B6118F0E9FE0121204616F03EFD83
S21401ABF000212046FFF7A0FF014620B12046BDE810
S21401AC003840FFF775BF6869617E80F48070BDE8E3
S21401AC103840C0F3002001F001BA00BF3020002008
S21401AC2038B50C4B0446186000F5947001F050F9E5
S21401AC302046FCF741F9C4B2204616F082F90546D3
S21401AC40204616F080F929460246022016F06DF9D4
S21401AC5038BD00BFF022002008B5002001F072FACE
S21401AC6001F080F8014B00221A6008BDF022002096
S21401AC7010B50446FFF7D4FF064801F063FA616891
S21401AC80226C637E01EB9202BDE81040112001F0B8
S21401AC9079B900BF61AF01003F4B37B51C68A26AA6
S21401ACA0002350050193D4F8A03012D504F1A40076
S21401ACB001931EF061F8C4F8A00050B194F8463133
S21401ACC0013B84F846314FF4806104F1280018F006
S21401ACD074FED4F8A0500DB9304B9D6894F94631F6
S21401ACE0022B0DDCD4F8A83013B1A36AD90502D51E
S21401ACF0D4F8AC3023B14FF480512046FCF7F2F87B
S21401AD00D4F8A410A36AAA79002902F10C024FEA2A
S21401AD10830314BF0121002103F00C0343EA01134E
S21401AD20A95C21F01C0143EA0103AB540DD11B4A77
S21401AD3002F1140353E8003F23F0080302F1140064
S21401AD4040E800310029F3D102E00320FFF7E2FEDC
S21401AD50284601F079F9019B53B15B7903F00A03A8
S21401AD60082B02D12046FCF7C3FB01A81DF0E6FF25
S21401AD706B799A070ED5A36A1B040BD50820FFF73B
S21401AD80C9FE4FF4004104F1280003B0BDE830408D
S21401AD9018F013BE03B030BDF02200203020002092
S21401ADA02DE9F04385B000230446032103A803934D
S21401ADB000F05EFE039D35B9F4212046FFF798FEAC
S21401ADC005B0BDE8F083AB79644F0C331D447B6955
S21401ADD02A79D6074ED4DD064CBF07200420FFF79C
S21401ADE099FE002601212046FFF7A6FE054650B92A
S21401ADF07869617E80F48070C0F30020400001F025
S21401AE0071F9FFF749FF039800F0EAFEDDF80C80C0
S21401AE107A6998F80630510603F10C0308EB03092A
S21401AE2015D458F803303B610620FFF773FEA36A7A
S21401AE301A060CD404F1280252E8003F43F08003BE
S21401AE4042E800310029F7D10120FFF763FE4946A9
S21401AE50204616F011FC99F80430DB077BD5002E4E
S21401AE6052D11DB129462046FFF742FE03A800F045
S21401AE70D9FCA5E723F0100301207B61FFF74AFE0A
S21401AE80AE7AF0062FD50220FFF744FEA36AAA7A0F
S21401AE9083F00203C2F38002C3F340039A422FD128
S21401AEA004F128004FF4006118F087FD50E8002FE8
S21401AEB042F4806240E80023002BF7D1A26A82F0B8
S21401AEC00202A2627B77AA7AA36AC2F3C00203F0E7
S21401AED001018A4285D183F0010316F00306A362BD
S21401AEE018BF01267EE707F1140353E8003F23F05D
S21401AEF0040307F1140141E80032002AF3D1C5E743
S21401AF007B7F0133DBB2DDE72046FBF7D5FFC0B21E
S21401AF1016F017F806462046FBF7CEFFCDF804805C
S21401AF20A38F009382B200233146022016F005F863
S21401AF304FF0FF3103A800F09BFD03998B790B447A
S21401AF40DB7D002B8DD02046FCF7F0FA002D3FF478
S21401AF5037AF294631E7002E83D0E9E730200020BD
S21401AF6008B5124A0346042B10680BD002D8032BEF
S21401AF7018D008BD053B012BFBD8BDE80840F121E0
S21401AF80FFF7B6BDFFF70CFF094A02F1140353E8B9
S21401AF90003F23F0200302F1140040E800310029AD
S21401AFA0F3D1E6E7BDE80840FFF712BEF022002025
S21401AFB030200020164B033810B51C68032818D81B
S21401AFC0DFE800F00702181E2046BDE81040FFF734
S21401AFD0E7BE2046FFF7FCFD0E4A02F1140353E8D4
S21401AFE0003F23F0200302F1140040E8003100295D
S21401AFF0F3D110BDF1212046BDE81040FFF778BD22
S21401B0004FF4806104F1280018F0D7FCF221F2E732
S21401B010F02200203020002010B50446FFF700FE85
S21401B020054801F08FF8FFF737FE627E616802205F
S21401B030BDE8104018F018BDB5AF0100034B5B6AC0
S21401B04013F0060F0CBFE220F12070471C220020EF
S21401B05008B5FFF789FA054B834206D100F082FE58
S21401B060BDE80840002001F06DB808BD1C22002094
S21401B07070B5214C214801F065F894F8673094F8D2
S21401B080662003F00F030021C82018F05FFD00F0D2
S21401B090AFFBB4F96020824205D0A4F8600001F04D
S21401B0A057F8A4F86200164800F012FF0022114675
S21401B0B0104615F03AFF666818F0D0FC0246FFF716
S21401B0C0BDFFB61AB6F5FA6F054609DCFFF7CEF8EE
S21401B0D0627EA0F5AF712846BDE8704000F01CBF47
S21401B0E06668FFF7C3F8637EA0F5AF72314628465F
S21401B0F0BDE8704000F046BF1C22002099B5010053
S21401B1007422002038B500F02DFEFFF7B5F8B0F533
S21401B110967F0D4C0CDDFFF791FF0546FFF7A6F86D
S21401B120627EA0F5AF712846BDE8384000F0F4BE57
S21401B13018F094FCE36C62689B1A0344E3640020F5
S21401B140BDE8384018F0ADBB1C220020F7B5104C06
S21401B15094F8455006460F462DB1013D84F84550FA
S21401B160002003B0F0BD0B4B1B680220597800F09D
S21401B170B9FF94F83030CDE900533A46E06B03232B
S21401B180314618F0BFFBE06B00F05EFF0120E8E7F8
S21401B1901C220020EC210020094A02F1240353E876
S21401B1A0003F43F0080302F1240040E80031002983
S21401B1B0F3D1044B1B680120597800F02FBF00BF64
S21401B1C01C220020EC210020438902895B0040F20A
S21401B1D0712043435B1AD0B24343120AB3FBF2F326
S21401B1E0024A126811445818704700BF20250020F3
S21401B1F030B58C1AE41A002C08DA124C6468551A19
S21401B2001D44B5FBF4F505FB044421441344CB1A55
S21401B21040F2E242B3FBF2F39BB242892BB95300F0
S21401B22040F2712404FB031113460132B3FBF2F41E
S21401B23002FB143202819B1A40F2E24000FB13101B
S21401B24030BD00BF202500202DE970430646184674
S21401B2509DF8183089461446E3B9C31E012B8CBFEE
S21401B26002250325222100F07DFA164B5B686D004E
S21401B27040F2712808FB05F581446BB12146304642
S21401B280FFF7A2FFABB201464A463046BDE870431F
S21401B290FFF7AEBF0125E5E7738934890133B4FBB7
S21401B2A0F3F203FB1244F37934815B00640008FB7C
S21401B2B003F308FB04F404EB530404EB09002844ED
S21401B2C0BDE87083202500202DE9F041134E736AF6
S21401B2D05B0780461BD58B790C33CF18C8B9FD792F
S21401B2E0CC583989284600F03DFA0444B8F1000FDD
S21401B2F011D1033D012D94BF032302235B0040F2CD
S21401B300712202FB034434647B7986F84430BDE83D
S21401B310F0810125E4E70123F0E700BF1C220020AD
S21401B3202DE9F04F1F46984B9D6B5B6AAC798DB04B
S21401B3300C341646021E05922A5D069108BF0021AE
S21401B34061F345122A55314603F040023846C3F3ED
S21401B350801A039215F022FE05EB04080790285D7B
S21401B36008F1080B5946C00915F018FE039B8146E3
S21401B370002B44D1002844D115F00EFE80F00103C5
S21401B380DBB203F0010352463146384618F076FB2D
S21401B3900490002800F08A80039B002B33D1B9F17A
S21401B3A0000F75D1079B002B72D015F0E6FD002823
S21401B3B06ED001220AA90DF1270015F0F1FD002833
S21401B3C074D09DF827302A5D591E4B424B41B3EB92
S21401B3D0D21F6BD106220AA958461DF0B2F80028E2
S21401B3E064D13368C8F80830B388ABF804302B5DF5
S21401B3F067F3C7132B554FF00009CA4619E001231E
S21401B400BFE7039BBDE7604B5B6A13F400791CD171
S21401B41015F804A0CAF3801A484615F0C6FD33682D
S21401B420C8F80830B388ABF804302B5D67F3C71350
S21401B4302B55059B544E002B3ED196F8B630002B6B
S21401B4403AD0013B86F8B63030E015F093FD00287F
S21401B45006DA15F804A04FF00009CAF3801ADBE7F4
S21401B46000221146104615F095FD15F804A08146F8
S21401B470CAF3801A0028CFD0002302211A4608EB0F
S21401B480010018F017FA2B5D60F386132B55C3E7FE
S21401B4907A1E57422B5D5741B7EBD31F06D10622C2
S21401B4A0314658461DF04DF80028A4D000230493D9
S21401B4B004980DB0BDE8F08F18F0D0FA074616F0E4
S21401B4C0BBF8059B009302469DF85830394608F1B3
S21401B4D00E00FFF7B9FE2D4B059A1B680746A2B969
S21401B4E05978022000F0FEFDB06B00F0ADFDB36BA5
S21401B4F09A7913441F63FFF737F8254BC361069B00
S21401B500BBB9736A23F4806316E0D979002000F092
S21401B510E9FDB06B00F098FDB36B1E489A791344B1
S21401B5201F6300F00FFE069BC3B9736A23F48063A2
S21401B53017E0736A43F480637362039B9BB1B9F1AE
S21401B540000FB5D000231A46514608F1020018F044
S21401B550B1F92B5D60F386132B55A9E7736A43F4A3
S21401B56080637362EBE72B5D0022C3F3C013594679
S21401B5700AA88DF8283015F013FD2B5D9DF82820BC
S21401B58062F3C7132B55DAE71C220020EC210020BA
S21401B590DF20030039B7010004282DE9FF471ED03C
S21401B5A005D8032800F0BA8004B0BDE8F087431F31
S21401B5B0012BF9D805384FF0010118BF0120FEF71D
S21401B5C00DFC18F04BFA5A4AD36C51685B1A0344C7
S21401B5D00020D36404B0BDE8F04718F062B903A8B0
S21401B5E000244FF0FF31039400F042FA039858B15B
S21401B5F0FEF74CFD0828074603D84E4B1E5C310764
S21401B6000AD403A81DF09AFB494B5B6A13F0060F98
S21401B6100DD0FFF777FD0AE00728039D0ED12246DD
S21401B6204348294616F052FD0446002CECD0012171
S21401B630084604B0BDE8F047FEF7D0BBDFF8F0805F
S21401B640D8F8244014F0040410D016F002040DD0EB
S21401B650AA790C322A440120917A0090C1F3801312
S21401B6600C32C1F34011FFF75BFE0446284600F09A
S21401B670B7FA29460120FFF727FED8F82430DA0763
S21401B6802DD595F8069003F0800A09F10C0915F0FE
S21401B69083FCA94480F0010399F80A00BAF100027C
S21401B6A018BF0122DBB209F10C01C0F3801018F0BB
S21401B6B0E5F960B134BBD8F824309B07284632D56B
S21401B6C0F40710D4730730D5FEF744FC9CE7BAF1B3
S21401B6D0000F04D1514615F065FC0028EAD0284633
S21401B6E012F06AFBA1E718F07BFA044650B1A8797C
S21401B6F00C3028440C3010F8021CC1F38011FFF7FF
S21401B70025FD0446042F03D1D8F824309907E6D541
S21401B7107207E4D52846FEF71DFC86E704B0BDE8AF
S21401B720F047FFF739BD042FCCD112F045FB6BE78C
S21401B7301C22002086A30300032808B50AD1074867
S21401B74000F000FD064B012093F94410BDE80840C7
S21401B750FEF796BBBDE80840FFF71EBF99B501008E
S21401B7601C220020064B10B55B690C4610B101F097
S21401B7703FF8034618795B8804FB003010BD00BF14
S21401B78010190020084B10B55B690C4610B101F08A
S21401B7902FF803465A88A2423BBF1B79A41A002001
S21401B7A0B4FBF3F010BD00BF101900200138C0B281
S21401B7B003289ABF014B185C002070478FA3030033
S21401B7C08BB20029054AB4BF053B05331BB20A21DB
S21401B7D0108093FBF1F39370704700BF482F002051
S21401B7E0024B9B78C01A40B2704700BF482F00201A
S21401B7F0024B1B88C01A00B2704700BF482F0020BA
S21401B800074B186840F20D1338B9002BC1BF4433FB
S21401B8104522B3FBF2F0C0B270470068453BF3E740
S21401B820101900202DE9F041064614F0B0FD074638
S21401B830FFF7E6FF35460446286818B16CB9284676
S21401B8401DF07CFA31680A481DF05FFB384614F09B
S21401B850A4FD00233360BDE8F081D0F800801DF020
S21401B86026FC2B68013CC3F800802D68E4B2E3E7B0
S21401B87010190020024BDB6B03B11847FEF76ABEB6
S21401B8801019002010B5064AC043131D53E8003FA7
S21401B8900340141D44E800310029F6D110BD00BF55
S21401B8A01019002010B5054A131D53E8003F034345
S21401B8B0141D44E800310029F6D110BD10190020EE
S21401B8C070B519461546064610461C4618F0BBF8D4
S21401B8D02A46454D2346304618F0BAF8D5E90623E0
S21401B8E000EA020401EA030654EA060313D06301E0
S21401B8F004F0806010D56B68180623D43B4B2340B8
S21401B90093BB3B4B06F020022340134356D12046FF
S21401B910314618F094F870BDA4F1080333431CD1E6
S21401B920EB7A012B42D16B68D90743D50323EB721F
S21401B9306B8C013304206B84FFF79CFF012018F009
S21401B94083F8E4E72B1D53E8003F23F08003291D0D
S21401B95041E80032002AF5D1DDE7A4F10C033343B8
S21401B96017D118F071F8DBE724F0011323F4A04394
S21401B9703343C6D1EB7A012B18D16A6840F20143F2
S21401B980934314BF002303230520EB72FFF772FFD6
S21401B990BDE7231F334302D118F057F8B7E704F188
S21401B9A07F433343AAD1EB7A022B0FD0042018F041
S21401B9B030F8ACE713F40063BAD1B8E70420FFF718
S21401B9C071FF4FF0006001F055F9A0E76B689A0728
S21401B9D006D50423EB722B8C013303202B84ABE7B3
S21401B9E013F02003F7D1F5E71019002001500100EC
S21401B9F00DD50155014B986A704700BF10190020FC
S21401BA0010B5064CA06A1CF08AF828B9A06A1CF08A
S21401BA1088F800F0010010BD0120FAE71019002097
S21401BA20014B986A1CF07FB810190020024B586829
S21401BA30C0F34020704700BF1019002010B504461F
S21401BA404FF40070FFF71EFF084B986A1CF06DF864
S21401BA5038B10CB9002010BD4FF40070FFF722FF7B
S21401BA60F8E7002CF6D00C20F5E700BF10190020EF
S21401BA702DE9F04F0468594D89B006468846002CDA
S21401BA8048D0A77920460C371DF0DDF927440A383F
S21401BA903C89B8F1FF3FA4EB000402D04445A8BF9F
S21401BAA04446B5F83890B0EB090713D4002C0EDDE8
S21401BAB06D6B36683D44FF2C224629463046A8BFAA
S21401BAC0FF221DF01EF9241A36680544F3D109B089
S21401BAD0BDE8F08FA9EB0009296BD6F800A0A145B7
S21401BAE0A8BFA14601EB000BC846B9F1000F0DD067
S21401BAF04246FF2A59465046A8BFFF221DF001F9CB
S21401BB00B8EB0008DAF800A08344F1D1A4EB0904ED
S21401BB104F44CBE7A86A03AA03211BF061FFBDF8D7
S21401BB200E700294A146E8620A3702AC09E023606F
S21401BB301B682B602368C3F800902368002F1C46FF
S21401BB4011DD2B68453F002BF1D101201DF0BBFA1A
S21401BB50034620600028F1D1019002A81DF0EEF8FE
S21401BB60019B3360B3E72B1D53E8003F43F0080306
S21401BB702A1D42E80034002CF5D14FF0006001F098
S21401BB8079F80298BDF81020437943F00103437118
S21401BB90069B30606B63059B2A872B638379BDF810
S21401BBA00E200C3303441C711A819DF80C20297A4F
S21401BBB09971072ADC711FBFAB8C0133AB846B8C88
S21401BBC00ABF012203F1FF331A714FF00A0118BFB1
S21401BBD06B841DF08AF8346853E700BF1019002003
S21401BBE02DE9F04187790C37C41986B0237913F013
S21401BBF0020805461BD1174E43F0020323716A461D
S21401BC00D6E90A011BF0F0FE2389B06A03336946C0
S21401BC10ADF804301BF0EAFE009BEB519DF90E00D7
S21401BC20FFF7DEFD6071B37A022B03D8E37106B02D
S21401BC30BDE8F0819DF81130012B04D0022B04D011
S21401BC402BB90423F2E70323F0E70123EEE784F898
S21401BC500780ECE71019002037B5124B00F00F04EF
S21401BC601B88ADF80430012C15D0022C15D18DF8A7
S21401BC7004400D4D6B6842F222000340A3420ED0F1
S21401BC80FFF700FE2046FFF70DFEA86A01A91BF08C
S21401BC9027FE03B030BD2024EBE70024E9E70020AF
S21401BCA0F7E700BFB8A30300101900202DE9FF41F4
S21401BCB0144C1746022300258046A06AE3720E46FE
S21401BCC0CDE9025509F0BAFD384602968DF80C50BA
S21401BCD017F0B7FE0090617AA06A02AB2A4609F017
S21401BCE0E9FD044648B94046FFF7B6FF3B46044621
S21401BCF02A460121304617F0A0FE204604B0BDE8D2
S21401BD00F08100BF1019002037B5144B00F00F0466
S21401BD101B88ADF80430012C14D0022C16D0002458
S21401BD200F4D6B6841F601000340A34213D0FFF7A5
S21401BD30A9FD2046FFF7B6FDA86A01A91BF0E6FD9E
S21401BD4003B030BD04238DF80430E9E78DF80440D4
S21401BD504FF40064E4E70020F2E700BFB8A3030055
S21401BD601019002038B5104CE37A23B10022114691
S21401BD70104617F061FE00252846E57217F064FEAE
S21401BD80A06A012203211BF033FDA06A2A46012185
S21401BD901BF02EFE8020FFF775FDBDE838404FF4FE
S21401BDA04050FFF77FBD00BF1019002008B5FFF710
S21401BDB0D9FF044AD38C0133D3840620BDE808405A
S21401BDC0FFF758BD10190020F8B51B4D6B685907D1
S21401BDD004D50420FFF756FDFFF7E8FF6B681A0746
S21401BDE00FD514F0D4FA0646FFF70AFD124F0446A3
S21401BDF024B101201DF067F90146A8B9304614F0B8
S21401BE00CCFA6B68DB0615D51020FFF73BFD00F07A
S21401BE1001FD78B114F0BBFA0446FFF7C7FF2046D0
S21401BE20BDE8F84014F0B9BA3846013C1DF077F881
S21401BE30E4B2DDE7F8BD00BF1019002010B50022FE
S21401BE40084C1046114617F0F7FDA06A09F0F6FCFB
S21401BE5017F0FDFD20461CF071FFBDE810400820DC
S21401BE60FFF710BD10190020014B986A1BF099BE10
S21401BE701019002038B5154CA37A8342054610D018
S21401BE80431E042B08D8DFE803F0030D1116180033
S21401BE90A06A0AF045F920B92846A57200F0A8FC68
S21401BEA0606138BDA06A17F0DBFDF4E70121A06AE6
S21401BEB017F0D8FDEFE70321F9E7FFF7B7FD0028F4
S21401BEC0EAD0A06AFFF7D0FFE5E700BF101900200F
S21401BED073B504460F4D408900F098FAA07B28728E
S21401BEE017F082FD6872E07B002600F00F00FFF776
S21401BEF0C1FF0096D4E90021A37BA86A1BF075FE5A
S21401BF0032463146304615F010F8206817F09EFD8F
S21401BF1002B070BD10190020F0B585B00023184E90
S21401BF2000938DF80C30C0F3401301278DF80E30C6
S21401BF30C0F3001304461546F7728DF8047002919B
S21401BF408DF80D30FFF7E0FE20B1042017F061FDFB
S21401BF5005B0F0BD284617F074FD717A03466A46AF
S21401BF60B06A09F0B3FC2A460646C4F38011384687
S21401BF7017F062FD14F0DAFF002EE6D1E8E700BF05
S21401BF80101900202DE9F043234D85B004460E46D6
S21401BF909046002110224FF0010968461F4685F899
S21401BFA00B901CF0F8FAA86A09F048FC00238DF8FB
S21401BFB00430E3060096CDF8088005D56B691B882A
S21401BFC08DF80D904344029300238DF80C303846CB
S21401BFD0C4F340138DF80E3017F033FD697A03462B
S21401BFE06A46A86A09F072FC28B1042017F011FD10
S21401BFF005B0BDE8F0832046FFF786FE3B460546C2
S21401C000C4F380120121304617F017FD14F08EFF9D
S21401C010002DEAD1ECE700BF10190020094B10B53E
S21401C02001220C46DA72FFF76FFE10B1042017F0FA
S21401C030F0FC22460021012017F0FEFC14F076FFEA
S21401C04010BD00BF10190020F8B5044614F06FFFAC
S21401C050A179E279114E521A0C3107460123B06AD2
S21401C060D2B221441BF0B6FCE579A379ED1A57FA52
S21401C07085F524680CB93561F8BDA179E279B06A15
S21401C080521A0C310023D2B221441BF0A3FCE379EF
S21401C090A2799B1A55FA83F5EBE700BF1019002029
S21401C0A0F8B50F4E02230D46F372FFF7D5FD044691
S21401C0B020B1BDE8F840042017F0ABBC284617F0C5
S21401C0C0C0FC2A4607462146012017F0B5FC717AC6
S21401C0D0B06A3B46224609F0DFFB0028E9D1F8BDED
S21401C0E010190020084B10B502220C46DA72FFF731
S21401C0F0B3FD10B1042017F08CFC2246002101206C
S21401C10017F09AFC10BD00BF10190020014B187BD8
S21401C110704700BF1019002068B1084B194653F844
S21401C120042F0AB18242FAD25B1A9B10013BDBB2A2
S21401C130034A137370470123FAE700BF94A3030071
S21401C14010190020014BD863704700BF101900205A
S21401C15073B50F4B0F4E9B7DFF2B044615D1ADF8E3
S21401C16004000023B06A8DF803300DF1030201A923
S21401C17009F090FF9DF80350B06A22462946F4F76D
S21401C1808FFA40EA052002B070BD034B1D78F3E735
S21401C190482F002010190020422F0020044BC2B265
S21401C1A0C0F30721986A82B002B0F4F7F9BA00BF6B
S21401C1B01019002010B50D4C0021A06A1BF076FB6B
S21401C1C00B49A06A1BF0DBFBFE21A06A1BF0C5FB36
S21401C1D0A06A09F077FD074BB3F910208242C8BF69
S21401C1E018821A8A9A805A8ADA8010BD101900209D
S21401C1F0422F0020482F0020F0B5154C85B0B4F929
S21401C2001070ADF80210ADF80420ADF806304FF00E
S21401C210C8124FF082136946CDE90223ADF800003B
S21401C22002AD04200B46B1F9002035F9026BBA4283
S21401C230A8BF3A46B242A8BF3246013821F8022BBF
S21401C240F1D103CB034BA060596005B0F0BD00BF30
S21401C250482F0020502F002073B50546F4F71CFB2D
S21401C260314E036833608388304CB3800023A3705B
S21401C270238033788DF80130FF2D18BF1D46A57534
S21401C2802B4DA86A0DF103030DF102020DF1010118
S21401C2901BF040FC9DF8013040B90133DBB20D2B99
S21401C2A08DF80130EDD9012002B070BDA27DFF2AC4
S21401C2B000D0A3758DF8053033709DF802308DF8E7
S21401C2C004300198FFF76AFFC828A8BFC8209DF868
S21401C2D003308DF8043020820198FFF75FFF154B7D
S21401C2E09842B8BF18466082B4F91000FFF730FFD5
S21401C2F0ADF804000198FFF751FF2082B4F912004F
S21401C300FFF726FFADF804000198FFF747FF4FF649
S21401C310FF73A382642360821A4618461946FFF704
S21401C3206BFF0020C0E700BF422F0020482F0020EF
S21401C330101900200CFEFFFF034A0346B2F906005F
S21401C3400BB1FFF755BA7047482F0020084B10B5C0
S21401C350B3F9044030B903EB4103B3F906309C420C
S21401C360A8BF1C46A242A8BF2246104610BD00BF69
S21401C370482F0020014BB3F912007047482F0020C8
S21401C380014BB3F910007047482F002073B50646DD
S21401C39013F0FDFF0C4D0446B5F91200B5F9103047
S21401C3A0B042B8BF30469842A8BF1846FFF7D0FE45
S21401C3B0ADF804000198FFF7F1FEE880204602B0D0
S21401C3C0BDE8704013F0E9BF482F002073B506465C
S21401C3D013F0DDFF0C4D0446B5F91000B5F9123027
S21401C3E0B042A8BF30469842B8BF1846FFF7B0FE25
S21401C3F0ADF804000198FFF7D1FEA880204602B0F0
S21401C400BDE8704013F0C9BF482F0020F0B5C0F357
S21401C410072585B0FE2DADF8040027D0144C9DF8F5
S21401C420047013F0B4FF637DAB4206460ED0114B89
S21401C43018689B88ADF80C300F4B029002A9986AD9
S21401C4408DF808501BF09BFAFF232375237DBB4212
S21401C45006D0094B3946986A1BF07FFA2775657531
S21401C460304605B0BDE8F04013F097BF05B0F0BD0B
S21401C470482F0020422F0020101900202DE9F047F8
S21401C480DFF8449086B007460E4614460DF10808BC
S21401C490A9F1100ACDE900980B4B3A468021504687
S21401C4A013F0D0FC0028F5D1102C254628BF102506
S21401C4B030462A4641461CF088F8641B2F442E4419
S21401C4C0E8D106B0BDE8F0871B31002030B589B051
S21401C4D0202269460D4DFFF7D1FF6A4604AB14468C
S21401C4E003CC9C4228606960224605F10805F6D116
S21401C4F0074C08AD1A4603CAAA422060616013467B
S21401C50004F10804F6D109B030BD00BF0B3100209C
S21401C5101B31002010B588B06946202011F05EFE60
S21401C520044630B96846FFF7D1FF034B012283F872
S21401C5302020204608B010BD0B31002070B5134BEB
S21401C54093F820308CB005460C460BB9FFF7E2FF96
S21401C5500023CDE90033CDE9023354B91C2221462C
S21401C56005A804941CF017F804A8FFF7AFFF0CB059
S21401C57070BD102C264628BF10262946324668462E
S21401C580FFF77CFF3544A41BE7E700BF0B31002013
S21401C5902DE9F047164B1D68D3F8048098FAA8F4E5
S21401C5A0B4FA84F404EB440293F8089006460F4666
S21401C5B005EB82054FF0010A4C4504DB4FF0FF34D2
S21401C5C02046BDE8F0870AFA04F313EA080F0BD0F9
S21401C5D0AB6803F00103B34206D10622294638466A
S21401C5E01BF0AFFF0028EBD001340C35E4E700BFA9
S21401C5F014250020014B00225A60704714250020A4
S21401C600F8B50446134D24EAE47413F0C0FE202C5A
S21401C6102B7AA8BF2024A342064605D10024304623
S21401C62013F0BBFE2046F8BD28682C7200276F6009
S21401C63010B111F04FFD2F602B7A002BEED00C209D
S21401C640604311F029FD28600028E7D128720724ED
S21401C650E5E700BF14250020044BD3F80120026053
S21401C6605B7903F01F030371704700BF2C31002074
S21401C670F0B5244B002918BF0B4614461268C3F8C0
S21401C680012022795A7100218BB019700125C1F35E
S21401C690C402CFB2A65C01F0070205FA02F2164206
S21401C6A007D01A7802F128066E44013206F8287C73
S21401C6B01A7001312529EAD11A7828B16946981DE0
S21401C6C01BF083FF0BB0F0BD002AFBD0053301261B
S21401C6D0C0F3C405C1B2675D00F0070506FA05F5AB
S21401C6E02F4208D1B1FBF2F502FB15110AAD55FA3E
S21401C6F081F111F8281C03F8011F01302528E7D124
S21401C700E0E700BF2C310020034B002818BF03468A
S21401C7100B449879704700BF2C31002082EA124200
S21401C7201FFA82FC8CEA010393FAA3F31BBA9BB2AD
S21401C73003EB031363449BB293FAA3F31BBA9BB2B6
S21401C74003EB031363449BB293FAA3F31BBA9BB2A6
S21401C75003EB03136344154A8CEA030C1FFA8CFCA3
S21401C760A2FB0C23ACEB030203EB52035B0903EBC6
S21401C770C30100B503EB81030D4AACEB03030028AC
S21401C78018BF0246C3F3C401114403F0070ED8B222
S21401C7904978012303FA0EF3194201BF13780CFB03
S21401C7A003F302EB134290795DF804FB4D91CFBA87
S21401C7B02C310020064B074A1A60074B074A1A60BD
S21401C7C0074B084A1A60084B084A1A60012070474E
S21401C7D068200020A33B030064200020DB3B03000D
S21401C7E060200020A13B03005C200020DD3B03000D
S21401C7F00528044B08BF03200622013802FB00303F
S21401C800704700BFBAA30300014B986D80B2704712
S21401C810005008400A4B586800F07060B0F1106F85
S21401C8200CD008D8B0F1E06F08D0B0F1006F14BF9B
S21401C830002001207047B0F1406FF8E701207047F3
S21401C84000400840431C07B5014606D00023CDE949
S21401C8500033034A034813F024F803B05DF804FBE1
S21401C860893C03004826002070B50E46154604464E
S21401C87010B302F05DFD08B3236813F4807F114BFB
S21401C8801CBF01221A70104A1B7814600F4A1660EA
S21401C8900F4A15601BB902F041FD02F015FD11F0BB
S21401C8A0EFFB02F0CFFB0B4B0B48197802F0D6FBDF
S21401C8B0BDE8704002F020B9212070BD40F204406E
S21401C8C0FBE700BF5831002034250020302500202A
S21401C8D02C250020F731002099E002002DE9F041D7
S21401C8E086B011F0A1FB974B974D1A789749112006
S21401C8F011F0CAF92B685A685423B2FBF3F20023ED
S21401C90092B25121184611F055F90446002840F01C
S21401C9100A8111F013FA12F0A4FF044612F0A3FFE5
S21401C920844240F2CF8012F09CFF81B200230122A4
S21401C930102011F03FF90446002840F0F480844BA3
S21401C9401968844B186808F01FFC00F05FF904466C
S21401C950002840F0E8802B681C7F002C00F0B58092
S21401C960102C28BF10241CF035F9621C81B200235C
S21401C970D2B2082011F01EF90446002840F0D380F8
S21401C980754A76490A2011F049F80446002840F015
S21401C990CA8010F0C9FE04AA0221322000F00CFA67
S21401C9A028B9BDF810104FF0FF301BF011F86E4695
S21401C9B00023324606212C208DF8063000F0FCF9C3
S21401C9C058B9304617F00DFF08B130287FD13C200A
S21401C9D000F010FA2C2000F00DFA9DF80630190729
S21401C9E040F1868096E80300ADF80C10090C029021
S21401C9F08DF80E109DF8063013F0280F07D1DDE9EB
S21401CA000201ADF80410090C00908DF806102B6891
S21401CA101869002840F081802B68586900F03CF9BD
S21401CA202B6893F82220D20700F1818012F0C9FF0B
S21401CA3002A902460746286817F02AF90446002884
S21401CA4071D109F0E1FC12F001FF044600286AD119
S21401CA50012000F0D1FC424B18681CF097FC0446FC
S21401CA60002860D118F025FC044602F023FF80461A
S21401CA7017F08CFF41460246204616F045F804465C
S21401CA80002850D12B681B689B050CD4B7F5FA7F9C
S21401CA9009D913F075FC01210746084612F093FFE9
S21401CAA0384613F071FC2B689A692E4B1A6017F002
S21401CAB039F92D4B1860304600F036FD2B4810F042
S21401CAC0A7FF30E012F0CFFE2FE704244BE704AABD
S21401CAD001213C2000F070F940B99DF81030012B7F
S21401CAE014BF492372238DF8063076E74923FAE707
S21401CAF0F5F7ECFCCDE90401030C8DF80A30BDF81E
S21401CB001530ADF80B309DF817308DF80D304923F0
S21401CB10ADF808008DF80E306CE717F0ABFD044653
S21401CB2000283FF479AF204606B0BDE8F08193F8BF
S21401CB30230018F0A8F800283FF478AF40F20C4420
S21401CB40F1E700BFF73100203425002099E002000C
S21401CB509427002098270020293D0300253D030047
S21401CB60302500206C2600206826002045C80100DC
S21401CB700248002203211BF0D2BF00BF002700207D
S21401CB80F8B5114817F088FFE0B917F0CBF80F4D4C
S21401CB900D4E286006F10C07286817F0D6FD10F038
S21401CBA0FFFD0446304617F073FF10B938461CF0F7
S21401CBB0C5F802F007FB08B9002CEDD1BDE8F84036
S21401CBC017F0E3BEF8BD00BF500C00206826002019
S21401CBD008B5054B1B782BB917F03CF8B0FA80F076
S21401CBE0400908BD0020FCE75731002010B5054C70
S21401CBF001232370044B1B6803B19847002323705D
S21401CC0010BD00BF573100206C2600200D4B984206
S21401CC100DD8023B984210D870B1023B98420ED014
S21401CC2020F0704020F4604000F590607047064B9D
S21401CC309842F5D140F21C4070472120704740F2DF
S21401CC401B4070470AE000F00BE000F0024B4FF08B
S21401CC5080525A60704700BF00ED00E0044A00238E
S21401CC6052E8000F42E800310029F9D1FBF7CCBDAC
S21401CC7074260020064A52E8003F034342E800318A
S21401CC800029F8D1034B1B6803B11847704700BF52
S21401CC907426002070260020034B002814BF02468D
S21401CCA01A46024B1A6070474DCC010070260020D0
S21401CCB037B51C68E10705D517F03AFD1649174840
S21401CCC01BF035FFA20723D501F01EFBD0B9144D8A
S21401CCD0019013F05CFB044628461CF04DF80190C9
S21401CCE0204613F05AFB019890B143799B070CD468
S21401CCF001A802211CF022F9019801F0F5FA17F0BB
S21401CD00C6FCE6E717F0C3FCDEE701F0E1FAF6E75A
S21401CD10002003B030BD00BF640C002000270020B7
S21401CD207826002008B5054810F00AFD044B187057
S21401CD30BDE80840012110F013BD00BF740C0020AF
S21401CD405931002038B5044648B113F020FB21467E
S21401CD50054608481CF0D9F8284613F01EFB064B7A
S21401CD60022193F9000010F0FBFCBDE83840FFF704
S21401CD703DBF00BF7826002059310020F8B50C4B86
S21401CD800C4F04460E4638681968154608F0FCF93B
S21401CD90FFF73CFF50B9386833462A4644F48021F1
S21401CDA008F008FCBDE8F840FFF730BFF8BD00BF4B
S21401CDB09427002098270020F8B50C4B0C4F04460A
S21401CDC00E4638681968154608F0DEF9FFF71EFFAB
S21401CDD050B9386833462A4644F4802108F0FAFBF5
S21401CDE0BDE8F840FFF712BFF8BD00BF942700204A
S21401CDF09827002038B50A4B0A4D1968044628685A
S21401CE0008F0C2F9FFF702FF40B9286844F4802110
S21401CE101AF0C9FCBDE83840FFF7F8BE38BD00BFC0
S21401CE2094270020982700202DE9F043134B0E4647
S21401CE301968134B8DB005461868174608F0A4F913
S21401CE4080B9009733460A2202A9284608F0F6FB65
S21401CE500DF1080904464FF00008444505D1002CA1
S21401CE60EFD120460DB0BDE8F08359F8041B2846E3
S21401CE701AF099FC08F10108EFE700BF942700209B
S21401CE8098270020F8B50C4B0C4F06460C46386820
S21401CE90196808F079F9FFF7B9FE054648B9E24383
S21401CEA016FA82F2386842F4802246F48021FFF7AF
S21401CEB0BBFF2846F8BD00BF942700209827002016
S21401CEC0034B00221A609A80FF229A71704700BFB6
S21401CED07C310020064A1379834207D91268012360
S21401CEE08340134214BF0120002070470020704782
S21401CEF07C260020054A03461068002208B91A60FD
S21401CF007047C10748BF01324008F7E77C2600207A
S21401CF10014B1879704700BF7C260020102A2DE9A6
S21401CF20FF4706460F46154623D8DFF84C80DFF844
S21401CF304CA000244FF00109D8F8002009FA04F3A8
S21401CF40134213D046EA042040EA0A006A46E9B2D0
S21401CF5080B2FFF731FF48B92A46394668461BF0CA
S21401CF60F0FA18B960B204B0BDE8F0870134202C9D
S21401CF70E2D14FF0FF30F6E77C2600200080FFFF6D
S21401CF802DE9F3411D4E05460146062230461BF0AB
S21401CF90D8FA20B996F9060002B0BDE8F08100245F
S21401CFA0EF1CA0462046FFF795FFD8B13B88CDF889
S21401CFB000806946ADF80330E0B2BB788DF80530E5
S21401CFC019F075FD21280DD0A8B903222946684617
S21401CFD01BF0B7FA30B92B683360AB88B38060B208
S21401CFE0B071D9E70134202CDCD12B683360AB88D3
S21401CFF0B380FF23B3714FF0FF30CDE77C310020C3
S21401D000034B93F90630013301D1FFF759BF70473F
S21401D0107C310020F7B5044617F0DCFC631C39D1DF
S21401D02017F0ECFB4FF400410846FFF749FFFFF706
S21401D03029FF4B4B4B480025214620221D601BF043
S21401D040AAFA284602F0DCF9474D0446FF267CB9C9
S21401D0503720FFF7CFFE424A0C2143F6FF70FFF759
S21401D0608DFE404A20213820FFF788FE002017E079
S21401D07094F97530013305D02B7843B91321204636
S21401D08018F019F9204602F0BBF90446DFE784F8E8
S21401D0907560F7E72046FFF71DFF18B940F2064016
S21401D0A003B0F0BD6B4606220021204616F06EFE48
S21401D0B000283CD0492368468DF8063017F0A2FBBD
S21401D0C02A484FF47F4140EA04200840FFF7DAFE81
S21401D0D02349E3B201229A400B6823EA02030B605C
S21401D0E0234B93F90630A34201D1FFF7E9FE0B79F2
S21401D0F01C4A0020013B0546C1B2994221DBFF26AE
S21401D1000020D65402F07CF9174F0546002DA2D018
S21401D11095F97530A34205D13B78EBB91321284622
S21401D12018F0C9F8284602F06BF90546EEE76B469B
S21401D13006220121204616F029FE0028C0D07223BF
S21401D140B9E75656A64200D025B1551895F90150B3
S21401D150555401250130CFE785F87560E2E700BF39
S21401D1607C2600205C3100205A3100200080FFFF21
S21401D1707C3100202DE9FF41354C064601A8FFF71A
S21401D180B9FE2379019A93421ED86279012A40D1C9
S21401D19000274FF0FF383D4610E02368EB40D907E3
S21401D1A00BD5082202AB114668B216F0EFFD20B18E
S21401D1B0039B43453CBF2F469846013523799D4244
S21401D1C0EBD378B2FFF726FF236813F0010529D0C9
S21401D1D0002501220135202D18D002FA05F71F423D
S21401D1E0F8D13B432360A368194A013373610C21CC
S21401D1F043F6FF70A360FFF7C1FDA8B1236823EAD9
S21401D20007032360A368013BA36073614FF0FF35FA
S21401D21019E0022AFAD10F4A134413F9010D421CF0
S21401D220FBD0CFE70127DCE722790A4C013AD2B2DC
S21401D2302146601C1BF095F96DB22246202138204C
S21401D2402570FFF79BFD284604B0BDE8F08100BFBE
S21401D2507C2600205C310020F0B54A4C89B00025C0
S21401D26001AA04213F202570FFF7A6FD00B1019514
S21401D2702570454C019E22460C2143F6FF70FFF7B0
S21401D2809BFDC0B10D23A380019B2560032BA560E8
S21401D29011D803AD2A46142143F6FF70FFF78CFD23
S21401D2A048B995E8070084E8070022460C2143F6B2
S21401D2B0FF70FFF763FD019B042B06D004210DEBE5
S21401D2C001023F200191FFF759FD304A2021382005
S21401D2D0FFF772FD28B12D4820224FF0FF311BF0D9
S21401D2E05AF9237903225B00B3FBF2F3284A137041
S21401D2F0FFF7E6FD002523799D420DD3012E06D8C2
S21401D3003D20FFF777FD002523799D4215D317F0C1
S21401D3107BFA002009B0F0BD2368EB40DB070AD595
S21401D3206FB2082203AB1146384616F02FFD10B92E
S21401D3303846FFF76FFE0135DDE72846FFF7CAFDE1
S21401D340F0B16EB202AB04220C21304616F01EFD7F
S21401D35004280AD1029BC3F300238DF80C30012266
S21401D36003AB0C21304616F0E3FC0023CDE9033372
S21401D370CDE90533102203AB0D21304616F0D8FC5B
S21401D3800135C1E75A3100207C2600205C3100209F
S21401D3905B310020F8B5114B04461879104B00227A
S21401D3A01D46D1B2884205D913F9017BA74202F185
S21401D3B0010604D10B4B1B788B4202D9F8BD3246CD
S21401D3C0EFE70749481C1BF0CCF82C70BDE8F84085
S21401D3D0034A20213820FFF7D1BC00BF7C2600205D
S21401D3E05C3100205B310020014902481BF09FBBE5
S21401D3F0840C0020002700200A4B1022DA82282104
S21401D4006422C3E906124FF6FF721A8402225A609A
S21401D410002283F82B200F2283F82D0083F82C207E
S21401D420704700BF8826002038B502F095FD40B948
S21401D430094B1A6893F82A10243203464824994265
S21401D44000DC38BD04FB03F55559ED0601D4013364
S21401D450F5E70120F5E700BF8826002038B5104C17
S21401D46094F82B30D3B1626812F0010516D104F19D
S21401D470080004F06BF8FFF7D7FF78B194F82C306A
S21401D48008484EF6602253434FF482712A4610F044
S21401D490E9FA18B9636843F00103636038BD00BF59
S21401D4A0882600200027002022F00042052A10B519
S21401D4B00DD0B2F5827F13D0032A06D1114A5368E4
S21401D4C023F00203536002F04FFD002010BD0D4A09
S21401D4D01B88118D9942F8D1002313850120F5E7A9
S21401D4E0084B5A6893F82B4022F00102012C5A602F
S21401D4F0F4D102F08DFAFFF7B1FF204602F07EFD6F
S21401D500ECE700BF882600200048704797260020D9
S21401D510044890F82B1000F10F020830012918BFBB
S21401D5201046704788260020F0B4827912F0280F42
S21401D530034626D0144A0168C2F80F108188A2F863
S21401D54013108179517592F82A6011680025AE4250
S21401D55007DC5368F0BC43F004030320536002F079
S21401D5604DBD4C6A14F4404F08D1186808609F8876
S21401D5709879887144F008048F804C6201354831EF
S21401D580E5E72120F0BC7047882600204379024A4F
S21401D5909B09D05C704700BFECA303000B6810B575
S21401D5A003608B888380FF2A044602D10723A37178
S21401D5B009E0032A08D8054B9B5C8371072B02D12F
S21401D5C0FFF7E4FFA07110BD0023F0E7F0A303000E
S21401D5D08379024A03F00703D05C7047E4A3030093
S21401D5E010B582798B79094C02F0070203F0070324
S21401D5F0A25CE35C9A4206D106221AF0A2FFB0FAB8
S21401D60080F0400910BD0020FCE700BFDCA303004A
S21401D6107FB5134B03930E4605460446A0B117F09B
S21401D62052FF78B900223146204618F081F80228C8
S21401D63007D10123009303AA04233146204616F09E
S21401D6407CFC0DB104B070BD204617F00BFF0446FC
S21401D6500028F7D017F037FF0028F5D1E2E700BF22
S21401D6600100FFFF2DE9F04F97B08346099117F0AF
S21401D67070FE099883790C33C518C45C1BF0E3FB74
S21401D6801E2C099F064624D8012C26D9C54BE340FB
S21401D690DA0722D5384697F806801BF0D4FBBBF88C
S21401D6A00A2083B29A4228D214F0010240F0A180E7
S21401D6B004F07F03522B00F09C801E2C00F0998012
S21401D6C0099B009321460423584617F081FB212429
S21401D6D00CE004F07F03522BDCD021460097062392
S21401D6E00022584617F074FB41F20614584617F00C
S21401D6F035FE204617B0BDE8F08F4744013B3A7B24
S21401D7001E2A9BB242D8012ACED9023A1C2ACBD86D
S21401D71001A151F822F000BFA9D70100A9D6010046
S21401D720ADD70100A9D60100A3D70100A9D60100F3
S21401D73099D70100A9D60100A9D70100A9D60100F1
S21401D740ADD70100A9D60100B1D70100A9D60100C5
S21401D75099D70100A9D60100DFD70100A9D601009B
S21401D760A9D60100A9D60100E3D70100A9D6010078
S21401D770E7D70100A9D60100A9D60100A9D6010064
S21401D780A9D60100A9D60100EBD70100522A26D05E
S21401D790D22A89D10D2B05E0062B0FD0142B83D16D
S21401D7A00CE0052B80D909E0022BF8E7042BF6E7FD
S21401D7B0032B7FF679AFDB073FF576AF022C00F03F
S21401D7C0F380DBF800309B689F0516D40BF144000C
S21401D7D01BF0B4FA099BCBF84430002486E7012BF2
S21401D7E0E0E7032BDEE7012BD9E7002B7FF45CAFE4
S21401D7F0E4E709A81BF0A2FA69E71E2C584600F0D8
S21401D800928317F060FE0746002840F08280584653
S21401D81017F054FE00287CD004F07F03522B00F052
S21401D820BC80082C68D1B6B2152E14BF0220102079
S21401D830691D17F02EFE00285ED0DBF81430D807DD
S21401D84049BF23F0010343F00103CBF814303946F6
S21401D8505CBFCBF814300121584617F04BFE0998EF
S21401D8600D9017F023FAB0F80180B0F80390044643
S21401D8700D981BF0E8FA152814BF0225102505346B
S21401D8802146284603F072F821460390284617F0F1
S21401D89000FE0490B8F1000F00F04481C84500F284
S21401D8A041810D9A0221092017F023FABBF80A706C
S21401D8B0023FBFB282463E4640464FF0FF35039ACE
S21401D8C0494618F0E7F80446002800F06D8117F085
S21401D8D0B4FE002800F0858101222146584617F043
S21401D8E056FF03468DF82E00002800F020810D9A81
S21401D8F0009222460821A4E0DBF8143013F001065A
S21401D9003CD023F00103CBF814300021584617F021
S21401D910F1FD1E2C63D8032C66D9231F142B63D864
S21401D92001A252F823F000BFFDDB0100E9D9010096
S21401D930E9DC0100E9D901005FD80100E9D901005D
S21401D940CFDD0100E9D90100EDDD0100E9D90100D3
S21401D95003DE0100E9D90100F5D90100E9D901008A
S21401D960F7DE0100E9D90100E9D90100E9D9010092
S21401D97013DF0100E9D901001DDF010043F00103B7
S21401D980CBF814300121584617F0B4FD0096122347
S21401D99032462146584617F01BFA09A81BF0CEF965
S21401D9A01BE700BF54554541099D934C284617F087
S21401D9B07DF92188B0F801602A46584617F01DFA0D
S21401D9C02388BBF80A10B34228BF3346172BB8BFCB
S21401D9D01723ABF80A30584617F0A7FCFDE6522C81
S21401D9E000F09082D22CD8D0099B00930022062307
S21401D9F0214626E0099F384617F058F90546B0F843
S21401DA000180B0F803A038461BF01DFA152805F171
S21401DA1005010CBF2046022002F0A8FFB5F805302C
S21401DA2004900793B8F1000F07D0D04505D818F039
S21401DA3088F950B90097102301E000970123424668
S21401DA401021584617F0C4F9C7E63A4602211120BC
S21401DA5017F04FF9BBF80A3003939E1E063B9BB2A4
S21401DA600590B6B244464FF0FF350893049A5146E6
S21401DA70204618F00FF8814668B3079A514618F009
S21401DA8056F80446484617F0D8FD40B94FF6FF73DE
S21401DA909C4201D00134A4B25445E7D91BE04FF0B3
S21401DAA00003ADF834300DAA0CAB4946584617F0C2
S21401DAB00BFF039ABDF834300690053A9A42089A4D
S21401DAC0D8BF1346002DADF8343009DB9D4202D194
S21401DAD0EB1CB34208DB691C1CD100970A23AEE796
S21401DAE0351F9D42A8BF1D46042211A93846ADF830
S21401DAF04490ADF846401BF0E4FB06992A463846AA
S21401DB001BF0DFFB043E4FF6FF73761B9C42B6B25A
S21401DB10C0D1E0E7059B04355D703946584601F0F3
S21401DB2063FD5AE60D9B009301234246E2E6049B01
S21401DB3013B1204617F065FD204617F096FDD8B1C3
S21401DB40002D54DC0DA81BF0F9F8082358468BF875
S21401DB501C3050F80C2B92F870208DF844208DF86C
S21401DB60483011AA002340F20251ADF84640ADF804
S21401DB704A301BF018F830E6ADF844000DF12E03DC
S21401DB8011AA2146584617F09FFEBDF8443005906D
S21401DB90BB4228BF3B46002DADF844300ADBAB4202
S21401DBA002D16B1CB34209DB6A1C0D9B1FD100938B
S21401DBB00A23BAE7B51E9D42A8BF1D4602220CA93C
S21401DBC00D98ADF830401BF07CFB05990D982A4660
S21401DBD01BF077FB023E4FF6FF73761B9C42B6B2F4
S21401DBE0E2D0601C80B28145BFF469AEDCE7023545
S21401DBF00D998AF8015091E7F40F0020DDF8249082
S21401DC00484617F053F8B0F80180B0F80330049393
S21401DC10B8F1000F41D098453FD84A460221052069
S21401DC2017F067F8BBF80A400590023C4FF6FF77FD
S21401DC30A4B24546BA462946584618F006F8504555
S21401DC40064649D04FF400622946584617F09FFD14
S21401DC5000283CD1304618F090F800280CBF02236B
S21401DC601023574503931ED0304618F086F80690C9
S21401DC70384618F082F8069B834203D1039B013392
S21401DC80A34211DB384618F078F8059B013058702E
S21401DC901946584617F085F89FE5CDF80090012300
S21401DCA042460421CDE637460DF146013046ADF831
S21401DCB0445002F0B1FE039B11A99A1C48461BF082
S21401DCC000FB039B023CE41A5545A4B2DAD0049B40
S21401DCD00135ADB2AB42AED24FF6FF739F42D1D102
S21401DCE0CDF800900A23DBE7DDF82490484616F0CD
S21401DCF0DDFFB0F803A0B0F80530B0F8016003937B
S21401DD00074648461BF09FF8C51FADB20024102DEC
S21401DD100C9458D82A46F91D0DA81AF056FC002E68
S21401DD2053D0564551D84A460121072016F0E1FF47
S21401DD30A046074633460A249A45049307D9BBF8FA
S21401DD400A00394616F0B8FF0328049B04D8B8F138
S21401DD50000F1AD039469CE7ADF84430039BADF866
S21401DD6048300DAB13930BAA0DF12E0311A958469B
S21401DD70ADF846A0ADF8505017F005FF0A28044646
S21401DD80E5D0BDF82C3030B11E46CDF800902346C4
S21401DD903246062155E6ADF83030BDF82E30ADF8E6
S21401DDA032300CAA0423BBF80A00394616F08FFF5E
S21401DDB0BDF82E304FF6FF729342CBD001339BB2A3
S21401DDC04FF00108B8E70424DFE70124DDE7099CEA
S21401DDD00A238BF81C30204616F068FF23460022E3
S21401DDE0B0F80110584616F078F9F6E4099C20467A
S21401DDF016F05CFF0C238BF81C30B0F8032023468A
S21401DE00EEE7DDF82480404616F050FF0546404612
S21401DE101BF019F80023441EBBF80AA08DF8343015
S21401DE2061D014F001075ED1204610F035F90646A0
S21401DE3000285ED00AF1FF332246691C03931AF0CC
S21401DE40C4FB424601210F2016F053FFB146049051
S21401DE50002C04DC304610F03DF9049919E739F836
S21401DE60025B01222946584617F091FC023C8DF8C8
S21401DE70340068B9284617F002FB10B1284617F09F
S21401DE80C0FB284617F0F1FB60B180238DF83430D3
S21401DE90304610F01FF99DF83430CDF800802A4640
S21401DEA00E21CEE50DAB294611AA584617F00CFDFA
S21401DEB09DF834300146002BEAD1039BBDF844207F
S21401DEC0DB1B9A42C2BF0AF1FF33DB1BADF84430BD
S21401DED0BDF8442040461BF0F4F9BDF844309842A2
S21401DEE0B8D31F44B4E7042300258DF834302E46FA
S21401DEF0CEE71123F8E7099AB5F80110584616F04F
S21401DF008AF96AE4099AB5F80110584616F0DEF95E
S21401DF1063E40999584616F018FA5EE4697858469B
S21401DF2016F07EFA39E516F09BFA36E57FB5174A04
S21401DF301368064623F0080342F60520136017F01F
S21401DF40E4FD054650B1684602F002FC002017F0D9
S21401DF5089FA044620B92946FFF75AFB04B070BD7A
S21401DF60102204F1210168461AF0EBFA38B10121BA
S21401DF70204617F0BFFA636923F0010363611EB1FF
S21401DF803146204617F092FE2046E0E76C27002037
S21401DF9007B5837801916A46082104488DF8003058
S21401DFA01AF001FE03B05DF804FB00BF0027002055
S21401DFB0054B0022C3E90322C3E905221A70DA6180
S21401DFC04FF6FF725A847047DC260020014B18601A
S21401DFD0704700BFD82600200D4B827813B55A60D3
S21401DFE0B0F8032091B2102910D040F60344A142A4
S21401DFF00CD041795B8C8DF80210ADF804200548F1
S21401E000ADF800306A4605211AF0CDFD02B010BD0C
S21401E010DC2600200027002073B5837901900C339D
S21401E020C418C35C132B0ED8042B10D9053B0E2B3A
S21401E0300DD8DFE803F01E0C0C1E0C0C0C0C0C1695
S21401E0401A0C0C0C2300302B13D03E2B1BD0FAF7E6
S21401E0504DF9019B834202D001A81AF06FFE02B06F
S21401E06070BD2046FFF7B8FFF1E70F4BE2785A6024
S21401E070EDE701A9204602F0A3F8E8E701A920464A
S21401E08016F087FCE3E7094E0025019B3BB156F8E5
S21401E090043B01A92046013598470E2DF5D101A86C
S21401E0A01AF04CFED3E700BFDC260020F4A30300E1
S21401E0B007B500F013F920B103B05DF804EBFFF7E4
S21401E0C0ABBF00F017F9019018B1054B1B681BB1E7
S21401E0D0984703B05DF804FB01A81AF02FFEF8E795
S21401E0E0D8260020024610B1022804D07047034803
S21401E0F003211AF014BDFFF7DBBF00BF0027002085
S21401E100024B1A78024B53F822301847DC260020BF
S21401E1102CA4030010B504460120FFF7F1FF034BC2
S21401E1201C70BDE810400020FFF7EABFDC26002087
S21401E13010B50621044642F2050016F0AEFA236831
S21401E140C0F80330A388A0F807300648FAF7F0F8BD
S21401E15016F0E7FA407920B116F0E3FA407940F478
S21401E160805010BD4923030010B5062104464FF622
S21401E170284016F092FA2368C0F80330A388A0F866
S21401E18007300648FAF7D4F816F0CBFA407920B1F2
S21401E19016F0C7FA407940F4805010BD258401007E
S21401E1A038B505460C4669B9022142F21B0016F045
S21401E1B074FAB5F86E30A0F803300D48BDE8384063
S21401E1C0FAF7B6B8122142F21A0016F066FAB5F856
S21401E1D06E30A0F803302146053004F1100351F8E3
S21401E1E0042B40F8042B9942F9D10248E6E700BF18
S21401E1F093250300CF25030001481AF0BDBD00BFDB
S21401E200EC2600202DE9F3410D46B0F86E10019280
S21401E21040F6FF73994205D101A81AF08FFD02B0AE
S21401E220BDE8F0811146134601229BBB1E481AF039
S21401E2306CFEFFF7E1FF04460028F0D01AF003FE5B
S21401E2406379A66803F001086FF30003074663715C
S21401E250042120461AF03BFF43798179B6F86E20F7
S21401E2608660044668F300030C314371DB43625455
S21401E270084403F00103C2F3032242EA0312427088
S21401E280478022463046294616F088FB2046FAF794
S21401E2905FF8CEE75C79986024F0030414435C7160
S21401E2A000221B68C1E700BFEC26002070B5074CB2
S21401E2B00546206800B970BD8368AB4204D1066884
S21401E2C00FF07AFD2660F4E70446F2E7EC2600201C
S21401E2D0014601481AF019BEF026002001481AF03E
S21401E2E04BBD00BFF0260020014601481AF00DBEC6
S21401E2F0E8260020034BD86818B103F10C001AF089
S21401E3003BBD7047DC260020044BDA6822B9586909
S21401E310003818BF0120704701207047DC26002016
S21401E3200138C0B20A289ABF014B185C002070471A
S21401E33034A4030007B506481AF01EFD0421019017
S21401E3400DEB01001AF0FAFD019803B05DF804FB2D
S21401E35004270020F7B5186810F0020003D0164E07
S21401E360316811B9012003B0F0BD00240422234610
S21401E3700DEB020001941AF0D7FCBDF80630DB075E
S21401E38002D4FFF7D7FF04460C4F002557F8043B8D
S21401E39023B1BDF804002146984748B13368002BE5
S21401E3A0E0D0074B022193F900000FF0D9F9D9E725
S21401E3B00135062DEAD1F1E70427002008270020C1
S21401E3C08331002010B509480FF0BAF9084B094906
S21401E3D01870002420200C600FF038FD064BC3E9AE
S21401E3E00044C3E90244C3E9044410BD940C002070
S21401E3F083310020042700200827002013B5C37AA4
S21401E4000093B0F80930D0F80520D0F80110007854
S21401E41001F050FC0446034800F0E2FE848002B09E
S21401E42010BD00BF2002040337B5FF230DF107001E
S21401E4308DF8073001F0ACFC044604489DF80750FF
S21401E44000F0CEFE8480857103B030BD2003040148
S21401E45038B54B795B0705460C460CD4142120468B
S21401E460054A16F09CFA2179204616F04BFB10B9A6
S21401E470A3791C44257438BD5CA403008378132B50
S21401E48010B50C4608D1054B1B6803B198472046CA
S21401E490BDE810401AF052BC10BD00BF2027002076
S21401E4A010B500210446007816F0B3F948B161783A
S21401E4B0207816F030FE0446034800F091FE848072
S21401E4C010BD0224F8E700BF2002560110B54178BE
S21401E4D0007801F02DFC0446024800F081FE84809D
S21401E4E010BD00BF200256022DE9F74FB0F802C05A
S21401E4F00C9F9DF934A0DDF838B01CF0100F0646CD
S21401E5001C4633D05FFA8CF51CF0080F184614BF72
S21401E51005F0080505F00F0516F0E9FE81463846B8
S21401E52016F0E5FE96F90F30019380465A461348D9
S21401E5307678042116F07AFB019BA0B1057122685A
S21401E540C0F80520A288A0F8092080F80B9080F872
S21401E5500CA0437386733B68C0F80F30BB88A0F8E5
S21401E560133080F8158003B0BDE8F08FCDE90DAB10
S21401E5700C9703B0BDE8F04F16F0F8B998A4030065
S21401E58010B50021421D0379044608461AF0C6FE5E
S21401E590024648B16188208815F0F8FD0446034814
S21401E5A000F01EFE848010BD1A24F8E720020A023D
S21401E5B013B50446007816F04FFF70B10023CDE97D
S21401E5C00033E278B4F8011015F099FF04460448C8
S21401E5D000F006FE848002B010BD2524F7E700BFD8
S21401E5E020020A0473B5B0F80140C678051D00780C
S21401E5F016F032FF60B1214600962B46002215F038
S21401E6005BFF0446034800F0EBFD848002B070BD5A
S21401E6102524F7E720020A0F08B54FF0FF30FEF772
S21401E620F9FC074B074A18684FF48021FEF7FCFBFC
S21401E630054800F0D5FD00230371437108BD00BFF6
S21401E64098270020FFFF040020020D0110B58178F5
S21401E6503829024609D832F8030BFEF78FFB044629
S21401E660034800F0BDFD848010BD4924F8E700BFD3
S21401E67020020D02F7B5174B174F1D6800230093B4
S21401E680164B06461968386806F07EFDFEF7BEFA98
S21401E6900735044688B9318838686B4601AA41F4C3
S21401E6A0802106F0B9FF80B90099FD2910D830887D
S21401E6B02A46C9B2FEF780FB0446009908482A4656
S21401E6C000F0DAFD848003B0F0BD40F21C44F4E7AC
S21401E6D01A24F2E7482700209827002094270020D4
S21401E6E020030D0310B50088FEF784FB044602489C
S21401E6F000F076FD848010BD20020D0408B50649A1
S21401E70006481AF014FA064906481AF010FA06489E
S21401E7100FF090FC002008BDAC0C0020282700203C
S21401E720BC0C002024270020A40C0020014816F071
S21401E730AFB900BF500C002030B5114B994285B0DF
S21401E7400D46144619D193000FD503A902A80FF060
S21401E7501DFA0823E1B20193039B00930022029B5A
S21401E76041F0005128461AF0C5F9064816F028FA75
S21401E77000B10471012005B030BD0020FBE700BFE9
S21401E7802427002020A5030022F00042B2F1A04F6A
S21401E79008B504D1034816F013FA012008BD00207D
S21401E7A0FCE700BF24A5030070B5FFF7BFFF90B1DB
S21401E7B0FEF7AAFE002604462046FEF709FF054698
S21401E7C0064800F00DFD86802268C0F80620A28863
S21401E7D04281057370BD024C0226EDE72009011542
S21401E7E0FCA403000A4B10B50020187100F008FEC7
S21401E7F004463CB901F01CFCBDE81040054906483A
S21401E8001AF0B9B9204616F05AFD6468F1E700BF60
S21401E810602F0020CC0C00200027002070B50020BF
S21401E82000F0EEFD084D0446012604B970BD94F8CB
S21401E830723033B12E7116F0A6F81321204616F069
S21401E8403AFD6468F1E700BF602F002038B50A4C36
S21401E85000232360A38003682360207816F027FD39
S21401E860054630B9054806491AF061F9608801F095
S21401E870F5FB284638BD00BF602F0020002700208A
S21401E880CC0C002022F00042B2F5887F2DE9F0473B
S21401E8901C4600F0E2800ED840F203139A423CD0A8
S21401E8A040F209139A4200F0C2800E2A00F0B380AB
S21401E8B00020BDE8F08740F207239A424AD0B2F51D
S21401E8C0037F59D040F206239A42F1D120684C309A
S21401E8D0FEF77EFE2568A48895F8736095F870A00B
S21401E8E095F9759095F876800746604816F068F9B0
S21401E8F00028DDD0EB6C4360B5F850300381731E01
S21401E9005E425E418772C67280F80CA080F80D9058
S21401E91080F80E80A0F80F40CAE7207800F062FD6C
S21401E9200028C5D0524894F80090B4F80280A78811
S21401E930E688257A648916F043F90028B8D080F86D
S21401E9400490A0F80580A0F80770A0F80960C572C9
S21401E9508481ADE7207800F045FD0028A8D06078D6
S21401E9602578FFF7DDFC0446424816F029F9002811
S21401E9709ED0057144719BE7A578012D1DD0022D0F
S21401E9802BD0C5B9E37894F8008094F904706679C1
S21401E990394894F90640023BDBB2022B9ABF374A4C
S21401E9A0D55C012516F00CF928B180F80480457174
S21401E9B08771C671047201207BE7E37894F80080C2
S21401E9C094F9047066792E4894F90640023BDBB24E
S21401E9D0022B9CBF294AD55CE4E7E378294894F8E2
S21401E9E00180277894F90490667994F90640023BF1
S21401E9F0DBB2022B96BF214A0125D55C16F0E0F862
S21401EA000028D8D0A0F804808771C57180F80890D6
S21401EA1046728472CFE723461B4813F8014B08223F
S21401EA20002116F0DEF80028C5D00471C3E71748A8
S21401EA3094F800806788A688E588248916F0C0F8CF
S21401EA400028B8D080F80480A0F80570A0F8076008
S21401EA50A0F80950A0F80B40ADE70D481C7816F059
S21401EA60AFF800283FF424AF047121E76CA503003A
S21401EA7068A5030060A5030058A5030028A50300A8
S21401EA8054A503005CA5030050A503004CA5030094
S21401EA9064A5030010B5007800F0A4FC40B1132172
S21401EAA016F009FC0446034800F09AFB848010BD6A
S21401EAB02524F8E72002060570B5144606460C4ADA
S21401EAC020460D46142115F06AFF2179204616F0DE
S21401EAD019F858B9A3790C331C44064BA6711B7957
S21401EAE0A5801BB1BDE8704015F04EBF70BD00BFDC
S21401EAF048A50300602F0020024B1A68024B002035
S21401EB005A6070472C250020500C002010B5FDF7E8
S21401EB10E5FE044630B9044815F090FF044608B9EE
S21401EB20FEF726F8204610BD500C002073B522F0E3
S21401EB3000421C4640F20A639A4208D8B2F5C06FFA
S21401EB4008D8042A49D00D2A4FD0032A1ED0002007
S21401EB5002B070BD6FF4C0631A44092AF7D801A346
S21401EB6053F822F04FEC0100FDEB010021EC01000F
S21401EB7031EC010047EC01004FEB010067EC0100AE
S21401EB807DEC01009DEC0100EBEC010001A8F3F720
S21401EB907FFC5748BDF8044016F012F80028D6D07E
S21401EBA000234371C3714372C37203734373837348
S21401EBB0C3732623072283746FF048030271C3745C
S21401EBC001226FF040038271027203756FF00B022F
S21401EBD05123827204824375B9E74648246815F0CA
S21401EBE0EFFF0028B3D08480B1E72346042253F810
S21401EBF0044B4148002115F0F4FFF2E7207800F0BD
S21401EC00F1FB0028A3D03D48267894F90150A4785A
S21401EC1015F0D6FF00289AD006714571847196E7E3
S21401EC202478374815F0CCFF002890D004718EE781
S21401EC3025783448646815F0C3FF002887D005712D
S21401EC40C0F8054083E725782F486468F3E72F4826
S21401EC502578646815F0B4FF00283FF478AF057195
S21401EC60A0F8054073E72A482578646815F0A8FFE0
S21401EC7000283FF46CAF0571447168E76378254856
S21401EC8024780D2B96BF244A0125D55C15F098FFF4
S21401EC9000283FF45CAF0471457158E763781F485C
S21401ECA026780D2B98BF1C4A4FF0000198BFD55C03
S21401ECB06368A27888BF012515F093FF08B1067135
S21401ECC045716378012B3FF642AF8DF80430134847
S21401ECD0247801AB0122002115F083FF00283FF4C0
S21401ECE036AF01230471437131E724780C4899E764
S21401ECF0B0A50300A8A50300ACA5030094A50300D6
S21401ED009CA50300A0A5030098A5030090A50300F9
S21401ED108CA5030088A5030070A5030084A5030045
S21401ED2080A5030002481422002119F034BC00BF5C
S21401ED302C27002070B51C4C054611F028FB637982
S21401ED405B0706460ED414212046184A15F027FE06
S21401ED502179204615F0D6FE20B13046BDE8704038
S21401ED6011F01BBBA3790C3323442DB91A79FF2A62
S21401ED70F3D001321A71F0E7012D05D15A79FF2A35
S21401ED80EBD001325A71E8E7022D05D19A79FF2AB4
S21401ED90E3D001329A71E0E7032DDED1DA79FF2A5A
S21401EDA01CBF0132DA71D8E72C270020A4A5030086
S21401EDB00428024B28BF0020185C7047B4A5030046
S21401EDC038B50546084800F087F9044648B900F00A
S21401EDD0D9F904461DB1054B1B689B792B7000F0D1
S21401EDE0E9F9204638BD00BFC0A50300482700202A
S21401EDF02DE9F84380460D489DF820900F461646AB
S21401EE001D4600F069F978B9094B1C6884F804803E
S21401EE10C4F80570C4F80960A4F80D5084F80F9082
S21401EE20BDE8F84315F03FBEBDE8F883B8A503007A
S21401EE304C27002038B5054606480C4600F04CF92C
S21401EE4038B9054B1B681D715C71BDE8384015F07B
S21401EE502ABE38BDD0A503004C27002038B505468C
S21401EE6006480C4600F038F938B9054B1B681D7189
S21401EE705C71BDE8384015F016BE38BDC8A5030064
S21401EE804C27002010B50446054800F025F930B996
S21401EE90044B1B681C71BDE8104015F004BE10BD84
S21401EEA0D8A503004C27002010B5134604460A4691
S21401EEB00648012100F020F930B9054B1B689C80FB
S21401EEC0BDE8104015F0EFBD10BD00BFF8A503006A
S21401EED04C2700202DE9F041804611480F46164682
S21401EEE01D4600F0F9F80446A8B90E4B1B68A3F8B6
S21401EEF0048000F047F90C4B044619680EB18A7974
S21401EF00326035B18A79BA4208D80731284619F0F5
S21401EF105CFB00F04FF92046BDE8F0811D24F8E7C0
S21401EF20F0A503004C2700204827002010B5044612
S21401EF30054800F0D1F830B9044B1B689C80BDE849
S21401EF40104015F0B0BD10BDE8A503004C27002009
S21401EF5008B5044800F0C0F818B9BDE8084015F037
S21401EF60A2BD08BDE0A5030038B505460C46074816
S21401EF70012100F0C1F838B9054B1B689D80DC8083
S21401EF80BDE8384015F08FBD38BD00BF10A60300A0
S21401EF904C27002070B5064608480D46144600F07A
S21401EFA09BF848B9064B1B681E71A3F80550DC7127
S21401EFB0BDE8704015F077BD70BD00BF08A6030020
S21401EFC04C27002038B505460C460748012100F0BD
S21401EFD093F840B9054B1B681D71A3F80540BDE8C1
S21401EFE0384015F060BD38BD00A603004C27002050
S21401EFF070B505460B480E4600F06EF8044678B923
S21401F00000F0C0F8084B04461B6825B1D3F806206B
S21401F0102A605A89AA800EB11B7B337000F0CAF8A9
S21401F020204670BD18A6030048270020044A034660
S21401F030106810B102789A4200D170470069F8E76B
S21401F0404427002008B515F0F7FCFFF76BFE024BCE
S21401F05000221A6008BD00BF4427002038B5104DB5
S21401F060104A044628461AF0B3F94FF48270A047B6
S21401F0700D4B01461860287818B14FF482721AF0C9
S21401F080AAF94FF48270A047084B01461860287809
S21401F09028B1BDE838404FF482721AF09CB938BDE9
S21401F0A08431002020A603004C270020482700209A
S21401F0B0084A136833B94178036141F00101417090
S21401F0C010607047197802789142FAD003F1100265
S21401F0D01B69EFE74427002010B5044618F0D2F963
S21401F0E028B9034B22681C60024B1B681A6010BDCE
S21401F0F0402700204C2700202DE9F84F04684FEAEE
S21401F100042A98460AF4E06AC4F307234AEA030A83
S21401F1100AEB0209B9F5807F83460F46154603D9E7
S21401F1201D263046BDE8F88F18F0ACF906460028D3
S21401F130F7D1124B24F47F44C3F800B024F0C7047F
S21401F1400F4B44EA19244FEA09291B681FFA89F96B
S21401F15044EA090443F8044B53442A4641461846F8
S21401F16019F033FA012F04D1FF2DD9D800F8015C2C
S21401F170D7E7022F08BF20F8025CD2E7402700201D
S21401F1804C27002008B5074B1A68074B52F8040BAA
S21401F1901968064B49681B689847054B1B68988891
S21401F1A008BD00BF4C27002040270020DC0C0020B3
S21401F1B048270020024B00221A6018F065B900BFEC
S21401F1C040270020054B186808B1C3681BB10038FA
S21401F1D018BF012070470069F6E700BF44270020EA
S21401F1E010B5034C23681860FDF700FD206810BDBC
S21401F1F048270020F8B504460D460146002017466C
S21401F20015F01BFCF2F780FA194E78BB194B1B68F8
S21401F2101C603368187058709870D870204615F0C6
S21401F220E6FB18B165B94368220E2BB90F250DE030
S21401F2305979914204D008331D68002DF8D1F5E7BD
S21401F2403846A84733681B684BB9012524F47F402C
S21401F25020F0C70040F40070FFF7C2FF85803268D7
S21401F260012052F8041B15F0E8FBF8BD1425EDE764
S21401F270482700204C270020F8B50502C0F30723D5
S21401F28005F4E0651D430F4B1B680E460433691EEB
S21401F29004465E5400F03807581811462AB101306A
S21401F2A0904202D0324619F05CF9240C240435440D
S21401F2B03C4344EA15242D02A8B22043BDE8F84099
S21401F2C0FFF78EBF48270020094B802283F80123D1
S21401F2D083F8042383F8052383F8062383F807239A
S21401F2E083F8082383F81D23A02283F8222C704775
S21401F2F000E100E04FF000531860BFF34F8F05495F
S21401F300054BCA6802F4E0621343CB60BFF34F8F2C
S21401F31000BFFDE700ED00E00400FA05034AD2F85D
S21401F320B03043F05403C2F8B030704700400E408E
S21401F330054BD3F8E80010F480501CBFD3F8EC005E
S21401F34000F00100704700BF0081E00F1C4A1368FF
S21401F35070B504460D466BB393F87D10586811F0EE
S21401F360040129D110608C22184693F8706019F0B8
S21401F37012F980F870602268C0F85A20A288A0F8B6
S21401F3805E20A27980F8602003462868D864AA79AE
S21401F390A98883F85220FF2283F8752083F8762007
S21401F3A040F6FF72A3F86E20064AA3F850101168C3
S21401F3B059601360184670BD1A1D0346CBE700BF9F
S21401F3C05427002050270020054A0346106800B93C
S21401F3D07047B0F86E209A42FAD04068F7E700BF4F
S21401F3E050270020054A0346106800B9704790F878
S21401F3F070209A42FAD04068F7E700BF50270020F5
S21401F40010B9024B186870474068704750270020B3
S21401F410114A00232DE9F0418C21136080460246F3
S21401F42001200EF0C7FB044620B90C4E054630609D
S21401F430A84502D82046BDE8F08101200EF038FC30
S21401F44007468C220021013519F0A5F887F870507F
S21401F45037603E1DECE700BF5027002054270020F0
S21401F46010B501238B4090F8711021EA030149B2CF
S21401F470044680F87110002949D115F08EFA20460D
S21401F48017F040FB102104F1180019F06AFF20461E
S21401F490FEF70CFF04F1380019F050FC204617F077
S21401F4A096FA214A13681BB19C42596830D1116003
S21401F4B0A36859050BD51A0509D443F40063A1893D
S21401F4C094F87000A36004F17802FFF7F5FA0023C0
S21401F4D06360204619F053FB15F0E2FB94F8703098
S21401F4E04FF48072B2FBF0F242430344B3FBF2F1F5
S21401F4F002FB1133DBB2591EC9B2FD29F5D884F8D7
S21401F500703000236360094B1A6852B91C6010BD45
S21401F5101A465B68002BCBD09C42F9D163685360D6
S21401F520C6E7131D5268F0E7502700205427002035
S21401F53010B5084C206830B9074BBDE8104018607C
S21401F54001200EF085BB436890F871102360FFF729
S21401F55087FFEFE7502700205427002090F87430EB
S21401F56003F00B03013BDBB20A2B9ABF014AD05CC6
S21401F570002070472EA603001FB5014690F8703094
S21401F5808DF80430FFF7EAFFB1F86230ADF80630C7
S21401F590B1F86430ADF80A30B1F866308DF80C0079
S21401F5A0ADF8083001AAB1F86C300548ADF80E3058
S21401F5B040F2031119F0F7FA05B05DF804FB00BF3D
S21401F5C00027002007B590F870308DF8051001AAC5
S21401F5D040F2072103488DF8043019F0E4FA03B02D
S21401F5E05DF804FB0027002038B50A4B1B6804466B
S21401F5F00D462BB143699B0702D515F0B4FE30B119
S21401F60020682A460421BDE8384017F08EB9A36960
S21401F6109D6138BD58270020014B1860704700BF18
S21401F62058270020024B1868003818BF0120704781
S21401F6305827002013B50446019120B901A819F0F6
S21401F6407DFB212012E008460029FAD019F0FBFBC9
S21401F65080B20028F2D0094B01991B6820464BB1B5
S21401F660984728B901992046FDF7FCFF02B010BD66
S21401F6700020FBE716F098FBF3E700BF58270020B1
S21401F68038B5436A5904044615D4134A92F82B2018
S21401F690012A03F400430FD1826A92040CD4002B92
S21401F6A001460CBF5320142014F0A5FB18B9636A59
S21401F6B043F00803636238BD002BFCD1074D20469A
S21401F6C02946FDF78DFF0028F5D12868AA88AB7971
S21401F6D02060A280A371EAE78826002097260020F2
S21401F6E02DE9F041164D85F82A0038B300EBC0002D
S21401F6F0C1000023012204200EF05CFA044650B932
S21401F70004200EF0D5FA48272860A04695F82A303E
S21401F710A34203DC00242046BDE8F0812E6807FBE7
S21401F720046614220021C6F8188006F1340018F089
S21401F73032FF304615F031FC0134E7E72860E9E78F
S21401F74088260020074B93F82A20824281BF1B6837
S21401F75000EBC00003EBC003586A8CBF00F0010049
S21401F760002070478826002008B50146FFF7EAFF0B
S21401F77040B1054B1B6801EBC10103EBC103586A9D
S21401F780C0F3C02008BD00BF882600202DE9F04F39
S21401F790384A93B05168074610680FAB03C39068A8
S21401F7A0354A1860146807EBC70304EBC30412AAB2
S21401F7B0E37B94F82E8094F82F6002EB430333F832
S21401F7C00C1C636ADA0447D4012641F01001B046E6
S21401F7D094F80D9094F83150C3F3404A5B0348BF48
S21401F7E04AF0020A8BB289F00809B8F1010F0B93AF
S21401F7F004F1070BD4E90723C9F3C00994F9324091
S21401F80009D0B8F1020F06D0B8F1040F14BF4FF0BB
S21401F81000084FF00308012E05D0022E03D0042E57
S21401F82014BF002603263846CDE90C23FFF79CFFBC
S21401F8300121CDE90760CDE90051CDE90548CDE9C3
S21401F84003BADDE90C230B99CDF80890384601F090
S21401F85021FB13B0BDE8F08FA26A950648BF41F0C0
S21401F8602001500648BF41F04001DA0348BF41F08D
S21401F8700401ADE73AA603008826002070B50C4BBC
S21401F88093F82A601C6800218E4202DCFF25284678
S21401F89070BDCDB22846FFF755FF28B1E37B012B9B
S21401F8A002D1636ADB06F2D401314834ECE700BFCB
S21401F8B088260020014B93F82A00704788260020EE
S21401F8C070B504461546FFF73DFFB8B10E4A1368FA
S21401F8D004EBC40403EBC403E6005B6A13F01004F4
S21401F8E00FD0C3F300330B7013683344DB7B5A1E0F
S21401F8F0042A04D8033B18BF01232B7070BD0023D4
S21401F900FBE72046FAE700BF882600203F4A70B58D
S21401F910146800EBC00304EBC3040646636A5B0786
S21401F92004D500231A46194601F096FB636A9D0723
S21401F93006D53046FFF72AFF636A23F002036362A7
S21401F940636A18070CD5A2792146C2F3C002304675
S21401F95001F020FB0546E8B9636A23F008036362F9
S21401F960304615F0CFFC0546A0B9626AD10611D51E
S21401F970D30404D5304614F03CFA40B11BE012061D
S21401F980E37B09D4E37B626A023B012B15D9616AEA
S21401F99048071FD4284670BD03F0FB03012BF6D0A1
S21401F9A02169304601F01CFB636A256123F0800360
S21401F9B063620028E6D00546ECE7D305E7D5616922
S21401F9C0304601F02BFB00236361636A23F48073E6
S21401F9D06362D2E7E37BA28D012B03D1A2B1802A19
S21401F9E028BF802211F0400F94F830304FF001010B
S21401F9F018BF0123304601F02FFB0028DBD1636AD4
S21401FA0023F004036362C5E74022EBE78826002063
S21401FA102DE9F041114D0024482795F82A30A342DC
S21401FA2001DCBDE8F081E6B23046FFF78BFE98B107
S21401FA30286807FB04F84044436ADA060CD55B04E1
S21401FA400AD4FFF71DFE2B68434430465A6A42F03B
S21401FA5006025A62FFF75AFF0134DEE788260020C5
S21401FA602DE9F04FDFF84892D9F8004000EBC003CB
S21401FA7004EBC30404F1100A89B0804650460E46D2
S21401FA80174619F05BF904F114031846029319F0AE
S21401FA9055F9002019F017FB0546002800F00381F0
S21401FAA0012F40F2726718BF1F27012EA6735CD084
S21401FAB0022E0CBF062604260221284615F091FACE
S21401FAC00121284615F08DFA3146284615F089FAA7
S21401FAD0284619F0B8F986B2B91B012300930A2209
S21401FAE042F6072389B2284615F0CBFA0644B6B289
S21401FAF0B91B04230093122242F6042389B2284636
S21401FB0015F0BFFA0644B6B2BB1B012B069503934C
S21401FB102DDC002399F82B20002A00F0A480504603
S21401FB2019F00CF9636A256143F080026262DB0416
S21401FB3000F1AB8099F82B00002840F0A68019F060
S21401FB40C2FA0790002800F0A080394615F054FA52
S21401FB50002800F0A4800298079D19F0EFF8636A68
S21401FB60656143F4807363628FE00526A4E7002095
S21401FB7019F0A9FA07900028CBD0BB1E9B1B0221C7
S21401FB801FFA83FB00F0E2FF8345064611D22BF0F5
S21401FB9001018AB2411A07A8049219F0F6F9049AEB
S21401FBA0164602223EB90798F0B907A819F0C6F81A
S21401FBB0AFE70322F6E7711C06980492C9B215F066
S21401FBC010FA049A0698114615F00BFA079906A83A
S21401FBD019F055FA002019F076FA0790002836D069
S21401FBE0ABEB06031FFA83FB5B46022B38BF0223EF
S21401FBF09A1E92B20F2A31D91021049200F0A6FF64
S21401FC00049A824203461FD222F00F018AB293461B
S21401FC10411A07A819F0B9F95B460622591C06983D
S21401FC200493C9B2059215F0DCF9059A06981146B7
S21401FC3015F0D7F9079906A819F021FA049BB21C0A
S21401FC4013449BB23EB965E740B10722E6E707A831
S21401FC5019F074F8334602339BB25BE707A819F034
S21401FC606DF83346EEE7039AD11A89B2284615F0A5
S21401FC70C3F90646504619F061F8636A256143F0F8
S21401FC8080026262002E3FF452AF606A10F01000EC
S21401FC900AD0404609B0BDE8F04FFFF737BE07A8C7
S21401FCA019F04CF8F1E71A2009B0BDE8F08F00BF53
S21401FCB08826002070B5054614461E46FFF742FD0D
S21401FCC030B3144B186805EBC50500EBC500426A56
S21401FCD093050BD4A1F120054FF6DF739D4217D88B
S21401FCE0A4F120059D4213D8A14211D8C3698B42C5
S21401FCF002D1036AA34204D0C0E9071442F002020B
S21401FD0042629DF8103080F830308685002070BD44
S21401FD102120FCE788260020044A116800EBC00376
S21401FD2001EBC301CA7B15F005BA00BF8826002087
S21401FD30F8B505460C46FFF705FD28B3052923D877
S21401FD40124E336805EBC50203EBC203D7001869F0
S21401FD5019F079F81F2817D833683B44586919F009
S21401FD6072F81F2810D8012C0ED0231F012B0BD997
S21401FD703168394422464B6A23F482534B62284643
S21401FD80BDE8F84015F0D6B92120F8BD8826002038
S21401FD9070B50546114890F82A400368002294423F
S21401FDA001DC1A2016E0596ACE0714D493F839609C
S21401FDB0760710D40A4CD0F80F00A688186041F0D8
S21401FDC00901A0799871D4B29E8059622046FFF746
S21401FDD0DDFC2C7070BD01324833E0E78826002038
S21401FDE09726002070B5FFF749FDFF28044615D079
S21401FDF00B4D03B2286803EBC30300EBC300DE0020
S21401FE00436A23F01003436215F0BDF829683144B4
S21401FE1020463431BDE87040FEF71ABB70BD00BF06
S21401FE20882600208378122B2DE9F0410F464BD10E
S21401FE300B689A790C321344DD781E790DB145F4BE
S21401FE4080553046FFF77EFC48B3DFF88080D8F84F
S21401FE50002006EBC604E10002EBC404636A23F04B
S21401FE601003636205BBA369A56140F2032083F812
S21401FE707660A3F872005058A188A279C3F85A0098
S21401FE80A3F85E1083F8602008F12E01184600F0F2
S21401FE9009F92222294608F12E0018F07CFB384683
S21401FEA0BDE8F04118F04ABF204615F06CF8636AC9
S21401FEB05A0603D523F040036362F0E704F13401E8
S21401FEC03046FEF7C5FAEAE7BDE8F081882600204D
S21401FED073B5144D144C6A68236802F0800103F070
S21401FEE002030B431BD0530654BFA67A0126FDF727
S21401FEF00FFB0196837983F00803C3F3C0030093D5
S21401FF00E388A288217A607A00F080FF40B92368EE
S21401FF1023F0020323606B6823F080036B600020EC
S21401FF2002B070BD882600205C270020064B012108
S21401FF30A3F108020020C3E9000043F8081C4FF0B3
S21401FF40101353605172704764270020014B187BD1
S21401FF50704700BF5C270020024BD87A003818BFD4
S21401FF60012070475C27002070B5224E716811F0A1
S21401FF7002013AD1204D2B68580706D5084600F0F5
S21401FF806BFF2B6823F004032B602B68726803F069
S21401FF90080302F00402134310D0FDF7B9FA83797F
S21401FFA01A071FD5FEF7E0F80446C8B92B6823F0F8
S21401FFB008032B60736823F004037360FFF788FF60
S21401FFC0044668B9EB7A5BB12B685B0708D401215C
S21401FFD0084600F041FF50B92B6843F004032B603C
S21401FFE0204670BDFEF7A4F8DEE71124F8E70446C4
S21401FFF0F6E700BF882600205C270020032805D1ED
S2140200000A4A136843F00803136008E0012808D17F
S214020010064BDA7A42B11A6842F008021A60FFF713
S214020020A3BF10F0FD0FEBD0002070475C27002026
S214020030094B10B500205862FFF7E2F904461CB9D6
S214020040BDE81040FFF774BA204641F2160115F0DB
S214020050ABF86468F3E700BF88260020A0F11B0314
S214020060E02B10B5044618D8042142F2240014F0FE
S21402007014FB6FF06F03437142238371A0F80340B1
S2140200800748F8F755F914F04CFB407920B114F004
S21402009048FB407940F4805010BD2120FCE700BFA9
S2140200A03127030037B50D46044615F0A4F86988D3
S2140200B0204614F0EAFD6A7E2B7E43EA0223A4F869
S2140200C062306A7F2B7F43EA0223A4F86430EA7E1A
S2140200D0AB7E43EA0223A4F866301B23A4F86C30F6
S2140200E02D4BDA8B1B8CA4F86A30022384F872300C
S2140200F0A4F86820204614F04FFC204616F0DDFCDB
S21402010094F87330022B15D101F0F8F870B194F917
S214020110753001330AD1A368052143F48053204683
S214020120A36003B0BDE8304015F0C5B800212046F4
S21402013014F0AEFD0021204600F00CFA288C4FF693
S214020140FF73984225D000F0A5F9009400F090F9CC
S2140201506A46ADF8040040F20621104818F023FD66
S214020160002240F20221204618F0D9FC2046FFF772
S21402017003FA204616F0ADFC204600F01BFEA368EC
S21402018023F48043A3600121204615F09CF803B0B7
S21402019030BD0020D9E700BF8826002000270020B7
S2140201A007B54FF4887190F8703004488DF8043023
S2140201B001AA18F0F8FC03B05DF804FB0027002043
S2140201C02DE9FF410378302B04460E4639D006D877
S2140201D0052B25D0082B41D004B0BDE8F0813E2B7C
S2140201E0FAD183780C2B4BD8022BF5D9033B092B7B
S2140201F0F2D801A252F823F091020200F70302009D
S214020200D9010200D90102008F030200D9010200BF
S214020210D9010200D9010200D9010200E30302005B
S214020220B0F80300FFF7D0F828B1617909B141F4BC
S214020230805114F0B9FF304604B0BDE8F04118F022
S2140202407DBDB0F80300FFF7BFF80028F3D0A17811
S21402025009B141F4805115F000F8ECE7B0F803005C
S214020260FFF7B2F80028E6D0627990F8743022B12F
S21402027043F0010380F87430E9E703F0FE03F9E780
S214020280212B00F0CD80292B1FD0202BD3D0A3E723
S2140202908088FFF799F80028CDD0E278002ACAD1E4
S2140202A0E179A27942EA0122A0F86220E17AA27AF2
S2140202B042EA0122A0F86420227A617A42EA012206
S2140202C0A0F86620FFF758F9B5E7C7783C2F00F18B
S2140202D0020502D1FFF786FDADE790F80680B8F179
S2140202E0000F23D15E4A546AC2F82480CFB147F485
S2140202F080572946204614F07EFFE76084F8728015
S21402030001AA40F201212046CDE9014718F04BFC34
S214020310A36843F48063A36041462046FFF7A0F833
S21402032089E729462046FFF7BDFE84E7408C4FF654
S214020330FF73984220D000F0ADF8E8B101A8E27948
S21402034004F10801FDF72AF901A814F0A7FF28B165
S21402035040F20322A0F872202946E4E7032140F285
S214020360064014F09AF9A388A0F803300D234371CF
S2140203703C48F7F7DDFF5EE73B4B223455F8042B8B
S21402038043F8042BA542F9D12A881A8053E7B0F81D
S2140203900300FFF719F800283FF44DAFB4F8053014
S2140203A090F87020A0F86C308DF80420ADF8063076
S2140203B0227AE37943EA0223ADF80830A27A637A16
S2140203C043EA0223ADF80A30227BE37A43EA0223A9
S2140203D0ADF80C3001AA40F20911244818F0E3FBEC
S2140203E029E78088FEF7F0FF00283FF424AFA179C2
S2140203F0FFF7E8F81FE78088FEF7E6FF00283FF4DD
S2140204001AAF90F870308DF80430D4F80630CDF874
S2140204100530D4F80A30CDF8093001AA0E21DCE7FF
S2140204208088FEF7D1FF00283FF405AF90F87030C1
S2140204308DF80430E3788DF80530A3798DF8063010
S214020440E3798DF80730237A8DF80830637A8DF8D1
S2140204500930A37A8DF80A3001AA4FF40371BCE77B
S2140204608826002015260300B62600200027002036
S21402047050B1074B1B68C31A807A0C22B3FBF2F307
S21402048040EA032080B270474FF6FF70704700BF05
S214020490E00C002009490B7A09680246FF2B01D1BD
S2140204A00020704703EB430301EB830031F823304F
S2140204B0C3F30B039342F4D0C37AEFE7E00C0020B9
S2140204C008B5054B054A1978054818F081FF054B13
S2140204D0F7221A8008BD00BFF731002046A60300A7
S2140204E085310020F40F002010B5044670B3006872
S2140204F0836CA34222D1636883641549224618F0AE
S2140205001AFB04F10C0018F03AFB04F1440018F050
S21402051015FCFFF787F858B1A06948B1143018F0F7
S2140205200DFCA069183018F009FCA0690DF0D2FD88
S2140205302046BDE810400DF0CDBD1346002BDCD0A2
S2140205405A68A242F9D162685A60D6E710BD00BF67
S214020550F7530300F8B5054648200E4618F03DFF4F
S214020560294F0446387818B14822214618F033FF3E
S2140205708CB1FFF757F898B11C2018F02EFF0146F1
S214020580A061387810B11C2218F025FFA3692BB998
S21402059020460DF09FFD00242046F8BD00221A706A
S2140205A00321284614F074FBAB6C6360AC6417231B
S2140205B026810026638115492560224626776664D1
S2140205C028460DF06BFA04F015F93246014604F19E
S2140205D00C000DF063FA02232374FFF723F80028B9
S2140205E0DAD00B4B19881729D6D9204614F0DFFB30
S2140205F00028D1D11221204614F0C2FE636943F0CE
S21402060002036361C8E700BF85310020F753030089
S214020610F40F0020F8B5054610B3002920DB114C74
S2140206202468247E8C421BDD3F2919DC01F0030678
S21402063000EBA101760091F831400327B74002F0A3
S214020640030224EA0704B240224381F8312013B1A0
S214020650002114F04FFF2846BDE8F84014F0A7BF6B
S214020660F8BD00BF7427002070B5164600221A7027
S21402067032800A7A0D46072A4DD8DFE802F00409CE
S2140206800D111A1E304AE86830F8023B338043E008
S214020690EB68981D5B88F9E7EB68981D9B88F5E781
S2140206A0697B1E4B14F073FF0222188032801846B4
S2140206B032E002231A4833802EE01A4C2B7B23703A
S2140206C02B88E889013363702B8801331B12E11CE7
S2140206D0A37000F0A1F90330308020461CE0124CD3
S2140206E0A889EB89A370020A1B0A20706270E37065
S2140206F000F006FA58B1C3681A88022A07D19A7817
S2140207002271DB78637106230748338004E00423F2
S214020710FAE780221A70002070BD00BF9F310020C9
S21402072056A603008C31002086310020054A064B6F
S2140207301860136843F001031360044B828B1A801F
S214020740704700BF6C27002074270020662F002009
S2140207502DE9F04F504E37688FB0002317F0080788
S214020760CDE90433CDE9063305460DD04B4B0146A1
S21402077003F1100253F8040B41F8040B9342F9D12B
S21402078000200FB0BDE8F08F10200DF091FA04465D
S21402079000287ED00EF03DFB0220EDF719FB014645
S2140207A02046EDF73DFB00286DD1802204A92046A5
S2140207B0EFF790FE002866D1B946394B1B68D988F8
S2140207C0BAB2914219D829462046EFF7D9FE2046FA
S2140207D0EDF70AFB214610200DF08CFA2F4B294626
S2140207E005F1100251F8040B43F8040B9142F9D1BB
S2140207F0336843F008033360C2E71A68ADF80E9018
S2140208001FFA87FB4FEA0B1802EB0B1B58460192A6
S21402081015F0B5FA8246584600F046F920B3AAF516
S21402082020539BB2032B019A02D9BAF5245F1DD13D
S21402083032F80830ADF820300DF10E0259460DF1AF
S2140208400D030020ADF822A0FFF70EFFBDF80E2024
S214020850014609A817F0B9FEBDF80E2008A9043211
S2140208602046EFF77BFE70B90137A6E70AF5564336
S214020870FF339BB2042BF7D832F80830ADF820309D
S214020880ADF822A0E8E7014640F2074000F0DAFDA4
S2140208909DE71A2075E700BF6C270020A1310020D3
S2140208A074270020144B1B6813F0040370B501462E
S2140208B006D0124B1C68E389002290B2834209D804
S2140208C00F4A1468E589002290B285420AD84FF68C
S2140208D0FF7006E0A56835F812508D4202F101025B
S2140208E0EBD170BDA66836F812608E4202F10102A4
S2140208F0EAD1034498B2F4E76C2700207027002060
S21402090074270020094B1B685B070AD5084B1A6838
S214020910D389834203D9936833F810007047C01A0C
S21402092080B2044B1B689B68F6E700BF6C2700206A
S214020930702700207427002038B504680949054648
S2140209400C22204617F0FDFD50B90749022204F199
S2140209500E0017F0F6FD18B90C342C60022038BDD4
S2140209601020FCE759A6030067A603002DE9F7430B
S214020970102801910BD0022804D04FF6FF7003B066
S214020980BDE8F083019B1888FFF78CFFF7E701A804
S214020990FFF7D2FF0228F5D01028EED11B4B019F9D
S2140209A01E6816F0040608D0194BD3F80080B8F873
S2140209B016600024A5B2AE421AD8164BD3F80080B1
S2140209C0B8F816900025ACB24C45D6D2D8F810002E
S2140209D0102200EB0510394617F0B3FD013500284A
S2140209E0F1D1A0196FEA40406FEA504080B2C6E7E4
S2140209F0D8F81000102200EB0410394617F0A1FDBB
S214020A0001340028D6D145F40040B8E76C27002010
S214020A107027002074270020020408B51DD5124B4B
S214020A201B685B07C0F30E0013D5104B1A68D38AF7
S214020A3098420CD2136903EB001000F1100350F831
S214020A40042B41F8042B9842F9D1102008BDC01A95
S214020A5080B2074B1B681B69EDE7FFF753FF087070
S214020A60000A48700220F1E76C2700207027002059
S214020A70742700200B4B1B6870B51D68044642F6AF
S214020A800306A5420AD2204629B915F078F9B042E3
S214020A9006D1103402E015F07CF908B1204670BD8C
S214020AA0103CEEE774270020437ADA0702D5C3F338
S214020AB080007047034BC2881B881A4214BF01206D
S214020AC000207047662F00200A4B1B68DB0708D5FC
S214020AD070B1094B1B68DB88834234BF00200120BB
S214020AE0704728B1054B1B88834294BF0020012023
S214020AF0704700BF6C27002074270020682F002054
S214020B0070B50246FFF7E0FFE8B10F4B1968CD88D3
S214020B10954209D302F1805001380B68040103EBB9
S214020B2000101B5B93420ED0002398B2854201D878
S214020B30002008E00E681C0106EB0310345B9442AA
S214020B4003F10103F1D170BD742700202DE9F341B2
S214020B500025184F01900E46A8463A68D188ABB2D7
S214020B6099421DD91468ABB204EB0314B4F90430ED
S214020B70002B1CDA2046FFF797FFC0B1E1680B880E
S214020B809E4214D132460198023118F09AFBE3686D
S214020B901B8882B2934207D0114601A818F0F5F9D5
S214020BA0404602B0BDE8F08143441FFA83F801359F
S214020BB0D3E700BF7427002038B5124B42891B8842
S214020BC08B4228BF0B46172B0446B8BF1723438118
S214020BD0114614F0AAFB636923F002036361A3695A
S214020BE09D693DB100229A6129462046BDE83840FB
S214020BF0FEF7FABC40F20941204614F0BEFBA36998
S214020C001D7038BDF40F00200148FEF705BD00BF79
S214020C10FD47020008B5002142F20E0013F03DFD2A
S214020C20BDE808400148F7F783BB00BF0127030071
S214020C3038B590F87230032B0446154606D1FFF7F6
S214020C40E9FF012384F87230002019E0C9B9012BAC
S214020C502DD9032140F2064013F01FFDB4F86E3082
S214020C60A0F8033045711348F7F762FB13F059FDFD
S214020C708378002BE5D013F054FD807840F4805042
S214020C8038BDA3B102214FF6044013F006FDB4F8B6
S214020C906E30A0F803300848F7F74AFB13F041FD20
S214020CA04379002BCDD013F03CFD4079E6E70220D5
S214020CB0E6E700BF152603004B260300F8B50746F5
S214020CC00E4642F213000E2115461C4613F0E5FCB2
S214020CD0B7F86E30A0F80330BDF81830A0F80B3025
S214020CE0BDF81C30A0F80D30BDF82030A0F80F304B
S214020CF0A0F80560A0F80750A0F809400648F7F7E4
S214020D0017FB13F00EFD807820B113F00AFD8078F1
S214020D1040F48050F8BD00BF8D260300F8B50D469E
S214020D2007461C2142F219001C46164613F0B5FC73
S214020D30B7F86E30A0F803302B68C0F805306B6841
S214020D40C0F80930A0F80D6023460F3004F11002F7
S214020D5053F8041B40F8041B9342F9D10648F7F7F0
S214020D60E7FA13F0DEFC807820B113F0DAFC807824
S214020D7040F48050F8BD00BF3D25030070B506461E
S214020D800D4642F27A000421144613F086FCA0F8BF
S214020D900360457184710648F7F7CAFA13F0C1FC7E
S214020DA0407920B113F0BDFC407940F4805070BD0C
S214020DB08F2A030010B50221044642F2300013F0D7
S214020DC06CFCB4F86E30A0F803300F48F7F7B0FAB0
S214020DD013F0A7FC437963B913F0A3FCC088FEF7AF
S214020DE0F3FA044628B113F09CFC017A2046FEF77B
S214020DF0E9FB13F096FC407920B113F092FC40799F
S214020E0040F4805010BD00BFE1860100F8B50746E9
S214020E100E4642F24100082115461C4613F03DFCE0
S214020E209DF81830C3709DF81C30037147718671A7
S214020E30A0F80750A0F809400648F7F779FA13F029
S214020E4070FC407920B113F06CFC407940F480507D
S214020E50F8BD00BF9183010038B505460C4642F244
S214020E604200062113F019FC002343718371C371FB
S214020E700372C57004710648F7F75AFA13F051FC6C
S214020E80407920B113F04DFC407940F4805038BDD3
S214020E90E98301002DE9F04106460F4642F236008C
S214020EA0192115461C46DDF8248013F0F6FB2B0AA2
S214020EB0C371230A83729DF8183003739DF81C30A1
S214020EC08571447243732D0C9DF82030C670240C35
S214020ED087800572C4728373D8F80030C0F80F306A
S214020EE0B8F80430A0F813309DF8283043759DF901
S214020EF02C3083759DF83030C375002303769DF839
S214020F00343043769DF83830C37686760648F7F74F
S214020F100FFA13F006FC407920B113F002FC407978
S214020F2040F48050BDE8F0818984010038B505465A
S214020F300C464FF61940052113F0AFFBC57044600E
S214020F400648F7F7F5F913F0ECFB407920B113F0F9
S214020F50E8FB407940F4805038BD00BFE922030028
S214020F6038B505460C464FF61A40052113F095FB98
S214020F70C57044600648F7F7DBF913F0D2FB4079F8
S214020F8020B113F0CEFB407940F4805038BD00BF4C
S214020F901923030070B50D4606460121DAB1FFF7A4
S214020FA0C5FF0446A8B9072142F2350013F075FBC7
S214020FB0C6702B684360AB8803810848F7F7B8F918
S214020FC013F0AFFB437923B113F0ABFB447944F43F
S214020FD08054204670BDFFF7C3FFE2E7A924030052
S214020FE010B50A460446042142F2370013F06AFBA3
S214020FF003230371002343718371C4700648F7F715
S21402100097F913F08EFB407920B113F08AFB4079F2
S21402101040F4805010BD00BF9D23030010B50A4661
S2140210200446042142F2380013F04CFB03230371FA
S214021030002343718371C4700648F7F779F913F0F9
S21402104070FB407920B113F06CFB407940F480507D
S21402105010BD00BFE9230300F8B506460F4642F26C
S2140210603900062114461D4613F017FB012384712E
S214021070240A0371C7704671C47105720648F7F7F1
S21402108057F913F04EFB407920B113F04AFB407932
S21402109040F48050F8BD00BF352403000148FCF739
S2140210A095BF00BFA91002002DE9F04F867987B0E0
S2140210B00C3605900546805BC0F30B00FEF784F9FC
S2140210C0044618B905A817F039FE4EE090F87230BB
S2140210D0022BF7D1AB5B059AC3F30B0103F4405323
S2140210E0B3F5805F9060A95342D153796FF3000342
S2140210F05371836B002BE5D0042105A804F1380652
S21402110017F01CFF0599304617F0FFFEA06B002370
S21402111001465A1CA9BBDBB2012B01D917F066FFA8
S214021120A06B17F090FE03281FD9D4F8389099F8D0
S2140211300670484617F087FE0C3709EB070539F8A4
S2140211400770A0F10408474522D9524FD4F838A0B8
S21402115007F1100957F804BB534642462946204673
S214021160D8474F4510D00028F4D007B0BDE8F08F1E
S214021170383017F0E3FD059A537943F001035371B3
S214021180BAE709681346C4E70028EED130469AE764
S214021190A06B17F058FE04378742F7D36988A1F18F
S2140211A040033F2B0BD80421304617F0C7FEA26B34
S2140211B06988204615F003FC0023A363D5E70529BA
S2140211C00BD0062961D00429E0D1304617F0B6FECE
S2140211D0A16BA06CFEF72EFAEEE72946204615F024
S2140211E0ECFB02460028D1D12B79122B06D0132B0A
S2140211F036D06979204615F0B8FBC7E794F8733005
S214021200022BF6D029898B1F9BB240F67A40834286
S21402121024D86A89931F9BB283421FD891421DD855
S214021220AB89B3F5FA7F19D2EF89A7F10A0080B22B
S21402123040F6764C604511D8B4F86A000290B4F8CD
S2140212406800CDE900702046FFF738FD021E18BF81
S21402125001226979204615F044FB97E70122F8E758
S21402126094F87330012B03D16979204615F07DFB83
S214021270A3681A048AD523F40043A3602B89012BA2
S21402128084D12046FEF78CFF80E7A16B204615F03E
S21402129012FC91E76CA603000C4B1A7801469AB929
S2140212A05B689B0710D490F97520013218BF0122A3
S2140212B091F8523013F0400005D091F8600010F01B
S2140212C0400018BFD0B270470122F1E7782700200D
S2140212D0024B586800F00200704700BF78270020D3
S2140212E0024B586800F00800704700BF78270020BD
S2140212F0014B1B68184700BFEC0C002008B512F023
S21402130015FD02281BBF034B5868002000F0100092
S21402131008BD00BF7827002007B502460846042805
S21402132002F0010113D9B1B903200C4B5A6002F046
S2140213308003019302F04003009302F0200302F0C0
S214021340040200F0E1F9002003B05DF804FB002976
S214021350EBD00328E9D12120F6E700BF782700204A
S21402136038B50D490D480CF0E3FE0446054688B92B
S2140213700B4B0C4A1A600C4A5A600C4A9A600C4A8A
S214021380DA6000F0FFF9032104462846FFF7C4FF9F
S214021390084B1D70204638BDEFBEADDEBEBAFECA93
S2140213A0EC0C0020FD1602001B6F0300491702001A
S2140213B0AD2102007827002038B5044603200CF041
S2140213C06BFE0546D0B194F87030037094F8753011
S2140213D043702046FEF7C2F82A46A87040F2026121
S2140213E0074817F09CFB074B2046DB68012198470D
S2140213F094F97500BDE83840FBF702BE38BD00BF61
S21402140000270020EC0C002070B5054608200E468A
S2140214100CF042FE044680B195F870300370074B1C
S214021420466000212846DB68984722460448BDE805
S214021430704040F2016117F072BB70BDEC0C0020E8
S2140214400027002038B5054608200C460CF024FE7E
S214021450024638B1C0E900540D21BDE838400248C2
S21402146017F05DBB38BD00BF0027002038B5054623
S21402147008200C460CF010FE024650B195F870306B
S2140214800370446040F20561BDE83840014817F039
S21402149046BB38BD0027002013B50446019111460D
S2140214A012B301A904200CF099FE019B104AB3FB6B
S2140214B0F2F102FB1133019345F2180201AB00214F
S2140214C0204615F08DFC08200CF0E6FD024648B1D9
S2140214D094F870300370019B436040F20461054843
S2140214E017F01DFB02B010BD01AB45F21802E8E78B
S2140214F040420F000027002010B5044601200CF0E1
S214021500CBFD024648B194F870300370BDE8104037
S214021510024840F2036117F002BB10BD002700200C
S21402152038B5054608200C460CF0B6FD024650B10A
S21402153095F870300370446040F20761BDE83840A9
S214021540014817F0ECBA38BD00270020014B5B6853
S214021550184700BFEC0C002010B50F4C2068D0B125
S2140215600023037780F83D3080F85E3020219F30DC
S21402157017F0F7FE206860215F3017F0F2FE206851
S21402158021211D3017F0EDFE20682121BDE8104014
S2140215903E3017F0E6BE10BD80270020F0B50D469F
S2140215A08FB00646144632492022284616F0C9FF56
S2140215B070B930492022204616F0C3FF40B92E4BA0
S2140215C01B681B7D002B51D040F203400FB0F0BDCC
S2140215D0366C202206F15401284616F0B2FF38B9BE
S2140215E0202206F17401204616F0ABFF0028EBD04D
S2140215F068460DF0F3FE06AA2B4605F120071546AF
S21402160018685968164603C60833BB423246F7D1F5
S2140216102021284617F097FE2022294668460CF01D
S21402162012FF224602F120062C4610685168234615
S21402163003C30832B2421C46F7D12021284617F0CF
S21402164082FE2022294602A80CF0FDFE012104A8F3
S2140216500CF0C9FE084B18686946C030ECF794FCDB
S214021660044668460DF0E9FE002CADD10020ADE739
S21402167052A7030032A703008027002010B50446B5
S214021680006C30B94FF4BE7017F0A7FE206420B984
S21402169010BD4FF4BE7117F064FE226CFF2382F871
S2140216A07A31A3681B0603D5054B13600120EFE7CA
S2140216B094F87300034B0449012808BF0B46F4E76D
S2140216C0A7730300A126020039220200036C53B955
S2140216D083681B0609D490F87320054B0548012A37
S2140216E008BF18467047186870470348704700BF1F
S2140216F039220200A1260200A7730300014B1B68D1
S214021700187A70478027002010B50E4C00392468DE
S21402171018BF0121003B18BF0123A3749DF80830AF
S2140217202070003A18BF0122003B18BF0123E37461
S2140217309DF80C302174003B18BF01236274237598
S21402174010BD00BF8027002001280AD002280ED034
S21402175098B90B4B1A68936943F001039361002012
S2140217607047074B1A68936943F00203F6E7044B87
S2140217701A68936943F00403F0E72120704700BF1C
S2140217808027002070B51F4D286838B94FF4907036
S21402179017F023FE286058B91A2431E0C0300DF045
S2140217A050FEFFF7D9FE28684FF4907117F0D9FD66
S2140217B02B6815484FF0FF310022D960032610210E
S2140217C019721E7011491A7783F83D2083F85E203D
S2140217D01A829A749A610CF061F9044680B92868F4
S2140217E0C0300DF009FE28683146C030ECF794FE92
S2140217F030B122460549044817F09DF940F20744E5
S214021800204670BD80270020842700207F6D0300BD
S214021810F0B583685A0689B0044657D523F04003CC
S2140218208360FFF753FF584DA84202D0574B9842A9
S2140218306ED194F97560771C04F134071CD112F04E
S21402184075FA02284ED0636B1A888DF810201A4655
S214021850042032F8021B090A8DF81110D3F8023060
S214021860CDF812305368CDF816300A2204A9FBF7D9
S21402187055FB0646701C35D0A368D90532D42046DF
S214021880FFF724FF854276B222D06B461022032150
S214021890304612F07BFA0546102D58D1606B04A92B
S2140218A06A460A3015F059F929460646684617F080
S2140218B058FD002E4BD104A92046FCF771FC2946A0
S2140218C004A817F04EFD384615F09FFA09B0F0BD91
S2140218D06B4610220521304612F058FA05460028BB
S2140218E0D3D0D9E794F87430DA0702D4A368DB05BC
S2140218F02DD5606B04F1180204A90A3015F02DF9F3
S21402190004A92046FCF74CFC10210DEB0100D8E799
S214021910636B1A88DAB91E4A904202D01D4A904278
S21402192015D1591C002211F8010F80B90132082A7C
S214021930F9D1226C04A902F5A67203F10A0015F089
S2140219400CF9A0B110210DEB010017F00AFD20469C
S21402195041F20601FFF758FD20460021FCF720FC65
S21402196004F1340009B0BDE8F04015F04EBA04A9FF
S2140219702046FCF715FC10210DEB010017F0F1FCD8
S21402198004F13400A0E700BFA126020039220200BB
S2140219906D330200A141020038B504460D4605200B
S2140219A0022115F068F90246C0B183790344062184
S2140219B05D73204614F0B9FF45F490512046FFF7B8
S2140219C023FD94F87310064B064A2046012914BFDD
S2140219D011461946BDE8384015F0DEB938BD00BFDD
S2140219E039220200A12602002DE9F043DFF83891E1
S2140219F01F46D9F8003015461A7F022A8BB0804659
S214021A000E461DD103F15F0403F17F0254F8041B56
S214021A1046F8041B9442F9D103F19F0254F8041BC2
S214021A2045F8041B9442F9D1BF3354F8042B47F807
S214021A30042B9C42F9D1B8F1000F66D1002442E093
S214021A409C6914F001041BD0334B03F1200253F8B7
S214021A50041B46F8041B9342F9D1304B03F12002D3
S214021A6053F8041B45F8041B9342F9D12C4B03F19F
S214021A70200253F8041B47F8041B9342F9D1DAE715
S214021A8004A80DF0ABFC02A80CF026FCD9F8000066
S214021A90244B009404AA02A9C0300DF0EDFB0446C4
S214021AA0A8B104A80DF0C9FC02A80CF01AFCB8F103
S214021AB0000F03D008214046FFF76EFF214640F292
S214021AC00740FFF7BFFC20460BB0BDE8F083314667
S214021AD0202204A80CF0CDFC2946202206A80CF0F1
S214021AE0C8FC2022394602A80CF0C3FC04A80DF05C
S214021AF0A4FC02A80CF0F5FB3046202117F023FCCC
S214021B002021284617F01FFC95E7002245F2160111
S214021B10404615F057F991E77CA603009DA6030000
S214021B20BEA60300156C0300802700202DE9F347AC
S214021B3090F87380056CB8F1010F044604D195F84D
S214021B406C31002B40F04F8195F8783195F86D9105
S214021B50032B00F2E880DFE803F0027EA6CB19F042
S214021B60010F73D01121062015F085F88246002851
S214021B7000F0398186790C360644771C10213846E7
S214021B8015F039F9014658B120460821FFF704FF3F
S214021B90002140F2074002B0BDE8F047FFF752BC12
S214021BA0A07CC0F11002384416F0F5FC95F97A01D3
S214021BB03B461022052112F0BBF858B1002140F234
S214021BC01B40FFF73FFC0821204602B0BDE8F04765
S214021BD0FFF7E2BE12F0AAF802280FD1B8F1010F01
S214021BE00CD004F11803113657F8042B43F8042BD3
S214021BF0B742F9D1A36843F48073A3605246062124
S214021C00204614F092FE0B21072015F034F8074602
S214021C10002800F0E880867995F97A310C36064479
S214021C2043F43F43A6F801300821F01C15F0E3F810
S214021C3095F97A01731C0A22042112F079F8002819
S214021C40BCD13A460621204614F06FFE95F878314C
S214021C50013385F8783119F0020F1FD011210820C0
S214021C6015F009F80646002800F0BD808179014487
S214021C70002301AA0D31FF20019315F0F0F840B1C0
S214021C8008212046FFF788FE019940F20740FFF739
S214021C90D9FB32460621204614F047FE95F87831E5
S214021CA0013385F8783119F0020F1CD0082109207B
S214021CB014F0E1FF0746002800F0958086790C367E
S214021CC00644FBF721FC837983F00803C3F3C003C1
S214021CD073700368C6F802308388F3803A4606219A
S214021CE0204614F022FE95F87831013385F87831D3
S214021CF019F0040F12D011210A2014F0BCFF064678
S214021D00002870D0807930441022AB210D3016F0B6
S214021D1042FC32460621204614F007FE95F878313A
S214021D20013385F87831B8F1010F08D0236C93F8A7
S214021D306C31002B57D195F87831042B53D1A36C14
S214021D4095F97A01313310220B2111F0F1FF80B19F
S214021D5040F21B412046FFF757FB244B24492046FE
S214021D60B8F1010F08BF194602B0BDE8F04715F0FA
S214021D7013B8A36C95F97A01203301220C2111F0D5
S214021D80D7FF0028E4D1A36C95F97A0121331022FB
S214021D900D2111F0CDFF0028DAD1082295F97A013B
S214021DA004F11003114611F0C3FF0028D0D1236CB2
S214021DB093F87A2184F87520FF2283F87A21D3F8E3
S214021DC074315B0603D404F14C0012F019FD11F0D5
S214021DD0ADFF022802BFA36843F48073A3602046C7
S214021DE0FFF7EAFAB9E702B0BDE8F0873922020047
S214021DF0A12602002DE9F04F97B01C46DDE9209897
S214021E00544B229F154604AA06468C4603F1100B35
S214021E109246186859689646AEE8030008335B4552
S214021E207246F6D16B4620226146504614F00AFFEF
S214021E308346002871D1484B089365238DF82430D9
S214021E400DF1250305F11002184655F8041B43F858
S214021E50041B9542F9D1102117F075FA0DF13503DE
S214021E6004F11002184654F8041B43F8041B94426B
S214021E70F9D1102117F067FA99F8063083F00803B3
S214021E80C3F3C0038DF84530D9F80030CDF846309C
S214021E900621B9F80430ADF84A300DF1460017F0C5
S214021EA052FA98F8063083F00803C3F3C0038DF89D
S214021EB04C30D8F80030CDF84D300621B8F8043052
S214021EC0ADF851300DF14D0017F03DFA00238DF8B4
S214021ED054300124239B8DF85340352208A96846C6
S214021EE014F0B0FE8346C0B92398102117F02BFADF
S214021EF03B46352208A968468DF8204014F0A2FE1B
S214021F00834650B9B27C0146C2F11002384616F03A
S214021F1042FB1021384617F016FA1021684617F0D1
S214021F2020FA352108A817F01CFA1021504617F09F
S214021F3018FABBF1000F06D008213046FFF72CFD39
S214021F4017B0BDE8F08F5A4645F21201304614F03B
S214021F5039FFF5E7DFA603000062746C2DE9F04155
S214021F6094B0074606A80C46984615460DF036FA73
S214021F7002A80CF0B1F90CAB04F1200C1E46206846
S214021F8061681A4603C2083464451346F7D1202115
S214021F90304617F0D8F92022314606A80CF053FA3C
S214021FA02A4633462035106851681C4603C4083258
S214021FB0AA422346F7D12021304617F0C4F9202240
S214021FC00DEB020031460CF03EFA2021304617F0A7
S214021FD0C8F901210AA80CF006FA2022414602A8F6
S214021FE00CF031FA04A80CF077F9002104A80CF0E2
S214021FF0FAF91C4B1868002301931B4B009306AAA0
S21402200002AB04A9C030EBF72BFF0446A0B104A82C
S2140220100CF067F906A80DF010FA02A80CF061F9A8
S214022020214640F20740FFF70DFA08213846FFF72F
S214022030B3FC14B0BDE8F0811A99202204A80CF073
S21402204018FA04A80CF04DF906A80DF0F6F902A845
S2140220500CF047F9224645F21501384614F0B2FE56
S214022060E7E700BF80270020156C0300F8B504469A
S214022070FFF712F9266C054628B394F975305F1CF3
S2140220800BD086F87A31FFF723F90721012014F0E6
S214022090F2FD024618BB1A2111E02046FBF76AF849
S2140220A086F87A01236C93F97A310133EBD1FFF784
S2140220B00FF990B1A3685D0709D441F205212046C5
S2140220C0FFF7A2F907E0FF2386F87A31EFE705214A
S2140220D02046FFF761FC0020F8BD0025D5E786798B
S2140220E031490C360968831991F800C083F801C09B
S2140220F091F81CE0281E18BF0120BEF1010F0DD179
S21402210083F802E0D870487C00B3D87800071DD464
S214022110A3685B07DBD441F20321D0E78F69BEF1E7
S214022120020F07F002070ED191F85EE0BEF1000F33
S21402213009D04FF0010E83F802E0D870002FE2D1EA
S21402214040F00800DEE74FF0000EF4E7BCF1030FA4
S21402215007D0096911F0FF1F1EBFD97841F00401AC
S214022160D97094F874108F0708D5D978480705D423
S214022170BCF1030FCFD041F00401D970002D18BF77
S2140221800325102119715D719D71216C9059C1F85A
S2140221900600988848819B790B732046062114F026
S2140221A0C4FB012098E700BF80270020204B1B6855
S2140221B09B6913F0040310B5044610D141B180F8B0
S2140221C0773090F870101B48BDE8104016F088BCB7
S2140221D090F87330012B03D18368580705D410BDDD
S2140221E0022B02D183685907F9D494F9772094F820
S2140221F07730002AF3DBB3B9012384F8773094F8FA
S21402220077305B08EBD04FF47A72534394F8701031
S214022210084800220BF026FC94F8773063F07F0320
S21402222084F87730DBE75A06E9D45B00E5E700BFBF
S214022230802700208427002030B545F21E039942ED
S21402224089B00446154610D845F21603994213D8AB
S21402225045F20103994200F0A18145F20C0399422E
S21402226022D0B1F5A04F00F09F812A46204609B041
S214022270BDE8304000F0C2B9A1F5A043173B072BDA
S214022280F3D801A252F823F0712302006B22020057
S2140222906B2202006B220200592502006B2202000A
S2140222A0212502005B23020090F97730002B02DB27
S2140222B08268530707D520460921FFF76DFB41F2D6
S2140222C0092009B030BDAB792B44A04D5B7C2D684C
S2140222D06D7C03F00801D5B121B90321FFF75CFB41
S2140222E02120EEE713F0040F03F0010308D042F0BA
S2140222F00802826093B9A36843F02003A36013E048
S214022300002BF8D0836843F010038360F3E7580786
S21402231044BF42F00802A260DB0703D5A36843F07D
S2140223201003A3600029E6D1A368894943F0040399
S214022330A360224620460BF0B1FB0221204612F093
S214022340A7FC47F23053002245F21A0120460BF052
S21402235089FBA3689D0540F18980A368580740F170
S214022360858094F8700009B0BDE8304014F037BBA1
S21402237090F87430D9074DD590F97530013342D0B4
S21402238094F9131001291DDCA26893060DD56F4B34
S21402239015071B6801D4187C38B1187F10B9187855
S2140223A0032802D09B69980734D501290AD0674BC7
S2140223B011071B6801D41A7C22B11A7F52BB1B7804
S2140223C0032B27D10023CDE90433CDE9063311F0E0
S2140223D0ADFC022801AB35D1A06AE16A228E03C3A6
S2140223E01A8094F97500BDF80450421C37D011F0DB
S2140223F0E5FC002833D1204641F20601FFF704F837
S21402240041F206005DE78368DA0616D4FEF760FF3F
S2140224100028B5D04D4B1B68197F022932D1DA7CD1
S21402242082B393F85E306BBBA3685B0720D5204669
S214022430FFF7B2FA41F2022043E7FEF72DFF00282B
S214022440E4D0E7E794F975000A22022111F09EFC17
S2140224500028C6D1CDE90100ADF80C00C1E704ABF7
S2140224602A460DF106012046FEF758FC002028E712
S214022470204641F20221FEF7C7FF01212046FFF760
S21402248095FED7E72046FFF7F9F8A56860B96D070D
S21402249005D508212046FFF77FFA1A2011E71A21F0
S2140224A02046FEF7B1FFF8E715F0040508D0FEF760
S2140224B017FFC8B194F975102046FFF731F8D5E733
S2140224C02246234920460BF0E9FA0221204612F062
S2140224D0DFFB47F230532A4645F21A0120460BF03C
S2140224E0C1FAA3685807E2D494F97530591C06D08D
S2140224F048F2080040EA032080B2FAF77BFC226C1E
S214022500D2F8743143F02003C2F874312046FFF744
S214022510ADFD0028AAD00F49204614F03DFCA5E7E1
S214022520FEF7DEFE002861D0236C002B5ED0A26888
S21402253052075BD5D3F87431980657D42B78002B04
S214022540D2D105212046FFF727FA8FE78027002001
S214022550E16D0300D138020090F87430D90706D432
S214022560234914F019FC29462046FEF74DFFA368BE
S2140225705A077FF57BAF204645F21A0116F0B0FAED
S21402258020461C49224616F0D6FAA36823F03C03DE
S214022590A36002212046FCF763FF67E7024615495F
S2140225A015480BF07BFA61E745F21A0116F098FA25
S2140225B0A36823F03E03A360236C2BB193F97A0140
S2140225C0431C01D0FAF726FD22462046094916F09A
S2140225D0B2FA22460749084816F0ADFA204602210A
S2140225E0FCF73EFF204614F01DFC3FE7022068E69B
S2140225F039220200E16D03000027002045F217038E
S214022600994210B5044641D01BD845F206039942BA
S21402261029D01AD821F0020140F20123994214D19E
S21402262090F870101A4816F05BFA94F87330012B83
S2140226304FF000024FF4A041204608D1FFF7FCFD00
S21402264003E045F21A03994204D048200AE000F05B
S21402265027F8FAE70F4914F09FFB07212046FEF7FA
S214022660D3FE002010BD93791A44517C41F4905158
S214022670FEF7CAFE94F87310074A084B2046012953
S21402268014BF1146194614F087FBEAE70220E9E771
S21402269084270020A7730300A12602003922020025
S2140226A045F21E0399422DE9F3410446154611D818
S2140226B045F21603994214D845F20103994200F0F6
S2140226C0378345F20203994200F09880B1F5A04F95
S2140226D000F034832A46204602B0BDE8F041FFF7F8
S2140226E08DBFA1F5A043173B072BF3D801A252F8E2
S2140226F023F000BF15270200D5260200D5260200C9
S214022700D5260200ED2C0200D5260200B7280200CC
S21402271091280200A04E33681A7F022A11D1DA7C71
S2140227207AB193F85E3063B941F20221FEF76CFE8D
S21402273020460121FFF73AFD41F2022002B0BDE831
S214022740F081A3685D0701D50220F7E72046FEF771
S214022750A3FD33681A78051E18BF0125032A07D081
S214022760196911F0FF1F6AB224D042F0040503E093
S21402277094F87420900725D49A6992071FD41A7F7A
S214022780012A1CD045F0080502210B2014F073FA2A
S2140227900246E0B18379034406215D7394F97530ED
S2140227A0013302BFA36843F00203A360204614F07D
S2140227B0BCF80CE094F874108907D6D4DCE75B7C8E
S2140227C0002BE1D041F203212046FEF71DFEA3684E
S2140227D0724943F00403A360224620460BF05EF9DA
S2140227E00221204612F054FA47F23053002245F2F4
S2140227F01A0120460BF036F900209FE783685F0730
S21402280003D490F97730002B05DB236C53B1D3F851
S2140228107431DE0606D520460921FFF7BDF841F2DF
S21402282009208BE72046FEF729FF28B90821204613
S214022830FFF7B2F8212081E7206CD0F8743143F01C
S2140228401003C0F87431AB790C332B445A68C0F8C5
S21402285006201A8942819B7A0373236C01229A719D
S214022860A26812F0040610D122464C4920460BF00C
S21402287015F90221204612F00BFA47F2305332467F
S21402288045F21A0120460BF0EDF8A3689805B3D579
S214022890236C002BB0D0D3F87431D906ACD594F99A
S2140228A07530013320D094F87430DA071CD5A3684B
S2140228B043F00203A360236C002B3FF445AFD3F82A
S2140228C07431DA067FF540AF9F063FF53DAFFEF75F
S2140228D007FD20B3A3689E0721D42B78FBB90521F8
S2140228E02046FFF759F887E7FEF7FAFC94F97510C9
S2140228F040B14B1C02D1A3689F07DCD42046FEF7EA
S2140229000FFE79E74E1CD6D094F87430D807D2D48E
S214022910084611F053FA0028CDD0052187E794F92E
S2140229207530581C24D048F2080040EA032080B2D2
S214022930FAF760FA94F8745015F0010518D194F875
S214022940750048F20B0343EA0020FAF753FA94F8AC
S214022950750048F20C0343EA0020FAF74BFAA06C23
S21402296010222946313015F016FEA36C83F820504B
S214022970A368256C084FAA7A23F00203A360D5F851
S214022980743143F02003C5F874313B681B7A9342D6
S21402299006D906214BE700BF80270020E16D030021
S2140229A094F9521094F852300029A6BF83F0080317
S2140229B0C3F3C00301232B7194F86030102A83F00E
S2140229C0080328BF1022C3F3C0036B712046A2740B
S2140229D06E7AFEF761FC002836D0F10734D594F9FA
S2140229E07530D4F840805A1C24D088F87A3106F024
S2140229F00D063B689A69900704D41A7F012A01D013
S214022A00310701D406F0F7061A78032A1FD01B698D
S214022A1013F0FF1F01D046F0040694F874309A07AC
S214022A201BD5730719D403212046FEF7B5FF40F2E3
S214022A30034083E62046FAF79DFB88F87A01236C6A
S214022A4093F97A310133D2D106F00C06D1E71B7F17
S214022A50002BE2D106F0FB06DFE70721022014F086
S214022A600AF901900028E2D090F806C03A680CF104
S214022A700C0C00EB0C0113784B70137F012B06D065
S214022A80022B46D192F85E30003B18BF01238B70B2
S214022A90CE70102316F001060B711BBFEB7A2A7B51
S214022AA04E7103F0030318BF4B71236C14BF02F080
S214022AB0030232468A7183F86D214A7983F86C21C3
S214022AC050F80C20C3F80D208A88A3F811208A79C2
S214022AD0DA7406B3206C90F86C1111F002061AD163
S214022AE094F8521090F97A0181F0080104F14C032F
S214022AF00622C1F3C00111F01BF960B13146FEF7A0
S214022B00A1FC20460821FEF747FF01A816F016F999
S214022B108DE70023BBE7019E002E88D0FEF7D8FB88
S214022B2095F809C078B11CF0010F04D0236C93F914
S214022B307A31013307D105212046FEF72DFF3046B4
S214022B400BF03AF976E63B68597C0CF0080229B19C
S214022B5012B12A7C100703D40321EDE7002A75D0B0
S214022B602A7C110772D5D5F8741141F00401C5F814
S214022B707411B5F86C1121F4807121F00101A5F8E9
S214022B806C11187F297A02280BD071B942EA0C021E
S214022B9012F0040248D185F879211B7C002BDBD188
S214022BA00DE021B993F85E209ABB0221C4E7012208
S214022BB083F83D20DA7C92BB042385F879313246CD
S214022BC00621204613F0B1FE95F87931206C042BCD
S214022BD052D13B6800F5A67003F11D022D3352F860
S214022BE0041B40F8041B9A42F9D1D5F8743195F8C3
S214022BF0792103F00401002A45D123F00203C5F827
S214022C007431E27400294AD05B49204614F0C4F8B5
S214022C10F2E583F83D10DB7C002BC6D1CCE793F8B7
S214022C205E30002BC8D1C0E7EA7919785348052AE6
S214022C3028BF032201EB810101448A5C85F87921D1
S214022C401B7C002BBBD0002AB9D185E71A7F012A4C
S214022C5002D12A7A002AAFD11CF0040F03D12A7CB3
S214022C6012F0040297D0EA7919784548052A28BF57
S214022C70032201EB8101DFE71022002100F5A67096
S214022C8015F089FCB1E743F00203C5F8743141B987
S214022C900123032AE37412D9042A7FF4ADAD39491D
S214022CA0B3E7A37C0F2B85BF94F8743043F0080378
S214022CB0012384F8743088BF0223E374A4E7012A50
S214022CC007D02046304914F067F82046FEF714FC79
S214022CD092E520462C4914F05FF83B68D968481CF8
S214022CE0424242412046FEF7D7FB85E590F8743013
S214022CF0D90706D4254914F04FF829462046FEF790
S214022D0083FBA3685A077FF577AD45F21A01204682
S214022D1015F0E6FE1E492246204615F00CFFA36873
S214022D2023F00403A36002212046FCF799FB63E527
S214022D300246174917480AF0B1FE5DE545F21A0148
S214022D4015F0CEFEA36823F03E03A360236C2BB1DE
S214022D5093F97A01431C01D0FAF75CF92246204621
S214022D600B4915F0E8FE0A490A48224615F0E3FE2A
S214022D70204614F057F8D6E7BD370200F0A6030047
S214022D8009A70300992D02002D37020039220200FE
S214022D90E16D03000027002073B545F20406B14238
S214022DA0044615460DD045F21006B14222D0B1F5C2
S214022DB0A04F38D113F036FF236CD3F87431D907FD
S214022DC020D5236CD3F87421D2070BD4AA790C32FF
S214022DD015446A1DB433153552F8041B43F8041B18
S214022DE0AA42F9D1216CD1F8743113F004030CD045
S214022DF00F4904E0016CC43113F081FF0D492046EF
S214022E0013F0CAFF002002B070BD81F878310123AA
S214022E10009301F1D40201F1C403204601F5A67124
S214022E2014F0EFF9EEE702B0BDE87040FFF7E6BB3C
S214022E30392E0200D12E0200B1F5A04FF7B5044696
S214022E4008D045F21105A94236D003B0BDE8F040DD
S214022E50FFF7D4BB006C1021D43013F0CCFF60B166
S214022E6008212046FEF798FD40F207400021FEF7B3
S214022E70E9FA40F2074003B0F0BD256C95F8796197
S214022E8005F1C407013E022E01979FBFD5F84801FF
S214022E9095F87861F04000F0010098BF40F080009D
S214022EA0009005F1540105F1140205F1D403204601
S214022EB014F007FA0020DEE7016CC43113F01FFF9E
S214022EC00249204613F068FFF4E700BFD12E020045
S214022ED030B545F21003994285B0044600F0A6804C
S214022EE00CD8B1F5A04F27D045F20503994228D059
S214022EF0204605B0BDE83040FFF780BB45F211031F
S214022F00994200F0B08045F212039942F0D1016C6A
S214022F1091F8793113B1043B012B03D8D431204602
S214022F2013F0D1FE236C93F87931042B40F2DF8044
S214022F30052B03D16F4992E013F074FE002005B012
S214022F4030BD9179036C0C310A44511DE4331532BD
S214022F5051F8040B43F8040B9142F9D1206CD0F8D7
S214022F60743113F0040354D090F87931042B22D133
S214022F70614B1B6893F85E5065B100F114020021A4
S214022F8000F5AE70009101903E331146204614F0D3
S214022F9098F9D3E71021D43013F02DFF58B1082149
S214022FA02046FEF7F9FC40F207402946FEF74AFAA9
S214022FB040F20740C3E7216C91F8793101F1E4024F
S214022FC013B1043B012B12D801F58A73039301F562
S214022FD0A673029304F15A03019304F15303009378
S214022FE001F1D403F4312046FEF704FFA6E701F50B
S214022FF0AE73019391F87801D1F84831C34003F0DB
S214023000010343F080030093134601F15402143186
S214023010BCE780F8783100F1E402009300F5A6716F
S21402302000F5AE73204614F0ECF887E7056C102224
S21402303005F1B40105F5AE7015F083FA20B104214E
S2140230402046FEF7A9FC79E7D5F874312B499B0791
S21402305042BF94F8743043F0020384F8743020467A
S21402306013F09AFE6AE7056C95F87931042B05F59C
S214023070AE701ED1204B196810224E3115F061FA3F
S2140230800028DCD1102105F1D40013F0B4FE216C27
S21402309001F58A73039301F5A673029304F15A03AA
S2140230A0019304F15303009301F1E40201F1D40306
S2140230B098E70146102205F1B40015F042FA0028FE
S2140230C0BDD105F1D401204613F0FDFD216C91F827
S2140230D078310133DBB2142B81F87831D8D0D1F8AD
S2140230E0743123F00103C1F874310549B7E7054985
S2140230F0B5E700BF09310200802700206D330200C9
S214023100992D0200C131020045F21403994213B50B
S21402311004462BD00CD8B1F5A04F13D045F20E03BF
S214023120994232D0204602B0BDE81040FFF766BA98
S21402313045F219039942F5D1137813BB0C21FEF719
S2140231402BFC10E013F06EFD216C01F5A2730193C7
S21402315001F1D403009301F1540201F1E403204685
S214023160143113F039FF002002B010BD036CD3F8FF
S2140231704421114BB2FBF3F103FB1121FEF776F962
S214023180F1E70E4913F008FEEDE79179036C0C3176
S2140231900A44511D03F59273153251F8040B43F895
S2140231A0040B9142F9D1226CD2F8743143F0080331
S2140231B0C2F87431D7E700BF40420F00C1310200A7
S2140231C0F0B545F20E06B1428DB0044615460ED055
S2140231D045F21306B1425CD0B1F5A04F40F0BD8077
S2140231E013F020FD236CD3F87431190757D5236CDE
S2140231F0D3F8742112070CD4AA790C3215446A1D2E
S21402320003F59273153552F8041B43F8041BAA42C1
S214023210F9D1256C0023CDE90833CDE90A3385F8C8
S214023220783195F87931042B0DF1200C2AD14D4BCB
S2140232301B6893F83D205AB103F11D0267462D33F1
S214023240106851683E4603C608329A423746F7D19E
S21402325005F5AE73069304F15A03059304F153037E
S2140232600493EB7903932B7A02936B7A05F1E402CB
S214023270CDE900C305F1D40305F58A71204613F0A3
S2140232801FFF0CE0013B022B9CBFD5F84831089388
S214023290DEE7056C95F8783123B1012B54D0002077
S2140232A00DB0F0BD102205F5AE7105F5927015F061
S2140232B048F920B10B212046FEF76EFBEFE7D5F862
S2140232C074319B0742BF94F8743043F0020384F8CB
S2140232D07430012385F878310023CDE90833CDE92F
S2140232E00A3395F87931042B0DF1200C25D11D4BAC
S2140232F01B6893F85E205AB103F13E0267464E33CE
S214023300106851683E4603C608329A423746F7D1DD
S21402331005F59A73069304F15303059304F15A03D1
S2140233200493AB7B0393EB7B02932B7C05F1D402D5
S214023330CDE900C305F1E4039EE7013B022B9CBFE7
S214023340D5F848310893E3E705F59A7113F09FFC28
S2140233500549204613F020FDA1E70DB0BDE8F04078
S214023360FFF74CB9802700206D330200B1F5A04F5D
S21402337070B5044615467AD045F21B06B14240F0B7
S214023380CD8090F87430DA0769D5056CB5F86C31E3
S21402339023B1644913F000FD002019E0D5F874311A
S2140233A05B074BD56B7ADE0748D52B7CD80745D50D
S2140233B0A36C95F97A01313310220B2110F0B8FC78
S2140233C038B140F21B412046FEF71EF840F21B4081
S2140233D070BDA36C206C203390F97A0101220C2177
S2140233E010F0A6FC0028ECD1A36C206C213390F9D7
S2140233F07A0110220D2110F09BFC0028E1D1206CEE
S214023400082290F97A0104F11003114610F090FC9C
S2140234100028D6D104F14C0011F0F2F9236C93F88F
S2140234207A2184F87520FF2283F87A2120463E49C5
S21402343013F0B2FC2046FDF7BFFFADE705F5A67315
S21402344004F1180205F5AE7553F8041B42F8041B86
S214023450AB42F9D1A36843F48073A360E6E732492E
S21402346013F09AFC29462046FDF7CEFF94E7006C3F
S214023470D0F8743159072AD5437ADA078CD5037CFB
S214023480DB0789D500F5A673102290F97A0103218D
S21402349010F04EFC48B1002140F21B40FDF7D2FF6F
S2140234A008212046FEF778FA90E710F03FFC022843
S2140234B07FF472AF206C102200F5A673052190F9F6
S2140234C07A0110F035FC00283FF466AFE3E7D0F847
S2140234D0D430C0F8EC30D0F8D830C0F8F030206CD9
S2140234E000F5A6721146E43013F037FB014630B100
S2140234F020460821FEF750FA40F2074068E7236CA0
S214023500A07C03F5A673C0F11002184415F043F828
S214023510216C2046D43113F0D6FB3DE7BDE870405F
S214023520FFF76CB82D350200A1260200B1F5A04FB8
S2140235302DE9FF410446154600F0E980A1F5A043B7
S214023540DE1F042E00F2EA809279066C0C32083BEB
S21402355096F86C711544032B03D8DFE803F0307934
S21402356087D5F9072ED56F1D6F481022394614F0FD
S214023570E8FF002865D096F97A013B46102203211F
S21402358010F0D6FB064610F0D1FB022811D194F8B3
S2140235907330012B0DD13B4604F11802153553F852
S2140235A0041B42F8041BAB42F9D1A36843F48073B0
S2140235B0A3601021384615F0D4FE002737E017F036
S2140235C001070ED10027226C92F86C3123EA07031A
S2140235D082F86C312046FEF7A9FA002004B0BDE856
S2140235E0F08110F0A3FB02280DD0206C6B4690F9F8
S2140235F07A011022032110F0C9FB0028E2D0102124
S214023600684615F0AEFE206C05F10508434690F9B3
S2140236107A010A22022110F08BFBD5F80530A3624C
S214023620D5F80930E362B5F80D3023860646002E3B
S214023630C9D000213046FDF705FF08212046FEF7D7
S214023640ABF920460821FEF7A7F940F20340C5E78A
S214023650BA07B7D5053596F97A0106212B46102208
S21402366010F066FB102106462846A4E7BB07A9D53C
S21402367010F05CFB02280DD0206C6B4690F97A01A4
S2140236801022062110F082FB00289BD010216846EB
S21402369015F067FE697989B96B1D0A4613F8010FA2
S2140236A060B90132062AF9D194F85210206C81F0E2
S2140236B0080104F14C03C1F3C00107E00039206C95
S2140236C005F106034FF0060218BF012190F97A01B0
S2140236D010F02EFB226CD2F8743143F04003C2F88D
S2140236E074316B89ADF804306B790646002BD5F839
S2140236F0060000900CBF4923722368468DF80630F8
S214023700022711F07DF892E707F004075BE713F053
S21402371089FA236C002283F878215BE704B0BDE8BF
S214023720F041FEF76BBF00BF22A7030070B545F25B
S2140237300406B1420446134624D045F21806B142A6
S21402374006D0B1F5A04F32D113F06CFA002070BD4E
S21402375011684D1C03D10121FEF71EF9F6E7026C33
S214023760D2F87401400743BF002182F878111B6823
S214023770C2F84C1148BFC2F848310F49204613F030
S2140237800BFBE3E79979026C0C310B44591DB432FA
S214023790153351F8040B42F8040B9942F9D1226C06
S2140237A0D2F8743143F00103C2F87431CEE7BDE8B3
S2140237B07040FEF723BF00BF992D020045F21503A5
S2140237C09942F7B5044651D00CD8B1F5A04F19D09E
S2140237D045F20D0399421BD0204603B0BDE8F040E7
S2140237E0FEF70CBF45F216039942F5D1016C01F1C2
S2140237F0F403009301F1340201F194031431FEF74D
S214023800ADFB01E013F00EFA0027384603B0F0BD18
S21402381093790C331A44551D02F125063246294681
S214023820FDF7BCFE074620B10B212046FEF7B4F892
S214023830EBE7236C2946143351F8042B43F8042B88
S214023840B142F9D1236C01F12002343351F8040B52
S21402385043F8040B9142F9D1216C204601F19403FE
S21402386001F174025431FEF7BFF8CDE713F063FAA4
S214023870236C93F87931052BC6D8DFE803F01903D9
S21402388011111E1920460E4913F086FA0D4B1B68BD
S214023890D9684B1C5A425A412046FDF7FDFDB3E754
S2140238A02046074913F078FA2046FDF725FEABE7D7
S2140238B00549204613F070FAA6E70449F9E700BF67
S2140238C02D37020080270020392E0200D12E02005A
S2140238D0F8B545F216039942044600F061810BD80A
S2140238E0B1F5A04F0ED045F2030399420ED0204602
S2140238F0BDE8F840FEF782BE45F217039942F6D1BC
S214023900022002E013F08EF90020F8BD9379056CD0
S2140239100C33D618F379DF0708D4FDF7D9FC28B1A3
S21402392005212046FEF738F82120EEE79E4F327A30
S2140239303B681B7A9A4201D20621F2E7D6F8053096
S214023940C5F80E30B6F809306B8202236B7394F911
S214023950523094F85210002BA6BF81F00803C3F32E
S214023960C00301236B7194F8603083F00803C3F33D
S214023970C0032B71337A102B28BF1023A374F3795C
S214023980D8072BD56B7ADA0728D5737AEA7A1340EA
S21402399085F86D31B37A2A7B134085F86C3195F938
S2140239A07A3101331ED0206C90F86C319B0719D403
S2140239B081F0080190F97A0104F14C030622C1F362
S2140239C0C00110F0B5F968B140F21B412046FDF780
S2140239D01BFDA3685907A7D50821A2E7002385F88F
S2140239E06D31DAE73B68F079597C00F0080229B1BC
S2140239F012B16A7A120703D4032192E7002A79D019
S214023A006A7A110776D5D5F8741141F00401C5F823
S214023A107411B5F86C1121F4807121F00101A5F83A
S214023A206C1193F81CC0B179BCF1020F02D019B325
S214023A30022176E789B1012283F83D20DA7CB2B909
S214023A40042285F87921A27C0F2A27D994F87420BB
S214023A5042F0080284F8742020E093F85E20002AE0
S214023A60E6D0DA7C83F83D10002AE1D1E8E793F845
S214023A705E20002AE4D1DBE7024312F004023FD0C4
S214023A8072794A491878052A28BF032202EB820275
S214023A900A44125C85F87921002AD4D1197C95F85B
S214023AA0792109B1002AA7D0206C042A00F5A67055
S214023AB03AD103F11D022D3352F8041B40F8041BC1
S214023AC09A42F9D1D5F8743195F8792103F00401B8
S214023AD07ABB23F00203C5F87431E27400295AD087
S214023AE0216C204601F1940301F174025431FDF772
S214023AF07BFF09E71A7F012A05D1B2791AB104229F
S214023B0085F87921CAE7420703D46A7A12F00402DA
S214023B10F6D0727926491878052A28BF032202EBC6
S214023B2082020A44125CEBE71022002114F033FDF5
S214023B30C8E743F00203C5F8743149B90123013AD4
S214023B40E374032A3FF6E0AEDFE802F01018102511
S214023B50A37C0F2B85BF94F8743043F0080301232F
S214023B6084F8743088BF0223E374B9E7204611490B
S214023B7013F012F92046FDF7BFFCC5E620460D49B4
S214023B8013F00AF93B68D9684B1C5A425A41204640
S214023B90FDF782FCB8E60849204613F0FDF8B3E6C6
S214023BA013F0C9F80549F7E780270020F0A60300BE
S214023BB009A703005D45020039440200C13B02002A
S214023BC045F20D039942F7B5044627D00DD8B1F554
S214023BD0A04F1DD045F20403994200F08F80204684
S214023BE003B0BDE8F040FEF709BD45F21103994265
S214023BF000F0A68045F215039942F0D1006C90F8C9
S214023C007931052B06D8DFE803F0503A423A555090
S214023C1013F008F80027384603B0F0BD93790C334A
S214023C201A44561D02F125052A463146FDF7B6FC12
S214023C30074620B10B212046FDF7AEFEEBE7236CCC
S214023C403146143351F8042B43F8042BA942F9D118
S214023C50236C01F12002343351F8040B43F8040BB1
S214023C609142F9D1216C01F1F403009301F134027F
S214023C7001F1940320461431FEF770F9CAE7204694
S214023C803B4913F089F82046FDF736FCC2E720468A
S214023C90374913F081F8374B1B68D9684B1C5A42D8
S214023CA05A412046FDF7F8FBB4E73349204613F0A5
S214023CB073F8AFE72F4B1B6893F85E5065B100F1BF
S214023CC01402002100F5AE70019000913E331146B9
S214023CD0204613F0F6FA9DE71021E43013F08BF835
S214023CE000283DD008212046FDF756FE294640F220
S214023CF00740FDF7A7FB40F207478CE79179036C74
S214023D000C310A44511DC433153251F8040B43F8E2
S214023D10040B9142F9D1256C102205F1C40105F17C
S214023D20B40014F00EFC20B904212046FDF734FE40
S214023D3070E7D5F8743143F00103C5F8743169E7CA
S214023D400C4B056C196810224E3105F5AE7014F056
S214023D50F8FB0028E8D1102105F1E40013F04BF837
S214023D60216C2046E43112F0AEFF04499EE700BF04
S214023D705D4502008027002091430200813D02003B
S214023D80F0B545F21003994285B0044600F08780EC
S214023D900CD8B1F5A04F1CD045F2050399421DD0B0
S214023DA0204605B0BDE8F040FEF728BC45F21103F8
S214023DB0994200F08D8045F212039942F0D1036CCD
S214023DC093F87931042B40F2B380052B03D159497D
S214023DD07BE012F027FF002005B0F0BD9179036C5E
S214023DE00C310A44511DD433153251F8040B43F8F2
S214023DF0040B9142F9D1256C05F1E40705F1D406CE
S214023E0010223146384614F09CFB20B90421204685
S214023E10FDF7C2FDDFE7D5F8743113F0040332D0A4
S214023E2095F87931042B13D105F58A73039305F5BA
S214023E30A673029304F15303019304F15A03009309
S214023E403A46334605F1F4012046FDF7D3FFC2E7B2
S214023E5005F5AE7005F1140105F1540201900BB19F
S214023E60052B06D1002300932046334613F029FA89
S214023E70B1E795F87801D5F84831C34003F001035D
S214023E8043F08003EFE785F878313246009305F574
S214023E90A67105F5AE73204613F0B3F99BE7056CE1
S214023EA0102205F1C40105F5AE7014F04AFB002895
S214023EB0ACD1D5F8743120499B0742BF94F87430D0
S214023EC043F0020384F87430204612F065FF82E75E
S214023ED0056C102205F1C40105F5AE7014F031FB35
S214023EE0002893D195F87931013B022B0FD895F82B
S214023EF078310133DBB2142B85F8783107D0D5F848
S214023F0074310E4923F00103C5F87431DCE705F578
S214023F108A73039305F5A673029304F15303019380
S214023F2004F15A03009305F1E40205F1D40389E78C
S214023F300349CAE7453F0200A14102003944020094
S214023F40C53F020073B545F21406B14204461AD0C4
S214023F5045F21906B14221D0B1F5A04F28D112F090
S214023F6061FE216C01F5A273019301F1D403009363
S214023F7001F1140201F1E4032046543113F02CF847
S214023F80002002B070BD036CD3F844210B4BB2FB89
S214023F90F3F103FB1121FDF769FAF1E713781BB978
S214023FA00C21FDF7F9FCEBE7054912F0F5FEE7E711
S214023FB002B0BDE87040FEF721BB00BF40420F00D2
S214023FC0C53F0200F0B5B1F5A04F8DB0054608D04A
S214023FD045F21304A14244D00DB0BDE8F040FEF70E
S214023FE00DBB046C0023CDE90833CDE90A3394F8FF
S214023FF07931042B0DF1200C2CD11F4B1B6893F842
S2140240005E205AB103F13E0267464E33106851688D
S2140240103E4603C608329A423746F7D104F59273F3
S214024020069305F15303059305F15A030493E379C6
S2140240300393237A0293637A04F1E402CDE900C380
S21402404004F58A7104F1D403284613F039F80020E7
S2140240500DB0F0BD013B022B9CBFD4F8483108934B
S214024060DCE7016C01F5927112F011FE0349284655
S21402407012F092FEEBE700BF80270020814002008C
S214024080F0B545F20E06B1428DB0044613460BD08B
S21402409045F21303994260D0B1F5A04F76D112F0E3
S2140240A0C1FD00200DB0F0BD9979026C0C310B44B5
S2140240B0591D02F59A72153351F8040B42F8040B97
S2140240C09942F9D1256C102205F59A7105F5927080
S2140240D014F037FA20B90B212046FDF75DFCE0E725
S2140240E00023CDE90833CDE90A3395F87931042B5C
S2140240F00DF1200C2AD1284B1B6893F83D205AB1AB
S21402410003F11D0267462D33106851683E4603C60A
S21402411008329A423746F7D105F5AE73069304F194
S2140241205A03059304F153030493AB7B0393EB7B8F
S21402413002932B7C05F1D402CDE900C305F58A7102
S21402414005F1E403204612F0BBFFAAE7013B022B6F
S2140241509CBFD5F848310893DEE7056C102205F5BA
S214024160AE7105F59A7014F0ECF90028B3D1D5F8C3
S21402417074310A499B0742BF94F8743043F0020335
S21402418084F87430204612F007FE8AE70DB0BDE8C8
S214024190F040FEF733BA00BF80270020A14102009C
S2140241A070B5B1F5A04F88B0044615467BD045F2EF
S2140241B01B06B14240F0E38090F87430DA076AD505
S2140241C0056CB5F86C312BB16F4912F0E5FD002095
S2140241D008B070BDD5F874315B074BD56B7ADE0735
S2140241E048D52B7CD80745D5A36C95F97A0131338F
S2140241F010220B210FF09CFD38B140F21B412046E5
S214024200FDF702F940F21B40E2E7A36C206C203374
S21402421090F97A0101220C210FF08AFD0028ECD1D8
S214024220A36C206C213390F97A0110220D210FF035
S2140242307FFD0028E1D1206C082290F97A0104F172
S214024240100311460FF074FD0028D6D104F14C007D
S21402425010F0D6FA236C93F87A2184F87520FF22A0
S21402426083F87A212046494912F096FD2046FDF74A
S214024270A3F8ACE705F5A67304F1180205F5AE75CA
S21402428053F8041B42F8041BAB42F9D1A36843F46B
S2140242908073A360E6E73D4912F07EFD294620467C
S2140242A0FDF7B2F893E7006CD0F8743159073AD5A7
S2140242B00023CDE90133ADF80C30437ADA0724D572
S2140242C0037CDB0721D500F5A673102290F97A014C
S2140242D003210FF02DFD48B1002140F21B40FDF7EF
S2140242E0B1F808212046FDF757FB8BE70FF01EFDBD
S2140242F002280AD1206C102200F5A673052190F937
S2140243007A010FF015FD0028E6D10023BDF804203F
S214024310CDE90433CDE906330DF1060104AB2046A0
S214024320FCF7FCFC53E7D0F8D430C0F8EC30D0F8F9
S214024330D830C0F8F030206C00F5A6721146E43092
S21402434012F00BFC054630B120460821FDF724FB8F
S21402435040F207403CE7236CA07C03F5A673C0F14D
S21402436010022946184414F016F9CDE90155CDE994
S2140243700455CDE9065504AB2A4601A9CFE708B095
S214024380BDE87040FEF73AB9A37303003922020073
S214024390B1F5A04F70B50446154607D045F204069F
S2140243A0B1420CD0BDE87040FEF728B912F03AFCD4
S2140243B0236CD3F87431D90701D4002070BD236C66
S2140243C0D3F87421D20718D4AA790C3215446A1D80
S2140243D0C433153552F8041B43F8041BAA42F9D11C
S2140243E0206C102200F1C401B43014F0AAF820B9EF
S2140243F004212046FDF7D0FADFE7206C1021E430D6
S21402440012F0F9FC58B108212046FDF7C5FA40F231
S21402441007400021FDF716F840F20740CEE7216C70
S2140244202046E43112F04FFC0249204612F0B4FC5A
S214024430C3E700BF813D0200B1F5A04F13B50446A5
S2140244400ED0A1F5A043103B012B45D8016CB43128
S21402445012F055FC2349204612F09EFC002017E07D
S214024460016CD1F8743113F0040301F1E40228D090
S2140244701021104612F0BFFC60B108212046FDF75D
S2140244808BFA40F207400021FCF7DCFF40F20740BF
S21402449002B010BD216C01F1B403019391F87821AA
S2140244A0D1F84831D34003F0010343F08003009370
S2140244B001F1140201F1E4032046543112F001FF27
S2140244C0CCE781F878310123009301F1B40301F5BA
S2140244D0A67112F096FEC1E702B0BDE81040FEF7E4
S2140244E08DB800BFE9440200B1F5A04F70B513467F
S2140244F0044607D045F20406B14207D0BDE8704034
S214024500FEF77CB812F08EFB002070BD9979026C23
S2140245100C310B44591DC432153351F8040B42F8C2
S214024520040B9942F9D1256C102205F1C40105F15C
S214024530B40014F006F820B904212046FDF72CFA40
S214024540E2E705F1E401204612F0BDFB02492046EF
S21402455012F022FCD8E700BF813D0200B1F5A04F61
S21402456070B50346144607D045F21806B14207D086
S214024570BDE87040FEF742B812F054FB002070BD52
S2140245801268551C03D10121FDF706FAF6E7016C05
S214024590D1F87401400741BF002281F878212268D1
S2140245A0C1F8482158BFC1F84C211846014912F0FB
S2140245B0F3FBE3E739440200184622F0004240F2D9
S2140245C00A439A422DE9F04120D8B2F5806F01D80D
S2140245D000203EE06FF480642244092AF8D801A342
S2140245E053F822F02B4602003746020057460200D6
S2140245F0A546020079460200C1460200E3460200D2
S214024600EB460200D1450200034702006FF4A061A8
S2140246105318042BDCD8A2F20252032A79D8DFE818
S21402462012F08A009200B700CB00057844886448EE
S21402463010F0C6FA3EE005784468826900F1080385
S2140246400021604810F0CDFA10B10571C0F805409F
S2140246500120BDE8F081067845880479826900F178
S21402466008030021584810F0BCFA0028F0D0067162
S214024670A0F80550C471EBE7047907784688C58828
S214024680A4F11B035942594100F1080289004F4820
S21402469010F0CCFA0028DBD00771A0F80560C471D0
S2140246A00581D5E7057844884269031D00214848FC
S2140246B010F097FA0028CBD00571A0F80540C7E79E
S2140246C006784588848800F108020021414810F0E7
S2140246D0ADFA0028BCD00671A0F80550A0F8074035
S2140246E0B6E7057844683C48A2E704783A4810F0F2
S2140246F067FA0028ACD00723437100230471837144
S214024700A6E70478354810F05BFA0028A0D00471BA
S2140247109EE7077846880579C48800F108020021DA
S2140247202F4810F083FA002892D00771A0F805608F
S214024730C57104818CE7077846880579C4882948BC
S21402474010F03EFAEFE787684588047906787FB16D
S214024750C78800F108020021234810F067FA0028F3
S2140247603FF476AF0671A0F80550C47107816FE773
S2140247701D483B463A46394610F033FA00283FF4C5
S21402478067AF0671A0F80550C471077247725FE7FB
S21402479090F8008047880679C5880489134810F087
S2140247A00FFA00283FF454AF80F80480A0F8057092
S2140247B0C671058144814BE7057844680C4837E7A3
S2140247C0A4A70300A0A703009CA7030094A70300C6
S2140247D098A7030090A703008CA7030074A7030002
S2140247E088A7030084A7030080A703007CA7030012
S2140247F078A7030000487047B945020030B585B077
S21402480004460846039112F02DFF830708D410F0E1
S214024810010003D003A814F091FA012005B030BDC0
S21402482003998B7903F10C0288188A5C013A1C2AD8
S21402483000F2E880DFE802F00FE689E68CE695E60D
S2140248409CE6A4E6ACE6B3E6BAE6C2E6E6E6C4E66C
S214024850D2E6D4E6DD0003790BB103F5885342783D
S214024860023A162AD6D801A151F822F0C948020007
S21402487015480200D348020015480200DF4802002D
S21402488015480200EB48020015480200F7480200ED
S214024890154802000F4902001548020003490200AB
S2140248A0154802001B49020015480200274902006B
S2140248B01548020015480200154802003149020058
S2140248C0154802004149020017212046FCF774F9F8
S2140248D0A0E700221146204611F0EFFB9AE71A469F
S2140248E00021204611F096FC94E70022114620464D
S2140248F011F001FE8EE700221146204611F0E9FC77
S21402490088E71A460021204611F0D6FD82E71A46AD
S2140249100021204611F0B3FD7CE700221146204616
S21402492011F0DCFE76E71946204611F040FF71E7EB
S214024930009300231A461946204611F042FF69E703
S2140249401946204611F08FFF64E7B0F80110BCE765
S21402495002338B710A4600234178204611F0ADFBE4
S2140249605BE701338B710022204611F053FC54E7BB
S21402497002338B7142780023204611F0BCFD4CE7CF
S21402498001338B7100231A46204611F0A2FC44E73D
S21402499001338B710022204611F071FD3DE7013391
S2140249A08B710022204611F087FD36E702338B71A9
S2140249B042780023204611F091FE2EE70021B3E74D
S2140249C005338B71B0F80320B0F801000023009382
S2140249D00B460146204611F0F4FE1EE70021B0E722
S2140249E003338B710A46B0F80110204611F05AFFC5
S2140249F013E703338B710A46B0F80110204611F014
S214024A005AFF0AE7002009E708B5EEF7F9FDBDE808
S214024A1008400CF069B800BF38B50F4D2B78BBB113
S214024A2000240021204600F0CFF8204600F0E0FAED
S214024A30204600F011FB204600F036FB204600F030
S214024A40B1F9013400F038F82B78E4B2A342E8D882
S214024A50BDE8384000F08ABB01100020134B70B549
S214024A601B88134E012B1CD0124D2B78A3B10024A9
S214024A70204600F08FF8204600F0F8FA204600F0B4
S214024A8035FB204600F0D2F9204600F057FA0134F2
S214024A902B78E4B2A342EBD800F01AF80023338056
S214024AA070BD3388002BDFD170BD00BFC82C00203C
S214024AB0C62C002001100020002001220249034BD0
S214024AC008601A70704700BF882700201710002061
S214024AD0F8B50024294E2A4D33782C80002B4BD073
S214024AE00021204600F09EF801210746204600F0ED
S214024AF099F820B1874294BFC01B381A80B221466B
S214024B0000F00CFA80B2A0F15B03122B04F1010252
S214024B101DD929883378D4B20844A3422880DFD826
S214024B202A8852031748184C0168C1EBC10102EBF0
S214024B30D102110CB1FBF3F3092B026023800BD8D0
S214024B40124A137873B90122114B1A70F8BD3378E2
S214024B50D4B2A342C4D8E3E70E2B06D903220C4BE9
S214024B601A70F8BD013B1370F8BD0A2002220749ED
S214024B70074B08701A70F8BD1A46D3E701100020DA
S214024B806A2F002088270020FA310020B131002049
S214024B90171000200A4A10B512880446012A07D0C8
S214024BA0EEF704FB01462046BDE8104000F02CB8A4
S214024BB0044ABDE8104052F8201000F025B800BFA5
S214024BC0C82C0020AC1D002030B40C4B1D7895B1CB
S214024BD084000B4B221892009950012D1A4488BF6C
S214024BE051600021074A0444125C03EB84035973A4
S214024BF01A7330BC7047024B8400F2E700100020A4
S214024C00881B002021100020054B00EB800080004E
S214024C1010B4C458C2185460195010BC704700BF74
S214024C20881B002000EB8000024B014433F8210071
S214024C30704700BF881B00200C4B1878A0B10C4BA5
S214024C405A7B52060FD40138C2B202EB820203EB41
S214024C50820204E093F821101433490603D49A42E0
S214024C60F8D1002070470120704700BF01100020D5
S214024C70881B002030B4144C8500291804EB8101EF
S214024C808B7B1A090F2A03F00F031AD0013243EA6C
S214024C900213DBB20F2A8B730AD00C49097801295A
S214024CA002D030BC00207047094909789142F8D8F2
S214024CB0284404EB800003F00F03837330BC01200A
S214024CC0704743F0F003F3E7881B0020171000201C
S214024CD0FF0F002030B48200134D141805EB840435
S214024CE0A37B03F00F010F2903F0F00318D0013164
S214024CF00B430F29A3730AD00C4C2478012C02D044
S214024D0030BC002070470A4C24788C42F8D8024403
S214024D1005EB820223F00F039373012030BC704729
S214024D2043F00F03F3E700BF881B00201710002094
S214024D30FF0F0020044B00EB800003EB8000837B18
S214024D4023F00F0383737047881B0020044B00EB8D
S214024D50800003EB8000837B03F00F0383737047AE
S214024D60881B0020044B00EB800003EB8003587B7B
S214024D70C0F38010704700BF881B0020034B00EB77
S214024D80800003EB8003187B00017047881B00201D
S214024D90034B00EB800003EB8003587BC00970478F
S214024DA0881B002070B40025114900EB8003114ACD
S214024DB001EB83010B7B104C125C245C03FB02F2BA
S214024DC003FB04F30D4C1201A4FB02621B01A4FBBD
S214024DD003430B4E4C7B520926F81020094A04F076
S214024DE03F045B094C7322F810308D7370BC704719
S214024DF0881B002023100020251000201F85EB5161
S214024E00722F0020762F0020064B00EB80001B78C6
S214024E10012B054B0EBF33F8200003EB8000408ABF
S214024E20704700BF17100020881B0020F8B5044604
S214024E30264B274F1B78A600012B264906EB0403B8
S214024E40254A06EB040518BF07EB830307EB850527
S214024E5031F810C008BF37F8233032F8100018BFF8
S214024E605B8A2A8995F90D1093420FD99B1A00295D
S214024E709BB214DB98420DD807D22046FFF7FAFE03
S214024E8018B16B7B63F07F036B73F8BD00290DDBF3
S214024E900028FAD02046BDE8F840FFF757BF9C45E9
S214024EA005D22046BDE8F840FFF744BF00239C45E4
S214024EB0EBD92046FFF70EFF0028E6D0344407EB76
S214024EC084077B7B03F07F037B73F8BD17100020FB
S214024ED0881B0020722F0020762F002010B40D4B66
S214024EE084001B780C4A012B04EB000314BF02EB70
S214024EF0830332F82330044418BF5B8A02EB840231
S214024F001089591A89B2814286BF091A88B20020CE
S214024F1010BC704717100020881B002010B50446EE
S214024F200846FFF72BFF642303FB04F3B3FBF0F002
S214024F3080B2FF2828BFFF20C0B210BD2DE9F8437B
S214024F4087003D18274EAD0006EB05090446D9F842
S214024F500880FFF707FF20BB234B1FFA88F8197853
S214024F603B19012914BFB9F81200705B06EB8303E4
S214024F70404593F90F2016D90A3252B2DA73642AE0
S214024F8017DC64320DDA012907EB04031BD006EBAB
S214024F9083039A68013A9A6000233C4406EB84062F
S214024FA0F373BDE8F883EAD20A3A52B2642ADA7395
S214024FB0E7DD00223C4406EB8406B368F273013355
S214024FC0B360BDE8F883094A06EB83039968125D6D
S214024FD0588AA1EB5202824296BF01F1FF319860D5
S214024FE09960D9E7881B00201710002021100020A6
S214024FF02DE9F84306460BF074FD002208241546F8
S2140250004FEA8609DFF84C8009EB060308EB8303B8
S2140250109A603046EEF7CAF8013CA4B20544002C6A
S214025020F7D10B4FB1443B7808EB8908C5F3CF059F
S214025030C8F8085043B129463046FFF7E5FD01346B
S2140250403B78E4B2A342F6D8BDE8F8430BF04ABD7B
S21402505000100020881B00200022034B00EB80007B
S21402506003EB80035A737047881B002038B50D4D3A
S21402507000EB800305EB83052B892C7B03EBC40432
S214025080A4B2A34202D900236B7338BDFFF7BCFE5D
S2140250906B7BA0428CBF43F0400323F040036B734C
S2140250A038BD00BF881B0020002210B40C4B0D4CEC
S2140250B000EB800003EB800023788168032B41829B
S2140250C0028207D9202B34BF10220822064B1A7000
S2140250D010BC70471022044B1A7010BC704700BFF9
S2140250E0881B002001100020B2310020F8B50021F4
S2140250F00546FFF797FD0121074628460024FFF7DD
S21402510091FD67F31F4440B306462846FFF736FE76
S214025110B74266F30F0480B205D93318BB42BCBF50
S2140251209FB267F31F44BE4204D9361ABE42C8BFB6
S21402513066F31F440B4B05EB85050B4A03EB85050F
S21402514012782B696FF30F04B3FBF2F3B4FBF2F49D
S214025150013A02FB03442C61F8BD2846FFF70EFE17
S214025160E8E700BF881B0020B2310020044A054B46
S2140251701278012A0CBF022201221A70704700BF61
S2140251808C2F0020FC31002070B50BF000F91F4B6D
S2140251901E6C05460EB1EDF715F8EDF79FF91C4C9F
S2140251A08302A3F580532360EDF798F98302A3F5F3
S2140251B00063636000F084FA20680821043012F06D
S2140251C0A4FA23681B68834202D0206812F0ACFA65
S2140251D060680821043012F098FA63681B688342FC
S2140251E002D0606812F0A0FA2268636852685B68B0
S2140251F09342084A94BF0023012313700EB1ECF7C2
S214025200F1FF28460BF0C9F8002070BD00000E40E2
S2140252108C270020181000202DE9F041164B93F938
S2140252200020164B53F822500C3506462C462046D4
S21402523012F092FAE0B90BF0AAF8A179804604318E
S214025240201D12F062FA074640460BF0A6F82368C5
S214025250BB4202D1A388B3420BD0A379033303F433
S214025260FE7308331C4485EA0403B3F5006FDED3ED
S21402527000242046BDE8F081181000208C2700206C
S214025280431E2DE9F74F9BB24FF6FD729342064638
S214025290884643D8234B93F90020234B53F82250D9
S2140252A00BF075F8214BD3F840900C350746B9F150
S2140252B0000F01D0ECF786FF2C46EA464FF6FF7B3E
S2140252C0204612F049FAE8B9A38886EA030218EAE9
S2140252D0020F0CD194E803008AE80300DB43ADF822
S2140252E00430ADF806B00199201D12F013FAA37926
S2140252F0033303F4FE7308331C4485EA0403B3F550
S214025300006FDDD3B9F1000F01D0ECF76BFF384622
S2140253100BF043F8002003B0BDE8F08F41F2120014
S214025320F9E700BF181000208C27002000000E406E
S2140253302DE9F84FDFF8C4902F4A99F9003052F859
S214025340238083F0010308F10C0A52F823603046EA
S214025350ECF7D0FF06F10C07D346584612F0FCF9DC
S214025360054648BB9BF806100BF10400043112F008
S214025370CCF9DBF8003083420DD09BF806400334AC
S21402538004F4FE7408345C4484EA0A03B3F5006F3E
S21402539012D2A346E1E75C46384654F8041B12F0E4
S2140253A0B9F99BF806200332B5EB920F07F1040712
S2140253B005F10105F0DDE7E7D8F80410341D0131E8
S2140253C0204612F0A7F9012106F1080012F0A2F910
S2140253D00821204612F099F90146304612F09AF951
S2140253E099F80030404683F0010389F8003012F045
S2140253F09BF93846BDE8F88F8C270020181000204D
S2140254002DE9F04F9A46431E85B016469BB24FF6DC
S214025410FD7293428146009100F2C380624B93F97B
S2140254200020624B53F822700AF0B1FF604BD3F8AB
S21402543040800C370546B8F1000F01D0ECF7C2FEEB
S2140254403C46204612F088F90190002841D1A17905
S21402545004F1040B0431584612F057F92368019AF6
S21402546098422AD1A388E188994526D1CAB29642A3
S21402547012D1324604F108015046019313F061F846
S214025480019B48B9B8F1000F4FD128460AF085FFB4
S214025490002005B0BDE8F08F94E8030002AA82E877
S2140254A00300DB43ADF80C304FF0FF33ADF80E309F
S2140254B00399584612F02EF90246A379033303F4F1
S2140254C0FE7308331C4487EA0403B3F5006F1FD348
S2140254D002BB002ED6D006F1080B04EB0B035F408E
S2140254E0B7F5006F24D3FFF723FFC0F30A03044681
S2140254F01BB19B44BBF5006F1AD9B8F1000F01D05F
S214025500ECF770FE28460AF048FF40F21B40C0E760
S214025510002A96D0B8F1000F01D0ECF763FE2846B9
S2140255200AF03BFF40F20340B3E7ECF75BFEACE762
S214025530009BADF80C9046EA0323ADF80E3004F15A
S214025540040B04F1080303990093584612F0E2F89C
S21402555006F10309009B4FEAA9090027B90008B91A
S2140255604F4513DB311D584612F0CFF80146204650
S21402557012F0D0F80446B8F1000F01D0ECF732FE74
S21402558028460AF00AFF002C82D0CBE71A1D1846DE
S2140255905AF80110009212F0BDF8009A013713462D
S2140255A0DCE7212075E700BF181000208C270020BA
S2140255B000000E400846194608B580B21346CAB225
S2140255C00021FFF71DFF024B002818BF184608BD32
S2140255D006E000F073B5084616461D460DF10302B6
S2140255E001AB0DF1020180B212F0C5F8044658B9BB
S2140255F09DF80330AB4209D301992A46304612F091
S214025600E4FF204602B070BD014CFAE7014CF8E711
S2140256100BE000F011E000F038B588B215461C46E3
S214025620FFF7FAFD014620B18B790020286023603F
S21402563038BD0148FCE700BF0BE000F02DE9F74F4C
S21402564090461D4ABDF830900D4692F900101B4A4E
S21402565052F821600C369FB234464FF0000AC2451B
S21402566026D2204612F078F810BB0AF090FEA179F6
S21402567001900431201D12F048F8834601980AF082
S2140256808CFE22685A4508D1A388BB4205D34B45F7
S2140256909CBF45F8043B0AF1010AA179033101F4E3
S2140256A0FE7108310C4486EA0403B3F5006FD6D3C4
S2140256B0504603B0BDE8F08F181000208C2700205B
S2140256C001480121EBF7B4BA00650A00084B10B591
S2140256D040F201141C6098600120586011448A420E
S2140256E002D1D869C04310BD12F8010B9861F6E7E3
S2140256F000C001401046044A1368591E033102D8FE
S2140257000021116018477047FC0C0020034B1868F4
S214025710034B002808BF1846704700BF9C2700208E
S21402572088A80300014812F0A0B900BFA4270020F1
S21402573013B50B4C0229226005D10A4812F095F9DE
S214025740002002B010BD00930A46074B01460548EA
S21402575012F06DF9003818BF01204000F1E700BFD3
S214025760FC0C0020A4270020F5560200014812F087
S2140257708FB900BFA42700200148002112F0AAB961
S214025780A427002008B5064B1B68013305D0FFF797
S214025790EDFF80F00100C0B208BD0020FCE700BFAC
S2140257A0FC0C0020F8B50D4610B900242046F8BDC2
S2140257B00E4F3E68002EF8D100F0A2F804460028EC
S2140257C0F3D0386000F0E8F8204612F02CF838B132
S2140257D030463E6000F0E0F8204612F019F8E4E7A2
S2140257E0002DE3D02046A847E0E700BFA027002010
S2140257F0024B1868003818BF01207047A027002007
S21402580038B50C4605F06CFBA3780B4A13705A1E8B
S21402581055425541A8420CD0012B04D02846BDE87B
S214025820384005F045BB204605F014FB0028F5D0AD
S21402583038BD0020FCE700BFB3310020024B002138
S2140258405B680846184700BF100D002010B50446D6
S214025850FFF75CFF0C4B1A1A53425341A34201D185
S214025860012010BD094B1B683BB9094A064B002CA8
S21402587008BF1346074A1360F2E712F0FDFB002842
S214025880F3D00020EDE700BF60A80300A0270020A9
S21402589088A803009C27002010B512F0DDFC044601
S2140258A018B9034B01215B689847204610BD00BF1C
S2140258B0100D002010B512F0D8FC20B9024BBDE83E
S2140258C010401B68184710BD100D002010B512F0CE
S2140258D023F820B9024BBDE810401B68184710BDDC
S2140258E0100D0020431E033306D8044B984228BFEF
S2140258F01846642838BF6420704700BF40420F0035
S214025900F8B505460AF03CFD0F4B1E68074626B959
S21402591038460AF039FD344611E0B4688CB194F882
S21402592010C01CF0010F0CD195E80F004CF0010CD2
S21402593084E80F0084F810C038460AF025FD204699
S214025940F8BD3668E3E700BF040D002038B505460B
S2140259500C4641B10B6833B11B68013303D0CB68E8
S2140259600BB18B684BB901F05FF8BDE838404FF4D5
S21402597092724121002000F0DFB9084601F092F849
S2140259800023044A85F8DC30C5E92343C2E9003324
S21402599038BD00BF5019002010B5044618B9054B93
S2140259A0054A136010BD04F09BFBD4F89830002B18
S2140259B0F6D1F4E7F9770300000D0020014B1868D2
S2140259C0704700BF5019002010B50C4604F0C6FB05
S2140259D0054B00215B68032098471CB105F044FC88
S2140259E00128FBD110BD00BF100D002008B50246ED
S2140259F00868FFF777FF08604868FFF773FF48609C
S214025A008868FFF76FFF8860C868FFF76BFF0B694F
S214025A10C860581C03D00B48834228BF03460B615C
S214025A204B69581C03D00748834228BF034688693F
S214025A304B61FFF757FFBDE808408861104605F046
S214025A4095B900BF40420F002DE9F84FD0F89030CC
S214025A5006460F4613B1038B8B4244D0D6F88CB061
S214025A60BBF1000F42D0DBF80830002B3ED0DBF84B
S214025A700C1000293AD0D6F8A0A0BAF1000F38D000
S214025A804FF000094D46C84601E0DBF8083005EB4A
S214025A90C50203EB82040135E389BB4214D8238A8C
S214025AA0BB42304610D3B4F91220B6F924309342E2
S214025AB0A04653DD96F8D010EAF7F2FD337D834216
S214025AC081464BD9DBF80C108D42DED3B8F1000FBD
S214025AD03ED00023424619463046D0473783C6F8A2
S214025AE0908086F8D9900020BDE8F88F0320BDE8A4
S214025AF0F88FD1465446524647F6FF7504EBC40863
S214025B0003EB8808B8F80E30BB421BD8B8F8103042
S214025B10BB4217D3B8F91220AA4207D14FF0FF09A9
S214025B203783C6F8908086F8D990DCE796F8D010CE
S214025B303046EAF7B5FD337D834281464246EFD9C9
S214025B40DBF80C100134A14204D9DBF80830D5E7A3
S214025B500120C9E7002AFBD09046E1E7A046B8E755
S214025B602DE9F04782B004468946164605F04AFB00
S214025B703B4D08B100236B602B68D4F88CA0D4F898
S214025B8090700BB153454BD04FF00008C5F8089003
S214025B9005F06AFB012836D12B68DAF800103A685D
S214025BA013B11868884246D0204612F031FBC5E988
S214025BB000A7D4F8A0508DF80760002D42D000222E
S214025BC00DF1070311462046A847204604F0D8FDEB
S214025BD00546B8F1000F00D08EB1B5FA85F040F256
S214025BE0DE324009332100F0A7F83146204604F0A1
S214025BF083FF1C4B05461B683946204698472846B5
S214025C0002B0BDE8F087012004F0A8FA164B002186
S214025C105B680320984705F027FB0128FBD1BBE70A
S214025C206B68002BB0D0BB42AED1AB68994514D09E
S214025C304FF00108AAE7696811B109689142B6D027
S214025C405968B1E7217D94F8D930994228BF1946A0
S214025C503246204604F068FDB7E70025CFE700BFCE
S214025C6050190020000D0020100D0020F8B5054642
S214025C700E460AF085FB314607462846FFF7E4FE45
S214025C80044620B138460AF07FFB2046F8BD05F0F0
S214025C904DF9224631462846FFF762FF04460028A1
S214025CA0F0D195F91030002BECDA284612F06FFB93
S214025CB00028E7D02246A97D284612F0E3FA0446D9
S214025CC0E0E700BF13B50446694611F06BFE2046B6
S214025CD012F02FFAFF28024606D09DF80010204642
S214025CE0EAF75EFD02B010BD0048FBE70080FFFF4A
S214025CF007B54FF400730A49ADF806300DF10602F7
S214025D0011F06CFEBDF80630B3F5007F05D102280F
S214025D1008BF002003B05DF804FB0120FAE700BFCD
S214025D20BC270020024B1960024B1860FEE700BF3A
S214025D30080D0020BC29002008B550B90548064BBE
S214025D4001601A60054B1A68054B1A601868FFF75F
S214025D50E9FF08BD080D0020C0290020A02700206A
S214025D60BC290020054B1B680BB9184670478342B6
S214025D7001D01B69F8E70120704700BFC829002040
S214025D80094A13680BB918467047834207D11B6944
S214025D901360064A1368013B13600120704703F143
S214025DA010021B69EEE700BFC8290020C4290020A4
S214025DB02DE9F74FDFF83081DFF8309106460AF01A
S214025DC0E6FA98F800B001900123BBF1000F06D066
S214025DD089F8003003B0BDE8F04F0AF0DEBA404F53
S214025DE088F8003089F800B011F0C2FE08B111F050
S214025DF0BDFE3D683B4965B9DFF8F4A0DAF800203D
S214025E003B68AA424FF000042FD836484FF0FF31C5
S214025E103BE06B7D8BB12B68B34202D09A1B8A4261
S214025E200BD96A6813442B60AB68003A18BF01228C
S214025E30003B18BF01236A75AB752D69DBE7907DC1
S214025E4020B1107D88429CBF014614461269002A82
S214025E50F5D1002CD9D0D4E90001A275411AD4E9B3
S214025E600232204698470135C8E71A46FF21EEE778
S214025E705A7D4AB11A68B24224D0921B824221D875
S214025E80914201D311461C461B69002BF0D15CB12E
S214025E902046FFF775FF38B13B682361DAF8003019
S214025EA03C600133CAF800303B685A7D6AB911F08B
S214025EB05BFE064699F80030002B93D1019888F8CD
S214025EC0003087E71C460021DEE7186800F0D4F8A9
S214025ED0044611F049FE0646002C83D1EAE700BFCD
S214025EE0C8290020FCFFFFBFB5310020B4310020D6
S214025EF0C429002038B5054608B31822002112F03E
S214025F004AFB0AF044FA02462846FFF72BFF20B166
S214025F1010460AF042FA022038BD0A4B1C6854B9F1
S214025F2009491D600B682C61013310460B600AF0AC
S214025F3034FA2046F0E704F110032469EFE7012063
S214025F40EAE700BFC8290020C429002038B5044665
S214025F50FFF708FF0AF01BFA05462046FFF702FF86
S214025F60637D23B928460AF018FA032038BD0023B9
S214025F706375064B1B68A34203D111F0F5FDFFF7CC
S214025F8017FF28460AF009FA0020EFE7C829002082
S214025F902DE9F84FDDF82890DDF830B09846044633
S214025FA00D46FFF7DFFE92460AF0F1F9074611F0BA
S214025FB0DBFD06462046FFF7D5FE637D23B120466D
S214025FC0FFF7C4FF0023A375BAF1010F23D175B9F9
S214025FD0B8F1000F21D1B9F1000F03D05A4631466D
S214025FE02046C84738460AF0D8F9002019E035445A
S214025FF00D4BAA1B9A4210D8012363759DF82C30CC
S214026000C4F80890C4E900582375C4F80CB03046AA
S214026010FFF7CEFEE6E7AE42EAD138460AF0BDF911
S2140260200120BDE8F88F00BFFCFFFFBF2DE9F0415D
S21402603007468846FFF796FE0AF0A9F93D68064627
S21402604011F092FD7B7D7BB185420DD0094B2C1A57
S2140260509C4209D830460AF0A0F9B8F1010F08BFF1
S21402606025462846BDE8F08130460AF096F9002516
S214026070F7E700BFFCFFFFBF08B50023044A194636
S21402608004F00AFA10B1012818BF032008BD00BFA9
S214026090337B03002DE9F74F15460E2200900F467C
S2140260A02A70EBB11C4C5B68A3428CBF002401240F
S2140260B0DFF868904FF000084FF0060AD9F8001093
S2140260C05FFA88F30AFB03F3CA185079012809D944
S2140260D02878A0F10E035842584103B0BDE8F08F6D
S2140260E01C46E5E7A042CE5EB2F902B0117902D0B4
S2140260F008F10108E2E700980191002211F0FDFC88
S2140261000028F5D001992970B7F90020B242EFDBDA
S2140261105A45EDDC0020E0E7FFC99A3B0C0D002053
S214026120014911F027BD00BF31B40200014911F048
S21402613021BD00BF05B4020070B5164E03283378A1
S21402614004460D461ED023FA04F202F00102AA42C9
S2140261501DD053B10122A24023EA0203A5402B43DD
S214026160DBB233704BB1012070BD2DB10A4B01205A
S2140261701B6898473378EDE73570074B00201B689D
S2140261809847F0E79A07DED003F0FC03E9E7002021
S21402619070BD00BFB6310020082A002038B504467C
S2140261A00D46FFF725FB60B105F042F848B9012D10
S2140261B007D8012012F088F80D4B1B6823B15B68E4
S2140261C098470C4B1C7038BD09F0EFFB0A4B1A6857
S2140261D0801A1860E8F772FC084B1B684FF47A7254
S2140261E002FB003011F021FC012005F029F8E8E757
S2140261F0AC2A00201A100020002A0020042A0020C0
S214026200F8B5124F05460C460AF0BAF83B78064631
S21402621033B1012D04D01CB90D48E8F79BFB3C7046
S21402622021462846FFF788FF0A4B1B7804463BB9EF
S2140262303B782BB912F00EF810B1074B1B68984743
S21402624030460AF0A1F82046F8BD00BFB73100205C
S214026250DC290020B6310020100D0020054A0B462E
S214026260117831B100211170034A18785268012161
S21402627010477047B7310020100D0020124B02392C
S214026280012910B518701ED8FFF7B2FAD8B104F07B
S214026290CFFFC0B104F0EEFDA8B90C4B1C6834B1B8
S2140262A023689847BDE81040002012F00DB811F0A0
S2140262B0BAFB074B186009F078FB064B18602046BD
S2140262C004F0BEFFEEE710BD1A100020AC2A002034
S2140262D0042A0020002A002038B5044680B10AF0BD
S2140262E04FF801210446084609F06DFB01210846D5
S2140262F00A4A09F06EFB2046BDE838400AF044B868
S2140263000AF03EF821460546012009F05CFB012012
S214026310024A214609F05DFB2846EDE7D4A80300B1
S214026320F0B5324D85B00AF02BF82B78044623B12F
S2140263302F48E8F70FFB00284AD1E8F759FB02AAD4
S21402634003A911F071FF0346002832D011F080FF36
S214026350029B98421ED10020264B03991B68264EAC
S2140263609942307021D9C91A00270123CDE9007756
S2140263701F482B70214A334609F0CEFA00282FD147
S2140263801F4A1378D90717D4204609F0FDFF0020CC
S21402639005B0F0BD11F05AFF029B98421ED0154B75
S2140263A0154A1B680393002010700121FFF7C4FEF4
S2140263B0EAE720462B70E8E731780029E4D103F0BB
S2140263C0FE031370002BDFD10E4B1B689847DBE7EA
S2140263D0204609F0D9FF032005B0F0BD0220BBE736
S2140263E0032320462F703370F3E700BFB731002037
S2140263F0DC290020FC290020191000205D62020022
S214026400B6310020082A002038B5134D09F0B8FF2F
S2140264102B780446C3B9114A11491370114B124A1C
S2140264201A601248124A5A60E8F716FD11491248D5
S214026430E8F712FD114B124A1A60124B1B68124BF8
S21402644002221A6001232B70AFF30080204609F067
S2140264509BFF002038BD00BFB8310020B7310020B6
S214026460DCA80300100D002021630200CC290020C6
S21402647001620200E4A80300D4290020082A0020B2
S214026480D962020000300E40FC2900200D4BD3F8E2
S214026490E020D20314D50C494FF48032C3F8E8202A
S2140264A0C1F8EC209A6BD1B2C2F3072299679A67B9
S2140264B004229A6700229A679A679A679A679A6787
S2140264C0704700BF0010084000100846F8B50C4C94
S2140264D00D461746064609F053FF0123A36204231E
S2140264E027606660A560C4F8E830064B4FF48072F9
S2140264F0C3F8802109F048FF0DB10223A362F8BD5C
S2140265000010084000E100E0054B1860054B012230
S2140265109A6540F6FF72196358635A65704700BF62
S214026520102A0020001008402DE9F04F042A83B0FC
S214026530054639D90B7883614B7883618B78836102
S214026540CB7883610068D5F808B06E6800F0070063
S2140265500123063003FA00F808F1FF3909EA0B07AF
S214026560A2F1040AA8EB0702924501F1040446F0E0
S21402657000560DD8F0192146524612F026F80AEBBC
S2140265800B0248EA09031A40AA6003B0BDE8F08F7E
S2140265902146F019019212F018F8019AA118AAEBF6
S2140265A0080230463A44E8E7013A032AEDD8DFE823
S2140265B002F00B08050211F8013B836111F8013B5A
S2140265C0AB6111F8013BAB610B78AB6103B0BDE880
S2140265D0F08F00BF38B50C46104B1546014668B121
S2140265E00122C3F8B8200E482246FFF79DFF1DB1D0
S2140265F00A4B0422C3F8B820002038BD64B1D3F891
S2140266009C20A24284BF0122C3F8B820C3F8984057
S2140266100222C3F8B820EAE70122FAE7001008408F
S2140266209010084010B509F0ABFE184B184901222D
S2140266309A65C3F888201A66164A5A660722C3F86D
S21402664084200A80144900220A804FF4A021C3F84D
S214026650E81003F1C0630446C3F8EC100F4B1A604F
S2140266600F4BD3F888305B020AD50E4B18680E4BD8
S2140266704FF48002C3F88820416BA43001F012FC6C
S2140266802046BDE8104009F07FBE00BF001008405B
S2140266906E2F0020A81A00206C2F00200C2A002043
S2140266A000400840A0270020004008440D4B072267
S2140266B01A800D4B00221A800C4B0121C3F8B81029
S2140266C0C3F890204FF40052C3F89400C3F8B420E5
S2140266D0074BF0221A6403F10073A0221A64FFF734
S2140266E0A1BF00BF6E2F00206C2F002000100840B4
S2140266F0000008442DE9F041044688B1394E3A4F6D
S21402670009F03EFE3388394A03F07801032C054629
S21402671003F07F0C114453D13C6824B909F034FECF
S2140267200320BDE8F08124F00104386820F001005F
S214026730A0424AD100223A6022886FEA42426FEAB9
S21402674052428C42228036D1294CDFF8B8C02788C4
S214026750ACF180083A46083A92B201F10800604568
S21402676028BF4046082A04D9B0F900E0BEF1000F5F
S21402677036DB22803B440C8888781E499B1ADBB2A3
S214026780C4F30C04CC6300F007003380CB66C1F878
S2140267908420FFF77BFE04280DD1174BD3F88830F0
S2140267A0164B1868164B4FF48002C3F88820416BCC
S2140267B0A43001F077FB284609F0E6FD0020B0E79A
S2140267C0601E012898BF0C46AFE70948624400885D
S2140267D0A21A48BF803208389042ADDC28469DE7B0
S2140267E00146B8E76C2F00200C2A0020A81A0020C9
S2140267F06E2F00200010084000400840A02700200E
S21402680000400844281B00200E490F4B0A881B88AC
S2140268100E481344073B03F0780303440832987883
S21402682092B20A8000F0070009490428C1F88420C1
S21402683004D101F540514A681203FCD4054A13609C
S214026840704700BF6E2F00206C2F0020A81A002071
S214026850001008400C2A002010B5054C206828B10C
S214026860C30701D4FFF746FF0023236010BD00BF15
S2140268700C2A0020084B4FF48032C3F8EC2003F1B8
S2140268807C43C3F8E420D3F88030C3F30C03782BA0
S21402689001D8FFF7FBBD7047001008442DE9F84306
S2140268A004460E4609F06CFD504B514D1A882D8851
S2140268B08146504802F07801032C02F07F0301441F
S2140268C017D14D4C24688CB92A44073A02F0780254
S2140268D084180344E31A48BF8033AB4210DB4846B1
S2140268E009F052FD00242046BDE8F88324F0010496
S2140268F0EFE7012C02D0022CEBD1083D0C46E8E76C
S214026900002E41D08C423D4942D1D1F83C800A6BE0
S21402691002F00702063201279740D1F88020C2F320
S2140269200C029A4247DDB4F900302588002BD6DBEC
S214026930A378C5F30C0503F007037A1EA5EB08053A
S2140269403A43052B337005EA02052CD82DB2E843EC
S21402695040F236420421C00FFFF7EEF97580E37865
S214026960274A337412687B1E03EA0803D118B16003
S214026970A9B213FA85F5BD4289BFFF1A0023B78074
S214026980F2609CBFB180F360484609F0FDFCAAE7BE
S214026990A4F10802824238BF04F17802B2F80080FD
S2140269A0C8F30C08B3E7174BDB6C003B18BF012398
S2140269B0A5EBC305CAE78B6B7A1EA3EB08033A4323
S2140269C01A40114B15B25B686AB9C3F30363D91E4A
S2140269D04B424B41DB0033700B4B7280D3F8903046
S2140269E0C3F30723BCE70823F5E700BF6C2F00209C
S2140269F06E2F0020A81A00200C2A00200010084043
S214026A00102A00200000084000400840431C08D01E
S214026A10044AD2F83C311B0C1B0480B20343C2F872
S214026A203C31704700400840024B10221A7004F0B6
S214026A307DBA00BF1B100020054A1378102B04D025
S214026A4018B123EA010313707047FFF7EDBF00BFCA
S214026A501B100020034BC31A58424FF00101584145
S214026A60FFF7EABF690345EC40B1054B1A8882423C
S214026A7004D2002018800421FFF7DEBF0120FAE7C7
S214026A80702F002010B5044611F044FA00B1A08B16
S214026A90034BBDE8104018800020FFF7E5BF00BF9B
S214026AA0702F002010B5104CD4F8B4305B0004D41C
S214026AB001F040FA0221FFF7BFFFD4F8B430591CA8
S214026AC00FD05A000DD4094B1878012809D9A0F125
S214026AD0080358425841BDE81040A6223121FFF76C
S214026AE02BB90120F7E700BF0081E00F1B10002042
S214026AF0024A137843F00803137070471B100020F5
S214026B00034B1A689B88026083800020704700BF90
S214026B10F60F00200F4B0628D3F8883104D183F4F1
S214026B200013C3F340507047022805D113F4400FF8
S214026B300CBF01200020704750B9074AD2F8D40093
S214026B4010F0010005D083F48003C3F38050704731
S214026B500020704700400E400081E00F0C4A528829
S214026B60B2F5E16F94BFC8225A2210B594BF7824BA
S214026B70502490428CBF172210220A70054A034600
S214026B80107818B19C422CBF0020012010BD00BF17
S214026B90F60F00201F10002013B5234B1B780E2B78
S214026BA004463ED00DF10701FFF7D8FF1E2C8CBF1E
S214026BB01E4C1F4C9DF807304FF001028CBF01217E
S214026BC00021C4F8082170B1194A4DF60174C2F8C2
S214026BD004411B0202F1007243F44043C2F804313E
S214026BE0144AA2F8D430134A134C92F8D83023F041
S214026BF00103034323F0020343EA4103DBB282F8B4
S214026C00D83024786CB923F0040343EA800323F0D7
S214026C100803B2F8D440A2F8D64043EAC10382F889
S214026C20D83002B010BD00BFF60F00200040084664
S214026C3000400844001F0021BB310020084B094ACF
S214026C40D3F88831DB4303F4FE1343F40053B3FA5C
S214026C5083F30E33A3EB4313013B1370704700BF5D
S214026C6000400E401E10002002280CD0062802D03B
S214026C7020B100207047054B18787047034B1878F0
S214026C800430C0B270470720704700BF1E100020B5
S214026C902DE9F7433A4E3B4F96F8009015463A4A8E
S214026CA0D2F8C820B9F1020F0446884607EA02075E
S214026CB01AD147EA006788F80000002372882B6022
S214026CC0B2F5E16F94BFC8225A2227F47F57944246
S214026CD027F008079ABF380A00F47F5043F6C870B8
S214026CE0384303B0BDE8F083284A1278904228BFA2
S214026CF0144604EB83030B70F4B1013CE4B24FF08C
S214026D0030632B606A4601A9204611F02DF8DDE9B2
S214026D10002347EA03671E4B98F800101B7847EAE1
S214026D20823747F47F5747F008073BB90029194BCB
S214026D3018BF4FF07F43C1E7164BE2E7164B1748E2
S214026D40B9F1060F08BF03462AB90029114B18BF2E
S214026D504FF07F43B2E7B2FA82F2C2F11F02D2B21A
S214026D609B5CDBB239B15A1ED2B2FD2A05D81B068D
S214026D7043F00403A2E7074BA0E74FF07F439DE7EB
S214026D80F60F00203F00C0E0001F00211E1000206A
S214026D90BC3100200400000BB883E00FB083E00F84
S214026DA02DE9F3410446C820FFF7F6FE2B4B2C4E86
S214026DB018780E2801D0FF2C05D1FF243470204607
S214026DC002B0BDE8F08102282DD1072C204628BF4C
S214026DD0072001284FF0000301AA0DF1030138BF76
S214026DE00120FFF755FF05461E4B1F4FDDF80480B6
S214026DF0C3F85881C7F8C8509DF80340347020463F
S214026E00FFF7CAFE194A4FEA082303F4E063127832
S214026E1043EA1863A7F8D030002AD0D1C7F8CC507E
S214026E20A7F8D230CBE7A0B9052C32BF002701273E
S214026E300420201A3B4601AA0DF10301C0B2FFF757
S214026E4027FF4FF48003054637B1094AC2F80831D6
S214026E50CAE700273846ECE7064AF7E7F60F0020AF
S214026E602010002000400840001F0021BB310020F7
S214026E70004008460040084408B501F0C9F9094B2D
S214026E80094A002818BF1A46136823F47F115B08C4
S214026E9003F4FE130B431360044B4FF00072DA61E7
S214026EA008BD00BF004108401841084000400840A5
S214026EB008B501F0ADF9064B4FF4001228B1C3F83D
S214026EC000214FF000621A6208BDC3F81821F8E7E5
S214026ED000400844014B1868704700BF142A00207F
S214026EE0436C012B38BF01232DE9F0479A46464BE7
S214026EF0464F9B69464E474D03F4E073A3F5C072B6
S214026F00804645485142514102685245434A0FD194
S214026F1014788C420CD198F8D0C03C78A44507D19E
S214026F2098F815C03478A44502D1A888BDE8F08741
S214026F30B3F5C07FC0F800A011704AD1D8F89440CB
S214026F4024B12368082B58D994F838400F212046DC
S214026F5010F0ECFEBAFA8AF3002852D0B0FA80F2A9
S214026F609B1A002BC6BFD840C3F10F094FF00F097A
S214026F70504501D909F1FF39234B2004C3F8BC0060
S214026F8003F1806340F6FF72C3F8B82003F1007382
S214026F904FEA0921C3F8B81010F0F9FEA88000F0F5
S214026FA025FE09F01F094FF4FA7304FA09F45C434C
S214026FB041F66A03B0FBF3F00A23B4FBF0F45C4339
S214026FC0174B1C6098F8D0303B7098F81530337029
S214026FD0ABE798F8D030062B06D1124B1B78002B65
S214026FE00CBF9624C824B1E7022B08D00D4B1B78A1
S214026FF0002B0CBFB424F024A8E70024A6E7322412
S214027000A4E74FF00F09B7E7006008401D10002004
S2140270101C100020F60F0020180D0020BE310020A4
S214027020142A0020BC31002070B506460C461546D0
S21402703011F0ADF958B3F27CD31E012B1ED9112ADA
S21402704003D81D4BD340DB0718D41C4B1C4AC3F88D
S214027050502103F100730022C3F850210025174B7C
S21402706040F2F712C3F850212B01164A03F4F873C4
S21402707005F007052B43C2F850311AE00F4B104AB1
S214027080C3F8502103F100734FF44402E4E7FF2CE7
S2140270900DD00A4B0A4AC3F8502123042405094A94
S2140270A003F4E02304F0F8742343C2F85031FF2DB2
S2140270B0D5D1002070BD00BF84F60300004008440E
S2140270C00000F70100400846F8B5134B134E1F6840
S2140270D0134D384601F088F83378C4B2A34201D182
S2140270E02B78A3B1092C14D80E4B012C195D05D1AF
S2140270F00D4B1B78022B01D141F0400101F00F022B
S21402710038460909FFF790FF002334702B700020E1
S214027110F8BD0024FA21F1E7A0270020BA310020AA
S214027120B9310020ECA80300F60F002038B504465B
S21402713000F004FD142200212E4811F02CFA2E4BEA
S21402714025781A782D49521B18BF01220A70226828
S2140271501A60C820A2889A80FFF71EFD284BD3F833
S214027160C820284BFF211970274B2849062D03EA11
S2140271700203274A1AD14FF4EE40C2F824014FF414
S2140271808A42C1F82421012243F08043C1F820211B
S2140271901B4AC2F8C8301E4B0322C3F85821FFF719
S2140271A093FF1C4B01221A70002038BD022D4FF0AF
S2140271B007000ED1C2F80C010620C1F80C011649D0
S2140271C0C2F808114FF4404143F00303C2F8041119
S2140271D0DEE7C2F80C010520C1F80C01C020C2F897
S2140271E0080143F08043812243F00403C1F80821DA
S2140271F0CEE700BFC81F0021F60F0020B9310020DD
S214027200001F0021201000202800C0A000400846D1
S21402721000400844BD310020C1004000014B1870F8
S214027220704700BFBC31002073B5264B0446187861
S2140272300E2841D0FF2C42D000283AD1052C32BF6E
S214027240002301230420201A01AA0DF10301C0B273
S214027250FFF71EFD1C4EC6F8CC00019A96F8D850D1
S214027260130203F4E06343EA1263A6F8D2309DF8F1
S21402727003400DF102012046FFF770FC05F0FB0506
S2140272801E2C45EA800594BF0023012325F008053D
S21402729045EAC30586F8D8509DF802200B4B43EA10
S2140272A00223A6F8D6300123094A2046137002B0FC
S2140272B070BD00231846C6E70023FF24F4E7002328
S2140272C0F2E700BFF60F0020001F002100C0FFFFFC
S2140272D0BB310020104A114B00201870D2F8C8307B
S2140272E0C2F8CC30B2F8D030A2F8D230B2F8D430ED
S2140272F0A2F8D63092F8D83003F0FB03990001F0DA
S21402730004010B4303F0F703990001F008010B4355
S21402731082F8D830704700BF001F0021BB31002022
S2140273202DE9F0472D4C2E4B236000F05FFC4FF406
S214027330FA7307464FF47A76B0FBF6F629482A4ADD
S2140273407343190E1B02181841F10001002305F0C1
S21402735047F9A0F580730546A36220B966222B2161
S214027360FEF7EAFC01254FF47A726A434FF0000AF0
S21402737053465008310205F033F91C4B19601C4B7A
S214027380B7F57A7F4FEA05688946044618604FEAE1
S214027390152505D276222B215046FEF7CDFC012676
S2140273A04FF47A73A8FB030103FB05117308C01898
S2140273B041F100010023324605F012F90D4B02346A
S2140273C019600D4B49F10009A408186044EA897453
S2140273D0024B013C1C63BDE8F08700BF005008402A
S2140273E00211010020A1070040420F00242A0020BB
S2140273F0202A00201C2A0020182A0020044B4FF0C6
S2140274000052C3F880211A60024B01225A6070476C
S21402741000E100E000500840074B4FF00052C3F86E
S2140274208021C3F88020BFF34F8FBFF36F8F034BCB
S21402743004225A60704700BF00E100E00050084096
S21402744010B50446A242A2EB0000A3EB010104D24F
S214027450034B1B6B01331844013901F0030110BDC5
S2140274600050084038B502010A4B01259D500A4AD1
S2140274704FF4807383405366044608F081FF074A40
S2140274801378A54023EA05031370BDE8384008F0D8
S2140274907BBF00BF0051084400500840BF310020A7
S2140274A02DE9F0471546044688461E4608F068FF52
S2140274B0022D00F0B880074608F069FF6C4B6D4A53
S2140274C0D3F8189092F815A0DA6D5FFA8AFA520786
S2140274D044BFD3F818900AF1010A08F05EFF664B23
S2140274E0664A1B6811684FEA8A7CA3FB093213F1CD
S2140274F0004301FB09CCD8F800304CEB020C012DFE
S21402750004BF01336344ACEB030C08BFC8F8003079
S214027510BCF1804F0AF0030AC0F09880584AD2F8AD
S21402752000C0584AD2F800E0514A23F04041106B9E
S2140275304FF000480022ECFB01820EFB0122824241
S2140275404FEA937381BF01330130121A03F003032B
S214027550A3EB0A03914588BF4549DFF848C184BFBB
S214027560096B03F1FF3303F003030CF80430A2EBBC
S2140275700900A3B1F10742BF434B41F61F71D9661A
S214027580B30742BF404B4149D966710742BF384BE9
S21402759000211967330742BF354B00211965344B6A
S2140275A004F1100103EB041E0901CEF80C2111228E
S2140275B05A5037499A694FF0010EA2EB090A0EFAA1
S2140275C004F8D3F85C900A785FFA88F848EA020270
S2140275D082450A7026D34FF48072A24019EA020F3F
S2140275E020D11CF8040000283FD10DB3F0071A661C
S2140275F008D5254B274941F61F7240F20110DA667C
S214027600C866DA66B10706D51F4B22491F4A2248CA
S214027610DA66C866DA66720742BF204B01229A60B3
S214027620330719D4384608F0AFFE0120BDE8F087CC
S2140276301B48240140F804E05A6608F0A1FE1449EB
S2140276400B7823EA08030B7008F09EFE384608F013
S2140276509BFE0020BDE8F087212000F0A5F9044B30
S2140276604FF480325A603846DDE71A663846DAE763
S21402767000500840782A0020182A00201C2A0020E1
S214027680202A0020242A00200050084400001F1F41
S214027690BF310020005008460000010100400840AB
S2140276A000510844C0310020024B1878003818BF39
S2140276B001207047BF3100201030034B00011858DC
S2140276C000F00100704700BF005008401030044B25
S2140276D001F46001000141F003011950704700BF38
S2140276E00050084038B508F052FE084B084A9D691B
S2140276F0547DDA6D520748BF9D69E4B248BF013433
S21402770008F04BFE284604F0030138BD005008403E
S214027710782A002038B50B4B03EB0012103000011C
S214027720D2F80C411D58FFF7DDFFAB0706D58442A1
S21402773000D90139204601F0030138BD844238BF22
S2140277400131F7E70050084008B5222000F02CF976
S214027750024B4FF480225A6008BD00BF005008401A
S214027760064B1B68434303EB8171054B1B68A3FB67
S214027770003013F1004341EB000070471C2A002042
S214027780182A00200D4A10B5146820F0404301461E
S2140277904FF000420020E4FB0320094A126802FB75
S2140277A00300084B1B6B98424FEA917104D90133D0
S2140277B00131C01A01F0030110BD00BF202A0020CB
S2140277C0242A002000500840F8B5064603F030FD93
S2140277D0044608B1FFF720FE084D094F00232B612F
S2140277E030466B61AB617B75FFF7CCFFC9B279752A
S2140277F0A8610CB1FFF702FE0020F8BD0050084059
S214027800782A00203B4B082270B501210546C3F8B2
S214027810C8203948394CE9F70BFA394B1D702378E2
S214027820013B012B0CD8237CE07B01229A400C21E1
S214027830302313FB001303F1884303F520431A6039
S214027840304B00225A677DB92F4A4FF6FF71D16737
S21402785002F10072F821D1675D672C4B4FF080422F
S214027860C3F89420002070BD636853B300F0BEF9DD
S214027870626800EB5203B3FBF2F3013B1B0243F0D8
S214027880F80326782049224A022E1CD0032E1D48D1
S2140278904FF6FF7521D0012E27D143F00203CD67A4
S2140278A0D36707234367237CE07B01229A400C219F
S2140278B0302313FB001303F18C4303F520431A60B5
S2140278C011E0F823DDE743F001034FF6FF70C867C7
S2140278D0D3670C4B05225A67E5E743F00503CD67ED
S2140278E0D367012343670B4BB8E7CD67D367002303
S2140278F0F8E700BF00400E4600350A00282A00209E
S214027900C53100200000084000000844004008443A
S2140279100000084600400846F8B5064604460FCE64
S2140279201C4F3D460FC533682B601B4B1B48082275
S214027930C3F8C8200121E9F77BF9194A00235367E7
S214027940A37BE17A1B0443EA0123217A0B43936764
S2140279503B78032B1BD8DFE803F01402080E617B8A
S214027960207B00230422EAF749FB217CE07B0023EC
S2140279700422EAF743FBA17A607A01230422EAF79B
S2140279803DFB084B1878BDE8F840FFF73BBF0120E7
S214027990F8BD00BF282A002000400E4600350A0027
S2140279A000000840C5310020044BD3F89430002B69
S2140279B0BCBF034BC3F88000704700BF00400840BE
S2140279C0000008404FF0006318B1034AC2F8943032
S2140279D07047024AFAE700BF0040084600400844E3
S2140279E008B5074B1B681A68064B920019684FF0D9
S2140279F0045010F0EAFDBDE8084000F05BBF00BF8F
S214027A003C2A0020402A002007B501A8EAF740FDDC
S214027A10134B144AC3F8442148F2E672C3F83821DD
S214027A204FF40862C3F834210F4AC3F8A0200F4A65
S214027A304AF63F41916002F580424FF0C071916272
S214027A400022C3F8FC200A4AC3F89C20094B7F2276
S214027A505A6203F1007323225A6203B05DF804FBF4
S214027A6000400840C0E653517A27000F0030084015
S214027A70806D630300300844064B1B783BB1064B0F
S214027A80064A1A60064B074A1A6000207047022010
S214027A90704700BFC6310020402A002030A90300EC
S214027AA03C2A00202CA9030038B51B4B0022C3F841
S214027AB08820C3F88C20C3F89020184A4FF400712F
S214027AC05162174A0121D1605A6812F0706FC2F3F0
S214027AD00365F9D14FF00452DA671249124C0122BB
S214027AE0C3F880201966227008F0C3FB0F4B25707E
S214027AF0186820B10E4B1868003818BF012040F2F3
S214027B007E525421FEF718F90A4B1B6898470A4B17
S214027B100122DA6038BD00BF00400840000008407D
S214027B2000400846A01F0021C6310020402A00203F
S214027B303C2A00201C0D002000400844034BFD2276
S214027B40C3F8C8200122C3F8CC20704700400E4676
S214027B5038B5FFF7F3FF1B4B1B481C4C1C4902228F
S214027B60C3F8C8201B4B1A6842B102EA0005A542B8
S214027B7004BF5D68156008338B42F4D1164B0222AF
S214027B80C3F8C820154B164AD3F83C111160154AA3
S214027B90C3F8942000F0DAFBFFF736FF124B0322FD
S214027BA0C3F8D820A3F500530122C3F894204FF45B
S214027BB06072DA604FF04072C3F8F820C3F8102102
S214027BC038BD00BF00400E460000FFFF0000084020
S214027BD0B081E00F0080E00F00400E4400400840F5
S214027BE0200D00200048F0000060084608B5EAF7BD
S214027BF049FE044BD3F81031C3F308230133B0FB1C
S214027C00F3F008BD00400E4070B5044618B1284D8A
S214027C102268531C00D170BDC2F30063110C35F804
S214027C20130011F0FE0F93B243EA0043606818D0C7
S214027C300434CAB2022A216808D9D4E90160033A98
S214027C40C3E9001698600C340C33F3E704D162687B
S214027C50C3E900120834DBE7012AD9D104341960DB
S214027C60D6E7120F072AF5D8DFE802F00704090D57
S214027C701013181DC04303F180631860EAE71A6800
S214027C8042401A60E6E703F1C063F6E710F0ADF88B
S214027C90E0E70122824003F1C063F2E7012282405C
S214027CA003F18063EDE71A6830EA0202FBD1D1E7FE
S214027CB0F6A80300024B0122C3F89420704700BFC7
S214027CC000400846024B0122C3F89420704700BFCA
S214027CD000400844024B4022C3F89420704700BF7D
S214027CE000400844024B4022C3F89420704700BF6D
S214027CF00040084608B50C4B1B68D3F8943023B1F5
S214027D001A68022A01D9186A08BDFFF76FFF074BE7
S214027D101B6D024698B20028F6D0C3F30743D2087A
S214027D205343B3FBF0F0EFE7A027002000600840C3
S214027D30064B5B68C3F30363984206D1044A536B4F
S214027D4023F0F00343EA01115163704700400840F4
S214027D50001F002110B50446FFF7CCFF104AD2F8E8
S214027D6030311B040F4B1B6C03F4C05348BF400852
S214027D70B3F5805F0ABF136BC4F30113C3F3416309
S214027D80022B05D0032B09D0012B00D1400810BDD1
S214027D90C4F3C4240134B0FBF4F0F8E78008F6E735
S214027DA000600840000008402DE9F0470E4610F03B
S214027DB006F8DFF8B090DFF8B0A08046002508F09D
S214027DC0DFFAD9F80430C3F30363012B07460BD15D
S214027DD0711C1AD00FF0F3FFA0EB0805384608F026
S214027DE0D3FAAE42EBD80DE0052BF1D00B2BEFD039
S214027DF0023B012B0CD9013602D00FF0E0FF3846C9
S214027E0008F0C2FA1648BDE8F08708F0BDFAD6E7D1
S214027E10DAF808301A04C3F389140FD4013602D0F4
S214027E200FF0CDFF384608F0AFFA24B2A4F1C8002E
S214027E306FF4FF739842B8BF1846E4E7731C03D08A
S214027E400FF0BDFFA0EB08056FEA84546FEA945466
S214027E50384608F099FA14F5007FC2D0E6E700BF6C
S214027E6000FEFFFF0040084000700840024B01225F
S214027E7018619A60704700BF00200840084910B594
S214027E80D1F8703140B11C464A68D1F870319C4234
S214027E90F9D1C2F30362027003F00F0010BD00BFF7
S214027EA000400840094BD3F8883001F0800103F403
S214027EB080030B4309D1064B4FF400129A61837F6D
S214027EC01BB1044B0122C3F8F8207047004008405B
S214027ED0006008440060084610B508F051FA084BE6
S214027EE01B6804463BB1984728B1002200204FF495
S214027EF0806100F00BFE2046BDE8104008F044BA50
S214027F00442A0020094B0A48D3F8B41010B521F0D1
S214027F101F01D3F8FC400904090C0FF098FF24F067
S214027F207F41BDE810400FF092BF00BF0081E00F16
S214027F30CF13468B2DE9F84F044610B90020BDE852
S214027F40F88F00F11703B3F5002FF7D21E4F1F4A22
S214027F503D78002390469D4218D8FFF7D3FF21684C
S214027F600FF09BFF61680FF098FFD4F80C90002684
S214027F704FF0240AB14511D123698342DED1062D82
S214027F8008D048F8254001353D7003E052F8041B3E
S214027F90A14201D10120D2E70133DCE7A2680AFB45
S214027FA006F312EB030B0CD00BF12301B1F5002FF5
S214027FB007D2D1580FF071FF04220BEB02010FF02B
S214027FC061FF0136D6E700BFC7310020482A0020ED
S214027FD02DE9F0411F4CDFF89080069F0646A2FB73
S214027FE003502C1960F1000E9C46A0454FF000038A
S214027FF073EB0E0E07D24FF4B4720E211846FDF73D
S2140280009BFE02201BE00029FBD0C6F3130601EB01
S2140280105C04B4FBFCF4A4FB0646E40C44EA4634D7
S2140280200D4E34600D4C22600D4A914209D10D4A24
S214028030A5FB025302FB00339B093B600020BDE810
S214028040F081C4040A46E80444EA553104F0C8FA4A
S2140280503860F3E700C9E876602A0020642A002028
S21402806000F049020A3BB2DF0046C32338B5164D7C
S2140280702B780C4623B9154B1B6D03F03F032B7070
S214028080134BD3F894305B051CD5124BB0FBF3F0C0
S21402809040F24D534343A3F546430C3B584300F589
S2140280A0C91000F5556028B940F21B322B21FDF7A6
S2140280B043FE01202B78084A5343B3FBF0F300201B
S2140280C0236038BD0220FCE7CB3100200030084098
S2140280D00040084000366E018096980070B5374C16
S2140280E0374B256B374C1B682468ED024CBF1B19B7
S2140280F01B1BB3F1804F04D8002B3AD1324E1C46DC
S2140281000AE0B3FA83F4314EC4F10204E340304D80
S214028110AB4201D901345B0803EB5605B5FBF6F515
S2140281202C4EB34234BF002601262403013D44EA06
S21402813086242C430C60D8B1B3FBF0F1642400FB18
S21402814011336343984288BF01F1FF314808013872
S21402815001390728204D214C4FEA510311D900213D
S21402816029700621C4F894101B0243EA0013136018
S21402817070BDB3FA83F4D4F10204134EC6D50024BC
S214028180C5E71029EBD068B1012129700621C4F891
S2140281909410134909780029E6D012490224C1F83E
S2140281A09440E1E7012914BF0121002129704FF014
S2140281B00601C4F89410ECD1D6E700BF00300840A0
S2140281C0642A0020602A0020E0673500C0CF6A00DB
S2140281D03FBE4025401B5F13C831002000400844C4
S2140281E0C931002000400846084B5B6B03F00700CD
S2140281F0C3F3C20213F0380F18BF5043C3F3821200
S21402820013F4E07F18BF5043704700BF00300840A9
S214028210034BD3F8380180F01000C0F3001070470B
S21402822000400840174B4FF4002210B5C3F89420C4
S214028230154C164BB0F1804F88BF1C46144BDA6CB7
S214028240D2071DD51B6F134A04F5F42404F5907467
S214028250B4FBF2F4033CE4B203F00703A34202D0F9
S2140282602046E9F741FE0C4B1B784BB10B4B4FF403
S2140282707022C3F8942003F100732404C3F89440D8
S21402828010BD00BF00400846E0673500C0CF6A0058
S21402829000300E4040420F00CA3100200040084421
S2140282A07FB50446EAF72AFB1C4B06462C33586871
S2140282B00093A37922683146FFF78AFE054648BB3B
S2140282C0A379012B14BF164916491022C1F838218A
S2140282D0206815495843FFF7C9FE03AA02A930468B
S2140282E0FFF7FCFE0F4A43F6FF53C2F8A4300C4BCE
S2140282F00299C3F8A4104FF4EE611163039A1A634D
S2140283002068FFF78FFF094BA2881A6203F54053D5
S21402831000229A63284604B070BD00BF00300840B1
S214028320004008460040084450300840000008401C
S21402833008B5044B01221A70034B1868FFF772FF48
S214028340002008BDCA310020642A0020024B4FF4E8
S2140283508062C3F894207047004008460D4BD3F85D
S2140283600421D3F8B030D2B2FF2A03D043F3074336
S214028370591C01D190221923074903EBD37302EB50
S2140283806302022381F84230232381F8432081F8D6
S214028390413070470081E00F001F002140B10368A2
S2140283A0012B05D90069034B002808BF1846704701
S2140283B000487047FCA80300064BD86DDB69C0F383
S2140283C0011203F01F03000C02FB000001331844E5
S2140283D0704700BF0060084070B504461F480D464F
S2140283E0FFF7D0F91E4BD3F8306116F400464FEA79
S2140283F0C01015D000F574431A4C1B4A2433B3FB45
S214028400F2F32B60194B00EB5400B0FBF4F06860FB
S2140284105B68D9020AD5002406B10334AC6070BD8D
S214028420002CEFD1114B5B68D802F7D4104B0F49E2
S2140284301B68D1F8A820C3F3810312F4806403F109
S214028440010309D1D2B2FF2AE6D0D1F8AC205205F8
S21402845048BF04EBC304DFE7DC00F3E740420F004B
S2140284600060084020A1070048E80100000008401C
S21402847000200840084B1A68C117A2FB000310F13F
S214028480807002FB013343F10003400E40EAC31042
S214028490803820EAE07070476C2A0020174B0722CB
S2140284A070B5C3F88420FFF7A1FB154B154A164E8C
S2140284B0C408010B0546E005C01841F1000100237F
S2140284C004F08EF8114B18604EF66020FFF7D2FFCC
S2140284D04042C6F89C000E48FFF754F9024658B1CF
S2140284E0E301500818184FEA15714FF0000341F1E6
S2140284F0000104F075F8706770BD00BF00400840C8
S214028500B2E60E0065CD1D00001F00216C2A002079
S21402851040420F002DE9F047064608469846FFF708
S2140285203DFF15460746002E00F0B08018F0050FF6
S21402853063D03469002C00F0AB80FEF7CBFC4FF41E
S2140285407A735C43201A7B68A0F6AC50C01AFFF719
S21402855091FFB48B6862002C00F09D80FEF7BAFC97
S2140285604FF47A735C43201A7B68A0F6AC50C01AAC
S214028570FFF780FFA861614BF468D3F80090DFF83C
S2140285808CA1002C00F0B080FEF7A4FC4FF47A73A6
S2140285905C43241A7B68A4F6AC54E41A99F81130AA
S2140285A0053B012B7AD8DAF80020A4F53E44EB3CD2
S2140285B0E117A4FB023402FB014413F1807144F17B
S2140285C00000490E41EAC0118039E9614C49A2FB1C
S2140285D001219B1A64EB010413F1807344F1000439
S2140285E05B0E43EAC413803B2B62B469FEF772FC4F
S2140285F0014620460FF0FEFC286318F0020F29D031
S21402860073684FF47A7058435BB13B6803F51C53AA
S21402861010331844B37F002B46F2A81308BF00237A
S2140286201844FFF727FF7369E862002B5FD078686B
S2140286304FF47A7202FB0300B37FA0F50350002BBF
S214028640A0F1100046F2A81308BF0023C01AFFF7D5
S21402865011FFA86218F0040F18D0B068002849D09D
S2140286604FF47A735843A0F503501038FFF702FF11
S214028670286133684FF47A70584323B13B6803F598
S2140286801C5310331844FFF7F5FE6861BDE8F08707
S2140286904CF250305BE74CF2503069E73B68E41A24
S2140286A0DAF80020E117A2FB044314F1807402FBFF
S2140286B0013343F10003640E44EAC314803C114BB9
S2140286C0EC61114CD3F884302B622368002B8CD0DB
S2140286D048460FF0FAFD002887D02368D9F84800EC
S2140286E02A463946984780E74CF25034D8E747F294
S2140286F03050ACE747F23050B8E700BFA027002062
S214028700101B0200001F0021682A00206C2A00208D
S21402871008B9FFF751BE034881420CBF2F20BC2088
S214028720704700BF48E80100E0B5074608461E4607
S21402873015460FF04BFB7B7C053B012B06440DD800
S2140287400C4B4BF6EB61002D18BF19464FF4FA722C
S2140287500A44094892FBF0F03044E0BD074B084A51
S214028760D3F8F800FFF71AFE01680029A8BF4FF4F5
S214028770FA72EDE7FBD9020018FCFFFF001F00218A
S2140287800CFEFFFF2DE9F04F384C0A4685B00D4629
S214028790002181460FF0FFFED4F8C83043F06C0289
S2140287A09A4204D00025284605B0BDE8F08F304B2B
S2140287B0DB68D907F6D4FDF701F90028F2D0D4F821
S2140287C01061C6F30826002EECD12A4C2A4BD3F8A9
S2140287D01880D4F884300193284B4FF060529A6187
S2140287E003F100734FF000629A612423C4F88430C8
S2140287F0234B04221A604FF4804A4FF48053C4F885
S21402880068A0B3466362AB4512D31E4B04221A60BD
S214028810184A019BC2F88430184B4FF06051996198
S21402882008EA010318498B614FF480439366BAE75E
S214028830226E5204FCD52268D305F9D5C4F868A086
S2140288400136D4F888200392012EDCD9A5EB0B075B
S214028850042FA8BF04273A4609EB0B0003A95F447E
S2140288600FF0B3FE1FFA87FBCDE700BF00400E40B5
S21402887000400840000008400060084000600844CD
S214028880004008460040084400600846074BD3F8FC
S214028890D8304FF604014FF605029BB28B4208BF52
S2140288A01346034A01209365704700BF0081E00F1C
S2140288B00050084070B5194C0FCC86B001AD0FC5FC
S2140288C0CC22236816482B6000210FF064FE842217
S2140288D0002114480FF05FFE134B144AC3F8F02031
S2140288E0FFF73CFD124B1B782BB101AD0FCD0B4EA3
S2140288F00FC62B6823600F4B0F4AC3F8DC2F0F4AB4
S214028900C3F8E02F0E4AC3F8E42F02F1957202F282
S2140289104952C3F8E82F06B070BD00BFC81F002139
S214028920341F0021B01E0021001F00213F00370027
S214028930BD310020001000210200620609C8056E43
S2140289400704DC060A4B197801F0FF0229B1002160
S214028950197008499202C1F8A020597801F0FF0266
S21402896029B1002159709302024AC2F8A430704716
S214028970CC31002000000846074BD3F8E00E074B28
S214028980D3F88C301A0103D4054B1B6E1B0401D599
S21402899000F58070704700BF0010002100400840BC
S2140289A00000084008B507F0EBFC0F4B1A78B2B986
S2140289B00E4A126812F4843F11D10D4A1021C2F8F1
S2140289C094101B786BB9094B1B68DB0509D4084B5E
S2140289D02022C3F89420BDE8084007F0D5BC054A1B
S2140289E0ECE7044BF4E700BFD0310020281B002040
S2140289F0004008440040084610B507F0C1FC0E21AE
S214028A0004460320FFF794F9044B40F20122204665
S214028A105A62BDE8104007F0B7BC00BF000008402D
S214028A20044B00221A70044B197811B11A70FFF722
S214028A30B9BF7047CF310020D031002008B507F00B
S214028A409FFC234B4FF08052C3F88020BFF34F8F1A
S214028A50BFF36F8F4FF48072C3F88020BFF34F8F3F
S214028A60BFF36F8F0222C3F88020BFF34F8FBFF38E
S214028A706F8F1022C3F88020BFF34F8FBFF36F8F24
S214028A802022C3F88020BFF34F8FBFF36F8F4FF0C3
S214028A900052C3F88020BFF34F8FBFF36F8F802240
S214028AA0C3F88020BFF34F8FBFF36F8F4022C3F807
S214028AB08020BFF34F8FBFF36F8F0122C3F884204D
S214028AC0BFF34F8FBFF36F8FBDE8084007F05CBC63
S214028AD000E100E008B507F053FC0B4B4FF0805264
S214028AE01A604FF480721A6010221A6020221A60EE
S214028AF04FF000521A6080221A6040221A60BDE8C7
S214028B00084007F041BC00BF00E100E070B5084C29
S214028B1001232370074B1E68074BD3E900533240EC
S214028B201940284001F022FA0023237070BD00BFCE
S214028B30CE310020742A0020281B00202DE9F047A1
S214028B40DDF820A003EA0108099B06460D4602EA64
S214028B50000703EA0A09BAF1000F40F04D81031F2D
S214028B600B4300F01381052871F1000380F0E780C3
S214028B7050EA010300F06081431E0B4300F021819E
S214028B80FFF75CFFAD4AD2E9004323EA050324EA75
S214028B9006043C4343EA0807A94BDFF8F8821E683E
S214028BA026EA0A0646EA09061E60C2E90047FFF7F9
S214028BB0F9FEA44814F02A4FC26E14BF48F202030C
S214028BC04FF40043B50748BF43F400539E4D83EA73
S214028BD0020122EA0302EA669C4A81660B40D366D9
S214028BE0C4F380421203200348BF42F48072E106B7
S214028BF048BF42F40052A30648BF42F4007265061C
S214028C0048BF42F4806220069148924DD0F80C325A
S214028C1048BF42F4006282EA030123EA0203C5F86F
S214028C200C328D4BC0F80812C7F340250A40AD043B
S214028C30E10448BF45F48035C3F80C22A20348BFBE
S214028C4045F48015A30748BF45F4800514F4001FB9
S214028C5006D0D8F800000FF09DFB08B945F40025B1
S214028C60E00248BF45F40035F9067C497C4848BF17
S214028C7045F40005620248BF45F400150A6A730708
S214028C8048BF45F0040585EA020323F001031A40B3
S214028C9002621D40CB61734B73481D62734B744A6C
S214028CA016F0010F18BF1A46836E7D0748BF42F4BE
S214028CB00012704D82EA030123EA0203AB666E4B92
S214028CC041660A4000F500509A66C16B04F0010343
S214028CD005F5005581EA030221EA0301E96382638E
S214028CE01A40664BDA63D8F80020200248BF644B6D
S214028CF092F8E92058BF634B610748BF43F480638C
S214028D0022B114F4C06F18BF43F480735E485F4C00
S214028D10D0F8EC10320748BF43F0004383EA010262
S214028D2022F4A0221140C4F8EC101340C0F8E82048
S214028D30574ABDE8F047C2F8EC30FFF7CBBEA0F5C5
S214028D4080630B4306D020F48063A3F500730B43C5
S214028D507FF416AF07F014FB3849D1E9003223EA54
S214028D60060322EA050242EA08023B43C1E9003250
S214028D70484A126892F8E9200AB313F4C06F1ED06C
S214028D80434B4FF48072C3F8EC2014E007F0F8FA75
S214028D902A4AD2E9003123F004033B4341EA0801A0
S214028DA057EA0807C2E9003114BF394A374A4FF476
S214028DB08063C2F8EC30BDE8F04707F0E5BA334B03
S214028DC0DFE707F0DDFA1D4AD2E9003123F001039E
S214028DD03B4341EA0801C2E900312F4A57EA080735
S214028DE04FF0010315BF93632C4902F1C062CB63B7
S214028DF014BFD3639363DEE750EA01037FF4C0AE89
S214028E00BAF1010F7FF4BCAE07F0BAFA0C4A136847
S214028E1023F0010343EA09031360134A4FF4806305
S214028E20B9F1000F04D0536602F1C0629366C2E73E
S214028E3010498B665366BEE7BDE8F087281B002004
S214028E40742A00200000084000000844000008467B
S214028E500060084000600844006008460040084081
S214028E60004008440040084600500840041C5000D9
S214028E700418500000500844005008460070084687
S214028E800D0A0A09090A0A090010084000100844D7
S214028E9000100846A0270020007008400070084412
S214028EA0024B5868C0F3C000704700BF281B002062
S214028EB0024B186800F00100704700BF281B002014
S214028EC0024B5868C0F3C030704700BF281B002012
S214028ED010B50446FEF73CFEFFF7B0FD04F14C0069
S214028EE0FDF7E4FBFEF7E0FDFEF71AFAFEF786FA58
S214028EF0FFF7D4FA1049114AD1F8F810072304F103
S214028F00A400FFF707FB4FF440010020FEF7DEFB4C
S214028F104FF400110120FEF7D9FBFFF7B7FC20B98A
S214028F2040F2E7221421FCF707FFFFF701FABDE83B
S214028F3010400120FEF766BC001F0021681F0021BA
S214028F40084B8022C3F8882003F17E430822C3F828
S214028F508820054AD2F8B03E23F02003C2F8B03E7D
S214028F60704700BF004008460010002108B507F011
S214028F7007FAFFF7E5FF034B01229A60BDE80840B7
S214028F8007F002BA00400840F0B583B00646144621
S214028F9002F04EF9002800F09B80514BDD6815F078
S214028FA0060540F0958007F0EBF923790095022B31
S214028FB007463ED1237B022B35D00320FEF77CFBEF
S214028FC018B9484B5B685B047FD5A37B257B464973
S214028FD0A2680192003B18BF0123012D0B705DD0E1
S214028FE0424A434C002313702278002A61D13C4E39
S214028FF00420FEF737FAF36E23F0F85323F4F8133F
S21402900043F0506343F48033F3662A46022301A9F1
S2140290100420FEF745FA002852D0364B01213022B2
S2140290202170C3F89420384607F0AEF9002003B04A
S214029030F0BD0320FEF740FB002846D12279D6F881
S214029040AC30012A226838D0D51A254B2A4A009518
S214029050DA6600221A67627B284B002A0CBF0122BE
S21402906000221A70264B264AD3F8B03E0CBF43F0B5
S214029070200323F02003C2F8B03E0320FEF7F2F9E5
S214029080174B204ADA662279012369460320FEF747
S21402909007FAF8B11C4B01221A708BE72379022BD0
S2140290A09ED0009BD6F8AC100B44134400250193C7
S2140290B096E72370FFF776FC99E79A42C5D3C3E793
S2140290C00320FEF7CFF90C4BF366384607F05CF93F
S2140290D00320ACE7384607F057F90120A7E700BFA0
S2140290E00050084000400840D2310020CF31002016
S2140290F0D03100200040084600000101D131002096
S21402910000100021010C0100D33100202DE9F341AB
S2140291100D46074607F034F91B4BDFF8788000242B
S2140291201C70FFF70DFF194BC8F86C30C8F870407A
S21402913006466879431E5842584101F0D1FC40F673
S2140291400143C8F870302A792968D7F8B430012A62
S21402915001D1994200D3CC1A04230DEB030103205C
S2140291600194FEF79DF950B9094B88223046C3F8A0
S214029170882007F009F9012002B0BDE8F0813046E8
S21402918007F002F90020F7E7D331002000000101C2
S2140291900040084400500840F8B5194C05462078AF
S2140291A0B0FA80F040F206423E214009FCF7C4FDC8
S2140291B055B96078B0FA80F0BDE8F84040F2064251
S2140291C03E214009FCF7B8BD0E4F0F4DD7F8A03030
S2140291D04FF44066C3F381232370C5F8A06060781D
S2140291E0B0FA80F040F206423E214009FCF7A4FDA8
S2140291F0D7F8A430C3F381236370C5F8A460F8BD22
S214029200CC3100200000084000000844F8B50B4CA2
S2140292100B4DD4F888300B4F0423C5F88830D4F8A9
S21402922088305B0300D4F8BD0426C7F888600220A5
S2140292300EF0DBFDC5F88860F1E700BF004008408D
S21402924000400846004008441C4B70B5D3F88860BE
S2140292501B4D03F18063A822C3F8882010221A60EF
S214029260184A194B93666B66FFF76CFB174B1B7815
S21402927013B90320FEF7F6F800242C67FFF7C6FFA3
S214029280134A144BD2F8E01E0B40C2F8E03E124BD3
S2140292900422C3F88820114BB206C3F8B84008D59A
S2140292A003F580735B6CB3F5817F22BF034B80228C
S2140292B09A60BDE8704001F019BE00BF0040084049
S2140292C0005008400050084410000002D33100202D
S2140292D000100021DF0000FF00400844001E0021AD
S2140292E010B528B971B9174B4FF4C0625A6210BD57
S2140292F041B9154A53681B0E13F00E0FF3D11368CB
S2140293009A06F0D4FFF778FB0F4C0020FEF7B6FD66
S214029310032801D0092806D1D4F88C30DB03F4D414
S214029320636F0C2BF1D9FFF771FF084B4FF40072F5
S2140293305A62074B0122DA6003F17E430422C3F825
S2140293408820D0E70060084400400840000008403B
S2140293500040084608B503210920FEF7E9FC024B47
S21402936020229A6008BD00BF0040084038B5054676
S21402937007F006F80446FDF755F935B1FFF750FB3E
S2140293802046BDE8384006F0FFBF084B1B78002B8E
S214029390F6D0074B1D78002DF2D1FFF741FB2A4687
S2140293A04FF480400021FFF7B1FBE9E7CF31002000
S2140293B0CE3100202DE9F84F5B4B0646D3F88830B5
S2140293C00D461446002A40F0A98013F0A00F14BFE1
S2140293D04FF001094FF00009DFF86881534F01F0A2
S2140293E085FDA023C8F888300320FEF73BF804204A
S2140293F0FEF738F84FF0000AFFF712FB4C4BFB66FD
S214029400C7F870A0FFF702FF4A4BD3F8B02E42F01F
S2140294102002C3F8B02EFF22C8F80020424A4FF4BA
S21402942080719160D3F8E02E43494FF0040B11404F
S214029430C3F8E01EC8F888B0C3F8B8AEFB6813F0ED
S214029440060F04D0FEF780F95846FEF70BF8B9F17E
S214029450000F08D0394B4FF40062C3F88820384B0F
S2140294604FF400425A6666B1354B5B6C180701D45E
S214029470FFF7C2FAFFF76EFF0420FDF7F3FFFFF7D0
S21402948061FA294BDA68D10743D55A6812F0706F31
S214029490FBD12C4B2C4AC3F888202C4A536B23F062
S2140294A0F003536315B12046FFF760FF284BD3F84D
S2140294B0B4305A1C05D05B0003D4264B1B78012B14
S2140294C02FD8204B0122DA601CB31D4BDA6E9A6647
S2140294D0154A136A23F00103D3611F4BD3F80C22FB
S2140294E0C3F80822A3F54053DA6F9A67A3F5005330
S2140294F0D3F8EC20C3F8E82003F5C043DA6B9A638E
S214029500A3F50053154A5A660E4B4FF60842C3F8A7
S2140295108820BDE8F84F002001F0FEBE4FF000099B
S2140295205AE7082BD0D1CCE700400840005008404C
S2140295300000010100100021DF0000FF0040084685
S214029540000008400040084410003000001F0021C0
S2140295500081E00F1B100020006008405000F0025F
S2140295609A4B196EDA6E2DE9F04F01EA0209C3F83A
S214029570689003F5805385B0D3F8E060D3F8EC200A
S2140295801640C3F8E86003F5A043D3F80012D3F8F8
S2140295900C2201EA020AC3F808A2A3F5005359698D
S2140295A01A6A01EA02088A4A08EA0202DA61894B62
S2140295B0D3F80022910006D4D3F800319A00C3F300
S2140295C0407740F1E18006F0DBFE834BDA68DF6D20
S2140295D012F0060F9A6E07EA020727F4800222F4B8
S2140295E0006214BF4FF0010B4FF0000B5A667B0768
S2140295F004D57A4A537D0133DBB2537506F0C4FEB6
S214029600B9F1000F00F0DF8019F4004427D006F00D
S214029610B7FE0146FFF7B0F96F4D0446AA69AB697B
S2140296209A42FCD0AA699342FCD0FFF7A5F9A04261
S21402963040F0AC80084606F0A7FE694B1C60694BFA
S214029640D3F8885015F4E05240F0A28024F07F440C
S21402965024F0DF040CB9FFF7F7FD4FF0807419F021
S214029660020F4FF0000516D05E4B5F49D3F88830E4
S21402967003F46042C1F88820002A00F09E801D0490
S21402968000F19E8013F4005F0CBF4FF000534FF0C2
S21402969000631C430025C9F340394FEA4909534B7E
S2140296A03340002B4AD016F4206F0AD040F605024B
S2140296B006210020FCF740FB0020FFF757FE26F4A9
S2140296C08026F00506D5484BFF221A6044F4C06493
S2140296D0FFF792F916F0090F0AD040F61A0208218F
S2140296E00020FCF729FBFFF735FE414B01229A6268
S2140296F016F0106F0CD040F6230209210020FCF76A
S2140297001BFBFFF727FE002211461046FCF762FFFE
S21402971016F4202F0AD040F62B0207210020FCF771
S2140297200BFB0020FFF722FE26F48026F10301D56C
S214029730FDF7A0F8002EB8BF49F0080972070DD54C
S2140297402B4B5B6A13F4005F14BF2A4A2A4A4FF473
S21402975000531ABF536244F400045362730548BFB1
S21402976044F0040416F4802600F0AA80FDF74CF8B4
S2140297700138062842D8DFE810F02E0131012E010A
S214029780340137013A013A01BB4639E7044645E758
S2140297900192FFF759FD144B019AC3F8882015F47D
S2140297A0805307D115F4806F0CBF4FF080544FF0F2
S2140297B0806454E74FF0804451E74FF0007368E747
S2140297C04FF0004365E74C464D4668E70000084008
S2140297D00000F7FF00E100E000500840782A002071
S2140297E0702A00200040084000400844090B0B89FC
S2140297F000100840001008440010084640F65C02BC
S21402980003210020FCF798FA844A136ED2F88000EF
S21402981003F007030633012101FA03F3C0F30C0039
S2140298201B1A9BB2072B13D97D4BD3F888305802EC
S2140298300ED47C48136B126DC06C58B103F007034C
S21402984006339940C2F30C03C91A89B2072901D814
S21402985044F40074744B1B78002B31D06F4BD3F852
S214029860E03013F4A02F2BD1704B714A1B7893B9BA
S214029870F90410D4137873B1E3086E4943EA4573CA
S21402988083F00103D1F8E01E03F001035B0021FA26
S21402989003F39B0714D10420FDF7E4FD664B6749EA
S2140298A0D966FFF7BDF8624A13782BB9644B654A4E
S2140298B01B682340134201D144F4804427F48057A6
S2140298C0BAF1000F1DD01AF4805F18BF44F480244A
S2140298D01AF4807F18BF44F400241AF4005F18BFFD
S2140298E044F010041AF4007F18BF44F020041AF45F
S2140298F0806F18BF44F040041AF4006F18BF44F09B
S2140299008004B8F1000F48D018F4802F18BF45F431
S214029910007518F4803F18BF44F4805418F4801F72
S21402992018BF44F4003418F4800F18BF44F0020441
S21402993018F4003F09D03A4BD3F88830580059D56E
S214029940414B1B68984704430D4318F4000F18BF99
S21402995045F0100518F4002F1AD0364BD3F8B03E57
S21402996013F0C00F14D02E4B5A68C2F30362032AB8
S21402997001D0072A07D1D3F88C20D10603D4D3F816
S2140299809020120739D54FF40022DA6128F4002815
S21402999018F4001F18BF44F48004002F00F013814F
S2140299A0380540F18680294ADFF88CA0D378002B50
S2140299B052D0013B4FF40061DBB2CAF86410D37098
S2140299C033B9234B1B78DBB1224B40F60142DA66F1
S2140299D0002300226BE044F4803415E744F400646C
S2140299E012E744F480640FE744F480740CE744F012
S2140299F0080409E744F48014A7E744F40014C7E710
S214029A00DAF8703013F4A05F15BF4FF4807340F697
S214029A100143CAF85030CAF87030D9E7001008403F
S214029A200040084000000840D0310020CF3100201E
S214029A30D131002000100021005008400000010132
S214029A40281B0020088D0100380D0020C0310020A0
S214029A50D3310020005008460320FDF703FDDAF854
S214029A600C30AD48AD4913F0060F02BFAC4B41F6C1
S214029A701F72DA664FF40063CAF86430DAF80C3004
S214029A8013F0060308BFCAF87030C38A13F40062E4
S214029A9061D023F40063C3820B7803F0FF0A002B25
S214029AA05DD1FDF751FEFFF7CFFB534620221C4344
S214029AB01543B9010BD52E20FDF776FF984A4FF0D5
S214029AC00073936602F17C4245F008055366FA0677
S214029AD008D52B20FDF768FF914A1023936602F102
S214029AE07C42536617F4E00F05D1FB045FD5BBF149
S214029AF0000F00F0B780B80210D52920FDF754FFFA
S214029B00FFF7CEF940B18749874A884B53668B6682
S214029B1087494968490425D445F0040517F4800BA3
S214029B20DFF804A22AD00420FDF79CFC2720FDF7CC
S214029B303BFFFFF789FB4FF48003CAF864307D4B86
S214029B40D3F8E02E520600F186807B4B02221A6082
S214029B5045F0020528E00B784FF40053A7E74FF4D0
S214029B60004336E76E4920208B665366FDF71CFFDE
S214029B702D2045F00C05FDF717FFCFE7F80255D567
S214029B800420FDF76FFC2820FDF70EFFDAF8703090
S214029B90002B48D1FFF758FB614A644B936602F1EB
S214029BA07C4245F0010553665F4B00221A657A0532
S214029BB009D5624A9378002B00F0A280013B93708D
S214029BC0002349EA03095B4BD3F8B03E1B0603D5D4
S214029BD02046294601F0A8FB4A4620462946FEF7BB
S214029BE095FF0EB1FCF738FE18F4002F00F08D80BA
S214029BF04F4B4FF40022DA6118F0206F00F0898094
S214029C0018F0007F01D0FDF737F918F0006F01D089
S214029C10FDF74EF9002200204FF4006105B0BDE8C2
S214029C20F04FFEF773BFCAF870B0B5E7F904BBD5BC
S214029C300420FDF717FC424BCAF86C30FDF784FD92
S214029C40DAF85C3013F4A00FAED12A20FDF7ACFE92
S214029C50FFF7FAFA73E7D3F8B03E98063FF578AF07
S214029C60384B73E7354A13794BB1013BDBB21371BC
S214029C7013B92C4B344ADA6600231C4397E70420B8
S214029C80FDF7F0FB0320FDF7EDFB274B2C4ADA66C7
S214029C9006F076FB82460DF10F00FEF7EFF82B4B2F
S214029CA01B7883460BB1FEF7A7FEBBF1030F0ED15E
S214029CB0DFF87CB00020FEF7E1F8032807D1DBF8D6
S214029CC08C30D903F6D4DBF874300C2BF2D99DF81D
S214029CD00F30032B06D11E4B012250461A7006F097
S214029CE053FBC9E71B4BD3F8E03013F4A02FF2D195
S214029CF0FEF796FE504606F047FB4FF48043BCE75D
S214029D000220FDF7AFFB01235BE7B8F1000F7FF4FB
S214029D1073AF05B0BDE8F08F782A0020D33100205B
S214029D200050084400500846005008401000000248
S214029D30004008400010002100400844C0310020C6
S214029D4000000101004008460000010DD23100204B
S214029D50CF31002000100840034A0123136202F1AB
S214029D607C42D361704700BF004008440B4B10B5DD
S214029D705C691A6A1440A2B2DA61E20704D558682E
S214029D80C0F30360FFF7E8FF630706D5BDE810409F
S214029D90042200200021FEF7B9BE10BD0040084094
S214029DA00C4A08B5136BD16B0B409363DB070FD5D8
S214029DB0094B18784FF42A62122100F00100FBF7D3
S214029DC0BBFFBDE80840002201200021FEF79EBE30
S214029DD008BD00BF00700840281B0020044BDA6F45
S214029DE0D207FCD41A6FD96F0A409A67704700BF31
S214029DF00030084070B50D46144606F0C1FA064B10
S214029E00D3F8B06E74402C407440C3F8B04E06F0DF
S214029E10BBFA06EA050070BD00100021034BD3F81A
S214029E20B03E99430CBF012000207047001000216D
S214029E3009490A4AD1F8EC0010B504230124C2F8F5
S214029E40EC308C624FF400515162410744BF02F17C
S214029E500072C2F8EC3010BD001008400010084432
S214029E6037B5204D0C4641B90A460721FFF7C2FF17
S214029E701D4BEC625C6003B030BD07221146FFF753
S214029E80B9FF1A4B07225A60237985F82C3063797A
S214029E900193012101A80EF09FFA019BC2B2D340A2
S214029EA000F00F0040EA031085F82D00A27985F82D
S214029EB02E20E27985F82F202068286383B1028855
S214029EC001218B4205D82379013B1344084A93614A
S214029ED0D1E730F81150AA4228BF2A460131F0E7EE
S214029EE01A46F0E7001F00212C1F0021000008443C
S214029EF00000084010B5054C237823B101F0B8FCE9
S214029F000020207010BD0320FCE700BFD5310020E2
S214029F1008B501F097FC024B01221A70002008BD1A
S214029F20D5310020431C07D0044B6FF0FF029A6124
S214029F3003F1007310409861704700BF0070084438
S214029F4000F01803182B0AD003070AD410F01000EA
S214029F5040F2011318BF1846034B9864704700205E
S214029F60FAE70120F8E700BF001F0021344B2DE975
S214029F70F7431E6801F4007900F00103174653EA1E
S214029F80090205460C462ED04FF0000803B3002304
S214029F90002201200021CDE90088FEF7CFFD4146D0
S214029FA03046FDF701FF414670830120FBF70CFDAA
S214029FB0716B06F1A400FDF775FF22490868FFF7EA
S214029FC0B1FF4FF0FF330B60337C43F0040333746E
S214029FD0B9F1000F07D0012130460DF0E7FC24F45A
S214029FE0007405430C43D6E93E232A40234052EA36
S214029FF0030103D01449304609688847FB070FD58A
S21402A0001249134A0868136800211160114A012197
S21402A010117003B19847104B00215B6802209847E5
S21402A02017F00E0F08D040F2F3123B21002003B0C7
S21402A030BDE8F043FBF780BE03B0BDE8F08300BF87
S21402A040A0270020300D0020340D0020A02A00207A
S21402A050A42A0020D7310020100D0020F7B50446B0
S21402A060D4E93EC71046DDE908268CEA020587EAEF
S21402A07006010540194085EA0C057940C4E93E51BF
S21402A08023F4004106EA010320F00100002543F410
S21402A0900073024043F00203CDE90055FEF74EFD81
S21402A0A0237C9A0717D5D4F8FC309B0513D54FF4BA
S21402A0B0881120460DF07AFC237C65F34103237455
S21402A0C0D4E93E2302400B4052EA030103D003497F
S21402A0D0204609688847002003B0F0BD340D0020F2
S21402A0E038B10368044A002B08BF1346034A1360BC
S21402A0F07047014BFAE700BF21800300340D0020B1
S21402A100024B586B00F00F00704700BF001F002183
S21402A1100F2938B505460C460ED801F0A5F80128D9
S21402A1200CD1074A536B23F00F032343536328468D
S21402A1300EF0CEF8002038BD0120FCE70220FAE738
S21402A140001F0021014B986B704700BF001F0021C3
S21402A150014B002099637047001F002103282DE958
S21402A160F7434CD8274B13F80080274B1E5C274B2F
S21402A17013F8009006F004F90746FEF799FE054626
S21402A18040B10023CDE90033002200230120002144
S21402A190FEF7D4FCFEF794FE48B10023CDE9003367
S21402A1A00022002300204FF40041FEF7C7FC26B32E
S21402A1B0174B5C6C04F00804164B31465C64404650
S21402A1C0FFF78EF84A4631464046FFF7F3F8124B41
S21402A1D05C6465B1114B1868416BA430FDF762FEF2
S21402A1E00F490868FFF79EFE4FF0FF330B603846B4
S21402A1F003B0BDE8F04306F0C7B83446DCE703B068
S21402A200BDE8F0830CA9030008A9030004A9030013
S21402A210000008400000084400000846A02700206E
S21402A220300D0020104AD2F8883013F0A00F16D155
S21402A230D2F88C0010F0040013D10C4BD3F8E03E99
S21402A24023F07F4323F0FF035BB15368C3F303623B
S21402A250092A07D0B2F10C0018BF0120704700206F
S21402A26070470120704700BF0040084000100021E0
S21402A27070B50D4616460BB1FFF7DAFD0A480368BD
S21402A280026A03F00703063301249C40C2F30C0360
S21402A290E41AA4B2B44228BF344622462946FCF742
S21402A2A043F9204670BD00BF0010084070B50D4649
S21402A2B0064620B9194B1B68A3B1032011E000F033
S21402A2C0D3FF012828D1164B93F90040C4F11C0491
S21402A2D0641BC4F11C03002BB8BF5B42232B0CDDAE
S21402A2E0012070BD81EAE173A3EBE173DBB2232B9D
S21402A2F0F6D80B4B19700020F3E7B57406F040F859
S21402A300084A5369E40223F4FF2304F4FF241C439F
S21402A310546106F039F8EEE70220E2E7A0270020B3
S21402A320D43100200070084090F8C23053B9074B71
S21402A330DA69920208D49B6F13F4706F14BF01207F
S21402A34000207047002070470120704700600840D8
S21402A350F8B5436B02EA010523EA01032B43436384
S21402A360344A01F00B030C4623EA0501516402F15C
S21402A37000722B4061070646536411D50121FFF790
S21402A380D3FF68B1FEF742FF15F0040F14BF2A4A46
S21402A3902A4A4FF40073D361294B0422C3F888205B
S21402A3A0E20606D515F0100F264B14BF00221B221C
S21402A3B0DA6423061DD52F0616D51F4B4FF400125E
S21402A3C09A6103F17E430122C3F8F82005F0D8FF14
S21402A3D00E2107460320FDF7ABFC1A4B40F2012282
S21402A3E05A62384605F0D0FF294606F1A400FDF76A
S21402A3F059FDE00503D5E90516D5FDF763FCA20570
S21402A40003D5AB0513D5FDF76DFC14F0600F09D02C
S21402A410D6F8941030460DF004FE0B4B58640B4BE6
S21402A42080229A600020F8BDFDF744FCE7E7FDF7BE
S21402A43051FCEAE700000844006008460060084451
S21402A4400040084400000840001F00210040084069
S21402A450014B1868704700BF9C2A002037B50123BD
S21402A46000240022CDE90034002310461946FEF7E8
S21402A47065FB0220FCF7F6FF054D064B21461C60E5
S21402A48002206B6898472B6803B0BDE83040184737
S21402A490100D0020A42A00202DE9FF410229039076
S21402A4A00C461546984605D1FFF7D8FF002004B0A3
S21402A4B0BDE8F081194E05F063FF336807463BB1ED
S21402A4C0AB4205D005F060FF002333600120EEE7C3
S21402A4D0134B3560C3F8008001230022CDE9003318
S21402A4E0002310461946FEF729FB0E4B00250220D4
S21402A4F01D70FCF7B7FF22462B4603A90220FCF785
S21402A500CFFF094B039A1A60084B1B68044698470C
S21402A510384605F039FF002CC8D1D5E7A42A00201A
S21402A520A02A0020D73100209C2A0020100D0020EF
S21402A530044BDB6D5B055ABF034B1878012000F015
S21402A5400100704700500840D7310020014B98693F
S21402A550FDF700BC00600840014B98690DF052BC44
S21402A56000600840437C5A1F012A01D9082B05D1F6
S21402A5704B7C2BB1012B05D0022B05D00DF08FBDE5
S21402A58002487047024870470248704720A10700F9
S21402A59048E8010040420F0070B50E4605F0F0FE96
S21402A5A0054600F085FE044620B1284605F0ECFE7E
S21402A5B0204670BDFEF72AFE114B3278D3F8E03EF5
S21402A5C0022A23F0F00316D0101F424242415200E4
S21402A5D043EA02137278022A0FD0111F4A424A41F6
S21402A5E0520043EA8213064AC2F8E03E054B0422B2
S21402A5F0C3F88820D9E70122EAE70122F1E700BF83
S21402A600001000210040084470B50E4605F0B8FE62
S21402A610054600F065FE044620B1284605F0B4FE65
S21402A620204670BDFEF7F2FD104B3278D3F8E03EBE
S21402A630022A23F00F0315D0101F42424241520055
S21402A64013437278022A0FD0111F4A424A4152001F
S21402A65043EA8203054AC2F8E03E054B0422C3F8E9
S21402A6608820DAE70122EBE70122F1E70010002159
S21402A67000400844F8B50E7890F8D070044630468C
S21402A6800D46FCF747FA002844D094F8D030B3427F
S21402A69008D1AA88636C9A4204D16A88B4F8D23088
S21402A6A09A4235D084F8D060AB88A4F8D4306B8850
S21402A6B0A4F8D230AB886364FF23637530460DF08E
S21402A6C045FB04F1D00520752846FCF72FFD10BB8C
S21402A6D02846FCF715FAF0B9D4F8903053B194F83E
S21402A6E0D010B94206D0B3F912202046E5F7D8FFBB
S21402A6F084F8D9002046FCF7F3FB0949A4F8D400F5
S21402A700084AD1F8F810012304F1A400FDF702FF6D
S21402A7100020F8BD01200E2384F8D030F9E700BFF0
S21402A720001F0021681F002170B5054690F8D00072
S21402A7300E280C461DD0FF291DD01AB10F4B4FF024
S21402A740FF321A600DF002FB064695F8D000FCF7C1
S21402A7508BFA844228BF0446E4B2B44238BF344679
S21402A760E0B26875FCF71CFBA0F1FF0358425841A3
S21402A77070BD0220FCE70120FAE700BF180D00209A
S21402A780C36B012B01D10020704770B5364BD0F851
S21402A7909060D3F8F830C0F8943086B03146058B16
S21402A7A004460DF00EFCB3898DF80600D6E90121A9
S21402A7B0EB1A9BB201FB032268460021ADF8043077
S21402A7C00092FDF76DFD38B9284B228BDA63FCF751
S21402A7D07BFC20B106B070BD022006B070BD227CA4
S21402A7E060F3410222740DF00BFBD4F890305969E5
S21402A7F0431EDBB209680291FD2B02460BD9CD1C23
S21402A80009D91B4B01311B680CD0D81C07D802A9EA
S21402A8102046029301E002A920460DF073FA0020BA
S21402A82006B070BDD91C04D802A9204602930DF0CA
S21402A83069FAD4F8FC309B0504D4237C43F0020367
S21402A8402374ECE74FF4803120460DF0AFF8D4E9DC
S21402A8503E2302400B4052EA0301E0D0054920465F
S21402A86009688847DBE700BF001F00210030084068
S21402A870200D0020340D002038B590F8DC40054647
S21402A880ACB105F07DFD0A4B1F22DA61013C03F1F3
S21402A89000731440DC6103F17A43D5F8E0201A66AF
S21402A8A0D5F8E4205A66BDE8384005F06DBD38BDDF
S21402A8B0006008442DE9F74F06461546084619B9C2
S21402A8C0012003B0BDE8F08F002AF9D0032904D88E
S21402A8D00021FBF7E3FF0028F2D082780488037990
S21402A8E090F805B0C788B0F90000002802F007010A
S21402A8F0C0F2D280A1F1070CDCF1000040EB0C00A4
S21402A900052928738CBFC2F300100020C2F3801CF6
S21402A9106873900985F810C000F00200C2F3C00CFC
S21402A92040EA0C00C2F340126874AA74AF820BB9F4
S21402A93096F8CA30013BDBB2EB74736BD80600F1B3
S21402A94097800639012900F29380544BDB6C544BF6
S21402A9505A6B1B6B03F0070306334FF0010909FA23
S21402A96003F909F1FF39083C42F0005804EA0904E9
S21402A970002318F804A0AB60013404EA0904631D3E
S21402A98003EA09035A1C02EA090218F8037018F8C7
S21402A9900220BAF1800F47EA0227727C18BFAAF19A
S21402A9A0320A3BB214BF4FFA8AFA6FF07F0AC7F335
S21402A9B00B079AB30020D6F89C300BB15146984745
S21402A9C0631C03EA0903E87385F80EA018F803105F
S21402A9D0013303EA090318F80320013303EA0903E3
S21402A9E041EA022118F80320013303EA090341EA87
S21402A9F0024118F803006A7C002341EA00613046EF
S21402AA00FDF792FE2860737C042B03D1042FDCBF73
S21402AA10033028600423AB71002052E7D90423D503
S21402AA20D6F894309BB11A68022A10D993F82400FB
S21402AA30FB0008B1B3FBF0F39B45BBD8002BB9D0A3
S21402AA40CBEB0B20B0FBF3F0C043C0B2B3E7294612
S21402AA503046FFF787FD019030460DF010FB019B54
S21402AA60B3FBF0F0C0B2E3E718F804004000ECE7EE
S21402AA700023EB730B4BDA68C2F30723120448BFBA
S21402AA8063F0FF035AB212F1800F1CBF323B5AB278
S21402AA900023AA732B60BEE7022012E700000840DC
S21402AAA0001008400070084070B50A4B0A4DD3F8F3
S21402AAB0EC604FF48064C5F8EC400020FEF756FCCC
S21402AAC04FF400536B65730544BF044BC3F8EC4068
S21402AAD070BD00BF00100840001008440010084671
S21402AAE0082318B1024AC2F888307047014AFAE7CA
S21402AAF00040084600400844F8B504460E4611B920
S21402AB00037C5A065FD4464BA18BD3F88420D4F834
S21402AB10947012F4E05F04BF2022C3F810224FF6AE
S21402AB20FF73994260D03F4B1B68002B5CD03E4DB2
S21402AB3020469847D4F894102A688A4207D02046BE
S21402AB400DF06FFA394B5864394B80209860974263
S21402AB504FD0384B1B684BB11FB13A68002A58D009
S21402AB60BF68394620469847D4F8941008460DF038
S21402AB7070FA002849D03049FDF72EFC07272046F8
S21402AB80FCF7AEF9002E36D02C4B94F9122093F92E
S21402AB9000302B49D4F89400C3F11C039B1A4A696F
S21402ABA0DB0222F4FF2203F4FF231343254A4B6100
S21402ABB0254B286006211167204601221A700DF0E7
S21402ABC087FB0020F8BD61F38613154A0374D2F89A
S21402ABD08430D0F894704FF6FF7113F4E05F8183EF
S21402ABE002D12023C2F810320F4D2A68BA423946E3
S21402ABF0A5D10127C3E70D4B0F4AD3F8F81004F18D
S21402AC00A4003B46FDF786FCBEE720460CF017FE86
S21402AC10B1E71746394620469847D4F89410A5E778
S21402AC2000600840982A0020902A0020001F002179
S21402AC3000400840942A0020681F0021D4310020DA
S21402AC400070084000000844D6310020B1F5007FAD
S21402AC5038B50C461BD200F007FB0128054618D172
S21402AC60E6F798FB002211460220E6F7C7FA0A4BDF
S21402AC700A4A1A6303F10073E40202201C632A469E
S21402AC802946E6F7BBFAE6F755FB002038BD012059
S21402AC90FCE70220FAE700BF00400E4400F80F006F
S21402ACA00248482200210DF076BC00BFE41E0021B7
S21402ACB0002373B583746423C0E92C33C0E92E33B2
S21402ACC04FF0FF35C0F8AC30A0F8C0300E264FF675
S21402ACD0FF73C0E9075580F8D060456485828375A6
S21402ACE004461120E6F750F8042834D11B4B5B6863
S21402ACF013F4403F2FD12046FEF7EAF82046FFF72E
S21402AD00CFFF94F912102046FFF7D0FA144A6023B8
S21402AD10536402F5805240F6FF7151625165114A42
S21402AD205364114B4022C3F88820626B29462046A2
S21402AD30FFF70EFB002240F2022310461946CDE929
S21402AD400066FDF7FBFEFBF779FF204602B0BDE882
S21402AD507040FAF7CDBF022002B070BD00300E4040
S21402AD6000000840000008460040084470B50C6821
S21402AD70B0F8D4208D680346013404BFD3F8AC4043
S21402AD800C604C68013404BFD3F8B8404C606E1CAB
S21402AD9000F1A40038D1D3F8B440CE688C60751C9C
S21402ADA038D1D3F8B0500E69CD60013604BFD3F85F
S21402ADB0A4600E614E69013604BFD3F8A8604E61E6
S21402ADC08E69013604BFD3F8BC608E618E693EB3CD
S21402ADD04132B24238BF32460E688A61C3F8B44086
S21402ADE04C68C3E92E420A69C3F8A4204A690D4991
S21402ADF0C3F8A820C3E92B650B4AD1F8F81007233D
S21402AE00FDF788FB002070BD02F14104AC4238BF5A
S21402AE102C46C2E702F16405B54238BF3546C2E7A2
S21402AE206422D9E7001F0021681F002138B5084DAB
S21402AE3004462868003818BF0120621C214600F02C
S21402AE40F3FC2B68003B18BF0123A370002038BD1B
S21402AE50A82A002038B5054C054B417800782568AD
S21402AE60236000F057FC00B1256038BDA82A0020F8
S21402AE7018A9030070B505F083FA0C4E054600F0DB
S21402AE80F3F9012804D0284605F07EFA022070BDA8
S21402AE90736813F0706FC3F30364F0D1F36BDB06D1
S21402AEA0EDD5284605F070FA2046F0E70040084047
S21402AEB0074B1B684BB10028064A074B08BF002306
S21402AEC01360064B1870002070470220704700BFC0
S21402AED0A82A0020AC2A002010A90300D83100209E
S21402AEE0014B1878704700BFD831002038B505F0FE
S21402AEF047FA0B4A13884FF6FF718B4203D105F0CF
S21402AF0043FA032038BD074C074DE56504F100748B
S21402AF101B04E365118005F037FA0020F2E700BF54
S21402AF20FC0F0020006008440000FFFF08B50E4B2F
S21402AF30D3F8B4305A1C15D05B0013D40B4B1B78D5
S21402AF40012B0FD9082B0DD00320FFF707F9084B6A
S21402AF504FF08062C3F89420064A4FF400715162A3
S21402AF600122DA6008BD00BF0081E00F1B1000203E
S21402AF700040084600000840064B1A6C092302F0FF
S21402AF800302D34013F0010F40F6E44008BF4FF42B
S21402AF90E160704700300E402DE9F34105460F464A
S21402AFA01646FFF73FF9A0B1DFF85482D8F80C3006
S21402AFB0DB0704D40324204602B0BDE8F08105F086
S21402AFC0DFF904460320FCF777FB20B1204605F0A4
S21402AFD0DBF90224EFE7D8F80C3013F0060FF5D1B0
S21402AFE0204605F0D1F97A4B4FF400612846D3F893
S21402AFF0E08ED3F8B84EFEF711FF40B1754B4FF412
S21402B00000720121C3F888200846FAF7DDFC3946AB
S21402B0102846FAF72BFE6E4BC3F8B84EC3F8E08EFE
S21402B02004460028C7D12B7CDF0601D4002E58D058
S21402B030C6F34000FEF7B0F816F4807F14BF664AE7
S21402B040644A4FF002031BBFC2F88830634AC2F854
S21402B050883000211CBFD1609362FEF7D7F816F045
S21402B060040F14BF5E4A5F4A4FF48063D361594BA4
S21402B070042216F0400FC3F8882014BF5A4A5B4ACF
S21402B08040233046C2F88030FEF75AFF28460DF0BD
S21402B09057F840B116F0010F14BF4F4A4D4A4FF40D
S21402B0A08073C2F88830B00643D56B8C4FF6FF72B9
S21402B0B093420FD04E4A4F49D26D100CC2F3011282
S21402B0C0088001324749B3FBF2F3454A4A48C8654D
S21402B0D01B04D3652B7C003E18BF012666F30413BF
S21402B0E02B7428460DF0F1F8C8B328460DF028F860
S21402B0F0D0B14FF400312846FEF790FE431C9BB2B7
S21402B1000322364801A90CF0B7FD9DF8042002F090
S21402B1100703052B9DF8053014D111070CD443F410
S21402B1208073364AC2F8C030FFF726FFFBF79CFC56
S21402B13041E7FFF7DBFECDE713F0040F09D19DF8D8
S21402B1400630ECE703F03002202A05D113F0010F97
S21402B150F4E74FF48073E4E79DF80630E1E728460B
S21402B1600DF015F90028DFD028460CF0E9FF00287C
S21402B170DAD0EB7CA3F10C02012A16D82B8B032B18
S21402B18019D01E4B93F8C93003F00703072B16D0CD
S21402B190124806210CF079FD421C3FF40BAF00F07A
S21402B1A00F00164B83F8C800BEE70F2BE6D0102B15
S21402B1B0E4D00E2B01D1092102E0112BE0E7082191
S21402B1C006480CF062FD431C3FF4F4AEC0B2E8E75A
S21402B1D000100021004008440040084600100840C5
S21402B1E00060084600600844007008460070084484
S21402B1F000600840FC0F00200000FFFF001E002138
S21402B20000500840054BD3F8880003F180634FF4E2
S21402B2100022C3F88820C0F3C040704700400840B0
S21402B220014B024A1A607047942A0020619E02006F
S21402B230024BD86800F00100704700BF005008407B
S21402B240084BDA68D10707D508B9FCF7E5B8DB681A
S21402B250DA0706D4FCF7D2B8DB68DB0701D400288D
S21402B260F8D17047005008400F4B5B68C3F3036386
S21402B270013B0B2B0FD8DFE803F006060C0606068A
S21402B28006080A08080802207047042070470520AE
S21402B290704703207047054BDB6813F0060F0CBFA0
S21402B2A001200420704700BF0040084000500840BC
S21402B2B00A4A5368C3F303630B2B08D06FF490500B
S21402B2C0184100F0010080F0010040007047D2F8FB
S21402B2D0880010F48030ECD1704700BF0040084070
S21402B2E00C4A5368C3F30363062B07D8042BD8B261
S21402B2F00CD8C31E5842584140007047072B07D14E
S21402B300D2F8440110F00050EBD17047022070478B
S21402B3100020704700400840024B1B6803B11847E4
S21402B320704700BFB42A0020024B1B6803B11847BF
S21402B330704700BFB02A002070B5174C174D0F2378
S21402B34011F0010FE365164B19D04AB90122DA65EE
S21402B350C4F8FC50026CC2F31302C3F8FC2070BDA2
S21402B3600222DA65C4F8FC50026CC2F31302C3F878
S21402B370FC200C4BC1640222C3F8B820EFE7022679
S21402B380DE65C4F8FC50046CC4F31304C3F8FC4036
S21402B390002AE4D0EDE700BF00600844FFFF0F007C
S21402B3A0006008460010084013B5437C033BDBB23E
S21402B3B0072B96BF104A0021D15C0446FEF7C8FE52
S21402B3C00120FCF7FFFA0D4B4FF4F0625A6403F1CA
S21402B3D000734FF400725A64637C053B012B08D855
S21402B3E0074B04211B6E019301220DEB0100FBF7B4
S21402B3F0F1F802B010BD00BF24A903000000084403
S21402B40000600840012310B580F8C2302823C0F837
S21402B410A83004234374054B044619680CF011FA4D
S21402B4202046FFF7C1FF002010BD00BFACC70300D7
S21402B430012310B580F8C2302823C0F8A8300223B2
S21402B4404374054B044619680CF0FBF92046FFF7D7
S21402B450ABFF002010BD00BFB0C70300012910B526
S21402B460044604D90239012914D9032011E00B4BF2
S21402B47019680523012284F8C2204FF4BC72C4F86E
S21402B480A820637420460CF0DCF92046FFF78CFFF8
S21402B490002010BD024B19680623EBE7A8C703007D
S21402B4A0A4C7030030B5134D134C07236B63134B2D
S21402B4B069B1442140F04000D962186301236363F6
S21402B4C04FF4804392B1C4F8A0300A4A07E0D9622A
S21402B4D0094A19634FF480436163C4F8A030C2F886
S21402B4E0A430C2F8A830C2F8AC3030BDC5F8A030DF
S21402B4F0EBE700BF000008440000084600000840D2
S21402B50010B50C4CD4F8003203F00702022A0BD016
S21402B51003F00303012B0AD105F005FAD4F818321A
S21402B52003F00303D84010BDE7F70CFAF6E7002055
S21402B530F4E700BF00400E402DE9F74FDFF8ECB00D
S21402B5408146DBF800A00F46FCF7CCF84FF0FF353B
S21402B550CDE9000100202C46064606F110031B0129
S21402B5605BF8033003F00308B8F1010F15D130463B
S21402B570FCF7D0F802460B46DDE90001FBF760FF58
S21402B580DBF85C3006F10802D340DB0737D5002F24
S21402B5903ED000253E602C4640460136052EDCD1C4
S21402B5A050B3224F396B0131A4FB014164190AF4EE
S21402B5B0403341F10001B3F5003F4FF000022FD1B6
S21402B5C0FB6A0AF4405A013342F10006BAF5805F7C
S21402B5D021D1BD6A15F5807542F100026E4303FB68
S21402B5E00266A5FB03323244594304FB0212A3FB54
S21402B5F004341444C9E9003403B0BDE8F08FA8420D
S21402B60071EB0403C8D207B13E6005460C46C3E799
S21402B6103D463C46C0E7320242EA13621B02E3E7BB
S21402B620BB6A13F5807342F10002DDE70050084062
S21402B6302DE9F843264C274DDFF89C8004F0A0FE47
S21402B6400023A76EA366D4F800212A612A7B12047F
S21402B65042F00302C4F800216A7B0646501CC0B2C0
S21402B66001218140C8F810104FF480716166D8F845
S21402B670041008320131A96048F82210AA68013283
S21402B680D8F80410E06D10F4807914D18A42F7D10C
S21402B6903BB1304604F078FEC3221A214846FAF738
S21402B6A04BFB6A7BAB680C4908320233AB6041F84D
S21402B6B022300123E2E74FF480736366074BA766E6
S21402B6C00122C3F800213046BDE8F84304F05CBE10
S21402B6D000500840782A00200040044000500844E9
S21402B6E0024B99685A690A401A6170470040044042
S21402B6F008B5FFF7F5FF054B5B7B01330122DBB292
S21402B70002FA03F3024A136108BD00BF782A00203A
S21402B710004004400B2870B575D8012973D83B4DFC
S21402B7203B4B287369731B6858002ED4394B3A4A30
S21402B730D3F890400123A10513605ED422045ED4A0
S21402B74014F080045DD140F21F121B212046FAF746
S21402B750F3FA304AD2F8003223F007032343C2F842
S21402B76000322E4B0122C3F81022A3F52023032217
S21402B7701A60294A0723536102F17C421361244B63
S21402B7804FF08042C3F880211A6001214FF48A40AC
S21402B790E5F74EFA6B7B2A7B21490133143243F4D8
S21402B7A0801343F4805341F82230FCF71FFA460810
S21402B7B0C407FFF7A5FE002302463146204600F0E6
S21402B7C00FFF090241EA1061C0F3C05040EA41008F
S21402B7D0144B2860986A10F5807005D14FF4E17218
S21402B7E02B21FAF7A9FA02200246002300200121A3
S21402B7F000F0F6FE6860002070BD0224A9E705246A
S21402B800A7E71C46A5E70120F6E700BF782A002036
S21402B81000E100E000400E400040044400400E46B6
S21402B82000600E400050084028B1054B187B087097
S21402B8305B7B1370704707230B700123F9E700BF89
S21402B840782A002010B504F09BFD0446FFF7F0FEB0
S21402B850054B02225A60054B01222046BDE81040E5
S21402B8601A7004F091BD00BF00500840D931002084
S21402B8700C490B78A3B10C4B5A7B0123013293403F
S21402B8800A4A53610A4B4FF08042C3F880210023D4
S21402B8900B70084BD3F80C01D3F8041100F0A8B8CB
S21402B8A0704700BFD9310020782A002000400444A7
S21402B8B000E100E00050084010B50446FFF720FE05
S21402B8C0604300F5F420034B00F59070B0FBF3F0F4
S21402B8D010BD00BF40420F002DE9F04F85B0FFF7C4
S21402B8E0EBFF044604F04CFDDFF8FC90DFF8FC802A
S21402B8F00021054602A889F80010FFF71DFE364B08
S21402B900D8F804605B6813F0706F1ED1DFF8CCA025
S21402B910DAF80C7017F0060717D1E0B1FCF766F9F3
S21402B920611DA1FB00B10191FFF7EAFD3B4602460D
S21402B9300199584600F054FEDDE902B3090241EAD5
S21402B94010610002584599410ED3284605B0BDE85D
S21402B950F04F04F019BDFFF76BFE204B02225A602F
S21402B960012389F80030F0E70193FFF761FEFFF745
S21402B970C7FD019B4FEA1B2242EA0362A0FB02B20A
S21402B9801B0A00FB03210191FCF730F901990246DC
S21402B9903B46584600F024FE11494A7B9300013488
S21402B9A003F14023361B03F5802306441E62561C11
S21402B9B0F7B2012202FA07F7B2400A4EC8F8107030
S21402B9C07261D8F804201B6A241AD31AA342C4D27E
S21402B9D00B69CAF80031B8E700400840005008403A
S21402B9E0782A002000400446D93100200040044056
S21402B9F02DE9F74F7B4C7C4A237B01911B05936014
S21402BA007A4EDFF8FC814FF40033936002237360B2
S21402BA10D8F8043005465F1E4FF00009DB1B002BEA
S21402BA2040F3B28009F10109B9F1020F46D9DB22CF
S21402BA300D210020FAF780F96C4E6D4A4FF08073A4
S21402BA4073662369C6F80031237B1B0543F4003373
S21402BA50936004F095FCD6F818C0D6F85CE0002196
S21402BA600B464FF4807801F110021201B25802F030
S21402BA700302012A10D108FA01F212EA0E0F0BD1C4
S21402BA8006EB0117AC45D7F80C71C0F08480BD42B6
S21402BA9002D2BC4580F0828001310529E3D1554EA1
S21402BAA0316801297DD923B1E28A1A43E2824F4ADC
S21402BAB0136603B0BDE8F04F04F066BC04F060FC09
S21402BAC04FF0807300907366637BD8F80470083377
S21402BAD0013748F823703368D90352D5A368226821
S21402BAE00198FB1AA3FB02ACB36A03F5807E636877
S21402BAF0ACFB0321AAFB03B39B1841F10001AEFB8A
S21402BB00032BBAEB02020EFB01BB6CEB0B0C120A08
S21402BB1042EA0C620244B2EB1E2F4FEA1E2C04D3FA
S21402BB20013341F10001A2EB0C02ACF1040C6245B8
S21402BB3028BF62463261627DD6F818C0EB18D2B2D0
S21402BB4041F100016545D6F830C084BF02F1FF32EC
S21402BB50D2B2BCF1FF3F0ED04FF0000A0CF1010E3C
S21402BB609C457AEB010B08D20132B3EB0E03D2B23C
S21402BB7061F10001F4E70A44D2B202F003026275F0
S21402BB80B361009804F000FCD8F80430F26DD201DC
S21402BB907FF544AF50E7BD42BFF47BAF1A4393B282
S21402BBA07AE7154A1578142D01BF0025134F157034
S21402BBB03D70157801351570002B3FF47AAFE58A93
S21402BBC01D43E582094C23660C4C23780133DBB215
S21402BBD0022B23707FF46DAF0023013131601370A6
S21402BBE0237066E7782A0020005008460050084076
S21402BBF000500844FC290020DB310020DA31002006
S21402BC000040044081F0004102E000BF83F00043A0
S21402BC1030B54FEA41044FEA430594EA050F08BFE0
S21402BC2090EA020F1FBF54EA000C55EA020C7FEAA4
S21402BC30645C7FEA655C00F0E2804FEA5454D4EB21
S21402BC405555B8BF6D420CDD2C4480EA020281EAEB
S21402BC50030382EA000083EA010180EA020281EA23
S21402BC600303362D88BF30BD11F0004F4FEA013175
S21402BC704FF4801C4CEA113102D0404261EB410184
S21402BC8013F0004F4FEA03334CEA133302D052420A
S21402BC9063EB430394EA050F00F0A780A4F10104C6
S21402BCA0D5F1200E0DDB02FA0EFC22FA05F2801800
S21402BCB041F1000103FA0EF2801843FA05F35941E6
S21402BCC00EE0A5F120050EF1200E012A03FA0EFC65
S21402BCD028BF4CF0020C43FA05F3C01851EBE3718F
S21402BCE001F0004507D54FF0000EDCF1000C7EEBAC
S21402BCF000006EEB0101B1F5801F1BD3B1F5001FEA
S21402BD000CD349085FEA30004FEA3C0C04F1010408
S21402BD104FEA445212F5800F80F09A80BCF1004F31
S21402BD2008BF5FEA500C50F1000041EB045141EAB3
S21402BD30050130BD5FEA4C0C404141EB0101013C7C
S21402BD4028BFB1F5801FE9D291F0000F04BF01466B
S21402BD500020B1FA81F308BF2033A3F10B03B3F13D
S21402BD6020020CDA0C3208DD02F1140CC2F10C02CD
S21402BD7001FA0CF021FA02F10CE002F11402D8BF2B
S21402BD80C2F1200C01FA02F120FA0CFCDCBF41EAF7
S21402BD900C019040E41AA2BF01EB0451294330BDC6
S21402BDA06FEA04041F3C1CDA0C340EDC04F11404A3
S21402BDB0C4F1200220FA04F001FA02F340EA03007A
S21402BDC021FA04F345EA030130BDC4F10C04C4F1C0
S21402BDD0200220FA02F001FA04F340EA03002946A0
S21402BDE030BD21FA04F0294630BD94F0000F83F4EA
S21402BDF0801306BF81F480110134013D4EE77FEACD
S21402BE00645C18BF7FEA655C29D094EA050F08BF18
S21402BE1090EA020F05D054EA000C04BF19461046F9
S21402BE2030BD91EA030F1EBF0021002030BD5FEA3D
S21402BE30545C05D14000494128BF41F0004130BD65
S21402BE4014F580043CBF01F5801130BD01F00045B9
S21402BE5045F0FE4141F470014FF0000030BD7FEA2C
S21402BE60645C1ABF194610467FEA655C1CBF0B4627
S21402BE70024650EA013406BF52EA033591EA030F3E
S21402BE8041F4002130BD00BF90F0000F04BF002136
S21402BE90704730B54FF4806404F132044FF0000569
S21402BEA04FF0000150E700BF90F0000F04BF0021E2
S21402BEB0704730B54FF4806404F1320410F0004548
S21402BEC048BF40424FF000013EE700BF42004FEA43
S21402BED0E2014FEA31014FEA02701FBF12F07F43C0
S21402BEE093F07F4F81F06051704732F07F4208BF77
S21402BEF0704793F07F4F04BF41F40021704730B57E
S21402BF004FF4607401F0004521F000411CE700BFC9
S21402BF1050EA010208BF704730B54FF000050AE04C
S21402BF2050EA010208BF704730B511F0004502D54D
S21402BF30404261EB41014FF4806404F132045FEA4F
S21402BF40915C3FF4D8AE4FF003025FEADC0C18BFF8
S21402BF5003325FEADC0C18BF033202EBDC02C2F1EA
S21402BF60200300FA03FC20FA02F001FA03FE40EA7C
S21402BF700E0021FA02F11444BDE600BF70B54FF080
S21402BF80FF0C4CF4E06C1CEA11541DBF1CEA13555E
S21402BF9094EA0C0F95EA0C0F00F0DEF82C4481EAC6
S21402BFA0030621EA4C5123EA4C5350EA013518BFE6
S21402BFB052EA033541F4801143F4801338D0A0FBD3
S21402BFC002CE4FF00005E1FB02E506F00042E0FB80
S21402BFD003E54FF00006E1FB03569CF0000F18BF86
S21402BFE04EF0010EA4F1FF04B6F5007F64F540742E
S21402BFF004D25FEA4E0E6D4146EB060642EAC621C1
S21402C00041EA55514FEAC52040EA5E504FEACE2E2D
S21402C010B4F1FD0C88BFBCF5E06F1ED8BEF1004F30
S21402C02008BF5FEA500E50F1000041EB045170BDAC
S21402C03006F0004646EA010140EA020081EA0301F0
S21402C040B4EB5C04C2BFD4EB0C0541EA045170BDEC
S21402C05041F480114FF0000E013C00F3AB8014F166
S21402C060360FDEBF002001F0004170BDC4F10004AF
S21402C070203C35DA0C341BDC04F11404C4F1200530
S21402C08000FA05F320FA04F001FA05F240EA02008B
S21402C09001F0004221F0004110EBD37021FA04F6C1
S21402C0A042EB06015EEA430E08BF20EAD37070BD7B
S21402C0B0C4F10C04C4F1200500FA04F320FA05F0DA
S21402C0C001FA04F240EA020001F0004110EBD370DC
S21402C0D041F100015EEA430E08BF20EAD37070BD4C
S21402C0E0C4F1200500FA05F24EEA020E20FA04F325
S21402C0F001FA05F243EA020321FA04F001F00041D4
S21402C10021FA04F220EA020000EBD3705EEA430E44
S21402C11008BF20EAD37070BD94F0000F0FD101F073
S21402C1200046400041EB010111F4801F08BF013CAC
S21402C130F7D041EA060195F0000F18BF704703F0EA
S21402C1400046520043EB030313F4801F08BF013D71
S21402C150F7D043EA0603704794EA0C0F0CEA13552D
S21402C16018BF95EA0C0F0CD050EA410618BF52EAE7
S21402C1704306D1D181EA030101F000414FF00000ED
S21402C18070BD50EA410606BF1046194652EA4306FB
S21402C19019D094EA0C0F02D150EA013613D195EA6F
S21402C1A00C0F05D152EA03361CBF104619460AD1B7
S21402C1B081EA030101F0004141F0FE4141F47001C1
S21402C1C04FF0000070BD41F0FE4141F4780170BDB1
S21402C1D070B54FF0FF0C4CF4E06C1CEA11541DBF16
S21402C1E01CEA135594EA0C0F95EA0C0F00F0A7F818
S21402C1F0A4EB050481EA030E52EA03354FEA013145
S21402C20000F088804FEA03334FF0805545EA131357
S21402C21043EA12634FEA022245EA111545EA10651F
S21402C2204FEA00260EF000419D4208BF964244F1B6
S21402C230FD0404F5407402D25B084FEA3202B61AD5
S21402C24065EB03055B084FEA32024FF480104FF4A9
S21402C250002CB6EB020E75EB030E22BFB61A75461D
S21402C26040EA0C005B084FEA3202B6EB020E75EBB0
S21402C270030E22BFB61A754640EA5C005B084FEA18
S21402C2803202B6EB020E75EB030E22BFB61A7546E5
S21402C29040EA9C005B084FEA3202B6EB020E75EBF0
S21402C2A0030E22BFB61A754640EADC0055EA060EB1
S21402C2B018D04FEA051545EA16754FEA06164FEAF4
S21402C2C0C30343EA52734FEAC2025FEA1C1CC0D1A0
S21402C2D011F4801F0BD141EA00014FF000004FF02D
S21402C2E0004CB6E711F4801F04BF01430020B4F1EE
S21402C2F0FD0C88BFBCF5E06F3FF6AFAEB5EB030CA6
S21402C30004BFB6EB020C5FEA500C50F1000041EBA2
S21402C310045170BD0EF0004E4EEA113114EB5C046F
S21402C320C2BFD4EB0C0541EA045170BD41F4801142
S21402C3304FF0000E013C90E645EA060E8DE60CEA4A
S21402C340135594EA0C0F08BF95EA0C0F3FF43BAF67
S21402C35094EA0C0F0AD150EA01347FF434AF95EA1E
S21402C3600C0F7FF425AF104619462CE795EA0C0F02
S21402C37006D152EA03353FF4FDAE1046194622E7CF
S21402C38050EA410618BF52EA43067FF4C5AE50EAA9
S21402C39041047FF40DAF52EA43057FF4EBAE12E799
S21402C3A04FF0FF3C06E000BF4FF0010C02E000BF7A
S21402C3B04FF0010C4DF804CD4FEA410C7FEA6C5C5D
S21402C3C04FEA430C18BF7FEA6C5C1BD001B050EA00
S21402C3D0410C0CBF52EA430C91EA030F02BF90EAEB
S21402C3E0020F0020704710F1000F91EA030F58BFAA
S21402C3F0994208BF90422CBFD8176FEAE37040F00C
S21402C400010070474FEA410C7FEA6C5C02D150EAA9
S21402C410013C07D14FEA430C7FEA6C5CD6D152EA64
S21402C420033CD3D05DF8040B704700BF8446104629
S21402C43062468C461946634600E000BF01B5FFF728
S21402C440B7FF002848BF10F1000F01BD4DF808EDF8
S21402C450FFF7F4FF0CBF012000205DF808FB00BFC9
S21402C4604DF808EDFFF7EAFF34BF012000205DF823
S21402C47008FB00BF4DF808EDFFF7E0FF94BF012070
S21402C48000205DF808FB00BF4DF808EDFFF7CEFF71
S21402C49094BF012000205DF808FB00BF4DF808EDB0
S21402C4A0FFF7C4FF34BF012000205DF808FB00BF81
S21402C4B04FEA410212F5001215D211D56FF47873C5
S21402C4C0B3EB625212D94FEAC12343F0004343EA68
S21402C4D0505311F0004F23FA02F018BF4042704743
S21402C4E04FF00000704750EA013005D111F00040CD
S21402C4F008BF6FF0004070474FF00000704700BF63
S21402C5004A0011D212F5001211D20DD56FF47873CB
S21402C510B3EB62520ED44FEAC12343F0004343EA20
S21402C520505323FA02F070474FF00000704750EA6B
S21402C530013002D14FF0FF3070474FF000007047D5
S21402C5404FEA4102B2F1E04324BFB3F5001CDCF12E
S21402C550FE5C0DD901F0004C4FEAC0024CEA507066
S21402C560B2F1004F40EB830008BF20F00100704795
S21402C57011F0804F21D113F13872BCBF01F0004098
S21402C580704741F480114FEA5252C2F11802C2F1CA
S21402C590200C10FA0CF320FA02F018BF40F001004B
S21402C5A04FEAC1234FEAD32303FA0CFC40EA0C00FD
S21402C5B023FA02F34FEA4303CCE77FEA625307D13A
S21402C5C050EA01331EBF4FF0FE4040F44000704771
S21402C5D001F0004040F0FE4040F40000704700BF0B
S21402C5E053B94AB9002908BF00281CBF4FF0FF31D3
S21402C5F04FF0FF3000F06AB9ADF1080C6DE904CED9
S21402C60000F006F8DDF804E0DDE9022304B0704726
S21402C6102DE9F047089D0C46002B4ED194468C45DA
S21402C6208646B2FA82F262D94AB1C2F1200391403A
S21402C63020FA03F30CFA02FC194300FA02FE4FEA50
S21402C6401C471FFA8CF6B1FBF7F44FEA1E4307FBB2
S21402C650141143EA014304FB06F199420AD91CEB82
S21402C660030304F1FF3080F01381994240F21081F7
S21402C670023C6344591A1FFA8EF3B1FBF7F007FB2C
S21402C680101143EA014300FB06F69E420AD91CEB50
S21402C690030300F1FF3180F0FD809E4240F2FA80F3
S21402C6A0634402389B1B40EA044000211DB1D3407C
S21402C6B00022C5E90032BDE8F0878B4205D90DB1EC
S21402C6C0C5E9000100210846F5E7B3FA83F100291F
S21402C6D046D1A34202D39042C0F0F180861A64EBA0
S21402C6E003030120002DE6D0C5E90063E3E7002A34
S21402C6F040F09180A1EB0C044FEA1C481FFA8CF71D
S21402C7000121B4FBF8F64FEA1E4308FB164443EA3F
S21402C710044307FB06F0984208D91CEB030306F114
S21402C720FF3402D2984200F2CE8026461C1A1FFA26
S21402C7308EF3B4FBF8F008FB104443EA044300FB14
S21402C74007F79F4208D91CEB030300F1FF3402D21D
S21402C7509F4200F2B1802046DB1B40EA0640A5E776
S21402C760C1F120068B4022FA06F71F4320FA06FC88
S21402C77004FA01F343EA0C03F44000FA01F8380C19
S21402C7804FEA1349B4FBF0FE1FFA87FC00FB1E4477
S21402C79049EA04440EFB0CF9A14502FA01F20AD951
S21402C7A03C190EF1FF3A80F08580A14540F2828066
S21402C7B0AEF1020E3C44A4EB09041FFA83F9B4FB63
S21402C7C0F0F300FB134449EA044403FB0CFCA445C3
S21402C7D007D93C1903F1FF3068D2A44566D9023B5B
S21402C7E03C4443EA0E40A0FB0293A4EB0C049C429A
S21402C7F0CE469C4652D34FD055B1B8EB0E0364EBEF
S21402C8000C0404FA06F6CB40CC401E43C5E900648D
S21402C8100021BDE8F087C2F1200320FA03F10CFAEA
S21402C82002FC24FA03F394400C434FEA1C4800FA35
S21402C83002FE1FFA8CF7B3FBF8F008FB1031230C4C
S21402C84043EA014300FB07F1994208D91CEB0303B4
S21402C85000F1FF362CD299422AD9023863445B1A79
S21402C860A4B2B3FBF8F108FB113344EA034401FB1C
S21402C87007F3A34208D91CEB040401F1FF3613D2D6
S21402C880A34211D902396444E41A41EA004138E766
S21402C8900446EFE6084605E7C845ADD2B9EB020EF8
S21402C8A063EB070C0138A7E73146EDE7034698E746
S21402C8B03046D4E7D6467EE7634402384CE706465F
S21402C8C0234608460EE7023E63442FE7704700BF42
S21402C8D0024B0A46014618680BF090BD480D002030
S21402C8E008B5064B044613B10021AFF30080044B93
S21402C8F01B6803B19847204603F0F3F800000000D7
S21402C900F82B0020024B0146186800F02DB800BF35
S21402C910480D0020024B0146186800F0A5BA00BF79
S21402C920480D002070B50F4E0C463168054611B909
S21402C93000F054FA30602146284600F04FFA431CB5
S21402C94003D14FF0FF34204670BDC41C24F003040C
S21402C950A042F8D0211A284600F040FA0130F2D15F
S21402C960EFE700BFB82A00202DE9F041CD1C25F0E4
S21402C970030508350C2D38BF0C25002D064601DBB5
S21402C980A94204D90C2333600020BDE8F081314F60
S21402C99000F062F83B681C4644BB29463046FFF767
S21402C9A0C1FF431C044650D13C682146002941D1B0
S21402C9B0002C44D02368304604EB030800F00EFA3D
S21402C9C080453CD121686D1A29463046FFF7AAFFFA
S21402C9D0013034D023682B4423603B68002B36D0CA
S21402C9E05A68A24229D100225A600EE02268521BDF
S21402C9F01DD40B2A16D96119A342256018BF5960A7
S21402CA00636808BF396062514B60304600F02AF80E
S21402CA1004F10B00231D20F00700C21AB5D01B1A22
S21402CA20A350B2E7A3426268DED13A60EDE723463E
S21402CA306468B1E70C464968B8E71346CEE70C23AC
S21402CA403360304600F00EF89EE70560DDE75B6077
S21402CA50FFDE00BFBC2A002001480BF0B4BD00BFB9
S21402CA60DC31002001480BF0AFBD00BFDC310020F6
S21402CA70002310B50446C0E90033C0E904338360DE
S21402CA8081814366C2818361194608225C300BF0BD
S21402CA9082FD0D4B63620D4BA3620D4BE3620D4BA1
S21402CAA023630D4B24629C4206D003F16802944233
S21402CAB002D0D0339C4205D104F15800BDE81040A4
S21402CAC00BF080BD10BD00BFBD840300DF840300F1
S21402CAD0178503003B850300C02A0020024A03494B
S21402CAE003480BF0CDBC00BF3C0D0020F1880300CC
S21402CAF04C0D002041680C4B994210B5044601D0FB
S21402CB000BF0F6FEA168094B994202D020460BF0C4
S21402CB10EFFEE168064B994204D02046BDE810407D
S21402CB200BF0E6BE10BD00BFC02A0020282B002056
S21402CB30902B002010B50B4B0B4C0C4A1A6020466B
S21402CB4000220421FFF794FF04F168000122092164
S21402CB50FFF78EFF04F1D0000222BDE8104012213A
S21402CB60FFF786BFF82B0020C02A0020DDCA02008D
S21402CB7001480BF028BD00BFDD31002001480BF054
S21402CB8023BD00BFDD31002010B50446FFF7F0FFDD
S21402CB90236A1BB1BDE81040FFF7F0BF044B2362C7
S21402CBA0044B1B68002BF5D1FFF7C4FFF2E700BF6A
S21402CBB0F5CA0200F82B00202DE9F7431D46574B15
S21402CBC01F6804460E46904627B13B6A13B938469C
S21402CBD0FFF7DAFFB8F1020F06D0B8F1010F00F244
S21402CBE09A80002DC0F29780636ED90705D4A38978
S21402CBF09A0502D4A06D0BF0E6FC214638460BF0EF
S21402CC0077FE616B41B104F14403994202D0384683
S21402CC1000F02AF9002363630023A3616360A389FB
S21402CC201B0603D52169384600F01EF9A38923F4B2
S21402CC304A6323F00303B8F1020FA38161D001AB6C
S21402CC406A46214638460BF07BFEA3891843A0812C
S21402CC502DBB009D2846FFF755FE0646002852D1FA
S21402CC60DDF80090A94540D14FF0FF35B4F90C30FD
S21402CC7043F00202A2810022A26004F1470222606F
S21402CC80226101226261626ED60704D4980502D43C
S21402CC90A06D0BF099FC284603B0BDE8F083002E89
S21402CCA0D8D03B6A13B93846FFF76EFFB8F1010FCA
S21402CCB008BFA389266004BF43F00103A381B4F929
S21402CCC00C3013F00802C4E904651ED0D90741BF30
S21402CCD000226D42A260A56158BFA560626ED207AF
S21402CCE001D49B0513D50025D5E74846FFF70AFE73
S21402CCF006460028B8D0A38943F08003A3814D4698
S21402CD00CFE70025B2E7A946F5E7A260E6E7A06D01
S21402CD100BF05AFCE7E74FF0FF35BCE7480D002062
S21402CD200EB400B59CB01DAB029006906FF00041A9
S21402CD30094807910491094953F8042B05910068A4
S21402CD40019302A900F0DAF8029B00221A701CB0C6
S21402CD505DF804EB03B07047480D00200802FFFFA1
S21402CD600B46034902460868816800F0C3B900BF53
S21402CD70480D002038B5064D0023044608462B60B1
S21402CD8002F0ADFE431C02D12B6803B1236038BD0E
S21402CD90FC2B002038B5074D0446084611460022F3
S21402CDA02A601A4602F0A5FE431C02D12B6803B184
S21402CDB0236038BDFC2B002038B5074D04460846D4
S21402CDC0114600222A601A4602F095FE431C02D142
S21402CDD02B6803B1236038BDFC2B002038B5064D06
S21402CDE00023044608462B60E5F7E2FC431C02D10A
S21402CDF02B6803B1236038BDFC2B002038B5074DE5
S21402CE0004460846114600222A601A4602F081FEAF
S21402CE10431C02D12B6803B1236038BDFC2B0020D3
S21402CE2070B50D4D0D4C641BA4100026A64209D108
S21402CE300B4D0C4C0CF054FB641BA4100026A642AF
S21402CE4005D170BD55F8043B98470136EEE755F814
S21402CE50043B98470136F2E74010002040100020BD
S21402CE60401000204410002038B50546002941D065
S21402CE7051F8043C0C1F002BB8BFE418FFF7ECFD7A
S21402CE801D4A136833B9636014602846BDE838400B
S21402CE90FFF7E8BDA34208D9206821188B4201BFDC
S21402CEA019685B6809182160EDE71A465B680BB1E2
S21402CEB0A342FAD911685018A0420BD12068014447
S21402CEC0501883421160E0D118685B6853600844CA
S21402CED01060DAE702D90C232B60D6E72068211807
S21402CEE08B4204BF19685B68636004BF091821603F
S21402CEF05460CAE738BD00BFBC2A00202DE9F04FB7
S21402CF0098468B891B069DB007460D46144610D5DB
S21402CF100B6973B94021FFF727FD2860286130B9F5
S21402CF200C233B604FF0FF301DB0BDE8F08F40236E
S21402CF306B610023099320238DF82930CDF80C80ED
S21402CF403023DFF89C818DF82A304FF00109234602
S21402CF509A4613F8012B0AB1252AF9D1BAEB040B2B
S21402CF600BD05B462246294638460BF04CFB013076
S21402CF7000F0A780099A5A4409929AF80030002BCA
S21402CF8000F09F8000234FF0FF32CDE905230AF11F
S21402CF90010A049307938DF853301A9354460522D8
S21402CFA014F8011B4E48DFF7ABFC049AD8B9D0063A
S21402CFB044BF20238DF85330110744BF2B238DF82E
S21402CFC053309AF800302A2B15D0079A5446002080
S21402CFD04FF00A0C214611F8013B303B092B4BD986
S21402CFE0B0B1079214E0A0EB080309FA03F3134367
S21402CFF00493A246D2E7039B191D1B680391002BDC
S21402D000BBBF5B4242F0020207930793B8BF04928B
S21402D01023782E2B0AD163782A2B32D1039B1A1D32
S21402D0201B68039243EAE37302340593DFF8C0A059
S21402D030217803225046DFF763FC38B1049BA0EB4D
S21402D0400A004022824013430134049314F8011B61
S21402D05024488DF828100622DFF752FC002836D026
S21402D060214B1BBB039B073323F0070308330393B1
S21402D070099B334409936AE70CFB02320C460120F3
S21402D080A8E700230134059319464FF00A0C204600
S21402D09010F8012B303A092A03D9002BC6D0059185
S21402D0A0C4E70CFB012104460123F0E703AB00931F
S21402D0B02A460E4B04A93846AFF30080421C0646A9
S21402D0C0D6D1AB895B063FF52DAF09982CE703ABAB
S21402D0D000932A46054B04A9384600F023F9EDE7EB
S21402D0E0B4C70300BEC703000000000007860300A3
S21402D0F0BAC703002DE9F04F0D469DB01446984678
S21402D100064618B1036A0BB9FFF73EFD6B6ED907E8
S21402D11005D4AB899A0502D4A86D0BF054FAAB89F4
S21402D1201B0701D52B699BB92946304600F026FA23
S21402D13070B16B6EDC0704D54FF0FF301DB0BDE852
S21402D140F08FAB899805F7D4A86D0BF03DFAF3E79C
S21402D1500023099320238DF82930CDF80C80302344
S21402D160DFF8AC818DF82A304FF0010923469A4643
S21402D17013F8012B0AB1252AF9D1BAEB040B0BD00E
S21402D1805B462246294630460BF0AFFA013000F0E5
S21402D190A780099A5A4409929AF80030002B00F0A8
S21402D1A09F8000234FF0FF32CDE905230AF1010AE2
S21402D1B0049307938DF853301A935446052214F8B5
S21402D1C0011B5348DFF79CFB049AD8B9D10644BF2B
S21402D1D020238DF85330130744BF2B238DF853308A
S21402D1E09AF800302A2B15D0079A544600204FF0A2
S21402D1F00A0C214611F8013B303B092B4BD9B0B142
S21402D200079214E0A0EB080309FA03F3134304930E
S21402D210A246D2E7039B191D1B680391002BBBBFD6
S21402D2205B4242F0020207930793B8BF0492237848
S21402D2302E2B0AD163782A2B32D1039B1A1D1B6828
S21402D240039243EAE37302340593DFF8D4A021780D
S21402D25003225046DFF754FB38B1049BA0EB0A00CA
S21402D2604022824013430134049314F8011B2948D8
S21402D2708DF828100622DFF743FB00283FD0264B06
S21402D2801BBB039B073323F0070308330393099B57
S21402D2903B4409936AE70CFB02320C460120A8E7DE
S21402D2A000230134059319464FF00A0C204610F865
S21402D2B0012B303A092A03D9002BC6D00591C4E7C0
S21402D2C00CFB012104460123F0E703AB00932A4638
S21402D2D0124B04A93046AFF300800746781CD6D11D
S21402D2E06B6ED90705D4AB899A0502D4A86D0BF0EC
S21402D2F06BF9AB895B063FF51FAF09981EE703ABD8
S21402D30000932A46054B04A9304600F00BF8E4E7E2
S21402D310B4C70300BEC7030000000000EB8603008C
S21402D320BAC703002DE9FF470F7E0C9E782F914661
S21402D33080460C469A4601F1430207D8622F0AD865
S21402D340002F00F0DD80582F00F0C38004F1420663
S21402D35084F842703AE0A7F16303152BF6D801A1D0
S21402D36051F823F0BDD30200D1D302004DD3020000
S21402D3704DD302004DD302004DD30200D1D302009A
S21402D3804DD302004DD302004DD302004DD302000E
S21402D390E7D402005FD402009FD402004DD30200FD
S21402D3A04DD3020009D502004DD302005FD402001D
S21402D3B04DD302004DD30200A7D4020033681A1DD3
S21402D3C01B68326004F1420684F842300123A8E06A
S21402D3D031682368081D30601E0601D50D6803E01B
S21402D3E05D06FBD5B1F900506168002D78DA2D2074
S21402D3F0002984F84300A1602DDA5E486D420A23B4
S21402D4001646B5FBF3F103FB1157C75D06F8017D1F
S21402D4102F46BB420D46F4D9082B0BD12368DF07F3
S21402D42008D5236961689942DEBF302306F8013CBD
S21402D43006F1FF36921B2261CDF800A04B4603AAE6
S21402D440214640460BF063F901306FD14FF0FF30B2
S21402D45004B0BDE8F08723F004032360CDE721681B
S21402D4603368080653F8045B02D4490648BFADB2D7
S21402D4706F2F4048336014BF0A230823002184F824
S21402D48043106668A660002EBADB216821F004010C
S21402D4902160002DB4D1002EB2D11646BCE7236817
S21402D4A043F0200323603448782784F845702368C5
S21402D4B031681F0651F8045B02D45F0648BFADB25E
S21402D4C03160D90744BF43F0200323601DB1102307
S21402D4D0D4E72848E9E7236823F020032360F6E729
S21402D4E024480A23CDE7336825686169181D306031
S21402D4F02E061B6801D5196002E06806FBD5198066
S21402D50000232361164697E733681A1D32601E68A9
S21402D510626800213046DFF7F3F908B1801B6060CD
S21402D52063682361002384F8433085E72369324623
S21402D53049464046D047013088D023689B0714D41A
S21402D540E068039B9842B8BF184681E7012332463B
S21402D55049464046D04701303FF478AF0135E3688C
S21402D56003995B1AAB42F1DCEAE7002504F11906DF
S21402D570F5E700BFC5C70300D6C7030038B5294B79
S21402D580054618680C4618B1036A0BB9FFF7FCFA91
S21402D590B4F90C30190722D4DA0607D409222A6015
S21402D5A043F04003A3814FF0FF3033E0580712D513
S21402D5B0616B41B104F14403994202D02846FFF759
S21402D5C053FC00236363A38923F02403A38100236F
S21402D5D0636023692360A38943F00803A381236958
S21402D5E04BB9A38903F42073B3F5007F03D0214619
S21402D5F028460BF0CBF9B4F90C3013F001020AD02E
S21402D6000022A26062695242A261226942B913F004
S21402D6108000C5D138BD990758BF6269A260F4E799
S21402D6200020F7E7480D002038B5074D00230446D2
S21402D630084611462B6002F055FA431C02D12B68AD
S21402D64003B1236038BD00BFFC2B002038B5064D61
S21402D6500023044608462B6002F049FA431C02D116
S21402D6602B6803B1236038BDFC2B0020C0F3C753E0
S21402D6707F3B162B07EE900A20F000412FDC002B92
S21402D68016DB1C491941084226D09FED1B7A37EE5D
S21402D690877AB5EEC07AF1EE10FA1DDD002804DDB9
S21402D6A04FF4000242FA03F3184420EA01007047DE
S21402D6B09FED117A37EE877AB5EEC07AF1EE10FA60
S21402D6C00ADD002813DBB7EE007A002914BF17EE36
S21402D6D0100A17EE900A704717EE900A7047B1F1DB
S21402D6E0FF4FF9D377EEA77A17EE900A70474FF0FE
S21402D6F000407047FFFF7F00CAF24971094A51682D
S21402D700C84390FAA0F048B1B0FA80F0042805DCCD
S21402D710012383400B43536040B270474FF0FF3003
S21402D720704700BF282C0020034B04480021282203
S21402D730C3E900110AF02FBF282C0020002C00207D
S21402D74038B50546FFF7DAFF04460448294600EBDB
S21402D750C4000BF0ECF9204638BD00BF002C0020B8
S21402D760C3B2042B10B515D80B4A042303EBC0032F
S21402D770134453E8002F0A4343E80024002CF8D150
S21402D78001220649824051E8003F134341E8003037
S21402D7900028F8D110BD00BF002C0020282C002045
S21402D7A0F7B51A4A1A491B4D012608274FF0040CF2
S21402D7B0106800B30B7806FA03F420421DD0E0434B
S21402D7C052E8004F044042E8004EBEF1000FF7D187
S21402D7D017FB03C32B4453E8000F43E800E4002C76
S21402D7E0F9D1019048B108780B4901AA05EBC000AF
S21402D7F00BF0D9F9012003B0F0BD0B7850688342D4
S21402D8003ABF0133DBB200230B70D1E7282C00208D
S21402D810DE310020002C002078563412024B1868A5
S21402D820003818BF01207047282C002010B5044687
S21402D83002F0ADFD074B1B684BB1DB681B1B002BD0
S21402D840CCBF0024012402F0A8FD204610BD1C46D1
S21402D850F9E700BF402C002038B5054602F097FDD8
S21402D860094B1A684FF0FF341AB902F096FD2046AB
S21402D87038BDD2E903310B445B1B23F000439C42C4
S21402D880526828BF1C46EFE7402C00202DE9F84FCF
S21402D8900C9F9DF82CA00E4615469946804608B168
S21402D8A003687BB937B129463046B84740F2034091
S21402D8B0BDE8F88F002DF9D0002EF7DB284600F0E1
S21402D8C009FCF3E702F063FD8346504600F0F0F9E8
S21402D8D00446584602F061FD8CB947B129463046E7
S21402D8E0B8470320314600F0BBFB1A20E0E7002DC4
S21402D8F0F7D0002EF5DB284600F0ECFBF1E7C4F883
S21402D9000080DFF878800A9B65610025C4E90797E6
S21402D910A660236184F818A0D8F80030656098479E
S21402D92009EB000602F033FD07461248E66002687D
S21402D930114631B1CB689B1B002B13DBCB689E4292
S21402D94010D09DB90C4B626004601C682CB1D8F8EC
S21402D95000309847FFF780FFA047384602F01DFDCB
S21402D9600020A5E74B680D461946E2E76B68636040
S21402D9706C60F2E7402C0020302C0020382C00206F
S21402D9802DE9F74FDFF884B081460D4692461E46D3
S21402D99002F0FDFCDBF8004001904FF000082CB9C5
S21402D9A0019803B0BDE8F04F02F0F7BC23684B4580
S21402D9B01CD12DB1A3682A6823F00043934215D1E7
S21402D9C07EB96368B8F1000F13D1CBF800300D4B67
S21402D9D01F6887B10C4A12689047FFF73DFFB847A9
S21402D9E009E060695146B0470028EAD0A04664685C
S21402D9F0D5E7C8F80430676820460BF054F83C4672
S21402DA00CDE700BF302C0020382C0020402C002010
S21402DA10014B1860704700BF302C002070B50B4BCE
S21402DA2004460E4615461978094A0A480BF0D0FCF9
S21402DA30094A00231360094A1660094A2421156020
S21402DA4007202246BDE8704000F0B4B8F731002047
S21402DA50F1C70300DF310020402C0020382C0020C4
S21402DA60342C00207FB504461846002303930A4B45
S21402DA701B680D46164613B9212004B070BD03A9D3
S21402DA8098470028F8D10090039B32462946204644
S21402DA900BF03CF8F1E700BF342C0020F8B5054641
S21402DAA010200F46164600F0F7FA0A4B044618787E
S21402DAB018B1102221460BF08EFC44B10123E3601C
S21402DAC02B682360C4E9017600202C60F8BD1A207A
S21402DAD0FCE700BFDF3100202DE9F843264FDFF8D0
S21402DAE0A880264D38603868FFF7A0FE30B9244B70
S21402DAF01B689847BDE8F843FFF7AEBE02F047FC46
S21402DB00D8F800400646ECB16368C8F800301D4BF2
S21402DB10D3F80090B9F1000F0CD102F03EFCA368D6
S21402DB202C6033F0004311D128680AF0BCFF0023B2
S21402DB302B60D8E7124B1B689847FFF78DFEC84745
S21402DB403046EAE702F029FC2C60CCE72368002B7B
S21402DB50EAD018680028E7D0A26832F00043E3D083
S21402DB60D0E90069636921688068C8470028DBD16C
S21402DB70002ED9D03046EFE7442C00203C2C002063
S21402DB80382C0020302C0020402C002038B50446CB
S21402DB900D4602F0FCFB064B1B683BB1DA692260BD
S21402DBA01B692B60BDE8384002F0F7BB2360F8E73C
S21402DBB03C2C00202DE9F74FDFF88C90DFF88CB074
S21402DBC009EB001503314FEA001A4FF6FC770F40B7
S21402DBD00024DBF800306A8029F80A708046EC6080
S21402DBE002FB07F01646984717FB06F292B2034668
S21402DBF068602A8108B300921148124A9BF8041002
S21402DC0052F8282040440BF0E4FB21462A89686833
S21402DC100AF0C1FC214623469E4206DCD14400207F
S21402DC20A9F8026003B0BDE8F08F6A68E868505051
S21402DC305418EC6001333944EEE71A20F2E700BFCD
S21402DC40E0310020F0C8030038250020482C0020D0
S21402DC5070B50B4E06EB00150446696839B1094BE0
S21402DC602A89185C0BF0B6FB686800F033FA06EBFC
S21402DC7004101022BDE8704000210AF08CBC00BFE0
S21402DC8038250020E0310020044B19601A71986094
S21402DC900201002102480AF07EBC00BF482C002088
S21402DCA038250020014B185C704700BFE031002089
S21402DCB070B50A4C04EB00130601DD68084B185CCD
S21402DCC018B1A25B29460BF086FB2DB134442B68B3
S21402DCD0E3606388013B6380284670BD38250020D8
S21402DCE0E0310020024B03EB00139878704700BF28
S21402DCF038250020094B03EB001310B45A88DC6861
S21402DD000C600132D9605A80054B185C18B15DF878
S21402DD10044B0BF061BB5DF8044B704738250020BE
S21402DD20E0310020044A010102EB0013505A10B100
S21402DD301B89B3FBF0F070473825002038B5164B28
S21402DD40164D00241C70164B2C601C60154B6C6024
S21402DD5020461C70AC60FFF7E5FF80B2A0F10E0310
S21402DD606B80A0F11403013068812046EB80FFF738
S21402DD7099FF0D4D0D4A0446014628460BF028FB36
S21402DD802146681E0A4A0BF023FB2146681C094AF4
S21402DD90BDE838400BF01CBBF53100207A2F00207E
S21402DDA06C2C0020F4310020F231002034C903002C
S21402DDB03DC9030047C9030070B5044680B302F0AC
S21402DDC0E6FA63796FF382036371237913F0100620
S21402DDD0054605D010232371BDE8704002F0DDBA77
S21402DDE003F003030F4931F82320013A21F82320D8
S21402DDF030462146FFF77EFF0B4B0C4E1C681CB9C3
S21402DE000A4B28461C70E7E7237A1BB933781BB9FE
S21402DE102468F4E7012BFBD1636820469847F7E7AE
S21402DE2070BD00BF7A2F00206C2C0020F531002038
S21402DE3010B5044602F0ABFA034B1A6822601C6067
S21402DE40BDE8104002F0A9BA6C2C002010B5064BB3
S21402DE501A78541C1C70054B00F0E00003F83200E0
S21402DE6003EBC203596010BDF4310020542C00208D
S21402DE702DE9F04F4607044689B048BF00F0F70484
S21402DE80634F049204F00306029102F080FA07EB55
S21402DE90860337F826205B889A4204F0EF0A81460A
S21402DEA04FEA860831D20020FFF702FF054640B34C
S21402DEB037F826304846013327F8263002F06DFA46
S21402DEC028460BF0F4F8029B029AAB71049B85F885
S21402DED004A01344EB7102F05AFA4E4B1C68074634
S21402DEE0002C40F08C80384602F057FA4A4B985D78
S21402DEF018B1452229460BF06EFA284609B0BDE84D
S21402DF00F08F464B01221A70484602F046FA250761
S21402DF101DD51F2C1BD904F0E003039302F037FA39
S21402DF2007EB080337F826805B88DFF8F8909845F9
S21402DF302CBF00230123019302F02FFA07EB86037E
S21402DF404FF0000B0593364B1B789B4508D384F0A5
S21402DF5004005146C0F3800000F082F80025C5E7B1
S21402DF6099F80030039A1A4204D0D9F80480D8F8F7
S21402DF70003023B90BF1010B09F10809E3E7079317
S21402DF805A79D00708D51A79510705D5019941B9AA
S21402DF908AEA0202920704D098461B68002BEFD149
S21402DFA0E5E740460AF0E8FE0579079007A80AF07A
S21402DFB0C5FE2946002000F053F802F0E8F9059B5A
S21402DFC037F826205B889A4234BF01230023054691
S21402DFD0019309D20020FFF76BFE079058B137F87D
S21402DFE02630013327F82630284602F0D6F9079D58
S21402DFF0002DBCD064E7094B01221A70F4E7237A9D
S21402E000012B02D1636820469847246868E700BF60
S21402E0107A2F00206C2C0020F1310020F5310020F0
S21402E020F4310020542C0020014B00221A60704765
S21402E030702C002010B5044602F0A9F9074A1368AE
S21402E0402BB914602360BDE8104002F0A6B9A342C3
S21402E05002D01A461B68F3E710BD00BF702C0020E2
S21402E060064B70B51C6805460E4604B970BD63685B
S21402E0703146284698472468F7E700BF702C0020F0
S21402E080024B034A197803480BF0A2B9F631002076
S21402E09054C90300F731002038B5C41C24F0030429
S21402E0A0204601F0A8FB0A4B0546187818B122460E
S21402E0B029460BF090F92DB921460220FFF7D0FF32
S21402E0C0284638BD2246002128460AF064FAF7E7B9
S21402E0D0F731002010B5044628B1054B187810B168
S21402E0E021460BF079F92046BDE8104001F0A1BBAD
S21402E0F0F731002038B50B4C0B4B206800251D70FD
S21402E10028B100F0FEFF2068FFF7E4FF2560074C09
S21402E110206830B101F060FA2068FFF7DBFF0023C9
S21402E120236038BD782C0020F9310020742C0020A2
S21402E1302DE9F341224F3B78002B3FD1214B224E53
S21402E1401978224A224C30460BF042F901F08DFB38
S21402E1500546FFF7A1FF01462060307810B12A4637
S21402E1600BF039F9236883B101F081FB8046FFF793
S21402E17093FF184D01462860307810B142460BF0E6
S21402E1802AF92B682BB9FFF7B5FF1A2002B0BDE8B3
S21402E190F081206800F0A4FF2868E0F701FA002367
S21402E1A000932A680C49206800F0BFFF20B1FFF7F1
S21402E1B0A1FF40F20740E9E701233B700020E5E7B4
S21402E1C0F9310020F7310020F83100205EC9030043
S21402E1D0782C0020742C002023F6020038B50C4B55
S21402E1E01B7804460D465BB10A4B22461868294640
S21402E1F001F03AF8002840F2074008BF002038BD78
S21402E20005490648FFF794FF0028EDD0F7E700BF60
S21402E210F9310020782C0020EFBEADDEBEBAFECA71
S21402E2200369C26893429CBF81685B18013B981AD7
S21402E23070472DE9F041D0E902840546A8EB0406B2
S21402E2404068964220440F46144404D90AF0BDF9A9
S21402E250EC60BDE8F0813246A4EB08040AF0B5F99A
S21402E26068682246B919F1E72DE9F843C5680646FB
S21402E270894617464FF000083369B46870689D42B5
S21402E28028BF1B19641BBC4203F1FF3328BF3C4660
S21402E2905B1B9C4228BF1C464946284422460AF07D
S21402E2A094F9B3682544AB4208BF00253F1BA0443F
S21402E2B0A144F560E0D14046BDE8F88310B50B46B0
S21402E2C0EFF311844FF0200181F311881946DFF72E
S21402E2D0F7F984F3118810BD00220123C0E9002358
S21402E2E0704710B5044648B1006818B1E188890045
S21402E2F001F051FA00220123C4E9002310BD42F2C4
S21402E3001073994270B504460D4602D96FF00F009D
S21402E31070BDC3888B4201D30020F9E7042128464A
S21402E32001F077FA06460028F0D0216841B1E2886B
S21402E33092000AF04AF9E1882068890001F02BFA77
S21402E340E5802660E8E738B504460D4619B9FFF7BA
S21402E350C8FF002038BDC2888A4207D100689200F2
S21402E36000210AF018F90123A380F2E7FFF7B9FFAC
S21402E37029462046BDE83840FFF7C1BF884270B53F
S21402E38005460E4609D0C988C28841B92AB101237A
S21402E3908380920000680AF0FEF8002070BD4C1ED2
S21402E3A08CB90134B6F90430AB80A24212D22146AF
S21402E3B02846FFF7A4FF0028F0D131682868A2009B
S21402E3C00AF003F9E9E7336853F82430002BE8D162
S21402E3D0013CE5E72868121B9200002100EB84004E
S21402E3E00AF0D9F8E9E770B50C4601210546FFF7B1
S21402E3F086FF064688B9EA880146920028680AF02F
S21402E400CAF884EAE472A2EBE472E40FC4EBC43402
S21402E4102B68640001341A60AC80304670BDC38835
S21402E420B1EB431F3FBF03684A0901F01F0153F8CF
S21402E43022003ABFC84000F0010000207047C188A1
S21402E440006800F0A9BA70B50E4612F0030118BFB4
S21402E450012101EB920105461446FFF774FF38B915
S21402E460E988286823463246BDE8704000F0B6BA0E
S21402E47070BD13460A46C188006800F0D4BA38B5A3
S21402E48004460D46FFF7DBFFE3882844B0EB431F44
S21402E49006D82068E1882A4600F035FB002038BD01
S21402E4A010F01F0118BF012101EB50112046FFF7A3
S21402E4B026FF0028EDD0F2E70A46C18808B511B15A
S21402E4C0006800F0E2FA002008BD10B5C38823B940
S21402E4D0CA885AB9ABB1012017E0026802EB830280
S21402E4E052F8042C002AF3D1013BF0E70C6804EB47
S21402E4F0820454F8044C0CB9013AEAE79342EAD88B
S21402E5000FD3013B5A1C01D1002010BD026852F8FD
S21402E51023400A6852F823209442DCD803F1FF33E2
S21402E520F0D24FF0FF30F0E730B5C38823B9CA887F
S21402E5305AB9002B3DD136E0026802EB830252F84C
S21402E540042C002AF3D1013BF0E70C6804EB8205A9
S21402E55055F8045C4DBB013AEAE7B1F9045003D220
S21402E560B1F90400404226E0B0F90420002A03DD97
S21402E570002D0CDA01201EE0002D08DD3AB14FF026
S21402E580FF3018E003F1FF330BD2504213E0013B99
S21402E590016851F8235054F823108D42F2D91046E0
S21402E5A009E0591CF4D1002005E0002BD8D0934294
S21402E5B0D3D9B0F9040030BD1FB581EAE173A3EBED
S21402E5C0E173C90FC1EBC131490001930131012347
S21402E5D0ADF80C10ADF80E3002A901AB0293FFF7AE
S21402E5E0A3FF05B05DF804FB90422DE9F041054615
S21402E5F00F46144602D0884206D127460123FC88DD
S21402E600AB803CB9002003E0FFF7B8FE0028F4D048
S21402E610BDE8F0813B6803EB84034FEA840853F8B5
S21402E620043C0BB9013CECE721462846FFF767FE9F
S21402E6300028EDD12E683A6823463146304600F06F
S21402E64098FA06EB08030746002FDBD0EA88A242B8
S21402E65004F1010608D831462846FFF750FE002886
S21402E660D6D12B6803EB84031A68D21943F8042B1D
S21402E6702CBF012700273446E6E72DE9F041D4886F
S21402E68005460E4690463CB9F188A1420ED26FF07E
S21402E69009073846BDE8F081D8F8003003EB84035A
S21402E6A053F8043C002BEFD1013CECE72846FFF779
S21402E6B026FE07460028ECD1F28894420BD2AE42E0
S21402E6C009D028683168121B920001EB840100EB26
S21402E6D0840009F07AFFEA88F088824207D92B681C
S21402E6E0121A9200002103EB800009F054FFD8F8BA
S21402E6F0002031682868234600F051FA024610B915
S21402E7000123AB80C5E72968EB8801EB84011B1B5C
S21402E710084600F06DFB0028F2D0B8E72DE9F84372
S21402E720B2F804C0B1F904401CFB04FC664673430D
S21402E73081460D4617461CD511462846FFF7C5FEEC
S21402E740B0F100080DDB3A4629464846FFF795FF2A
S21402E75098B9B8F1000F08BF0124A9F804400020B8
S21402E7600BE02A464846FFF788FF30B9644224B2D7
S21402E770F3E7FFF739FF0028EFD0BDE8F88301235F
S21402E780FFF7CCBF4FF0FF33FFF7C8BF1FB582EAD3
S21402E790E273A3EBE273D20FC2EBC23252000193D2
S21402E7A001320123ADF80C20ADF80E3002AA01ABFF
S21402E7B00293FFF7E7FF05B05DF804FB2DE9F0478B
S21402E7C0012386B0164688424FF00002CDE90223A6
S21402E7D0CDE9042307460D4606D102A8FFF7CEFD73
S21402E7E00446002833D102ADB74206D1394604A802
S21402E7F0FFF7C4FD044650BB04AEB5F80680B8F178
S21402E800000F2ED1B6F80690B9F1000F33D14FF0B3
S21402E810010A09EB08013846FFF771FD0446B0B954
S21402E82001463846FFF7DFFD044680B9CDF8009072
S21402E830336829683868424600F08AFABAF1000F4F
S21402E84022D1AB88B28813FB02F31BB2BB8004A8AA
S21402E850FFF747FD02A8FFF744FD204606B0BDE8D5
S21402E860F0872B6803EB880353F8043C002BC9D1CE
S21402E87008F1FF38C3E7336803EB890353F8043C17
S21402E88023B909F1FF39BFE70123DFE7B8FA88FAAF
S21402E8904FEA5A1ABDE72DE9F341CF880546884666
S21402E8A016463FB1D8F8003003EB870353F8043C12
S21402E8B03BB146B90021284602B0BDE8F041FFF759
S21402E8C092BD013FEDE7791C2846FFF718FD044686
S21402E8D070B941462846FFF751FD044640B9013E4D
S21402E8E00096D8F80020E98828683B4600F074F9BC
S21402E8F0204602B0BDE8F08170B504460D461046CB
S21402E90000211646FFF758FE002824DB2A46334627
S21402E91021460020DEF7FEFF054638B1284670BDC8
S21402E920324621462046FFF72AFF90B900212046AC
S21402E930FFF742FE0028F3DB31462046FFF7F4FDE0
S21402E9400028EBDB324621462046FFF71BFF002855
S21402E950F2D00546E2E76FF00905DFE7F7B50E1ECF
S21402E960044615461F4614DB1046FFF725FE002810
S21402E9700FDDE9882046FFF7E6FC40B9089BCDE9A3
S21402E98000733146E3882A682068DFF7D7F903B0B8
S21402E990F0BD6FF00300FAE70139002901DA002022
S21402E9A0704750F82130002BF6D0B3FA83F00131CD
S21402E9B0C0EB4110704739B101F18041013900EBDB
S21402E9C081018142034600D270471B680A681BBA5F
S21402E9D012BA40F8042B41F80439F2E72DE9F04167
S21402E9E01C4613F0030318BF012303EB94038B4268
S21402E9F006460D46904613D879B18F003A46002156
S21402EA0009F0C9FD2CB1381B22464146304409F0B4
S21402EA10DCFD29463046FFF7CEFF0020BDE8F08138
S21402EA206FF00700FAE7B3EB810F70B504464FEAC2
S21402EA308105104619D95A1B8618002109F0ABFD2C
S21402EA4030462B46C21800218B4210D1002070BDE2
S21402EA5022F0030102F003066158F600F140C9B243
S21402EA6081B90132AA42F3D1ECE71A46FAE721F05D
S21402EA70030001F003052058ED00E84002F8010DFE
S21402EA800131E1E76FF00700E1E7F8B50546500906
S21402EA9088420C4602F01F0601D80AD136B1A200FF
S21402EAA028460021BDE8F84009F075BD1F2A02D8A5
S21402EAB0F8BD1F2A0FD9820005EB8003291F05EB3C
S21402EAC08407BB421AD1201A38BF0022002105EB68
S21402EAD0800009F060FD002EEAD005EB84040022D7
S21402EAE0C6F12000AC42E3D054F8041C21FA06F327
S21402EAF0134344F8043D01FA00F2F3E753F804CB5B
S21402EB0041F804CFDDE71F2AF8B503460D464FEA63
S21402EB10521402F01F0613D96FF0030000FB0430F4
S21402EB200A46944202F1FF3113D3621BAC4288BFFD
S21402EB3000222A4418469200002109F02CFD0346C2
S21402EB4036B103EB84030021C6F12007AC4206D39C
S21402EB50F8BD50F8212043F821200A46E1E718685C
S21402EB6000FA06F20A4343F8042B013420FA07F1AE
S21402EB70ECE7F0B50024844620469C4200D1F0BD66
S21402EB8051F8245052F824702E182CBF0125002567
S21402EB90BF194CF8247045F100000134EDE7F0B5DA
S21402EBA00024064620469C4200D1F0BD51F824C0FF
S21402EBB052F82470ACEB0005AF4294BF4FF0000E43
S21402EBC04FF0010EED1B46F8245084452CBF7046CC
S21402EBD00EF101000134E6E78B422DE9F04728BF2B
S21402EBE00B469646DE08089A0446C91A03F007083A
S21402EBF075460346B44600200CF1FF3CBCF1FF3FCD
S21402EC0003F1200305F1200511D104EB46140EEBA7
S21402EC1046164FEA880C06EB880E2546764540F0E7
S21402EC2081806444013980F08B80BDE8F08755F816
S21402EC30207CA2FB079710EB090953F8200C47F13A
S21402EC40000710EB090043F8200C55F81C0C47F19E
S21402EC500007A2FB00093F1853F81C0C49F10009F3
S21402EC60C01943F81C0C55F8180C49F10009A2FB10
S21402EC70000719EB000953F8180C47F1000710EBD0
S21402EC80090043F8180C55F8140C47F10007A2FBCC
S21402EC9000093F1853F8140C49F10009C01943F84B
S21402ECA0140C55F8100C49F10009A2FB000719EBE9
S21402ECB0000953F8100C47F1000710EB090043F85F
S21402ECC0100C55F80C0C47F10007A2FB00093F1880
S21402ECD053F80C0C49F10009C01943F80C0C55F80E
S21402ECE0080C49F10009A2FB000719EB000953F8CA
S21402ECF0080C47F1000710EB090043F8080C55F81A
S21402ED00040C47F10007A2FB000A17EB000953F8B0
S21402ED10047C4AF1000017EB090740F1000043F8B3
S21402ED20047C69E756F8043BA2FB0337C31828683D
S21402ED3047F10007C31845F8043B47F100006DE7AA
S21402ED4023681B1844F8043B2CBF0120002069E707
S21402ED502DE9F347DDF8289015464A440F469200FF
S21402ED6000210646984609F016FC002405F1010A21
S21402ED704C4502D102B0BDE8F08758F82430009323
S21402ED8006EB84002B463A465146FFF725FF013430
S21402ED90EEE72DE9F04712F0030418BF012404EB56
S21402EDA092048C420646884617461D464FEA840A57
S21402EDB0C2EB840919D84A46002109F0ECFBA8EBFD
S21402EDC004029200002106EB0A0009F0E4FB089810
S21402EDD03A4606EB0901A847054618B921463046C9
S21402EDE0FFF7E9FD2846BDE8F0876FF00305F9E76F
S21402EDF030B50546104600229A4200D130BD51F881
S21402EE002240241A45F8224034BF01200020013255
S21402EE10F2E74822002109F0BEBB10B5044601F015
S21402EE205CF82046BDE8104000F003BD10B5242172
S21402EE30012000F0EEFC044608B101F04AF8204634
S21402EE4010BD01F06EB801F04EB801F0B8B82DE969
S21402EE50F04F502ABFB006460C46154600F29F8079
S21402EE6022AF70220021384609F095FB0DA801F06A
S21402EE7030F82BBA26932A463023214628A88DF846
S21402EE809F3009F0A2FB05F1F8036B44802203F8D9
S21402EE90582C05AA002302F8013B0133202BFAD195
S21402EEA04FF4807205A90DA801F01DF883460028CC
S21402EEB057D11935804601AC10220021204609F0B0
S21402EEC06AFBA946BA46524610232146204600F05F
S21402EED04EFCB9F1100F234622464FF001010DA851
S21402EEE094BFA9EB0909A9F1100901F068F80AF123
S21402EEF0100A8346A8BBB9F1000FE4D116AB08EBA3
S21402EF00030C94E80F008CE80F009DF88B3008F194
S21402EF1010080133B8F1300F8DF88B30CCD14FF496
S21402EF20807216A90DA800F0DEFF8346C8B906F166
S21402EF30300834461EAB1A4601210DA801F03FF8F0
S21402EF40834670B90DF1780C2546624603CABA426A
S21402EF5028606960944605F10805F6D11034A0458C
S21402EF60E8D10DA800F0B9FF70213846DFF7B6FBEE
S21402EF70302116A8DFF7B2FB202105A8DFF7AEFB8B
S21402EF80102101A8DFF7AAFBBBF1000F03D0302146
S21402EF903046DFF7A3FB58463FB0BDE8F08F6FF070
S21402EFA0370BF8E72DE9F0438DB004460E463022C3
S21402EFB00021684609F0EFFA002704F12009E84626
S21402EFC00DEB070304F11001A14206D011F8012D42
S21402EFD00132D2B20A70002AF6D0224601214846F1
S21402EFE000F0EDFF054638B168463021DFF776FBC4
S21402EFF028460DB0BDE8F0831037302FDFD1731EE0
S21402F0002F3698F8002013F8011F4A40B34208F83A
S21402F010012BF6D14FF480726946484600F063FF32
S21402F02005460028E0D108AA0CAE134603CBB3422D
S21402F030206061601A4604F10804F6D1D4E72DE98F
S21402F040F0418469502C94B00546884617461E4601
S21402F05043D8C4F15003B3423FD3C6F150031B1B3F
S21402F06093423AD350220021684609F094FA6B6C18
S21402F070A86C22466946984728B16FF033042046AA
S21402F08014B0BDE8F081AC6946B16B6CA86C324630
S21402F0900DEB040198470028EFD13444B8F1000F75
S21402F0A007D037B10DEB04003A46414609F08DFA17
S21402F0B03C44224669466846FFF7C9FE044638B90C
S21402F0C069462846FFF76EFF044608B901232B61FE
S21402F0D050216846DFF702FBD1E76FF03704CEE730
S21402F0E010B54C220446002109F055FA04F120001E
S21402F0F000F0EFFE4FF0FF33236142F21073E3613C
S21402F10010BD10B5044660B1203000F0E6FE4C217A
S21402F1102046DFF7E3FA42F21073E3614FF0FF3363
S21402F120236110BD0023FFF78ABF2DE9F041054693
S21402F13088B04FF020080F46144600214246684623
S21402F1401E4609F028FAAB69C5E911740BB9C5F871
S21402F15018802C69002C05DAAC692F2C9ABF013472
S21402F160640800244FF48072694605F1200000F01E
S21402F170BAFE28B90E9A234631462846FFF75FFFA5
S21402F18008B0BDE8F0812DE9F04190B0B2F5806F8D
S21402F190DDF8588005460F4616461C465ED8B8F57A
S21402F1A0807F5ED83022002104A809F0F4F92A698B
S21402F1B0EB699A4201DC6B699BB1214642462846BE
S21402F1C0FFF7B0FF044628BB05F1200836BB04A9AA
S21402F1D02846FFF7E7FE0446A0B92B6901332B61E8
S21402F1E010E0B8F1000FEFD02146424604A8FFF720
S21402F1F02EFE044630B904A92846FFF7D3FE04467D
S21402F2000028E1D0302104A8DFF768FA102168460A
S21402F210DFF764FA204610B0BDE8F08105F110026F
S21402F220AA4206D012F8013D0133DBB21370002B5E
S21402F230F6D06B462A460121404600F0C0FE044640
S21402F2400028DFD1102E344628BF10243846224626
S21402F250694609F0BAF92744361BB7E76FF035045A
S21402F260D8E76FF03704D5E707B500230093FFF71A
S21402F2708AFF03B05DF804FB2DE9FF41DDF8288024
S21402F2801D46164643462A4604460F46DFF726F92B
S21402F29048B9CDE90180009504F11C033A4631468F
S21402F2A02046DFF70DF904B0BDE8F081F7B50D464C
S21402F2B00446083568461646FFF70EF8002128462B
S21402F2C0FFF77AF9211D07462A466846FFF75AFADB
S21402F2D0044648B9002F0CBF002206F00102694618
S21402F2E02846DEF7E7FA04466846FEF7FAFF2046A7
S21402F2F003B0F0BD70B50C460546114620461A46C8
S21402F300FFF73DFA064630B9043529462046FFF790
S21402F3100BF9002801DA304670BD2A4621462046FF
S21402F320FFF7ABF90028F0D00646F4E710B504461E
S21402F330FEF7D7FF04F10800FEF7D3FF04F1100032
S21402F340BDE81040FEF7CDBF13F07E0F2DE9F04763
S21402F3500C4615460CBF4FF0010A4FF0000A07464E
S21402F3605246294620461E46C3F34508DEF7A2FA51
S21402F37048BB04F10809524605F108014846DEF783
S21402F38099FA00BB08F1FF33D3F1000848EB0308F3
S21402F390424605F118012046DEF78CFA98B9424635
S21402F3A005F120014846DEF785FA60B9F2092146E2
S21402F3B03846FFF77BFF30B904F110000121BDE8A3
S21402F3C0F047FFF710B8BDE8F0870346C06920B1E2
S21402F3D05B6A002B14BF01200220704710B504465A
S21402F3E0FEF77AFF04F10800FEF776FF04F110003C
S21402F3F0BDE81040FEF770BF38B50025044600F899
S21402F400045BFEF769FF04F10C00FEF765FF04F1EA
S21402F4101400FEF761FF04F11C00FFF7DFFF04F1A2
S21402F4203400FEF759FFC4E90F55C4E91155C4E983
S21402F4301355C4E91555E56538BD08B1FFF776BF23
S21402F440704770B5044658B3436C012B11D00C308C
S21402F450FEF747FF04F11400FEF743FF04F11C0019
S21402F460FFF7EBFF04F13400FEF73BFF201DFEF72B
S21402F47038FFA36D8BB920466021BDE87040DFF7E8
S21402F4802DB906FB0500FFF7D8FF0135D4E91603B0
S21402F490AB42F6D800F0CDF9EDE700251826F5E7E1
S21402F4A070BD38B504460D46FEF768FF70B905F123
S21402F4B0080104F10800FEF761FF38B905F11001F2
S21402F4C004F11000BDE83840FEF758BF38BD08B555
S21402F4D000211030FFF770F8B0FA80F0400908BD3E
S21402F4E02DE9F041202B8AB00546884617461E466F
S21402F4F00BD90920DFF76EF802AB32463946DFF742
S21402F500D5F8044628BB02AF20262C698DF8048065
S21402F5108DF8056084B90920DFF75CF822460146BB
S21402F5202846DFF765F8044698B92846DFF78CF8D0
S21402F530044670B901232B61022201A92846DFF78F
S21402F54095F8044628B9324639462846DFF78EF83B
S21402F550044602A82021DFF7C1F820460AB0BDE81B
S21402F560F0812DE9F0430023A3B0064605461F4668
S21402F5706FF03B049946726997420BDB002B08BF7B
S21402F5806FF03C0402A88021DFF7A8F8204623B0DB
S21402F590BDE8F083D5F82880AC69E869CDF8049018
S21402F5A0B8F1010F18BF9846802201AB02A9A04706
S21402F5B004460028E6D1019B53B102AAF9B23046AE
S21402F5C0FFF78EFF0028E2D12B6A019A13442B62C2
S21402F5D0013714354346CEE70369013310B50446B6
S21402F5E00BD000F0A4F800236361282104F1180070
S21402F5F0DFF774F84FF0FF33236110BD30B545696D
S21402F600012D0BDC142404FB050401356362039B05
S21402F610A362C4E906124561002030BD6FF03D00CA
S21402F620FBE72DE9F041202A88B005460F4616462C
S21402F63076D840F201186B69002B6ED02846FFF789
S21402F64090FF0446002848D1D5F814E002462B461F
S21402F6500120A6454FDC002847D01F2A45D9202284
S21402F6600021684608F097FF69462846DFF70EF83D
S21402F670044690BB284600F05AF8284600F053F895
S21402F6800920DEF7A7FF224601462846DEF7B0FF2E
S21402F690044610BB2846DEF7D7FF0446E8B9202208
S21402F6A069462846DEF7E2FF0446B0B90920DEF7CF
S21402F6B091FF6B4620226946DEF7F8FF044660B9E2
S21402F6C06A690346142105F1200025469A421EDC8B
S21402F6D032466946384608F078FF20216846DEF74B
S21402F6E0FDFF204608B0BDE8F081B8F10108A2D1BE
S21402F6F06FF03B04F1E7D3E908C18C4538BF002020
S21402F700996A012908BF624401341433A1E701FB58
S21402F71003FC013340F80C50D8E76FF03F04DCE7F7
S21402F7206FF03B04DDE71022002108F034BF10B56D
S21402F7300446D8B10368CBB1806838B11B78082B71
S21402F74011D0092B0FD0A06800F073F8E06820B142
S21402F75023689978490000F01EF820461021BDE87B
S21402F7601040DEF7BBBF00F042FDECE710BDF0B57F
S21402F7700024261DB34202D29C4206D3F0BD0D5988
S21402F78017597D4005513446F3E70D5D165D754009
S21402F79005550134F0E710B5044608B1DEF79EFFC2
S21402F7A02046BDE8104000F044B8F0B5012B9DB0ED
S21402F7B006460F4615461C461AD801A800F015FD47
S21402F7C0214601A8E0F734FF044658B93A463146C6
S21402F7D001A800F00EFD044620B9294601A800F053
S21402F7E00FFD044601A800F002FD20461DB0F0BD44
S21402F7F06FF07304F9E738B5044600F0C1FD05461C
S21402F8002046FDF77FF80446284600F0BDFD204658
S21402F81038BD70B504460E4600F0B2FD31460546C8
S21402F8202046FDF755F80446284600F0ADFD204672
S21402F83070BD38B5054600F0A3FD04462846FDF720
S21402F84069F82046BDE8384000F09EBD08B501F0D4
S21402F850AEFBEAF7A1F802F01CFB03F04AF900201F
S21402F86008BD24207047482070474C20704740202F
S21402F870704708B5E3F756FA01F08EF801F08DF8F6
S21402F88001F098F8BDE8084001F0A1B808B501F00B
S21402F890A0F801F09FF801F09FF8BDE8084001F0DB
S21402F8A09DB82DE9FF410D4616461F460446A8B1EF
S21402F8B04FF00008C0F81C80DFF74CF8BDF82C307B
S21402F8C002939DF828304246CDE900732946334616
S21402F8D02046DEF7A5FF04B0BDE8F0812220FAE755
S21402F8E0F0B50D4685B016461F46044690B1002375
S21402F8F0C361DFF72FF8BDF82C3002939DF828304D
S21402F9002A46CDE90073294633462046DEF788FFAD
S21402F91005B0F0BD2220FBE7F0B587B01F460023F6
S21402F9200D4616468DF817300446A8B1C3610DF190
S21402F9301701DFF73FF89DF817207AB9BDF8343083
S21402F94002939DF830302946CDE9007320463346AF
S21402F950DEF766FF07B0F0BD2220FBE70320F9E7DB
S21402F960F0B587B01F4600230D4616468DF81730B1
S21402F9700446B0B1C3610DF11701DFF71BF89DF81D
S21402F980173083B9BDF8343002939DF830302A46DA
S21402F990CDE90073294633462046DEF741FF07B01D
S21402F9A0F0BD2220FBE70220F9E738B500F0EFFCB5
S21402F9B00546DFF783F90446284600F0EEFC2046AB
S21402F9C038BDDFF7FBB9704700207047704700204C
S21402F9D07047704707B5002301A88DF80430E2F798
S21402F9E0FFF803B05DF804FB013A42EA520242EA2B
S21402F9F0920242EA121242EA122230B542EA124257
S21402FA000132B2F5807F38BF4FF480725442044010
S21402FA1015198D4205D31C60039B1D60049B1A605A
S21402FA2030BD5200F2E708B5DFF7FCFA08BD70B544
S21402FA300C46154610B9DFF713FB38B143682BB1F5
S21402FA402A4621460068BDE870401847232070BD4C
S21402FA50F7B50D4616461C4648B103B901AC876891
S21402FA605FB12346324629460068B84706E0DFF70C
S21402FA70F7FA04B901AC0028F1D1232003B0F0BD97
S21402FA80F8B50C461546064658B9DFF7E9FA204699
S21402FA902946FDF765F90446002CD4BF372000201E
S21402FAA0F8BDDFF7DDFA86420746F0D03046DFF7CC
S21402FAB0CBFA29462046FDF753F904463846DFF7C7
S21402FAC0C3FAE9E70EB403B503AA52F8041B01927F
S21402FAD0FFF7D6FF02B05DF804EB03B070470020D4
S21402FAE07047FEE74FF400534B600020704701203A
S21402FAF070470020704707B5002001AB0190FFF762
S21402FB00A7FF0198002808BF4FF0FF3003B05DF84A
S21402FB1004FB10B500201446FFF789FF204610BDEF
S21402FB2010B500201C46FEF7C9FB002820600CBF5B
S21402FB301B20002010BD08B50020DDF733FE002094
S21402FB4008BD13B502230024684600948DF80440CD
S21402FB508DF80530E1F7C4FF204602B010BD2DE94E
S21402FB60F74F0E4615460446002873D059B9002AA8
S21402FB7070D1036803F17E43083B012B6DD8002049
S21402FB8003B0BDE8F08F036803F17E43083B012B08
S21402FB9063D8002AF3D0436803F03F079B184360FC
S21402FBA022BF8368013383604FB93F2A20D804F10D
S21402FBB02C002A463146384408F007FDDFE7C7F135
S21402FBC040094A45F3D300F12C084A4608EB0700E1
S21402FBD008F0FBFC0122009204F10C03403D206871
S21402FBE0424619463D44DFF71DFC3F2D4E4410D9D0
S21402FBF0B3074FEA951210D1009204F10C03206865
S21402FC0032461946DFF70EFC25F03F031E4405F088
S21402FC103F05002DB3D00027C9E7374606EB82180A
S21402FC2004F12C0B04F10C094FF0010A5B4607F1B4
S21402FC30400257F8041B43F8041B9742F9D1CDF84B
S21402FC4000A020684B465A464946DFF7EBFBB8450C
S21402FC50ECD1D9E76FF0860092E76FF088008FE765
S21402FC6008B518B16C22002108F095FC002008BDEA
S21402FC702DE9F8431546894680461F46DFF7A0FA67
S21402FC80002343600360044600F07AFBB9F1100FCC
S21402FC9014BF1022082206464146204604F1800878
S21402FCA000F039FC2946404600F0C0FB304600F022
S21402FCB06BFB00F065FB3946064604F1A00000F037
S21402FCC0B5FB0523A36023699B07FCD4089940462D
S21402FCD000F0CBFB304600F057FB089B03F1100206
S21402FCE053F8041B45F8041B9342F9D12046DFF76C
S21402FCF071FA0020BDE8F8832DE9F0411C46002386
S21402FD000F46164623604FF0050825682246711BEB
S21402FD107819DFF7B7FA23681D44B542256006D284
S21402FD20B8F1010801D00028EFD1BDE8F08100202B
S21402FD30FBE7F0B591B01546169C49228DF82020B7
S21402FD4004F10C060DF1210254F8047B42F8047B00
S21402FD50B442F9D1247814704FF48074ADF8304070
S21402FD609DF85C408DF8324004240694189C059455
S21402FD7010240022049408ACCDE90234CDE9001523
S21402FD800B461146CDE90D228DF82E208DF82F5008
S21402FD908DF833200F92DFF783FE11B0F0BD1FB54A
S21402FDA0079C02949DF81840CDE9003413460A4693
S21402FDB001460020FFF7BDFF04B010BD1FB5079C2B
S21402FDC002949DF81840CDE9003413460A460146CF
S21402FDD00120FFF7AEFF04B010BD2DE9F843074639
S21402FDE0B020914688461E46DFF70EFA05460023E7
S21402FDF0B9F1800F4360414645F8803B14BF10229C
S21402FE00082204464FF0050800F085FB7FB1314614
S21402FE10284600F00BFBC4F808800899284600F034
S21402FE2024FB2046DFF7FAF90020BDE8F8838C238E
S21402FE30C4F808803146A360284600F0F7FA062385
S21402FE40A360EAE72DE9FF478046B02089461746B9
S21402FE501E46DDF830A0DFF7D7F90546B9F1800F68
S21402FE604FF00003436014BF1022082245F8843B7B
S21402FE704146044600F04FFB0EB33146284600F0DA
S21402FE80D5FA4823A3600523A3600323394604F169
S21402FE90A000A36000F0CAFA0D9904F1800000F0F9
S21402FEA0E4FABAF1000F03D05146284600F0DDFA14
S21402FEB02046DFF7B3F9002004B0BDE8F0873146EC
S21402FEC01022684608F067FB6946284600F0ACFA3E
S21402FED0D7E72422002108F05EBB18B124220021B5
S21402FEE008F059BB704770B515460E46242200210D
S21402FEF0044608F050FBC02D0DD0B5F5807F01D02A
S21402FF00802D0BD12046EA0840F8045B314608F003
S21402FF105CFB002070BD6FF07100FBE76FF01F0006
S21402FF20F8E72DE9F04114460F4624220021064642
S21402FF3008F031FBC02C3CD0B4F5807F2CD0802C4E
S21402FF403AD13460DFF73CF900234360036004468D
S21402FF5000F016FA4FF00808054642463946204693
S21402FF6000F0D9FA284600F00FFA0523A3602569A7
S21402FF7015F00205FBD100F003FA4246311D074692
S21402FF80204600F026FB384600F0FEF92046DFF752
S21402FF9021F92846BDE8F0813460DFF711F9002325
S21402FFA043600360044600F0EBF94FF01008054684
S21402FFB0D3E76FF07100EDE76FF01F00EAE7012963
S21402FFC02DE9F04705460E4692461F463AD8036884
S21402FFD0802B02D0B3F5807F37D1DFF7F1F800230C
S21402FFE043600360044600F0CBF92946814651F887
S21402FFF0043B802B14BF10220822204604F18008FE
S21403000000F089FA5146404600F010FA484600F0E0
S214030010BBF9012E0CBF05230623A360256915F043
S2140300200205FBD100F0ACF939460646404600F01F
S2140300301CFA304600F0A8F92046DFF7CBF828462E
S214030040BDE8F0876FF02000FAE76FF07100F7E77E
S21403005003699B07FCD17047CA880B68032AF0B56F
S2140300600DD803EB82018B4205D100230132082A07
S2140300700360FBD1F0BD53F8044B0460F3E7072A93
S214030080D3E90076D3E9025413D8076003F11001CD
S214030090066003EB820305600460994205D10023E2
S2140300A00132082A0360FBD1E4E751F8044B0460ED
S2140300B0F3E70760066005600460D3E90441D3E90B
S2140300C006230460016002600360D3E7F0B5CA88C4
S2140300D0082A89B006460C460DD100F051F921686E
S2140300E00546304600F0E6F9284600F04DF90026AE
S2140300F0304609B0F0BD12D900F042F92168054632
S214030100304600F0D7F9284600F03EF9E28820682A
S214030110083A92000021203008F03DFAE7E76946E6
S21403012000252B460F46306841F8040B01330028A0
S21403013018BF1D46082BF6D1AA420EDA29462046DA
S214030140FEF7DDF806460028D2D12068AA00394615
S21403015008F03BFA0123A380CAE7206892003946D9
S21403016008F033FAC3E7CA88072A38B50D460446AB
S21403017009680DD8920008F028FAE888C0F108024A
S214030180920004EB80000021BDE8384008F003BA73
S21403019001F1200351F8042B44F8042B9942F9D1BA
S2140301A038BD0078C31E5842584170470020704738
S2140301B0704710F1860F12D010F1850F0ADA10F18E
S2140301C0930F0FD010F1870F0CBF6FF073004FF033
S2140301D0FF307047003818BF0120404270476FF069
S2140301E0710070476FF06F007047FFF739BDFFF778
S2140301F037BD08B5FFF7B3FCBDE80840FFF7D9BF26
S21403020007B500230193202201ABDFF7A7F903B05C
S2140302105DF804EBFFF7CDBFF7B5074601A81D460B
S2140302200E461446E2F734F99DF80530012B14D137
S2140302309DF80430022B10D800232B604FF6FF7373
S2140302409C4228BF1C46A2B231464FF0FF3007F04F
S21403025074FB2860002003B0F0BD2B4622463146CF
S2140302603846FFF749FD0028F4D06FF03B00F2E76D
S21403027070474FF0FF3007F0D0BAF6F7C5B87047AF
S214030280034630B50020D4081874A01E012898BF72
S21403029004465868C90020FA01F5EDB2FF2D05D1D2
S2140302A08D4020EA05008C402043586002F0070288
S2140302B050189A68012181400A439A6030BD70B590
S2140302C0022383608E780C46002231460546E0F70B
S2140302D0E7FA2179627860790B0243EA026343EA1C
S2140302E00043E07843EAC003E07908B143F00053E3
S2140302F0207A08B143F00403A07908B143F002035F
S214030300607A08B143F00103F3290FD176B9032AC3
S21403031003D823F0706343F0806343EA46132B61EC
S2140303206E6926F4F21626F007060CE03206F4D5BC
S21403033043F0E0032B616B6923F4F21323F0070306
S21403034026F080061E43237846EA4346E37A0BB13B
S21403035046F480466B0103F18443A27A6E619A6089
S214030360EB6FD5F88030EB6870BD806EC0F3044346
S2140303700B6080B2704708B5E0F7A0FC013008BDFB
S214030380EFF3108072B6704700B962B67047EFF3AA
S2140303901180602383F31188704780F311887047B8
S2140303A084B00B6800934B6801938B680293CB6809
S2140303B00393009B0360019B0360029B0360039B04
S2140303C003600023009301930293039304B07047E2
S2140303D084B0036800930368019303680293036879
S2140303E00393009B0B60019B4B60029B8B60039BFC
S2140303F0CB600023009301930293039304B07047EA
S21403040030B5D1E90223D1E90054056004600260E7
S214030410036030BD30B50568046802680368C1E947
S2140304200054C1E9022330BDFFF7EABF7FB58A0750
S21403043004460B4610D06D4601F11006186859683D
S2140304402A4603C20833B3421546F7D16946204607
S214030450FFF7D6FF04B070BD0091009904B0BDE865
S2140304607040FFF7CDBFFFF7D5BF30B58B0785B01C
S2140304700C4610D06946FFF7CDFF0D46234604AC65
S2140304802A4603CAA24218605960154603F10803B8
S214030490F6D105B030BD0091009905B0BDE83040F7
S2140304A0FFF7B8BF10B5FFF7ABFFBDE8104010313C
S2140304B0FFF7A6BF10B5FFF7ADFFBDE8104010313C
S2140304C0FFF7A8BF10B5FFF79BFF0C461031FFF7E9
S2140304D097FF04F12001FFF793FF04F13001BDE815
S2140304E01040FFF78DBF00F1424303F58013102A37
S2140304F010B54FEA43130AD101221A6000F588703B
S214030500FFF74EFF1031BDE81040FFF749BF00224A
S2140305101A602430F7E7F0B50B46990789B004460E
S21403052015462DD0082A19D16D4603F11006186812
S21403053059682A4603C20833B3421546F7D1082240
S21403054069462046FFF7CFFF03226B460020013A99
S214030550186003F10403FAD209B0F0BD6E4603F146
S214030560200718685968324603C20833BB4216464A
S214030570F7D12A4669462046FFF7B5FF0722E4E788
S2140305800093009909B0BDE8F040FFF7ACBF43689D
S21403059023F01F030E290BD8DFE801F0080808082C
S2140305A0080B0B0B080808080B0B0B0019434160DC
S2140305B07047194341F01001F9E710B52030FFF7F3
S2140305C007FF102A04D1BDE810401031FFF700BF23
S2140305D010BD30B58B0789B00C46154625D0694645
S2140305E0FFF7EBFF082D6A4613D104AD134603CB82
S2140305F0AB42206061601A4604F10804F6D1032278
S2140306006B460020013A186003F10403FAD209B0DE
S21403061030BD08AD134603CBAB42206061601A467B
S21403062004F10804F6D10722EAE70091009909B01D
S214030630BDE83040FFF7C1BF70B5CB698C688E78D4
S21403064091F8225091F8232023430C881C434B79BE
S2140306501B0343EA064391F8206043EA0623234339
S214030660CC780CB143F480130C790CB143F400231B
S2140306700C7E0CB143F40003046804F0E0542343F7
S21403068003608B7983638B8903638B7B1B01C36353
S2140306900B6983614B69036291F82140130491F857
S2140306A0242043EA0453134391F8252043EA052301
S2140306B00AB143F08053436491F8273091F826201B
S2140306C01B0243EA025391F8282043EA0213836489
S2140306D070BD704770477047704770B505460E4645
S2140306E01446FFF74DFE2B685C4034405C402C609C
S2140306F0BDE87040FFF748BE00EB4000000100F184
S21403070080400A4600F520404FF00111FFF7E5BF91
S21403071030B50C783CB98368DB0704D5436B9D077B
S214030720FCD4022343604B788D78CA681B0325B933
S2140307303AB143F40073026103E043F40073002A02
S214030740F9D1CA780AB143F480730A790AB143F03F
S21403075040034A790AB143F08003CA798D79097A4E
S214030760120142EA85020A43134303603CB18368DD
S214030770DA0704D4436B9B07FCD40123436030BDE4
S214030780E1F778BD0A7810B50AB90223436000235F
S2140307904362CB788C781B0443EA04634C7A234386
S2140307A0CC7943EA84230C7A43EA04234C7843EA5D
S2140307B084138C7A43EAC413CC7A43EA44130C7B3F
S2140307C043EA04138C7B43EA84334C7B43EAC40337
S2140307D00C7943EA44334C79897943EA047343EA50
S2140307E0417303600AB10123436010BD10B553780B
S2140307F014781B0643EA846394792343947843EA84
S2140308000443D47843EA0433147943EA84235479BB
S21403081043EA0423D47943EA8473147A43EA447399
S214030820547A43EA0413947AD27A063143EA840369
S214030830090143EA0273435010BD0368D90707D57D
S21403084083689A0704D48368DB07FCD401234360D8
S21403085070474B788A785B0043EA82730A781343BF
S214030860CA7843EA82030A7943EAC2034A7943EA27
S21403087042138A7943EA8213CA7943EA02130A7A4D
S21403088043EA02334A7A43EA02230A7B43EAC27301
S2140308908A7A43EA0243CA7A43EA026347F2315248
S2140308A08168C90701D5013AFAD10360704710B5CC
S2140308B088B00C460E9907910D9906919DF8301055
S2140308C005910B9904919DF8281003910021CDE919
S2140308D001310092234602460846E1F70FFE08B0B0
S2140308E010BD10B588B004460E9807900D98069074
S2140308F09DF8300005900B9804909DF8280003900F
S2140309000020CDE9013000920B4622460121E1F793
S214030910F5FD08B010BD00230360704703680B6045
S21403092001607047FEE74FF4004070474FF47A705B
S21403093070477047704782B002AB03E9030001209B
S21403094002B07047ECF78AB908B5DDF7E9FEBDE8F3
S2140309500840EEF7DBB810B50446E2F747F9204641
S214030960E5F71AFE2046E2F7ADFA10BD0120704700
S21403097000B5C3B0ECF704F903F03CF948B1FFF750
S214030980F5FF30B101A804F02AF810B901A8FFF763
S214030990E2FF43B05DF804FB704708B5DDF7A0FF40
S2140309A0DEF782FBFFF764FCDEF7C0FABDE808401B
S2140309B0DEF762BB08B5FFF762FCDFF761FFFFF700
S2140309C05CFCDFF74BFEBDE80840FFF7BDBFE2F770
S2140309D0DFB87047E2F79AB8FFF7CABF704701203F
S2140309E070470120704738B5E2F7CAF80546ECF7BA
S2140309F0EFF8041E18BF2C46FFF7F1FF002818BFB8
S214030A00204638BD38B5FEF7E2FF0446E2F7AEF8F7
S214030A10042817D002284FF0000508BF012403F06E
S214030A202BF9042810D0022808BF0124FFF7D9FFAA
S214030A3004280BD0022808BF0124002D18BF002469
S214030A40204638BD0125EAE70125EFE70024F7E74E
S214030A5010B5FFF795FC012104460846FEF7B3FFE1
S214030A602046FFF791FCE2F705FF00F048F9E3F7AD
S214030A702BF800210120E2F7DDFDE3F725FA40F22B
S214030A803B10E4F7DFFF0028F9D000210320E2F74C
S214030A90D1FDE2F795FE0020E3F79EF90146062016
S214030AA0E5F718FA0028F6D00120E3F795F9014692
S214030AB00620E5F70FFA0028F6D0E2F731FFE2F753
S214030AC06FFFF3F7A1FFE2F7B9FF03210720E2F771
S214030AD00BFEE1F771FCE2F79BFFBDE81040E1F780
S214030AE065BC7047E2F74CBC704708B5FEF7C1FE1D
S214030AF0FFF7AEFFFEF7CAFEE2F782F9DEF7BEF9AE
S214030B00F8E70C2828BF0C2083F87420002283F80B
S214030B106300A3F8761083F87C20704790F87B3048
S214030B201BB1013B80F87B307047142380F87B3081
S214030B3090F87A30FBB9B0F87630A0F8783090F8B1
S214030B40743090F8802080F87A300B2A1FD11A2B45
S214030B509ABF03F1FF3303EBD373C3F13403C3F339
S214030B60470380F86330012380F87C30042380F841
S214030B706230E2F761BEB0F878205208A0F8782019
S214030B80013B02F0010280F87C20DBB2D9E7704714
S214030B9010B590F85B30062B04461FD090F88030D3
S214030BA00B2B1BD090F88A20C36B03EB4203642203
S214030BB0D88EB3F9423093FBF2F39BB2B0FBF2F25A
S214030BC09A420BD0DCF7A8FA002384F86230A4F824
S214030BD060002046BDE81040E2F72EBE10BD30B4DC
S214030BE0039C9DF8085084F874200C2828BF0C201A
S214030BF084F86300002284F86250A4F8761084F820
S214030C007C20A4F86030204630BCE2F715BE70B5F1
S214030C100489012B04F10104A4B238BF0123A342C3
S214030C2002D90481C06870BD0023C5880381838808
S214030C3006685C19A21A92FBF5F405FB142292B21D
S214030C4056F8222046F823100133891AB3FBF5F42D
S214030C5005FB14338380C160E4E770B49DF80C6031
S214030C6004460D467EB1C18800239AB2914205D848
S214030C700020A0802081E06070BC7047226842F8A4
S214030C8023500133F1E770BCFFF7C1BF81F895002D
S214030C9081F88C0001EB4000B0F8AA304B87B0F81F
S214030CA0A0300B87CB86012381F88230704781F80A
S214030CB08100704781F88200704790F88100704782
S214030CC090F8820070470228034698BF01EB430161
S214030CD04FF000009CBFA1F85C000120704708B5E8
S214030CE0024601460020FFF7EEFF11460120FFF7FC
S214030CF0EAFFBDE8084011460220FFF7E4BF08B547
S214030D00E4F7ACF9032380F8483008BD2DE9F8432F
S214030D10B0F8048091F89130B0F90270C6880546A1
S214030D2008F00F0963B391F88A4091F88B302403D7
S214030D301B0203F4E06304F4E0441C4391F88E3092
S214030D4044EAC334E4F794F924B2427885F84B7046
S214030D5008F0F00844EA090343EA080343EAC22317
S214030D603A1285F84A2085F84D30C3F30722330A32
S214030D7085F84C2085F84E3085F84F60BDE8F8833B
S214030D8091F880804FEA0818CDE710B5012A91F84C
S214030D908C3091F880401CD0022A1DD10422092CE5
S214030DA08271C3710BD1B1F8983043721A0A02727A
S214030DB0B1F896301A0ADBB28272C37210BD01EB29
S214030DC04303B3F8AA204272110A0172B3F8A030A3
S214030DD0F0E704228271C37191F88030092B0CBFAF
S214030DE0B1F898304B8F43721A0A027291F880302A
S214030DF0A3F10802012A01D90B2B02D1B1F84C301A
S214030E00D8E70B8FD6E7A1F85600003818BF0120A5
S214030E1081F88700704791F85B30072B4FF000038B
S214030E20A1F856304FF0010318BF81F85B00A1F814
S214030E3086307047B0F856301BB1013BA0F85630E9
S214030E40704790F8872022B1012280F8882080F826
S214030E508730704791F85B30834218BF81F85B0098
S214030E60704738B50C460546E4F7E4F894F85B306B
S214030E70032B07D001D81BB138BD043B022BFBD88C
S214030E80012300E0042384F85B3021462846BDE8AE
S214030E903840E4F761B9014608B50020E4F750FC92
S214030EA08B6C13B981F8903008BD013B8B64FBE76C
S214030EB010B5E2F791FF062104460220E1F7D8F8C1
S214030EC028B10123002206210220E1F797F8002328
S214030ED084F8833084F8843010BD08B50020FFF70B
S214030EE0E7FFBDE808400120FFF7E2BF50E8003FF8
S214030EF00B4340E80032002AF8D17047C94350E854
S214030F00003F0B4040E80032002AF8D17047431EEA
S214030F10032B06D8DFE803F002040204032070471D
S214030F20042070477047CB69184770477047002006
S214030F30704770474FF000007047002070477047B7
S214030F40704700207047002070470020704700203D
S214030F507047002070477047002070470020704796
S214030F6070477047002070477047704711207047DE
S214030F70002070474FF0FF307047002070477047DF
S214030F80704700207047002070474FF0FF307047CF
S214030F9011207047002070470120704700207047DB
S214030FA0002070470020704770477047704701F075
S214030FB09AB938B50446FFF7EAF9D4E9101205469C
S214030FC02046E5F729FBE18C228DE060521A40F2B9
S214030FD0712101FB020303F59C5308332361284662
S214030FE0BDE83840FFF7D9B908B52030FFF77EFFD4
S214030FF0BDE808404FF08050EBF73CBE38B50446DA
S2140310000D460830E7F7D0F829462046E9F796F963
S214031010E06E0025E56110B1E6F7F8F9E56604F140
S2140310205000BDE8384007F089BE38B5044619B30A
S21403103090F838208AB190F839300133DBB29A42FF
S21403104080F8393009D10121FFF7D8FF4FF08071BE
S2140310502046BDE83840FFF7C7BF236ADA030BD53F
S214031060E36B62689B1A002B06DA01212046FFF722
S214031070C5FF4FF08061EBE7236A1B0426D402F01A
S214031080B1FC1123B0FBF3F303EB0313C01A94F97B
S214031090613085B213FA80F0102888BFC5F11005B9
S2140310A06DB2083B2B4484F8613020460121E9F7F2
S2140310B045F9E28C63682A4440F2712101FB02334E
S2140310C063602046BDE83840E9F7EAB80025ECE758
S2140310D02DE9F84F1D46C369DDF830809DF838903A
S2140310E09DF840B09DF850A00F4604469DF8481062
S2140310F01646002B40F0D180EB0600F1BE8005F0CB
S2140311000303032B08BF05F0FD0505F0F705BDF83F
S2140311103C30A386A8069DF8540048BF05F0FC059E
S214031120FFF7F5FE47F6FF731BF0020F84F8360051
S214031130A4F8783040F0A4801BF0040F00F0A280DF
S21403114000F0FD00012814BF0323042394F87F2036
S2140311509DF8580063F3030284F87F20FFF7D7FE59
S21403116047F6FF738A0784F83700A4F8883000F13F
S2140311708B804B0740F18A8000F0FD00012814BFE6
S2140311800321042194F88F30606E61F3030384F81F
S2140311908F30FFF7EAFE216C00222046E5F73CFA83
S2140311A040F271237343984279D804F1200049F63C
S2140311B0FF71FFF7A3FEFF2384F85430BAF1000F44
S2140311C003D0236A43F480532362290705D5236A91
S2140311D0062643F4841323623746236A6A0723F4F6
S2140311E0C04323620CD419F0010F1CBF43F4005311
S2140311F02362236A19F0020F1CBF43F48043236261
S214031200236AA5852B43236204F12E03B8F1000F4E
S2140312103ED0D8F80020C4F82E20B8F804209A80D0
S2140312209DF82C30012B03D14FF48061FFF75EFE4F
S214031230236A9DF8282023F4407343EA022323629B
S21403124002F0D0FB94F860309DF84C2084F85F00E1
S21403125023F00F03C0F30320034362F3071384F85A
S21403126060309DF83430E7842046268584F82A309B
S214031270FFF79FFE0020BDE8F88F01218B4646E767
S214031280022363E7012361E702217BE7012179E774
S214031290C4F82E80A3F80480CAE70C20EBE74520A9
S2140312A0E9E72DE9F743894617460193044630B923
S2140312B001A807F043FD422003B0BDE8F0830129EF
S2140312C020D0022910D089B9C369C3B900F14005FB
S2140312D04FF40036236AD9061ED55A0726D501A829
S2140312E007F02CFD0020E7E7406E20B901A807F0C1
S2140312F025FD0C20E0E71946FFF738FEDCE700F192
S2140313004805E5E7C36923B900F144054FF4802691
S214031310E0E700F14C05F9E79B0707D5B9F1000FA5
S21403132004D101A807F00AFD1220C5E704F120083E
S21403133040463146FFF7E2FDF80702D5284607F098
S214031340FDFC019921B1284607F0DFFD0023019338
S214031350286807F078FD236AD90605D51F2801DC1F
S214031360032F16D02846DDE740F27262904204DD72
S214031370284607F0E3FC07209EE7B9F1000F08D1E3
S214031380BF2806DD9A0704D0284607F0D7FC452079
S21403139092E7D4E912122046E5F73EF9E3696BB10A
S2140313A0E38C40F271225343984207D9238D83423C
S2140313B0EAD300F51C70B0FBF2F0E084FEF7E7FF1B
S2140313C0E36905467BB1BB070DD531464046FFF7BB
S2140313D08DFD6368C3F57A7602F040FBF04202D5D2
S2140313E02046E9F7C7F82846FEF7D7FF7AE708B599
S2140313F048B1CB0701D4002008BD4FF400112030BC
S214031400FFF774FDF7E74220F6E708B548B1CB07C8
S21403141001D4002008BD4FF400112030FFF76EFD05
S214031420F7E74220F6E7E5F7DDBB38B5C3690446C0
S2140314300D463BB1036A13F0010011D194F8243032
S214031440FE2B0CD004F120004FF48001FFF74EFD75
S2140314502B68C4F85530AB88A4F85930012038BD42
S2140314600020FCE7036A10B5044613F4602030D06E
S2140314709A0307D504F1400007F060FCA36C2364CD
S2140314800023A364236A5B0307D504F1440007F033
S21403149055FCE36C63640023E3644FF4602104F1BA
S2140314A02000FFF72BFD2046FFF783FD94F860200E
S2140314B094F85F3002F00F0143EA0123013384F806
S2140314C05F3022F00F02C3F303231A4384F860202D
S2140314D0012010BD10B50446503007F016FD204617
S2140314E04FF00071BDE81040FFF77EBD50E8003FA7
S2140314F00B4340E80032002AF8D17047C94350E84E
S214031500003F0B4040E80032002AF8D1704738B558
S2140315100446D0F8A00010B9D4F8A40058B194F843
S214031520375107F03CFC05F00F0581B2063128461B
S214031530EAF718F980B2B4F8783040F271225343D0
S21403154000F548709842B8BF184638BD38B505460A
S2140315500C4602F002FB20B149F640439C4228BFEA
S2140315601C46EA68A2420BD2B5F87A3040F27121E3
S2140315704B43934238BF1346A34228BF23461A461B
S2140315802A6138BD034644309A6A920404D5D3F8D8
S2140315902821998FEBF7C2B893F86F10EBF7B4B81E
S2140315A000207047012070470020704700207047D6
S2140315B001207047C82070470020704700207047FE
S2140315C07047704711207047704770470020704778
S2140315D07047002070477047012070477047704778
S2140315E090F88520531C03F00F03072B28BF002316
S2140315F063F30302034410B580F8852083F87E1056
S21403160090F885306F2B4FEA131298BF01320446C9
S2140316109CBF62F3071380F88530FFF7E0FF94F86A
S2140316203711204601F00F01FFF7CBFF10BD7047BF
S21403163070477047002070470020704700207047AF
S21403164010B101F1B000704701F1D4007047F830D3
S2140316507047806A70472830FFF748BF2830FFF787
S2140316604DBFC06A70472C30FFF740BF2C30FFF7E2
S21403167045BF00F59C70704708B50B79DB0702D4AD
S214031680FFF7D5FF08BDBDE8084091F90510FFF741
S214031690A7BF02290346808F11D0032909D0012949
S2140316A006D11A8F5B6B1201B2FBF3F3184480B2B8
S2140316B070475A6B4FF47A43B3FBF2F3F6E75B8F4C
S2140316C0073000EB4300F2E770B540F27126456839
S2140316D006FB01F35643826A1D441207044645601F
S2140316E00ED500F1400500F134022946E7F780F9EC
S2140316F03346294620460122BDE8704001F02EBA43
S21403170005EB5605456070BD836A590505D4D0F8C8
S214031710A03013B15B799A0708D4D0F8A40000B9B7
S214031720704743799B0701D40068F8E701207047A8
S21403173080F87710704738B5836A1B07044613D5BD
S2140317400246B0F87C3052F8341F4B4340F2712106
S2140317504B4300F14001E7F74BF9236C20469D0805
S214031760FFF7D5FE2844E060616B40F2712501392E
S21403177069432046FFF7EAFE20460121E8F7DEFD2F
S214031780636BB4F87C205A43636805FB02336360DB
S2140317902046BDE83840E8F783BDB0F8303110B5D1
S2140317A0A0F834310446E5F787FBC0B2FFF702FF23
S2140317B094F8373194F8362103F00F0304F144010B
S2140317C002F0C4F9EAF714F8B4F93021824205D0DE
S2140317D0A4F83001EAF7BCFCA4F83201B4F93421CA
S2140317E0B4F930319A4209D0A36A9B0306D5204642
S2140317F04FF40041BDE81040E5F774BB10BDFFF79A
S214031800CCBF836A0A4600F14401C3F34030EAF7CB
S2140318102FBF10B5A0F87810A0F87A200446FFF77B
S21403182076FE2169E0602046BDE81040FFF78EBED5
S21403183038B504460D463AB94FF4C0212830FFF7B1
S2140318405DFE9DB9002038BDFFF7C0FE98B1283471
S2140318504FF4C0212046FFF751FE1DB14FF400316F
S214031860FFF744FE4FF48021204601E04FF4003199
S214031870FFF73CFEE6E71120E5E72DE9FF41836A23
S2140318809B0304462CD5B0F93081B0F9347100209F
S214031890EAF752FD8045CCBF0025012502F05BF92F
S2140318A094F83711C82201F00F01EAF74FFD0646F8
S2140318B02046E5F701FBB04594F83711A8EB070778
S2140318C0B4BF002601263FB245EA46050023CDE90C
S2140318D0008502971A4601F00F0180B200F0B5FCAE
S2140318E004B0BDE8F081FFF7C8BF86307047F8B58F
S2140318F004460E4600295AD0476B40F271235F43D5
S214031900A7F28A277F0839463046E9F73BFF94F863
S2140319108E30851FADB29D4239463046A8BF1D4660
S214031920E9F730FF94F88F20B4F88610831F9BB234
S2140319309342A8BF1346F21E012AB4F888202BD878
S214031940B1F5296F44F29020B8BF4FF42961814264
S214031950A8BF0146B2F5296FB8BF4FF42962824289
S214031960A8BF02461B2DB8BF1B251B2BB8BF1B23C6
S21403197084F8913084F89050A4F88A10A4F88C2048
S2140319803046E9F7FFFE831F9BB2AB42A8BF2B4648
S214031990DBB284F89230F8BDB1F5A47FB8BF4FF43C
S2140319A0A471B2F5A47FB8BF4FF4A472DAE71B2381
S2140319B0EFE770B54900466B89B28E4204461FBFF7
S2140319C04068616340F2712505FB060018BF05FBFE
S2140319D01100658F1ABF6060012100219542208F98
S2140319E017D08342628700D02387238F94F837115A
S2140319F0626B204601F00F011B01B3FBF2F3A4F860
S214031A009C30FFF774FF20460421BDE87040E5F7DD
S214031A1069BA8342E8D1A36A1B07E6D50029E4D155
S214031A2070BDF0B585B004460E4600F186036A46DF
S214031A3000F18E0718685968154603C50833BB427C
S214031A402A46F7D1186828609B88AB803146204623
S214031A50FFF74DFF9DF80B2094F891309A4211D171
S214031A60BDF80620B4F88C309A420BD19DF80A20B4
S214031A7094F890309A4205D1BDF80420B4F88A3021
S214031A809A4207D04FF48141204605B0BDE8F040A6
S214031A90E5F728BA05B0F0BD37B50446BDF818001B
S214031AA094F88E508D420BD1B4F88650954207D1E8
S214031AB094F88F509D4203D1B4F8885085421DD0C8
S214031AC08DF80610ADF8042084F88E1094F83711BC
S214031AD0019D84F88F30A4F88800C4F84051A4F818
S214031AE0862001F00F012046FFF79BFFB4F88A30EB
S214031AF0A4F88630B4F88C30A4F8883003B030BD30
S214031B0090F8373170B503F00F03044616460D46BA
S214031B10D9B18B4219D00122FFF756FD2946002280
S214031B202046FFF74FFD94F8373165F3030384F837
S214031B30373105F00F012046FFF773FF20464FF4B9
S214031B408441BDE87040E5F7CDB919462046FFF756
S214031B5068FF002EF2D170BDF8B51D46C36A5B0759
S214031B6004460F46164610D404212C30FFF7BEFC5D
S214031B7084F89A70A4F89660A4F8985020464FF418
S214031B800061BDE8F840E5F7ADB9F8BD10B511B191
S214031B9090F89A400C7012B1B0F89610118013B1F9
S214031BA0B0F898201A80C06AC0F3800010BD4FF4C6
S214031BB000412830FFF79ABC00F5A270704790F8F2
S214031BC0370100F00F00704770B50446FEF7DFFBE1
S214031BD06568064601F042FF2D1AB5F5FA7504D579
S214031BE03046BDE87040FEF7D8BB636B94F87010C0
S214031BF040F271225343B5FBF3F5A38FAAB29B1AA7
S214031C00A38794F86F3002FB1133252193FBF1F081
S214031C1001FB1033002BB8BF5B1884F86F30B4F8A1
S214031C209C309B1AA4F89C30204600211546E8F702
S214031C3085FB636B5D43636840F2712202FB1533D9
S214031C4063602046E8F72CFBCAE72DE9F3474E7995
S214031C500446B0074FF0000358BF06F001060846D7
S214031C600D46ADF8043054BF01360326FFF762F97C
S214031C70074607F01F03002BE36A15BF4FF0010862
S214031C804FF000084FF003094FF0020999050CD5F1
S214031C909DF8043066F3010368F345138DF80430AA
S214031CA0019A2946204600F08EF9284607F0CBF81D
S214031CB049468246284607F081F89DF80430AA79FB
S214031CC08DF805A066F3010368F345130C328DF80F
S214031CD00430BDF80430AB529DF80430A9189A06B8
S214031CE06B7948BF8F7043F001036B71FEF74FFBB0
S214031CF006462046294650F8A48F07F006F994F8BE
S214031D004631013384F84631A36A1B070CD5B4F871
S214031D107C30012B02D92046FFF756FF304602B02F
S214031D20BDE8F047FEF739BB656801F097FE074646
S214031D30E8F71AFC8442F1D1ED1BB5F57A7FEDDDA9
S214031D40B8F1000F03D0D4F8A030002BE6D1E8F7A3
S214031D50A3FFE3E708B5022007F0B5F910B100F0DA
S214031D6043FE012008BD10B54FF4407104462830E9
S214031D70FFF7C4FB20460021BDE81040E5F754BD3D
S214031D80012310B5A1F12002C1F1200423FA04F4C3
S214031D9003FA02F222438B40D0E9084123400A406B
S214031DA0134314BF0120002010BDC36A10B50446B8
S214031DB013F0080012D00123A1F12002C1F1200084
S214031DC023FA00F003FA02F202438B40D4E9080137
S214031DD003400A40134314BF0120002010BD10B572
S214031DE00C46C9B2FFF7E1FF70B1E6F7EDFDC4F1AB
S214031DF02002A4F12003E04001FA02F2104321FA84
S214031E0003F3184300F0010010BD70B504460E46F8
S214031E10E6F70CFFFEF7BBFA84F877600546022167
S214031E202046E5F75FF820460021E8F787FA2846BC
S214031E30BDE87040FEF7B1BA70B504460D46FEF72E
S214031E40A6FA0646E8F790FB844201D1E8F704FFBA
S214031E503046FEF7A2FA29462046BDE87040FFF753
S214031E60D4BF0B68C0F84031704738B5D0F840315E
S214031E700B6040F648059BB2AB420C4604D90B21D7
S214031E80FFF7ADFF08B9258038BD44F290232380C1
S214031E90FAE708B500F0FBF8E5F78EF900F044FB27
S214031EA000F008F8E6F7FAFDE7F7B6FBBDE80840EA
S214031EB0E7F732BC704770B515460E461C46FFF76B
S214031EC0C6FB2B684EB103606B6843602368C0F89B
S214031ED025302368C0F8153070BD83606B68C36017
S214031EE02368C0F829302368C0F81930F4E770B5C2
S214031EF00546FFF7ACFB0446FEF749FA4FF480713C
S214031F0006462846FFF7A7FB4FF400612846FFF76F
S214031F10AAFB3046FEF741FA0023236123752362AA
S214031F2084F824302846FFF794FB802310F0080F2C
S214031F3014BF237584F8243070BD10B50446FFF72C
S214031F4012FF20461021BDE81040E4F7CBBF10B5C2
S214031F504FF460610446FFF789FB2046BDE8104056
S214031F60FFF701BF7FB506460C46FFF770FB4FF43D
S214031F70C06105463046FFF776FB4FF400613046F6
S214031F80FFF774FB4FF48060E6F7C4FC224670B993
S214031F9069462846E6F728F86B4605F1100213F85B
S214031FA0011B02F8011DAA42F9D104B070BD6C46AC
S214031FB002F1100610685168234603C30832B24282
S214031FC01C46F7D1E8E7F0B587B00D46ADF80C2010
S214031FD0FFF73DFB0446284606F035FF064600B3EA
S214031FE02846E6F73FF89DF80C3005AF03F02303C9
S214031FF0224631460093019704F12003FDF7DEFEE7
S2140320002846E6F745F804223946284607F059F9E4
S214032010236A0133236223B994F82430013384F806
S214032020243007B0F0BD30B585B00391ADF8082075
S214032030FFF70DFB0446039806F005FF051F002D6A
S21403204002DC002005B030BD0398E6F70BF8431911
S21403205001939DF8083003F023030093224604F10E
S21403206010032946FDF79BFE0028EAD10398E6F7FE
S2140320700FF8042103A806F088FF236901332361C0
S2140320800BB10120DEE7237D01332375F9E708B59D
S2140320904FF40060E6F73EFC40B94FF48050E6F795
S2140320A039FC40B9BDE80840EAF784BBFFF7C2FA3B
S2140320B00028F2D008BDFFF7C1FA0028F2D0F9E7EE
S2140320C041F0004141F4E0210160704707B501A8E3
S2140320D0019106F033FE002003B05DF804FB704761
S2140320E070477047704710B5DC1D0433837343791C
S2140320F0C47123F0030343F003030E244371012347
S21403210044738371C3730182827410BDD31CC3717D
S2140321103E2343734379827323F0030343F003039D
S214032120437101238371C17370470F2343730423E1
S21403213083734379A0F8111023F0030343F00303DA
S214032140437140F20173C38001230374C273704763
S214032150D31CC3714379417323F0030343F0030392
S2140321604371012382738371704708B50023FFF719
S214032170BAFFBDE80840E6F779B82DE9F84380468C
S2140321800220894617461E4606F09DFFD0B14579C4
S214032190A0F810800C2343730823837325F00305EC
S2140321A040F60133C38045F003059DF820304571A2
S2140321B080F81290A0F81370A0F81560C373E6F7C2
S2140321C055F80120BDE8F88308B5022006F07BFF2A
S2140321D030B101221121FFF799FFE6F747F80120F6
S2140321E008BDF8B50F461646132109221D46FFF70C
S2140321F08DFF837904460C331C44A170E770267167
S2140322002B68C4F80530AB88A4F80930BDE8F8405D
S214032210E6F72CB870B5064602200D4606F053FFC7
S214032220044668B114210422FFF770FF83790C3348
S2140322301C44A170A4F803606571E6F717F8012043
S21403224070BD08B501F06CFD08BD2DE9F0410746E9
S21403225002200D4690461E4606F035FF0446E0B1C2
S21403226009222121FFF752FF83790C331C440A22EB
S214032270BDF9183093FBF2F323729DF81C3063729A
S21403228084F80380BDF92030A78093FBF2F3A67190
S214032290E571A372E5F7EAFF0120BDE8F08137B5E3
S2140322A0044606F0D0FDA3790C33E518C0B23E22EF
S2140322B0E254831E6B700D23AB70AB798DF8073039
S2140322C01C38012BE87609D100231A46E91D0DF1C7
S2140322D00700FEF754FE9DF80730AB712046E5F77E
S2140322E0C5FF03B030BD704710B5E5F7F9FF837936
S2140322F00C33C4180021E078E4F7FAF96168FFF7B5
S21403230076F80446E5F7F2FF22460023BDE81040C0
S2140323104FF61941FFF7E7BE10B5E5F7E1FF8379FE
S2140323200C33C4180021E078E4F7E2F96168FFF79C
S2140323306CF80446E5F7DAFF22460023BDE81040B2
S2140323404FF61A41FFF7CFBE70B5E5F7C9FF002178
S21403235086790446FE20E4F7CBF90546E7F7A8FBA3
S21403236050B10C24E5F7C2FF22460023BDE87040B7
S21403237042F20501FFF7B7BEE7F7E0FB0028F0D10E
S21403238034440F342DB121462846FFF74EF8002873
S214032390E7D02046E6F70AFA0024E3E72DE9F04102
S2140323A0E5F79EFF83790C33C4180025E678E5F736
S2140323B097FF0768E5F794FFA6F1FE0359425941D4
S2140323C005603046E4F794F922793B462946FEF742
S2140323D068FF0446E5F78AFF2B46224642F237019A
S2140323E0BDE8F041FFF77FBE2DE9F041E5F778FF42
S2140323F083790C33C4180025E678E5F771FF076880
S214032400E5F76EFFA6F1FE035942594105603046D3
S214032410E4F76EF922793B460121FEF742FF0446B4
S214032420E5F764FF2B46224642F23801BDE8F04149
S214032430FFF759BE2DE9F047E5F752FF83790C33D2
S214032440C418277994F8038027B9B8F1010F27D069
S214032450E4F7B0FB05340026BE420ADB0025E5F7A9
S21403246045FF2A460023BDE8F04742F23901FFF74D
S2140324703ABE2078B4F8015094F80390A0F1FE0316
S214032480594259410434E4F733F958B12A464B46C6
S2140324904146E4F78BFA05460028E0D10136DBE730
S2140324A01225DCE74225DAE710B5E5F719FF83794D
S2140324B00C33C4180021E078E4F71AF980B1211D23
S2140324C0FEF7B3FF00280CBF0C240024E5F70EFF2D
S2140324D022460023BDE8104042F23501FFF703BE53
S2140324E04224F3E7FE282DE9F8430646894690463C
S2140324F01F4616D0022006F0E6FD044690B10622DB
S2140325001221FFF703FEA5790C3525441223AB7081
S21403251085F803902E71A5F80580EF712046E5F740
S214032520A5FE0120BDE8F883704710B5E7F7C0FAAB
S2140325300446FEF717FD2043C0B210BD38B5E5F7D5
S214032540CFFE8379C17903F10C020244CB1A022031
S2140325500021B2F8035006F0E1FE044640B9E5F761
S214032560C5FE0722BDE8384042F21901FFF7DDBD7C
S2140325702846E4F78DFC38B12146E7F761F80446B0
S214032580E5F7B4FE2246EDE72046FBF715FC0224EA
S214032590F6E770B5E5F7A4FE83791844B0F80F6044
S2140325A0B0B2E4F775FC80B1002100F06EFE05467C
S2140325B0E5F79CFE044602232A4642F21B01FFF778
S2140325C092FDA3791C44668270BD0225F0E770B5C0
S2140325D0E5F786FE83790C33C418B4F8035028460F
S2140325E0E4F756FCA0B1611D00F04FFE0646E5F782
S2140325F07DFE04460223324642F21A01FFF773FDBC
S214032600E37923449D72E3791C442D0AE57270BD79
S2140326100226ECE710B5E5F763FE83790C3318441E
S2140326204479B0F80300E4F733FC60B12146E6F7DB
S214032630E3FD0446E5F75AFEE2B240F20641BDE882
S2140326401040FFF772BD0224F4E770B5E5F748FEC5
S21403265083791844B0F80F50FDF799FE04462846D0
S214032660E4F716FC80B11621FFF7E6FB00252046AB
S214032670FDF793FEE5F73AFE2A460023BDE87040D1
S2140326804FF60441FFF72FBD0225F0E7F8B5E5F74F
S21403269027FE84790C3404440546B4F80300E4F7B3
S2140326A0F7FB064640B9E5F721FE0222BDE8F840EF
S2140326B042F21301FFF739BDAB79E97903F10C0256
S2140326C02A44CB1A0220002106F028FE014618B938
S2140326D0E5F70CFE0722E9E7837903338371304677
S2140326E0B4F80D50B4F80F70E6F73AFD3A460446D0
S2140326F029463046FFF78DF8E5F7F8FD2246D5E77D
S21403270038B5FDF744FE0446FFF70FFF00280CBF5D
S2140327100C250025E5F7EAFD2A4642F20E01FFF7EF
S21403272024FDE7F7A1FA2046BDE83840FDF735BE9D
S21403273010B5E5F7D5FD83791844B0F80F00C0B29D
S214032740E4F716FFE5F7D2FD0023BDE810401A466E
S21403275042F22401FFF7C7BC2DE9F8438146022065
S214032760884617461E4606F0AEFC044690B10A227B
S2140327700321FFF7CBFCA5790C352544002320461F
S214032780EB70A5F80490A5F806802F816E81E5F717
S2140327906DFD0120BDE8F8832DE9F04385B0814641
S2140327A002209DF844808DF80F200E461F4606F043
S2140327B08AFC0546002844D022222921FFF7A6FCDE
S2140327C0AC790C342C4404F10E03002204F11401FA
S2140327D0C4F80E2030469A806261228300913A46FE
S2140327E00DF10F01FEF7CCFB9DF84030E37006F0C9
S2140327F00103A3719DF80F30A4F80490E3713B68BE
S214032800A360BB88A38116F0FD0F4FF6FF7304D0B9
S214032810032E08BF43464FF0FF08BDF830206283FF
S214032820BDF83420A283BDF83820E2839DF83C200F
S21403283084F82020284684F821806384E5F716FD73
S214032840012005B0BDE8F083F8B50746022016461A
S2140328501D4606F038FC044690B10C220421FFF70F
S21403286055FCA1799DF818300C31214420468F8001
S214032870C1F80660C1F80A50CB70E5F7F7FC0120F3
S214032880F8BD70B5064602200D4606F01CFC04464D
S21403289068B103223021FFF75BFCA3790C33234492
S2140328A02046A3F803609D70E5F7E0FC012070BDA9
S2140328B070B5064602200D4606F005FC044688B1B0
S2140328C004220821FFF744FCA3790C332344B5FA0A
S2140328D085F252092046A3F803605A719D70E5F706
S2140328E0C5FC012070BD2DE9F843814602208846C9
S2140328F017461E4606F0E7FB0446B0B10B22072137
S214032900FFF704FCA579BDF820300C352544204696
S214032910A5F80390A5F80580A5F80770A5F8096043
S214032920A5F80B30E5F7A2FC0120BDE8F883F8B55F
S214032930074602200E46154606F0C5FB0446A0B120
S2140329400D220521FFF7E2FBA3790C33234420462F
S214032950A3F80370A3F80D602A68C3F805206A6815
S214032960C3F80920E5F782FC0120F8BD2DE9FF41F5
S2140329700A9C16466A4680460F4603F1100E154615
S214032980186859689446ACE80300083373456246F2
S214032990F6D124B9022006F096FB044608B31D229E
S2140329A0ED212046FFF7B2FBA3790C332344A3F8AB
S2140329B00380A3F80D702EB13268C3F80520726841
S2140329C0C3F809200F3304AE2A4603CAB24218607E
S2140329D05960154603F10803F6D12046E5F746FC91
S2140329E0012004B0BDE8F08113B5827901900C3262
S2140329F01321815484184FF44072C280E5F7CCF952
S214032A00A07020B901A806F099F902B010BD8000A5
S214032A10013060700198E5F729FCF6E770B50646C5
S214032A2002200D4606F04FFB044678B1042205212A
S214032A30FFF78EFBA3790C33234400222046A3F82A
S214032A4003605D719A70E5F711FC012070BD13B544
S214032A50837901900C33C418C05CE4F719FA20B9E3
S214032A6001A806F06BF902B010BD6378019913F064
S214032A70300F8B7903F104038B714B790CBF012262
S214032A80002262F300034B71E4F7CEFEEBE72DE979
S214032A90F041E5F725FC83790C33C418B4F80380BA
S214032AA01FFA88F0E4F7F4F9054600B3A2796179D2
S214032AB0FEF7BEFE0646E5F719FC07460223324636
S214032AC042F27A01FFF70FFBBB793B443846A3F883
S214032AD01280E5F7CBFB46B9A37933B12846FFF757
S214032AE06EF801462846FEF773FDBDE8F081022620
S214032AF0E1E700F05FBE50E8003F0B4340E80032DA
S214032B00002AF8D17047704770B50E461546E4F7AD
S214032B107FFB044648B93046E4F730F9044620B94B
S214032B202846E9F76DFD044640B10020E4F770FB44
S214032B300020E4F723F90020E9F762FD204670BD84
S214032B404FF40010EAF796B8E8F754BFE5F710BE5F
S214032B504368143B4360A0230B6070471AB942686E
S214032B60A2EB530242600A6802EB83020A607047D4
S214032B70884210B518D8052816D9B1F5486F13D86A
S214032B80B3F5FA7F10D2A2F10A0080B240F676447B
S214032B90A04209D801339BB24B435B00B3EBC20F91
S214032BA094BF0120002010BD0020FCE7C94350E875
S214032BB0003F0B4040E80032002AF8D1704700205F
S214032BC070472DE9F04104460F4600264FF00108F2
S214032BD0214686F00100FEF733FD4FF48051FFF7E0
S214032BE0E5FF836833B940460EB1BDE8F0810126A0
S214032BF08046EDE7028ABA4206D10022012120462A
S214032C0098470028EFD1EFE70268D205EBD50022FC
S214032C101146F4E708B5FEF72CFD00230380436056
S214032C2008BD70B506460C46FDF7B1FB05463046B3
S214032C30FEF71FFD30B103781C4304704FF4007099
S214032C40EAF718F82846BDE87040FDF7A6BBE4F798
S214032C50EBBD07B542798DF8071022F0030242F068
S214032C600302427140F20332C2800DF107010122D2
S214032C7006F047F803B05DF804FBF8B517460646BA
S214032C800C461D46FEF7EDFC020713D5022130461F
S214032C90FFF776F870B111212046FFF7DAFF2046DA
S214032CA0E5F76CFF4570877021463046BDE8F8406F
S214032CB0E4F7BABD2820C5F120024FF08861A5F1DC
S214032CC02003E94000FA02F220FA03F31143194302
S214032CD0CB07E0D40D212046FFF7BBFF2046E5F7E0
S214032CE04DFF4770E0E770B50C46054607212046C2
S214032CF01646FFF7AEFF2046E5F740FF214646702F
S214032D002846BDE87040E4F78FBD38B50C46002171
S214032D100546FEF7BEFC241AA4B247F6FE739C4291
S214032D2005D928462821FFF770F8002038BD012072
S214032D30FCE738B504460D4601460020FEF780FC46
S214032D4003689B0505D429462046BDE83840FFF7AF
S214032D50DCBF002038BD2DE9F04115469DF81880EC
S214032D601F46FEF76DFC0446FDF711FBB8F1010F95
S214032D70064623D154E8003F43F4807344E8003208
S214032D80002AF7D105B354E8002F42F4007244E852
S214032D900023002BF7D1FF212046FFF707FF54E857
S214032DA0002F48EA020244E80023002BF7D1A5606F
S214032DB027823046BDE8F041FDF7EFBA4FF4807145
S214032DC02046FFF7F3FEDDE74FF400712046FFF7DA
S214032DD0EDFEE0E773B5064601200C46FEF730FC31
S214032DE00023054600931A4621463046FFF7B3FFF5
S214032DF06B6863B14FF480712046E4F773F855E8C7
S214032E00003F43F4007345E80032002AF7D1FDF78C
S214032E10BEFA05462046FEF72CFC28B103881BB1F4
S214032E204FF40070E9F726FF284602B0BDE870406D
S214032E30FDF7B3BA38B505460C46FEF701FC8368C2
S214032E404BB1022120460022984721462846BDE87A
S214032E503840FFF7BFBF38BD012938B505460C46D5
S214032E6008D0CC1E012C03D801460120FFF7E2FF51
S214032E70012038BD2221FEF75BFC20462946FFF7DA
S214032E80D9FF0020F5E708B5FEF7DAFB006800F087
S214032E90F00008BD10B5014604460120FFF7F3FF16
S214032EA020B92146BDE81040FFF7EDBF10BD70B551
S214032EB006460C4601460120FEF7C2FB3146054690
S214032EC00020FEF7BDFB2B680268014643EA0200BA
S214032ED0C0051ED49B0502F4007203D49AB94FF0C2
S214032EE0FF3070BD2B8A1B1B98B27AB1098A091B67
S214032EF089B28842A8BF08464FF6FF73984208BFB8
S214032F004FF0FF30EDE74FF6FF70EFE74FF6FF7138
S214032F10EFE70120E5E72DE9F34104460191014679
S214032F2001201546FEF78CFB214606460020FEF7D9
S214032F3087FB80462046FEF78CFB810606D501A854
S214032F4005F0FCFE0C2002B0BDE8F081FDF71FFA89
S214032F5033689A05074603D4D8F800309B0509D58D
S214032F600199301D8D6005F0D0FF3846FDF715FA40
S214032F700020E8E7FDF711FA01992046A847E2E7A3
S214032F8038B5014604460120FEF75AFB05460C30C9
S214032F9005F0D4FE281D05F0D1FE21460020FEF7DD
S214032FA04FFB04460C3005F0C9FE201DBDE8384033
S214032FB005F0C4BE70B5014605460120FEF740FB8A
S214032FC00646043005F037FF044670B14FF400712F
S214032FD03046FFF7EBFDA36821462846984720B105
S214032FE02046BDE87040FAF7E7BE70BD0023C0E98F
S214032FF000318260704708B50B4601461846FEF757
S2140330001FFB0068C0F3402008BDFFF725BFCB1E9B
S214033010012B70B504460D46164606D81A21FEF750
S21403302087FB40212046E3F75DFF324629462046CC
S214033030BDE87040FFF710BF38B504460D46FEF7EF
S21403304063FB28B1012D04D122212046FEF770FB35
S214033050002038BDF8B58B790B440C46D3F80D60C9
S214033060D3F8113032460746E4F7C0FB0921204661
S214033070FFF7EFFD2046E5F781FDA579E5F7A4FC0C
S2140330800C35254466F0FF060640C5F80160E5F7F3
S2140330909BFC3846C5F805102146FFF7D8FD0221EC
S2140330A03846FFF7BEFDF8BD70B50E460546014629
S2140330B00020FEF7C5FA012E044603D0022E11D0D7
S2140330C0012070BDC1688B7919440D312846FEF77F
S2140330D098FBE068FAF770FE0020E0602946FFF7E9
S2140330E079FEEDE7C068FAF767FE0023E360E7E7DB
S2140330F038B50D46044601460120FEF7A1FA012D18
S21403310008D100F112012046FEF77BFB2146284634
S214033110FFF760FE012038BD08B5FEF79AFAC0F344
S214033120C00008BDF8B50C460746FFF7F5FF80F06C
S2140331300106F6B239463046FEF782FA0546C068FF
S214033140012C837903D0022C1BD00120F8BD0C334D
S214033150C41838462389E288A188FEF72AFC6188CA
S2140331606278490089B252003846FEF7ADFAE8683D
S214033170FAF722FE0023EB6039463046FFF72AFEB5
S214033180E3E7FAF719FE0023EB60DEE708B5FEF780
S21403319068FA00F0010008BD38B50C460221054662
S2140331A0FEF761FA0C212046FFF753FD2046E5F7AC
S2140331B0E5FC4FF0FF3383700223C3700D23437087
S2140331C06FF02F0303710523437121462846BDE89C
S2140331D03840FFF73CBD042910B5044601D0002053
S2140331E010BDFFF799FFC0F10200E5F793FB002837
S2140331F0F5D105F068FF014608B90220F0E720463E
S214033200E5F7CCFF0028F8D10120E9E708B5FEF77B
S21403321020FAC0F3C00008BD2DE9F0410F4604466E
S2140332209046FFF7F3FF80F00105EDB221462846EE
S214033230FEF706FA012F064603D0032F0FD0012010
S2140332400BE02046FEF783FE22212046FEF770FAA7
S21403325028462146FFF7EEFD0020BDE8F081C06852
S214033260FAF7AAFD0023F3602046FEF770FE5FFA26
S21403327088F12046FEF75CFA20462021E3F732FE6B
S21403328021462846FFF7D6FDD9E737B504460D464F
S214033290FEF7E7F903054CD5022005F014FF01906D
S2140332A0002848D0204645B3FFF7B0FF50B10521AC
S2140332B00198FFF7CEFC0198E5F760FC01992046DC
S2140332C0FFF7C5FC20462946FEF74CFE2046FFF7CF
S2140332D09DFF78B94FF400612046FEF7BFF906213B
S2140332E00198FFF7B6FC0198E5F748FC01992046DC
S2140332F0FFF7ADFC002003B030BDFFF787FF68B1D2
S2140333000199032306222046FFF7B7FC2046FEF763
S2140333101EFE21462846FFF78DFDEBE701A805F0C4
S2140333200DFD20463D21FEF770FD2046FEF70FFEFD
S214033330E0E70C20DFE70720DDE7F7B501460446A4
S2140333400020FEF77DF9054600F112074FF4806072
S214033350E5F7E0FA50B92046E3F7AEFD698B3A4647
S21403336080B203B0BDE8F040FFF7E1BA2046E3F7CA
S214033370A3FD064620466D8BFEF769F90022034639
S214033380009229463A46B0B2FFF7F0FA03B0F0BD12
S21403339083781A2B09D81B2383700288B2F5A47F7F
S2140333A007D24FF4A473038007E0FB2BF5D9FB2366
S2140333B0F2E744F290239A42F5D87047F0B5CA79FB
S2140333C08B7987B043EA0223ADF80C308B888DF8EF
S2140333D00E30CA788B7843EA02230446ADF81030E1
S2140333E003A80B888DF81230FFF7D2FF04A8FFF767
S2140333F0CFFF05A92046FEF738FD0B212046FEF732
S214033400EEFC40F6480544F29023002818BF1D46FC
S2140334109DF80E30BDF81460BDF81020BDF80C7092
S2140334209DF816009DF81210AF42D4BF0097009582
S214033430FB2BA8BFFB23B242A8BF32468142A8BFDC
S21403344001462046FEF728FB07B0F0BD37B5144605
S21403345005461046FFF7FDFB2046E5F78FFB01A95F
S21403346004462846FEF701FD0B212846FEF7B7FC67
S2140334706FF0040363700023A37044F2902240F6B7
S2140334804803002818BF1346A4F803309DF80630F7
S214033490A4F80530BDF80430A4F8073003B030BDF7
S2140334A0FFF7DABC022973B505460C4603D00024A1
S2140334B0204602B070BD0521FEF762FC0028F6D058
S2140334C0E4F75CF81B28F2D94FF40040E5F722FA3C
S2140334D00028ECD105F0F7FD06460028E8D001A940
S2140334E02846FEF7C2FC9DF80630BDF80420314698
S2140334F02846E6F727F90028D9D10124D8E730B1C2
S21403350090FAA0F00123B0FA80F08340D8B2704757
S21403351070B50646FEF7A5F880F040040206054699
S214033520C4F3801406D408213046FEF73EFC08B1E7
S21403353044F00204EB0506D40B213046FEF735FCB7
S21403354008B144F00404204670BD2DE9F843044650
S21403355091460F46FEF785F8C0F340152046FEF762
S2140335602BFB214680462846FEF76AF84946064660
S2140335702046FEF7DDF898F80110384601F00F01F3
S21403358000F024FA062814BF014600212A462046E6
S214033590FEF7B6FA21462846FFF71CFC20212046F4
S2140335A0FEF764F856E8003F43F4805346E80032DB
S2140335B0002AF7D1BDE8F883F8B50E46044615464B
S2140335C0FEF74FF8032EC0F340170DD0042E16D087
S2140335D0012E12D122212046FEF7AAF838462146AC
S2140335E0FFF728FC0020F8BDEAB200212046FFF7CB
S2140335F0ACFF21463846FFF71DFC0120F3E70C22FB
S214033600F3E7012910B504460BD1FEF72AF8214645
S214033610C0F34010FEF714F80022817C2046FFF723
S21403362094FF012010BD2DE9F7430F460546FEF72C
S21403363018F800F02009C0F340182846FEF7BCFA35
S214033640BB790C333B445E789B781E400378C3F308
S214033650030000EA13103040FFF751FF044648B951
S214033660B9F1000F06D12846FFF752FF3040FFF7A7
S21403367046FF04462846FEF7A2FAE8F797F8A04264
S21403368023D01CB302212846FEF703F80021064682
S2140336902846FEF72CF918213846FFF7DAFA38469B
S2140336A0E5F76CFAB6B244708470A0F80360394646
S2140336B02846FFF7CCFA009623462246294640467C
S2140336C0E6F77AF803B0BDE8F08300242646E2E77F
S2140336D070B504460D46FFF7DDFB28B9294620469C
S2140336E0BDE87040FFF79FBF4028294620464FF0AD
S2140336F01603BDE8704014BF2A222322FFF7BDBA83
S21403370038B505460C46FDF7ACFF830604D42046C1
S214033710BDE83840FAF750BB21462846BDE8384096
S214033720FFF781BF73B58C790C340C4406460D46FF
S214033730FDF797FFA278032AC0F3401014D0052A9A
S21403374028BF00226378032B10D0052B28BF002345
S214033750B4F8031000913146E6F72EF8284602B077
S214033760BDE87040FAF728BB0022EBE70023EFE73B
S21403377008B58B790B441B7B162B03D0172B05D070
S214033780002008BDFFF7A4FF0120FAE7FFF7B8FF04
S214033790FAE708B58B790B441B7B162B03D0182B43
S2140337A005D0002008BDE6F731F80120FAE7FFF759
S2140337B0B9FFFAE770471FB54A1E042A03460C46AC
S2140337C05FD8012902D1008804B010BD022905D1B3
S2140337D000885B88984238BF1846F5E74A000146DA
S2140337E001A804F0F2FE032C07D10023ADF80A303B
S2140337F04FF6FF73ADF80C3001E0042CF8D0BDF89B
S2140338000620BDF80430934284BFADF80630ADF809
S2140338100420BDF80A30BDF80C20934288BFADF8EB
S2140338200A20BDF80A2088BFADF80C30BDF8043076
S214033830934288BFADF80A30BDF80620BDF80C30B9
S2140338409A4288BFADF80630BDF80820BDF80630AA
S214033850934284BFADF80830ADF80620BDF80A30B1
S214033860BDF808209A4288BFADF80830BDF8082096
S214033870BDF806309A4238BFADF80830BDF80800E8
S214033880A2E74FF6FF709FE7012804D0022804D072
S21403389030B9E7F7EDBBE7F7DBBB0020E6F756B931
S2140338A0704710B1012803D070470120E6F74EB9E0
S2140338B00020FBE7F7B51F468B1E012B05460C467B
S2140338C0164613D8FDF756FB0023CDE90005F01A7C
S2140338D018BF01201A463946FDF75AFB80B1022C61
S2140338E00BD12846E4F73CFF002004E00029F8D07B
S2140338F0012902D0FF2003B0F0BD2846E4F774FF89
S2140339000120F8E770B59DF810600D4600210446C7
S214033910817106F10C014173111E03F00F00237B26
S21403392018BF012140EAC11003F040031843207377
S2140339302B469DF8141004F10E00FFF7BBFF237B04
S21403394060F3861323732B686361AB882383A379A1
S2140339500E363344E37170BD10B541898389C2893D
S21403396004460846FFF704F9E0B1E279531E072B35
S21403397019D86389934216D922899A4213D8237C8D
S21403398043B9637C33B9A37C23B9E07C10B9237DA8
S2140339900F2B07D9607D1B3000F01F000B288CBF50
S2140339A00020012010BD0020FCE708B5E8F7DAF98F
S2140339B0BDE808400020E8F7C5BBC94350E8003F10
S2140339C00B4040E80032002AF8D17047022808D09E
S2140339D0042803D0012818BF0620704701F0010110
S2140339E0C81C7047E8F710BF0A2802D80130C0B2D7
S2140339F07047242801D80230F9E7252805D0262861
S214033A0005D0272818BFFF207047002070470C20DA
S214033A10704708B5E7F746FFBDE808404FF000607B
S214033A20E9F728B908B5E8F7F5FE20B1BDE8084080
S214033A301020FFF7EEBF08BD70477047704770470A
S214033A40704700207047704770477047704770474D
S214033A5010461946704700200021704703F0E3BF65
S214033A60F2F764BB04F097B808B5E8F71FF920B17E
S214033A70BDE808400420FFF7CCBF08BDF0B585B00D
S214033A800D468DF80700164602B983B39DF8070066
S214033A902946FDF783FA044690B99DF807002946A0
S214033AA0FDF780FA20BBF6B19DF80700003818BF73
S214033AB001202946E8F76CFD441C18BF012417E0D3
S214033AC002AF012239460DF10700FDF769FA0246F7
S214033AD004464EB19DF80730181E18BF0120002A71
S214033AE018BF3D46E5E70124FDF747FA00B9012470
S214033AF0204605B0F0BD37B502460846136A03F400
S214033B00007403F40015DB0505D47CB9E4F728FE3E
S214033B10204603B030BD4CB9D2F855100160B2F858
S214033B2059208280B5FA85F46409F1E7019092F989
S214033B305430009300231A4619461846B5FA85F4FE
S214033B40FDF726FA6409E3E770477047024619460D
S214033B500020E8F7FBBB002070470020704707B53E
S214033B6000214FF0FF336A46084600938DF8043071
S214033B70E8F77EFD03B05DF804FB38B5054600683C
S214033B8004F07EFF0446287900F01F0004F078FF57
S214033B902044C0B2012894BF0020012038BD7047DE
S214033BA07047914270B50D4614461E4609D2FFF77C
S214033BB019FF641B013490FBF4F303FB1400054464
S214033BC0ACB23480FFF70EFF33880133B0FBF3F259
S214033BD002FB1300049B188070BD70477047704744
S214033BE00120704708B5202000F068FF003818BF92
S214033BF0012008BD08B5FFF7F5FF20B1BDE8084072
S214033C00202000F063BF08BD73B506460D46144674
S214033C10D2B100F050FFA84218D8304600F060FF3B
S214033C2001460190A0B100232A46204605F07CF801
S214033C3001A805F083F82246022052F8041B00F080
S214033C40FCFE002002B070BD2220FBE72120F9E72E
S214033C502D20F7E708B5F9F7E1FD08B1012008BD07
S214033C6000F060F8F9F7E2FD0028F7D1EBF7AAFABF
S214033C70003818BF0120F2E708B5E8F7A9FF0028C7
S214033C800CBF0420012008BDE8F7B0BF0020704732
S214033C9030B5044687B008461546FEF757FF12228E
S214033CA000210DF1060004F076FCA3680293E36896
S214033CB00393E38BADF81030238CADF81230ADF8D8
S214033CC00450FFF7E3FF029B8DF8140043F41053F0
S214033CD0029300F05FFE18B1029B43F004030293C5
S214033CE001A8E4F729FE10F0FF0516D1A38CADF862
S214033CF000300DF10201E38CADF80230684600F0A7
S214033D0034FDE9F70FF8FEF71FFF012103F05FFD0F
S214033D10EAF758FB284607B030BD40F20C40FAE7F6
S214033D20E9F710B8FBF741BEDAF768BE0120704723
S214033D3070B50C46064611461D46E9F7CBF858B152
S214033D4044EA06206FEA40406FEA50402A4680B2B3
S214033D50BDE87040E9F712B840F2064070BD8379BB
S214033D601A07014603D506220020E9F7D7B89B06B3
S214033D7002D506220120F8E74FF0FF30704783791B
S214033D80532B01D1E9F7FCB8FFF7E9BF70B5064638
S214033D9014461D46E9F79EF810B90024204670BD68
S214033DA041EA06206FEA40406FEA50402A46214621
S214033DB080B2E9F701F80028F0D0EEE713B5044621
S214033DC0E9F788F810B9002002B010BD08226B4648
S214033DD011462046FFF7DAFF0828F4D19DF8023093
S214033DE0002BF0D09DF90300013018BF0120EBE74C
S214033DF0704700207047532838B505460C4604D153
S214033E00BDE838400846EDF7A1BB0620FAF7E6F909
S214033E1068B96379142D03F03F03637104D0722DE0
S214033E2008D163F03F036371A571002038BD40F2EB
S214033E300740FBE72120F9E71FB550F80C4BADF818
S214033E40061094F870408DF80820ADF80A3001AAE1
S214033E50069B8DF8044040F20351039304F0A3FE3F
S214033E6010B906A804F06AFF04B010BD2DE9F041AE
S214033E7086B04FF0000804460E46CDF80C8000F1DD
S214033E804407154612B303A804F058FF384604F057
S214033E9055FF84F81C800023009332462B461821D6
S214033EA0204600F095FF05F58855204604AA50F8ED
S214033EB00C3B059593F870308DF8103040F20551A1
S214033EC004F071FE002006B0BDE8F08143691A07CE
S214033ED010D4A846384604F04FFF03460390C0B9F3
S214033EE003A804F02BFF384604F028FF00232377AB
S214033EF055B1D0E723F00803436103A804F01EFF7F
S214033F00384604F01BFF2577204600F0DDFF00252A
S214033F10CBE7997901F10C021A440531B2F8016036
S214033F20B2F8032099712046314601F0FBFCCDF828
S214033F300C800028CED00546D2E72DE9F84F0E4672
S214033F409DF828B091469A46054610B1037C012B8E
S214033F5060D0284601F0FDF9304601F076FB0022DA
S214033F6031468046284601F0E3FB0746304601F01B
S214033F7065FE42F6052398421CD118F0300F26D171
S214033F80BBF1000F33D018F0200F3FD0BA073FD550
S214033F90EB8B002B38D153464A463146284600F071
S214033FA0C7FF0446E8B9EE8340F20A41284601F00B
S214033FB0DEF916E0284601F081FA0028DDD028460F
S214033FC001F091FA0028D8D041F2121409E0B9079B
S214033FD0D6D03146284601F047FC0028D0D000F55D
S214033FE08854284601F0BAF92046BDE8F88F18F041
S214033FF0100F0BD0FB070BD553464A4631462846CF
S21403400000F071FF0446ECE70524EAE72124E8E71D
S2140340100224E6E70724E7E72DE9F04786B0002504
S2140340209DF8389090F81CA00F9E057704460F461F
S2140340309046B9F1000F09D00A4600964B46514602
S21403404000F0C6FE284606B0BDE8F087BAF1080FB2
S214034050ADF8169026D14589043DADB29D42324651
S2140340604FF002014FF00900A8BF1D4600F041FEC5
S2140340700222814605A93046ADF8147005F021F9F1
S2140340802A464146304605F01CF9831C054689F846
S214034090013031462046EBF7A7FAADF81650BDF8C7
S2140340A01600D0E7BAF10A0F0DF11602CDE9016248
S2140340B000930CBF0B210D214346012200F0ACFEFA
S2140340C01A28ECD1CDF8009011233A4651462046E3
S2140340D0ADF8169000F07CFEE1E7F0B589B0174620
S2140340E00025012204460E460393ADF8165001F050
S2140340F04EFB8DF81500002846D1304601F0BFF977
S21403410010B1304601F07DFA304601F0AEFAB8B190
S21403411003A804F013FE2046237F50F80C2BADF8BB
S2140341201A6092F870208DF8182040F2025106AA01
S2140341308DF81C30ADF81E7004F035FD09B0F0BDE7
S2140341400DF115030DF116023146204601F0BCFBB6
S2140341509DF8153002465BB9BDF81630BB4235BF35
S2140341600723DB1B8DF81530D21928BFADF81630A0
S214034170039B01939DF8153000933146BDF8163026
S2140341802046FFF749FFD9E72A46F1E770B504460C
S2140341900D46164601F073F940B933462A462146C2
S2140341A001F0C0FB08B100F5885070BD41F2031062
S2140341B0FBE71FB550F80C4BADF8061094F87040AB
S2140341C08DF80820ADF80A3001AA069B8DF8044046
S2140341D040F20151039304F0E6FC10B906A804F07C
S2140341E0ADFD04B010BD1FB550F80C4BADF806106E
S2140341F094F870408DF80820ADF80A3001AABDF88F
S21403420018308DF8044040F20451ADF80C3004F039
S214034210CAFC04B010BDF0B585B012270392077729
S214034220022205460E4601F0B2FA044668B103A818
S21403423004F084FD00232B770023009332462346A5
S2140342401221284600F0C4FD0FE0039A9379033346
S2140342509371304601F009FA48B1039B00933A463E
S214034260234631462846FFF7E7FD05B0F0BD42F684
S214034270293001F04AFCB04220D1039830B903A894
S21403428004F05CFD00232B770D24D5E704F0DBFD5B
S21403429080B20128F3D1039B9A7913442846197BED
S2140342A001F047F9044603A804F048FD00232B77E2
S2140342B0002CC1D1284600F0CEFDD6E72246039B4C
S2140342C03146284601F02EFB0446EFE72DE9FF4171
S2140342D00392042204460D4601F059FA074628B114
S2140342E003A804F02BFD04B0BDE8F081039A93798C
S2140342F04FF0520803339371284684F81C8001F06C
S214034300B4F9064640B1039B009342463B46294612
S2140343102046FFF791FDE6E742F6293001F0F5FB6C
S214034320A842039B0BD19A7913442046197B01F0CC
S21403433000F903A804F002FD00232377D3E73246EF
S2140343402946204601F0EEFAF6E72DE9FF418B7980
S2140343500C330B440446B3F80170B3F803803846B5
S2140343600E4601F06AF9002858D002223946204644
S21403437001F00DFA0546E8B9384601F076F968B15A
S21403438016222277B3790533B3713946009643462E
S2140343902046FFF751FD04B0BDE8F081F9F7A2FC13
S2140343A033461B680135EDB2002BFAD10635A84219
S2140343B01DDC092504F1440004F0C0FC00962B46DE
S2140343C03A461621204600F003FD092DE3D1204688
S2140343D002AA50F80C3B93F870308DF8083040F280
S2140343E0055141F20913039304F0DDFBD3E70121E2
S2140343F0304604F031FF01460028DAD004F14400C9
S21403440004F083FDB3790533B37142463346394628
S214034410204604B0BDE8F04100F02CBD0125C9E7F5
S21403442013B5044641B9443004F088FC204602B074
S214034430BDE8104000F048BD4369182213F0080396
S214034440027706D0002300931946FFF7F5FC02B067
S21403445010BD1A46194602B0BDE81040FFF706BD68
S2140344607FB5C58B04462DB342F6052001F04DFB00
S214034470A84207D10021204601F03CF8636923F0E7
S2140344800103636140F20A41204600F076FF0026EE
S2140344900DF10E0229462046ADF80E6001F048F9EC
S2140344A0BDF80E2000920346022229462046FFF757
S2140344B09AFEE68304B070BD2DE9F0470E46BDF8BC
S2140344C0209090461F46044618B941F20110BDE8F5
S2140344D0F087084601F0B1F80028F6D06589033D59
S2140344E0ADB24D4509D3CDF820804B463A4631460A
S2140344F02046BDE8F047FFF720BD4920E7E7F7B5BC
S21403450004461F460E46154600F023FF237C012B68
S21403451058D0237F182B2CD063691B0713D5217F14
S21403452016292DD008D8122914D00225204600F0CB
S21403453015FF284603B0F0BD18291AD05229F4D126
S2140345400023237713E0304601F08FF80028E6D1E6
S2140345502125EBE70023237735B1009332462B461C
S214034560204600F035FC02E0204600F074FC0025EF
S214034570DCE72A4631462046FFF778FC0546D5E7B2
S21403458000232377002DE8D1BDF82430089A009540
S2140345900521172000F0D1FB20B9009511233246E0
S2140345A01221DDE700F086FB626942F008026261D1
S2140345B0827905320346827131463A46204600F038
S2140345C059FCD4E70725B1E72DE9F041054688B045
S2140345D042F6052001F099FA064604A8ECF7B8F867
S2140345E0102205F121010DEB020003F0AAFF50B1E2
S2140345F00121284600F07EFF284601F038FB6B6950
S21403460023F001036B6142F6030303A90220ADF80E
S2140346100C30ECF7ABF9012407464FF000082046B0
S2140346203A464FF6FF7101F035FA044610B908B062
S214034630BDE8F08101F001F80134A4B20028EED001
S214034640A64203D131462846E8F7E2FF0DF10E02F3
S21403465021462846ADF80E8001F06AF80346002886
S214034660DDD0BDF80E200092214601222846FFF732
S214034670BAFDD4E708B5ECF759F80020E9F756FC7D
S214034680002008BD10B90120E9F744BD7047022099
S214034690E9F736BD0020E9F733BD38B50C460546C5
S2140346A0E3F71EFE4379C47523F0030343F00303C5
S2140346B043710923837104F10C03C371A0F81550E9
S2140346C0153038BD2DE9F3410D4616468046E3F70F
S2140346D007FE05F10C03C3714379019023F003032E
S2140346E043F003034371092383710446A0F815803E
S2140346F000F11507304604F0A6FB0544E57533467E
S2140347003BB901A8314604F000FC384602B0BDE8C8
S214034710F0815A7922F0030242F002025A711B68B2
S214034720EEE708B5E3F7E2FD83790C33184408BDDA
S21403473008B5E9F73DFCECF7B1FCE8F755FEEBF7F7
S214034740BFFEBDE80840FFF7A5BF10B50446E9F76E
S214034750DBFD20B92046BDE81040F9F7BDB9204679
S214034760F9F7BAF9FFF793FFF1E773B50E4604F0CE
S21403477053FE044610BB42F6072001F0C6F9054671
S214034780E0B1B6F90030002BCCBF0533053B4FF044
S2140347900A02CCBFB3FBF2F393FBF2F35BB28DF8E2
S2140347A0073001230DF107020021184604F0B6FD79
S2140347B0002203462946104601F0B4F8204602B00C
S2140347C070BD430803F05503C01A00F03303C0F36B
S2140347D0850000F03300184400EB101000F00F00C3
S2140347E0704710B5421D441E002114F8010FFFF751
S2140347F0E8FF94420144F8D1084610BD0E207047E6
S2140348000E2070470E2070470E2070470078EAF798
S21403481067BF13B50C460DF107020DF10601EBF762
S2140348204FF830B19DF80600031B5842584102B0BA
S21403483010BD0120FBE770472DE9F04383780D2B6D
S21403484091B00D464FD109AC821C00F11A032646DF
S21403485010685168274603C708329A423C46F7D188
S21403486013883B801C21284604F068FBBDF82640CD
S2140348702F6814F00C043ED1384604F0E4FAA0F195
S2140348800208A0450DDA4FF0FF3400239C428DF852
S2140348901C301EDBA31C0122394607A804F044FA89
S2140348A017E0631C0122394605A804F03DFA9DF87B
S2140348B01430012BE9D023460122394607A804F019
S2140348C033FA9DF81C3013B101331C44D9E78DF835
S2140348D01C30EBF73BFB012808D002283FD050B929
S2140348E0284604F02BFA11B0BDE8F0839DF81C307F
S2140348F013F0010FF4D09DF82F00EAF759FA80461B
S2140349009DF83000EAF754FA0DF11C099DF82820AB
S21403491004460DF1290105A8E8F740FE9DF8362068
S2140349200DF137014846E8F739FE05A8FFF727FAE1
S21403493005ABCDE901050746CDF800902246414672
S2140349403046E9F7D1FD2B68002BC9D0CDE90075B9
S21403495005AB22464146304602F093FDC0E79DF87C
S2140349601C3013F0030FC5E7EBF7E0BA704708B542
S214034970ECF74AF9002008BDECF7F2BCEAF7DAB91F
S214034980EAF7B8BC7047704770477047E8F7C0BA95
S2140349907047704700207047704770477047F8B5F8
S2140349A013681D0A04460F46164604350A460021B8
S2140349B003F0F1FDEDB221222046394604F00CF94E
S2140349C02046294604F091F9A27933681444E3603B
S2140349D0F8BD704770477047704770477047024688
S2140349E04FF482712020FFF70FB9FFF7C9BF08B550
S2140349F0014600F03800EAF719FB78B1D0E9013236
S214034A00407810F0020F08BF1346C1F30741043B7A
S214034A1053F8040F10B102788A42F9D108BD38B5AD
S214034A2005460C4604B938BD013C55F824301B69CD
S214034A30002BF7D09847F5E770477047F8B54378EB
S214034A40DB07054601D4EAF733FB6B786F6823F080
S214034A500C0343F002036B70002657F826402CB96C
S214034A6005F10C012020F9F7F1F90FE0A3680136F0
S214034A70002BF2D0984704460028EED0314638463D
S214034A80FFF7CDFF6B7823F002036B702046F8BD6B
S214034A904078C0F340007047437813F00E0F0CBF06
S214034AA001200020704710B5EAF76CFB0446EAF7CE
S214034AB081FB204610BD4FF48270704708B5EAF7B5
S214034AC0B5FAC068003818BF012008BD08B5EAF774
S214034AD0ADFA20B1BDE80840C06804F060B908BD6F
S214034AE038B5EAF7A3FA044650B1FBF750FC05467F
S214034AF004F10C0004F040F904462846FBF74DFC8D
S214034B00204638BD37B58379019003440446D868F8
S214034B1000F03800EAF78AFA054628B901A804F037
S214034B200DF9022003B030BD204604F011F9FBF75F
S214034B302EFC0199044605F10C0004F0E6F9204624
S214034B40FBF72BFCE8F752F80020EBE72DE9F041E2
S214034B50044625021F4605F4E065C4F3072324F440
S214034B607F441D4324F0C7048B79EE1944F0800478
S214034B7044EA162436020C33B6B23443CC50084605
S214034B8001EB03081146FFF7BDFF20B94544EF705C
S214034B904046BDE8F0814FF00008F9E7427810B5CB
S214034BA00432044601F00400D2B2002140F029008A
S214034BB004F04AFB18B1837922680344DA6010BD17
S214034BC010B50021FFF7EAFF044608B9002010BD20
S214034BD00179FFF797FF0028F8D1A3790C33E01883
S214034BE0F5E72DE9F04117461A4603681C0204F45C
S214034BF0E064C3F307231C4301F0040141F02905D5
S214034C00043406463B462146284604F087FB804686
S214034C1050B1E1B204F0D2F830683B462A4641462A
S214034C20BDE8F041FFF792BFBDE8F0812DE9F341FF
S214034C3001F0040141F029050024076829460646C9
S214034C4010681460019004F083F8019804F0FBF8F0
S214034C50390201F4E061C7F307273943804601228E
S214034C60043101A804F06CFA30B101A804F066F828
S214034C70204602B0BDE8F0810199306843462A46D3
S214034C80FFF764FFF5E700207047A0F86E10704743
S214034C9001238B4090F87110194380F87110704708
S214034CA008B50120F9F73EF8C0B208BD83790C3386
S214034CB0184470471438704710B50446A1F1140021
S214034CC004F0C1F8201A20EAE07080B210BD70B577
S214034CD01C460D461646FFF7EFFFA04207D32246B3
S214034CE03146A5F1140004F0ECFA012070BD002053
S214034CF0FCE770B506460D4614467AB90A462046C2
S214034D00082104F0A1FA044690B92A46082129206E
S214034D1004F09AFA044658B9204670BD104604F0CB
S214034D200DF8204604F0C3F908231D44A371E5716A
S214034D30A3790C331C442670EEE72DE9F0411646A2
S214034D40069A074688461D46FFF7D3FF0446F0B18A
S214034D5014382A463146069004F0B3FA854217D92A
S214034D60069B1C7906A804F0200403F0E7FF74B939
S214034D7042460821292004F067FA2A46314606905F
S214034D8004F09FFA854206D906A803F0D7FF00244D
S214034D902046BDE8F081069A93790C33D418D7548D
S214034DA0F6E711B11439EAF71FBC1A20704738B575
S214034DB0002204460D4602200321FFF79AFF014610
S214034DC008B1A0F801502046BDE83840FFF7E9BF18
S214034DD0F8B504460F4616460521069A01201D46D9
S214034DE0FFF787FF014638B14770468005712046B6
S214034DF0BDE8F840FFF7D5BFF8BD38B50D4603212B
S214034E0004460846FFF775FFA0F801500146204602
S214034E10BDE83840FFF7C5BF73B5054608466C893D
S214034E20089E1146641A1A46BDF81830A4B29C426E
S214034E3028BF1C46079B00932346FFF77EFF0146C9
S214034E4030B12846348002B0BDE87040FFF7A9BFF2
S214034E501A2002B070BD10B50121044600221320AB
S214034E60FFF747FF014620B12046BDE81040FFF795
S214034E7098BF10BDF7B544890193054618460F46FB
S214034E80164603F0E0FF053CA4B2844203DA011B96
S214034E9001A804F07AF80521019804F018F90146F0
S214034EA028B901A803F04AFF1A2003B0F0BD83799E
S214034EB00C33C2181720C854A2F80170A2F8036076
S214034EC02846EAF791FBF0E710B5012104460022D5
S214034ED01920FFF70EFF014620B12046BDE810401B
S214034EE0FFF75FBF10BD73B54489033CA4B2A3426A
S214034EF00E464FF00001009105464FF0030128BF10
S214034F0023461B20FFF719FF014670B110F80F3C2C
S214034F10A0F80160012262F3071300F80F3C28464D
S214034F2002B0BDE87040FFF73CBF1A2002B070BD68
S214034F3073B54489033CA4B2A3420E464FF0000166
S214034F40009105464FF0030128BF23461D20FFF7B7
S214034F50F4FE014638B1A0F80160284602B0BDE869
S214034F607040FFF71EBF1A2002B070BD4B88042B9B
S214034F7007D1836C08885B8998428CBF0020012088
S214034F8070470020704710B50446806920B10021A1
S214034F90EAF766FA0023A36110BD38B5A0224FF4E2
S214034FA0A073C0E9072300250723044680F83130A1
S214034FB0C5818571103003F0C1FE04F1140003F0BF
S214034FC0BDFE2046FFF7DFFF40F20113E3857F2394
S214034FD084F83230A56265622046BDE83840FEF7A5
S214034FE007BF07B501228DF807100DF1070104F07E
S214034FF068F903B05DF804FBF7B505464FF428508F
S2140350000C4600F082FD064600F017FBB0B3022CF8
S21403501002D8002003B0F0BD00270DF105030DF103
S214035020060231463846ADF8067000F04DFCBDF872
S2140350300620631E934206461EDC072C1AD9023C42
S214035040ADF806400824BDF80630002BE1D0013346
S214035050D9B22846FFF7C5FF21462846FFF7C1FF0A
S214035060BDF806203146284604F02BF9BDF80600A5
S2140350700230CFE7ADF806700924E4E74FF0FF30BF
S214035080C8E702292DE9F34104460D46174618469C
S21403509003D8002002B0BDE8F08100F036FD0646D6
S2140350A000F0CBFA0028F4D04FF000080DF105030A
S2140350B00DF1060231464046ADF8068000F004FCCA
S2140350C0BDF80630BDF82020934228BF1346064697
S2140350D0AB429DF8050028BF2B46ADF80630C0B995
S2140350E0002BD7D001339AB29542D3D9D9B22046F2
S2140350F0FFF777FF39462046FFF773FFBDF8062014
S2140351003146204604F0DDF8BDF806000230C0B292
S214035110C0E74046BEE738B50446EAF713FB38B1A6
S214035120022905D820460022BDE83840EAF798BC95
S214035130212038BD91F839305B0773B506460C4617
S21403514015462DD40846EAF79BFA6B1E042B16D891
S214035150032D14D0A379142B24D0A3697BB9009311
S214035160ADF804308DF80630E8F7D2F96946EAF769
S214035170EDF818B91A25284602B070BDA061636A17
S214035180E57343F016036362E8F768F93046EAF717
S214035190BDFB05460028EED02046FFF7F4FEEAE7FF
S2140351A00225E8E72125E6E7002337B580F87230C5
S2140351B040F6FF73A0F86E308368C160DA040446D5
S2140351C00D4610D443F48063A3606A4640F203217D
S2140351D02046CDE9004503F0E6FC00212046EAF729
S2140351E03FF903B030BD90F87600EAF795FDA36863
S2140351F023F48053E8E773B56E4604464A7930468F
S2140352000D460631E8F7CAF996E80300A4F85010ED
S214035210090C11F0800FE06484F8521004F1530374
S21403522012D0012205F112011846E8F7B7F90C353A
S2140352302846FFF7D6FA28B10122294604F15A0078
S214035240E8F7ACF902B070BDB4F8501094F85220E9
S214035250C4F8530099809A71E9E71FB590F8742053
S214035260019002F0010304468DF808300BB102F0FA
S21403527002038DF80930204694F875308DF80A300D
S214035280039101F002FC01AA4FF40171204603F0DA
S2140352908AFC2046EAF770F904B010BD10B5044640
S2140352A0E8F736F92146BDE81040EAF74FB8EAF7C3
S2140352B0AFB8FFF7F5BC0A460021EBF7B9BC1322DB
S2140352C00121EBF7B5BC826838B5C2F380320446D9
S2140352D0B0F86E000D46EBF751FD20B9A3681DB17B
S2140352E043F40053A36038BD23F40053FAE78379ED
S2140352F01A0705D413F0100F0CBFFF2001207047C8
S214035300002070470020704710B5044660B1806CDB
S21403531050B1EBF7E9F8A06C0028FAD12046032138
S214035320BDE81040EAF79CB810BD43898B4207B529
S2140353300CD050F80C2BADF8063092F870208DF890
S214035340042040F2014101AA03F02DFC03B05DF8EE
S21403535004FB436943F0040343617047436923F046
S2140353600403436170474069C0F3800070470068D8
S21403537047F230530022F8F775BB006803F0B0BB62
S21403538038B543699B0704460D4603D540F20941E9
S214035390FFF7F3FFEAF746F908B1A3691D70204645
S2140353A040F20941BDE83840FFF7E1BF07B5027C8C
S2140353B0012A09D00122027440F20942914206D022
S2140353C040F20A4291420ED003B05DF804FB50F857
S2140353D00C3B93F870308DF8043001AA4FF48161CA
S2140353E003F0E1FBF0E750F80C3B93F870308DF8D0
S2140353F0043001AAF4E738B522F000430D461146FF
S21403540040F20322934204461AD0B3F5017F09D231
S21403541040F20122934213D040F20222934209D073
S214035420002038BD6FF481621344012BF8D8FFF7D0
S214035430BDFFF5E700F022F92046FFF7C5F8EFE7D2
S21403544063699B0704D540F209412046FFF795FFA1
S2140354502846FFF759FFE3E708B5E9F7C3FF00B1AE
S214035460806C08BD08B500B10068E9F7C9FF08B944
S214035470034602E0836C002BF7D0184608BD10B530
S214035480044642F62A3000F040FB031B58425841BC
S21403549010BD022806D1088842F62A33C31A58429A
S2140354A0584170470020704710B5044642F629302D
S2140354B000F02BFB031B5842584110BD90F8200008
S2140354C000F0010070471FB504466846EBF740F945
S2140354D01022694604F1210003F033F8B0FA80F095
S2140354E0400904B010BD08B5FFF7EDFFB0FA80F031
S2140354F0400908BD70B5044600F1210591B9284658
S214035500EBF726F9236893F97500FEF757FC78B195
S21403551020682B4690F97500BDE8704010220D21D7
S214035520FEF706BC10220021284603F034F8E9E70C
S21403553070BD38B590F820200446002341FA03F0E6
S214035540C50703D442FA03F0C0071ED40133082B61
S214035550F4D101F0010523682A4384F8202093F947
S2140355607500FEF72BFC40B12346012253F8200BAF
S2140355700C2190F97500FEF7DBFB0DB9002038BD52
S21403558000212046FFF7B6FFF8E71320F7E768B1D8
S2140355903F290AD800EBA10001F0030190F831007F
S2140355A04900084100F0030070470020704710B51B
S2140355B00368044693F97500431C0DD0FEF7FEFB03
S2140355C050B12346102253F8310BBDE8104090F932
S2140355D075000B21FEF7ACBB10BD10B590F8743008
S2140355E0DB0706D490F97530013314BF0F2005206E
S2140355F010BD847CEBF77CFE844234BF0C20002075
S214035600F6E730B585B004466846EBF7A1F81021F7
S214035610684603F098FE2046EBF772FAC2686B46BC
S214035620063204AD1C4603CCAC42106051602346E0
S21403563002F10802F6D105B030BD08B5EBF760FA03
S21403564008B1EBF731FAC0B208BD013810B580B225
S214035650EBF756FA044608B9002010BD408800F060
S2140356607FFB0028F8D0207BF7E708B5EBF748FA6E
S21403567018B1007AC31F5842584108BD70B5054695
S214035680044655F8213B93F97500431C04D128467C
S214035690BDE87040EBF75CB8FEF790FB0028F6D049
S2140356A02346102253F8310B0B2190F97500FEF7B1
S2140356B06DFB2346012253F8200B0C2190F975004D
S2140356C0FEF764FB20682B4690F97500BDE8704032
S2140356D010220D21FEF75ABB01302DE9F04185B2A9
S2140356E028460E46EBF70CFA42F60217044642F635
S2140356F003089CB12046EBF7D7F978B1204600F0B3
S2140357003EFBB84205D10EB123883380607BBDE8EB
S214035710F081204600F033FB404502D14FF0FF30C6
S214035720F5E70135ADB22846EBF7EAF90446E0E7BC
S2140357302DE9F04707460E4690460D4642F60219F7
S21403574042F6030A0135ADB22846EBF7D9F904460B
S21403575078B1EBF7A9F960B1204600F010FB484595
S21403576005D1237A072B04D10320BDE8F0875045E3
S214035770E8D141463046FFF7AFFF431C014604D04D
S2140357803846BDE8F047FFF702BF0020EDE770B5E7
S214035790054608461646EBF7B3F9044608B9012052
S2140357A070BDEBF781F90028F9D0F00713D4B107E1
S2140357B034D4720702D5A3885B0732D516F0060FDA
S2140357C031D116F40060EBD0A38813F4006F14BF36
S2140357D000200620E4E7A388DA0743D513F0700F0A
S2140357E00AD1980610D45806E1D52B6893F975307C
S2140357F00133DCD10820D3E72868FFF7EEFEA38841
S214035800990608D50028CBD12A6892F87420920707
S214035810E9D40520C4E70028C2D1E4E7A3889907A2
S214035820C7D40320BCE7A38813F4E06F09D1980517
S2140358300FD45B05C5D52B6893F975300133C0D1FA
S214035840D8E72868FFF7C9FEA388990507D5002877
S214035850A6D12A6892F874209207EAD4D9E70028DA
S2140358609ED1E6E702209BE738B504460846EBF7E9
S21403587047F9054608B9012038BDEBF715F90028A6
S214035880F9D0AB8813F4E04F0CD1980412D413F478
S2140358908040F1D0236893F97500431C5842584161
S2140358A0C000E9E72068FFF798FEAB88990408D59F
S2140358B00028E1D1226892F874209207E7D40520E5
S2140358C0DAE70028D8D1E2E72DE9F0474FF00009E0
S2140358D083F800900446A2F80090084688461646C9
S2140358E01D46EBF70DF9074620B901232B70002060
S2140358F0BDE8F08774B1EBF7D7F80028F5D040463B
S214035900FFF7D2FD30B1012385F8009004F12000A3
S2140359103380EDE72B46324639462046BDE8F0474E
S214035920EAF7A2BE2DE9FF41074608468846164613
S2140359300393EBF7E5F8044638B903A803F0FEF93A
S2140359400125284604B0BDE8F0811FB1EBF7ACF89B
S2140359500028F2D0237A072B05D8DFE803F01726B2
S2140359602F381C17172126BB0398002835D132463B
S214035970257A022D62D0032D64D0012D3BD0002F53
S2140359807FD1002503A803F0D9F9DAE703A803F0CB
S214035990D5F90325D5E703A803F0D0F90625D0E704
S2140359A003A803F0CBF98025CBE7E3685D88B5420F
S2140359B009DA03A803F0C2F90725C2E7E3689A8861
S2140359C0B242F6D35D88039840B9024609E0022E38
S2140359D0EFDC039868B90246CAE7354603F033FAA4
S2140359E082B29319AB42C3DD03A803F0A7F90D25D2
S2140359F0A7E70225F2E7E068039906300023304460
S214035A0003F092F9002FBCD0237A032B39D103A8D5
S214035A1003F094F900212046EBF72CF868B30588C9
S214035A20617B3846FFF7B3FD01220346CDF80080BD
S214035A3029463846FEF7D7FB002582E7E068B31809
S214035A408380D9E7039B9A79D979891AC9B2481E04
S214035A50012810D8134402291A7B04BF5B7B42EA51
S214035A600322237B32EA03038CD1617B012338466E
S214035A70EAF7D0FDC6E70D2584E708F1FF35ADB29A
S214035A80CEE7039B00933A7F334641463846FEF7FC
S214035A9090FBD1E7884270B504460D46164611D8EA
S214035AA0012838BF01242046EBF72AF810B14388B3
S214035AB0B34208D00134A4B22046EBF705F808B188
S214035AC0A542F0D20024204670BD70B50C4616469B
S214035AD01D460146B8B1B3B1022C01D0102C12D129
S214035AE0E0B2EAF743FF4FF6FF718842024602D15F
S214035AF041F20A1070BD3046FFF7CCFF0028F7D0FE
S214035B0028800020F6E72120F4E707B50023ADF848
S214035B100400ADF8063001220DF10603022101A8A8
S214035B20FFF7D3FFBDF8060003B05DF804FBF8B536
S214035B30441C0F461646A4B22046EAF7E1FF10B906
S214035B40013CA0B2F8BD00F01AF90546304600F055
S214035B50F2F820B1284600F0EEF80028F0D13046DF
S214035B6000F0E2F820B1284600F0DEF80028E7D17E
S214035B700134A4B22046EAF7A7FF08B1BC42DBD93A
S214035B804FF6FF70DEE72DE9F04F87B00D460C8821
S214035B9081469A4602208B88ADF8103004A99046B9
S214035BA0EAF7E4FEAB680090A888AF89059300F097
S214035BB0BBF838B1102F05D105A8EAF7BDFE0228B9
S214035BC008BF02274FF6FF7B33E0009A2046FFF715
S214035BD061FF064680B3AA886988FFF7A8FF0446D4
S214035BE03046FFF72AFD00B30DF10F030DF1120245
S214035BF031464846FFF768FE9DF80F302BB1A8F8EC
S214035C000060184607B0BDE8F08FBDF81220BA4210
S214035C100BD1059901933A4602F093FC019B20B9F8
S214035C20A8F80060AAF80040EBE75C4504D001340E
S214035C30A4B26988A142C8D80A23E2E708B5EAF7FE
S214035C405FFFBDE8084000F09AB838B50546084639
S214035C50EAF756FF044610B94FF6FF7038BD0DB984
S214035C606088FBE7EAF720FF0028F9D1F4E770B570
S214035C70044642F60520FFF748FFB0B10021FFF7C0
S214035C802BFD054601462046FFF781FC10220646FB
S214035C90002104F1310002F07EFC324629462046FC
S214035CA00023BDE87040EAF7B5BC70BD7FB5044677
S214035CB00D4610220021684602F06DFC0026AB5705
S214035CC05A1C1BD031462046FFF761FC002B1946B1
S214035CD004AAB8BFD91C02EBA10100F00302584284
S214035CE000F0030003F0030358BF43425B0002FACD
S214035CF003F311F8102C134301F8103C0136402E21
S214035D00DDD16B4604F1310504AE1A4603CAB2422E
S214035D1028606960134605F10805F6D1204604B0ED
S214035D20BDE87040FFF743BCA0F5205001288CBFA8
S214035D3000200120704742F60303C31A5842584115
S214035D40704708B5030409D4EAF7DCFDA0F5205034
S214035D5080B201288CBF0020012008BD0020FCE78C
S214035D60020408B507D4EAF7CDFD42F60303C31AC7
S214035D705842584108BD0020FCE7C00B7047034655
S214035D804088B3F90230002B01DBEAF7BBBD0020E5
S214035D90704708B5FFF7F3FFA0F5205080B201283F
S214035DA08CBF0020012008BD13B58B7901910B44ED
S214035DB004461B7B13F001000A460AD01D2B0AD1AA
S214035DC001211E20FEF795FF01462046FEF7E9FF58
S214035DD0012002B010BD01A802F0B0FFF8E710B52D
S214035DE004468069143002F0A9FFA069BDE810409C
S214035DF0183002F0A3BF2DE9F04105460F461446BE
S214035E001E46FFF7ECFF23463A4608210020D5F846
S214035E10188003F083FAAA69C8F81400536923B1FB
S214035E20548116820020BDE8F0811A20FBE770B586
S214035E300446084603F007F8A1698A894D8986B2A5
S214035E4012B1521B96420CDA6389581E80B225B9EA
S214035E500A78082A04BF043B98B2831B5842584169
S214035E6070BD0020FCE730B504468DB054F80C0B2B
S214035E709DF8405090F870008DF8040042EA014205
S214035E80029219462A4603A8079502F09EFB01AA2A
S214035E9040F20241204602F086FE0DB030BD10B53A
S214035EA050F80C4B86B094F87040ADF80E10ADF871
S214035EB0102040F2064103AA01938DF80C40059387
S214035EC002F071FE10B901A802F038FF06B010BD4B
S214035ED037B504460D46FFF782FF204640F20941D8
S214035EE0FFF74BFAA369204600221A7050F80C3BC2
S214035EF0019593F870308DF800306A4640F20741FA
S214035F0002F051FE03B030BD13B5019100210446E3
S214035F1001F098FB042200230DEB02012046FFF755
S214035F206AFF02B010BDF0B5044685B00F461E46A4
S214035F30154652B983691B78072B30D0082B14BF3C
S214035F4015460925002E18BF0D250A9802F07BFF7B
S214035F50A3699A894AB15B8981B2D21A914204DD58
S214035F6092B2891A0AA803F010F8204601AA50F83C
S214035F700C3BADF8067093F870308DF8043040F2A1
S214035F8005410A9B8DF80850ADF80A60039302F0AA
S214035F900AFE10B90AA802F0D1FE05B0F0BD0B2523
S214035FA0D0E7B0F80AC0ACF1020C9C452DE9F041ED
S214035FB005460E4617461C4603DDBDE8F04101F0D4
S214035FC0ECBA83692246198100233946FFF713FF8B
S214035FD0044658B9AB6902460E333146284601F0EB
S214035FE0F7FA044610B12846FFF7F9FE2046BDE847
S214035FF0F0812DE9F0438FB0202A0546039117461A
S2140360001C460BD941F2041421462846FFF760FFCD
S21403601003A802F093FE0FB0BDE8F083002B46D131
S2140360200846A2F1060802F00EFF5FFA88F81FFA88
S21403603080F94FF6FF764C4510D3AB69DA88B24247
S21403604039D942F60203ADF81430711C02230093CB
S21403605089B205AB284601F049FA25E023463A46BD
S214036060039906A802F060FEAB69BDF818609A882B
S214036070B242C7D8DA88B242C4D3BDF81A10BDF804
S2140360801C20B8F1000F09D0CDF800800DF11E03D7
S21403609028463C44FFF7E7FEA4B2CCE79E8019816E
S2140360A05A81284601F03BFA04460028B0D041F254
S2140360B00A139C42A8D10024A6E72DE9F04796B020
S2140360C01C46836901921B78062B064603D0102BC9
S2140360D060D001A81CE001291046039214BF4FF0BC
S2140360E010084FF00208002C4CD102F0ACFE08F169
S2140360F0020987B24FF6FF75A7420ED8B369DA884E
S214036100AA4237D8002421463046FFF7E1FE03A80B
S21403611002F014FE16B0BDE8F08723464A460399FC
S21403612004A802F001FEB369BDF810509A88AA428B
S2140361302DD8DB88AB422AD39DF81330282BE1D029
S214036140B24642465AF80C3B0DF1120193F87030F2
S2140361508DF830300DA8ADF83250CDF844804C445D
S21403616002F033FA0CAA40F20441504602F01BFD3B
S214036170A4B2C1E7691C89B2304601F087F9044628
S2140361800028C4D041F20A139C42BBD0BBE741F2BD
S2140361900414B8E701291046049214BF12270427F3
S2140361A084BB02F050FE42F6021885B24FF6FF712A
S2140361B0A5420DD8B369DB888B4221D901314FF64E
S2140361C0FF7289B2304601F061F90446A0B119E0C6
S2140361D0049923463A460CA802F0A6FDBDF83220E1
S2140361E0BDF830109DF83330424507D1B26902231B
S2140361F00A323046FFF7D5FE04A889E7282B06D1D6
S21403620041F20A1421463046FFF762FEF4E73C44A7
S214036210A4B2CDE7F0B587B0836903911B78022B50
S2140362200546144653D108460491002A47D102F086
S2140362300AFE4FF6FF7687B2A7420DD8A869C28832
S214036240B2422BD8002421462846FFF741FE04A875
S21403625002F074FD07B0F0BD04990422234605A896
S21403626002F062FDAA69BDF814109088BDF81660A6
S214036270814229D3D388994226D8864224D39E4284
S21403628022D85069927A837900920C3303443246BB
S21403629028460434FFF7E7FDA4B2CDE743694089F7
S2140362A0019098790C300344711C009389B24FF423
S2140362B02053284601F0FEF804460028C7D041F2D2
S2140362C00A139C42BFD1BDE741F20414BBE703A8FF
S2140362D0BEE7F0B587B00546039117461C4653B98B
S2140362E0FFF7A5FD38B1039901232246284600F09F
S2140362F084F807B0F0BDA9690B78082B05D8062BE0
S21403630044D8032B0FD003A83DE00E2BFBD1039BF1
S2140363100593002C6DD1002B6BD0098922462846A5
S214036320FFF7BDFD59E00398059018B3ECB98379E0
S2140363304A8909890C331026034400962846FFF73A
S21403634092FDAB699988DA88914217D242F6020326
S214036350ADF8103001310223009389B20DEB06032A
S214036360284601F0C3F8044660B141F20A139C4282
S21403637004D101E0002CF8D141F21F04214628463F
S214036380FFF7A6FD05A802F0D9FCB2E7039805902F
S2140363907CBB70B302F057FD0FB386B2B7421ED272
S2140363A0394605A802F02CFF38B905A802F0C6FC4A
S2140363B01A212846FFF78CFD9BE78379C218023320
S2140363C091898371AB69F61B5B890090002228468E
S2140363D0B6B2FFF7A8FDB742E2D92146E9E7AA69B4
S2140363E053891189059A009228460022FFF79BFDE0
S2140363F0F3E705A802F0A2FCEFE7F0B585B0064682
S21403640003911F46144632BB084602F01CFD0546A0
S21403641008B3B1690B784A89082B0BD8062B0BD91E
S214036420039B09890093304613462246FFF77BFDFC
S214036430039401E00E2B19D0B1694B89EA1892B286
S214036440B2F5007F4A8117D82FB10989304601F08B
S21403645077F8044628B10022234611463046FFF754
S21403646038FF03A802F06AFC05B0F0BD039B098958
S2140364703046FFF714FDDBE741F20414EBE773B590
S214036480836901911B78082B044615460ED8062B04
S2140364900ED9019E20463146FFF7C9FC2A4603461D
S2140364A031462046FFF7A9FF02B070BD0E2BF0D091
S2140364B001A802F043FCF7E730B587B08369039180
S2140364C01B78092B0546144611D105915AB900913C
S2140364D0134621460F22FFF726FD21462846FFF7DF
S2140364E0F7FC07B030BD05A802F028FCF5E703A8C3
S2140364F002F024FCF5E72DE9F04F9FB0876903917E
S2140365003F78052F054616461C4604D8032F16D893
S21403651010D003A867E0082FFBD108461391002B81
S21403652000F0C28013A802F009FC21462846FFF7B4
S214036530CFFC01E0FFF75DFD1FB0BDE8F08F202A1A
S2140365400846049148D8002B40F0A880571F02F055
S2140365507AFCFFB21FFA80FA4FF6FF780DF11C0B98
S214036560A24506D8AB69DA88424500F28780002444
S21403657034E02346324604990BA802F0D5FBAB69F8
S214036580BDF82C809A88424526D8DA88424523D31C
S2140365905969F1B9A946BDF82F2059F80C1B9DF887
S2140365A02E3091F870108DF84C10ADF84E200DF18A
S2140365B031013A4615A88DF85030199702F005F8C0
S2140365C013AA40F20341484602F0EDFA3444A4B25B
S2140365D0C6E75A89102A09D941F2041421462846E7
S2140365E0FFF776FC04A802F0A9FBA5E700235846AC
S2140365F002F09AFBAB690DF13101102FCDE9051BB3
S21403660093F80A902BD1B9F1020F34D105A8EAF713
S21403661093F90228DAD14A46DDE9051001F091FF25
S2140366200028D3D12B46BDF82F1053F80C0B9DF83A
S2140366302E2090F870008DF84C00ADF84E108DF8B3
S214036640502059464A4615A80293CDF8649001F0A7
S214036650BCFF029B13AA40F203411846B4E7022F7D
S21403666009D1B9F1100F06D106A8EAF765F9022891
S214036670ACD13A46D0E73A465846CFE742F603034C
S214036680ADF84C3008F101010223009389B213AB35
S214036690284600F02BFF04460028A3D041F20A1335
S2140366A09C423FF464AF99E759B90021AA690023D5
S2140366B0938153811181139932462846FFF709FEC9
S2140366C03AE702F0C0FB16B180B28642EDD1139AC8
S2140366D09379D118023389899371E7E72DE9F0435B
S2140366E08FB01C46836903911B78012B054617461A
S2140366F05BD10846059102F0A6FB202F0BD941F289
S214036700041421462846FFF7E3FB05A802F016FB10
S2140367100FB0BDE8F083002C42D1059802F093FB3E
S214036720A7F104081FFA88F81FFA80F94FF6FF76D8
S2140367305FFA88F8A14505D8AB69DA88B24220D853
S2140367400024DEE7059923463A4606A802F0ECFA4B
S214036750AB69BDF818109A88BDF81A609142CED37B
S214036760DB889942CBD89642C9D39E42C7D8CDF888
S214036770008007AB324628463C44FFF774FBA4B2BE
S214036780D8E74FF42053ADF81030711C0223009362
S21403679089B204AB284600F0E7FE04460028B4D0CE
S2140367A041F20A139C42CBD0ABE703A8AEE783695A
S2140367B01B780A2B02D00F3B012B01D8FFF788BBAF
S2140367C07047F0B585B01746019383690A9E1A7819
S2140367D00A3A0446072A42D8DFE802F00441304169
S2140367E0410441290198039002F02DFB85B203A8CA
S2140367F002F0A4FA26B131462046FFF785FB0FE0E8
S214036800A1697A194B8992B293420BD90A8201F194
S2140368100E032046098900F0DBFE01460028EBD173
S21403682005B0F0BD0121204600F00CFFF5E72EB9B8
S2140368301A8A0198BA420BD04FF48166019B0393E0
S21403684003A802F07BFA31462046FFF741FBE7E751
S214036850DA89596902F002FB0028EDD1EEE701A8B8
S21403686002F06CFADCE738B5826913780D2B044620
S2140368700D4612D00F2B01D00A2B12D1536933B118
S21403688099790B4402F11400DD6802F057FA2946A1
S2140368902046BDE83840FFF78ABFBDE83840FFF71B
S2140368A017BB38BD07B5002300921B22FFF73BFB3F
S2140368B003B05DF804FB07B5836959800092002393
S2140368C01D22FFF730FB03B05DF804FB4B88052B56
S2140368D005D108880E288CBF0020012070470020B1
S2140368E07047F8B505460F46164604210A220020CF
S2140368F002F0AAFC0246B8B184790C3403190521C8
S21403690000204FF0060CD870997002F804C01324C8
S2140369101C715F7102245870D8719C711E812846C1
S214036920BDE8F840E7F76EBCF8BD73B505461046FC
S21403693001920C4602F087FA042186B2019802F00F
S214036940C6FB024628B901A802F0F8F91A2002B0DD
S21403695070BD837901900C33C1184C80C652214612
S2140369602846E7F74FFC0020F1E72DE9F0410646FD
S2140369708846174604210A22002002F065FC0246D8
S214036980B8B185790C354319002405210620997082
S214036990DC70505501201871022098715C703046E7
S2140369A083F80580DC711F81E7F72CFC2046BDE8E1
S2140369B0F0811A20FBE7002070470020704707B5D8
S2140369C001A8019202F0BAF903B05DF804FB704720
S2140369D0002070470F2070470F207047704710B590
S2140369E088B0E8F7FFFC044600284AD090F8720007
S2140369F0022848D1A36813F4407F2AD094F8732062
S214036A00012A32D194F97500421C01D1D9052CD53F
S214036A1094F8743013F0010327D1CDE90133CDE99F
S214036A200433CDE90633ADF80C30FDF7C7F9A36898
S214036A3088B9DA0519D5A06AE16A228E01AB03C3C9
S214036A401A80BDF8042004AB0DF106012046EAF7D0
S214036A5065F908B010BDDB05EDD494F9750001ABFC
S214036A600A220221FDF792F9EBE7002345F217020B
S214036A701946204600F0B4F9B0FA80F04009400009
S214036A80E7E72120E5E70220E3E738B545F21B02F6
S214036A900C460B460021054600F0A2F930B92CB18E
S214036AA021462846BDE83840EAF7AEBC38BD00F0BC
S214036AB0FEB900F0C7BC00F0D0BC10B504464C309D
S214036AC0FDF75DF984F875002046BDE8104000F038
S214036AD094BC10B50446FDF729F902280DD194F8A5
S214036AE0733094F97000012B14BF0521032184F839
S214036AF03210BDE8104000F0C8BCA36843F400732E
S214036B00A36010BD00F08EB938B503783E2B04465B
S214036B100D4604D18378052B02D0ED2B0FD038BD5C
S214036B20B0F80300E8F750FC20B1B4F80D10621D6E
S214036B3000F018FA2846BDE8384002F0FFB8B0F86F
S214036B400300E8F741FC0028F4D0B4F80D1004F174
S214036B500F03621D00F009FAECE72DE9F04188B057
S214036B606B4614460D46024600F1100C1E4610688E
S214036B7051681F4603C7083262453B46F7D11021CA
S214036B80304602F0E0FB04AB224604F110079846B9
S214036B90106851681C4603C40832BA422346F7D12C
S214036BA01021404602F0CFFB1020F7F781F8074686
S214036BB0F9F78FF9802241463846F9F794F90446E7
S214036BC010BB2B46324601213846F9F7F8F904463E
S214036BD0D0B91021284602F0B6FB1021304602F049
S214036BE0C0FB3846F9F779F94046102102F0B9FBA5
S214036BF03046102102F0B5FB39461020F7F77AF835
S214036C00204608B0BDE8F081214640F20740EAF787
S214036C1019FCE2E708B51046F7F7E0FA003818BFA4
S214036C20012008BD10B545F21A01044601F058FFCD
S214036C30204647F23053BDE81040002245F21A01C1
S214036C40F6F710BFF7B504460D4616461F46022054
S214036C50D7F7BEF82146CDE900672B468022D9F741
S214036C60A7FC044620B1014640F20740EAF7EAFBD8
S214036C70204603B0F0BD10B50A460446082100209E
S214036C8002F0E2FA10B1837903441C7310BD38B5E1
S214036C9005460C460D201121FFF7EDFF024688B18D
S214036CA08379034421460D3304F1100051F8044B55
S214036CB043F8044B8142F9D128460621BDE8384003
S214036CC0FFF733BE38BD38B505460C460420112100
S214036CD0FFF7D1FF024688B18379034421460D337B
S214036CE004F1100051F8044B43F8044B8142F9D1E8
S214036CF028460621BDE83840FFF717BE38BD38B52D
S214036D0005460C4603201121FFF7B5FF024688B15E
S214036D108379034421460D3304F1100051F8044BE4
S214036D2043F8044B8142F9D128460621BDE8384092
S214036D30FFF7FBBD38BD37B50022054608211046D0
S214036D4002F082FA0446C0B10C2301220DF10701BA
S214036D508DF8073002F0B5FA296C2022543120460C
S214036D6002F0AFFA296C20227431204602F0A9FA09
S214036D70224606212846FFF7D8FD03B030BD08B5E6
S214036D80D0B2E8F72FFB28B190F8773003F07F03F3
S214036D9080F87730012008BD70B50546EAF796FC03
S214036DA00C4606460A46284645F20101B0472B6CB8
S214036DB003B11C603246284623464FF4A041BDE883
S214036DC07040184770B51546044638B1EAF77EFC9E
S214036DD02A4603462046BDE870401847022070BD89
S214036DE0114608B51A4621F00041FFF7EBFFB0FA4B
S214036DF080F0400908BD08B50B4601461846F7F76C
S214036E00EDF9003818BF012008BD10B50446006828
S214036E1038B11A2102F0A5FA2068F7F75BF90023C8
S214036E20236010BD10B50446EAF796FB04F1340060
S214036E30FFF7EBFFA3685A0606D523F04003A360CB
S214036E4000212046E7F7ACF9206C38B1042102F0A4
S214036E5088FA206CF7F73EF90023236410BDFF2859
S214036E6038B50C4615460BD00B461022062140B209
S214036E70FCF78CFF102815D1002005B1286038BD1B
S214036E800A4637201021E5F797FF0028F4D0102193
S214036E902046FFF7B0FF38B9224610213720E5F722
S214036EA06DFFEAE72120E8E740F20740E5E730B563
S214036EB08DB00D46002208A9FFF7D1FF044648BB54
S214036EC001460D220DF1030001F065FBB5F8032022
S214036ED06B79ADF8002004A908AA68468DF802303D
S214036EE0FFF73BFE40F20343BDF810202A8000283C
S214036EF018BF1C469DF81230AB701021684602F08E
S214036F0030FA10210DEB010002F02BFA102108A82D
S214036F1002F027FA20460DB030BD38B50446C51C2E
S214036F2003212846FFF767FFC8B9E27863797AB981
S214036F3022791A43F4D003F07F0343F040036371CE
S214036F405323A3712146FF20BDE83840FFF7AFBFA8
S214036F50FF2AF0D122791A40FF2AE1D0EBE740F26C
S214036F60074038BD0021E7F71BB9F8B51D4683680F
S214036F705B0604460F4616462DD41A2002F02DFA59
S214036F800146606320B92046BDE8F840E7F708B934
S214036F90034605F1100123F8027B3268C0F802208D
S214036FA072685A60636B2A460A3352F8040B43F836
S214036FB0040B8A42F9D11021284602F0D2F9A368BD
S214036FC043F0400213F4407FA26004D02046BDE89D
S214036FD0F840EAF71DBCF8BD2DE9F0419CB0154614
S214036FE0239F08AA1C4606460B4601F1200E904630
S214036FF0186859689446ACE803000833734562463C
S214037000F6D12021404602F09EF910AB2A4605F140
S214037010200E9C46106851681D4603C5083272450B
S2140370202B46F7D16046202102F08DF9229B18AA41
S21403703003F1100E944618685968154603C50833BD
S21403704073452A46F7D16046102102F07CF904AA5C
S214037050234604F1100C154618685968144603C4F1
S214037060083363452246F7D11021284602F06BF910
S2140370706B46502241462846FFF7E4FD102104469E
S214037080284602F06EF95021404602F06AF934B100
S21403709008213046EAF780FC1CB0BDE8F081039B6C
S2140370A03B603846042102F04EF96846102102F090
S2140370B058F9224645F214013046FFF783FEEBE704
S2140370C02DE9F04796B0DDE922971D46DDF890805E
S2140370D005AB06460C4602F1100A9E461068516838
S2140370E09C46ACE80300083252456346F6D1704628
S2140370F0102102F028F909AA2B4605F1100E944632
S21403710018685968154603C5083373452A46F7D1E8
S2140371106046102102F017F91E9B0DAA03F1100E0C
S214037120944618685968154603C5083373452A46B6
S214037130F7D16046102102F006F99DF87C308DF8F1
S21403714044309DF880308DF845309DF884308DF8B6
S214037150463099F80630D9F80000129083F00803F9
S214037160C3F3C0038DF847300621B9F80430ADF8F1
S2140371704C3012A802F0E7F8BB7983F00803C3F398
S214037180C0038DF84E303B68CDF84F300621BB88E0
S214037190ADF853300DF14F0002F0D5F801AA23469F
S2140371A004F11007154618685968144603C40833D3
S2140371B0BB422246F7D11021284602F0C4F84346C4
S2140371C0412205A92846FFF73DFD1021044628461F
S2140371D002F0C7F8412105A802F0C3F834B108212C
S2140371E03046EAF7D9FB16B0BDE8F08740461021D3
S2140371F002F0A9F8224645F213013046FFF7E2FDF6
S214037200F1E72DE9F0411D46069B90F8738004468E
S2140372100F46164653B110211046FFF7ECFD28B172
S21403722020460821BDE8F041EAF7B6BB236C013ED1
S214037230DA1C681E133312F8011F16F801CF9A42A0
S21403724081EA0C0100F8011FF5D13A462946284683
S214037250FFF783FC0028E3D1B8F1020F0CBF00232D
S21403726006232B4404F1590204F15F0012F8016F60
S2140372701978904281EA060103F8011BF6D1B8F1AA
S214037280020F14BF002306232B4404F1520204F119
S214037290580012F8016F1978904281EA060103F844
S2140372A0011BF6D13A4629462846FFF756FC024606
S2140372B00028B5D1204645F21001BDE8F041FFF79E
S2140372C081BD2DE9F04196B015461D9F05AA1C46C3
S2140372D006460B4601F1200E9046186859689446F8
S2140372E0ACE80300083373456246F6D120214046D6
S2140372F002F029F80DAB2A4605F1200E9C461068CD
S21403730051681D4603C5083272452B46F7D1202126
S214037310604602F018F8AEB3336C93F87931013B4C
S214037320022B2FD89DF8703043F0800301AA8DF806
S214037330543004F1100C2346154618685968144651
S21403734003C4083363452246F7D11021284601F0CB
S214037350FAFF3B46412241462846FFF773FC1021BD
S2140373600446284601F0FDFF4121404601F0F9FF9F
S21403737054B11EB108213046EAF70EFB204616B07C
S214037380BDE8F0810023D1E71021384601F0DBFF8A
S214037390002EF3D0224645F211013046FFF712FDC8
S2140373A0ECE7ECF7C3B8B1F5A04F70B504460D464D
S2140373B016460AD045F20603994216D032462946A7
S2140373C02046BDE87040EBF719B9836843F08003A5
S2140373D0836090F87330012B03D1BDE87040EAF761
S2140373E02BBFBDE87040EBF75BB993791344597C28
S2140373F041F49051EAF708F8E0E710B50023036478
S214037400044690F97500431C13D0E5F7C3FF082222
S21403741004F1100394F975001146FCF7B7FC94F9D0
S2140374201330012B07D194F8743043F0020384F829
S2140374307430002010BD022BFBD194F8743043F057
S2140374400A03F4E74B88062B05D1088841288CBF2E
S2140374500020012070470020704707B58B79019103
S2140374600B440A46197C4B1E0D2B04D801F5A0418C
S2140374700131FFF7A7FC01A801F060FC03B05DF83B
S21403748004FB7047002070477047704770B504468A
S2140374900E461546052100220420FDF72AFC014668
S2140374A018B1A0F80160A0F803502046BDE870406C
S2140374B0FDF777BCF7B51D46002300930446BDF8D9
S2140374C024300F4616460721089A0620FDF735FC9A
S2140374D0014628B1A0F80170A0F80360A0F8055093
S2140374E0204603B0BDE8F040FDF75BBC73B5154618
S2140374F01A460023009304469DF818300E460820CB
S2140375000521FDF71AFC014618B1A0F80160A0F8A2
S2140375100350204602B0BDE87040FDF742BC38B5C4
S214037520002204460D460A200321FDF7E2FB01462E
S21403753008B1A0F801502046BDE83840FDF731BC3D
S21403754070B504460E461546052100220C20FDF7AD
S214037550D0FB014618B1A0F80160A0F803502046FE
S214037560BDE87040FDF71DBC73B515461A460023EB
S214037570009304469DF818300E4610200521FDF7AB
S214037580DCFB014618B1A0F80160A0F803502046C2
S21403759002B0BDE87040FDF704BC73B54489033CF4
S2140375A0A4B2A3420E464FF00001009105464FF0E9
S2140375B0030128BF23461220FDF7BFFB014608B18F
S2140375C0A0F80160284602B0BDE87040FDF7E9BBAD
S2140375D02DE9F34198468369054658690F461646D2
S2140375E001F031FC6C89053CA4B280B2844228BF0A
S2140375F00446A8692146143001F002FE009048B103
S21403760005220821002001F01FFE019030B96846CC
S21403761001F094FB1A2002B0BDE8F081009901A89E
S21403762001F073FC019A93790C33D1181620D054C9
S214037630A8F800402846A1F80170A1F80360FDF7FA
S214037640B0FBE8E738B5002204460D4618200221B1
S214037650FDF74FFB014600B145702046BDE83840B4
S214037660FDF79FBB70B5857904460C35461901F0C6
S214037670EAFB625D431E013A9BB21C2A10D8DFE880
S21403768002F0110F160F180F290F2F0F400F400F80
S214037690400F330F250F0F0F390F250F3E0F3E00F8
S2140376A0002070BD042B14BF01200320F9E7022B32
S2140376B0F9E743B37278022A0AD0012A23D10222B9
S2140376C0013B0232B3FBF2F102FB1133002BEAE774
S2140376D01022F5E713F0030F14BF01200320E0E7A1
S2140376E08BB17278013BEDE76BB17278032A0AD946
S2140376F0013BE7E7042B34BF01200320D1E7022B2D
S214037700F9E70320CDE70120CBE702464FF0FF3031
S214037710EDF7DCBF07B5042201910DEB0201F9F783
S2140377202FF803B05DF804FB38B50446251DDAF7D9
S214037730E1FD00212846FFF7EDFF012104F10800D3
S214037740FFF7E8FF08212846FFF7DFFF014620463C
S214037750FFF7E0FF002038BDC0F30A030833B3F594
S214037760006F06D280884FF6FF73C31A58425841FB
S214037770704701207047F8B50D4617461E46EDF7CD
S2140377804BFD044638B905B12870002340F21C406F
S2140377903B703460F8BD15B1C3881B0A2B70A37900
S2140377A000200834F4E708B5084680B24FF6FF71A8
S2140377B0EDF766FD002008BD0220704700207047E5
S2140377C0012070470020704700207047704737B588
S2140377D0044601A80D46F3F729FB01A8FFF7F6FFB9
S2140377E001A920468DF80650EEF70AF803B030BD1F
S2140377F008461146EEF7E8B87047431E012B03D937
S214037800031F58425841704701207047EFF722B9CB
S2140378104FF4A472002100F0BEBE013001D1F0F790
S2140378202BB90120704710B50021044600F083F8F9
S2140378302046BDE81040F3F73BBAF2F787BEF2F7EF
S2140378408BBEF8B505460E46EEF780F8D5F88C30B5
S2140378507BB15B696BB1F0F7C9F9D5F88C305B691E
S2140378601B1A584240F26B124FF042015841EEF792
S21403787063FAF76800224FF6FF734FF0240CD0B27A
S214037880B84208D31C4621462846EEF7EFF9EFF731
S2140378902FF92046F8BDB1680CFB0011CC899C4239
S2140378A002D2002CEFD023460132E8E7EEF7DEB92A
S2140378B0008B70470A7838B505461046FFF79DFFDC
S2140378C060B14C782046FFF798FF38B12243530740
S2140378D004D42846BDE83840F2F75EBE012038BD22
S2140378E0FFF7E8BF10B504460878FFF786FF58B1E0
S2140378F04A781046FFF781FF30B1042A04D02046A9
S214037900BDE81040F2F780BE012010BDFFF7EABFC6
S214037910F2F7A4BBF2F71CBD70B504460D46164637
S214037920EEF7A4F930B9324629462046BDE8704042
S214037930F1F72ABB70BDF3F773BC70B516460C4659
S214037940F8F71EFD314605462046F0F71BFF0446B2
S2140379502846F8F719FD204670BD38B504460D468F
S214037960F3F70AFBEFF780F8D4F8A0302BB92946D3
S2140379702046BDE8384000F09FBB022038BD38B52E
S214037980044648880D46EFF76FF8D4F8A0302BB9B5
S21403799029462046BDE83840F2F76CBE022038BDC3
S2140379A0EFF770B800F0BCBBEFF738BC38B5054648
S2140379B00C46F8F7E5FC2B6B1C40EB6A2343EB62A3
S2140379C0F8F7E2FC211E18BF01210020490238BD4A
S2140379D0F3F73CB9F2F74CBC00F0D9BB00F0F8BBA8
S2140379E008461146EEF75ABFF2F764BF00F0ACBB89
S2140379F038B50446154609B100F008FC25B1204603
S214037A00BDE83840F3F750B838BD0846EFF784BFF3
S214037A1010B5044600F08BF820B92046BDE81040A8
S214037A20EEF768BA10BD00F0CAB9EFF7CDBE2DE980
S214037A30FF41984604460E461746F8F7A8FC054647
S214037A402046FFF7E5FF0A9B02930023CDE9008358
S214037A503A4631462046EEF79BFA04462846F8F7A0
S214037A609CFC204604B0BDE8F08138B50446F8F720
S214037A708EFC05462046FFF7CBFF2046EEF766FA58
S214037A8004462846F8F789FCB4FA84F0400938BD62
S214037A9038B50446F8F77BFC05462046FFF7B8FFE3
S214037AA0204600F053F804462846F8F776FC2046AE
S214037AB038BD38B50446F8F76AFC05462046FFF796
S214037AC0A7FF204600F048F804462846F8F765FC6A
S214037AD0204638BD70B504460E46F8F758FC0546F2
S214037AE02046FFF795FF31462046EEF79FFA0446F9
S214037AF02846F8F752FC204670BD07B513468DF8A6
S214037B000710002219460DF1070000F0D9F803B05C
S214037B105DF804FB084611461A4600F0D1B801206A
S214037B2070470120704700F02DBC00207047EEF729
S214037B3019B910B5F8F72BFC044600F015F8EEF764
S214037B4037F92046BDE81040F8F727BC08B50246CB
S214037B50EEF708F9507D08BD08B50246EEF702F9C0
S214037B60507D80F0010008BD00F029B9F2F776BC1D
S214037B7000F082BA437C03B108470220704710B571
S214037B80044600F0C6FB20460321BDE81040F2F78A
S214037B90BFBAFFF7F4BF437C0BB1F3F75FBC022019
S214037BA07047437C0BB100F0B2BB0220704738B578
S214037BB0447C0D46BCB1053C012C8CBF002401243B
S214037BC04968224600F0AEFB286890FAA0F0000A47
S214037BD0F0F74CF9A97A2889224681F00101F3F7D8
S214037BE061FC002038BD0220FCE71FB5CDE900127A
S214037BF0ADF8083069469DF818308DF80A30FFF75F
S214037C00D6FF05B05DF804FB0020704700207047E0
S214037C102DE9F74F1C469DF830300193036803F0B7
S214037C200703063301259D400646174605F1FF3830
S214037C300B46A1B1416804EA080BA5EB0B0A41F019
S214037C400059524509EB0B0114D95246184600F069
S214037C50BCFC7A1B5A444946504400F0B6FC019BD0
S214037C602BB13C4448EA050804EA0804F46003B070
S214037C70BDE8F08F1846F0E737B5002500951446A3
S214037C80FFF7C6FF204603B030BD026802F00702C6
S214037C90063201239340026AC2F30C028A4210B5ED
S214037CA084BF4468C26803F1FF3388BF89189BB258
S214037CB085BF44F0005019404FF0FF30405C10BDC4
S214037CC070B50E461546044608B9002070BD007808
S214037CD0EEF720FF58B11EB12078EEF7C5FF3070DF
S214037CE01DB1207800F032F828700120EEE72378E3
S214037CF00E2BEAD10EB1FF233370002DF5D0FF23F0
S214037D002B70F2E738B50D6804462846EEF77EFE7C
S214037D10D4F8903043B15B6933B1013504BF6FF0DB
S214037D2001020A600A681A60002038BD38B50D469D
S214037D300446EFF75BFFAC4042F2107364095C4302
S214037D406423B0FBF3F0B4FBF0F038BD022807D091
S214037D50062807D0003818BF01204042C0B270473B
S214037D60012070470020704730B51F23B0FBF3F3A4
S214037D705D1CEDB24FF0FF34C3EB4313AC40C01AA7
S214037D80E4430130E4B2C0B21460086030BD70B59D
S214037D9005460E46C0B201F00F01FFF7C7FFC6F354
S214037DA003110446C5F30720FFF7C0FFC6F30321FC
S214037DB00444C5F30740FFF7B9FF204470BD08B578
S214037DC0EFF790FCBDE80840EFF7CABC10B50446D1
S214037DD0EFF788FC844288BF01F1FF31204601F0AB
S214037DE00301BDE81040EFF7BBBC38B50446FFF708
S214037DF0E6FF0546FFF7E3FF431BA342FAD338BD6E
S214037E000020704700F03003202B10B513D110F478
S214037E10E02FC0F302440AD010F4C01FC0F3C423FB
S214037E20B3FBF4F418BF6400052C0ED86408EFF710
S214037E3091FF604310BDC0F382136FF012041C4120
S214037E4004F00104C4F10204F1E70424EFE700EBB5
S214037E508023C0EB831353FA81F303EB8322C3EB34
S214037E608213C1F30722134403EB8322C3EB82136B
S214037E70C1F30742134403EB8322C3EB821303EBE2
S214037E801160704738B50D46144604B938BD55F829
S214037E90041BFFF7DCFF013CF7E72DE9F0470C4630
S214037EA069B1CB1CB3F5002F09D24FF0000841F699
S214037EB0F87654F828104B1C4FEA880901D1BDE820
S214037EC0F087FFF7C4FFC1F30263012B08F1010734
S214037ED0C1F30745844614D18BB2F31AB5EB930F5F
S214037EE04FEA930A0DD909F1040152462144FFF7DC
S214037EF0C9FF08F10208013D844608EB0A07A5EB13
S214037F000A052A4604EB87016046FFF7BBFF07EB2B
S214037F100508CEE7F8B50446002850D000F11F0345
S214037F20B3F5002F05464AD2EFF7ECFF217FA28B6D
S214037F3000EB8023C0EB83130B4403EB8321C3EBDB
S214037F40811303EB122304F1180618462968FFF77A
S214037F507EFF2A7803469AB9696861B1CA1CB2F5EE
S214037F60002F08D26A7852000132FFF78BFF0346D0
S214037F700835B542E9D1A069C31A58425841F8BD3D
S214037F80012AF8D168680028F5D0421CB2F5002F04
S214037F90F1D2E978AA78891A01310029E8D030F8B5
S214037FA0027B03EB8322C3EB821353FA87F303EBC1
S214037FB08322C3EB821303EB17230139EDE700207B
S214037FC0DDE710B5044651B10B6843B15B6833B1C6
S214037FD01A68032A03D99C6A640E204610BDF8F774
S214037FE0CFF901462046F0F7FFF804460846F8F7AF
S214037FF0CBF9F2E738B14FF47A735843A0F6AC5096
S214038000401AF0F737BA4CF25030FAE7F1F7A8BA4D
S214038010F1F7A6BAF1F7A4BAF1F7A2BAF1F7A0BA44
S2140380207047436B03F06003402B0DD0602B03D0E7
S214038030203B58425841704749B10B68012B06D97B
S214038040486940F00100704740F201107047002075
S2140380507047034670B10268022A0BD9426A12F4CB
S2140380607F4FC2F3072006D01B6AD2B25A43B2FB35
S214038070F0F07047002070470220EFF71DBBD0F8E2
S21403808094304BB11A68022A06D993F8250028B112
S2140380901B6AB3FBF0F07047FFF7CFBB704708B51A
S2140380A00146D0F89400FFF7D4FF20B9BDE8084096
S2140380B00846FFF7C4BB08BD10B590F8D0300E2BAA
S2140380C004462BD00175D0F8900020B3D4F8A03026
S2140380D04BB994F8D9308B420BD320460022BDE827
S2140380E01040F2F721BBB4F92420B0F912309A42BB
S2140380F0F3DD94F8D91000222046F2F715FB60B999
S214038100C4F890002046FFF7D3FB01462046BDE89F
S2140381101040EDF7ABBDFF23637510BD0220FCE7EF
S2140381200346D0F8D0000860B3F8D4308B80002024
S214038130704790F8D0300E2B14BF407DFF20704759
S2140381404FF48071F1F76ABE70B50D460646F2F736
S21403815009FA0446707C0538012821468CBF0020A6
S2140381600120F0F7D5FA02460220A87174B1B2F5E1
S214038170803F0BD863094FF2244101FB02302B6882
S2140381802409B0FBF4F01B1A2B60002070BD3F2BB4
S214038190084610B5114619D9B3FA83F3C3F1190289
S2140381A0D2B2062A01D8192B0ED0062A28BF0622D9
S2140381B0931DDBB201249C40A4B2A14228BF2146F2
S2140381C0EEF784F9204610BD0022F1E70024F9E714
S2140381D013883F2B10B5084616D9B3FA83F3C3F1B9
S2140381E01901C9B2062901D8192B0BD0062928BFB5
S2140381F006218C1DE4B20123A3401380EEF784F915
S214038200002010BD0021F4E70120FAE7F1F710BEC5
S21403821010B5084614460121EFF7F6FC2046012167
S214038220BDE81040EFF7F0BCF8B504460E46174617
S214038230F8F7A6F83A4605463146204600F0ACF86D
S21403824004462846F8F7A0F82046F8BD02207047F3
S21403825003207047EFF728BA10B5F2F79DFE0446E1
S21403826008B9F0F783FE204610BD38B504461D4610
S214038270F2F792FE28B929462046BDE83840F0F7C3
S21403828045BF38BD38B50446817515464AB100F07A
S2140382907EF808B9002016E0237C43F0800323749D
S2140382A0F8E70846EEF7C0FFFF28A07508D020467B
S2140382B000F06DF80028EDD0237C65F3C713EEE7D6
S2140382C0EFF708F8012038BD70478021F1F7A6BD07
S2140382D038B50546F1F736FF04462846F1F710FF92
S2140382E0072811D1D5F89030DB6924F47F4121F0BB
S2140382F0080103B15B7841EA032141F020012846D7
S214038300BDE83840F1F724BF24F02001F7E7032047
S214038310704710B50446F3F78BF82046BDE81040C7
S214038320F3F742B8D0F8E0308B4270B504460D46FA
S214038330164603D190F8DC30202B1AD0EA071FD557
S214038340002E14BFAA23552393FAA3F31B0B03F49F
S214038350702395FAA5F243EA12432364202384F894
S214038360DC300023C4F8E050C4F8E4302046F2F7CB
S21403837083FA324629462046BDE87040F2F7DCBF52
S214038380AA23E1E70120704700200021704740211F
S214038390F1F744BD00207047F7B505460F4668461B
S2140383A01146F3F7C9F8064698B197B1DDE90031EF
S2140383B01B0A43EA0163A5FB0343090A05FB0135D0
S2140383C0EFF714FC0023024629462046F4F708F983
S2140383D03860304603B0F0BD00228A4202D14FF027
S2140383E0FF30704750F8223093FAA3F30BB90132EB
S2140383F0F3E7B3FA83F000EB4210704770B5A1FBC6
S21403840002543CB92946F4F7AFFA064628B90026C3
S214038410304670BD0C220260F9E72A46214600F07A
S214038420BAF8F5E72DE9F041804615460C4621B922
S214038430BDE8F0411146F4F797BA2AB9F4F714FDEC
S21403844000242046BDE8F08100F0D5F885420646B4
S21403845002D8B5EB500FF4D829464046F4F784FA11
S21403846007460028ECD0B5422A46214628BF3246A6
S21403847000F0ABF821464046F4F7F6FC3C46E0E74E
S2140384802DE9F8430746884614460026D4E90195A5
S214038490B9F1010905D52468002CF7D13046BDE8AB
S2140384A0F883AB89012B07D9B5F90E30013303D016
S2140384B029463846C04706436835E9E710B50C46F3
S2140384C0B1F90E10F4F778FC0028ABBF636DA389EF
S2140384D01B1823F48053ACBF6365A38110BD2DE93D
S2140384E0F0411F468B89DB0505460C46164605D527
S2140384F0B1F90E1002230022F4F74CFCA389B4F959
S2140385000E1023F48053A38132463B462846BDE82B
S214038510F041F4F773BC10B50C46B1F90E10F4F73E
S21403852039FC431CA38915BF606523F4805343F4C9
S2140385308053A38118BFA38110BDB1F90E10F4F7C1
S21403854019BC10B501390244904201D1002005E060
S214038550037811F8014FA34201D0181B10BD013058
S214038560F2E7884210B501EB020402D9844223469F
S21403857007D8431EA14208D011F8012B03F8012F98
S214038580F8E7024401468A4200D110BD13F8014DB4
S21403859002F8014DF7E702440346934200D17047C1
S2140385A003F8011BF9E710B50246147813460132A7
S2140385B0002CFAD1013B11F8012B03F8012F002AF6
S2140385C0F9D110BD7047704770470A44914200F1D5
S2140385D0FF3300D1704710B511F8014B03F8014F74
S2140385E09142F9D110BD034613F8012B002AFBD1A3
S2140385F0181A0138704751F8043C181F002BBCBFEB
S2140386000B58C01870472DE9F0478E681F46BE42C8
S2140386100B6882460C4690462DD8B1F90C2012F40E
S214038620906F26D06569096905EB4505A3EB01093B
S21403863005EBD5757B1C4B446D109D4238BF1D461C
S214038640530527D52946F4F78FF9064660B3216903
S2140386504A46FFF7BAFFA38923F4906343F08003E7
S214038660A381266165614E44A5EB09052660A560D6
S2140386703E46BE4200D93E46206832464146FFF794
S21403868070FFA3689B1BA36023683344236000200A
S214038690BDE8F0872A46FFF7C5FE06460028E0D168
S2140386A021695046F4F7E0FB0C23CAF80030A3898F
S2140386B043F04003A3814FF0FF30E9E79368013BA3
S2140386C0002B10B4936008DA9469A34201DB0A29ED
S2140386D003D15DF8044B00F095B91368581C10607D
S2140386E0197008465DF8044B7047F8B506460F4602
S2140386F01446D518AC4201D1002007E014F8011B3C
S2140387003A463046FFF7DAFF431CF3D1F8BD2DE9AE
S214038710F047164698468A680B69DDF82090934220
S214038720B8BF1346336091F8432007460C460AB198
S214038730013333602368990642BF336802333360DC
S214038740256815F0060506D104F1190AE3683268B0
S2140387509B1AAB4226DC94F843302268003B18BFD2
S214038760012392062BD404F1430241463846C847F8
S21403877001301ED02368226903F00603042B02BFD0
S214038780E5683368ED1AA3680CBF25EAE57500258E
S2140387909342C4BF9B1AED1800261A34B5421AD169
S2140387A0002008E00123524641463846C8470130B8
S2140387B003D14FF0FF30BDE8F0870135C6E7E11877
S2140387C05A1C302081F84300224494F8451082F85E
S2140387D043100233C7E70123224641463846C847BB
S2140387E00130E6D00136D9E7B1F90C202DE9F04186
S2140387F0170705460C4656D44B68002B02DC0B6C59
S214038800002B3DDDE66A002E3AD0002312F4805298
S2140388102F68216A2B6025D0626DA389580705D57A
S2140388206368D21A636B0BB1236CD21A216AE66AA9
S21403883000232846B047411C24D0002363602369E5
S2140388402360A389DA0400D56065616B2F60B9B134
S21403885004F14403994202D02846F4F705FB0023AB
S21403886063630DE001232846B047461C0246D4D175
S2140388702B68002BD1D01D2B01D0162B2BD12F60AC
S21403888000202FE02A68B4F90C3042B11D2A01D02B
S214038890162A22D10023636023692360D5E762602A
S2140388A022692260CEE70F69002FE9D093070E688E
S2140388B008BF4B690F6018BF0023A6EB07088B6041
S2140388C0B8F1000FDCDD216AA66A43463A4628461D
S2140388D0B047002808DCB4F90C3043F04003A3810A
S2140388E04FF0FF30BDE8F0810744A8EB0008E7E748
S2140388F038B50B6905460C4613B90025284638BD1E
S21403890018B1036A0BB9F4F73FF9B4F90C30002B2E
S214038910F3D0626ED00704D4990502D4A06DFFF796
S21403892052FE28462146FFF75FFF636EDA070546C9
S214038930E4D4A3899B05E1D4A06DFFF745FEDDE7EC
S21403894070B50C46B1F90E10002996B015461E46B2
S2140389500DDAA38913F0800F4FF0000114BF4023F4
S2140389604FF48063002031602B6016B070BD6A46FA
S214038970F4F75AFE0028ECDB019901F47041A1F5E7
S2140389800053594259414FF48063EBE78B89F7B59F
S2140389909D0706460C4607D504F14703236023616B
S2140389A00123636103B0F0BD01AB6A46FFF7C8FF5E
S2140389B0009F054639463046F3F7D6FF48B9B4F963
S2140389C00C309A05EED423F0030343F00203A3818D
S2140389D0E2E7A389206043F08003A381019BC4E9F7
S2140389E004075BB1B4F90E103046F4F72FFE28B136
S2140389F0A38923F0030343F00103A381A3891D4343
S214038A00A581CFE7F8B50E461446054618B1036AA6
S214038A100BB9F4F7B9F8A369A360A3891A0701D5BC
S214038A20236943B921462846F4F7A8FD18B14FF049
S214038A30FF373846F8BD23682269981A6369F6B289
S214038A408342374605DC21462846FFF751FF0028B8
S214038A50EDD1A368013BA36023685A1C22601E70F5
S214038A606269431C9A4204D0A389DB07E1D50A2E28
S214038A70DFD121462846FFF73BFF0028D9D0D6E7AB
S214038A80430803F05533C01A00F03333800800F070
S214038A903330184400EB10104FF0013300F00F3062
S214038AA05843000E704710B5044678B1036A41690F
S214038AB06BB180689847207E00231028636163604B
S214038AC004D82146F5F716F91123237610BD00299D
S214038AD0F1D08368002BEEDB0846F5F7FBFAEAE7EE
S214038AE007B5002301911A4601A9F4F749FF03B01D
S214038AF05DF804FB1FB5002402949DF81C40019406
S214038B00069C0094F4F7C2FE04B010BD13B5072408
S214038B100194049C0094FFF7EDFF02B010BD07B567
S214038B2000230093FFF7F2FF03B05DF804FB03682E
S214038B300B60016070472DE9F041054600680E465C
S214038B401746002408B9BDE8F081D0E90083B34294
S214038B500BD18368BB4208D154B9C5F80080C368FB
S214038B60DB0701D5F5F7B6FA204604464046E9E7A3
S214038B70C4F80080F3E7D1E90112FFF7DCBF002356
S214038B8070B51A46194604680546F4F7F9FE0CB99B
S214038B902C6070BDE3682668DB0702D52046F5F730
S214038BA099FA3446F3E72DE9F8430E461746054689
S214038BB010B90020BDE8F8830468002CF9D0D4E986
S214038BC00089A0683B4632462946C8470028F1D1AB
S214038BD04446F2E72420704738B5054614460A464D
S214038BE00021FFF7D8FC24F01C046B7944F0100432
S214038BF043F004032C716B7138BD2DE9F74F1F4604
S214038C009DF8303000938A468046002850D00029CD
S214038C1067D00C68002C66D04FF0000BE679A1797C
S214038C20761AF6B2BE4208D30C31394408EB020971
S214038C302144F61B4546C84537E02068BF1BA346BC
S214038C40002835D00446E9E7AB19994538BFA9EBA8
S214038C50050632462846FFF7B8FC009B002B3DD09E
S214038C60E279A079F3B237BB1844A071E279A3790D
S214038C7027689A4232D1DAF80030A34208BFCAF80E
S214038C800070BBF1000F01D0CBF800702046F5F75B
S214038C9093F83C4635444CB1A379E67903F10C01CD
S214038CA0F61A2144F6B200274D45CDD3A5EB0800AE
S214038CB003B0BDE8F08F121AD2B2F918914209DA5E
S214038CC00C302044D21BD21A014438440193FFF7D8
S214038CD048FC019BE279D31AE371C7E7A3462468ED
S214038CE0D8E70846E4E72046E2E710B5C479C4F1BE
S214038CF045030246D8B2884228BF08460444D471C6
S214038D0010BD38B50546C079C0F14504E4B29442B7
S214038D1088BFD4B20C3022462844FFF756FCEB79C2
S214038D202344EB71204638BD1FB503910021009103
S214038D3003A9FFF762FF05B05DF804FB38B50446E8
S214038D40206800B938BD0568F5F736F82560F7E7FB
S214038D5010B501F0EC01034603B910BD1A7902F011
S214038D6013020A431A711A1A544254415A7964F385
S214038D7000025A711B68EFE710B558B10168026824
S214038D805AB1136823B15C79E40704D50024146050
S214038D900360084610BD0360F1E71346F8E7034691
S214038DA058B10020DA7999791B68521A50FA82F082
S214038DB01BB15A79D207F5D57047704770B50D4683
S214038DC00446E8B186798E4203D3751A857101206D
S214038DD070BDC27906F145039B1ADBB299420FD8E0
S214038DE006F10C010144921BA81BD2B20844FFF7FC
S214038DF0B8FB0023A371E3791D44AD1BE571E6E7D9
S214038E000020E5E710B50C4698B191B18979E2796F
S214038E10C379521AC3F14503D2B2DBB2934208D3E5
S214038E200C312144FFF76DFF2046F4F7C5FF012000
S214038E3010BD0020FCE70346006818B102681A60FC
S214038E400023036070470346002003B97047DA79AE
S214038E5099791B68521A50FA82F0F6E72DE9F84F13
S214038E60894614468246FFF7EEFF05464846FFF757
S214038E70EAFFA542074601D3A04208D2BD4208D165
S214038E800024A346A046264647B9384604E02746AC
S214038E90F6E738D24FF0FF30BDE8F88F5EB99AF8A0
S214038EA006809AF80760A6EB080608F10C08D0447B
S214038EB0DAF800A0F6B2BBF1000F0BD199F8064022
S214038EC099F807B0ABEB040B0C344C44D9F800907C
S214038ED05FFA8BFB5E45354628BF5D46BD4228BF1D
S214038EE03D462A4621464046FFF72BFB0028D3D1B2
S214038EF0A8442C447F1BEDB2761BABEB0505F6B2FC
S214038F005FFA85FBC0E70120C6E703680BB901607B
S214038F1070471A461B68002BFBD111607047036825
S214038F2003B10B600160704739B10B461A461B68E4
S214038F30002BFBD1036813600160704770B50468AB
S214038F4006460D4644B12046FFF77DFFA84211D8DA
S214038F50236813B9E379A37170BD20463360F4F731
S214038F602BFF3468F4E7ED1A236833602046F4F7E2
S214038F7023FF3468002DEFD0A279E3799B1ADBB286
S214038F80AB42F0D92A44A271E6E7F8B5066805466F
S214038F900C4646B13046FFF756FFA0421DD833684D
S214038FA013B9F379B371F8BD30462B60F4F704FFB9
S214038FB02E68F4E7064638460768002FFAD1C279CA
S214038FC08379D31ADBB2A34202D9121BC271EAE732
S214038FD0E41AF4F7F1FE3EB13760002CE3D02868BC
S214038FE00028E0D00026E7E72E60F6E7F8B504464B
S214038FF00F46BC4200D1F8BDA179E5796D1AEDB2F2
S214039000C5F14506B6B20EB92468F2E749B10C318C
S2140390102A46214404F10C00FFF7A3FA0023E57166
S214039020A3712368BB42EFD05A79D207ECD499795F
S214039030DD79A079E2796D1AEDB2B54200F10C0044
S21403904028BF354610440C312A4619442044FFF7FE
S214039050BCFAE379206853FA85F3E3718379761BC8
S21403906053FA85F5C379EDB2AB42B6B2857103D137
S21403907003682360F4F7A0FE002ED2D1C4E738B508
S2140390800C46016809B9046038BD0D460968002915
S214039090FBD1236823B12046FFF7A8FF2C60F3E734
S2140390A021462846FFF7AEFE0028EDD1F6E748B185
S2140390B0002302794360036083604379027143F0BF
S2140390C004034371704700221146F4F7D1BE38B546
S2140390D004460D46FFF772FE98B984B12079FFF770
S2140390E0F2FF58B1637942790460C3F3400363F334
S2140390F0410245235D1B4271C371857138BD012052
S214039100EDE72046FAE738B5036804460D469BB1FB
S2140391101879FFF7D8FF88B1236803605B79427933
S214039120C3F3400363F3410245235D1B4271C371DE
S21403913085712060002038BD0120EAE71920FAE790
S21403914038B50C46054640B3006830B309B900206D
S21403915038BD4AB9C9B2FFF731FE0028F7D12B68EC
S2140391609A799871A41A06E0452918D8C9B2FFF768
S21403917025FE0028EBD1442C07D8002CE7D0E1B21B
S2140391802846BDE83840FFF7BEBF45212846FFF70F
S214039190BAFF0028DCD1453CEDE72220D8E72120A2
S2140391A0D6E72DE9F84390F8078090F80690A8EBE9
S2140391B00907FFB2B94204460D4602D30020BDE8B4
S2140391C0F8830079FFF77FFF06460028F6D0A179DB
S2140391D080790C317F1B29440C30BAB221443044C9
S2140391E0FFF7F3F9F3793B44F371E37999444D447C
S2140391F02368A5EB0805E571012033602660DEE7EA
S214039200F8B5076806460D463C46002305B12CB95B
S2140392100BB100221A6034603846F8BDE379A279B0
S2140392209B1ADBB2AB4207D8E379A2799B1ADBB26F
S214039230ED1A23462468E9E7E9B22046FFF7B1FFB3
S2140392400028F1D10746E7E75318452B02DCC9B2DD
S214039250F4F70EBE00207047F7B5002605460F4606
S21403926001960DB9019C09E0002211463846F4F731
S214039270FFFD044628B901A8FFF760FD204603B0AA
S214039280F0BDAB798371EA79C2716879617960F36D
S2140392900001617169796079C1F3400161F34100AE
S2140392A0D21A607103F10C002918D2B22044FFF7DA
S2140392B08CF9019B03B9019406B134602D682646E8
S2140392C0CFE72DE9F8430D461446064610B319B307
S2140392D0DAB1034699461B68002BFBD12746C846DE
S2140392E03A4629464046FFF70CFDC145A7EB000763
S2140392F0054418BFC9F8008037B1B1793079002228
S214039300F4F7B6FDC14618B9E41B2046BDE8F8835A
S2140393108046E5E70446F8E70C46F6E737B5154614
S214039320C9B200221C46F4F7A3FD019040B12246C1
S2140393302946FFF7C6FF844202D901A8FFF7FEFCC1
S214039340019803B030BD10B5013903461A1A91428D
S21403935000D810BD445C1A7803F8014B4254013917
S214039360F4E701440023884200D1704700F8013B2C
S214039370F9E738B505460C4604B938BD013C55F83F
S21403938034305B68002BF7D09847F5E72DE9F041BA
S2140393900446002654F836302BB904F10408B342C9
S2140393A003D100250FE00136F4E754F833201268A2
S2140393B05F1C5AB158F833009047054630B139461A
S2140393C02046FFF7D6FF2846BDE8F0813B46E6E792
S2140393D070477047704770477047F4F75DBE38B5FF
S2140393E00446FAF7B8FB054658B9C820E2F7EEFF7D
S2140393F0C82202212846E2F7A9FF8442A8BF0446F2
S21403940024B22046E2F7E2FFFAF7A5FBBDE83840B0
S214039410C8220221E2F79ABFB0F90020B1F9003062
S2140394209A422DE9F04704460D4648DCF6F7AFFFAF
S2140394308046DDF78FFF00283ED1E2F77DFF8246A8
S214039440FAF789FBC8220221E2F780FFB5F900206C
S21403945047F6FF739A42814602D1E2F791FF2880CE
S214039460B4F9002047F6FF739A4202D1E2F782FF6F
S2140394702080B5F90000FFF7B2FFB4F9003083424D
S214039480C8BF20800746B4F90000E2F77FFFF8F76D
S21403949093F8064658B15046E2F778FF4846E2F797
S2140394A095FF4046F6F779FF3046BDE8F087E2F7CA
S2140394B043FF20802F80F4E741F20C06F1E72126D4
S2140394C0F2E70000000000000000000000000000BB
S2140394D00000000000000000000000000000000084
S2140394E0F8B500BFF8BC08BC9E467047F8B500BF89
S2140394F0F8BC08BC9E4670475FF800F029100020B1
S2140395000000000000000000000000000000000053
S2140395100000000000000000000000000000000043
S2140395205465726D696E616C0000000000000054A3
S214039530545220524547474553000000020000009E
S21403954090950300030000008895030004000000C4
S2140395508095030000000000000000004145532DE5
S2140395603235362D454342004145532D3139322D90
S214039570454342004145532D3132382D4543420081
S2140395805C95030010140400689503001013030091
S2140395907495030010120200020000004BEE020056
S2140395A047EE020043EE02002DEE02001BEE020021
S2140395B0512563FCC2CAB9F3849E17A7ADFAE6BC6D
S2140395C0FFFFFFFFFFFFFFFF00000000FFFFFFFF9F
S2140395D0F551BF376840B6CBCE5E316B5733CE2BD3
S2140395E0169E0F7C4AEBE78E9B7F1AFEE242E34F02
S2140395F096C298D84539A1F4A033EB2D817D037725
S214039600F240A463E5E6BCF847422CE1F2D1176BBF
S2140396104B60D2273E3CCE3BF6B053CCB0061D651E
S214039620BC86987655BDEBB3E7933AAAD835C65AA7
S214039630FFFFFFFFFFFFFFFFFFFFFFFF000000002E
S214039640000000000000000001000000FFFFFFFF15
S214039650092040081C40000004A50300CCA4030016
S214039660E0A4030040A4030060A4030074A4030062
S2140396702CA50300B0A403009CA403000000000074
S21403968018A5030000000000F4A403000000000077
S214039690D4A303000000000088A403000000000019
S2140396A090A403000000000054A40300F0960300F7
S2140396B040A50300F2960300C4A4030000000000C4
S2140396C00000000000000000000000004E0C000038
S2140396D00000000000000000C09803000000000027
S2140396E0000000000400000000000000E2FF50003D
S2140396F001000400FB00010000000500000000025A
S21403970000000300000001041040000108070F00DA
S2140397100A00C8002000A000010000000000A0000E
S21403972068010A200706020A040700000002070071
S21403973000000F400000000000040F40010000007E
S214039740C1059ED8367CD5073070DD17F70E59391C
S214039750FFC00B316858151164F98FA7BEFA4FA4E2
S214039760006A09E667BB67AE853C6EF372A54FF5E4
S2140397703A510E527F9B05688C1F83D9AB5BE0CDB5
S2140397801900800000000000000000000000000038
S21403979000000000000000000000000000000000C1
S2140397A000000000000000000000000000000000B1
S2140397B000000000000000000000000000000000A1
S2140397C00000000000000000000000000000000091
S2140397D0000000E10003010303030200000280000F
S2140397E008000200200000014000040001001000F1
S2140397F008060200040907030105000040787D01FE
S21403980000000000005A620200010000C0CF6A0098
S21403981002000000809FD50002010000002D3101E8
S2140398200202000001000000000000000400000027
S2140398300100000008000000010000001000000006
S2140398400100000000010000010000000008000005
S2140398501D000000000200001D00000000040000C0
S2140398601D000000000001001D00000007000003AB
S21403987013B779FAC925DDB7ADF3CFE0F1B614B85F
S2140398800102000000000000FFFFFFFF20000000B1
S21403989001000000000000000000000000000000BF
S2140398A000000000000000000000000000000000B0
S2140398B000000000000000000000000000000000A0
S2140398C0E09803003B003B008C9E03001500150048
S2140398D04C9E0300040004000200FFFFFFFF00008D
S2140398E0010000000108FFFF00000000909C030039
S2140398F0020002000108FFFF05000000200011001F
S214039900030011000008FFFF01000000AA0D00205D
S214039910040014000308FFFF030000000200000019
S214039920050002000108FFFF050000000200120008
S214039930060012000108FFFF01000000B40D00201E
S214039940070002000108FFFF050000000A001300DD
S214039950080013000308FFFF01000000CA0D0020E3
S214039960090000000108FFFF00000000949C0300AC
S2140399700A0002000108FFFF050000000A000300BA
S2140399800B0003000308FFFF02000000D20D0020B7
S2140399900C0002000108FFFF05000000020004009F
S2140399A00D0004000108FFFF00000000989C030060
S2140399B00E0000000108FFFF000000009C9C03004F
S2140399C00F0002000108FFFF05000000020005006B
S2140399D0100005000108FFFF00000000A09C030024
S2140399E0110002000108FFFF050000000200060048
S2140399F0120006000108FFFF02000000F60D00201B
S214039A00130007000108FFFF00000000C09C0300CE
S214039A10140002000108FFFF050000000200080012
S214039A20150008000108FFFF01000000000E0020DB
S214039A30160007000108FFFF00000000FA9C030061
S214039A40170002000108FFFF0500000002000900DE
S214039A50180009000108FFFF02000000080E00209E
S214039A60190007000108FFFF000000002E9D0300F9
S214039A701A0002000108FFFF0500000002000A00AA
S214039A801B000A000108FFFF01000000180E00205B
S214039A901C0002000108FFFF0500000002000B0087
S214039AA01D000B000108FFFF02000000260E002029
S214039AB01E0007000108FFFF000000005C9D030076
S214039AC01F0002000108FFFF0500000002000C0053
S214039AD020000C000108FFFF02000000440E0020D7
S214039AE0210002000108FFFF0500000002000D0030
S214039AF022000D000108FFFF01000000500E0020A9
S214039B00230002000108FFFF0500000002000E000C
S214039B1024000E000108FFFF01000000580E00207D
S214039B20250000000108FFFF00000000869D0300DB
S214039B30260002000108FFFF050000000A000F00D0
S214039B4027000F000308FFFF01000000660E002039
S214039B50280000000108FFFF000000008A9D0300A4
S214039B60290002000108FFFF0500000004000F00A3
S214039B702A000F000408FFFF010000006E0E0020FD
S214039B802B0000000108FFFF000000008E9D03006D
S214039B902C0002000108FFFF050000000200100071
S214039BA02D0010000108FFFF01000000760E0020C4
S214039BB02E0000000188FFFF00000000929D0300B6
S214039BC02F0002000108FFFF0500000008000080C8
S214039BD0300000800208FFFF010000007E0E002018
S214039BE0310007000108FFFF00000000A49D0300EA
S214039BF0320002000108FFFF050000000800018094
S214039C00330001800208FFFF020000008A0E0020D6
S214039C10340007000108FFFF00000000D29D030088
S214039C20350002000108FFFF050000001200028055
S214039C30360002800108FFFF02000000D00E00205D
S214039C40370014000308FFFF0300000001010000B3
S214039C50380007000108FFFF00000000089E03000D
S214039C60390000000108FFFF000000003A9E0300D1
S214039C703A0002000108FFFF050000000800038009
S214039C803B0003800208FFFF0700000000000000FF
S214039C9002000118020000180200000002000A1861
S214039CA01E00506F727461626C6520456E65726744
S214039CB0792053797374656D732C20436F72702EFD
S214039CC03700322D332063686172207073657564C4
S214039CD06F206E616D65732061737369676E65646B
S214039CE0206279205553455F20636F6D70696C65FC
S214039CF07220646566696E652E003200436F6E746B
S214039D00726F6C6C657220626F6172642072657626
S214039D106973696F6E206E756D626572202865784B
S214039D203A207B7266687472322D7D3235292B0099
S214039D3078782E78782E787878203C737461636B05
S214039D402064657369676E3E2E3C75706772616446
S214039D50653E2E3C7570646174653E0028003C6D5C
S214039D606F64656C49643E2D3C79796D6D64643E21
S214039D702D3C303132333435363E2065782043501F
S214039D80203D203030330200031802000218020080
S214039D90041810000032A82E6A17E78CE84289617F
S214039DA07990F4FE2B0052656365697665732063CC
S214039DB06F6D6D616E64206865616465727320669D
S214039DC0726F6D204E65766572666C616D65417067
S214039DD07000330052656365697665732073657436
S214039DE074696E677320616E642073657475702082
S214039DF0696E666F2066726F6D204E657665726655
S214039E006C616D6541707000300053656E6473203D
S214039E106576656E747320616E6420726574757200
S214039E206E732073746174757320746F204E657639
S214039E306572666C616D654170701000F01921B42F
S214039E40478FA4BFA14F63FDEED6141D0032A82E84
S214039E506A17E78CE84289617A90F4FE07C3D27CDE
S214039E60EDB789A68A438EE889C3101F0032A82E51
S214039E706A17E78CE84289617B90F4FE636032E000
S214039E80375EA488534E6DFB6435BFF70028012860
S214039E900328002A012A292A242A0129272A262ACE
S214039EA0232A252A282A2A2A502A062A072A052A5E
S214039EB02A2B292B02290D0A2573205B4D41494E77
S214039EC05D2043534C494220496E697469616C694D
S214039ED07A65642066726F6D206669727374206893
S214039EE061726477617265207363616E2072657355
S214039EF0756C74732E0A000D0A2573205B4D414959
S214039F004E5D2043534C49422043414C3A2057610F
S214039F106974696E6720666F7220737461626C651C
S214039F2020726177207369676E616C2E2E2E0A008D
S214039F302573205B4D41494E5D2043534C494220D7
S214039F4043414C20535543434553533A2042617390
S214039F50656C696E65206170706C69656420616EFE
S214039F60642076657269666965642028256C752C9D
S214039F7020256C75292E0A002573205B4D41494E1A
S214039F805D2043534C49422043414C3A2053696772
S214039F906E616C20756E737461626C652C207265DD
S214039FA0747279696E6720636170747572652E2E9C
S214039FB02E0A00202122232425262728292A2B2C73
S214039FC02D2E2F303132333435363738393A3B3C41
S214039FD03D3E3F606162636465666768696A6B6C91
S214039FE06D6E6F707172737475767778797A7B7C21
S214039FF07D7E7F0000010000000000040506070CBC
S21403A0000D0E0F0010000201000300000000000008
S21403A0100000000000000000000300000000000035
S21403A020000040000303040680000400070000004D
S21403A03068010406000000000000000000000000A5
S21403A04000000000010001000000011400000000F1
S21403A05000000000000003000001010001000100F1
S21403A0600100030000000000A3000000010000023E
S21403A0700708436F6D706163742050616E20002083
S21403A080332E302E3234005600203032417567327C
S21403A09036005265626F6F74696E6720696E746FFF
S21403A0A0204F5441204D6F646520284170706C6FBB
S21403A0B061646572292E2E2E0A0004200400000215
S21403A0C00620060000020820080000020A200A00F4
S21403A0D000020C200C00000226202600000202309C
S21403A0E002000201043004000202063006000202E7
S21403A0F00830080002020A300A0002020C300C0084
S21403A10002020E300E0002020011000003020211CA
S21403A11001000302041102000302061103000302F6
S21403A1200811040003020A11050003020248020094
S21403A130040103480300040104480400040105481D
S21403A1400500040106480600040107480700040149
S21403A1500848080004010948090004010A480A00DF
S21403A16004020C480C0004020E480E0004021048B9
S21403A17010000402222022000001232023000001F5
S21403A180242024000002323331323136414141313A
S21403A1903233343536412C2D2D2D2D2D2D2D2D2DB1
S21403A1A02D544F20424520444546494E4544202DD4
S21403A1B02D2D2D2D2D2D2D2D2D2D2D2C006275792C
S21403A1C0657220636F64652C2072656E74616C2003
S21403A1D0636F64652C206D6F72652073616C6573A5
S21403A1E020636F6465732C2064617465732C20652B
S21403A1F074632C0030302C30302C30302C30302C24
S21403A20030302C30302C30302C30302C30302C305A
S21403A210302C30302C30302C30302C30302C30304A
S21403A2202C30302C30302C30302C00303030302C6A
S21403A230303030302C303030302C303030302C3022
S21403A240303030302C2D2D2D2D2D2D2D544F2042DA
S21403A2504520444546494E4544202D2D2D2D2D2D74
S21403A2602D00280000000807BC029E072C011400DE
S21403A2701C022C01B40078007800E204AA057206DA
S21403A28008079E07060100000000280101000807D2
S21403A290BC029E072C0114001C022C01B40078009B
S21403A2A07800E204AA05720608079E070601000066
S21403A2B00000253033752E25303375200063735325
S21403A2C0686F7756626174006373456E6453657195
S21403A2D000637353796E63537461746549640063F2
S21403A2E0734F666600637353686F775374657000C5
S21403A2F063735365745374657000637345766E7445
S21403A3003000637345766E743100637345766E74FE
S21403A3103200637345766E743300637357616974F2
S21403A32052656C6561736500756E6B6E6F776E0054
S21403A330342E342E3300000101020102020301020F
S21403A340070B0B0701160C000001080800000501A7
S21403A35008FFFF02FFFF0808020204FF010022FFB6
S21403A360FFFFFFFFFF030404FFFFFFFF2AFFFF14A7
S21403A37019191B011C15120400480C141315108020
S21403A3801A80128080000F0E0C080C080D1810019E
S21403A39002040400F4010000FA0000009600000026
S21403A3A0640000004B000000320000001E000000A6
S21403A3B014000000000000000101500040000800E7
S21403A3C05000240004009001500240009001AE01AA
S21403A3D01000000059D2010000000000004972532B
S21403A3E014497207FF000102030405FF14530072A9
S21403A3F04907CDF6394803007DE4010025FE010038
S21403A40037480300DD490300D7490300C1010200B2
S21403A410096B030091490300D9490300DB49030094
S21403A42085490300D349030091DF010085460300F5
S21403A430E5E0010001020C00000004000000080033
S21403A4400400000000000000000000000000000000
S21403A450000000000D48030000000000A0010401F6
S21403A460560000000000000000000000000000008E
S21403A47000000000050000000000000000000000CF
S21403A48000000000000000000000000000000000C4
S21403A4906949030000000000A01305000A0000003D
S21403A4A000000000000000000000000000000000A4
S21403A4B0090000000000000000000000000000008B
S21403A4C0000000006F490300000000000D000000BC
S21403A4D00000000000000000000000000000000074
S21403A4E00F00000000000000000000000000000055
S21403A4F0000000007949030000000000000000008F
S21403A5000000000001000000000000000000000042
S21403A5100000000000000000FDE60100000000004F
S21403A520A0010107A00001040204080006000000C1
S21403A53000000000000000001DE80100E5E7010040
S21403A5404DE8010000000000A0030601A00906096B
S21403A550A0020608A0050607A0050606A00706052E
S21403A560A0020604A0010610A00A0602A00D06001B
S21403A570000004020503060107010108090A00009A
S21403A580A0015C02A0035C01A0025C00A0020F090C
S21403A590A0030F04A0030F03A0050F02A0010F01E1
S21403A5A0A0050F00A0040108A0020105A0030106F0
S21403A5B0A012010001010204200C0403FDE30100C4
S21403A5C02000040129E4010020025602CDE4010024
S21403A5D020025601A1E401002001060595EA0100C8
S21403A5E020000D0119E6010020020D04E5E6010036
S21403A5F020020D0375E6010020030D024DE601005F
S21403A60020040A0FE5E5010020040A04B1E5010071
S21403A61020050A0281E5010020000115A9E70100D3
S21403A6206267617069206275666665727300010011
S21403A6300200000000000000030000000D000300FD
S21403A6400200010005006761747420636F6E6E6517
S21403A6506374696F6E00000000FB349B5F8000002C
S21403A660800010000000000000000000CD6803001A
S21403A6706D4F0300B36A0300B7690300E69D350E0A
S21403A680480103CCDBFDF4AC1191F4EFB9A5F9E96D
S21403A690A7832C5E2CBE97F2D203B020008BD28900
S21403A6A015D08E1C742430ED8FC24563765C15522C
S21403A6B05ABF9A32636DEB2A65499C80DC003F499A
S21403A6C0F6D4A3C55F3874C9B3E3D2103F504AFF2C
S21403A6D0607BEB40B7995899B8A6CD3C1ABD006C81
S21403A6E0888391AAF5A53860370BDB5A6083BE00D2
S21403A6F0000001000100050100050202030002003C
S21403A7000000000002050100050000010001000032
S21403A7100100010202030002000000000002020121
S21403A7200002BF01FB9D4EF3BC36D874F5394138A1
S21403A730684C8BD28915D08E1C742430ED8FC2459D
S21403A74063765C15525ABF9A32636DEB2A65499C51
S21403A75080DCE69D350E480103CCDBFDF4AC11919D
S21403A760F4EFB9A5F9E9A7832C5E2CBE97F2D203C2
S21403A770B0200000A0010A05A0030A04A0080A03EB
S21403A780A0070A02A0060A01A0070A00A0030906FA
S21403A790A0060905A0070904A0040903A0050902E9
S21403A7A0A0060901A0030900000800FC1CA803007A
S21403A7B0010001070CA80300000800F8C8A703005F
S21403A7C04CD18DAD080700009600FCFEF8006D2303
S21403A7D0441FEEFFC700F20E8E37FAFF5C00A40399
S21403A7E024A7FFFF3200D601AD3400001F0030015E
S21403A7F0004D00001200C000CA4A00000B006E00A5
S21403A800F73C000005001F002F20000083FFBFFF5A
S21403A810E2FFF1FFF9FFFEFF000000008C00FCFEE4
S21403A820FFFF000000000000FC00D2104C06FAFFF9
S21403A83075009B05F132FFFF3E0062020B350000F8
S21403A84025004B01885F00001700E0005E5D0000F6
S21403A8500E008C006A4F00000700250083280000C6
S21403A8603157020079570200255702008557020028
S21403A8706D5702002F7A03006B7A0300917A030068
S21403A880B37A0300D57A030099A4020051A4020008
S21403A8905DA4020031A5020079800300B9770300A6
S21403A8A0BD770300C9770300C1770300C5770300AC
S21403A8B000000000480100006019002083FF00002C
S21403A8C002000080FF7F00000080FF7F06010080FB
S21403A8D0FF7F0E025241494C00000000A00000001A
S21403A8E09D610200500000007D620200FA04FA0037
S21403A8F00033330A0A0A0840002100000000000063
S21403A9000000000000000001000001010001010139
S21403A910119F0200F59E020015B70200D9B8020087
S21403A92071B8020001010203000000019D07000048
S21403A93048700E0E44709A0D3070DA123C70DA16B8
S21403A9403870F60D34701C0E3070700F2C70700F4C
S21403A9502870521124706A112070000E1C70F611B4
S21403A960187068121470FC0DB110076001D80A71D4
S21403A97008B87F78020C7E78641000C6A01F0021FA
S21403A9808CB8707801B007680F305CB30F330111D1
S21403A990C048069846022FB006D80C7109DD087128
S21403A9A000B853A809BB111007680168214807605F
S21403A9B004100112FF3221500760514807600088D7
S21403A9C00698841300C43C1F002103DD087214BAE2
S21403A9D0281400A000BA03DF107109DF067202987C
S21403A9E0E8058CB8507800A044132814411581104C
S21403A9F0076002D8147110880698F61B00C00C7006
S21403AA0008400698501E009106985C020060B83015
S21403AA1020D8067190BC637C084D5412F03240DE99
S21403AA200472404804DB08720DDD0C72044BEF30F1
S21403AA30144806989E0700C4E010084044120762B4
S21403AA4001322140084C287C811140D91C72B11276
S21403AA503032CF4A013AB1DA107208D8067104D8F8
S21403AA600871B04C237C3E70684C4412FF32872238
S21403AA70047580B8D84C81D8307140D90472237CD1
S21403AA80084B06989E0704BA88B9767900C1186001
S21403AA9008403579E049007906B904A901D86C72F3
S21403AAA0BC4C307C02982E0208D83C7100C14C0086
S21403AAB00840141110D93071104C00C1140008401E
S21403AAC014111814076100C5206008405415FF359B
S21403AAD0047110491814A84C441207620132067117
S21403AAE002981201B84C08D80C7107BA24D804711E
S21403AAF006BA187004D80C7101BA40D80E7102BA9F
S21403AB000A7005BA20D8047203BA604C4411404C4C
S21403AB1018140761181491113831114291110769FD
S21403AB2010D90472EF3200C10060084014111031CE
S21403AB30016911422814A111076118140698361EDC
S21403AB40181400C10060084014110769FF31181477
S21403AB5000C13C30084014111814076118143088DB
S21403AB60024806984806009308DB047101F800A023
S21403AB705CB00F3000A01088B111076980D90A7144
S21403AB8000C1800008400811009100A000C4000125
S21403AB900840441000A000C020300E4004110410EA
S21403ABA01050F47200A05415504512710698A80769
S21403ABB00698380718B8707800B8417806983C03AA
S21403ABC090BA5B7A5C7A5D7A00C218500840241209
S21403ABD000C14C1F002128110698001C20880088FD
S21403ABE000C5401F002154155112FF350762FF327E
S21403ABF006986602015951290475115900902129B6
S21403AC0020750698FA0406982A050698F602009216
S21403AC1003D80C728111076102D90472FF0FBA7050
S21403AC2018B8727800F804D842710088308800C0DB
S21403AC30FC1F0021041000C14C1F00211412012A1E
S21403AC40215A00C3185008403413312A1A7500C01D
S21403AC500060084004100730FE200C76381108B850
S21403AC607F78020C7E780093009000A000C0F41F4B
S21403AC700021041000BB1DB400A000C1DC1F00218E
S21403AC8014111088FF3100C5FFFF00003112076260
S21403AC900762513A513B0E720698160D115901126E
S21403ACA001131E703114008831100698160D1159C1
S21403ACB0415C41280698180D513801130090012B6A
S21403ACC000902088076001140760FF30215D411261
S21403ACD007620762312D0876FF34415C4128015D27
S21403ACE031100698180DFF303088011300C0E01F9E
S21403ACF000210410512B0C76076801150768FF35F1
S21403AD006070315BFF32212B0C75076001150760FD
S21403AD10FF354E7000C5E41F00215415076507650F
S21403AD205112FF35FF30012B087521100760327072
S21403AD3021100768FF30012B0A7521100760076092
S21403AD40207000C2E81F002124122110076007604C
S21403AD50FF30012B08752110076806702110076065
S21403AD60FF300093009200C10060084014142C4981
S21403AD700734FE242A761415F0BC076C513C07688A
S21403AD8003680154107100C4FF0FFFFF513C0144D8
S21403AD904811311200C5E81F00215415FF3507621C
S21403ADA007622143544914122155FF355152281185
S21403ADB000A000DF0672011314703111312B112B22
S21403ADC0016300C1FF070000113B012B00C278FEA0
S21403ADD0FFFF05B86EBD312A207505B8C8BDE82249
S21403ADE01875DCBD06B8DC22107507B8F0220A75A4
S21403ADF008B8E822047509B800C1006008401412B8
S21403AE002C490732FE2216760768036800C2FF0F36
S21403AE10FFFF1414213C0144481150BD5449141239
S21403AE202155FF355152281100A001D82C710088F6
S21403AE3000C00470084004108020FF301A7100C15F
S21403AE40B01E00211411076120D9087106988204E8
S21403AE50067006984A03009000A002D8047200A069
S21403AE600088069838071DB428B9112C408800C3FB
S21403AE70EC1F0021341440445A7144130698A80565
S21403AE80411500C00060084004100730FD204475DB
S21403AE9000C20870084024100760FF3080DC34715D
S21403AEA00698520D01591C4A241007600260FF30B1
S21403AEB00698520D0158B2200129541331100698F2
S21403AEC0520D11280A75042554155045EE7206983E
S21403AED0A8050094009000A07FB9066100C01C601E
S21403AEE0084006988A1304155153113B31555810E0
S21403AEF002988413EBBD00C03C1F00210411113DD2
S21403AF0010D91271FF33076B00C190400846381101
S21403AF1018B97479581000A006985C028024E424BB
S21403AF200D300472044800C11C510840141100C3BC
S21403AF30D81E0021911504351A72181388BB08D839
S21403AF4004716C7B04D804716A7B8CBB2F7C5B7B9F
S21403AF501670044B181388BB08D804716F7B04D88B
S21403AF6004716D7B217C0C300160069824070698DB
S21403AF700C0C0698D40700B8B111076940D90672BD
S21403AF800298080701BC00C20060084000DC0A7192
S21403AF9024150165604A0A701C4A241507657C4A15
S21403AFA0043508D920712024512A241200C18000B8
S21403AFB00840320C2811076228110762281107621D
S21403AFC02811500C00C1341F0021141200DC347108
S21403AFD020D8067101B80C70F0DA0C720CDB08711D
S21403AFE002B806982C07482400C33061084034137F
S21403AFF0076380DB0E7102B9911308DB047203B991
S21403B00006700C49141100C380000840FFB80120E5
S21403B01011410871014118130824014200C12000A0
S21403B020084014110141036D514191152035016DFE
S21403B030514118132813481300C37C0008403410EA
S21403B04003D80C71073005DC0671084B227B8CB8DD
S21403B050507800B800C1341F002114120368215031
S21403B060F0300152281100A04024066400C0FFFF00
S21403B0700100013C1DB002200158402806751EAC95
S21403B08001EC00A0208800C01850084004121DB42C
S21403B090211304123052F871066C402400C3741F47
S21403B0A00021341014110698820D06690092115976
S21403B0B02129067600BB115906983A0D80B8015827
S21403B0C0013A0662313B0472215A412A00A000C2AB
S21403B0D000010840317A00A0308880B9076900C3B0
S21403B0E00000C0FF3110312800BC002D0C75115430
S21403B0F01EAC01EC312DF470066C51134155312C06
S21403B100009300A000C028400E400413315107618D
S21403B1100C3107691153381000A00698EC0800C0DC
S21403B120F41F002104110698D407217A237A00C35A
S21403B130000010000698140800C0541F00211DB11B
S21403B140181000A000C0501F00211DB1181000C029
S21403B1509C1F00210410002D067500B826A806982B
S21403B160A80700C09C1F00210410012C0675069832
S21403B170380728B010B9115911380EB9114028A84C
S21403B18080B800C144300840081100C1F01F0021F8
S21403B1901410303B06710760076000C4083008408F
S21403B1A044111150FF30015118146FB8076826A8D0
S21403B1B0217A050C21102048267800C063EF000092
S21403B1C0314026A8050C20ECB11140D90872247A28
S21403B1D020EC217A184826A828B00AB901510F3165
S21403B1E0115028A8050C207A20EC0F0C98B8467846
S21403B1F041780698660200C2401F002124100151C0
S21403B200FF311150081200A00698EC0800B826A8D3
S21403B21000C0581F00211DB1181000A030B8407898
S21403B2200DB101D9FC72427800C074300E4004118F
S21403B2304CBA407A1810144804115C7A1810A4BB50
S21403B240707B4E7B4F7B00C20430084000A00698FC
S21403B250EC08217A227A00BB0698140800C0641F03
S21403B26000211DB11810A4BB00C040300E400411CD
S21403B270033101492872B11207620762304804118C
S21403B28021510F3118726E7B6F7B104804114CBA34
S21403B2907C7A181014480411607A1810B11002D87A
S21403B2A01071707B30B8627860780DB001D8FC718D
S21403B2B000C0F8600840041101D90C7100C01800E2
S21403B2C0084002B9181008B86E780EB84EB110D9F7
S21403B2D00C723EA8140C0FB83EA8107044A8140CA9
S21403B2E001B800C1AC300E40081100C077801F00C3
S21403B2F03DB201423DAA00C0FFFFFFFC013A3DAA52
S21403B300140C00C077E01F0001423DAAFFB8452099
S21403B3107D7808B87E7800C1246008401411076160
S21403B3200631087100B90698D01006988A13B11131
S21403B33001D90E7106985C1E02D906720698520C45
S21403B34006988413511406983807F4B845780A0CFF
S21403B35000C0601F00211DB118100298AA10FFB884
S21403B36045205D7803B8076044A83EA800C1AC300A
S21403B3700E40081110B807683DB101393DA908B859
S21403B3806F7800A046A800C0FFFF0000013B0763DC
S21403B39056AB94BA437A01D91471013C47B300C043
S21403B3A0FE20FFFF013B314447AC637AFFB8212000
S21403B3B0407802D90471607800A0C8BC066C415C72
S21403B3C0512C0675069838070698300EB110076894
S21403B3D005D8367140BA06985A138CBC7F7C08B8D9
S21403B3E06578911004D8187188B86E78577800C0BD
S21403B3F06400084021780698F81001400872427CE1
S21403B400069896130298E40B08B86C7820B8597817
S21403B4105B7800C0F44008407878797800C1C81F8C
S21403B4200021141040A81849141304494088141422
S21403B4300C4914118112076A006A01DA187188B878
S21403B440577800C0CC1F002104100161076307630F
S21403B450076407640698540A00944EB010D84272E4
S21403B4604DB161B80158113840B102D90A7260482B
S21403B47004BB41540870204802BB02BC4DA8F8B870
S21403B4807078190C3EB141413EA9F4B973797378CB
S21403B490717800C4F840084000C20041084022709A
S21403B4A000C20000010044AA230C00C200000B00E7
S21403B4B044AA00C41041084000C21841084004BB17
S21403B4C0587C050C597C0C240F0C2FAB050CB110C3
S21403B4D008D81471647A657A1CB879787B7820B8B2
S21403B4E079787B78607CF424411306989E07511480
S21403B4F04044067506983807727BFFB84D20050C46
S21403B500687840EC00C05C1F00211DB11810911034
S21403B51004D8147100C0B01E0021041080D8067130
S21403B5201CB8737800F818B800C1D41E002100C2F6
S21403B5301850084024122811777800F800C0B86025
S21403B540084004110761076180D9047240EC00C407
S21403B550F84008404EB010D80471182441130C2349
S21403B560527C407B11512FA9050C797C0A0C00C034
S21403B570000001020814787C050C507C08B86D782E
S21403B58000A000C0287008400411108800C10018ED
S21403B5900040181044480411108878480411108895
S21403B5A000884CBA757A18103DB11088F4B8427802
S21403B5B04420727828487378F8B873784FB200C47A
S21403B5C0FFFF8080413A4FAA01BC01644113076321
S21403B5D000C06C70084003B918100110011001B9BF
S21403B5E018100110011001100110684804110761BA
S21403B5F001B80160003A0471044904D90472415247
S21403B6000760003A0471084908D90472315204608D
S21403B610003B0E7200630064314241424FAAB2708F
S21403B6204FAAF8B8537818205378284852780091D0
S21403B6303DA90090009118100091784818100091C9
S21403B6404448181000A0115910D906710760076006
S21403B65008D90471076004D90471036002D9047120
S21403B660016001D90471006000A000BA01D8067118
S21403B6700148112A0069006001D8F6720138F67293
S21403B68000A08020FF30FF48812000A002EC00CA03
S21403B69002EC00C8076A014202EC00C8076A0142CE
S21403B6A002EC00C8076A014200A000C21850084016
S21403B6B0241211592129127300210E7100C2305031
S21403B6C0084024120121212900A00698EC0888B816
S21403B6D0577800C57C1F00215088044D88BC00C0E5
S21403B6E0BC1E0021811101D91E71407C00950115F5
S21403B6F07C4D5088044DFFBB076B315B04110698E5
S21403B7007A0D3129F87506984A1D541506985C1E5D
S21403B71001D9087206981E0906700698800988BB28
S21403B720547B009500F806982E0A0E7006980C0CAB
S21403B73006982E0A0698D6110698D808911221194B
S21403B74000C0246008400A78097800F810B901BAE6
S21403B750069850130698AA1000C57C1F002100F80F
S21403B7609112033288B900C3B01E0021341300C4FB
S21403B770A81008408CB84278707903DE06714478C6
S21403B78072707179A11020D80A7106981E09029862
S21403B7907C0F80DB507102D84C7205B83088076383
S21403B7A0076302DB2A7100C3AC0008403413066348
S21403B7B080DB0472804800C3102008403413315BDA
S21403B7C00472404831283128026008140768009341
S21403B7D00814A11010300248081400B80814911079
S21403B7E0076008148CB86278A11000DC06765179DD
S21403B7F000BA80DB3A7100C000000200003B3071E3
S21403B80050884110344803DE04719048041508201C
S21403B8100411F82058101C20217800C0A40008400A
S21403B8200E7810D904722E780698A01600959111FA
S21403B83020310269911004D80E7200C1481F0021FE
S21403B840141101D90A7120880698D010009200C1FD
S21403B850180008400533054B1872184C03DE0471B4
S21403B860904C441400C3FF1F0000413BFF233811D4
S21403B870B84900C3306108403413076380DB0E7198
S21403B88003BA076A0698640F00BA0870076A069830
S21403B890640F04490879097914102140081100A09F
S21403B8A000BD0698400210B903DC047100B901BA62
S21403B8B00698501302D9067100404E7201B107690B
S21403B8C00F310698F810FFD82872811008D818711F
S21403B8D006DD0A710698400203DC0C7206983E11D8
S21403B8E0069896130C7006DD10710698441148707E
S21403B8F020B802A806DD107206982E0A0698D80805
S21403B90001F840B802A800F800C0B01E00210413D6
S21403B910076301DB227191100111076911388CB995
S21403B92010D80871447902987C0F02DBFA72A113CF
S21403B93028DBF47203BD06989E1006982E0A00C5EF
S21403B940801F00210698400200BA03DC4A72044DA9
S21403B950A11002D804710C4D00C014000840041056
S21403B960026800C3701F00213411112800C1306122
S21403B97008401411076180D90C71911108D906711A
S21403B980FC230C4DFC23341106983A0D00C10C51D0
S21403B9900840069854075415212D00C0F860084047
S21403B9A0041101D9227100C0381F0021041003308E
S21403B9B001DC147200C0140008400411FB21087651
S21403B9C007BA076A212D0698EA0702988A0A911091
S21403B9D0015503355150011900A000C1441F002131
S21403B9E0141001D8427101480760FE200E758110BD
S21403B9F020D8087100C1481F0021141101D92871ED
S21403BA0000C0246008400412215107610F31076902
S21403BA101152281000C000600840041191122151F1
S21403BA2020311152211900A0811380DB067201B860
S21403BA3000A000C30C5008403410063030727C4B14
S21403BA4034122C4B3410076007604030207281108C
S21403BA5080D8DC713410014A0762036080302150BD
S21403BA608C480A717F2355233410013000A000BD93
S21403BA7006989E1088B847784578437800B8447887
S21403BA8000A006982E0A06983E1100C58C1F0021BA
S21403BA9054150698EA0702988A0A00C374000840F9
S21403BAA0027B06988A1350BA06985A130698F8101B
S21403BAB0FFD84A71911004D84872811007601CD8C9
S21403BAC0407220D938721112FF322151347180210D
S21403BAD08021111400C0E01E00210413FFBA315167
S21403BAE0113A215111538CB938107B7940440E72A8
S21403BAF000B900C2B81E00211812067008B8607894
S21403BB000698841300F800B900C29C100840181267
S21403BB10244A0AB9181288BA507A517A577A8CB9D5
S21403BB2042795F7900A00698400207DC10729110F4
S21403BB3000200A750698D6110298280E0698D8088B
S21403BB4001B9911004D8047100B910BA06985013BD
S21403BB5000BA00402A7100C0B01E0021041107611C
S21403BB6001D9127104D9E2728110076001D8DA7123
S21403BB708CB8647800C11C51084006985407069890
S21403BB80D61100C5901F00215415212D06981E09B5
S21403BB9000C5941F002100F800BC811108D9167255
S21403BBA080D9207201B910BA0698501300400E715E
S21403BBB001BC107006983E110698961320B802A88A
S21403BBC000F80698D61181110231127100B900C22D
S21403BBD00C1008401812244A02B9181206983E118F
S21403BBE000C5981F002154150698D41D02988A0A8A
S21403BBF004110121147188BA737A042004122811DF
S21403BC00042004110121F47200A006989E0701F88F
S21403BC10911010D8347106983C030698FA040698D7
S21403BC202A0500C51C510840541106987A0D00C514
S21403BC30D01E002154155129E27518B876788CB8B1
S21403BC40447801B802A800F8B110076810D82E711E
S21403BC5000C04810084000C3000008403114884C58
S21403BC6044113411076101D9FA714412281007628E
S21403BC7028100762281007622810E87002987602D8
S21403BC8006985C0211380472016A00BB00C1E01E0C
S21403BC900021141120390C72911210DA0672417BBE
S21403BCA000A006988A1300C2B01E0021241220DAD0
S21403BCB00472617B88BA527A00A088BA727A8112BB
S21403BCC004DAFC7200A088B86B78577800C064006A
S21403BCD008402F7800A00698E4100763076390B91E
S21403BCE0637900B902DB227102EC00C909B801D9F5
S21403BCF0507200C2AC0008400E7A10D904722E7A35
S21403BD000698A016E031076102EC00CD114502EC5F
S21403BD1000CC01DB087100BB0298FE1703B8411183
S21403BD200731FA211C760621911210DA087102DD1A
S21403BD3010721E7020B80698160D3038147208B8A4
S21403BD400698240700C0240008402978207800F8C5
S21403BD50046020D806710298581502EC00CA05B88C
S21403BD6023DA187104DBDA7120DAD67110DAD272AC
S21403BD7090B8617800B801DA067202EC00C8911137
S21403BD8010D9267100C1C01E002114111150FF30B6
S21403BD900C720661A110115002300A7180DB0A7220
S21403BDA00AB89E708CB97C790768911111402111ED
S21403BDB0C0311140011990B8411108D90471667851
S21403BDC020D904726578A11002D80672C0DA1E71F3
S21403BDD090B8273123DD087210DB1072607825DDFA
S21403BDE00A7121DD087208DB0471627803B8411119
S21403BDF007310872A1152035AA7102DD3272A1112E
S21403BE0020D9A07102D92872CCDA9872411140D990
S21403BE10927206B802DB1071046500C11020084058
S21403BE201411112D112D054D5C720298E613211184
S21403BE304049C0D94E71A031411540350165514185
S21403BE400361076308DA1E7204DA38721049A11513
S21403BE500235067110DB0E7201340A7108DB247199
S21403BE6090B86778CC3211101A300ADC0872CCDE30
S21403BE700471FD3100C00D0F0C0D0698180D01D886
S21403BE80607207B80298101400BA411108D90C71F1
S21403BE9002EC00CA05B830DAEC720734F0310261FE
S21403BEA001DA0471014900C0F300A3E30698180DF4
S21403BEB001D8D07100C0981440680698180D403019
S21403BEC0014440DA0471204C04320162204A111006
S21403BED006300068014218310269114202982E1496
S21403BEE0204A00C0051708500698180D1130014265
S21403BEF02088FFBB0DDA507100C1DE1B250180BC14
S21403BF0004DA107208DA0A7200C120841000E024F2
S21403BF10A02407634143016401DA06711E49024BFC
S21403BF2000C0281F002107633810BC2002DA1271F4
S21403BF3001B91159A11380DB087100C100FCFF0190
S21403BF40181002988A1700C4B01E0021441080D827
S21403BF507C710092D0DA06710DDA0C7190BD437DC8
S21403BF60EFBD0698C60503620DDA8672A11105D9E0
S21403BF705C7100C23810084024120C24281401D91E
S21403BF80067202D9327140D91E7102EC00CA211022
S21403BF9018320471FA2220D804720822FE22087589
S21403BFA002EC00C8F87001D90E7102EC00C802D981
S21403BFB0067204DC187200C0B01E0021041002686A
S21403BFC001D8067190B8647818B873780298FE178B
S21403BFD000C50020084000C00417000008D90472FA
S21403BFE00A480815104D00B808D90472FF20081532
S21403BFF0084D00C00884000008D9087200C02083DA
S21403C000B8ED0815104D207D00A000B8011A00C039
S21403C01074000840027891101030011905BA06988A
S21403C0205A1302D9067101B802A800C0B01E002137
S21403C030041380DB06710298A61340DB0671029890
S21403C0403E198CBA7C7A01DB6C7100C22C1F00216E
S21403C05024111114FF3402EC00C8FF24FA7607619A
S21403C0600698260D036111380F3003611114011170
S21403C07041100698260D01D8087203B802981014CA
S21403C0801C4A02DB247124101128112804120230E2
S21403C09006710762076200C0FFFF0000213800C276
S21403C0A018000840FF200812411007600698260D66
S21403C0B001D87C7120BC1033767100BB00C1281FE9
S21403C0C000211415C021112C5112076A0F320E716C
S21403C0D0408851140698541841430094511207653A
S21403C0E0036A0F320E714111511406985418036CEB
S21403C0F041430765513B00C1E41E00211411111290
S21403C10031100F30127100BA046101D80471114264
S21403C11000600FD8F472311002601E30047201B84A
S21403C120003A087204B8029810140298161600C152
S21403C130306108401411076180D91A7102EC1DB0F2
S21403C14002EC1DB101581128A0B911591128067522
S21403C1508CBA637A00C0341F002104110F3103DD4B
S21403C1601A7200C000600840041007D80E7200C0A0
S21403C1701040084004B9181000F80698E410069812
S21403C180C40500F830885088FF34087102ECFF2499
S21403C190F87002EC00CD141001BB5150FFD80471A7
S21403C1A031440760006B10DBF2710421FF22E47256
S21403C1B00F4C0095009300A000C0186008400410C0
S21403C1C00560073000A00CB802983A1902EC00CAC2
S21403C1D0FFBC80BD069888180448187202EC00C994
S21403C1E02115F03500650F32076A114200C4FF0FB0
S21403C1F0000000C1C01E0021141031110113413B81
S21403C20002EC10D90871211400CA2C703052067142
S21403C2104052B472211407600760FF3055DC187172
S21403C22000CA005212710ADE0E714ADE0A7155DE2A
S21403C23006713052927200C1C41E002110880698FF
S21403C240361E0731114507650765414500C30C7067
S21403C250084034130763FF330763314500915811D1
S21403C2600849281118B875780BB802981014076394
S21403C270076302EC00CA02DB127155DE06720298EF
S21403C2809C1854DE067202989C1801DB12710698FD
S21403C290600D06985C0D02EC00CA0298FE1700C1FA
S21403C2A0BC1E002114147C490698600D40522E7261
S21403C2B004DBE07190B863780698881804486E72B9
S21403C2C000BA0698600D2113141000C1FF0F00007A
S21403C2D0113A105254710152113A067104B88C7017
S21403C2E000BA0698600D2111FF32076111149110F0
S21403C2F010D82271073103DD1C7200C1C81E00214D
S21403C3001411FF31115206710AB8D4708CB97C79B6
S21403C3100298FE174110813081DC0E72076A034AC9
S21403C320076A0F4A0698181B0298FE171410FFBCDC
S21403C330013C0698BE1B02EC00CA02EC00C902ECE4
S21403C34000CB076A3142076A21410F3302EC00CD66
S21403C35002EC00CA00400872211302EC00CA07620E
S21403C3601142911110D92A7121110F3103DD227266
S21403C37000C1C81E00211411FF31076A00230C7187
S21403C380115308710AB80298AE198CB97C791470E7
S21403C39021110F31076A02DD5A7101DD067103DDD3
S21403C3A04A7200880AB90698021B00902111FF32D0
S21403C3B0FFDE387120543872FC25187202EC00CA6E
S21403C3C001DE107202EC00CA18DE087288B87778AD
S21403C3D01A70066100400472006180D90E714CBA6F
S21403C3E0477A06985A1B90B843780298FE1704B803
S21403C3F09670FF32FF24F8750BB90698021B2110BE
S21403C400E03001584128E875F83002601F32215A9F
S21403C4100125212DDA75012AD67602EC00CAFF2003
S21403C420FA764111073101B80698160D003AC07125
S21403C430BA70004008710698921B0470022106B871
S21403C4401159112DAC7500A000C5A8100840311075
S21403C4500360081501110760076007690F30F031A4
S21403C4601140081507630363381528150762281556
S21403C470076228157FBA281500BA28157FBA28152B
S21403C48090B8437818B8737800A00698CE1B11149A
S21403C4900CB900400A7100640AB90698921B03BDE2
S21403C4A0514400C5A8100840202A047528154815CD
S21403C4B007644815181500400472381507644815B4
S21403C4C000A00088408800C0C81E00210410076032
S21403C4D0073000C4200008404414412C0472012491
S21403C4E041384050047201210094009000A000C01F
S21403C4F0C81E0021041007600730074800A000C2CA
S21403C500C01E002124122114076AFF320CDE1271AA
S21403C5100DDE0E710FDE0A7110DE0671215A00A0C1
S21403C520FF34411200A000C1B41E0021141100A064
S21403C530308806980C1E8111076102D9067202988C
S21403C540E81C88BB557B076120D906710298D81C66
S21403C5500088A11007680698F61B08211415FC2509
S21403C56090BB5C7B5D7B00C1006008401411073103
S21403C570FE21307608D82A725113FC23341304DBC9
S21403C5802071076BFF33315B00C10870084014113C
S21403C590076180490C71FF313029607590BB7B7B46
S21403C5A01C707B7B7C7B00DD04717D7B01BB3815B7
S21403C5B08113076B4033067118BB717BEC2554134C
S21403C5C000DF5471042505DF5471541521112088AA
S21403C5D006987A0D009251293E7500C10060084006
S21403C5E0141102DB0C710731315B31292A760C708A
S21403C5F004DF0872006180D91E720698F61B00C01D
S21403C600087008400698501E0698F61B1411FFD9AA
S21403C610607202982E1D0090009300A05415A1117D
S21403C620076910D9A672082508D8A071082510D85E
S21403C6309A712088211106987A0DFC255412112A26
S21403C640F82554110C2520D80871F025541110250F
S21403C6502029047621591815009202989A1C18B9B5
S21403C6607179811010D80A7188B8447800B8417877
S21403C67088B9747908B9677900F88110A0D8087169
S21403C68088B9497900A0076002D8FA710698F61BA4
S21403C690108806988A130762076210DA0871082161
S21403C6A01415F025541100C20020FEFF2029127530
S21403C6B006985C1E01D90A7206982E0A0698D808B0
S21403C6C000941CBB41100C200698C012411108218F
S21403C6D014100698C0123128441111120761FF3155
S21403C6E0FF320122105210720769181404244413EF
S21403C6F0042438140C7007692141181408240814FC
S21403C700029884134044147100C1B81E0021141506
S21403C7105113036B0FDB0C72066D0698A8074115C1
S21403C72000A00698D80806988A1308BB51140698E2
S21403C730941D4415FC2554150298EA0788B900C3CE
S21403C740B01E00213413076308DB1A718113A0DBC4
S21403C7500671497910706979076302DB087208B9B4
S21403C760677900F800A08111076102D9107188B9B2
S21403C77075790698F61B1411FF3100A0FFB900A0C7
S21403C780041008211411F421081100A08111076177
S21403C790076110310E710698F61B08211411F82153
S21403C7A0141100A084C903006CC903009CC90300CC
S21403C7B0B4C90300232D302B2000686C4C0065663B
S21403C7C067454647003031323334353637383941DA
S21403C7D042434445460030313233343536373839F0
S21403C7E061626364656600000102030405060728A8
S21403C7F02962675F6D65737361676520726563653C
S21403C80069766572730062676275660061636C00C1
S21403C8106C6C5F636F6E6E656374696F6E006C6CD1
S21403C8205F6164765F736574006761705F636F6EE4
S21403C83074657874006C6C5F76616C696461746FA0
S21403C84072006D6573685F70726F765F6462006214
S21403C850675F6D65737361676500736F66745F7496
S21403C860696D65725F6D65737361676500666F7585
S21403C8706E646174696F6E5F636D64006C6C5F6198
S21403C88064765F73796E63006C6C5F7363616E5F6F
S21403C89073796E63006761705F706572696F646950
S21403C8A0635F616476006761705F706572696F6469
S21403C8B069635F73796E63006C326361705F636F85
S21403C8C0635F6368616E6E656C006D6573685F7049
S21403C8D0726F765F64625F6170706B6579006D621C
S21403C8E06564746C735F636F6E74657874000000C0
S21403C8F006C803000CC8030010C803001EC80300C4
S21403C90029C8030035C8030042C803004FC8030004
S21403C9105AC803006DC803007CC8030088C8030018
S21403C92095C80300A6C80300B8C80300CAC8030016
S21403C930DEC8030062676275665F696E00626762DF
S21403C94075665F6F75740062676275665F6E6F66A5
S21403C9506C6F770062675F6D616C6C6F6300626714
S21403C9605F72616E646F6D5F61657300DCCE03009A
S21403C97000000000CCC90300010000005D9E0EDB32
S21403C98000F04902DCCE030000000000F0C90300FB
S21403C990010000002CFACDBE00F04902DCCE0300F5
S21403C9A00000000014CA030001000000481E85EBC7
S21403C9B000F04902DCCE03000000000038CA030082
S21403C9C001000000CA059DBD00F049025CCA0300D1
S21403C9D0809C2B8F80841E000000000027006800C8
S21403C9E0980D00200000000000000000000000007A
S21403C9F07CCB0300809C2B8F80841E0000000000ED
S21403CA0027006800980D00200000000000000000CA
S21403CA10000000009CCC0300809C2B8F80841E00AB
S21403CA200000000027006800980D002000000000AA
S21403CA300000000000000000BCCD0300809C2B8F8C
S21403CA4080841E000000000027006800980D002068
S21403CA50000000000000000000000000F81F0101B5
S21403CA6014D0030034000100100000004000010051
S21403CA7020070000480001000004000054000200E4
S21403CA800D0F000001010000A000010003C001001B
S21403CA9030300100F93D1000B840010000C08300AB
S21403CAA040410100E9008800186004003000004699
S21403CAB01F0804000020001000500A005060040005
S21403CAC018000500000A00000A00800011000A0092
S21403CAD078600C000F040000000000001400120031
S21403CAE05B948C1B0000000001040B192C404C596E
S21403CAF0605B534736251B114AF338966745231266
S21403CB0011090000E46007008208BA8C00000000E8
S21403CB1064048207AC0DCB0C90200600F9541C006D
S21403CB2082940AC704610300C7EF1100A01B00002C
S21403CB300A880000306107004CD4E83B04196F00F4
S21403CB40080E141A20262C32383E10325476980AD1
S21403CB501D5F00001470011000F807001470013008
S21403CB60F800000018700200000300006000A583B0
S21403CB707070010006010200FFFFFFFFF81F0101AE
S21403CB8064D00300340001001000000040000100E0
S21403CB9020170000480001000104000054000200B2
S21403CBA00D0F000001010000A000010003C00100FA
S21403CBB030300100F93D1000B840010000C083008A
S21403CBC040410100E9008800186004003000004678
S21403CBD01F0804000020001000500A0050600400E4
S21403CBE018000500000A00000A00800011000A0071
S21403CBF078600C000F040000000000001400120010
S21403CC005B948C1B0000000001040B192C404C594C
S21403CC10605B534736251B114AF338966745231244
S21403CC2011090000E46007008208BA8C00000000C7
S21403CC3064048207AC0DCB0C90200600F9541C004C
S21403CC4082940AC704610300C7EF1100A01B00000B
S21403CC500A880000306107004CD4E83B04196F00D3
S21403CC60080E141A20262C32383E10325476980AB0
S21403CC701D5F00001470011000F8070014700130E7
S21403CC80F800000018700200000300006000A5838F
S21403CC907070010006010200FFFFFFFFF81F01018D
S21403CCA0B4D003003400010000000000400001007F
S21403CCB0A007000048000100000000005400020026
S21403CCC00000000000000000A0000100FF4C000070
S21403CCD03030010011491000B840010000C0E300E5
S21403CCE040410100EA00880018600400000000C606
S21403CCF01FC000000050000000D032005060040047
S21403CD00FC006900410C0000000000001100080050
S21403CD1078600C000804000000000000BE031A0040
S21403CD20000000000000000001040C1A2F465361A7
S21403CD306862584935201407C491A06356443323C8
S21403CD4022529224E46007008108A1CB0000000071
S21403CD50198407059411CB48992006000161200029
S21403CD608294EA870461030065B611001E3700004B
S21403CD7089BB000030610700E853FA00000000009A
S21403CD80000000000000000000000000000000009B
S21403CD90000000001470011000F807001470013042
S21403CDA0F8020000187002000003000060002784E9
S21403CDB070700100C3000000FFFFFFFFF81F0101B2
S21403CDC004D103003400010000000000400001000D
S21403CDD0A007000048000100000000005400020005
S21403CDE00000000000000000A0000100FF4C00004F
S21403CDF030300100E3381000B840010000C0830063
S21403CE00404101006D00880018600400000000C661
S21403CE101FC00100005000000080000050600400A6
S21403CE2018000500410C00000800000091000400F3
S21403CE3078600C008C000C000000000014001A0040
S21403CE40000000000000000001040B192C404C59A0
S21403CE50605B534736251B114AF338966745231202
S21403CE6011090000E46007008F0846CB00000000AD
S21403CE7023086404D007CB4891200600F9541C000D
S21403CE808294EA870461030051551100B01B000029
S21403CE9089BB000030610700E853FA000000000079
S21403CEA0000000000000000000000000000000007A
S21403CEB0000000001470011000F807001470013021
S21403CEC0F800000018700200000300006000A5834D
S21403CED07070010005410000FFFFFFFFDC1F040127
S21403CEE0000000000000000000000000000000003A
S21403CEF0F01F02013F00370000000000FC1F010185
S21403CF00000000000400020001810100000100008F
S21403CF1018000200000000000100000028000300C3
S21403CF2000000000000000000000000038000200BF
S21403CF30000000007C2C0020A4000300FF4C00002F
S21403CF40FF4D0000FF4D0000002001000807000011
S21403CF5010200100AAAAAA00182001000060DA0027
S21403CF600830010013AC000134300100010000005A
S21403CF704030010000000000A04001007A27000FA7
S21403CF80F440010020100000344102008008000035
S21403CF90E687000044410100C0E6524D60410400AC
S21403CFA0000000000000000006000000060000006D
S21403CFB01460010010000000286003000000000356
S21403CFC00000000000000000606002002941767146
S21403CFD00000000020610100FFDF00004C6101003B
S21403CFE00100000020700400000000008200000022
S21403CFF000008001D5000000487002003C3D0000A0
S21403D000BC190000747002000F9C030006E0490080
S21403D010FFFFFFFF1000000000008000000000007C
S21403D02074D1030054D103000000000020108900CF
S21403D0300048E80140420F0001080000F93D0002E5
S21403D04000000000000000000000000000000000D8
S21403D05000000000E9410F0000000000000000008F
S21403D0600000000010000000000080000000000028
S21403D07074D103005CD10300000000002010890077
S21403D0800048E80140420F0001020000F93D00029B
S21403D0900000000000000000000000000000000088
S21403D0A000000000E9410F0000000000000000003F
S21403D0B00000000010000000388EE30000000000AF
S21403D0C074D1030064D1030000000000E070720016
S21403D0D080DE800280841E000101000011490002E8
S21403D0E00000000000000000000000000000000038
S21403D0F00000000041841E00000000000000000045
S21403D10000000000100000001CC7710000000000B3
S21403D11074D103006CD103000000000018CC660035
S21403D12080DE800240420F0001010000E338000267
S21403D13000000000000000000000000000000000E7
S21403D140000000005B420F0000000000000000002B
S21403D15000000000FBD90200E7180000EBBE000049
S21403D160E7180000B45F00005F05000028A0000079
S21403D170C4090000193F010604100100000101065E
S21403D18000102700000C0000000000000000000054
S20C03D1905404FD7F01000000BA
S21003D198A4D10300C00A00208C03000092
S21403D1A49895030000000000010000009785030023
S21403D1B40000000037FB020021FB0200C0EA210145
S21403D1C400320020C0EA2101C0EA210100800000E9
S21403D1D400F04902E8030000100002010003000007
S21403D1E40000000000000000000000000003000030
S21403D1F4000000000000400003030406800004004F
S21403D20407000000100002010003000000000000F5
S21403D21400000000000000000003000000000000FF
S21403D2240000400003030406800004000700000017
S21403D234CC1D00200000160064000000C20100009C
S21403D244241E00200000160064000000C201000033
S21403D254C2010000C2010000C2010000C2010000B6
S21403D264C2010000C2010000C2010000C2010000A6
S21403D274C2010000C2010000C2010000C201000096
S21403D284C2010000C2010000C2010000C201000086
S21403D294C2010000C2010000C2010000C201000076
S21403D2A4C2010000C2010000C2010000C201000066
S21403D2B4C2010000C2010000C2010000C201000056
S21403D2C4C2010000C2010000C2010000C201000046
S21403D2D4C2010000C2010000C2010000C201000036
S21403D2E400000000C201004000400080000000006F
S21403D2F40000C201C201C201C201C201C201000090
S21403D3040000000000000000000000000000000011
S21403D3140000000000009411941194110000000012
S21403D32400000000000000000000000028A3030023
S21403D33420000000000000000000000000000000C1
S21403D34400000000000000002DEB010000000000B8
S21403D3540000000000000000B1CC01000000000043
S21403D3640000000000000000A9D401000000000033
S21403D374000000000000000055E301000000000068
S21403D38400000000000000007D49030000000000C8
S21403D39489E7010000000000000000000000000010
S21403D3A439E7010000000000000000000000000050
S21403D3B485E801000000000000000000F5F101000C
S21403D3C40000000000FFFFFFFF000000D169030018
S21403D3D4D5690300D9690300DD690300FFFFFFFF76
S21403D3E4F9770300B0A80300FFFFFFFFBCA8030000
S21403D3F40D7C0300097C0300FFFFFFFFE1790200B5
S21403D404FFFFFFFFFFFFFFFFFFFFFFFFFFFFFFFF20
S21403D414FFFFFFFF21800300898303000000000051
S21403D42403000000C02A00204C0D0020000000006A
S21403D434C02A0020282B0020902B00200000000088
S21403D44400000000000000000000000000000000D0
S21403D45400000000000000000000000000000000C0
S21403D46400000000000000000000000000000000B0
S21403D4740000000000000000FFFFFFFF00000000A4
S21403D484000008070A00FFFFFFFF20000400000057
S21403D494000000000200100000000000000000006E
S21403D4A4000000000000000000000A000100000065
S21403D4B400000A001E001D004E65766572666C61E8
S21403D4C46D652043505620332E302E3234203032AE
S21403D4D441756732360002000300030043505600CA
S21403D4E40200020000003235020009000700303350
S21403D4F42E302E3231000000020008000000000027
S21403D5040000000000000200180012003030342D22
S21403D5143236303830322D30303030303030000050
S21403D52400000000020006000500342E342E3300EB
S21403D53402000100000000000200070000000001D2
S21403D5440203040506000A000100000000000400AC
S21403D55401000000000002000100000000000800B3
S21403D5640600000000000000000008004000010060
S21403D574000000000000000000000000000000009F
S21403D584000000000000000000000000000000008F
S21403D594000000000000000000000000000000007F
S21403D5A4000000000000000000000000000000006F
S21403D5B412006400010000000000000000000000E8
S21403D5C4000000000000000000000000000000004F
S21403D5D4000000000000000000000000000000003F
S21403D5E4000000000000000000000000000000002F
S21403D5F4000000000000000000000000000000001F
S21403D604000000000000000000000000000000000E
S21403D61400000000000000000000FF7FB820382848
S21403D624C230533AC844F34FAC5BC167F07301800E
S21403D634C78B0E97AEA19FABC8B425BDB7C468CB42
S21403D6445CD1AED664DB8CDF32E36EE649E9C7EB26
S21403D654F8EDE3EF9CF119F3610EA312D717121E2C
S21403D6646425D22D5337CF411F4D10596665E1719A
S21403D6743E7E3D8AB9958CA09BAAD7B33BBCCBC34D
S21403D68463CB8ECA94D0EBD5A4DACEDE79E2B3E5C7
S21403D69489E808EB3CED2CEF64F2BAF3E8F4F5F50D
S21403D6A4004000400040004000400040004000406E
S21403D6B400800080008000806A950D020000000050
S21403D6C4000003FBC31ED007D007AA050500060007
S21403D6D4A000960017000E0000000000FFFF0104E0
S21403D6E402021F0401FFBF8FAF7F8700370F10109E
S21403D6F40004040F05140A01FF03010FFF0EFE01C5
S21403D704FF200B32324B4B00044AD2F84C3143F021
S21403D714004330BFC2F84C31704700BF00300E40A0
S21403D724C1D5000099D500000000000000000000E9
S21403D73400000000000000000000000000000000DD
S21403D74400000000000000000000000000000000CD
S21403D75400000000000000000000000000000000BD
S21403D76400000000000000000000000000000000AD
S21403D774000000000000000000000000000000009D
S21403D784000000000000000000000000000000008D
S21403D794000000000000000000000000000000007D
S21403D7A4000000000000000000000000000000006D
S21403D7B4000000000000000000000000000000005D
S21403D7C4000000000000000000000000000000004D
S21403D7D4000000000000000000000000000000003D
S21403D7E4000000000000000000000000000000002D
S21403D7F4000000000000000000000000000000001D
S21403D804000000000000000000000000000000000C
S21403D81400000000000000000000000000000000FC
S21403D82400000000000000000000000000000000EC
S21403D83400000000000000000000000000000000DC
S21403D84400000000000000000000000000000000CC
S21403D85400000000000000000000000000000000BC
S21403D86400000000000000000000000000000000AC
S21403D874000000000000000000000000000000009C
S21403D884000000000000000000000000000000008C
S21403D894000000000000000000000000000000007C
S21403D8A4000000000000000000000000000000006C
S21403D8B4000000000000000000000000000000005C
S21403D8C4000000000000000000000000000000004C
S21403D8D4000000000000000000000000000000003C
S21403D8E4000000000000000000000000000000002C
S21403D8F4000000000000000000000000000000001C
S21403D904000000000000000000000000000000000B
S21403D91400000000000000000000000000000000FB
S21403D92400000000000000000000000000000000EB
S21403D93400000000000000000000000000000000DB
S21403D94400000000000000000000000000000000CB
S21403D95400000000000000000000000000000000BB
S21403D96400000000000000000000000000000000AB
S21403D974000000000000000000000000000000009B
S21403D984000000000000000000000000000000008B
S21403D994000000000000000000000000000000007B
S21403D9A4000000000000000000000000000000006B
S21403D9B4000000000000000000000000000000005B
S21403D9C4000000000000000000000000000000004B
S21403D9D4000000000000000000000000000000003B
S21403D9E4000000000000000000000000000000002B
S21403D9F4000000000000000000000000000000001B
S21403DA04000000000000000000000000000000000A
S21403DA1400000000000000000000000000000000FA
S21403DA2400000000000000000000000000000000EA
S21403DA3400000000000000000000000000000000DA
S21403DA4400000000000000000000000000000000CA
S21403DA5400000000000000000000000000000000BA
S21403DA6400000000000000000000000000000000AA
S21403DA74000000000000000000000000000000009A
S21403DA84000000000000000000000000000000008A
S21403DA94000000000000000000000000000000007A
S21403DAA4000000000000000000000000000000006A
S21403DAB4000000000000000000000000000000005A
S21403DAC4000000000000000000000000000000004A
S21403DAD4000000000000000000000000000000003A
S21403DAE4000000000000000000000000000000002A
S21403DAF4000000000000000000000000000000001A
S21403DB040000000000000000000000000000000009
S21403DB1400000000000000000000000000000000F9
S21403DB2400000000000000000000000000000000E9
S21403DB3400000000000000000000000000000000D9
S21403DB4400000000000000000000000000000000C9
S21403DB5400000000000000000000000000000000B9
S21403DB6400000000000000000000000000000000A9
S21403DB740000000000000000000000000000000099
S21403DB840000000000000000000000000000000089
S21403DB940000000000000000000000000000000079
S21403DBA40000000000000000000000000000000069
S21403DBB40000000000000000000000000000000059
S21403DBC40000000000000000000000000000000049
S21403DBD40000000000000000000000000000000039
S21403DBE40000000000000000000000000000000029
S21403DBF40000000000000000000000000000000019
S21403DC040000000000000000000000000000000008
S21403DC1400000000000000000000000000000000F8
S21403DC2400000000000000000000000000000000E8
S21403DC3400000000000000000000000000000000D8
S21403DC4400000000000000000000000000000000C8
S21403DC5400000000000000000000000000000000B8
S21403DC6400000000000000000000000000000000A8
S21403DC740000000000000000000000000000000098
S21403DC840000000000000000000000000000000088
S21403DC940000000000000000000000000000000078
S21403DCA40000000000000000000000000000000068
S21403DCB40000000000000000000000000000000058
S21403DCC40000000000000000000000000000000048
S21403DCD40000000000000000000000000000000038
S21403DCE40000000000000000000000000000000028
S21403DCF40000000000000000000000000000000018
S21403DD040000000000000000000000000000000007
S21403DD1400000000000000000000000000000000F7
S21403DD2400000000000000000000000000000000E7
S21403DD3400000000000000000000000000000000D7
S21403DD4400000000000000000000000000000000C7
S21403DD5400000000000000000000000000000000B7
S21403DD6400000000000000000000000000000000A7
S21403DD740000000000000000000000000000000097
S21403DD840000000000000000000000000000000087
S21403DD940000000000000000000000000000000077
S21403DDA40000000000000000000000000000000067
S21403DDB40000000000000000000000000000000057
S21403DDC40000000000000000000000000000000047
S21403DDD40000000000000000000000000000000037
S21403DDE40000000000000000000000000000000027
S21403DDF40000000000000000000000000000000017
S21403DE040000000000000000000000000000000006
S21403DE1400000000000000000000000000000000F6
S21403DE2400000000000000000000000000000000E6
S21403DE3400000000000000000000000000000000D6
S21403DE4400000000000000000000000000000000C6
S21403DE5400000000000000000000000000000000B6
S21403DE6400000000000000000000000000000000A6
S21403DE740000000000000000000000000000000096
S21403DE840000000000000000000000000000000086
S21403DE940000000000000000000000000000000076
S21403DEA40000000000000000000000000000000066
S21403DEB40000000000000000000000000000000056
S21403DEC40000000000000000000000000000000046
S21403DED40000000000000000000000000000000036
S21403DEE40000000000000000000000000000000026
S21403DEF40000000000000000000000000000000016
S21403DF040000000000000000000000000000000005
S21403DF1400000000000000000000000000000000F5
S21403DF2400000000000000000000000000000000E5
S21403DF3400000000000000000000000000000000D5
S21403DF4400000000000000000000000000000000C5
S21403DF5400000000000000000000000000000000B5
S21403DF6400000000000000000000000000000000A5
S21403DF740000000000000000000000000000000095
S21403DF840000000000000000000000000000000085
S21403DF940000000000000000000000000000000075
S21403DFA40000000000000000000000000000000065
S21403DFB40000000000000000000000000000000055
S21403DFC40000000000000000000000000000000045
S80401281DB5
