S017000062745F6E65766572666C616D655F43532E7333378E
S21400000000000120F9340000F5340000F53400004B
S214000010591B0000F5340000F5340000F5340000EC
S214000020F5340000F5340000F5340000F534000027
S214000030F5340000F5340000F5340000F534000017
S214000040F534000015740000F5340000F5340000A7
S2140000501D6C000059740000217400002574000017
S21400006019740000F5340000F5340000F534000083
S214000070F5340000F5340000F5340000F5340000D7
S214000080F5340000F5340000F5340000F5340000C7
S214000090F5340000F5340000F5340000F5340000B7
S2140000A0F5340000F5340000F5340000F5340000A7
S2140000B05D7400001D740000818B0000F5340000A4
S2140000C099740000F5340000F1560000F534000085
S2140000D0F5340000F5340000F5340000F534000077
S2140000E0F5340000F5340000F5340000F534000067
S2140000F0F5340000F5340000F53400000348044BE6
S214000100834202D0034B03B118477047C400002057
S214000110C4000020000000000548064B1B1AD90F3B
S21400012001EBA301491002D0034B03B118477047F7
S214000130C4000020C40000200000000010B5064CDB
S214000140237843B9FFF7DAFF044B13B10448AFF343
S21400015000800123237010BDC800002000000000AE
S21400016010C0000008B5054B1BB105490548AFF3A4
S2140001700080BDE80840FFF7CFBF00BF00000000CA
S214000180CC00002010C00000A3F5803A704700BFE6
S214000190174B002B08BF134B9D46FFF7F5FF0021BA
S2140001A08B460F461348144A121A09F0B7FA0E4B3C
S2140001B0002B00D098470D4B002B00D0984700200E
S2140001C0002104000D000D48002802D00C48AFF3B3
S2140001D0008009F071FA2000290002F075FA09F093
S2140001E059FA00BF000008000000000000000000F0
S2140001F000000120C80000205C190020000000005C
S21400020000000000BFF34F8F0549064BCA6802F492
S214000210E0621343CB60BFF34F8F00BFFDE700BF24
S21400022000ED00E00400FA0510B50246F8B1114BE7
S2140002301968888890421AD39888904281BF0968C6
S21400024099600120988099889868002420B904B1A4
S21400025098604FF6FF7203E08A4203D10CB19860B3
S2140002609A8010BD0131006889B20124EEE70020B3
S214000270F7E700BF8C100020114A916A01F1704325
S21400028003F5F813B3F5006F0CD2D2F82838A3F1B3
S2140002907E62A2F58432B2F5605F03D20968094A2D
S2140002A0914203D000230370836070471968064AA2
S2140002B09142F7D1012202709A6842609B69F3E787
S2140002C00000E10FAD1007B007B0CD5E1FB50C46BD
S2140002D040B901A8FFF7D0FF044B029A1A602360CA
S2140002E00423A380002004B010BD00BF78020020C5
S2140002F0064BD3F82828A2F17E63A3F58433B3F522
S214000300605F01D2536A1847002070470000E10F73
S2140003100D4B10B4D3F82848A4F17E63A3F58433BC
S214000320B3F5605F0BD2246BA4F17E63A3F5843330
S214000330B3F5605F03D2A36B5DF8044B184740F239
S21400034001105DF8044B70470000E10F0B4BD3F82B
S2140003502828A2F17E63A3F58433B3F5605F09D243
S214000360126BA2F17E63A3F58433B3F5605F01D20E
S214000370D36B184740F20110704700BF0000E10F32
S2140003807FB50E4A03466D4602F1100610685168A6
S2140003902C4603C40832B2422546F7D15A1E04A999
S2140003A00F3311F8014D12F8010F844204D19A421E
S2140003B0F7D1012004B070BD0020FBE7389900009B
S2140003C0F8B5184E306848BB174B184C184FE41A4F
S2140003D0184B1C4424F4FF6424F00704D7F8F830C4
S2140003E09BB2B4EB832F18D2656BC5B1D7F8F83043
S2140003F09BB2B5EB832F12D2D7F8F82005F1500345
S21400040092B2B3EB822F0AD82846FFF7B9FF30B175
S214000410EB6933F0080302D034603068F8BD04F5A9
S2140004200064DBE77002002010000020C4000020FB
S2140004300081E00F67C8000010B50C4648B9FFF70A
S214000440BFFF054B10B1426B126A1A60236004238B
S214000450A380002010BD00BF74020020084B40F2AD
S21400046001121A604FF0FF329A6001225A6001446E
S21400047010F8012B9A618842FAD1D869C0437047B8
S21400048000C00140034B044A9979117500221A6096
S214000490704700BF400B0020D80A002030B500226D
S2140004A08BB01346D91003F00704415C2141CC07FA
S2140004B041BF02F128016944013201F8283C0133AA
S2140004C0252BEFD10D4C0023D91003F00705415C16
S2140004D02941C9075FBFB3FBF2F102FB1131283196
S2140004E0694448BFD9B203F1010358BF11F8281C6C
S2140004F004F8011F252BE7D10BB030BD010B0020FF
S21400050008B50348FFF7CAFF002340F8063C08BDBD
S214000510460B0020084A10B5136840F2E2446043D8
S21400052000F5807004FB013303EB5003136053683F
S2140005300344536010BD00BFD80A0020D0B50C4C51
S214000540E38C0A20584308F009FE0646A08C0F46A6
S21400055008F004FE074B002208F06AFE02460B462F
S2140005603046394608F08EFF09F074F82083D0BD77
S214000570D80A00200000F43F70B5094CB4F8071004
S214000580A079B4F80960B4F80D50FFF7C3FF054B27
S2140005909E84DD84FFF7D2FF0023236070BD00BF7A
S2140005A0400B0020D80A0020837DDB0701D5808A17
S2140005B07047D0E901239B1A44BF828A9B1898B2E1
S2140005C070470000084BD3F8F020D3F8F4300270E0
S2140005D0110A120C82701A0AC2701A0C1B0E417095
S2140005E002714371704700BF0081E00F034BD86B68
S2140005F080F04000C0F38010704700BF00300E400F
S21400060008B5FFF7F3FF20B1024AD2F8C830002B36
S214000610FBD108BD0000C64308B5FFF7F1FF024B4B
S2140006205868C0F3014008BD00300E400C4B98429D
S21400063005D90C4B984210D80122012301E0002274
S214000640134609490B640949D1F8003123F0807339
S21400065043EA0263C1F8003170470222EDE700BFAB
S2140006600048E8010090D0030000C84300400E4058
S2140006700F4B5B680F4B30B500221C46C9B21D7984
S2140006808D4202D11D6885420DD20132052A03F142
S2140006900803F4D10321064A536823F0407343EA63
S2140006A00163536030BD04EBC2046179F3E700BF19
S2140006B000000E40EC99000038B5074C0748256C42
S2140006C041F6713323640021ADB2FFF7D1FF0DB1BF
S2140006D00023236438BD00BF00000E4000F049022E
S2140006E038B5064C256C41F671332364ADB2FFF77E
S2140006F0BFFF0DB10023236438BD00BF00000E40CD
S21400070042EA0322B2F5007F10B5194C29D00AD868
S214000710B2F5807F22D040F201139A4215D062B91A
S214000720D4F81C320BE0B2F5407F1DD040F2013306
S2140007309A4210D0D4F8283201E0D4F82432C3F319
S2140007400722DBB203600A6010BDD4F824321A0E0A
S214000750C3F30743F6E7D4F82832F8E7D4F81C3298
S214000760F5E7D4F82032EAE7D4F82032EFE700BF06
S2140007700081E00F2F4B1A6FD96C11F0010F02F0B9
S214000780060242D0002A40D013284FD91438132826
S2140007908CBF102308232749013BCA6C180322F498
S2140007A07F4240EA03231343CB64234BCA6C1B8867
S2140007B0C2F303222833013202EB820003EB530319
S2140007C0B3FBF0F3C86C013B072B28BF072320F0D0
S2140007D0EE6040EA036343F48013CB64174BB3F92F
S2140007E00030002B10DB2833500800EB420203EBEE
S2140007F05303B3FBF2F30A6D072B28BF072322F03F
S214000800700242EA03130B657047D96C01F00101D0
S214000810114304D1092809D90A380928B8E7DB6C3E
S21400082013F00103B7D01AB92728B1E70423B2E7BB
S2140008300023B0E700300E405A0B0020580B002073
S21400084070B51D4DD5F82828A2F17E63A3F5843334
S214000850B3F5605FE0B001D2136B23B94FF40174B7
S214000860204660B070BD5B6A4FF4C07269460020D7
S214000870984704460028F3D140F20126D5F82828E8
S214000880A2F17E63A3F58433B3F5605FE6D2126B04
S214000890A2F17E63A3F58433B3F5605FDED2936A7C
S2140008A0002168469847B042E8D040F203239842B9
S2140008B018BF0446D4E700BF0000E10F104A0B46FD
S2140008C0D2F82818A1F17E62A2F58432B2F5605FF4
S2140008D010B40FD2096BA1F17E62A2F58432B2F594
S2140008E0605F07D20C69074A0146A44600205DF8FF
S2140008F0044B60474FF481705DF8044B704700BFAF
S2140009000000E10FD006002037B50446684680E8B0
S214000910060003C8251D85E805002373069B0B4AC1
S2140009202361BDF81C30A38200232360136853B1F3
S21400093019461B68002BFBD10C609088013080B2F2
S214000940908003B030BD1460F7E700BF4C13002062
S21400095037B50D461446FFF767FC70B1036973B1EF
S214000960818A4FF6FE72914209D10095ADF8044097
S21400097069460120984703B030BD0120FBE70E20F2
S214000980F9E7036937B514460D46828A63B14FF618
S214000990FE718A4208D100200090ADF80400694636
S2140009A0984728B103B030BD2B6000202280F9E7BD
S2140009B0009B2B60BDF804302380F3E738B50D4666
S2140009C01446FFF731FC40B122462946FFF7D9FF0F
S2140009D010B92B6803B9208038BD0120FCE7000061
S2140009E007B503790193054A0368009306CA0223F4
S2140009F00830FFF789FF03B05DF804FBD8990000C4
S214000A00034B5A6D12B95865A3F85810704700BFCB
S214000A10D80A00200C4BD3F82838A3F17E62A2F542
S214000A208432B2F5605F10B50CD21968074A91425D
S214000A3008D1074C2278012A04D11B6A984708B9C6
S214000A400223237010BD00BF0000E10F07B0CD5E8B
S214000A50E40000200C4BD3F82838A3F17E62A2F500
S214000A608432B2F5605F10B50DD21968074A91421C
S214000A7009D1074C227812F0FD0F04D1DB699847A4
S214000A8008B90123237010BD0000E10F07B0CD5E4A
S214000A90E400002008B50F4B0F4C1B784FF00055B4
S214000AA06BB1FFF7D7FF0D4B2B600123A3602368C4
S214000AB023F4E06343F480632360FFF7A3FB2B601B
S214000AC00123A360236823F4E06343F48063236078
S214000AD0FFF798FBBD06002000500E4002020FF004
S214000AE0054A08B5937E43F040039376034B0022F5
S214000AF01A70FFF7CFFF00BFD80A0020541300205B
S214000B002DE9F04105460E461146FFF74DFD884299
S214000B1028BF084687B2B846B8F1000F09D12FB1F2
S214000B20AB7DDA0744BF23F00103AB753846BDE85A
S214000B30F081AA8A2B6869689C18641AA4B2444596
S214000B4028BF44462246304608F0DAFD6B6829681E
S214000B50AA8A23440A442644934228BF0B46A8EB9D
S214000B6004041FFA84F86B60D6E7F8B51F46038ABC
S214000B7004461646EBB9C57DDDB10123013D0B7079
S214000B800222C57500F11001FFF7BAFFE37D9BB1A5
S214000B90228ABA4228BF3A4631462046FFF7B0FFBF
S214000BA0238A1B1A2382E37D13B9638A1B1A638286
S214000BB0F8BD00230B70EBE7638A2382E8E72DE994
S214000BC0F041868A04460F461146FFF7EDFC361ABA
S214000BD0B6B28E4228BF0E46B046B8F1000F0BD113
S214000BE03EB1D4E901329A4202BFA37D43F001032D
S214000BF0A3753046BDE8F081A28A2368A0689D18D8
S214000C002D1AADB2454528BF45462A46394608F056
S214000C1077FDA3682168A28A2B440A442F44934296
S214000C2028BF0B46A8EB05051FFA85F8A360D4E796
S214000C30F8B5044616461F4611B3858AFFF7B4FC7E
S214000C402D1AADB2012D29D9E37D63B1658AE0681E
S214000C5005702D0A07D02268A38A013013449842F3
S214000C6028BF1046057000236382A368E360022253
S214000C7004F112012046FFF7A2FFE37D0133E3757E
S214000C803A4631462046FFF79AFF638A034463825A
S214000C90E37D13B9238A03442382F8BD0020FCE7D2
S214000CA013B50379124A03330446019300F1440353
S214000CB0009306CA02231430FFF726FE238A019308
S214000CC0E368009394E80600237A04F12C00FFF70B
S214000CD01BFE237A22792168A4F8450004F1470018
S214000CE084F8443002B0BDE8104008F009BD00BFEB
S214000CF0E499000070B50C4C0C4B06460D4694E883
S214000D00030083E803001846FFF76AFE084BD4E9A1
S214000D10020102221A7283E80300DE601D82184672
S214000D20BDE87040FFF7BCBFA09A0000400100205D
S214000D30E80000202DE9F347DDF82880BDF82C9068
S214000D4004460E4617461D46FFF76EFA8246BAF16F
S214000D50000F01D0B44205D94FF6FF74204602B00A
S214000D60BDE8F0879AF80830DAF804009D421AD1F8
S214000D702A46394608F09AFDA8B9B8F1000FEDD01A
S214000D800DF1020201A95046FFF7FBFD58B9019983
S214000D9049B1BDF802304B4505D14A46404608F0F9
S214000DA085FD0028DAD00134DAF800A0A4B2CEE738
S214000DB038B50C4611462568AD1A2A46014408F097
S214000DC085FD256038BD000001282DE9F34704D0D5
S214000DD00024204602B0BDE8F0878B88012B40F047
S214000DE03C810B681B78FBB99E4A9F4C13609F4A58
S214000DF013709F4A13609F4A13609F4A13609F4A6E
S214000E0013609F4A13709F4A13609F4A13609F4A5D
S214000E1013702378022B01D1FFF7FCFD012323700A
S214000E209B4B00221A70D3E7032B40F003818F4BB5
S214000E308D4E1C78002C4FD13378002B00F0F280BA
S214000E408F4B1B78082B02D0402B40F08A80DFF8AF
S214000E501482D8F800305BB98E4DD5F82838A3F147
S214000E607E63A3F58433B3F5605F55D3802433E007
S214000E7013F003071CBFC7F10407FFB203EB070A12
S214000E80BAF5806F00F2D2808348DFF8F8913A46D0
S214000E901844FF2108F042FC804BD9F800501B682C
S214000EA0C8F800A00AEB05029A4200F29480704B44
S214000EB01B681D445544DFF8C4A125F4FF65DAF825
S214000EC0000025F00705854210D9291A00F50060B4
S214000ED0FFF73CFA40B185243378022B01D1FFF7A7
S214000EE099FD0023337074E7CAF80050D8F8001054
S214000EF0D9F80000FFF7E2FCD9F80030D8F8002057
S214000F00584913440546DB1B6348C9F80030FFF711
S214000F104FFF002DA0D0DEE7FFF792FCD8B9D5F83A
S214000F2028280190A2F17E63A3F58433B3F5605FB1
S214000F30D1D2126BA2F17E63A3F58433B3F5605F62
S214000F40C9D29369012101A898470028C3D14F4B05
S214000F5001221A70C0E741F20803984286D186241F
S214000F60BAE7002B60D04A4B1B78002B3FF47EAFCD
S214000F70454F3B6843B9404B494918681022FFF774
S214000F80C7F90028A8D0A6E713F003021CBFC2F1D9
S214000F900402D2B29D18B5F5806F47D84148DFF8F5
S214000FA0D480FF21184408F0B9FB3F4A3F4BD8F8DD
S214000FB000103D609B1A3E4A13443E4A13408B4243
S214000FC036D83D4BD3F8F8309BB29B020D44A3F5C0
S214000FD08053AB4201D283247EE7DFF8A090D9F895
S214000FE000001540854209D9291A00F50060FFF770
S214000FF0ADF900287FF46FAFC9F800503A68294968
S214001000D8F80000FFF784F9D8F800303A681E498F
S214001010054613442348C8F80030FFF7C9FE002DE4
S214001020A9D058E7812457E7842455E7822453E75C
S214001030872451E7042B12D1204813230221437042
S2140010400170FFF7DDFC1E4A1E4B128905329A809E
S2140010501D4A1A6042789A71BAE60D24B9E606244B
S214001060B7E600BFD00A0020D50A0020D60A002026
S214001070C4060020B4020020B0020020C0060020F3
S214001080D40A0020CC060020B8060020BD060020AA
S214001090BC0600200000E10FD0060020C806002095
S2140010A0A0020020B802002010000020C40000208B
S2140010B067C8000000F8FFFF0081E00F340B002037
S2140010C0D80A0020400B0020E10A00002DE9F84F66
S2140010D0DFF85091494BD9F80050DFF84C81471B98
S2140010E082464748C8F800701B1A4648034423F453
S2140010F0FF6323F007039F42144678D3424BD3F88E
S214001100F8309BB29B020AEB0206A3F580539E4280
S21400111070D82C44B4F5806F03D93C4B82221A70E9
S21400112063E0DFF8FCB00BEB050008F0E9FA384B9B
S214001130C9F800401A6822B9332C56D9DBF8342097
S2140011401A601B689F421FD89E421DD903F11002E9
S21400115096424AD31D44A5EB0A055D442D4A2B460C
S21400116005F1100153F8040B42F8040B8B42F9D139
S2140011702848FFF705F910B9244B8422CFE7102240
S214001180FF21284608F0CAFA234D244B286804F0AD
S2140011900304361B1E4058B907EA0300C0F5006179
S2140011A03144FFF7D3F82E6040B1184B8522B6E7DE
S2140011B0864203D9311A00F50060F2E7D9F800201C
S2140011C01749D8F80000121BFFF7A2F8D9F800203C
S2140011D0D8F800301349121B054613441048C8F8C7
S2140011E00030FFF7E5FD002DDFD1BDE8F88F074B97
S2140011F0872294E7054B832291E700BFC4000020B6
S2140012001000002067C800000081E00FD60A00200A
S214001210B0020020A0020020C006002000F8FFFF59
S214001220B8020020B8060020B402002037B5124CE1
S214001230002360600093437AD0E90021206802F022
S2140012402BFD238CDB050CD563680C4D1B7A2A78A6
S2140012509A4206D0012B06D0022B08D063681B7A70
S2140012602B7003B030BD206802F0ECFCF6E7206877
S21400127002F0EEFCF2E700BF9810002060020020AB
S21400128013B50D4B0D4C1B8AADF804300128ADF894
S214001290003004BF02238DF8043001A908BF0423E0
S2140012A0206808BF8DF8003002F0F5FB206869461C
S2140012B002F007FC02B010BDA09A000098100020B3
S2140012C0034B00221A6118680122032102F06AB952
S2140012D09810002010B5164CA37E5B0626D4FFF7A8
S2140012E0EFFFA28C236840F2E24101FB0233236049
S2140012F094F84F10A37A0B442521B3FBF1F001FBC1
S2140013001033A37223890133238163680A2101FB0A
S21400131002336360238B5A1E22833BB9A27E42F0BF
S2140013204002A276034A1370FFF7B4FB10BD00BF5D
S214001330D80A0020541300207FB502238DF806300B
S214001340064B5A8B596918680332ADF804206A4672
S21400135002F036FC009807B05DF804FB98100020F9
S21400136010B51E4C1946236986B023B3A2F10800B7
S214001370084322D101AA0321206802F01DFC6368FD
S21400138060615B7A23769DF80430DA1F534253413E
S214001390627E63F30002039BE361BDF8063062766B
S2140013A0638304F11801022023699847206801220C
S2140013B0002102F007FC06B010BD02F17F40084392
S2140013C005D10021012006B0BDE81040184712F4F0
S2140013D0A0411ABF00210320FF20F4E79810002048
S2140013E02DE9FF41194C1A4D637A0133DBB2282BE5
S2140013F028BF252320466372FFF718FF627D154934
S2140014002868D4F80C80667C4FF40073023202F031
S214001410B5FB6B68104A5B7A06F001063046D75C6F
S214001420FFF72EFF00220123009203932868CDF8D1
S214001430088002AB394602F0B9F810B1FFF740FF5A
S214001440D2E7064B2B6104B0BDE8F081BC1000204B
S21400145098100020D01000201B9A000015150000E0
S2140014602DE9FF41254CA37E5A0640D4244A218903
S21400147023F0070343F00103A37613681BB1928899
S2140014808A4200D19847A37A1E48234493F82A300C
S2140014906375FFF7CBFED4E900561B4C1B4A636806
S2140014A05B7A4FEA5608D75CA5EB56060120FFF795
S2140014B0E7FE643500964FF4807300264544ADF889
S2140014C00C306A4639462068029533468DF804602B
S2140014D08DF80E6002F076F8012205463146206847
S2140014E002F070FB35B1FFF7F5FEFFF7B9FF04B069
S2140014F0BDE8F081064B2361F9E700BFD80A00205B
S214001500400B0020E40A0020981000201B9A0000E0
S2140015107D16000002282DE9F0411DD002D80128D2
S21400152007D0FEE7032800F09E80FF2800F09B808F
S214001530F7E74E4C637C990707D5FFF7C1FEFFF728
S2140015404FFF637C6FF341036374637CDA0768D4F0
S214001550BDE8F041FFF744BF4B78DB0740F18380DE
S2140015604C68227802F00F08B8F1030F5BD0B8F190
S214001570050F78D13E498B7B03F00103B3EBD21FF6
S2140015804FD10622083104F1080008F08FF906460C
S214001590002846D1FFF794FEFFF7CEFE354D3146C4
S2140015A007465C22284608F0B9F8AB7EA5F81880F6
S2140015B043F02003AB76627E237E43EA0223AB84AD
S2140015C0627F237F43EA0223EB8494F82330C3F33D
S2140015D0040385F84F3094F82330C3F3421385F89C
S2140015E0503004F11E001B232B85FEF757FFD4F85E
S2140015F00E30E27CEB60A37C2F6043EA0223227D60
S214001600607D43EA02432B61012695F84F30AB72AA
S2140016102E75E18A3144FEF77DFFFFF721FF164B5A
S2140016201E70BDE8F081124DAB7B03F00103B3EBF7
S214001630D21FF6D1062205F1080104F1080008F0D1
S21400164035F90028EDD1094C286894F83D204FF470
S2140016500073023204F13C0102F090FA637C43F01E
S21400166002036374DDE7FFF72BFE71E7BC10002072
S21400167098100020D80A00205413002002282DE9D4
S214001680F74F0F460BD003D8012800F0D781FEE7AE
S214001690032800F0DB81FF2800F0D881F7E74E78BA
S2140016A04A68B34D16F0010661D10026AB7EB14CF8
S2140016B013F0200F12D0696D6FF34513AB76002937
S2140016C000F0C580237895F85820627043F0030335
S2140016D0A01C237008F014F800236B65A648A549E3
S2140016E0FEF762FFAB7E003818BF012060F34103AF
S2140016F0C3F3C002AB76C3F300139B0043EAC203F6
S214001700227843EA001322F01C0213436278237007
S2140017109A4C02324FF400732068D2B202F02EFACE
S214001720AB7E7F68D90709D56FF30003AB7600233D
S2140017306B60FFF701FE2860FEF700FF002E00F04A
S214001740F9803B7803F00303022B00F05F81032B44
S21400175000F09480012B40F0ED8089487D78818AE6
S214001760FEF722FF081ABC1C80B200265BE1137845
S214001770AC7EC3F3001363F382041378AC76C4F331
S2140017800011C3F3C00C8C45E0B2C3F3800AC4F367
S214001790C0040CD0544588D0AB7E84F00104E4002D
S2140017A044F0200423F028031C43AC767DE703F0C6
S2140017B00303022B18D0032B04D0012BEAD14FF0E1
S2140017C0000B12E0544508D084F00104E40044F015
S2140017D0200420F028031C43AC76AB7E81F0010188
S2140017E061F30413AB7661E7B34692F80180B8F173
S2140017F0000F0ED1544501D10026EEE7AB7E84F0F3
S2140018000104E40044F0200423F028031C43AC76D3
S214001810F2E75B48B0F81490FEF7C6FEA9EB0000AE
S21400182080B2BBF1000F03D00228B3D9023880B2D1
S214001830544509D0AB7E84F00104E40044F0200453
S21400184023F028031C43AC768045C6D92DE795F8CF
S21400185028304948A21C0DF10701FFF786F910F061
S214001860FF0018BF9DF80730227860701ABF01335A
S214001870DBB2012363F3010222702FE7BB780C2B47
S2140018800AD80C2B0AD8DFE803F03F2B58090909C1
S2140018900909600909091800142B7FD0394A127803
S2140018A02AB1162B00F09680182B00F0A28036483E
S2140018B007220270437002210DE033480C234FF0DC
S2140018C0FF320370012343708270037102220023EB
S2140018D0C2704371062103B0BDE8F04FFFF790B821
S2140018E0797A3B7A294A43EA0123938013462849AA
S2140018F043F8061BD7F80310C2F80610B7F80720FF
S2140019009A807A7A9A7115E07A7B3B7B1F4943EA84
S21400191002238B800B461F4A43F8062BD7F803207A
S214001920C1F80620D7F807205A60B7F80B201A81AE
S2140019307A7B9A7203B0BDE8F08F2A89134B053282
S2140019409A80154A1A60FA78DCE7D7F80330228CBA
S2140019500D48134003F0FF0322F0FF021343024634
S214001960092102F8011BC0F8013000235360B2E7DA
S214001970D80A002060010020A00D0020981000204A
S214001980341300205E0B0020340B0020400B002098
S2140019900105000079050000E10A0000B7F80530EF
S2140019A0B7F803202D48DB08934228BF13462B8543
S2140019B0152300216FF004046FF02702037007233D
S2140019C0817081714470C27003714471C271037278
S2140019D0092180E73A79FB782048134003F0030397
S2140019E0022B18BF01231722027043708370032155
S2140019F071E77A79B9791A4B42EA01229A80194A34
S214001A001A60D7F80320C3F8062093E716487D78B7
S214001A10818AFEF7C9FD081A80B2022838BF022064
S214001A200238BC1C80B2854284D80F482B4622461A
S214001A30314603B0BDE8F04FFFF7FAB80B4B9B7E7C
S214001A409A073FF577AF5B073FF574AFFFF742FCA9
S214001A5003B0BDE8F04FFFF703BD00BF340B002016
S214001A60400B00208504000034130020D80A002014
S214001A70EFF3108072B670470048704700F04902D6
S214001A800E49D1F8942002F00702042A0BD8022A45
S214001A900FD811D00A4BD1F80001C0F30420013052
S214001AA0B3FBF0F07047074B0548052A18BF0346FE
S214001AB0F1E74FF40043EEE7034BECE700400E403F
S214001AC0C0EA210160F5900000F0490208B5FFF772
S214001AD0D7FF044BD3F80831C3F308230133B0FB18
S214001AE0F3F008BD00400E4038B502460D46FEF73E
S214001AF07DFDE8B122B90F4BD3F80031FFF7C0FFE8
S214001B00FEF774FDA0B1FEF787FD88B1094BD3F848
S214001B100031FFF7B5FF084B402204461A610DB1AD
S214001B20FEF76EFD20460021BDE83840FEF7D8BD22
S214001B3038BD00BF00400E4000300E40044B054A42
S214001B409A60D3F8882042F47002C3F88820704761
S214001B5000ED00E00000000008B5FEF753FB7047FC
S214001B6047F6FF739A42F0B56CD006296CD8374B0F
S214001B705B5C022B68D8364D05EBC304DE00A1780B
S214001B8015F83330012938BF0121012B13D1E07835
S214001B900025401A854202D30844C0B2F0BD431B5C
S214001BA0A0EB5303666836F913609642CCBF03F188
S214001BB0FF301D46EEE760680028EFD0B0F9004021
S214001BC0A24204DCB0F902409442B8BF14468388AF
S214001BD0FF2B04BFB0F90630B0F9087035440FBFCC
S214001BE001220022C82328276E781B1B93FBF7F3DD
S214001BF013441BB29E4201DD002B01DA731E1BB29A
S214001C004FF47A7C00EBC3055F1CEA88AD6814FBD2
S214001C1002521D463BB222EAE2729E4202F15C028A
S214001C20B2FBFCF204DD00EBC307BF88BA42E9D979
S214001C3000EBC5039888904228BF1046884238BFFC
S214001C400846AAE7FF20A9E70020A7E7149A0000A5
S214001C50600B002038B5C0F30323013B04460D4655
S214001C60092B11D8DFE803F0053611103A312C1095
S214001C701D191C4BC0F3043403F1424303F58013D3
S214001C8004EBC304A400256038BDFFF71FFFFEF772
S214001C90CDFCC4F30434144BEEE7144BC0F3043409
S214001CA0EAE7134BC0F304344FF480320D49D1F801
S214001CB04401C007E0D4D1F840011042FBD1DBE775
S214001CC00C4BC0F304341022F0E70B4BC0F3043483
S214001CD00122EBE7094BC0F30434CDE7084BC0F311
S214001CE00434C9E700400E40B8400E4050410E4054
S214001CF0F0400E40E8400E40E0400E40C0400E402F
S214001D00B0400E402DE9F74FDFF82C91464E99F87B
S214001D100040019107461546002C41D1434ADFF8A2
S214001D2014A1D2F8F83042489BB29B02A3F5805328
S214001D30CAF80030D2F8F8309BB29B02A3F50063D5
S214001D400121CAF80430FFF785FFDAF80000082101
S214001D500430FEF783FBDAF800301B68984208BFB1
S214001D60DAF80030DAF8040008BFD3F804B04FF011
S214001D70080100F104000CBF0124A346FEF76EFB29
S214001D80DAF804301B6898423CD1DAF804305C6814
S214001D905C4594BF002401240123347089F8003088
S214001DA096F900305A1C29D0224A52F8233003F103
S214001DB00C094C464FF6FF7AC4F30A030833B3F512
S214001DC0006F1BD2A688564518D094F806B0201D82
S214001DD00BF10401FEF742FB22689042D84601D17F
S214001DE0B74212D008F1030808F4FE7808F1080894
S214001DF0444489EA0403B3F5006FDDD34FF0000BCB
S214001E0058460CE0013C64B2C6E72B785B45F5D338
S214001E1001985A4604F1080107F072FC012085F883
S214001E2000B003B0BDE8F08F100000200081E00F86
S214001E3000650A00640200206C0200202DE9F04FC5
S214001E40012891B004D00024204611B0BDE8F08FE0
S214001E508A88002A00F01282A54F97F800A0BAF1EF
S214001E60000F00F00D82A34D2C78002CECD1A24B75
S214001E7009681C78002CE6D1A04E306802EB0008FA
S214001E80B8F5806F02D982242C70DDE7DFF88492E3
S214001E90484407F035FCBAF1020FC6F8008039D086
S214001EA0B8F1030FCFD99648FEF7E6F90178D9F8CE
S214001EB000204368012945D1190E012903D1C3F337
S214001EC007430A2B46D98F4B9A4240F0DD80836841
S214001ED0DA033DD502233B70FEF7BCFD8A4BD3F8F0
S214001EE02828A2F17E63A3F58433B3F5605F0BD296
S214001EF0126BA2F17E63A3F58433B3F5605F03D261
S214001F00936809A900209847804B099A1A60804B6D
S214001F100A9A1A60DFF80C92336899F80020082AAB
S214001F2001D0402A4ED1DFF8F0817948D8F8001069
S214001F30006803F0030ACA18A2EB0A0282420BD911
S214001F408324A1E76F4CA2420CBF862484249BE71F
S214001F50862499E7882497E76C4ADFF8CCB117689F
S214001F60DBF800001F440F44A7EB0A0727F4FF67BF
S214001F7027F00707874209D9391A00F50060FEF7EF
S214001F80E5F908B185247FE7CBF800703168D8F80A
S214001F900000A1EB0A01FEF791FC3268D8F8003089
S214001FA05649A2EB0A02074613445A48C8F80030BE
S214001FB0FEF7FEFE002FE5D199F80030002B7FF4E7
S214001FC042AF01E0002A61D133687F2B7FF63BAF3A
S214001FD0DFF84881DFF854B1D8F80000F0B94A4B72
S214001FE0D3F82878A7F17E63A3F58433B3F5605F52
S214001FF00ED20A9009A8FEF73FF90A9B1A0E74D073
S214002000012A03D1C3F307430A2B6ED9BB6B98474B
S214002010CBF8000007F042FCC8F800003A4FD8F8AA
S2140020200000D7F82828DBF80010A2F17E63A3F59D
S2140020308433B3F5605FA5D2936A98470028A1D190
S214002040D7F828783268D8F800A00392A7F17E6304
S214002050A3F58433B3F5605F16D2079006A8FEF7A3
S2140020600BF9079B190E0FD00129039A03D1C3F36E
S21400207007430A2B08D905AB00937F6B254909ABAC
S2140020805046B847002853D08424FDE622490A6803
S2140020901A440A60214A10681B4AD2F82818A1F18F
S2140020A07E62A2F58432B2F5605F05D31349194803
S2140020B01A46FEF77DFE16E0CF6A164A1849B8475C
S2140020C032680E4907461348FEF772FE40F20323B5
S2140020D09F4203D1084A01231370B4E640F201235D
S2140020E09F423FF469AF8024CEE64FF4C0708FE77E
S2140020F0D50A0020D60A0020BC060020D00A002000
S2140021007C020020EB17A6030000E10FC4060020A7
S214002110C8060020D0060020CC0600209C02002026
S2140021208C020020D40A0020C0060020880200206E
S2140021309DF8243089F8003023B9059B13B140235D
S21400214089F80030FEF73CF9074658B3D0F834A0BB
S21400215099F80030002B3FF476AE00220692042257
S2140021608DF8132006A90DF1130235200393FFF70F
S214002170C9FD069AD30719D5039B082B14D0BAF1CC
S214002180000F13D0534610220CA903F12800039326
S21400219007F08CFB20B9039B0A9A1B6A9A4205D863
S2140021A0892471E68246D3E7364BECE797B14FF4C5
S2140021B000613846FEF7CAF800287FF4E3AE2AF43A
S2140021C0FF604FF4006120F00700FEF7BFF800281C
S2140021D07FF4D8AE99F80030082B01D0402B0FD1F1
S2140021E0294B2A4A186820F4FF6323F007034FF4AC
S2140021F000611360FEF7AAF800283FF424AEC1E69B
S214002200234F244BDFF89C907B60D9F82828D8F819
S2140022100000DBF80010A2F17E63A3F58433B3F56B
S214002220605FBFF4AFAE936A984700287FF4AAAE0B
S214002230D9F82828D8F800003368A2F17E61A1F505
S2140022408431B1F5605FBFF431AF3946D2F82C80E7
S214002250114AC0473268114907460F48FEF7A8FDE5
S21400226040F203239F4203D10D4A01231370EBE58E
S21400227040F201239F423FF4E6AD34E70D24E3E548
S2140022808124E1E5449A0000C4060020C006002030
S2140022908C020020CD100000D0060020D00A0020BE
S2140022A0BC0600200000E10F00F00F0001380728F0
S2140022B052D8DFE800F004152251313951412C4B39
S2140022C0D3F8943003F00703023B052B06D8DFE86B
S2140022D003F04B29410305450B2070470520704746
S2140022E0234BD3F8803003F00703013B042B17D8A9
S2140022F0DFE803F01830163638001D4BD3F884306C
S21400230003F00703013B042B0AD8DFE803F00B2396
S21400231003292B0006207047154BD3F88830E2E7D8
S2140023200120704703207047114B1B6F13F0010FFD
S2140023300CBF0720092070470D4BD3F85C3103F023
S2140023403003202B10D0302B10D0102B0CBF0720C2
S2140023500120704702207047002070470C2070470D
S2140023600A2070470D2070470420704708207047E9
S21400237000400E4000B962B6704700002DE9F041FB
S2140023800D4F06460D4614460CB9BDE8F081EFF336
S214002390108872B623462A4631463846FEF748FC71
S2140023A003464046FFF7E6FF002BEDD0E41AA4B242
S2140023B01D440026E8E700BFA00D002013B500234B
S2140023C001F10804ADF80430ADF8060021461A46BF
S2140023D051F8080C083170B90BB1ADF8042004228E
S2140023E00DEB020101200834FFF7C8FF54F8101C5B
S2140023F039B902B010BD51F80C3C1A4492B2012310
S214002400E6E734F80C2C0020EDE700007FB501303D
S214002410002380B2CDE90101CDE904336946044BBF
S214002420009304200392FFF7C9FF07B05DF804FB92
S21400243020110020EFF3108072B67047FFF79ABFA6
S214002440064A074BD3F88039136F23F0070303437C
S2140024501367044B1888FEF78DB900BF00300E4096
S2140024600000C6435C0B00200D4AD2F8E430D2F8D8
S214002470E0109B0003F03C03C1F381110B43837013
S214002480D2F8E03003F03F034370D2F8E830D2F8D9
S214002490EC2003F0F003C2F30312134303707047FB
S2140024A000FF0FE0F7B507460C461546072800F272
S2140024B0B180DFE800F02B3341463AAFAF0401A805
S2140024C0FFF7D2FF9DF80530012B03D89DF80430A6
S2140024D0022B1AD9002C40F09F804FF400410E24A6
S2140024E00F235F4801220166A240D0F890101142E7
S2140024F0FBD1002D00F08E800122594902FA03F329
S214002500D1F890201A42FBD184E0FEE7002940F083
S21400251089804FF4007108240923E2E7002940F07F
S2140025208680802106240723DBE7002940F083808D
S214002530202104240523D4E741B9082102240323DB
S214002540CFE700297BD102210123CAE7444A536A18
S21400255013F0300F77D1434BDB6B536AD80741BF7C
S214002560536A23F0300343F0100353620426022319
S21400257003213B4A16663C4A13449B001868002811
S214002580FCD0002D46D011448D002B68002BFCD0CB
S214002590022F3FD1002C3DD0314B5A6AD10756D579
S2140025A04FF48062C3F8A82020225A665A6A12F0B6
S2140025B0300F0CBF4FF440024FF40002D3F89010D7
S2140025C032EA0101FAD1520201D5D3F8A030244CE8
S2140025D0012200210220D4F89C70FFF763FFD4F894
S2140025E09030636A23F0300343F010036362C7F34E
S2140025F00A07216B1D4BFA0903320F2A03EA01036F
S21400260028BF0F223B4343EA0273236326662B68E8
S214002610002BFCD003B0F0BD4FF480460E230F21F4
S2140026200024A6E74FF4807608230921F8E7402621
S21400263006230721F4E7102604230521F0E70126E8
S21400264000233146ECE7042602230321E8E75A6A12
S214002650D3F8902002F44002B2F5400FF8D1B4E768
S21400266000400E4000300E408004F21000F8FF0FCD
S21400267010B500211048FFF737FA1048FDF7D6FFCF
S214002680012211460220FFF70DFFFEF715F8FDF7B1
S214002690B7FF0B4B02225A67FFF7F2F9FDF7C6FFAA
S2140026A0FFF714FA0446FDF7B7FF01462046BDE8DB
S2140026B01040FEF715B800BF00F049020148E801D7
S2140026C000400E40000000002DE98048144B5B6877
S2140026D05E05A3B028D44FF0005300221A601AA853
S2140026E0FDF7CAFDFDF76CFE28B3446BFEF7B2F9A2
S2140026F01C9B5D0740F1E881FDF762FEFDF7F8FDE3
S2140027000446FEF787F9B4B1FDF75AFE0446FDF716
S21400271057FE044B986023689D46636898470AE016
S21400272000500E4000ED00E04FF000531A68022AF9
S214002730D1D100221A60BFF35F8FC94B5A6A22F4C8
S21400274080325A62D3F8942022F00102C3F8942013
S214002750BFF34F8FBFF36F8FC249C34F0A68C34D95
S214002760C3F898204FF00050C3F89C00C048C3F848
S214002770A000AF4202F1010008604FD07E1E731B1E
S21400278043EA530343EA930343EA131343EA132348
S21400279043EA13430133B3F5807F38BF4FF48073A9
S2140027A05C422C4003EB040C674500F2AF81072B1C
S2140027B0ACEB07074FF0010C8CBF4FEAD30E4FF07F
S2140027C0200EB7FBFEF70CFA07F7013FFFB2361BE9
S2140027D02D1BB3FA83F3B5FBFEF5B6FBFEF6664497
S2140027E00CFA05FC07FA06F60CF1FF3CC3F11E03D3
S2140027F04CEA060C5B000CF0FF0C03F03E0343EAC9
S2140028000C23974D43F0407343F001130232C5F892
S2140028109800C5F89C40C5F8A0300A60BFF35F8FEB
S2140028208F4B0522C3F894205A6A42F480325A62CB
S214002830BFF34F8FBFF36F8FBFF34F8FBFF36F8F13
S2140028408C4B01225A641A681AAF42F480721A60DE
S2140028503846FFF709FE9DF86930012B03D89DF82E
S2140028606830022B0DD9844B4FF41872C3F88C22B3
S214002870824AC3F89022824AC3F8F022814AC3F8FB
S214002880F822814BD3F8A42142F4F842C3F8A421DD
S21400289002229A639A6B02F00F02022A40F04C81E1
S2140028A0DA6C22F0405222F0010242F00102DA64B1
S2140028B0D3F8E02042F44072C3F8E020734A0F21B8
S2140028C01180DA6E42F08072DA66714BD3F88009B6
S2140028D000B10420FFF7B4FD6E4B6B4EDFF8C081ED
S2140028E0C8221A806C4BA0220F204FF0000B1A80D3
S2140028F0FDF740FF694BB365CDE912BBCDF868B074
S214002900C7F804B0D8F818325FFA83FAC3F3072979
S214002910CDF850A0CDF87090F56CC5F301752B4638
S2140029205A46394612A8FDF7EBFED6F8E040C4F347
S21400293001245A461BA913A82346FDF7E1FEA9EB7E
S2140029400A024FF4167C0CFB02F2B2FBFCF2524475
S2140029509145DDF868E01299DDF86CA01398C0F098
S214002960EB80AAEB00030CFB03F3B3FBFCF3C018ED
S2140029702CBF01235B468245C0F0DE80002B40F072
S214002980DB80AEEB01030CFB03F3B3FBFCF3C918CF
S2140029902CBF01235B468E45C0F0CE80002B40F056
S2140029A0CB80F36D23F4FE4323F0020343EA0223B5
S2140029B0F365022DD8F8302200F0AA80032D00F02F
S2140029C0AA80012D14BFD2B2C2F30722120312F45A
S2140029D0702F40F0B1802C4DEB6E23F47043134300
S2140029E0EB662F4B022CD3F8302200F09680032C97
S2140029F000F09680012C14BFD2B2C2F30722120355
S214002A0012F4702F40F098801F4BD3F8E04024F467
S214002A1070442243C3F8E0205A6E814238BF014614
S214002A20E72922F4FF7228BFE72122F0010242EADA
S214002A3041025A66DA6B42F48062DA634AF6E8527A
S214002A40596B5A639A6FD407FCD41B6C104A13F068
S214002A5003036BD00123C2F8B43A0B4B22E000BF4D
S214002A6000ED00E0540B0020BC000020BC0000205D
S214002A703900011300000E4000400E409A6F05001A
S214002A80180100040084320800300E405C0B002061
S214002A900000C6435A0B0020580B0020372110B701
S214002AA00081E00F9A6FD007FCD41A6C22F0030264
S214002AB01A649A6F12F00102FBD11A480129C0F875
S214002AC0B42A08BF5A6333E014B9FDF7A3FF32E611
S214002AD0154AD2F8F8309BB2B4EB832FF5D2D2F871
S214002AE0F82004F1500392B2B3EB822FEDD82046C3
S214002AF0FDF746FC0028E8D0636913B9FDF78AFFA6
S214002B0002E69DF86830012BF8D1F5E55B0047E654
S214002B10C2F307425AE7120E58E7C2F307426EE7BF
S214002B20120E6CE70000C6430081E00FC2F8B43A0C
S214002B30C74B0122C3F89427C64CC74E1120FFF797
S214002B40B3FB002102200122FFF7ACFC636A23F0EE
S214002B5001036362C14B0025C3F8A054A36A23F0A7
S214002B60070343F00603A362BD4BE362226BBD4B33
S214002B7002F07F6213432363BB4B6363FFF778FD6A
S214002B80BA4B304601211B68FEF7AEFFFDF744FD49
S214002B9001463046FDF7A4FDD4F80001C0F304203A
S214002BA00130B6FBF0F0FDF741FD01221146022090
S214002BB0FFF778FC636AAE4E43F040536362D4F886
S214002BC0C83043F00103C4F8C830AA4BD3F8D83055
S214002BD0B365042404AA06A935208DF8104006958E
S214002BE0FFF790F806238DF80F30069B8DF80E4001
S214002BF013F4803F07AC00F0548205232246B16DE3
S214002C0002F8011B013BFAD29DF8213063F03F0326
S214002C108DF821309DF8223043F001038DF82230E4
S214002C20954B5C60954B964A9A604FF000084FF4BF
S214002C3080715961C3E90022A3F81080914A924B33
S214002C409248934DA3F81080C3E900229A60596118
S214002C5000F0DDFC8E488F4C8F4E00F05AFF0FCDF3
S214002C600FC495E80F0084E80F008C488C4B036077
S214002C7041468C4B436000F06FFC73A3D3E90023FE
S214002C803060CDE900234FF0FF334FF0FF3200F005
S214002C901AFF02224FF0FF313068774C00F015FF24
S214002CA094223C23CDE91A321C9339469623306889
S214002CB01D93CDE91E88CDF8808000F02FFDB0462C
S214002CC07949306800F014FF306800F0B8FFB4F9B6
S214002CD0001058F8080B00F020FF6468002C40F045
S214002CE0F9814046FDF76EFCB37B64F30003B373D3
S214002CF06E4BDFF8F0A16E4D4FF0200983F801937C
S214002D0083F8049383F8069383F8079383F8059370
S214002D1083F8089383F81D93664B5A2200211846C1
S214002D2006F0FCFCA0F10A04634B636042F21072EA
S214002D30E26042F20153614A40F80A2C2381604A5D
S214002D404FF490733384012313700022CAF80020D6
S214002D501B222A800DF10D0103AA3E208DF80C30AF
S214002D60FEF7D0FF11230DF10B020DA936208DF8CA
S214002D700B30FEF7C7FF0DF10A02394639208DF8F1
S214002D800A90FEF7BFFF002835D14E4B9DF80B206A
S214002D9018681B791A903B71002A00F0A4811B2A40
S214002DA028BF1B22531D8DF80A300DA9531C0DF1A8
S214002DB06D008DF86B3006F0A3FC12A8FDF702FC40
S214002DC0414A9DF80A301288FA5222A99A1C51FAF2
S214002DD082F21298BDF84C1042F8200C22F81C1C07
S214002DE003F1080222A951FA82F20933002102F8FF
S214002DF0201C8DF80A3020230DF1090212A93A2072
S214002E008DF80930FEF77EFF48B9304B5A8A1B7D95
S214002E108DF84A300323ADF848208DF809302C4B46
S214002E202C4800224FF00209C3E900222A4B036017
S214002E3080F80490FDF7D4FD2848294B0360102342
S214002E40037280F804904FE008550051000000001F
S214002E500000C64300400E4000F049020000C84390
S214002E602000050007450BD047A0020000300E40AA
S214002E70005008400081E00F58130020A00D0020ED
S214002E80A00C0020A00B002034130020690345ECA2
S214002E90C49A0000600B002098100020900B0020C1
S214002EA061130000800B00201200002000E100E00B
S214002EB028110020C610002055555500D6BE898E14
S214002EC05E0B00204999000053990000A09A00006C
S214002ED04C1300203C0E002056990000E40D002004
S214002EE05999000030130020FDF7DAFEB448B54BC0
S214002EF00360B54B80F80490C36080F80890A0F893
S214002F001090CDE900394B4690E806001430FDF7E6
S214002F10FBFC9DF80B10002900F0F0800DA8FDF7D3
S214002F20E9FEAA48AA4B03604FF0100980F8049007
S214002F30FDF756FDA748A84BA84A03604FF6FE7B50
S214002F4008230372C260A0F810B080F80490FDF762
S214002F50A7FEA348A34A02600C220272A24AC260DD
S214002F60A0F810B080F80490FDF79AFE9F48A04A9B
S214002F7002604FF0020B9F4AC2600823038280F86B
S214002F80049080F808B0FDF78BFE9B489B4B0360CF
S214002F909B4BC3600123038280F8049080F808B03E
S214002FA0FDF77EFE9748984B0360984BC3604FF63C
S214002FB0FE73038280F8049080F808B0FDF770FE78
S214002FC09348944B0360944BC3604FF6FE730382A2
S214002FD080F8049080F808B0FDF762FE8F4B904AA8
S214002FE01A604FF6FF729A809DF80A20202A05D8AC
S214002FF0931D8C486375394606F082FB9DF80920C0
S214003000202A06D8931D884884F83D3012A906F079
S21400301077FBFEF755F9227C617CB2FA82F35B09F6
S21400302063F30001237D617462F30303B27B02F055
S214003030010262F386132375637D0BB9062363755D
S2140030407A4BB8F80410B068C4F81600998094F863
S2140030503C30042161F3030362F3861384F83C30AA
S21400306094F83D3013B9062384F83D30704BB068B1
S214003070B8F80420C4F83E009A80FEF7B1F96D4E09
S2140030806D4B1B7833B1DFF8C0814046FDF78CFAF4
S214003090002836D1694A136923F00403136130BF50
S2140030A0EEE70DF10F0221462C20FEF72BFE00283E
S2140030B03FF4B8AD0DF10E0205A93C20FEF722FE46
S2140030C018B19DF8140000F001009DF8223060F35E
S2140030D00003A3E52068B060A288A37988F80630CC
S2140030E0A8F8042004E608238DF80A30544B1A8802
S2140030F09B78ADF86D208DF86F305EE65048032162
S2140031000DE7EFF3108472B600231A460DF1110195
S2140031104046FDF72AFD2046FFF72CF99DF81130B2
S21400312013B10023CAF80030DAF80020EFF3108459
S21400313072B6C2F501739BB232440DF111014046DE
S214003140FDF713FD03462046FFF714F9DAF80020D2
S2140031501A44032ACAF8002097D93488231D9A42B5
S21400316093D307D8708804284FF0000306D00628AB
S21400317000F0AC810023CAF8003086E732796B8015
S21400318004F1FF39122A1FFA89F95FD8012A60D99B
S214003190931E2C4F102B5CD8DFE813F05D005B000D
S2140031A073005B008C005B0023015B00C0005B00CB
S2140031B05B005B005B005B0050015B00F00000BF43
S2140031C0B80D00205C990000B69A00006C10002034
S2140031D05F9900001410002070990000C90D0000CF
S2140031E0BC0F0020819900003D1E0000640F0020E7
S2140031F092990000959A00000C0F0020A3990000F9
S214003200949A0000B40E0020B4990000CD0200008D
S2140032105C0E0020C5990000390400008C100020C8
S2140032204C130020D810002000110020D2100020DF
S214003230FA1000202C1100205413002000ED00E0AE
S2140032404F9900002011002034130020522A00F06D
S214003250B580062289E0B9F1020F40F03581B6F854
S21400326005400022B4F5007F28BF4FF40074032306
S214003270114648463B70A7F80140FFF7C7F82C8078
S21400328078E7B9F1040F70D1B6F80540A0B2FCF7A4
S214003290CBFF60B1027A7C80022A4FF005010CBF9A
S2140032A001230223397041687B70032057E06C804D
S2140032B00A225AE0073CDFF838B2CDF800B0A4B2D4
S2140032C00194B6F80710B6F805000223ABF1020227
S2140032D0FDF730FD4FF6FF794845044604D1736884
S2140032E0C3F30F236B80E3E700230130CDE90033FF
S2140032F0ABF102020223494680B2FDF71BFD4845AA
S2140033001CBF00F1FF3080B207233B70A7F80140D6
S214003310A7F8030000221146042020E0B9F1020FAE
S21400332040F0D280B6F805B01FFA8BF42046FCF7C2
S2140033307BFF002839D0037B990713D52B880DF126
S2140033401202013B09A92046ADF81230FDF736FB04
S214003350024670BB0B23BDF8122009993B70FFF79D
S21400336055F807E74A46A5F802B05D4B30796988FC
S214003370587001241C7059801A71CBE7B6F805B056
S2140033801FFA8BF94846FCF74FFF70B1037B1A070C
S2140033900DD5E21E92B253494846FDF7D9FA0246C9
S2140033A038B913233B700146D9E70122DBE7032235
S2140033B0D9E77368C3F30F236B80D6E7B6F80570BA
S2140033C03846FCF731FF00283FF4D4AE037B5B079A
S2140033D07FF5D0AEE21E434992B23846FDF7B8FA02
S2140033E0C8E6631F9BB2022B01D0102B6CD10022C3
S2140033F0CDE90022DBB23C4AB6F80710B6F8050065
S214003400FDF798FC4FF6FF73984204463FF467AF0B
S2140034102B880DF11202043B09A9ADF81230FDF716
S214003420CDFA024608B16C809FE7BDF812200999D4
S2140034307C8009233B70931C7B7036E7053CA4B266
S214003440022C01D0102C3FD14FF0000BCDE900BB71
S214003450E4B2B6F80710244AB6F805002346FDF78E
S21400346069FC4FF6FF71884281463FF438AF013061
S21400347023461D4ACDE900BB80B2FDF75BFC2B88D6
S2140034804FF6FF7188420446A3F1060318BF00F109
S214003490FF340DF1120209A9484618BFA4B2ADF8D0
S2140034A01230FDF78BFA024610B1A5F802905CE7E1
S2140034B0BDF812200999A7F8029011233B70131D3E
S2140034C07B70BC8005204AE704224EE7CDE90B332B
S2140034D0064B099309A902230A93FEF76FFF49E6F4
S2140034E02011002033110020351100201800002084
S2140034F037110020FEE7000008B5FEF71FFB124B51
S21400350012498B4212D3124B124900208B4218D319
S214003510FCF73EFE186850F82240586840F82240F3
S214003520013298688242F5D30C33EAE70022F8E7C6
S2140035301C6844F8220001325C68A242F8D30833C3
S214003540E4E70022F8E700BF1CC0000028C0000027
S21400355028C0000028C00000F8B50D4610B90024A9
S2140035602046F8BD0E4F3E68002EF8D100F052F807
S21400357004460028F3D0386000F0A8F8204600F093
S21400358074F838B130463E6000F0A0F8204600F0EF
S21400359067F8E4E7002DE3D02046A847E0E700BF41
S2140035A0601300200846114600F0A2B810B505F0DA
S2140035B003F920B9024BBDE810401B68184710BD40
S2140035C02800002010B500F082FA20B9024BBDE8B2
S2140035D010401B68184710BD2800002070470000E8
S2140035E0431E033306D8044B984228BF1846642867
S2140035F038BF6420704700BF40420F00431E012BB7
S21400360003D9031F5842584170470120704700F005
S21400361093BE0000F8B50546FEF72AFA0F4B1E6863
S214003620074626B93846FEF7A5FE344611E0B468CC
S2140036308CB194F810C01CF0010F0CD195E80F0067
S2140036404CF0010C84E80F0084F810C03846FEF7F2
S21400365091FE2046F8BD3668E3E700BF2000002054
S2140036604FF4A472002106F059B810B500210446A4
S21400367000F03CFA2046BDE8104004F089BE000089
S21400368038B505460C4641B10B6833B11B680133AB
S21400369003D0CB680BB18B684BB900F04BFEBDE88E
S2140036A038404FF492724121002000F0A3BA084639
S2140036B000F045FE0023044A85F8DC30C5E92343C4
S2140036C0C2E9003338BD00BF6813002010B50446B9
S2140036D018B9054B054A136010BD04F075F8D4F808
S2140036E09830002BF6D1F4E7DD3500001C000020F2
S2140036F010B50C4604F0A6F8054B00215B680320C5
S21400370098471CB105F0A6F80128FBD110BD00BFF4
S2140037102800002004F0F2B904F006BA08B5024604
S2140037200868FFF75DFF08604868FFF759FF4860C4
S2140037308868FFF755FF8860C868FFF751FF0B6978
S214003740C860581C03D00B48834228BF03460B6151
S2140037504B69581C03D00748834228BF0346886934
S2140037604B61FFF73DFFBDE808408861104604F056
S2140037706DBE00BF40420F002DE9F84FD0F89030E4
S21400378006460F4613B1038B8B4246D0D6F88CB054
S214003790BBF1000F44D0DBF80830002B40D0DBF83C
S2140037A00C1000293CD0D6F8A0A0BAF1000F3AD0F1
S2140037B04FF000094D46C84601E0DBF8083005EB3F
S2140037C0C50203EB82040135E389BB4216D8238A7F
S2140037D0BB42304612D3B4F91230B6F924109942DF
S2140037E0A04603EAE37255DD96F8D010FEF7B8F966
S2140037F0337D834281464DD9DBF80C108D42DCD3F5
S214003800B8F1000F40D00023424619463046D04754
S2140038103783C6F8908086F8D9900020BDE8F88FE8
S2140038200320BDE8F88FD1465446524647F6FF754A
S21400383004EBC40803EB8808B8F80E30BB421DD86A
S214003840B8F81030BB4219D3B8F91220AA4202EADF
S214003850E27207D14FF0FF093783C6F8908086F8EA
S214003860D990DAE796F8D0103046FEF779F9337D2E
S214003870834281464246EFD9DBF80C100134A14260
S21400388004D9DBF80830D3E70120C7E7002AFBD0CD
S2140038909046E1E7A046B6E72DE9F04782B0044639
S2140038A08946164604F096FF3B4D08B100236B6030
S2140038B02B68D4F88CA0D4F890700BB153454BD03D
S2140038C04FF00008C5F8089004F0C4FF012836D170
S2140038D02B68DAF800103A6813B11868884246D0A8
S2140038E0204604F097FCC5E900A7D4F8A0508DF850
S2140038F00760002D42D000220DF107031146204636
S214003900A847204604F070FA0546B8F1000F00D02C
S2140039108EB1B5FA85F040F2DE324009332100F070
S21400392069F93146204604F081FC1C4B05461B68AD
S214003930394620469847284602B0BDE8F087012061
S21400394003F080FF164B00215B680320984704F0C5
S21400395081FF0128FBD1BBE76B68002BB0D0BB42D0
S214003960AED1AB68994514D04FF00108AAE7696854
S21400397011B109689142B6D05968B1E7217D94F833
S214003980D930994228BF19463246204604F0C2F97B
S214003990B7E70025CFE700BF681300201C00002013
S2140039A028000020F8B505460E46FEF761F83146B9
S2140039B007462846FFF7E0FE044620B13846FEF7E5
S2140039C0D9FC2046F8BD04F004FF224631462846BE
S2140039D0FFF762FF04460028F0D195F91030002B5F
S2140039E0ECDA284605F0BFF80028E7D02246A97D85
S2140039F0284604F005FF0446E0E700BFF8B5054694
S214003A000E46FFF73DFED5F88C307BB15B696BB197
S214003A1001F0D2FCD5F88C305B691B1A584240F294
S214003A206B124FF04201584100F0E4F8F7680022AC
S214003A304FF6FF734FF0240CD0B2B84208D31C46A2
S214003A4021462846FFF7AEFF00F07EFC2046F8BD74
S214003A50B1680CFB0011CC899C4202D2002CEFD03E
S214003A6023460132E8E7008B70470A7838B50546EA
S214003A701046FFF7C3FD60B14C782046FFF7BEFD49
S214003A8038B12243530704D42846BDE8384004F032
S214003A9079B8012038BDFFF7E8BF10B504460878AE
S214003AA0FFF7ACFD58B14A781046FFF7A7FD30B1D6
S214003AB0042A04D02046BDE8104004F09BB801203C
S214003AC010BDFFF7EABF03F03DBE03F097BF70B529
S214003AD004460D461646FFF765FF30B932462946BE
S214003AE02046BDE8704002F0C1BD70BD04F080BE47
S214003AF038B5044648880D4600F01FFCD4F8A030C0
S214003B002BB929462046BDE8384004F0A9B8022063
S214003B1038BD00F013BC04F05DB973B50446002050
S214003B200D4600F00AFCD4F8A06069462046FFF770
S214003B30F2FF5EB99DF800102A462046FEF710F800
S214003B400146204604F012F902B070BD00231A4662
S214003B5029462046B047F7E738B505460C46FDF738
S214003B6087FF2B6B1C40EB6A2343EB62FEF702FCDD
S214003B70211E18BF01210020490238BD04F0E0BA1A
S214003B8004F0FFBA07B54FF400730A49ADF80630E3
S214003B900DF10602FFF7F4FFBDF80630B3F5007F1F
S214003BA005D1022808BF002003B05DF804FB012001
S214003BB0FAE700BFC01400200846114600F0E0BA3D
S214003BC004F0AABA38B50446154609B104F0F7FA67
S214003BD025B12046BDE8384004F0F4BA38BD0000F0
S214003BE0024B1960024B1860FEE700BF240000205D
S214003BF0C016002008B550B90548064B01601A608B
S214003C00054B1A68054B1A601868FFF7E9FF08BDF0
S214003C1024000020C416002060130020C0160020D8
S214003C20437C03B108470220704710B5044604F0F1
S214003C302FFF20460321BDE8104003F0DDBDFFF74F
S214003C40F4BF00000149FFF7EBBF00BF658A000024
S214003C500149FFF7E5BF00BF398A000038B5447C4C
S214003C600D46BCB1053C012C8CBF002401244968DC
S214003C70224604F016FF286890FAA0F0000A01F029
S214003C8001FDA97A2889224681F0010104F03AFF55
S214003C90002038BD0220FCE71FB5CDE90012ADF8C4
S214003CA0083069469DF818308DF80A30FFF7D6FFC1
S214003CB005B05DF804FB00207047002070472DE932
S214003CC0F74F1C469DF830300193036803F0070356
S214003CD0063301259D400646174605F1FF380B467C
S214003CE0A1B1416804EA080BA5EB0B0A41F00059A4
S214003CF0524509EB0B0114D95246184605F000FD53
S214003D007A1B5A444946504405F0FAFC019B2BB1F5
S214003D103C4448EA050804EA0804F46003B0BDE839
S214003D20F08F1846F0E700000D4BD3F8E020D203E2
S214003D3014D50C494FF48032C3F8E820C1F8EC20C3
S214003D409A6BD1B2C2F3072299679A6704229A67E0
S214003D5000229A679A679A679A679A67704700BFC1
S214003D600010084000100846F8B50C4C0D461746E3
S214003D700646FDF77DFE0123A362042327606660E6
S214003D80A560C4F8E830064B4FF48072C3F8802173
S214003D90FEF7F0FA0DB10223A362F8BD001008404A
S214003DA000E100E0054B1860054B01229A6540F6DD
S214003DB0FF72196358635A65704700BF501700209A
S214003DC0001008402DE9F04F042A83B0054639D983
S214003DD00B7883614B7883618B788361CB788361C2
S214003DE00068D5F808B06E6800F0070001230630BA
S214003DF003FA00F808F1FF3909EA0B07A2F1040AF2
S214003E00A8EB0702924501F1040446F000560DD8CF
S214003E10F0192146524605F073FC0AEB0B0248EAFD
S214003E2009031A40AA6003B0BDE8F08F2146F019D6
S214003E30019205F065FC019AA118AAEB080230462B
S214003E403A44E8E7013A032AEDD8DFE802F00B0827
S214003E50050211F8013B836111F8013BAB6111F8D3
S214003E60013BAB610B78AB6103B0BDE8F08F00BFE0
S214003E7037B5002500951446FFF721FF204603B00E
S214003E8030BD026802F00702063201239340026A40
S214003E90C2F30C028A4210B584BF4468C26803F1BC
S214003EA0FF3388BF89189BB285BF44F00050194085
S214003EB04FF0FF30405C10BD38B50C46104B154631
S214003EC0014668B10122C3F8B8200E482246FFF723
S214003ED079FF1DB10A4B0422C3F8B820002038BD74
S214003EE064B1D3F89C20A24284BF0122C3F8B82054
S214003EF0C3F898400222C3F8B820EAE70122FAE79E
S214003F00001008409010084010B5FDF7B1FD184BA2
S214003F10184901229A65C3F888201A66164A5A6616
S214003F200722C3F884200A80144900220A804FF42E
S214003F30A021C3F8E81003F1C0630446C3F8EC10F0
S214003F400F4B1A600F4BD3F888305B020AD50E4B26
S214003F5018680E4B4FF48002C3F88820416BA430DB
S214003F6001F0ACFB2046BDE81040FEF703BA00BFE8
S214003F7000100840CE160020D0160020CC160020D8
S214003F80C816002000400840601300200040084487
S214003F900D4B07221A800D4B00221A800C4B012174
S214003FA0C3F8B810C3F890204FF40052C3F894003A
S214003FB0C3F8B420074BF0221A6403F10073A02262
S214003FC01A64FFF7A1BF00BFCE160020CC16002053
S214003FD000100840000008442DE9F041044688B16E
S214003FE0394E3A4FFDF744FD3388394A03F07801DD
S214003FF0032C054603F07F0C114453D13C6824B9CA
S214004000FEF7B8F90320BDE8F08124F00104386813
S21400401020F00100A0424AD100223A6022886FEACE
S21400402042426FEA52428C42228036D1294CDFF857
S214004030B8C02788ACF180083A46083A92B201F137
S2140040400800604528BF4046082A04D9B0F900E0B9
S214004050BEF1000F36DB22803B440C8888781E4970
S2140040609B1ADBB2C4F30C04CC6300F00700338069
S214004070CB66C1F88420FFF757FE04280DD1174BF6
S214004080D3F88830164B1868164B4FF48002C3F8E6
S2140040908820416BA43001F011FB2846FEF76AF930
S2140040A00020B0E7601E012898BF0C46AFE709481D
S2140040B062440088A21A48BF803208389042ADDCBD
S2140040C028469DE70146B8E7CC160020C816002013
S2140040D0D0160020CE1600200010084000400840F1
S2140040E06013002000400844501700200E490F4B74
S2140040F00A881B880E481344073B03F078030344E2
S2140041000832987892B20A8000F00700094904281D
S214004110C1F8842004D101F540514A681203FCD44A
S214004120054A1360704700BFCE160020CC1600204C
S214004130D016002000100840C816002010B5054C08
S214004140206828B1C30701D4FFF746FF0023236089
S21400415010BD00BFC8160020084B4FF48032C3F8CD
S214004160EC2003F17C43C3F8E420D3F88030C3F39B
S2140041700C03782B01D8FFF7D7BD70470010084412
S2140041802DE9F84304460E46FDF772FC504B514DA0
S2140041901A882D888146504802F07801032C02F0D8
S2140041A07F03014417D14D4C24688CB92A44073A42
S2140041B002F0780284180344E31A48BF8033AB4207
S2140041C010DB4846FEF7D6F800242046BDE8F88304
S2140041D024F00104EFE7012C02D0022CEBD1083DBD
S2140041E00C46E8E7002E41D08C423D4942D1D1F83A
S2140041F03C800A6B02F00702063201279740D1F88E
S2140042008020C2F30C029A4247DDB4F900302588BC
S214004210002BD6DBA378C5F30C0503F007037A1E44
S214004220A5EB08053A43052B337005EA02052CD8A2
S2140042302DB2E84340F236420421C00FFFF7DAFC05
S2140042407580E378274A337412687B1E03EA0803F6
S214004250D118B160A9B213FA85F5BD4289BFFF1A1D
S2140042600023B780F2609CBFB180F3604846FEF73B
S21400427081F8AAE7A4F10802824238BF04F1780266
S214004280B2F80080C8F30C08B3E7174BDB6C003BB2
S21400429018BF0123A5EBC305CAE78B6B7A1EA3EBF9
S2140042A008033A431A40114B15B25B686AB9C3F368
S2140042B00363D91E4B424B41DB0033700B4B7280BD
S2140042C0D3F89030C3F30723BCE70823F5E700BF15
S2140042D0CC160020CE160020D0160020C8160020CF
S2140042E0001008405017002000000840004008401A
S2140042F0431C08D0044AD2F83C311B0C1B0480B285
S2140043000343C2F83C3170470040084038B50D689A
S21400431004462846FFF7ECFFD4F8903043B15B69BB
S21400432033B1013504BF6FF001020A600A681A60F3
S214004330002038BD04F04DBA704770477047A6227B
S21400434031210120FFF756BC704738B50D460446AC
S21400435001F032F8AC4042F2107364095C43642307
S214004360B0FBF3F0B4FBF0F038BD0000034B1A6866
S2140043709B88026083800020704700BF3A000020C0
S2140043800F4B0628D3F8883104D183F40013C3F307
S21400439040507047022805D113F4400F0CBF01208F
S2140043A00020704750B9074AD2F8D40010F0010038
S2140043B005D083F48003C3F3805070470020704715
S2140043C000400E400081E00F0C4A5288B2F5E16FC3
S2140043D094BFC8225A2210B594BF78245024904225
S2140043E08CBF172210220A70054A0346107818B1AF
S2140043F09C422CBF0020012010BD00BF3A000020C8
S2140044003300002013B5234B1B780E2B04463ED0FA
S2140044100DF10701FFF7D8FF1E2C8CBF1E4C1F4C5A
S2140044209DF807304FF001028CBF01210021C4F82F
S214004430082170B1194A4DF60174C2F804411B02F6
S21400444002F1007243F44043C2F80431144AA2F861
S214004450D430134A134C92F8D83023F001030343A8
S21400446023F0020343EA4103DBB282F8D830247813
S2140044706CB923F0040343EA800323F00803B2F880
S214004480D440A2F8D64043EAC10382F8D83002B03E
S21400449010BD00BF3A000020004008460040084417
S2140044A0001F002156170020084B094AD3F8883110
S2140044B0DB4303F4FE1343F40053B3FA83F30E33E3
S2140044C0A3EB4313013B1370704700BF00400E4040
S2140044D03200002002280CD0062802D020B100208E
S2140044E07047054B18787047034B18780430C0B2F5
S2140044F070470720704700BF32000020022807D010
S214004500062807D0003818BF01204042C0B27047C6
S214004510012070470020704730B51F23B0FBF3F32F
S2140045205D1CEDB24FF0FF34C3EB4313AC40C01A32
S214004530E4430130E4B2C0B21460086030BD00004D
S2140045402DE9F7433A4E3B4F96F8009015463A4A07
S214004550D2F8C820B9F1020F0446884607EA0207D7
S2140045601AD147EA006788F80000002372882B609B
S214004570B2F5E16F94BFC8225A2227F47F579442BF
S21400458027F008079ABF380A00F47F5043F6C87031
S214004590384303B0BDE8F083284A1278904228BF1B
S2140045A0144604EB83030B70F4B1013CE4B24FF005
S2140045B030632B606A4601A92046FFF7ADFFDDE9B0
S2140045C0002347EA03671E4B98F800101B7847EA5B
S2140045D0823747F47F5747F008073BB90029194B45
S2140045E018BF4FF07F43C1E7164BE2E7164B17485C
S2140045F0B9F1060F08BF03462AB90029114B18BFA8
S2140046004FF07F43B2E7B2FA82F2C2F11F02D2B293
S2140046109B5CDBB239B15A1ED2B2FD2A05D81B0606
S21400462043F00403A2E7074BA0E74FF07F439DE764
S2140046303A0000203F00C0E0001F002132000020AA
S214004640571700200400000BB883E00FB083E00F7C
S2140046502DE9F3410446C820FFF7D4FE2B4B2C4E21
S21400466018780E2801D0FF2C05D1FF243470204680
S21400467002B0BDE8F08102282DD1072C204628BFC5
S214004680072001284FF0000301AA0DF1030138BFEF
S2140046900120FFF755FF05461E4B1F4FDDF804802F
S2140046A0C3F85881C7F8C8509DF8034034702046B8
S2140046B0FFF7A8FE194A4FEA082303F4E0631278CE
S2140046C043EA1863A7F8D030002AD0D1C7F8CC50F8
S2140046D0A7F8D230CBE7A0B9052C32BF00270127B8
S2140046E00420201A3B4601AA0DF10301C0B2FFF7D1
S2140046F027FF4FF48003054637B1094AC2F8083150
S214004700CAE700273846ECE7064AF7E73A000020F3
S2140047103800002000400840001F002156170020E7
S214004720004008460040084408B501F031F9094B3E
S214004730094A002818BF1A46136823F47F115B083D
S21400474003F4FE130B431360044B4FF00072DA6160
S21400475008BD00BF0041084018410840004008401E
S21400476008B501F015F9064B4FF4001228B1C3F84E
S21400477000214FF000621A6208BDC3F81821F8E75E
S21400478000400844014B1868704700BF5C170020C3
S21400479070B505460E46C0B201F00F01FFF7D5FD15
S2140047A0C6F303110446C5F30720FFF7CEFDC6F394
S2140047B003210444C5F30740FFF7C7FD204470BD3E
S2140047C0436C012B38BF01232DE9F0479A46464B30
S2140047D0464F9B69464E474D03F4E073A3F5C072FF
S2140047E0804645485142514102685245434A0FD1DE
S2140047F014788C420CD198F8D0C03C78A44507D1E8
S21400480098F815C03478A44502D1A888BDE8F0878A
S214004810B3F5C07FC0F800A011704AD1D8F8944014
S21400482024B12368082B58D994F838400F21204625
S214004830FFF78BFDBAFA8AF3002852D0B0FA80F25E
S2140048409B1A002BC6BFD840C3F10F094FF00F09C3
S214004850504501D909F1FF39234B2004C3F8BC00A9
S21400486003F1806340F6FF72C3F8B82003F10073CB
S2140048704FEA0921C3F8B810FFF78AFFA88000F0B6
S2140048809BFD09F01F094FF4FA7304FA09F45C4320
S21400489041F66A03B0FBF3F00A23B4FBF0F45C4382
S2140048A0174B1C6098F8D0303B7098F81530337072
S2140048B0ABE798F8D030062B06D1124B1B78002BAE
S2140048C00CBF9624C824B1E7022B08D00D4B1B78EA
S2140048D0002B0CBFB424F024A8E70024A6E732245B
S2140048E0A4E74FF00F09B7E700600840310000204A
S2140048F0300000203A000020340000205917002025
S2140049005C1700205717002070B506460C46154663
S21400491004F029F958B3F27CD31E012B1ED9112AB4
S21400492003D81D4BD340DB0718D41C4B1C4AC3F8D6
S214004930502103F100730022C3F850210025174BC5
S21400494040F2F712C3F850212B01164A03F4F8730D
S21400495005F007052B43C2F850311AE00F4B104AFA
S214004960C3F8502103F100734FF44402E4E7FF2C30
S2140049700DD00A4B0A4AC3F8502123042405094ADD
S21400498003F4E02304F0F8742343C2F85031FF2DFB
S214004990D5D1002070BD00BF84F603000040084457
S2140049A00000F70100400846F8B5134B134E1F6889
S2140049B0134D384600F0BEFF3378C4B2A34201D18F
S2140049C02B78A3B1092C14D80E4B012C195D05D1F8
S2140049D00D4B1B78022B01D141F0400101F00F0274
S2140049E038460909FFF790FF002334702B7000202B
S2140049F0F8BD0024FA21F1E76013002055170020C7
S214004A0054170020889B00003A00002038B5044662
S214004A1000F07AFC142200212E4804F07FFE2E4B74
S214004A2025781A782D49521B18BF01220A70226871
S214004A301A60C820A2889A80FFF7E4FC284BD3F8B7
S214004A40C820284BFF211970274B2849062D03EA5A
S214004A500203274A1AD14FF4EE40C2F824014FF45D
S214004A608A42C1F82421012243F08043C1F8202164
S214004A701B4AC2F8C8301E4B0322C3F85821FFF762
S214004A8093FF1C4B01221A70002038BD022D4FF0F8
S214004A9007000ED1C2F80C010620C1F80C01164919
S214004AA0C2F808114FF4404143F00303C2F8041162
S214004AB0DEE7C2F80C010520C1F80C01C020C2F8E0
S214004AC0080143F08043812243F00403C1F8082123
S214004AD0CEE700BFC81F00213A0000205417002070
S214004AE0001F0021380000202800C0A00040084613
S214004AF00040084458170020C100400073B5264BFC
S214004B00044618780E2841D0FF2C42D000283AD10F
S214004B10052C32BF002301230420201A01AA0DF120
S214004B200301C0B2FFF70CFD1C4EC6F8CC00019A7C
S214004B3096F8D850130203F4E06343EA1263A6F82B
S214004B40D2309DF803400DF102012046FFF73CFCF1
S214004B5005F0FB051E2C45EA800594BF00230123C3
S214004B6025F0080545EAC30586F8D8509DF80220CA
S214004B700B4B43EA0223A6F8D6300123094A204607
S214004B80137002B070BD00231846C6E70023FF244A
S214004B90F4E70023F2E700BF3A000020001F0021E0
S214004BA000C0FFFF56170020104A114B0020187057
S214004BB0D2F8C830C2F8CC30B2F8D030A2F8D23032
S214004BC0B2F8D430A2F8D63092F8D83003F0FB030F
S214004BD0990001F004010B4303F0F703990001F07C
S214004BE008010B4382F8D830704700BF001F002131
S214004BF0561700202DE9F0472D4C2E4B236000F071
S214004C00DBFB4FF4FA7307464FF47A76B0FBF6F602
S214004C1029482A4A7343190E1B02181841F100014D
S214004C20002303F0D1FFA0F580730546A36220B9E8
S214004C3066222B21FEF7DEFF01254FF47A726A43C7
S214004C404FF0000A53465008310203F0BDFF1C4BDC
S214004C5019601C4BB7F57A7F4FEA0568894604460B
S214004C6018604FEA152505D276222B215046FEF70E
S214004C70C1FF01264FF47A73A8FB030103FB05115D
S214004C807308C01841F100010023324603F09CFF70
S214004C900D4B023419600D4B49F10009A408186049
S214004CA044EA8974024B013C1C63BDE8F08700BFF0
S214004CB0005008400211010020A1070040420F00EA
S214004CC0701700206C17002068170020641700205B
S214004CD0044B4FF00052C3F880211A60024B0122A9
S214004CE05A60704700E100E00050084038B5020105
S214004CF00A4B01259D500A4A4FF480738340536641
S214004D000446FCF7B5FE074A1378A54023EA0503D8
S214004D101370BDE83840FDF72DBB00BF00510844B6
S214004D2000500840601700202DE9F047154604465D
S214004D3088461E46FCF79CFE022D00F0B88007460B
S214004D40FDF778FB6C4B6D4AD3F8189092F815A0D7
S214004D50DA6D5FFA8AFA520744BFD3F818900AF160
S214004D60010AFDF76BFB664B664A1B6811684FEA43
S214004D708A7CA3FB093213F1004301FB09CCD8F867
S214004D8000304CEB020C012D04BF01336344ACEB46
S214004D90030C08BFC8F80030BCF1804F0AF0030AC5
S214004DA0C0F09880584AD2F800C0584AD2F800E0BE
S214004DB0514A23F04041106B4FF000480022ECFBB4
S214004DC001820EFB012282424FEA937381BF0133B8
S214004DD00130121A03F00303A3EB0A03914588BFC0
S214004DE04549DFF848C184BF096B03F1FF3303F080
S214004DF003030CF80430A2EB0900A3B1F10742BF8D
S214004E00434B41F61F71D966B30742BF404B414939
S214004E10D966710742BF384B00211967330742BF76
S214004E20354B00211965344B04F1100103EB041EC9
S214004E300901CEF80C2111225A5037499A694FF0D1
S214004E40010EA2EB090A0EFA04F8D3F85C900A7871
S214004E505FFA88F848EA020282450A7026D34FF4C1
S214004E608072A24019EA020F20D11CF80400002824
S214004E703FD10DB3F0071A6608D5254B274941F6F2
S214004E801F7240F20110DA66C866DA66B10706D508
S214004E901F4B22491F4A2248DA66C866DA6672073E
S214004EA042BF204B01229A60330719D43846FDF7DB
S214004EB061FA0120BDE8F0871B48240140F804E0B1
S214004EC05A66FCF7D5FD14490B7823EA08030B70E5
S214004ED0FDF750FA3846FDF74DFA0020BDE8F0879A
S214004EE0212000F03FF9044B4FF480325A603846D8
S214004EF0DDE71A663846DAE700500840D01700208B
S214004F0064170020681700206C1700207017002018
S214004F100050084400001F1F60170020005008467D
S214004F2000000101004008400051084474170020AA
S214004F301030034B0001185800F00100704700BF06
S214004F40005008401030044B01F46001000141F0AD
S214004F5003011950704700BF0050084038B5FDF7F0
S214004F6069FA084B084A9D69547DDA6D520748BFB6
S214004F709D69E4B248BF0134FDF760FA284604F0A4
S214004F80030138BD00500840D017002008B5222085
S214004F9000F0E8F8024B4FF480225A6008BD00BFCC
S214004FA000500840064B1B68434303EB8171054BDA
S214004FB01B68A3FB003013F1004341EB0000704771
S214004FC0681700206417002008B5FFF7C7FFBDE884
S214004FD00840FFF7E7BF10B50446FFF7BFFF84425F
S214004FE088BF01F1FF31204601F00301BDE8104003
S214004FF0FFF7D8BF0D4A10B5146820F040430146AD
S2140050004FF000420020E4FB0320094A126802FB2E
S2140050100300084B1B6B98424FEA917104D9013389
S2140050200131C01A01F0030110BD00BF6C1700204B
S214005030701700200050084038B50446FFF7C4FF3C
S2140050400546FFF7C1FF431BA342FAD338BD000055
S2140050503B4B082270B501210546C3F8C8203948E5
S214005060394CFCF7F7FD394B1D702378013B012BBB
S2140050700CD8237CE07B01229A400C21302313FBC2
S214005080001303F1884303F520431A60304B0022D7
S2140050905A677DB92F4A4FF6FF71D16702F1007249
S2140050A0F821D1675D672C4B4FF08042C3F89420FF
S2140050B0002070BD636853B300F07EF9626800EBB1
S2140050C05203B3FBF2F3013B1B0243F0F8032678CE
S2140050D02049224A022E1CD0032E1D484FF6FF758B
S2140050E021D0012E27D143F00203CD67D3670723D3
S2140050F04367237CE07B01229A400C21302313FB7C
S214005100001303F18C4303F520431A6011E0F823E3
S214005110DDE743F001034FF6FF70C867D3670C4B1B
S21400512005225A67E5E743F00503CD67D3670123F9
S21400513043670B4BB8E7CD67D3670023F8E700BF9C
S21400514000400E4600350A007C1700207917002024
S21400515000000840000008440040084400000846DC
S21400516000400846044BD3F89430002BBCBF034BDA
S214005170C3F88000704700BF0040084000000840A9
S2140051804FF0006318B1034AC2F894307047024AE1
S214005190FAE700BF00400846004008440020704779
S2140051A008B5074B1B681A68064B920019684FF043
S2140051B0045004F0A5FABDE8084000F0FBBE00BFAE
S2140051C0941700209817002007B501A8FDF74CF9A2
S2140051D0134B144AC3F8442148F2E672C3F8382148
S2140051E04FF40862C3F834210F4AC3F8A0200F4AD0
S2140051F04AF63F41916002F580424FF0C0719162DD
S2140052000022C3F8FC200A4AC3F89C20094B7F22E0
S2140052105A6203F1007323225A6203B05DF804FB5E
S21400522000400840C0E653517A27000F003008407F
S214005230806D630300300844064B1B783BB1064B79
S214005240064A1A60064B074A1A600020704702207A
S214005250704700BF9017002098170020B89B0000EA
S21400526094170020B49B000008B5FFF7E5FF002068
S21400527008BD000038B51B4B0022C3F88820C3F8D1
S2140052808C20C3F89020184A4FF400715162174AD8
S2140052900121D1605A6812F0706FC2F30365F9D12C
S2140052A04FF00452DA671249124C0122C3F88020EC
S2140052B019662270FFF7D8FF0F4B2570186820B1CB
S2140052C00E4B1868003818BF012040F27E52542159
S2140052D0FEF790FC0A4B1B6898470A4B0122DA60DF
S2140052E038BD00BF004008400000084000400846A7
S2140052F0A01F002190170020981700209417002068
S2140053004000002000400844034BFD22C3F8C8209C
S2140053100122C3F8CC20704700400E4638B5FFF790
S214005320F3FF1B4B1B481C4C1C490222C3F8C82029
S2140053301B4B1A6842B102EA0005A54204BF5D682D
S214005340156008338B42F4D1164B0222C3F8C820EE
S214005350154B164AD3F83C111160154AC3F8942031
S21400536000F0B4FBFFF730FF124B0322C3F8D8203F
S214005370A3F500530122C3F894204FF46072DA605C
S2140053804FF04072C3F8F820C3F8102138BD00BFB4
S21400539000400E460000FFFF00000840B081E00F0E
S2140053A00080E00F00400E4400400840440000200B
S2140053B00048F0000060084608B5FCF761FB044BA7
S2140053C0D3F81031C3F308230133B0FBF3F008BD64
S2140053D000400E4070B5044618B1284D2268531C94
S2140053E000D170BDC2F30063110C35F8130011F044
S2140053F0FE0F93B243EA0043606818D00434CAB282
S214005400022A216808D9D4E90160033AC3E90016E4
S21400541098600C340C33F3E704D16268C3E90012D9
S2140054200834DBE7012AD9D104341960D6E7120F15
S214005430072AF5D8DFE802F00704090D1013181D37
S214005440C04303F180631860EAE71A6842401A60B6
S214005450E6E703F1C063F6E7FFF7EEFDE0E70122BB
S214005460824003F1C063F2E70122824003F18063C9
S214005470EDE71A6830EA0202FBD1D1E7929B000002
S214005480024B0122C3F89420704700BF0040084634
S214005490024B0122C3F89420704700BF0040084426
S2140054A0024B4022C3F89420704700BF00400844D7
S2140054B0024B4022C3F89420704700BF00400846C5
S2140054C008B50C4B1B68D3F8943023B11A68022A2F
S2140054D001D9186A08BDFFF76FFF074B1B6D024620
S2140054E098B20028F6D0C3F30743D2085343B3FB61
S2140054F0F0F0EFE76013002000600840064B5B68A2
S214005500C3F30363984206D1044A536B23F0F003B7
S21400551043EA01115163704700400840001F002114
S21400552010B50446FFF7CCFF104AD2F830311B0402
S2140055300F4B1B6C03F4C05348BF4008B3F5805FA5
S2140055400ABF136BC4F30113C3F34163022B05D0E8
S214005550032B09D0012B00D1400810BDC4F3C4248E
S2140055600134B0FBF4F0F8E78008F6E70060084086
S2140055700000084000F03003202B10B513D110F4C3
S214005580E02FC0F302440AD010F4C01FC0F3C423B7
S214005590B3FBF4F418BF6400052C0ED86408FFF7BC
S2140055A0BFFF604310BDC0F382136FF012041C41AE
S2140055B004F00104C4F10204F1E70424EFE700005C
S2140055C02DE9F0470E46FFF7FFFCDFF8B090DFF856
S2140055D0B0A080460025FCF74BFAD9F80430C3F398
S2140055E00363012B07460BD1711C1AD0FFF7ECFCA6
S2140055F0A0EB08053846FCF7BDFEAE42EBD80DE042
S214005600052BF1D00B2BEFD0023B012B0CD901362A
S21400561002D0FFF7D9FC3846FCF7ACFE1648BDE8CA
S214005620F087FCF7A7FED6E7DAF808301A04C3F3CB
S21400563089140FD4013602D0FFF7C6FC3846FCF7B3
S21400564099FE24B2A4F1C8006FF4FF739842B8BF65
S2140056501846E4E7731C03D0FFF7B6FCA0EB08057A
S2140056606FEA84546FEA94543846FCF783FE14F5C8
S214005670007FC2D0E6E700BF00FEFFFF0040084004
S21400568000700840024B012218619A60704700BF04
S21400569000200840084910B5D1F8703140B11C46CA
S2140056A04A68D1F870319C42F9D1C2F303620270A5
S2140056B003F00F0010BD00BF00400840094BD3F8B0
S2140056C0883001F0800103F480030B4309D1064BB8
S2140056D04FF400129A61837F1BB1044B0122C3F87A
S2140056E0F820704700400840006008440060084604
S2140056F010B5FCF7BDF9084B1B6804463BB198474C
S21400570028B1002200204FF4806100F07FFD204683
S214005710BDE81040FCF72EBE9C1700202DE9F04196
S2140057201F4CDFF89080069F0646A2FB03502C19FC
S21400573060F1000E9C46A0454FF0000373EB0E0E82
S21400574007D24FF4B4720E211846FEF753FA022021
S2140057501BE00029FBD0C6F3130601EB5C04B4FB88
S214005760FCF4A4FB0646E40C44EA46340D4E3460D2
S2140057700D4C22600D4A914209D10D4AA5FB0253F9
S21400578002FB00339B093B600020BDE8F081C404A7
S2140057900A46E80444EA553103F016FA3860F3E79F
S2140057A000C9E876A4170020A817002000F04902D8
S2140057B00A3BB2DF0046C32338B5164D2B780C469D
S2140057C023B9154B1B6D03F03F032B70134BD3F817
S2140057D094305B051CD5124BB0FBF3F040F24D53F2
S2140057E04343A3F546430C3B584300F5C91000F568
S2140057F0556028B940F21B322B21FEF7FBF9012039
S2140058002B78084A5343B3FBF0F30020236038BDDF
S2140058100220FCE7A31700200030084000400840A4
S21400582000366E018096980070B5374C374B256B66
S214005830374C1B682468ED024CBF1B191B1BB3F1C9
S214005840804F04D8002B3AD1324E1C460AE0B3FAF9
S21400585083F4314EC4F10204E340304DAB4201D92B
S21400586001345B0803EB5605B5FBF6F52C4EB34248
S21400587034BF002601262403013D44EA86242C4337
S2140058800C60D8B1B3FBF0F1642400FB1133634322
S214005890984288BF01F1FF314808013801390728CE
S2140058A0204D214C4FEA510311D9002129700621C1
S2140058B0C4F894101B0243EA0013136070BDB3FAD9
S2140058C083F4D4F10204134EC6D50024C5E710298C
S2140058D0EBD068B1012129700621C4F89410134951
S2140058E009780029E6D012490224C1F89440E1E77D
S2140058F0012914BF0121002129704FF00601C4F8C8
S2140059009410ECD1D6E700BF00300840A81700205E
S214005910A4170020E0673500C0CF6A003FBE4025D0
S214005920401B5F13A017002000400844A11700206A
S21400593000400846084B5B6B03F00700C3F3C20247
S21400594013F0380F18BF5043C3F3821213F4E07FEE
S21400595018BF5043704700BF0030084010B50446DB
S21400596051B10B6843B15B6833B11A68032A03D997
S2140059709C6A640E204610BDFCF77AF80146204665
S214005980FFF7D8FF04460846FCF7F4FCF2E70000F1
S214005990034BD3F8380180F01000C0F300107047B6
S2140059A000400840174B4FF4002210B5C3F894206F
S2140059B0154C164BB0F1804F88BF1C46144BDA6C62
S2140059C0D2071DD51B6F134A04F5F42404F5907412
S2140059D0B4FBF2F4033CE4B203F00703A34202D0A4
S2140059E02046FCF72DFD0C4B1B784BB10B4B4FF4B0
S2140059F07022C3F8942003F100732404C3F8944083
S214005A0010BD00BF00400846E0673500C0CF6A0002
S214005A1000300E4040420F00A2170020004008440D
S214005A207FB50446FCF728F81C4B06462C3358680E
S214005A300093A37922683146FFF770FE054648BBFF
S214005A40A379012B14BF164916491022C1F8382134
S214005A50206815495843FFF7AFFE03AA02A930464F
S214005A60FFF7E2FE0F4A43F6FF53C2F8A4300C4B92
S214005A700299C3F8A4104FF4EE611163039A1A63F7
S214005A802068FFF78FFF094BA2881A6203F5405380
S214005A9000229A63284604B070BD00BF003008405C
S214005AA000400846004008445030084000000840C7
S214005AB008B5044B01221A70034B1868FFF772FFF3
S214005AC0002008BDA2170020A8170020024B4FF4A4
S214005AD08062C3F894207047004008460D4BD3F808
S214005AE00421D3F8B030D2B2FF2A03D043F30743E1
S214005AF0591C01D190221923074903EBD37302EBFB
S214005B006302022381F84230232381F8432081F880
S214005B10413070470081E00F001F002140B103684C
S214005B20012B05D90069034B002808BF18467047AB
S214005B3000487047989B0000064BD86DDB69C0F3A1
S214005B40011203F01F03000C02FB0000013318448F
S214005B50704700BF0060084070B504461F480D46F9
S214005B60FFF748FA1E4BD3F8306116F400464FEAAA
S214005B70C01015D000F574431A4C1B4A2433B3FBEF
S214005B80F2F32B60194B00EB5400B0FBF4F06860A6
S214005B905B68D9020AD5002406B10334AC6070BD38
S214005BA0002CEFD1114B5B68D802F7D4104B0F498D
S214005BB01B68D1F8A820C3F3810312F4806403F1B4
S214005BC0010309D1D2B2FF2AE6D0D1F8AC205205A3
S214005BD048BF04EBC304DFE7DC00F3E740420F00F6
S214005BE00060084020A1070048E8010000000840C7
S214005BF000200840084B1A68C117A2FB000310F1EA
S214005C00807002FB013343F10003400E40EAC310EC
S214005C10803820EAE0707047B0170020174B072244
S214005C2070B5C3F88420FFF7C7FB154B154A164E10
S214005C30C408010B0546E005C01841F10001002329
S214005C4002F0C2FF114B18604EF66020FFF7D2FF3D
S214005C504042C6F89C000E48FFF7CCF9024658B101
S214005C60E301500818184FEA15714FF0000341F190
S214005C70000102F0A9FF706770BD00BF0040084039
S214005C80B2E60E0065CD1D00001F0021B0170020F3
S214005C9040420F0038B14FF47A735843A0F6AC5028
S214005CA0401AFFF7A7BF4CF25030FAE72DE9F0474D
S214005CB0064608469846FFF731FF15460746002E6B
S214005CC000F0B08018F0050F63D03469002C00F0A7
S214005CD0AB80FEF757FD4FF47A735C43201A7B685F
S214005CE0A0F6AC50C01AFFF785FFB48B6862002C94
S214005CF000F09D80FEF746FD4FF47A735C43201A51
S214005D007B68A0F6AC50C01AFFF774FFA861614B21
S214005D10F468D3F80090DFF88CA1002C00F0B08077
S214005D20FEF730FD4FF47A735C43241A7B68A4F6C2
S214005D30AC54E41A99F81130053B012B7AD8DAF8FE
S214005D400020A4F53E44EB3CE117A4FB023402FB22
S214005D50014413F1807144F10000490E41EAC0117C
S214005D608039E9614C49A2FB01219B1A64EB0104CE
S214005D7013F1807344F100045B0E43EAC413803BC6
S214005D802B62B469FEF7FEFC01462046FFF782FF51
S214005D90286318F0020F29D073684FF47A705843BE
S214005DA05BB13B6803F51C5310331844B37F002BDC
S214005DB046F2A81308BF00231844FFF71BFF7369B9
S214005DC0E862002B5FD078684FF47A7202FB03001B
S214005DD0B37FA0F50350002BA0F1100046F2A813E5
S214005DE008BF0023C01AFFF705FFA86218F0040FCB
S214005DF018D0B068002849D04FF47A735843A0F5FD
S214005E0003501038FFF7F6FE286133684FF47A70B7
S214005E10584323B13B6803F51C5310331844FFF76F
S214005E20E9FE6861BDE8F0874CF250305BE74CF263
S214005E30503069E73B68E41ADAF80020E117A2FB65
S214005E40044314F1807402FB013343F10003640E33
S214005E5044EAC314803C114BEC61114CD3F88430F7
S214005E602B622368002B8CD0484602F04BFD00289E
S214005E7087D02368D9F848002A463946984780E7ED
S214005E804CF25034D8E747F23050ACE747F2305087
S214005E90B8E700BF60130020101B0200001F00219F
S214005EA0AC170020B017002010B5044611B38B794C
S214005EB003B3052B0FD0062B0FD0032B01D10223E3
S214005EC08B718B79013B062B0CD8DFE803F00D08AD
S214005ED0080D0D2121000423F2E70723F0E7FFF762
S214005EE02BFE44B900238B7100208B7913B10B680D
S214005EF003440B6010BDB0F5803FF3D863094FF242
S214005F00244202FB00302409B0FBF4F04042ECE7E8
S214005F108A88002CE6D0B2F5005FE3D80348630910
S214005F2000FB02332409B3FBF4F0DEE720A10700F0
S214005F30E0B5074608461E461546FFF74CF87B7C3C
S214005F40053B012B06440DD80C4B4BF6EB61002DA0
S214005F5018BF19464FF4FA720A44094892FBF0F04B
S214005F603044E0BD074B084AD3F8F800FFF7D6FDEB
S214005F7001680029A8BF4FF4FA72EDE7FBD90200CA
S214005F8018FCFFFF001F00210CFEFFFF074BD3F895
S214005F90D8304FF604014FF605029BB28B4208BF7D
S214005FA01346034A01209365704700BF0081E00F47
S214005FB00050084070B5194C0FCC86B001AD0FC527
S214005FC0CC22236816482B60002103F0A7FB84220E
S214005FD00021144803F0A2FB134B144AC3F8F02028
S214005FE0FFF77CFD124B1B782BB101AD0FCD0B4E8E
S214005FF00FC62B6823600F4B0F4AC3F8DC2F0F4ADF
S214006000C3F8E02F0E4AC3F8E42F02F1957202F2AD
S2140060104952C3F8E82F06B070BD00BFC81F002164
S214006020341F0021B01E0021001F00213F00370052
S21400603058170020001000210200620609C8056EED
S2140060400704DC060A4B197801F0FF0229B100218B
S214006050197008499202C1F8A020597801F0FF0291
S21400606029B1002159709302024AC2F8A430704741
S214006070B817002000000846074BD3F8E00E074B81
S214006080D3F88C301A0103D4054B1B6E1B0401D5C4
S21400609000F58070704700BF0010002100400840E7
S2140060A00000084008B5FBF7E3FC0F4B1A78B2B9BE
S2140060B00E4A126812F4843F11D10D4A1021C2F81C
S2140060C094101B786BB9094B1B68DB0509D4084B89
S2140060D02022C3F89420BDE80840FCF74BB9054AD7
S2140060E0ECE7044BF4E700BFBC170020C8170020FD
S2140060F0004008440040084610B5FBF7B9FC0E21E6
S21400610004460320FFF7FAF9044B40F2012220462A
S2140061105A62BDE81040FCF72DB900BF00000840E9
S214006120044B00221A70044B197811B11A70FFF74D
S214006130B9BF7047BB170020BC17002008B5FBF797
S21400614097FC234B4FF08052C3F88020BFF34F8F4D
S214006150BFF36F8F4FF48072C3F88020BFF34F8F6A
S214006160BFF36F8F0222C3F88020BFF34F8FBFF3B9
S2140061706F8F1022C3F88020BFF34F8FBFF36F8F4F
S2140061802022C3F88020BFF34F8FBFF36F8F4FF0EE
S2140061900052C3F88020BFF34F8FBFF36F8F80226B
S2140061A0C3F88020BFF34F8FBFF36F8F4022C3F832
S2140061B08020BFF34F8FBFF36F8F0122C3F8842078
S2140061C0BFF34F8FBFF36F8FBDE80840FCF7D2B820
S2140061D000E100E008B5FBF74BFC0B4B4FF080529C
S2140061E01A604FF480721A6010221A6020221A6019
S2140061F04FF000521A6080221A6040221A60BDE8F2
S2140062000840FCF7B7B800BF00E100E070B5084CE6
S21400621001232370074B1E68074BD3E90053324017
S2140062201940284001F016FA0023237070BD00BF05
S214006230BA170020C0170020C81700202DE9F04725
S214006240DDF820A003EA0108099B06460D4602EA8F
S214006250000703EA0A09BAF1000F40F04D81031F58
S2140062600B4300F01381052871F1000380F0E780EE
S21400627050EA010300F06081431E0B4300F02181C9
S214006280FFF75CFFAD4AD2E9004323EA050324EAA0
S21400629006043C4343EA0807A94BDFF8F8821E6869
S2140062A026EA0A0646EA09061E60C2E90047FFF724
S2140062B0F9FEA44814F02A4FC26E14BF48F2020337
S2140062C04FF40043B50748BF43F400539E4D83EA9E
S2140062D0020122EA0302EA669C4A81660B40D36604
S2140062E0C4F380421203200348BF42F48072E106E2
S2140062F048BF42F40052A30648BF42F40072650647
S21400630048BF42F4806220069148924DD0F80C3285
S21400631048BF42F4006282EA030123EA0203C5F89A
S2140063200C328D4BC0F80812C7F340250A40AD0466
S214006330E10448BF45F48035C3F80C22A20348BFE9
S21400634045F48015A30748BF45F4800514F4001FE4
S21400635006D0D8F8000002F009FC08B945F400257C
S214006360E00248BF45F40035F9067C497C4848BF42
S21400637045F40005620248BF45F400150A6A730733
S21400638048BF45F0040585EA020323F001031A40DE
S21400639002621D40CB61734B73481D62734B744A97
S2140063A016F0010F18BF1A46836E7D0748BF42F4E9
S2140063B00012704D82EA030123EA0203AB666E4BBD
S2140063C041660A4000F500509A66C16B04F001036E
S2140063D005F5005581EA030221EA0301E9638263B9
S2140063E01A40664BDA63D8F80020200248BF644B98
S2140063F092F8E92058BF634B610748BF43F48063B7
S21400640022B114F4C06F18BF43F480735E485F4C2B
S214006410D0F8EC10320748BF43F0004383EA01028D
S21400642022F4A0221140C4F8EC101340C0F8E82073
S214006430574ABDE8F047C2F8EC30FFF7CBBEA0F5F0
S21400644080630B4306D020F48063A3F500730B43F0
S2140064507FF416AFFBF70CFB3849D1E9003223EA8C
S214006460060322EA050242EA08023B43C1E900327B
S214006470484A126892F8E9200AB313F4C06F1ED097
S214006480434B4FF48072C3F8EC2014E0FBF7F0FAAD
S2140064902A4AD2E9003123F004033B4341EA0801CB
S2140064A057EA0807C2E9003114BF394A374A4FF4A1
S2140064B08063C2F8EC30BDE8F047FBF75BBF334BB8
S2140064C0DFE7FBF7D5FA1D4AD2E9003123F00103D6
S2140064D03B4341EA0801C2E900312F4A57EA080760
S2140064E04FF0010315BF93632C4902F1C062CB63E2
S2140064F014BFD3639363DEE750EA01037FF4C0AEB4
S214006500BAF1010F7FF4BCAEFBF7B2FA0C4A13687F
S21400651023F0010343EA09031360134A4FF4806330
S214006520B9F1000F04D0536602F1C0629366C2E769
S21400653010498B665366BEE7BDE8F087C817002093
S214006540C01700200000084000000844000008466D
S21400655000600840006008440060084600400840AC
S214006560004008440040084600500840041C500004
S21400657004185000005008440050084600700846B2
S2140065800D0A0A09090A0A09001008400010084402
S2140065900010084660130020007008400070084491
S2140065A0024B5868C0F3C000704700BFC8170020F1
S2140065B0024B186800F00100704700BFC8170020A3
S2140065C0024B5868C0F3C030704700BFC8170020A1
S2140065D010B50446FEF7A2FEFFF7B0FD04F14C002E
S2140065E0FDF7D6FCFEF746FEFEF704FBFEF770FB53
S2140065F0FFF714FB1049114AD1F8F810072304F1ED
S214006600A400FFF753FB4FF440010020FEF79AFC6E
S2140066104FF400110120FEF795FCFFF7B7FC20B9F8
S21400662040F2E7221421FDF7E5FAFFF741FABDE84C
S21400663010400120FEF70CBD001F0021681F00213E
S214006640084B8022C3F8882003F17E430822C3F853
S2140066508820054AD2F8B03E23F02003C2F8B03EA8
S214006660704700BF0040084600100021F0B583B018
S2140066700646144602F0E6F8002800F09B80514BD0
S214006680DD6815F0060540F09580FBF7F1F92379F3
S2140066900095022B07463ED1237B022B35D00320E4
S2140066A0FEF746FC18B9484B5B685B047FD5A37BB6
S2140066B0257B4649A2680192003B18BF0123012DA5
S2140066C00B705DD0424A434C002313702278002A98
S2140066D061D13C4E0420FEF709FBF36E23F0F8531D
S2140066E023F4F81343F0506343F48033F3662A46EA
S2140066F0022301A90420FEF717FB002852D0364BD0
S214006700012130222170C3F894203846FBF732FE70
S214006710002003B0F0BD0320FEF70AFC002846D197
S2140067202279D6F8AC30012A226838D0D51A254B03
S2140067302A4A0095DA6600221A67627B284B002AEE
S2140067400CBF012200221A70264B264AD3F8B03E10
S2140067500CBF43F0200323F02003C2F8B03E032012
S214006760FEF7C4FA174B204ADA66227901236946F7
S2140067700320FEF7D9FAF8B11C4B01221A708BE7FA
S2140067802379022B9ED0009BD6F8AC100B44134402
S2140067900025019396E72370FFF784FC99E79A4259
S2140067A0C5D3C3E70320FEF7A1FA0C4BF3663846C1
S2140067B0FBF7E0FD0320ACE73846FBF7DBFD0120E6
S2140067C0A7E700BF0050084000400840BE17002062
S2140067D0BB170020BC17002000400846000001013F
S2140067E0BD17002000100021010C0100BF1700207B
S2140067F02DE9F3410D460746FBF73AF91B4BDFF848
S214006800788000241C70FFF71BFF194BC8F86C300B
S214006810C8F8704006466879431E5842584101F051
S214006820EDFC40F60143C8F870302A792968D7F89D
S214006830B430012A01D1994200D3CC1A04230DEBBF
S214006840030103200194FEF76FFA50B9094B882222
S2140068503046C3F88820FBF78DFD012002B0BDE866
S214006860F0813046FBF786FD0020F7E7BF170020D3
S214006870000001010040084400500840F8B5194CDB
S21400688005462078B0FA80F040F206423E214009E4
S214006890FDF7B0F955B96078B0FA80F0BDE8F84079
S2140068A040F206423E214009FDF7A4B90E4F0F4DB7
S2140068B0D7F8A0304FF44066C3F381232370C5F8A1
S2140068C0A0606078B0FA80F040F206423E214009AF
S2140068D0FDF790F9D7F8A430C3F381236370C5F8A9
S2140068E0A460F8BDB8170020000008400000084467
S2140068F0F8B50B4C0B4DD4F888300B4F0423C5F875
S2140069008830D4F888305B0300D4F8BD0426C7F876
S21400691088600220FEF790FBC5F88860F1E700BFAC
S2140069200040084000400846004008441C4B70B534
S214006930D3F888601B4D03F18063A822C3F8882033
S21400694010221A60184A194B93666B66FFF77AFB9B
S214006950174B1B7813B90320FEF7C8F900242C67E1
S214006960FFF7C6FF134A144BD2F8E01E0B40C2F8DE
S214006970E03E124B0422C3F88820114BB206C3F83F
S214006980B84008D503F580735B6CB3F5817F22BFF2
S214006990034B80229A60BDE8704001F0B7BD00BF8F
S2140069A00040084000500840005008441000000214
S2140069B0BF17002000100021DF0000FF0040084441
S2140069C0001E002110B528B971B9174B4FF4C062EC
S2140069D05A6210BD41B9154A53681B0E13F00E0FCC
S2140069E0F3D113689A06F0D4FFF786FB0F4C00200D
S2140069F0FEF750FE032801D0092806D1D4F88C30C3
S214006A00DB03F4D4636F0C2BF1D9FFF771FF084B4F
S214006A104FF400725A62074B0122DA6003F17E439C
S214006A200422C3F88820D0E70060084400400840ED
S214006A30000008400040084608B503210920FEF77C
S214006A405DFD024B20229A6008BD00BF0040084052
S214006A5038B50546FBF70CF80446FDF755FA35B190
S214006A60FFF75EFB2046BDE83840FBF783BC084BCB
S214006A701B78002BF6D0074B1D78002DF2D1FFF7C0
S214006A804FFB2A464FF480400021FFF7BFFBE9E7A3
S214006A90BB170020BA1700202DE9F84F534B0546C8
S214006AA0D3F888300E461446002A40F09C8013F037
S214006AB0A00F14BF4FF001094FF00009DFF848811E
S214006AC04B4F01F023FDA023C8F888300320FEF7C3
S214006AD00DF90420FEF70AF94FF0000AFFF720FB35
S214006AE0444BFB66C7F870A0FFF702FF424BD3F893
S214006AF0B02E42F02002C3F8B02EFF22C8F80020C5
S214006B003A4A4FF480719160D3F8E02E3B494FF03B
S214006B10040B1140C3F8E01EC8F888B0C3F8B8AE3E
S214006B20FB6813F0060F04D0FEF730FA5846FEF75F
S214006B30DDF8B9F1000F08D0314B4FF40062C3F80E
S214006B408820304B4FF400425A6665B12D4B5B6C83
S214006B50190701D4FFF7D0FAFFF76EFF0420FEF7FF
S214006B60C5F8FFF76FFA214BDA68D20736D55A68B0
S214006B7012F0706FFBD1244D244B254AC5F888309F
S214006B80536B23F0F003536316B12046FFF760FF04
S214006B900123EB6014B31B4BDA6E9A66134A136A32
S214006BA023F00103D3611B4BD3F80C22C3F8082251
S214006BB0A3F54053DA6F9A67A3F50053D3F8EC2099
S214006BC0C3F8E82003F5C043DA6B9A63A3F50053D5
S214006BD0114A5A664FF60843C5F88830BDE8F84FA4
S214006BE0002001F093BE4FF0000967E70040084020
S214006BF0005008400000010100100021DF0000FFE7
S214006C0000400846000008400040084410003000DD
S214006C10001F0021006008405000F0029A4B196ED9
S214006C20DA6E2DE9F04F01EA0209C3F8689003F521
S214006C30805385B0D3F8E060D3F8EC201640C3F854
S214006C40E86003F5A043D3F80012D3F80C2201EA5B
S214006C50020AC3F808A2A3F5005359691A6A01EAA2
S214006C6002088A4A08EA0202DA61894BD3F800224F
S214006C70910006D4D3F800319A00C3F3407740F170
S214006C80E180FAF7F5FE834BDA68DF6D12F0060F47
S214006C909A6E07EA020727F4800222F4006214BF05
S214006CA04FF0010B4FF0000B5A667B0704D57A4A6B
S214006CB0537D0133DBB25375FBF75CFBB9F1000F74
S214006CC000F0DF8019F4004427D0FAF7D1FE014621
S214006CD0FFF7D2F96F4D0446AA69AB699A42FCD019
S214006CE0AA699342FCD0FFF7C7F9A04240F0AC80F7
S214006CF00846FBF73FFB694B1C60694BD3F888508E
S214006D0015F4E05240F0A28024F07F4424F0DF0423
S214006D100CB9FFF70BFE4FF0807419F0020F4FF01E
S214006D20000516D05E4B5F49D3F8883003F4604206
S214006D30C1F88820002A00F09E801D0400F19E8085
S214006D4013F4005F0CBF4FF000534FF000631C437A
S214006D500025C9F340394FEA4909534B3340002B0D
S214006D604AD016F4206F0AD040F60502062100200D
S214006D70FCF740FF0020FFF76BFE26F48026F005A8
S214006D8006D5484BFF221A6044F4C064FFF7B4F9F6
S214006D9016F0090F0AD040F61A0208210020FCF768
S214006DA029FFFFF749FE414B01229A6216F0106F49
S214006DB00CD040F6230209210020FCF71BFFFFF74A
S214006DC03BFE002211461046FDF776F816F4202FFB
S214006DD00AD040F62B0207210020FCF70BFF00200C
S214006DE0FFF736FE26F48026F10301D5FDF7B4F949
S214006DF0002EB8BF49F0080972070DD52B4B5B6A09
S214006E0013F4005F14BF2A4A2A4A4FF400531ABFED
S214006E10536244F400045362730548BF44F004040C
S214006E2016F4802600F0AA80FDF760F901380628DF
S214006E3042D8DFE810F02E0131012E01340137016F
S214006E403A013A01BB4639E7044645E70192FFF7A7
S214006E506DFD144B019AC3F8882015F4805307D1B2
S214006E6015F4806F0CBF4FF080544FF0806454E7E9
S214006E704FF0804451E74FF0007368E74FF000434F
S214006E8065E74C464D4668E7000008400000F7FFFF
S214006E9000E100E000500840D0170020B4170020A2
S214006EA00040084000400844090B0B8900100840C9
S214006EB0001008440010084640F65C02032100203B
S214006EC0FCF798FE844A136ED2F8800003F007039E
S214006ED00633012101FA03F3C0F30C001B1A9BB220
S214006EE0072B13D97D4BD3F8883058020ED47C4834
S214006EF0136B126DC06C58B103F00703063399404C
S214006F00C2F30C03C91A89B2072901D844F40074E5
S214006F10744B1B78002B31D06F4BD3F8E03013F452
S214006F20A02F2BD1704B714A1B7893B9F90410D45B
S214006F30137873B1E3086E4943EA457383F001039F
S214006F40D1F8E01E03F001035B0021FA03F39B0770
S214006F5014D10420FDF7CAFE664B6749D966FFF7D1
S214006F60DFF8624A13782BB9644B654A1B682340E6
S214006F70134201D144F4804427F48057BAF1000F3D
S214006F801DD01AF4805F18BF44F480241AF4807F62
S214006F9018BF44F400241AF4005F18BF44F010042D
S214006FA01AF4007F18BF44F020041AF4806F18BF4C
S214006FB044F040041AF4006F18BF44F08004B8F19F
S214006FC0000F48D018F4802F18BF45F4007518F449
S214006FD0803F18BF44F4805418F4801F18BF44F450
S214006FE0003418F4800F18BF44F0020418F4003F71
S214006FF009D03A4BD3F88830580059D5414B1B6816
S214007000984704430D4318F4000F18BF45F01005C9
S21400701018F4002F1AD0364BD3F8B03E13F0C00F3A
S21400702014D02E4B5A68C2F30362032A01D0072AF3
S21400703007D1D3F88C20D10603D4D3F890201207BA
S21400704039D54FF40022DA6128F4002818F4001F1E
S21400705018BF44F48004002F00F01381380540F177
S2140070608680294ADFF88CA0D378002B52D0013BCB
S2140070704FF40061DBB2CAF86410D37033B9234B07
S2140070801B78DBB1224B40F60142DA660023002271
S2140070906BE044F4803415E744F4006412E744F4EB
S2140070A080640FE744F480740CE744F0080409E7B2
S2140070B044F48014A7E744F40014C7E7DAF8703005
S2140070C013F4A05F15BF4FF4807340F60143CAF86F
S2140070D05030CAF87030D9E7001008400040084029
S2140070E000000840BC170020BB170020BD1700207A
S2140070F0001000210050084000000101C8170020C1
S214007100088D01006000002074170020BF170020C3
S214007110005008460320FDF7E9FDDAF80C30AD48CC
S214007120AD4913F0060F02BFAC4B41F61F72DA668C
S2140071304FF40063CAF86430DAF80C3013F0060334
S21400714008BFCAF87030C38A13F4006261D023F413
S2140071500063C3820B7803F0FF0A002B5DD1FDF7B6
S21400716015FFFFF7E3FB534620221C431543B901E6
S2140071700BD52E20FDF7F6FF984A4FF00073936666
S21400718002F17C4245F008055366FA0608D52B2026
S214007190FDF7E8FF914A1023936602F17C4253669E
S2140071A017F4E00F05D1FB045FD5BBF1000F00F02C
S2140071B0B780B80210D52920FDF7D4FFFFF7F0F905
S2140071C040B18749874A884B53668B66874949682A
S2140071D0490425D445F0040517F4800BDFF804A213
S2140071E02AD00420FDF782FD2720FDF7BBFFFFF71E
S2140071F09DFB4FF48003CAF864307D4BD3F8E02E35
S214007200520600F186807B4B02221A6045F002058A
S21400721028E00B784FF40053A7E74FF4004336E717
S2140072206E4920208B665366FDF79CFF2D2045F0A7
S2140072300C05FDF797FFCFE7F80255D50420FDF7BC
S21400724055FD2820FDF78EFFDAF87030002B48D168
S214007250FFF76CFB614A644B936602F17C4245F093
S214007260010553665F4B00221A657A0509D5624A06
S2140072709378002B00F0A280013B9370002349EA2C
S21400728003095B4BD3F8B03E1B0603D520462946C0
S21400729001F044FB4A4620462946FEF7B7FF0EB1EA
S2140072A0FCF74CFF18F4002F00F08D804F4B4FF486
S2140072B00022DA6118F0206F00F0898018F0007F55
S2140072C001D0FDF731FA18F0006F01D0FDF748FA4B
S2140072D0002200204FF4006105B0BDE8F04FFEF735
S2140072E095BFCAF870B0B5E7F904BBD50420FDF722
S2140072F0FDFC424BCAF86C30FDF748FEDAF85C300D
S21400730013F4A00FAED12A20FDF72CFFFFF70EFBDB
S21400731073E7D3F8B03E98063FF578AF384B73E77F
S214007320354A13794BB1013BDBB2137113B92C4BC1
S214007330344ADA6600231C4397E70420FDF7D6FCA0
S2140073400320FDF7D3FC274B2C4ADA66FAF790FBAE
S21400735082460DF10F00FEF79DF92B4B1B788346F6
S2140073600BB1FEF7C9FEBBF1030F0ED1DFF87CB000
S2140073700020FEF78FF9032807D1DBF88C30D903FD
S214007380F6D4DBF874300C2BF2D99DF80F30032BB3
S21400739006D11E4B012250461A70FAF7EBFFC9E7DA
S2140073A01B4BD3F8E03013F4A02FF2D1FEF7B8FE53
S2140073B05046FAF7DFFF4FF48043BCE70220FDF7A4
S2140073C095FC01235BE7B8F1000F7FF473AF05B0BF
S2140073D0BDE8F08FD0170020BF17002000500844EB
S2140073E000500846005008401000000200400840C8
S2140073F0001000210040084474170020000001011E
S214007400004008460000010DBE170020BB170020F4
S21400741000100840FFF702BCFFF700BCFFF7FEBBFA
S214007420FFF7FCBB0B4B10B55C691A6A1440A2B29E
S214007430DA61E20704D55868C0F30360FAF78FFBF9
S214007440630706D5BDE81040042200200021FEF7A1
S214007450DDBE10BD00400840FFF7E0BB0C4A08B593
S214007460136BD16B0B409363DB070FD5094B187872
S2140074704FF42A62122100F00100FCF7BBFBBDE8C6
S2140074800840002201200021FEF7C0BE08BD00BF54
S21400749000700840C8170020044BDA6FD207FCD4EF
S2140074A01A6FD96F0A409A67704700BF00300840CD
S2140074B070B50D461446FAF7DBFA064BD3F8B06EF5
S2140074C074402C407440C3F8B04EFAF753FF06EAF7
S2140074D0050070BD00100021034BD3F8B03E994361
S2140074E00CBF012000207047001000217047436B3E
S2140074F003F06003402B0DD0602B03D0203B584296
S2140075005841704749B10B68012B06D9486940F0CD
S2140075100100704740F201107047002070470000DD
S21400752009490A4AD1F8EC0010B504230124C2F830
S214007530EC308C624FF400515162410744BF02F1B7
S2140075400072C2F8EC3010BD00100840001008446D
S21400755037B5204D0C4641B90A460721FFF7A8FF6C
S2140075601D4BEC625C6003B030BD07221146FFF78E
S2140075709FFF1A4B07225A60237985F82C306379CF
S2140075800193012101A801F00DFB019BC2B2D3407B
S21400759000F00F0040EA031085F82D00A27985F868
S2140075A02E20E27985F82F202068286383B1028890
S2140075B001218B4205D82379013B1344084A936185
S2140075C0D1E730F81150AA4228BF2A460131F0E729
S2140075D01A46F0E7001F00212C1F00210000084477
S2140075E000000840431C07D0044B6FF0FF029A616E
S2140075F003F1007310409861704700BF00700844A4
S214007600034670B10268022A0BD9426A12F47F4F11
S214007610C2F3072006D01B6AD2B25A43B2FBF0F080
S214007620704700207047000000F01803182B0AD09F
S21400763003070AD410F0100040F2011318BF1846D2
S214007640034B986470470020FAE70120F8E700BF74
S214007650001F0021344B2DE9F7431E6801F4007922
S21400766000F00103174653EA090205460C462ED0E1
S2140076704FF0000803B30023002201200021CDE9CB
S2140076800088FEF7DBFD41463046FDF799FF414690
S21400769070830120FCF72CF8716B06F1A400FEF74E
S2140076A00DF822490868FFF79DFF4FF0FF330B6087
S2140076B0337C43F004033374B9F1000F07D0012183
S2140076C03046FCF749FA24F4007405430C43D6E927
S2140076D03E232A40234052EA030103D01449304691
S2140076E009688847FB070FD51249134A08681368CC
S2140076F000211160114A0121117003B19847104B07
S21400770000215B680220984717F00E0F08D040F261
S214007710F3123B21002003B0BDE8F043FCF76ABA41
S21400772003B0BDE8F08300BF6013002058000020BF
S2140077305C000020F8170020FC170020001800202E
S21400774028000020F7B50446D4E93EC71046DDE918
S21400775008268CEA020587EA06010540194085EAF4
S2140077600C057940C4E93E5123F4004106EA0103C2
S21400777020F00100002543F40073024043F00203AA
S214007780CDE90055FEF75AFD237C9A0717D5D4F8A5
S214007790FC309B0513D54FF488112046FCF7DCF926
S2140077A0237C65F341032374D4E93E2302400B4057
S2140077B052EA030103D0034920460968884700209F
S2140077C003B0F0BD5C00002038B10368044A002B0B
S2140077D008BF1346034A13607047014BFAE700BF21
S2140077E0ED7400005C000020024B586B00F00F00A8
S2140077F0704700BF001F00210F2938B505460C460C
S2140078000ED801F027F801280CD1074A536B23F055
S2140078100F0323435363284601F088F8002038BD41
S2140078200120FCE70220FAE7001F0021014B986BBD
S214007830704700BF001F0021014B0020996370476E
S214007840001F002103282DE9F7434CD8274B13F8D7
S2140078500080274B1E5C274B13F80090FAF708F9B8
S2140078600746FEF7A5FE054640B10023CDE90033E6
S2140078700022002301200021FEF7E0FCFEF7A0FE18
S21400788048B10023CDE900330022002300204FF446
S2140078900041FEF7D3FC26B3174B5C6C04F00804DB
S2140078A0164B31465C644046FFF78CF84A46314634
S2140078B04046FFF7F1F8124B5C6465B1114B18684F
S2140078C0416BA430FDF7FAFE0F490868FFF78AFE01
S2140078D04FF0FF330B60384603B0BDE8F043FAF7CD
S2140078E049BD3446DCE703B0BDE8F083A89B000042
S2140078F0A49B0000A09B0000000008400000084475
S214007900000008466013002058000020104AD2F8F5
S214007910883013F0A00F16D1D2F88C0010F00400B7
S21400792013D10C4BD3F8E03E23F07F4323F0FF0344
S2140079305BB15368C3F30362092A07D0B2F10C00A7
S21400794018BF01207047002070470120704700BF15
S214007950004008400010002170B50D46064620B9CC
S214007960194B1B68A3B1032011E000F073FF012838
S21400797028D1164B93F90040C4F11C04641BC4F1D3
S2140079801C03002BB8BF5B42232B0CDD012070BD0F
S21400799081EAE173A3EBE173DBB2232BF6D80B4B42
S2140079A019700020F3E7B574FAF762F8084A5369CD
S2140079B0E40223F4FF2304F4FF241C435461FAF783
S2140079C0D9FCEEE70220E2E760130020F017002063
S2140079D00070084090F8C23053B9074BDA6992023B
S2140079E008D49B6F13F4706F14BF012000207047FB
S2140079F0002070470120704700600840F8B5436BD0
S214007A0002EA010523EA01032B434363344A01F0EB
S214007A100B030C4623EA0501516402F100722B4069
S214007A2061070646536411D50121FFF7D3FF68B1FD
S214007A30FEF75EFF15F0040F14BF2A4A2A4A4FF4D9
S214007A400073D361294B0422C3F88820E20606D5CA
S214007A5015F0100F264B14BF00221B22DA642306F3
S214007A601DD52F0616D51F4B4FF400129A6103F151
S214007A707E430122C3F8F820F9F7FAFF0E210746E5
S214007A800320FDF73BFD1A4B40F201225A623846AE
S214007A90FAF770FC294606F1A400FDF70FFEE00594
S214007AA003D5E90516D5FDF7F3FCA20503D5AB050E
S214007AB013D5FDF7FDFC14F0600F09D0D6F894102E
S214007AC03046FFF714FD0B4B58640B4B80229A6030
S214007AD00020F8BDFDF7D4FCE7E7FDF7E1FCEAE798
S214007AE0000008440060084600600844004008445F
S214007AF000000840001F002100400840014B986924
S214007B00FDF70EBD00600840D0F894304BB11A68FF
S214007B10022A06D993F8250028B11B6AB3FBF0F0B9
S214007B207047FBF7F7BD7047014B9869FDF722BD1C
S214007B300060084008B50146D0F89400FFF760FDE5
S214007B4020B9BDE808400846FBF7E6BD08BD0000C2
S214007B50437C5A1F012A01D9082B05D14B7C2BB137
S214007B60012B05D0022B05D0FFF7E4BF0248704773
S214007B70024870470248704720A1070048E8010005
S214007B8040420F0070B50E46F9F772FF054600F04A
S214007B9085FE044620B12846FAF7ECFB204670BD69
S214007BA0FEF7A6FE114B3278D3F8E03E022A23F009
S214007BB0F00316D0101F42424241520043EA02131D
S214007BC07278022A0FD0111F4A424A41520043EAF5
S214007BD08213064AC2F8E03E054B0422C3F888200A
S214007BE0D9E70122EAE70122F1E700BF00100021F1
S214007BF00040084470B50E46F9F73AFF054600F017
S214007C0065FE044620B12846FAF7B4FB204670BD50
S214007C10FEF76EFE104B3278D3F8E03E022A23F0D1
S214007C200F0315D0101F4242424152001343727890
S214007C30022A0FD0111F4A424A41520043EA8203E9
S214007C40054AC2F8E03E054B0422C3F88820DAE76E
S214007C500122EBE70122F1E7001000210040084472
S214007C60F8B50E7890F8D070044630460D46FCF70E
S214007C7087FB002844D094F8D030B34208D1AA88B5
S214007C80636C9A4204D16A88B4F8D2309A4235D0EE
S214007C9084F8D060AB88A4F8D4306B88A4F8D230CF
S214007CA0AB886364FF2363753046FCF727FC04F15A
S214007CB0D00520752846FCF7A9FE10BB2846FCF721
S214007CC055FBF0B9D4F8903053B194F8D010B942BF
S214007CD006D0B3F912202046F9F742FF84F8D900FF
S214007CE02046FCF76DFD0949A4F8D400084AD1F8EF
S214007CF0F810012304F1A400FDF7D8FF0020F8BD1A
S214007D0001200E2384F8D030F9E700BF001F0021C1
S214007D10681F002170B5054690F8D0000E280C4666
S214007D201DD0FF291DD01AB10F4B4FF0FF321A603D
S214007D30FCF7E4FB064695F8D000FCF7CBFB844244
S214007D4028BF0446E4B2B44238BF3446E0B2687591
S214007D50FCF77EFCA0F1FF035842584170BD02209C
S214007D60FCE70120FAE700BF3400002010B590F8C9
S214007D70D0300E2B04462BD00175D0F8900020B3DF
S214007D80D4F8A0304BB994F8D9308B420BD32046A8
S214007D900022BDE81040FFF7BDBFB4F92420B0F9BB
S214007DA012309A42F3DD94F8D91000222046FFF7ED
S214007DB0B1FF60B9C4F890002046FBF754FE0146B8
S214007DC02046BDE81040FBF7EDBDFF23637510BDF0
S214007DD00220FCE70346D0F8D0000860B3F8D430A1
S214007DE08B80002070470000C36B012B01D1002060
S214007DF0704770B5364BD0F89060D3F8F830C0F8BE
S214007E00943086B03146058B0446FDF7A7FDB3894E
S214007E108DF80600D6E90121EB1A9BB201FB03227E
S214007E2068460021ADF804300092FDF7F9FD38B938
S214007E30284B228BDA63FCF7B7FD20B106B070BD85
S214007E40022006B070BD227C60F341022274FDF76A
S214007E50A5F9D4F890305969431EDBB2096802913F
S214007E60FD2B02460BD9CD1C09D91B4B01311B68D3
S214007E700CD0D81C07D802A92046029301E002A91C
S214007E802046FCF743FA002006B070BDD91C04D883
S214007E9002A920460293FCF739FAD4F8FC309B0579
S214007EA004D4237C43F002032374ECE74FF48031C0
S214007EB02046FBF751FED4E93E2302400B4052EA2F
S214007EC00301E0D00549204609688847DBE700BF84
S214007ED0001F002100300840440000205C00002005
S214007EE04FF48071FFF7F8BA38B590F8DC400546D5
S214007EF0ACB1F9F7BDFD0A4B1F22DA61013C03F174
S214007F0000731440DC6103F17A43D5F8E0201A666A
S214007F10D5F8E4205A66BDE83840FAF72BBA38BDE3
S214007F20006008442DE9F74F06461546084619B97D
S214007F30012003B0BDE8F08F002AF9D0032904D849
S214007F400021FCF71DF90028F2D082780488037916
S214007F5090F805B0C788B0F90000002802F00701C5
S214007F60C0F2D280A1F1070CDCF1000040EB0C005F
S214007F70052928738CBFC2F300100020C2F3801CB2
S214007F806873900985F810C000F00200C2F3C00CB8
S214007F9040EA0C00C2F340126874AA74AF820BB9B0
S214007FA096F8CA30013BDBB2EB74736BD80600F16F
S214007FB097800639012900F29380544BDB6C544BB2
S214007FC05A6B1B6B03F0070306334FF0010909FADF
S214007FD003F909F1FF39083C42F0005804EA0904A5
S214007FE0002318F804A0AB60013404EA0904631DFA
S214007FF003EA09035A1C02EA090218F8037018F883
S2140080000220BAF1800F47EA0227727C18BFAAF155
S214008010320A3BB214BF4FFA8AFA6FF07F0AC7F3F0
S2140080200B079AB30020D6F89C300BB15146984700
S214008030631C03EA0903E87385F80EA018F803101A
S214008040013303EA090318F80320013303EA09039E
S21400805041EA022118F80320013303EA090341EA42
S214008060024118F803006A7C002341EA00613046AA
S214008070FDF75EFF2860737C042B03D1042FDCBF62
S214008080033028600423AB71002052E7D90423D5BF
S214008090D6F894309BB11A68022A10D993F82400B7
S2140080A0FB0008B1B3FBF0F39B45BBD8002BB9D05F
S2140080B0CBEB0B20B0FBF3F0C043C0B2B3E72946CE
S2140080C03046FFF745FD01903046FFF71DFD019B4A
S2140080D0B3FBF0F0C0B2E3E718F804004000ECE7AA
S2140080E00023EB730B4BDA68C2F30723120448BF76
S2140080F063F0FF035AB212F1800F1CBF323B5AB234
S2140081000023AA732B60BEE7022012E70000084097
S2140081100010084000700840F8B5977906461446E7
S214008120FFF700FF054648B9A3793BB12146A77182
S2140081303046FFF70DFD2146FDF7B6FE2846F8BD92
S2140081403F2B084610B5114619D9B3FA83F3C3F18D
S2140081501902D2B2062A01D8192B0ED0062A28BF39
S2140081600622931DDBB201249C40A4B2A14228BF84
S2140081702146FBF7F9FD204610BD0022F1E700245A
S214008180F9E713883F2B10B5084616D9B3FA83F3E0
S214008190C3F11901C9B2062901D8192B0BD006293B
S2140081A028BF06218C1DE4B20123A3401380FBF7F1
S2140081B0F9FD002010BD0021F4E70120FAE7FFF7E3
S2140081C0AFB9000070B50A4B0A4DD3F8EC604FF417
S2140081D08064C5F8EC400020FEF73AFC4FF40053EC
S2140081E06B65730544BF044BC3F8EC4070BD00BF1D
S2140081F0001008400010084400100846082318B174
S214008200024AC2F888307047014AFAE7004008463A
S2140082100040084410B5084614460121FDF7DAF878
S21400822020460121BDE81040FDF7D4B8F8B5044655
S2140082300E4611B9037C5A065FD4464BA18BD3F881
S2140082408420D4F8947012F4E05F04BF2022C3F8B0
S21400825010224FF6FF73994260D03F4B1B68002BED
S2140082605CD03E4D20469847D4F894102A688A423F
S21400827007D02046FFF73BF9394B5864394B80202E
S214008280986097424FD0384B1B684BB11FB13A6885
S214008290002A58D0BF68394620469847D4F894102C
S2140082A00846FFF7ADF9002849D03049FDF754FCE1
S2140082B007272046FCF784FA002E36D02C4B94F97C
S2140082C0122093F900302B49D4F89400C3F11C0314
S2140082D09B1A4A69DB0222F4FF2203F4FF231343AE
S2140082E0254A4B61254B286006211167204601224E
S2140082F01A7000F01BFB0020F8BD61F38613154AC8
S2140083000374D2F88430D0F894704FF6FF7113F4EB
S214008310E05F818302D12023C2F810320F4D2A6815
S214008320BA423946A5D10127C3E70D4B0F4AD3F809
S214008330F81004F1A4003B46FDF7B8FCBEE7204663
S214008340FBF7EAF9B1E71746394620469847D4F8CE
S2140083509410A5E700600840F4170020E8170020F6
S214008360001F002100400840EC170020681F002175
S214008370F01700200070084000000844F1170020A5
S21400838002484822002101F0C9B900BFE41E0021BE
S214008390002373B583746423C0E92C33C0E92E33FD
S2140083A04FF0FF35C0F8AC30A0F8C0300E264FF6C0
S2140083B0FF73C0E9075580F8D060456485828375F1
S2140083C004461120F9F770FF042834D11B4B5B6874
S2140083D013F4403F2FD12046FEF7FAF82046FFF769
S2140083E0CFFF94F912102046FFF7B6FA144A60231E
S2140083F0536402F5805240F6FF7151625165114A8E
S2140084005364114B4022C3F88820626B29462046ED
S214008410FFF7F4FA002240F2022310461946CDE98F
S2140084200066FDF70BFFFCF73FF8204602B0BDE8FC
S2140084307040FBF7A7BB022002B070BD00300E40B4
S21400844000000840000008460040084470B50C686C
S214008450B0F8D4208D680346013404BFD3F8AC408E
S2140084600C604C68013404BFD3F8B8404C606E1CF6
S21400847000F1A40038D1D3F8B440CE688C60751CE7
S21400848038D1D3F8B0500E69CD60013604BFD3F8AA
S214008490A4600E614E69013604BFD3F8A8604E6131
S2140084A08E69013604BFD3F8BC608E618E693EB318
S2140084B04132B24238BF32460E688A61C3F8B440D1
S2140084C04C68C3E92E420A69C3F8A4204A690D49DC
S2140084D0C3F8A820C3E92B650B4AD1F8F810072388
S2140084E0FDF7E4FB002070BD02F14104AC4238BF4A
S2140084F02C46C2E702F16405B54238BF3546C2E7EE
S2140085006422D9E7001F0021681F002138B5F9F75B
S214008510AFFA0B4A13884FF6FF718B4203D1F9F777
S21400852029FF032038BD074C074DE56504F10074AC
S2140085301B04E3651180F9F71DFF0020F2E700BF7A
S21400854054000020006008440000FFFF2DE9F341BE
S21400855005460F461646FFF7D9F9A0B1DFF8548254
S214008560D8F80C30DB0704D40324204602B0BDE85C
S214008570F081F9F77DFA04460320FCF7D9FC20B118
S2140085802046F9F7F7FE0224EFE7D8F80C3013F090
S214008590060FF5D12046F9F7EDFE7A4B4FF4006151
S2140085A02846D3F8E08ED3F8B84EFEF795FF40B1D4
S2140085B0754B4FF400720121C3F888200846FBF77C
S2140085C097F839462846FBF7EDF96E4BC3F8B84ED8
S2140085D0C3F8E08E04460028C7D12B7CDF0601D402
S2140085E0002E58D0C6F34000FEF748F916F4807FF8
S2140085F014BF664A644A4FF002031BBFC2F88830B5
S214008600634AC2F8883000211CBFD1609362FEF72F
S2140086106FF916F0040F14BF5E4A5F4A4FF480638A
S214008620D361594B042216F0400FC3F8882014BFBC
S2140086305A4A5B4A40233046C2F88030FEF7F4FFC1
S2140086402846FFF74DFC40B116F0010F14BF4F4A05
S2140086504D4A4FF48073C2F88830B00642D56B8C12
S2140086604FF6FF7293420FD04E4A4F49D26D100C10
S214008670C2F30112088001324749B3FBF2F3454AC0
S2140086804A48C8651B04D3652B7C003E18BF0126EC
S21400869066F304132B74284600F034F9C0B328465A
S2140086A0FFF71EFCD0B14FF400312846FEF714FF4A
S2140086B0431C9BB20322364801A9FBF7D9FB9DF861
S2140086C0042002F00703052B9DF8053013D111078F
S2140086D00BD443F48073364AC2F8C0300020FBF750
S2140086E02CFE42E7FFF712FFCEE713F0040F09D186
S2140086F09DF80630EDE703F03002202A05D113F08E
S214008700010FF4E74FF48073E5E79DF80630E2E7E3
S214008710284600F028FA0028E0D02846FFF7E0FBBD
S2140087200028DBD0EB7CA3F10C02012A16D82B8B99
S214008730032B19D01E4B93F8C93003F00703072B01
S21400874016D013480621FBF79CFB421C3FF40CAFE7
S21400875000F00F00164B83F8C800BFE70F2BE6D0DB
S214008760102BE4D00E2B01D1092102E0112BE0E7FB
S21400877008210748FBF785FB431C3FF4F5AEC0B263
S214008780E8E700BF0010002100400844004008460B
S2140087900010084000600846006008440070084664
S2140087A00070084400600840540000200000FFFFEE
S2140087B0001E00210050084038B504461D46FFF74D
S2140087C0C5FE28B929462046BDE83840FEF710B851
S2140087D038BD7047054BD3F8880003F180634FF42B
S2140087E00022C3F88820C0F3C0407047004008400D
S2140087F0014B024A1A607047EC17002051750000C2
S21400880038B50446817515464AB100F0ACF908B98A
S214008810002016E0237C43F080032374F8E7084624
S214008820FCF76CF9FF28A07508D0204600F09BF9ED
S2140088300028EDD0237C65F3C713EEE7FCF7B4F908
S214008840012038BD024BD86800F00100704700BF19
S214008850005008400F4B5B68C3F30363013B0B2BD0
S2140088600FD8DFE803F006060C06060606080A0818
S2140088700808022070470420704705207047032030
S2140088807047054BDB6813F0060F0CBF0120042071
S214008890704700BF00400840005008400A4A53682E
S2140088A0C3F303630B2B08D06FF49050184100F00D
S2140088B0010080F0010040007047D2F8880010F4F4
S2140088C08030ECD1704700BF004008400C4A536827
S2140088D0C3F30363062B07D8042BD8B20CD8C31EE9
S2140088E05842584140007047072B07D1D2F8440140
S2140088F010F00050EBD17047022070470020704700
S214008900004008408021FEF7E7BD0000024B1B68D0
S21400891003B11847704700BF08180020024B1B68B9
S21400892003B11847704700BF0418002038B5054645
S214008930FEF77CFF04462846FEF756FF072811D1AF
S214008940D5F89030DB6924F47F4121F0080103B1AB
S2140089505B7841EA032141F020012846BDE8384013
S214008960FEF76ABF24F02001F7E7000070B5174C49
S214008970174D0F2311F0010FE365164B19D04AB9B6
S2140089800122DA65C4F8FC50026CC2F31302C3F885
S214008990FC2070BD0222DA65C4F8FC50026CC2F3FB
S2140089A01302C3F8FC200C4BC1640222C3F8B820A3
S2140089B0EFE70226DE65C4F8FC50046CC4F313042B
S2140089C0C3F8FC40002AE4D0EDE700BF006008448E
S2140089D0FFFF0F00006008460010084013B5437CF8
S2140089E0033BDBB2072B96BF104A0021D15C04463E
S2140089F0FEF722FF0120FCF7C3FB0D4B4FF4F0629D
S214008A005A6403F100734FF400725A64637C053BAA
S214008A10012B08D8074B04211B6E019301220DEB96
S214008A200100FBF749FA02B010BD00BFAC9B000086
S214008A300000084400600840012310B580F8C230EA
S214008A402823C0F8A83004234374054B044619684D
S214008A50FAF7D4FF2046FFF7C1FF002010BD00BF85
S214008A602CBA0000012310B580F8C2302823C0F8C5
S214008A70A83002234374054B04461968FAF7BEFF74
S214008A802046FFF7ABFF002010BD00BF30BA000045
S214008A9010B50446FFF7E6FF2046BDE81040FFF796
S214008AA09DBFD0F8E0308B4270B504460D461646A2
S214008AB003D190F8DC30202B1AD0EA071FD5002E01
S214008AC014BFAA23552393FAA3F31B0B03F47023B6
S214008AD095FAA5F243EA12432364202384F8DC3097
S214008AE00023C4F8E050C4F8E4302046FFF7FCF951
S214008AF0324629462046BDE87040FFF737BFAA2316
S214008B00E1E7000030B5134D134C07236B63134B9E
S214008B1069B1442140F04000D962186301236363C1
S214008B204FF4804392B1C4F8A0300A4A07E0D962F5
S214008B30094A19634FF480436163C4F8A030C2F851
S214008B40A430C2F8A830C2F8AC3030BDC5F8A030AA
S214008B50EBE700BF0000084400000846000008409D
S214008B600020002170474021FEF7B6BC0020704769
S214008B70024B99685A690A401A61704700400440DF
S214008B8008B5FFF7F5FF054B5B7B01330122DBB22F
S214008B9002FA03F3024A136108BD00BFD017002093
S214008BA00040044000228A4202D14FF0FF30704756
S214008BB050F8223093FAA3F30BB90132F3E7B3FA75
S214008BC083F000EB4210704753B94AB9002908BF3A
S214008BD000281CBF4FF0FF314FF0FF3000F06AB99D
S214008BE0ADF1080C6DE904CE00F006F8DDF804E0FF
S214008BF0DDE9022304B070472DE9F047089D0C46D6
S214008C00002B4ED194468C458646B2FA82F262D943
S214008C104AB1C2F12003914020FA03F30CFA02FC99
S214008C20194300FA02FE4FEA1C471FFA8CF6B1FB06
S214008C30F7F44FEA1E4307FB141143EA014304FB13
S214008C4006F199420AD91CEB030304F1FF3080F0C9
S214008C501381994240F21081023C6344591A1FFA6C
S214008C608EF3B1FBF7F007FB101143EA014300FB5C
S214008C7006F69E420AD91CEB030300F1FF3180F092
S214008C80FD809E4240F2FA80634402389B1B40EA15
S214008C90044000211DB1D3400022C5E90032BDE8E2
S214008CA0F0878B4205D90DB1C5E9000100210846C1
S214008CB0F5E7B3FA83F1002946D1A34202D39042E6
S214008CC0C0F0F180861A64EB03030120002DE6D085
S214008CD0C5E90063E3E7002A40F09180A1EB0C04AD
S214008CE04FEA1C481FFA8CF70121B4FBF8F64FEA4E
S214008CF01E4308FB164443EA044307FB06F098426B
S214008D0008D91CEB030306F1FF3402D2984200F2A6
S214008D10CE8026461C1A1FFA8EF3B4FBF8F008FB2A
S214008D20104443EA044300FB07F79F4208D91CEBB4
S214008D30030300F1FF3402D29F4200F2B1802046C6
S214008D40DB1B40EA0640A5E7C1F120068B4022FA6D
S214008D5006F71F4320FA06FC04FA01F343EA0C0365
S214008D60F44000FA01F8380C4FEA1349B4FBF0FE61
S214008D701FFA87FC00FB1E4449EA04440EFB0CF96C
S214008D80A14502FA01F20AD93C190EF1FF3A80F029
S214008D908580A14540F28280AEF1020E3C44A4EBF1
S214008DA009041FFA83F9B4FBF0F300FB134449EA05
S214008DB0044403FB0CFCA44507D93C1903F1FF301F
S214008DC068D2A44566D9023B3C4443EA0E40A0FB69
S214008DD00293A4EB0C049C42CE469C4652D34FD042
S214008DE055B1B8EB0E0364EB0C0404FA06F6CB4060
S214008DF0CC401E43C5E900640021BDE8F087C2F1FF
S214008E00200320FA03F10CFA02FC24FA03F3944040
S214008E100C434FEA1C4800FA02FE1FFA8CF7B3FB1D
S214008E20F8F008FB1031230C43EA014300FB07F17E
S214008E30994208D91CEB030300F1FF362CD2994265
S214008E402AD9023863445B1AA4B2B3FBF8F108FBD4
S214008E50113344EA034401FB07F3A34208D91CEB91
S214008E60040401F1FF3613D2A34211D90239644437
S214008E70E41A41EA004138E70446EFE6084605E70B
S214008E80C845ADD2B9EB020E63EB070C0138A7E775
S214008E903146EDE7034698E73046D4E7D6467EE708
S214008EA0634402384CE70646234608460EE7023E71
S214008EB063442FE7704700BF81F0004102E000BF27
S214008EC083F0004330B54FEA41044FEA430594EA85
S214008ED0050F08BF90EA020F1FBF54EA000C55EAC0
S214008EE0020C7FEA645C7FEA655C00F0E2804FEA91
S214008EF05454D4EB5555B8BF6D420CDD2C4480EA73
S214008F00020281EA030382EA000083EA010180EAA2
S214008F10020281EA0303362D88BF30BD11F0004FF0
S214008F204FEA01314FF4801C4CEA113102D0404226
S214008F3061EB410113F0004F4FEA03334CEA133361
S214008F4002D0524263EB430394EA050F00F0A78079
S214008F50A4F10104D5F1200E0DDB02FA0EFC22FA74
S214008F6005F2801841F1000103FA0EF2801843FA68
S214008F7005F359410EE0A5F120050EF1200E012A59
S214008F8003FA0EFC28BF4CF0020C43FA05F3C01897
S214008F9051EBE37101F0004507D54FF0000EDCF110
S214008FA0000C7EEB00006EEB0101B1F5801F1BD3B9
S214008FB0B1F5001F0CD349085FEA30004FEA3C0CBD
S214008FC004F101044FEA445212F5800F80F09A80B3
S214008FD0BCF1004F08BF5FEA500C50F1000041EBB7
S214008FE0045141EA050130BD5FEA4C0C404141EBBB
S214008FF00101013C28BFB1F5801FE9D291F0000FB6
S21400900004BF01460020B1FA81F308BF2033A3F164
S2140090100B03B3F120020CDA0C3208DD02F1140C5B
S214009020C2F10C0201FA0CF021FA02F10CE002F196
S2140090301402D8BFC2F1200C01FA02F120FA0CFC8F
S214009040DCBF41EA0C019040E41AA2BF01EB0451D8
S214009050294330BD6FEA04041F3C1CDA0C340EDCD6
S21400906004F11404C4F1200220FA04F001FA02F319
S21400907040EA030021FA04F345EA030130BDC4F1D7
S2140090800C04C4F1200220FA02F001FA04F340EACC
S2140090900300294630BD21FA04F0294630BD94F07D
S2140090A0000F83F4801306BF81F480110134013D64
S2140090B04EE77FEA645C18BF7FEA655C29D094EAD5
S2140090C0050F08BF90EA020F05D054EA000C04BF53
S2140090D01946104630BD91EA030F1EBF002100203E
S2140090E030BD5FEA545C05D14000494128BF41F0DD
S2140090F0004130BD14F580043CBF01F5801130BD41
S21400910001F0004545F0FE4141F470014FF00000CB
S21400911030BD7FEA645C1ABF194610467FEA655C7C
S2140091201CBF0B46024650EA013406BF52EA03351E
S21400913091EA030F41F4002130BD00BF90F0000F0C
S21400914004BF0021704730B54FF4806404F1320448
S2140091504FF000054FF0000150E700BF90F0000F01
S21400916004BF0021704730B54FF4806404F1320428
S21400917010F0004548BF40424FF000013EE700BFF8
S21400918042004FEAE2014FEA31014FEA02701FBF88
S21400919012F07F4393F07F4F81F06051704732F0BA
S2140091A07F4208BF704793F07F4F04BF41F4002111
S2140091B0704730B54FF4607401F0004521F000416F
S2140091C01CE700BF50EA010208BF704730B54FF0F9
S2140091D000050AE050EA010208BF704730B511F0FA
S2140091E0004502D5404261EB41014FF4806404F132
S2140091F032045FEA915C3FF4D8AE4FF003025FEAB8
S214009200DC0C18BF03325FEADC0C18BF033202EB3B
S214009210DC02C2F1200300FA03FC20FA02F001FA95
S21400922003FE40EA0E0021FA02F11444BDE600BF38
S21400923070B54FF0FF0C4CF4E06C1CEA11541DBFE7
S2140092401CEA135594EA0C0F95EA0C0F00F0DEF8B2
S2140092502C4481EA030621EA4C5123EA4C5350EA97
S214009260013518BF52EA033541F4801143F48013E8
S21400927038D0A0FB02CE4FF00005E1FB02E506F079
S2140092800042E0FB03E54FF00006E1FB03569CF0CE
S214009290000F18BF4EF0010EA4F1FF04B6F5007FD4
S2140092A064F5407404D25FEA4E0E6D4146EB060646
S2140092B042EAC62141EA55514FEAC52040EA5E50CF
S2140092C04FEACE2EB4F1FD0C88BFBCF5E06F1ED879
S2140092D0BEF1004F08BF5FEA500E50F1000041EBB0
S2140092E0045170BD06F0004646EA010140EA02005D
S2140092F081EA0301B4EB5C04C2BFD4EB0C0541EA7F
S214009300045170BD41F480114FF0000E013C00F393
S214009310AB8014F1360FDEBF002001F0004170BDB7
S214009320C4F10004203C35DA0C341BDC04F11404D0
S214009330C4F1200500FA05F320FA04F001FA05F25C
S21400934040EA020001F0004221F0004110EBD37029
S21400935021FA04F642EB06015EEA430E08BF20EA55
S214009360D37070BDC4F10C04C4F1200500FA04F3F8
S21400937020FA05F001FA04F240EA020001F000418A
S21400938010EBD37041F100015EEA430E08BF20EAFD
S214009390D37070BDC4F1200500FA05F24EEA020E45
S2140093A020FA04F301FA05F243EA020321FA04F074
S2140093B001F0004121FA04F220EA020000EBD3702B
S2140093C05EEA430E08BF20EAD37070BD94F0000F2B
S2140093D00FD101F00046400041EB010111F4801F5F
S2140093E008BF013CF7D041EA060195F0000F18BF10
S2140093F0704703F00046520043EB030313F4801F4C
S21400940008BF013DF7D043EA0603704794EA0C0F05
S2140094100CEA135518BF95EA0C0F0CD050EA41061B
S21400942018BF52EA4306D1D181EA030101F0004198
S2140094304FF0000070BD50EA410606BF10461946C0
S21400944052EA430619D094EA0C0F02D150EA0136CC
S21400945013D195EA0C0F05D152EA03361CBF10460D
S21400946019460AD181EA030101F0004141F0FE41AC
S21400947041F470014FF0000070BD41F0FE4141F430
S214009480780170BD70B54FF0FF0C4CF4E06C1CEA30
S21400949011541DBF1CEA135594EA0C0F95EA0C0FE5
S2140094A000F0A7F8A4EB050481EA030E52EA0335A0
S2140094B04FEA013100F088804FEA03334FF08055C1
S2140094C045EA131343EA12634FEA022245EA1115EE
S2140094D045EA10654FEA00260EF000419D4208BF9F
S2140094E0964244F1FD0404F5407402D25B084FEA4C
S2140094F03202B61A65EB03055B084FEA32024FF4F8
S21400950080104FF4002CB6EB020E75EB030E22BF54
S214009510B61A754640EA0C005B084FEA3202B6EB14
S214009520020E75EB030E22BFB61A754640EA5C00C3
S2140095305B084FEA3202B6EB020E75EB030E22BF53
S214009540B61A754640EA9C005B084FEA3202B6EB54
S214009550020E75EB030E22BFB61A754640EADC0013
S21400956055EA060E18D04FEA051545EA16754FEA75
S21400957006164FEAC30343EA52734FEAC2025FEA93
S2140095801C1CC0D111F4801F0BD141EA00014FF022
S21400959000004FF0004CB6E711F4801F04BF0143F3
S2140095A00020B4F1FD0C88BFBCF5E06F3FF6AFAE0F
S2140095B0B5EB030C04BFB6EB020C5FEA500C50F19F
S2140095C0000041EB045170BD0EF0004E4EEA113122
S2140095D014EB5C04C2BFD4EB0C0541EA045170BD29
S2140095E041F480114FF0000E013C90E645EA060E6D
S2140095F08DE60CEA135594EA0C0F08BF95EA0C0F9B
S2140096003FF43BAF94EA0C0F0AD150EA01347FF4E2
S21400961034AF95EA0C0F7FF425AF104619462CE7B9
S21400962095EA0C0F06D152EA03353FF4FDAE10461C
S214009630194622E750EA410618BF52EA43067FF46D
S214009640C5AE50EA41047FF40DAF52EA43057FF4FD
S214009650EBAE12E74A0011D212F5001211D20DD568
S2140096606FF47873B3EB62520ED44FEAC12343F023
S214009670004343EA505323FA02F070474FF00000CD
S214009680704750EA013002D14FF0FF3070474FF07C
S2140096900000704708B5064B044613B10021AFF32F
S2140096A00080044B1B6803B19847204600F036F94B
S2140096B0000000004419002070B50D4D0D4C641BD1
S2140096C0A4100026A64209D10B4D0C4C00F028F938
S2140096D0641BA4100026A64205D170BD55F8043BB5
S2140096E098470136EEE755F8043B98470136F2E70F
S2140096F0BC000020BC000020BC000020C0000020F1
S2140097000A44914200F1FF3300D1704710B511F8BA
S214009710014B03F8014F9142F9D110BD02440346B4
S214009720934200D1704703F8011BF9E77047704772
S21400973070B50F4E0C463168054611B900F09EF81C
S21400974030602146284600F099F8431C03D14FF0BC
S214009750FF34204670BDC41C24F00304A042F8D099
S214009760211A284600F08AF80130F2D1EFE700BF50
S214009770501900202DE9F041CD1C25F003050835D1
S2140097800C2D38BF0C25002D064601DBA94204D956
S2140097900C2333600020BDE8F081314F00F062F802
S2140097A03B681C4644BB29463046FFF7C1FF431CB6
S2140097B0044650D13C682146002941D1002C44D0B3
S2140097C02368304604EB030800F058F880453CD187
S2140097D021686D1A29463046FFF7AAFF013034D0BB
S2140097E023682B4423603B68002B36D05A68A2427D
S2140097F029D100225A600EE02268521B1DD40B2A83
S21400980016D96119A342256018BF5960636808BF5E
S214009810396062514B60304600F02AF804F10B00C4
S214009820231D20F00700C21AB5D01B1AA350B2E7BA
S214009830A3426268DED13A60EDE723466468B1E78A
S2140098400C464968B8E71346CEE70C23336030462B
S21400985000F00EF89EE70560DDE75B60FFDE00BF08
S214009860541900200148FFF761BF00BF48190020C7
S2140098700148FFF75CBF00BF4819002038B5064D09
S2140098800023044608462B6000F03AF8431C02D139
S2140098902B6803B1236038BD4C190020024B0146EB
S2140098A01868FFF767BF00BF6C00002010B50139CD
S2140098B00244904201D1002005E0037811F8014FE0
S2140098C0A34201D0181B10BD0130F2E7884210B544
S2140098D001EB020402D98442234607D8431EA14264
S2140098E008D011F8012B03F8012FF8E702440146CF
S2140098F08A4200D110BD13F8014D02F8014DF7E77A
S214009900044A05491368002B08BF0B46184410602C
S21400991018467047581900205C190020FEE700BF63
S214009920F8B500BFF8BC08BC9E467047F8B500BF47
S214009930F8BC08BC9E467047B814B6F1E0CFF3AD4D
S214009940B7DD25C9FA79B713000201060409004FEE
S214009950544100081B00011800052A00022900F0E7
S2140099601921B4478FA4BFA14F63FDEED6141D0086
S214009970636032E0375EA488534E6DFB6435BFF7F4
S2140099800053A1811F582CD0A54540FC34F3274234
S21400999098009F3EE22E0ECFFFBF1E45CA8C68235E
S2140099A04A4F0016531EC44CBAAD9D324B6808CFC2
S2140099B07BC04C00FE5A24E12BAAA5B2E94617E963
S2140099C00A5CF02500F8927AAC96CDA9BFF249C1A0
S2140099D04A11CC770D000000B99A00000200000082
S2140099E003280000E09900000200000040787D0196
S2140099F000000000005A620200010000C0CF6A00AA
S214009A0002000000809FD50002010000002D3101F9
S214009A10020200000003010303030201020304051F
S214009A20060708090A0B0D0E0F101112131415164F
S214009A301718191A1B1C1D1E1F2021222324252639
S214009A40000C270013B779FAC925DDB7ADF3CFE0D0
S214009A50F1B614B80102000000000000000000008B
S214009A6008000000000101070000000000000000E0
S214009A7000000000000000000000000000000000E1
S214009A8000000000000000000000000000000000D1
S214009A900000000003070001000100F400000000C1
S214009AA0BF9A000002000000BC9A000002000000FE
S214009AB00101020A0000000000002800002A000041
S214009AC018000000000800FC389B00000100010799
S214009AD0E49A0000000800F8F49A00000000000075
S214009AE00000000083FFBFFFE2FFF1FFF9FFFEFF6B
S214009AF0000000009600FCFEF8006D23441FEEFFF9
S214009B00C700F20E8E37FAFF5C00A40324A7FFFFFF
S214009B103200D601AD3400001F003001004D0000B9
S214009B201200C000CA4A00000B006E00F73C00009E
S214009B3005001F002F2000008C00FCFEFFFF000029
S214009B4000000000FC00D2104C06FAFF75009B05D2
S214009B50F132FFFF3E0062020B35000025004B018C
S214009B60885F00001700E0005E5D00000E008C00BD
S214009B706A4F000007002500832800000000000050
S214009B804801000078130020FA04FA000033330A74
S214009B900A0A084000210000000000000000000043
S214009BA000000001000001010001010101010203A3
S214009BB0000000019D07000048700E0E44709A0DCC
S214009BC03070DA123C70DA163870F60D34701C0EEF
S214009BD03070700F2C70700F2870521124706A113C
S214009BE02070000E1C70F611187068121470FC0DB0
S214009BF0B110076001D80A7108B87F78020C7E7829
S214009C00641000C6A01F00218CB8707801B00768E9
S214009C100F305CB30F330111C048069846022FB0D0
S214009C2006D80C7109DD087100B853A809BB1110DD
S214009C30076801682148076004100112FF322150AE
S214009C4007605148076000880698841300C43C1FCC
S214009C50002103DD087214BA281400A000BA03DF3E
S214009C60107109DF06720298E8058CB8507800A0DB
S214009C704413281441158110076002D81471108807
S214009C800698F61B00C00C7008400698501E0091FF
S214009C9006985C020060B83020D8067190BC637CE1
S214009CA0084D5412F03240DE0472404804DB08725D
S214009CB00DDD0C72044BEF30144806989E0700C466
S214009CC0E01008404412076201322140084C287C0C
S214009CD0811140D91C72B1123032CF4A013AB1DA42
S214009CE0107208D8067104D80871B04C237C3E70F8
S214009CF0684C4412FF328722047580B8D84C81D84D
S214009D00307140D90472237C084B06989E0704BA2B
S214009D1088B9767900C1186008403579E04900793D
S214009D2006B904A901D86C72BC4C307C02982E028D
S214009D3008D83C7100C14C000840141110D930718D
S214009D40104C00C11400084014111814076100C517
S214009D50206008405415FF35047110491814A84CAB
S214009D60441207620132067102981201B84C08D8F4
S214009D700C7107BA24D8047106BA187004D80C718E
S214009D8001BA40D80E7102BA0A7005BA20D8047219
S214009D9003BA604C4411404C181407611814911112
S214009DA0383111429111076910D90472EF3200C19F
S214009DB00060084014111031016911422814A111E5
S214009DC0076118140698361E181400C10060084073
S214009DD014110769FF31181400C13C3008401411F3
S214009DE0181407611814308802480698480600932D
S214009DF008DB047101F800A05CB00F3000A01088EA
S214009E00B111076980D90A7100C1800008400811A5
S214009E10009100A000C400010840441000A000C04B
S214009E2020300E40041104101050F47200A0541597
S214009E30504512710698A8070698380718B8707823
S214009E4000B8417806983C0390BA5B7A5C7A5D7AF3
S214009E5000C218500840241200C14C1F00212811CF
S214009E600698001C2088008800C5401F0021541555
S214009E705112FF350762FF320698660201595129D2
S214009E80047511590090212920750698FA04069841
S214009E902A050698F602009203D80C728111076113
S214009EA002D90472FF0FBA7018B8727800F804D896
S214009EB042710088308800C0FC1F0021041000C1D9
S214009EC04C1F00211412012A215A00C318500840C2
S214009ED03413312A1A7500C0006008400410073099
S214009EE0FE200C76381108B87F78020C7E78009336
S214009EF0009000A000C0F41F0021041000BB1DB499
S214009F0000A000C1DC1F002114111088FF3100C51D
S214009F10FFFF0000311207620762513A513B0E7292
S214009F200698160D1159011201131E70311400887F
S214009F3031100698160D1159415C41280698180DE7
S214009F40513801130090012B0090208807600114FF
S214009F500760FF30215D411207620762312D0876E7
S214009F60FF34415C4128015D31100698180DFF3022
S214009F703088011300C0E01F00210410512B0C761E
S214009F80076801150768FF356070315BFF32212BCB
S214009F900C75076001150760FF354E7000C5E41F9D
S214009FA000215415076507655112FF35FF30012B58
S214009FB0087521100760327021100768FF30012BEA
S214009FC00A75211007600760207000C2E81F002194
S214009FD02412211007600760FF30012B087521103E
S214009FE00768067021100760FF300093009200C1DA
S214009FF00060084014142C490734FE242A761415F1
S21400A000F0BC076C513C076803680154107100C42B
S21400A010FF0FFFFF513C01444811311200C5E81FF5
S21400A02000215415FF350762076221435449141274
S21400A0302155FF355152281100A000DF067201138A
S21400A04014703111312B112B016300C1FF07000082
S21400A050113B012B00C278FEFFFF05B86EBD312A0A
S21400A060207505B8C8BDE8221875DCBD06B8DC2228
S21400A070107507B8F0220A7508B8E822047509B802
S21400A08000C10060084014122C490732FE221676E2
S21400A0900768036800C2FF0FFFFF1414213C014449
S21400A0A0481150BD544914122155FF3551522811FC
S21400A0B000A001D82C71008800C00470084004106D
S21400A0C08020FF301A7100C1B01E002114110761F4
S21400A0D020D9087106988204067006984A030090F4
S21400A0E000A002D8047200A00088069838071DB4A5
S21400A0F028B9112C408800C3EC1F002134144044BA
S21400A1005A7144130698A805411500C0006008401F
S21400A11004100730FD20447500C208700840241063
S21400A1200760FF3080DC34710698520D01591C4AD6
S21400A130241007600260FF300698520D0158B220C6
S21400A1400129541331100698520D11280A7504255A
S21400A15054155045EE720698A8050094009000A08D
S21400A1607FB9066100C01C60084006988A13041573
S21400A1705153113B3155581002988413EBBD00C063
S21400A1803C1F00210411113D10D91271FF33076BDB
S21400A19000C190400846381118B97479581000A0CC
S21400A1A006985C028024E4240D300472044800C142
S21400A1B01C510840141100C3D81E00219115043507
S21400A1C01A72181388BB08D804716C7B04D8047103
S21400A1D06A7B8CBB2F7C5B7B1670044B181388BB8A
S21400A1E008D804716F7B04D804716D7B217C0C3019
S21400A1F001600698240706980C0C0698D40700B849
S21400A200B111076940D906720298080701BC00C25E
S21400A2100060084000DC0A7124150165604A0A7077
S21400A2201C4A241507657C4A043508D92071202469
S21400A230512A241200C180000840320C28110762FF
S21400A24028110762281107622811500C00C1341F1C
S21400A2500021141200DC347120D8067101B80C708D
S21400A260F0DA0C720CDB087102B806982C0748244A
S21400A27000C3306108403413076380DB0E7102B9F7
S21400A280911308DB047203B906700C49141100C35D
S21400A29080000840FFB801201141087101411813E1
S21400A2A00824014200C12000084014110141036D3A
S21400A2B0514191152035016D51411813281348134B
S21400A2C000C37C000840341003D80C71073005DC4E
S21400A2D00671084B227B8CB8507800B800C1341F3A
S21400A2E00021141203682150F0300152281100A0FA
S21400A2F04024066400C0FFFF0100013C1DB00220A0
S21400A3000158402806751EAC01EC00A0208800C04D
S21400A3101850084004121DB4211304123052F8716C
S21400A320066C402400C3741F0021341014110698D4
S21400A330820D0669009211592129067600BB115933
S21400A34006983A0D80B80158013A0662313B04720D
S21400A350215A412A00A000C200010840317A00A01C
S21400A360308880B9076900C30000C0FF311031286B
S21400A37000BC002D0C7511541EAC01EC312DF47090
S21400A380066C51134155312C009300A000C02840A4
S21400A3900E400413315107610C3107691153381010
S21400A3A000A00698EC0800C0F41F002104110698CF
S21400A3B0D407217A237A00C30000100006981408F8
S21400A3C000C0541F00211DB1181000A000C0501F6F
S21400A3D000211DB1181000C09C1F00210410002D84
S21400A3E0067500B826A80698A80700C09C1F00217E
S21400A3F00410012C06750698380728B010B91159B4
S21400A40011380EB9114028A880B800C14430084061
S21400A410081100C1F01F00211410303B06710760C0
S21400A420076000C40830084044111150FF30015145
S21400A43018146FB8076826A8217A050C2110204842
S21400A440267800C063EF0000314026A8050C20ECFB
S21400A450B11140D90872247A20EC217A184826A82F
S21400A46028B00AB901510F31115028A8050C207ADE
S21400A47020EC0F0C98B8467841780698660200C221
S21400A480401F002124100151FF311150081200A076
S21400A4900698EC0800B826A800C0581F00211DB179
S21400A4A0181000A030B840780DB101D9FC7242787F
S21400A4B000C074300E4004114CBA407A181014488C
S21400A4C004115C7A1810A4BB707B4E7B4F7B00C2D5
S21400A4D00430084000A00698EC08217A227A00BBD7
S21400A4E00698140800C0641F00211DB11810A4BBF4
S21400A4F000C040300E400411033101492872B112E9
S21400A500076207623048041121510F3118726E7BC2
S21400A5106F7B104804114CBA7C7A1810144804114A
S21400A520607A1810B11002D81071707B30B862785B
S21400A53060780DB001D8FC7100C0F86008400411C6
S21400A54001D90C7100C01800084002B9181008B8EC
S21400A5506E780EB84EB110D90C723EA8140C0FB817
S21400A5603EA8107044A8140C01B800C1AC300E40D0
S21400A570081100C077801F003DB201423DAA00C00E
S21400A580FFFFFFFC013A3DAA140C00C077E01F0055
S21400A59001423DAAFFB845207D7808B87E7800C104
S21400A5A024600840141107610631087100B9069846
S21400A5B0D01006988A13B11101D90E7106985C1E48
S21400A5C002D906720698520C0698841351140698FF
S21400A5D03807F4B845780A0C00C0601F00211DB18A
S21400A5E018100298AA10FFB845205D7803B80760D7
S21400A5F044A83EA800C1AC300E40081110B8076849
S21400A6003DB101393DA908B86F7800A046A800C042
S21400A610FFFF0000013B076356AB94BA437A01D9AB
S21400A6201471013C47B300C0FE20FFFF013B3144DC
S21400A63047AC637AFFB82120407802D9047160786D
S21400A64000A0C8BC066C415C512C067506983807FD
S21400A6500698300EB110076805D8367140BA0698CD
S21400A6605A138CBC7F7C08B86578911004D8187192
S21400A67088B86E78577800C064000840217806983D
S21400A680F81001400872427C069896130298E40B74
S21400A69008B86C7820B859785B7800C0F440084059
S21400A6A07878797800C1C81F0021141040A818498E
S21400A6B014130449408814140C4914118112076AB3
S21400A6C0006A01DA187188B8577800C0CC1F0021DC
S21400A6D00410016107630763076407640698540A59
S21400A6E000944EB010D842724DB161B8015811387E
S21400A6F040B102D90A72604804BB41540870204831
S21400A70002BB02BC4DA8F8B87078190C3EB14141A6
S21400A7103EA9F4B973797378717800C4F84008409C
S21400A72000C200410840227000C20000010044AA96
S21400A730230C00C200000B0044AA00C410410840CD
S21400A74000C21841084004BB587C050C597C0C24F8
S21400A7500F0C2FAB050CB11008D81471647A657A0B
S21400A7601CB879787B7820B879787B78607CF4247C
S21400A770411306989E0751144044067506983807FC
S21400A780727BFFB84D20050C687840EC00C05C1F5B
S21400A79000211DB11810911004D8147100C0B01E0D
S21400A7A00021041080D806711CB8737800F818B819
S21400A7B000C1D41E002100C21850084024122811DF
S21400A7C0777800F800C0B860084004110761076198
S21400A7D080D9047240EC00C4F84008404EB010D84F
S21400A7E00471182441130C23527C407B11512FA96D
S21400A7F0050C797C0A0C00C0000001020814787C65
S21400A800050C507C08B86D7800A000C02870084081
S21400A8100411108800C100180040181044480411A4
S21400A820108878480411108800884CBA757A181079
S21400A8303DB11088F4B8427844207278284873787E
S21400A840F8B873784FB200C4FFFF8080413A4FAA31
S21400A85001BC01644113076300C06C70084003B973
S21400A86018100110011001B9181001100110011084
S21400A870011068480411076101B80160003A0471CC
S21400A880044904D9047241520760003A0471084929
S21400A89008D9047231520460003B0E7200630064F3
S21400A8A0314241424FAAB2704FAAF8B853781820E6
S21400A8B053782848527800913DA9009000911810CE
S21400A8C000917848181000914448181000A01159BB
S21400A8D010D906710760076008D90471076004D9AB
S21400A8E00471036002D90471016001D9047100602B
S21400A8F000A000BA01D806710148112A006900605C
S21400A90001D8F6720138F67200A08020FF30FF48AA
S21400A910812000A002EC00CA02EC00C8076A0142CF
S21400A92002EC00C8076A014202EC00C8076A01424E
S21400A93000A000C218500840241211592129127391
S21400A94000210E7100C23050084024120121212936
S21400A95000A00698EC0888B8577800C57C1F002130
S21400A9605088044D88BC00C0BC1E0021811101D94E
S21400A9701E71407C009501157C4D5088044DFFBB30
S21400A980076B315B041106987A0D3129F875069825
S21400A9904A1D541506985C1E01D9087206981E09B1
S21400A9A006700698800988BB547B009500F80698C8
S21400A9B02E0A0E7006980C0C06982E0A0698D611CB
S21400A9C00698D8089112211900C0246008400A7819
S21400A9D0097800F810B901BA069850130698AA101C
S21400A9E000C57C1F002100F89112033288B900C30D
S21400A9F0B01E0021341300C4A81008408CB842785A
S21400AA00707903DE0671447872707179A11020D8CF
S21400AA100A7106981E0902987C0F80DB507102D8D6
S21400AA204C7205B830880763076302DB2A7100C3DF
S21400AA30AC0008403413066380DB0472804800C311
S21400AA40102008403413315B047240483128312806
S21400AA5002600814076800930814A110103002481A
S21400AA60081400B808149110076008148CB86278AF
S21400AA70A11000DC0676517900BA80DB3A7100C07E
S21400AA8000000200003B307150884110344803DE5D
S21400AA9004719048041508200411F82058101C2052
S21400AAA0217800C0A40008400E7810D904722E78D1
S21400AAB00698A0160095911120310269911004D8CD
S21400AAC00E7200C1481F0021141101D90A71208896
S21400AAD00698D010009200C1180008400533054BB8
S21400AAE01872184C03DE0471904C441400C3FF1F08
S21400AAF00000413BFF233811B84900C330610840CD
S21400AB003413076380DB0E7103BA076A0698640F76
S21400AB1000BA0870076A0698640F0449087909792C
S21400AB2014102140081100A000BD0698400210B97C
S21400AB3003DC047100B901BA0698501302D90671F5
S21400AB4000404E7201B107690F310698F810FFD821
S21400AB502872811008D8187106DD0A71069840021E
S21400AB6003DC0C7206983E11069896130C7006DDF0
S21400AB70107106984411487020B802A806DD1072BD
S21400AB8006982E0A0698D80801F840B802A800F8D9
S21400AB9000C0B01E00210413076301DB2271911070
S21400ABA00111076911388CB910D8087144790298D8
S21400ABB07C0F02DBFA72A11328DBF47203BD069841
S21400ABC09E1006982E0A00C5801F00210698400297
S21400ABD000BA03DC4A72044DA11002D804710C4D71
S21400ABE000C0140008400410026800C3701F002153
S21400ABF03411112800C1306108401411076180D952
S21400AC000C71911108D90671FC230C4DFC233411EC
S21400AC1006983A0D00C10C51084006985407541582
S21400AC20212D00C0F8600840041101D9227100C02F
S21400AC30381F00210410033001DC147200C0140019
S21400AC4008400411FB21087607BA076A212D0698EA
S21400AC50EA0702988A0A91100155033551500119E6
S21400AC6000A000C1441F0021141001D84271014801
S21400AC700760FE200E75811020D8087100C1481F9D
S21400AC800021141101D9287100C024600840041264
S21400AC90215107610F3107691152281000C000606A
S21400ACA0084004119112215120311152211900A09F
S21400ACB0811380DB067201B800A000C30C50084068
S21400ACC03410063030727C4B34122C4B3410076034
S21400ACD0076040302072811080D8DC713410014A41
S21400ACE007620360803021508C480A717F23552309
S21400ACF03410013000A000BD06989E1088B8477832
S21400AD004578437800B8447800A006982E0A06983E
S21400AD103E1100C58C1F002154150698EA070298BC
S21400AD208A0A00C374000840027B06988A1350BA49
S21400AD3006985A130698F810FFD84A71911004D84E
S21400AD404872811007601CD8407220D938721112E0
S21400AD50FF322151347180218021111400C0E01E81
S21400AD6000210413FFBA3151113A215111538CB905
S21400AD7038107B7940440E7200B900C2B81E00211C
S21400AD801812067008B860780698841300F800B9A0
S21400AD9000C29C1008401812244A0AB9181288BA31
S21400ADA0507A517A577A8CB942795F7900A0069822
S21400ADB0400207DC1072911000200A750698D61122
S21400ADC00298280E0698D80801B9911004D8047184
S21400ADD000B910BA0698501300BA00402A7100C095
S21400ADE0B01E00210411076101D9127104D9E27264
S21400ADF08110076001D8DA718CB8647800C11C51E4
S21400AE000840069854070698D61100C5901F0021E2
S21400AE105415212D06981E0900C5941F002100F820
S21400AE2000BC811108D9167280D9207201B910BAF7
S21400AE300698501300400E7101BC107006983E1123
S21400AE400698961320B802A800F80698D611811125
S21400AE500231127100B900C20C1008401812244AC0
S21400AE6002B9181206983E1100C5981F0021541505
S21400AE700698D41D02988A0A04110121147188BA12
S21400AE80737A042004122811042004110121F4729C
S21400AE9000A006989E0701F8911010D83471069805
S21400AEA03C030698FA0406982A0500C51C5108407B
S21400AEB0541106987A0D00C5D01E0021541551294C
S21400AEC0E27518B876788CB8447801B802A800F80D
S21400AED0B110076810D82E7100C04810084000C393
S21400AEE0000008403114884C44113411076101D920
S21400AEF0FA714412281007622810076228100762A9
S21400AF002810E8700298760206985C0211380472DF
S21400AF10016A00BB00C1E01E0021141120390C722A
S21400AF20911210DA0672417B00A006988A1300C2BE
S21400AF30B01E0021241220DA0472617B88BA527A8D
S21400AF4000A088BA727A811204DAFC7200A088B86F
S21400AF506B78577800C0640008402F7800A00698E9
S21400AF60E4100763076390B9637900B902DB2271C6
S21400AF7002EC00C909B801D9507200C2AC00084002
S21400AF800E7A10D904722E7A0698A016E031076160
S21400AF9002EC00CD114502EC00CC01DB087100BBD1
S21400AFA00298FE1703B841110731FA211C760621D4
S21400AFB0911210DA087102DD10721E7020B8069821
S21400AFC0160D3038147208B80698240700C02400FE
S21400AFD008402978207800F8046020D80671029886
S21400AFE0581502EC00CA05B823DA187104DBDA71CA
S21400AFF020DAD67110DAD27290B8617800B801DA29
S21400B000067202EC00C8911110D9267100C1C01E4C
S21400B010002114111150FF300C720661A11011505E
S21400B02002300A7180DB0A720AB89E708CB97C798D
S21400B0300768911111402111C0311140011990B8D3
S21400B040411108D90471667820D904726578A11078
S21400B05002D80672C0DA1E7190B8273123DD087256
S21400B06010DB1072607825DD0A7121DD087208DBBE
S21400B0700471627803B8411107310872A1152035B2
S21400B080AA7102DD3272A11120D9A07102D92872EC
S21400B090CCDA9872411140D9927206B802DB107170
S21400B0A0046500C1102008401411112D112D054D06
S21400B0B05C720298E61321114049C0D94E71A03146
S21400B0C041154035016551410361076308DA1E7278
S21400B0D004DA38721049A1150235067110DB0E72BB
S21400B0E001340A7108DB247190B86778CC321110ED
S21400B0F01A300ADC0872CCDE0471FD3100C00D0F78
S21400B1000C0D0698180D01D8607207B80298101436
S21400B11000BA411108D90C7102EC00CA05B830DA41
S21400B120EC720734F031026101DA0471014900C0A3
S21400B130F300A3E30698180D01D8D07100C0981448
S21400B14040680698180D4030014440DA0471204CDF
S21400B15004320162204A111006300068014218319C
S21400B1600269114202982E14204A00C005170850A2
S21400B1700698180D113001422088FFBB0DDA507179
S21400B18000C1DE1B250180BC04DA107208DA0A72E0
S21400B19000C120841000E024A0240763414301641A
S21400B1A001DA06711E49024B00C0281F0021076302
S21400B1B03810BC2002DA127101B91159A11380DBD4
S21400B1C0087100C100FCFF01181002988A1700C41D
S21400B1D0B01E0021441080D87C710092D0DA06712F
S21400B1E00DDA0C7190BD437DEFBD0698C60503626F
S21400B1F00DDA8672A11105D95C7100C238100840BC
S21400B20024120C24281401D9067202D9327140D9AE
S21400B2101E7102EC00CA211018320471FA2220D8DE
S21400B22004720822FE22087502EC00C8F87001D9E4
S21400B2300E7102EC00C802D9067204DC187200C057
S21400B240B01E00210410026801D8067190B8647818
S21400B25018B873780298FE1700C50020084000C092
S21400B2600417000008D904720A480815104D00B8E3
S21400B27008D90472FF200815084D00C00884000095
S21400B28008D9087200C02083B8ED0815104D207D3F
S21400B29000A000B8011A00C074000840027891109F
S21400B2A01030011905BA06985A1302D9067101B86A
S21400B2B002A800C0B01E0021041380DB06710298AD
S21400B2C0A61340DB067102983E198CBA7C7A01DB25
S21400B2D06C7100C22C1F002124111114FF3402ECE3
S21400B2E000C8FF24FA7607610698260D0361113818
S21400B2F00F3003611114011141100698260D01D874
S21400B300087203B8029810141C4A02DB2471241039
S21400B310112811280412023006710762076200C065
S21400B320FFFF0000213800C218000840FF20081266
S21400B330411007600698260D01D87C7120BC10339A
S21400B340767100BB00C1281F00211415C021112CE6
S21400B3505112076A0F320E7140885114069854181D
S21400B3604143009451120765036A0F320E71411172
S21400B370511406985418036C41430765513B00C1AD
S21400B380E41E00211411111231100F30127100BA90
S21400B390046101D80471114200600FD8F4723110B4
S21400B3A002601E30047201B8003A087204B80298AF
S21400B3B010140298161600C1306108401411076177
S21400B3C080D91A7102EC1DB002EC1DB1015811288B
S21400B3D0A0B91159112806758CBA637A00C0341FBB
S21400B3E0002104110F3103DD1A7200C0006008400E
S21400B3F0041007D80E7200C01040084004B9181098
S21400B40000F80698E4100698C40500F830885088BE
S21400B410FF34087102ECFF24F87002EC00CD141023
S21400B42001BB5150FFD8047131440760006B10DB3C
S21400B430F2710421FF22E4720F4C0095009300A0E5
S21400B44000C01860084004100560073000A00CB863
S21400B45002983A1902EC00CAFFBC80BD069888180C
S21400B4600448187202EC00C92115F03500650F3249
S21400B470076A114200C4FF0F000000C1C01E002171
S21400B480141031110113413B02EC10D9087121143C
S21400B49000CA2C70305206714052B47221140760F4
S21400B4A00760FF3055DC187100CA005212710ADEC0
S21400B4B00E714ADE0A7155DE06713052927200C174
S21400B4C0C41E002110880698361E073111450765F0
S21400B4D00765414500C30C70084034130763FF330B
S21400B4E007633145009158110849281118B8757836
S21400B4F00BB8029810140763076302EC00CA02DB5D
S21400B500127155DE067202989C1854DE0672029876
S21400B5109C1801DB12710698600D06985C0D02EC13
S21400B52000CA0298FE1700C1BC1E002114147C49F4
S21400B5300698600D40522E7204DBE07190B8637876
S21400B5400698881804486E7200BA0698600D211393
S21400B550141000C1FF0F0000113A1052547101522E
S21400B560113A067104B88C7000BA0698600D211165
S21400B570FF3207611114911010D82271073103DDD4
S21400B5801C7200C1C81E00211411FF311152067131
S21400B5900AB8D4708CB97C790298FE1741108130B5
S21400B5A081DC0E72076A034A076A0F4A0698181B60
S21400B5B00298FE171410FFBC013C0698BE1B02EC56
S21400B5C000CA02EC00C902EC00CB076A3142076AE7
S21400B5D021410F3302EC00CD02EC00CA0040087295
S21400B5E0211302EC00CA07621142911110D92A7188
S21400B5F021110F3103DD227200C1C81E0021141173
S21400B600FF31076A00230C71115308710AB80298BB
S21400B610AE198CB97C79147021110F31076A02DDDE
S21400B6205A7101DD067103DD4A7200880AB9069870
S21400B630021B00902111FF32FFDE38712054387251
S21400B640FC25187202EC00CA01DE107202EC00CA79
S21400B65018DE087288B877781A700661004004729F
S21400B660006180D90E714CBA477A06985A1B90B87A
S21400B67043780298FE1704B89670FF32FF24F875D8
S21400B6800BB90698021B2110E03001584128E875D6
S21400B690F83002601F32215A0125212DDA75012A61
S21400B6A0D67602EC00CAFF20FA764111073101B8BF
S21400B6B00698160D003AC071BA70004008710698D8
S21400B6C0921B0470022106B81159112DAC7500A00A
S21400B6D000C5A81008403110036008150111076066
S21400B6E0076007690F30F0311140081507630363E0
S21400B6F03815281507622815076228157FBA2815F9
S21400B70000BA28157FBA281590B8437818B8737809
S21400B71000A00698CE1B11140CB900400A710064F4
S21400B7200AB90698921B03BD514400C5A8100840EC
S21400B730202A047528154815076448151815004072
S21400B740047238150764481500A00088408800C0B9
S21400B750C81E002104100760073000C420000840FF
S21400B7604414412C047201244138405004720121D3
S21400B7700094009000A000C0C81E002104100760BE
S21400B7800730074800A000C2C01E00212412211462
S21400B790076AFF320CDE12710DDE0E710FDE0A71C3
S21400B7A010DE0671215A00A0FF34411200A000C12D
S21400B7B0B41E0021141100A0308806980C1E8111BA
S21400B7C0076102D906720298E81C88BB557B0761A0
S21400B7D020D906710298D81C0088A1100768069820
S21400B7E0F61B08211415FC2590BB5C7B5D7B00C115
S21400B7F00060084014110731FE21307608D82A72FE
S21400B8005113FC23341304DB2071076BFF33315BC9
S21400B81000C1087008401411076180490C71FF319F
S21400B8203029607590BB7B7B1C707B7B7C7B00DD4E
S21400B83004717D7B01BB38158113076B403306719D
S21400B84018BB717BEC25541300DF5471042505DF0B
S21400B850547154152111208806987A0D00925129AA
S21400B8603E7500C100600840141102DB0C71073100
S21400B870315B31292A760C7004DF0872006180D9AA
S21400B8801E720698F61B00C0087008400698501EE8
S21400B8900698F61B1411FFD9607202982E1D0090B0
S21400B8A0009300A05415A111076910D9A6720825A7
S21400B8B008D8A071082510D89A71208821110698FA
S21400B8C07A0DFC255412112AF82554110C2520D87F
S21400B8D00871F025541110252029047621591815D1
S21400B8E0009202989A1C18B97179811010D80A71C2
S21400B8F088B8447800B8417888B9747908B9677907
S21400B90000F88110A0D8087188B9497900A00760AE
S21400B91002D8FA710698F61B108806988A130762F2
S21400B920076210DA087108211415F025541100C2B8
S21400B9300020FEFF2029127506985C1E01D90A72A7
S21400B94006982E0A0698D80800941CBB41100C20B6
S21400B9500698C0124111082114100698C01231280A
S21400B960441111120761FF31FF320122105210728A
S21400B9700769181404244413042438140C70076947
S21400B98021411814082408140298841340441471A2
S21400B99000C1B81E002114155113036B0FDB0C7287
S21400B9A0066D0698A807411500A00698D8080698C0
S21400B9B08A1308BB51140698941D4415FC2554158B
S21400B9C00298EA0788B900C3B01E00213413076343
S21400B9D008DB1A718113A0DB06714979107069794A
S21400B9E0076302DB087208B9677900F800A08111C6
S21400B9F0076102D9107188B975790698F61B14117B
S21400BA00FF3100A0FFB900A0041008211411F42192
S21400BA10081100A081110761076110310E710698A8
S21400BA20F61B08211411F821141100A034BA0000E6
S21400BA304CBA00002CBE00000000000064BA0000F3
S21400BA400600000000000000000000002CBE000001
S21400BA50000000003CBB00000400000000000000E6
S21400BA6000000000CCBB0000809C2B8F80841E0052
S21400BA70000000002200FF7F64000020000000009D
S21400BA800000000000000000CCBB0000809C2B8F54
S21400BA9080841E00000023002300B60064000020FF
S21400BAA0000000000000000000000000CCBB00000A
S21400BAB0809C2B8F80841E000000240024009D00A4
S21400BAC064000020000000000000000000000000ED
S21400BAD0CCBB0000809C2B8F80841E0000002500BD
S21400BAE025007D006400002000000000000000002B
S21400BAF000000000CCBB0000809C2B8F80841E00C2
S21400BB00000026002600530064000020000000000D
S21400BB100000000000000000CCBB0000809C2B8FC3
S21400BB2080841E00000027002700FF7F640000209E
S21400BB30000000000000000000000000FCBC000048
S21400BB40809C2B8F80841E00000000002400FF7F56
S21400BB50640000200000000000000000000000005C
S21400BB60FCBC0000809C2B8F80841E0000002500FB
S21400BB702500B40064000020000000000000000063
S21400BB8000000000FCBC0000809C2B8F80841E0000
S21400BB900000260026009900640000200000000037
S21400BBA00000000000000000FCBC0000809C2B8F02
S21400BBB080841E00000027002700FF7F640000200E
S21400BBC0000000000000000000000000F81F010157
S21400BBD04CBF00003400040000000000000000001D
S21400BBE000000000A0070000480001000000000060
S21400BBF0540002000000000000000000A000010049
S21400BC00FF4C00003030010011491000B840010020
S21400BC1000C0E30040410100EA008800186004000C
S21400BC20000000C61FC000000050000000D0320018
S21400BC3050600400FC006900410C00000000000099
S21400BC401100080078600C000804000000000000E6
S21400BC50BE031A00000000000000000001040C1AD9
S21400BC602F4653616862584935201407C491A06373
S21400BC705644332322529224E46007008108A1CB65
S21400BC8000000000198407059411CB48992006008F
S21400BC90016120008294EA870461030065B6110002
S21400BCA01E37000089BB000020610100FFDF000096
S21400BCB030610700E853FA000000000000000000B2
S21400BCC0000000000000000000000000000000006F
S21400BCD01470011000F8070014700130F80200001C
S21400BCE018700200000300006000278470700200D5
S21400BCF0C30000000F9C0300FFFFFFFFF81F0101B9
S21400BD0098BF00003400040000000000000000009F
S21400BD1000000000A007000048000100000000002E
S21400BD20540002000000000000000000A000010017
S21400BD30FF4C000030300100E3381000B84001002E
S21400BD4000C08300404101006D00880018600400B8
S21400BD50000000C61FC00100005000000080000068
S21400BD605060040018000500410C000008000000A8
S21400BD709100040078600C008C000C0000000000AD
S21400BD8014001A00000000000000000001040B1957
S21400BD902C404C59605B534736251B114AF33896A6
S21400BDA06745231211090000E46007008F0846CBA0
S21400BDB00000000023086404D007CB48912006004A
S21400BDC0F9541C008294EA8704610300515511005F
S21400BDD0B01B000089BB000020610100FFDF0000EF
S21400BDE030610700E853FA00000000000000000081
S21400BDF0000000000000000000000000000000003E
S21400BE001470011000F8070014700130F8000000EC
S21400BE1018700200000300006000A5837070020026
S21400BE20054100000F9C0300FFFFFFFFDC1F04011D
S21400BE3000000000000000000000000000000000FD
S21400BE40F01F02013F00370000000000FC1F010148
S21400BE500000000004000200018101000001000053
S21400BE601800020000000000010000002800030087
S21400BE70000000000000000000000000A400030016
S21400BE80FF4C0000FF4D0000FF4D000000200100A9
S21400BE900807000010200100AAAAAA001820010026
S21400BEA00060DA000830010013AC000134300100F5
S21400BEB0010000004030010000000000A04001002A
S21400BEC07A27000FF44001002010000034410200E1
S21400BED080080000E687000044410100C0E6524D9D
S21400BEE060410400000000000000000006000000A2
S21400BEF00600000014600100100000002860030027
S21400BF000000000300000000000000006060020067
S21400BF1029417671000000004C610100010000001C
S21400BF202070040000000000820000000000800175
S21400BF30D5000000487002003C3D0000BC1900001F
S21400BF407870010006E04900FFFFFFFF0D000000CB
S21400BF50388EE30000000000F4BF0000E4BF0000DD
S21400BF6000000000E070720080DE800280841E0008
S21400BF70010100001149000200000000000000005E
S21400BF8000000000000000000000000041841E00C9
S21400BF9000000000000000000D0000001CC771003B
S21400BFA000000000F4BF0000ECBF0000000000002E
S21400BFB018CC660080DE800240420F0001010000BF
S21400BFC0E33800020000000000000000000000004F
S21400BFD000000000000000005B420F0000000000B0
S21400BFE000000000B45F00005F05000028A000000D
S21400BFF0C4090000193F01060410010000010106F3
S21400C00000102700000C00000000000000000000E8
S21400C010000000007441FF7F0100000028C00000FF
S21400C020100000202D000000FF000000E40C0A00B5
S21400C03005050000DD3500007C9B0000FFFFFFFFCC
S21400C040BB3C0000B73C0000FF0EFE01FFFFFFFFF9
S21400C050FF000E0000000000A1510000FFFFFFFFE0
S21400C060FFFFFFFFFFFFFFFFFFFFFFFFFFFF0000D9
S21400C070FFFFFFFFED740000618B0000FFFFFFFF76
S21400C0800000000070000020000000000C180020D7
S21400C09074180020DC1800200000000000000000DB
S21400C0A0000000000000000000000000000000008B
S21400C0B0000000000000000000000000000000007B
S21400C0C0000000000000000000000000000000006B
S21400C0D000000000650100003D010000FFFFFFFFBB
S21400C0E0FFFFFFFFFFFFFFFFFFFFFFFFFFFFFFFF5B
S21400C0F0FFFFFFFFFFFFFFFFFFFFFFFFFFFFFFFF4B
S21400C100FFFFFFFFFFFFFFFFFFFFFFFFFFFFFFFF3A
S21400C110FFFFFFFFFFFFFFFFFFFFFFFFFFFFFFFF2A
S21400C120FFFFFFFFFFFFFFFFFFFFFFFFFFFFFFFF1A
S21400C130FFFFFFFFFFFFFFFFFFFFFFFFFFFFFFFF0A
S21400C140FFFFFFFFFFFFFFFFFFFFFFFFFFFFFFFFFA
S21400C150FFFFFFFFFFFFFFFFFFFFFFFFFFFFFFFFEA
S21400C160FFFFFFFFFFFFFFFFFFFFFFFFFFFFFFFFDA
S21400C170FFFFFFFFFFFFFFFFFFFFFFFFFFFFFFFFCA
S21400C180FFFFFFFFFFFFFFFFFFFFFFFFFFFFFFFFBA
S21400C190FFFFFFFFFFFFFFFFFFFFFFFFFFFFFFFFAA
S21400C1A0FFFFFFFFFFFFFFFFFFFFFFFFFFFFFFFF9A
S21400C1B0FFFFFFFFFFFFFFFFFFFFFFFFFFFFFFFF8A
S21400C1C0FFFFFFFFFFFFFFFFFFFFFFFFFFFFFFFF7A
S21400C1D0FFFFFFFFFFFFFFFFFFFFFFFFFFFFFFFF6A
S21400C1E0FFFFFFFFFFFFFFFFFFFFFFFFFFFFFFFF5A
S21400C1F0FFFFFFFFFFFFFFFFFFFFFFFFFFFFFFFF4A
S21400C200FFFFFFFFFFFFFFFFFFFFFFFFFFFFFFFF39
S21400C210FFFFFFFFFFFFFFFFFFFFFFFFFFFFFFFF29
S21400C220FFFFFFFFFFFFFFFFFFFFFFFFFFFFFFFF19
S21400C230FFFFFFFFFFFFFFFFFFFFFFFFFFFFFFFF09
S21400C240FFFFFFFFFFFFFFFFFFFFFFFFFFFFFFFFF9
S21400C250FFFFFFFFFFFFFFFFFFFFFFFFFFFFFFFFE9
S21400C260FFFFFFFFFFFFFFFFFFFFFFFFFFFFFFFFD9
S21400C270FFFFFFFFFFFFFFFFFFFFFFFFFFFFFFFFC9
S21400C280FFFFFFFFFFFFFFFFFFFFFFFFFFFFFFFFB9
S21400C290FFFFFFFFFFFFFFFFFFFFFFFFFFFFFFFFA9
S21400C2A0FFFFFFFFFFFFFFFFFFFFFFFFFFFFFFFF99
S21400C2B0FFFFFFFFFFFFFFFFFFFFFFFFFFFFFFFF89
S21400C2C0FFFFFFFFFFFFFFFFFFFFFFFFFFFFFFFF79
S21400C2D0FFFFFFFFFFFFFFFFFFFFFFFFFFFFFFFF69
S21400C2E0FFFFFFFFFFFFFFFFFFFFFFFFFFFFFFFF59
S21400C2F0FFFFFFFFFFFFFFFFFFFFFFFFFFFFFFFF49
S21400C300FFFFFFFFFFFFFFFFFFFFFFFFFFFFFFFF38
S21400C310FFFFFFFFFFFFFFFFFFFFFFFFFFFFFFFF28
S21400C320FFFFFFFFFFFFFFFFFFFFFFFFFFFFFFFF18
S21400C330FFFFFFFFFFFFFFFFFFFFFFFFFFFFFFFF08
S21400C340FFFFFFFFFFFFFFFFFFFFFFFFFFFFFFFFF8
S21400C350FFFFFFFFFFFFFFFFFFFFFFFFFFFFFFFFE8
S21400C360FFFFFFFFFFFFFFFFFFFFFFFFFFFFFFFFD8
S21400C370FFFFFFFFFFFFFFFFFFFFFFFFFFFFFFFFC8
S21400C380FFFFFFFFFFFFFFFFFFFFFFFFFFFFFFFFB8
S21400C390FFFFFFFFFFFFFFFFFFFFFFFFFFFFFFFFA8
S21400C3A0FFFFFFFFFFFFFFFFFFFFFFFFFFFFFFFF98
S21400C3B0FFFFFFFFFFFFFFFFFFFFFFFFFFFFFFFF88
S21400C3C0FFFFFFFFFFFFFFFFFFFFFFFFFFFFFFFF78
S21400C3D0FFFFFFFFFFFFFFFFFFFFFFFFFFFFFFFF68
S21400C3E0FFFFFFFFFFFFFFFFFFFFFFFFFFFFFFFF58
S21400C3F0FFFFFFFFFFFFFFFFFFFFFFFFFFFFFFFF48
S21400C400FFFFFFFFFFFFFFFFFFFFFFFFFFFFFFFF37
S21400C410FFFFFFFFFFFFFFFFFFFFFFFFFFFFFFFF27
S21400C420FFFFFFFFFFFFFFFFFFFFFFFFFFFFFFFF17
S21400C430FFFFFFFFFFFFFFFFFFFFFFFFFFFFFFFF07
S21400C440FFFFFFFFFFFFFFFFFFFFFFFFFFFFFFFFF7
S21400C450FFFFFFFFFFFFFFFFFFFFFFFFFFFFFFFFE7
S21400C460FFFFFFFFFFFFFFFFFFFFFFFFFFFFFFFFD7
S21400C470FFFFFFFFFFFFFFFFFFFFFFFFFFFFFFFFC7
S21400C480FFFFFFFFFFFFFFFFFFFFFFFFFFFFFFFFB7
S21400C490FFFFFFFFFFFFFFFFFFFFFFFFFFFFFFFFA7
S21400C4A0FFFFFFFFFFFFFFFFFFFFFFFFFFFFFFFF97
S21400C4B0FFFFFFFFFFFFFFFFFFFFFFFFFFFFFFFF87
S21400C4C0FFFFFFFFFFFFFFFFFFFFFFFFFFFFFFFF77
S21400C4D0FFFFFFFFFFFFFFFFFFFFFFFFFFFFFFFF67
S21400C4E0FFFFFFFFFFFFFFFFFFFFFFFFFFFFFFFF57
S21400C4F0FFFFFFFFFFFFFFFFFFFFFFFFFFFFFFFF47
S21400C500FFFFFFFFFFFFFFFFFFFFFFFFFFFFFFFF36
S21400C510FFFFFFFFFFFFFFFFFFFFFFFFFFFFFFFF26
S21400C520FFFFFFFFFFFFFFFFFFFFFFFFFFFFFFFF16
S21400C530FFFFFFFFFFFFFFFFFFFFFFFFFFFFFFFF06
S21400C540FFFFFFFFFFFFFFFFFFFFFFFFFFFFFFFFF6
S21400C550FFFFFFFFFFFFFFFFFFFFFFFFFFFFFFFFE6
S21400C560FFFFFFFFFFFFFFFFFFFFFFFFFFFFFFFFD6
S21400C570FFFFFFFFFFFFFFFFFFFFFFFFFFFFFFFFC6
S21400C580FFFFFFFFFFFFFFFFFFFFFFFFFFFFFFFFB6
S21400C590FFFFFFFFFFFFFFFFFFFFFFFFFFFFFFFFA6
S21400C5A0FFFFFFFFFFFFFFFFFFFFFFFFFFFFFFFF96
S21400C5B0FFFFFFFFFFFFFFFFFFFFFFFFFFFFFFFF86
S21400C5C0FFFFFFFFFFFFFFFFFFFFFFFFFFFFFFFF76
S21400C5D0FFFFFFFFFFFFFFFFFFFFFFFFFFFFFFFF66
S21400C5E0FFFFFFFFFFFFFFFFFFFFFFFFFFFFFFFF56
S21400C5F0FFFFFFFFFFFFFFFFFFFFFFFFFFFFFFFF46
S21400C600FFFFFFFFFFFFFFFFFFFFFFFFFFFFFFFF35
S21400C610FFFFFFFFFFFFFFFFFFFFFFFFFFFFFFFF25
S21400C620FFFFFFFFFFFFFFFFFFFFFFFFFFFFFFFF15
S21400C630FFFFFFFFFFFFFFFFFFFFFFFFFFFFFFFF05
S21400C640FFFFFFFFFFFFFFFFFFFFFFFFFFFFFFFFF5
S21400C650FFFFFFFFFFFFFFFFFFFFFFFFFFFFFFFFE5
S21400C660FFFFFFFFFFFFFFFFFFFFFFFFFFFFFFFFD5
S21400C670FFFFFFFFFFFFFFFFFFFFFFFFFFFFFFFFC5
S21400C680FFFFFFFFFFFFFFFFFFFFFFFFFFFFFFFFB5
S21400C690FFFFFFFFFFFFFFFFFFFFFFFFFFFFFFFFA5
S21400C6A0FFFFFFFFFFFFFFFFFFFFFFFFFFFFFFFF95
S21400C6B0FFFFFFFFFFFFFFFFFFFFFFFFFFFFFFFF85
S21400C6C0FFFFFFFFFFFFFFFFFFFFFFFFFFFFFFFF75
S21400C6D0FFFFFFFFFFFFFFFFFFFFFFFFFFFFFFFF65
S21400C6E0FFFFFFFFFFFFFFFFFFFFFFFFFFFFFFFF55
S21400C6F0FFFFFFFFFFFFFFFFFFFFFFFFFFFFFFFF45
S21400C700FFFFFFFFFFFFFFFFFFFFFFFFFFFFFFFF34
S21400C710FFFFFFFFFFFFFFFFFFFFFFFFFFFFFFFF24
S21400C720FFFFFFFFFFFFFFFFFFFFFFFFFFFFFFFF14
S21400C730FFFFFFFFFFFFFFFFFFFFFFFFFFFFFFFF04
S21400C740FFFFFFFFFFFFFFFFFFFFFFFFFFFFFFFFF4
S21400C750FFFFFFFFFFFFFFFFFFFFFFFFFFFFFFFFE4
S21400C760FFFFFFFFFFFFFFFFFFFFFFFFFFFFFFFFD4
S21400C770FFFFFFFFFFFFFFFFFFFFFFFFFFFFFFFFC4
S21400C780FFFFFFFFFFFFFFFFFFFFFFFFFFFFFFFFB4
S21400C790FFFFFFFFFFFFFFFFFFFFFFFFFFFFFFFFA4
S21400C7A0FFFFFFFFFFFFFFFFFFFFFFFFFFFFFFFF94
S21400C7B0FFFFFFFFFFFFFFFFFFFFFFFFFFFFFFFF84
S21400C800C00A00201D2801000D0803000D080300C3
S21400C8100FF902000D0803000D0803000D080300C1
S21400C8200D0803000D0803000D0803000D080300A3
S21400C8300D080300509703002D0803000D080300A1
S21400C8400D080300F57E03000D0803000D08030025
S21400C85049940200057F0300017F0300559C0200F7
S21400C860F97E0300412701000D0803000D080300B0
S21400C8700D0803000D0803000D080300DD56010037
S21400C8800D0803000D0803000D0803000D08030043
S21400C8900D0803000D0803000D0803000D08030033
S21400C8A00D0803000D0803000D0803006555010080
S21400C8B0899C0200FD7E0300D9B5020081ED0000D0
S21400C8C0C59C02000D560100C17D02000D08030044
S21400C8D00D0803000D0803000D0803000D080300F3
S21400C8E00D0803000D080300CD3401000D080300F9
S21400C8F00D0803000D0803000D08030000000000EB
S21400C90001F0FF01102A2BDB10F0070F08D010F8FB
S21400C910013B013A8B422DD010F0070F42B3F6D1FF
S21400C920F0B441EA012141EA014122F007047FF018
S21400C93000070023F0E80256083C85EA010586EA6F
S21400C940010685FA47F5A3FA87F586FA47F6A5FAAB
S21400C95087F68EB9EED1F0BC01F0FF0102F00702B7
S21400C96032B110F8013B013A83EA010313B1F8D162
S21400C9700020704701387047002D06BF3546033843
S21400C980073815F0010F07D1013015F4807F02BF7C
S21400C990013015F4C03F0130F0BC0138704700BFCD
S21400C9A02DE9F84305462DED048B10461E460C4631
S21400C9B01FF0DEF9B24B9FEDB39A002280468946FF
S21400C9C01FF050FA1FF030FDAF4B002208EE100AA1
S21400C9D0494640461FF046FA1FF026FDAB4B09EECF
S21400C9E0900A0022404649461FF03CFA1FF01CFD04
S21400C9F007EE905A08EE900AF8EE677A39EE488A03
S21400CA0079EE699A79EE688A17EE907A042E00F22B
S21400CA108480DFE816F00500ED0141025C036F0339
S21400CA2038461FF0C7F986A3D3E9002306460F460B
S21400CA301FF08AFCB8B3FCEEC87AC4ED007ADFEDCE
S21400CA40947A77EEC87A17EE900A1FF0B3F932465A
S21400CA503B461FF007FA7CA3D3E900231FF02CFB0C
S21400CA60804618EE100A89461FF0A4F902460B46C7
S21400CA70404649461FF040F81FF0B6FC74A3D3E9C1
S21400CA8000236060394630461FF05EFC002840D127
S21400CA9071A3D3E90023304639461FF055FC002821
S21400CAA000F07A819DE06AA3D3E900233046394638
S21400CAB01FF04AFCA8B362A3D3E9002330463946E8
S21400CAC01FF018F8DFED727A77EEC87A064617EE92
S21400CAD0900A0F461FF06EF902460B46304639465E
S21400CAE01FF0C0F95EA3D3E900231FF0E5FA06465F
S21400CAF018EE100A0F461FF05DF90B46024639463F
S21400CB0030461EF0F9FF1FF06FFC40F2CF23206086
S21400CB106360BCEEC88A84ED028ABDEC048BBDE877
S21400CB20F8834DA3D3E90023304639461FF00CFCAA
S21400CB30002840F035814CA3D3E90023304639461F
S21400CB401FF002FC002800F0A98032463B4646A1B2
S21400CB50D1E900011EF0CEFF4E4B00221FF082F9F5
S21400CB6043A3D3E900231FF0A7FA4B4B00221EF085
S21400CB70C3FF1FF039FC206037A3D3E900233046FB
S21400CB8039461FF0E1FB002800F00D8132463B4697
S21400CB9031A1D1E900011EF0ADFFDFED3D7A77EE61
S21400CBA0C87A804617EE900A89461FF003F90246B7
S21400CBB00B46404649461FF055F92FA3D3E90023FC
S21400CBC01FF07AFA804618EE100A89461FF0F2F82F
S21400CBD002460B46404649461EF08EFF1FF004FCF8
S21400CBE060601BA3D3E90023304639461EF082FF5F
S21400CBF0DFED277A77EEC87A064617EE900A0F46DC
S21400CC001FF0D8F802460B46304639461FF02AF980
S21400CC1019A3D3E900231FF04FFA064618EE100AB0
S21400CC200F461FF0C7F802460B46304639461EF040
S21400CC3063FF1FF0D9FBA0606FE700BFAFF3008073
S21400CC40EFEEEEEEEEEE6740EFEEEEEEEECE674087
S21400CC50ABAAAAAAAAEA6D403333333333F3714042
S21400CC60F0EEEEEEEE6E4740E17A14AE4785734086
S21400CC70E07A14AE47213840ECEEEEEEEE6E47401A
S21400CC8000004E400040344400003E4000002E406D
S21400CC9000C03344007086400000F03FB5F5B37F17
S21400CCA061D8D1A3D3E90023304639461EF022FFCF
S21400CCB0F7EE007A78EE677A804617EE900A894695
S21400CCC01FF078F802460B46404649461FF0CAF861
S21400CCD0C7A3D3E900231FF0EFF9CD4B00221EF0C7
S21400CCE00BFF1FF081FBBEA3D3E90023206039466B
S21400CCF030461FF029FB00287FF448AFBAA3D3E9DB
S21400CD000023304639461FF01FFB002853D1B6A338
S21400CD10D3E90023304639461EF0ECFEDFEDBD7A3F
S21400CD2077EEE87A064617EE900A0F461FF042F8AE
S21400CD3002460B46304639461FF094F8ACA3D3E9BA
S21400CD4000231FF0B9F9064618EE900A0F461FF0AA
S21400CD5031F802460B46304639461EF0CDFE1FF02F
S21400CD6043FB606018E0FCEEC87A9DA3D3E900237D
S21400CD70C4ED007A304639461FF0E6FA00287FF404
S21400CD8005AF99A3D3E90023304639461FF0DCFAF5
S21400CD9088B940F2CF23636040F2CF23A360BCE69D
S21400CDA040F2CF20E7E690A3D3E900233046394689
S21400CDB01FF0CAFAC0B18AA3D3E900233046394629
S21400CDC01EF098FE78EEC87A804617EE900A8946DE
S21400CDD01EF0F0FF02460B46404649461FF042F85A
S21400CDE085A3D3E9002339E6B5F5B37FD1D88EE71E
S21400CDF0082D3AD8DFE805F0050F17202A3939390B
S21400CE003200FCEEC87A40F2CF23C4ED007AC4EDBF
S21400CE10027A636081E640F2CF23BCEEC88A2360C4
S21400CE2084ED028AF5E740F2CF23BCEEC88A236081
S21400CE30A36084ED018A70E60123236040F2CF23CD
S21400CE40FCEEE88AA360C4ED018A66E6BCEEC88AFA
S21400CE5040F2CF2384ED008AA360DAE7FCEEE87A9E
S21400CE600123236017EE903AF6E76B4B002240460C
S21400CE7049461EF0F7FF1FF0D7FA07EE900A39EE84
S21400CE80679AFCEEC97AFCEEE99AC4ED007AC4ED26
S21400CE90027AC4ED019A40E63B2D1CD8FCEEC87A17
S21400CEA040F2CF23C4ED007ADFED5A7A636077EE66
S21400CEB0C87A17EE900A1EF07DFF804638468946EF
S21400CEC01EF078FF02460B46404649461EF0CAFF53
S21400CED0524B00229FE6772D47D838461EF06AFF51
S21400CEE002460B4606460F4600204C491EF002FE40
S21400CEF0F7EE007A78EE677A804617EE900A894653
S21400CF001EF058FF02460B46404649461EF0AAFF52
S21400CF10424B00221FF0D0F8804618EE100A8946D1
S21400CF201EF048FF02460B46404649461EF0E4FD0A
S21400CF301FF05AFA32463B46206031A1D1E9000183
S21400CF401EF0D8FDDFED337A77EEE87A064617EE68
S21400CF50900A0F461EF02EFF02460B463046394614
S21400CF601EF080FF2D4B0022EBE6B32D5CD8384632
S21400CF701EF020FF2A4B002206460F461EF0BAFD82
S21400CF80284B00221EF06EFF244B00221FF094F860
S21400CF901F4B00221EF0B0FD1FF026FA32463B461D
S21400CFA0206019A1D1E900011EF0A4FD78EEC87A30
S21400CFB0064617EE900A0F461EF0FCFE02460B468B
S21400CFC0304639461EF04EFF144B00221FF074F810
S21400CFD006460F4618EE100AB9E600BFAFF300800B
S21400CFE03333333333F37140E17A14AE47857340FD
S21400CFF0F8285C8FC2D54640E07A14AE4721384008
S21400D0000000000000C05D400000000000606640B8
S21400D0100000F03F00C033440080464000804D4092
S21400D02000005E4000708640FCEEC87A40F2CF20DA
S21400D030EF2D17EE906A20601AD8C4ED017A3846B4
S21400D0401EF0B8FE02460B4630A1D1E900011EF0E4
S21400D05051FDDFED2B7A77EEC87A064617EE900A7A
S21400D0600F461EF0A7FE02460B46304639462DE711
S21400D070B5F5967F28D238461EF09CFE214B00223E
S21400D0801EF038FDDFED1E7A77EEC87A804617EE82
S21400D090900A89461EF08EFE02460B4640464946DA
S21400D0A01EF0E0FE184B00221FF006F8804618EE31
S21400D0B0100A89461EF07EFE02460B46404649464A
S21400D0C01EF01AFD1FF090F9C4E9010625E5B5F536
S21400D0D0967F40F2CF233FF6A0AE962D3FF6A5AE44
S21400D0E03C2D02D901222260AAE6BCEEC88A84ED55
S21400D0F0008AB1E6FCEEC87AC5E600BFAFF3008052
S21400D10000C0334400006E4000804D400000000028
S21400D11000E06D400000000007EE900AF8EE677A27
S21400D12008B517EE900A1EF045FE1D4B00221EF0B5
S21400D130C3FF1FF059F980B2B0F5E17F20D3B0F5F8
S21400D140FA6F1FD8A0F5E17007EE900AF8EEE77ABE
S21400D15017EE900A1EF02EFE0DA3D3E900231EF054
S21400D16081FE0DA3D3E900231EF0A6FF1FF05CF995
S21400D17007EE900AFCEEE77A17EE903A98B208BDF2
S21400D1800020FCE74FF4B470F9E700BFAFF300806F
S21400D1900000000000707640000000000038984054
S21400D1A0000024400000000038B5174BD3F81C419F
S21400D1B005F09CF9F3210546002006F003FAC4F3B7
S21400D1C00B14A4EB101420B207EE900AF8EEE77AE0
S21400D1D017EE900A1EF0EEFD09A3D3E900231EF019
S21400D1E041FE1FF0D9F805FA80F0143000EB8000FD
S21400D1F0400000B220EAE07080B238BDAFF3008095
S21400D2009F88EA52C83AC53F0081E00F0000000040
S21400D21040F2E633984210B504463CD81EF0B8FDFE
S21400D220952C4FF000020AD81F4B1EF045FF1F4BEF
S21400D23000221EF017FE1FF0D7F880B210BDB4F51E
S21400D240617F15D91A4B1EF055FC184B00221EF0B4
S21400D25009FE154B00221EF02FFF1FF0C5F880B206
S21400D2601EF096FD0EA3D3E900231EF045FCE2E770
S21400D2700D4B1EF03FFC0F4B00221EF01DFF0E4B09
S21400D28000221EF0EFFD1FF0AFF880B21EF080FD0A
S21400D290064B0022E9E740F26710CFE7AFF30080C5
S21400D2A00000000000C072400000594000004E40E0
S21400D2B000208C400000894000006E400000000006
S21400D2C0F8B505462DED088B144608EE901A002A90
S21400D2D06ED090F88B00DFED4CAADFED4C9A9FEDF8
S21400D2E04C9A9FED4C8A06F003FD83880AEE103AAE
S21400D2F0B4F5FA7FF8EE688AB8EE4AAA3ED207EE90
S21400D300904AF8EE677A17EE900A1EF053FD024632
S21400D3100B46002040491EF0EDFB3F4B00221EF05E
S21400D320CBFE1FF081F80BEE100A1AEE100A1EF064
S21400D33041FD06461BEE100A0F461EF03BFD30A3CD
S21400D340D3E900231EF08EFD02460B4630463946D2
S21400D3501EF0D0FB1FF068F8DFED307A4BEE67AAC0
S21400D360DFED2F7A4BEE679ADFED2E7A0BEE679A9B
S21400D370DFED2D7A0BEE278A0AEE100A95F88B0061
S21400D38006F0B6FCF4EEEA8AF1EE10FA14DD78EE5A
S21400D390EA8A3AEE6AAADFED257A88EE8A7A77EE8E
S21400D3A0C97A07EE279ABCEEC99A19EE103A9CB2D3
S21400D3B0BDEC088B2046F8BDF4EEE98AF1EE10FAD3
S21400D3C011D8438907EE903AF8EE677A79EEE88A44
S21400D3D079EEE79AC8EEA97A07EEC88ABCEEC88A44
S21400D3E018EE103AE3E778EEE98A7AEEE9AA39EE23
S21400D3F0489AC8EEAA7A07EE898AEFE7AFF300806C
S21400D40000000000806FD04000176047009D2E4748
S21400D410000075440000484200407F400088D14527
S21400D42000D06845000002430000C84200007A446D
S21400D43070B5414C00238AB0E363054618B10088F6
S21400D44023600EF0DDFD3D4E3D482AF053F93D4B7E
S21400D450336030463C4B736026F066FA0021304657
S21400D46018F014F932A3D3E90023A062C4E9062316
S21400D47026F065FAD4E9062319431043C4E90601E9
S21400D480CDE900014FF0FF334FF0FF32A06A2AF0DB
S21400D490B3F902224FF0FF31A06A2AF0AFF901205B
S21400D4A00EF040FA2949A06A4FF4007300222AF0D1
S21400D4B007FAB0F5007F38D10023CDE9073309938A
S21400D4C094223C23CDE903320593A06A962303A950
S21400D4D0069318F0FFF935B3287C0EF031FE0546AA
S21400D4E0F0B9A06A2AF0C9FA0EF0D8FD0EF0FCF9E1
S21400D4F020B14FF4807000210BF086F90EF004FA8C
S21400D50020B14FF4006000210BF07EF926F0DBFA24
S21400D510012018F00FF90E4A0E49A06A26F002FA0A
S21400D52028460AB070BDFF20D7E70725F8E700BFFA
S21400D5300DD501552000000010190020CC24002035
S21400D540690345ECA9B70100DC240020CC220020AA
S21400D550CD3803000D3903000348044B834202D044
S21400D560034B03B118477047F0180020F01800204E
S21400D570000000000548064B1B1AD90F01EBA3015B
S21400D580491002D0034B03B118477047F01800202B
S21400D590F01800200000000010B5064C237843B9B0
S21400D5A0FFF7DAFF044B13B10448AFF30080012302
S21400D5B0237010BD5E2F00200000000008D003007E
S21400D5C008B5054B1BB105490548AFF30080BDE81B
S21400D5D00840FFF7CFBF00BF00000000301B002050
S21400D5E008D00300A3F5803A704700BF174B002B06
S21400D5F008BF134B9D46FFF7F5FF00218B460F46ED
S21400D6001348144A121A2AF03AFF0E4B002B00D089
S21400D61098470D4B002B00D09847002000210400AF
S21400D6200D000D48002802D00C48AFF300801FF014
S21400D6306BFB2000290023F0CCF91FF0C5F800BFD3
S21400D640000008000000000000000000C00A0020E3
S21400D650F0180020D4310020000000000000000078
S21400D66008B5124BA822002118462AF008FF03220C
S21400D6700346026142610E480E4A98614FF480618B
S21400D680DA61002219629A625A62DA6218660A48F9
S21400D6905866996609491A67DA665A6711F8010DDD
S21400D6A098540132102AF9D108BD00BF481800204E
S21400D6B0009403004814002048100020199403002A
S21400D6C02DE9F84FDFF8808098F80030532B82461B
S21400D6D08946164601D0FFF7C3FF182707FB0A87BF
S21400D6E03D6FD7F86CB05D452BD9BC6E796E641B68
S21400D6F0B44228BF34462944484622462AF0D9FE7A
S21400D700BB6E2544A144361BAB4208BF0025ABEBDD
S21400D710050B5E4528BF5E4656B1182303FB0A83F9
S21400D7203246596E484629442AF0C3FE34443544EE
S21400D73024B1182303FB0A88C8F870502046BDE8B9
S21400D740F88F0024E3E700BF48180020F8B5144B14
S21400D750182700FB07751D4407FB00330E46DB6ADF
S21400D760012B14460AD0022B14D023B9284620F0E9
S21400D770CBFC844208D900242046F8BD284620F079
S21400D780C3FC844228BF044622463146284620F081
S21400D790C4FCF1E72846BDE8F84020F0D9BC00BF3D
S21400D7A048180020F8B50B4B1B78532B04460D4643
S21400D7B0164601D0FFF754FFEFF311874FF0200114
S21400D7C081F31188324629462046FFF7BFFF87F3CC
S21400D7D01188F8BD481800202DE9F041164C1E4669
S21400D7E02378532B05468846174601D0FFF738FFA7
S21400D7F0022D1DD8EFF3118C4FF0200181F3118814
S21400D80065B1182005FB0003E21844F80380576052
S21400D81000FB05420023166293625362182303FB43
S21400D8200544069BE3628CF311880020BDE8F08176
S21400D8304FF0FF30FAE700BF481800202DE9F84304
S21400D840154E1F463378532B05468946904601D021
S21400D850FFF706FF022D1BD8EFF311824FF02001D1
S21400D86081F3118855B1182404FB05640023C4F81D
S21400D8706090C4F86480A7662367E366182303FBFA
S21400D8800566089B736782F311880020BDE8F8835D
S21400D8904FF0FF30FAE700BF48180020044B1B6823
S21400D8A0584043085B4240421843C017704700BFC9
S21400D8B0481B0020F8B50E46C9880546144620F0D9
S21400D8C092FC0746D0B92046FFF7E8FF104B3168B8
S21400D8D01A68B5F90430424023EA0203B6F9042078
S21400D8E0024013430446AB80F2880346286800F0E3
S21400D8F00DFAF388E888E443834201D33846F8BD3E
S21400D900296851F82320224041F823200133F3E709
S21400D910481B00202DE9F04F99B083460F46184665
S21400D92000211646049320F0BBFD002800F08781F6
S21400D930784B14930024012515AB049913933046B5
S21400D940CDE90B45CDE90D45CDE90F45CDE91145AE
S21400D95020F02FFDA04228DABBF1000F05D1E7B971
S21400D9600024204619B0BDE8F08F2146584620F026
S21400D970AEFC04460028F2D00BA820F026FC0DA82A
S21400D98020F023FC0FA820F020FC11A820F01DFC9E
S21400D9900C2115A800F0A2FEE3E73146384620F039
S21400D9A061FC04460028E7D1DAE731460BA820F0F0
S21400D9B059FC04460028DFD104990DA820F052FC3B
S21400D9C004460028D8D1F188ADF8385002310FA8A7
S21400D9D0ADF8305020F007FC04460028CCD10146B4
S21400D9E00FA820F074FC04460028C5D1F18811A8C1
S21400D9F0023120F0F8FB04460028BDD10DA820F027
S21400DA0092FC00F01F001F2873D0C0F11F031946B8
S21400DA100BA8019320F0A7FC04460028ACD101997E
S21400DA200DA820F0A0FC04460028A5D1BDF8325071
S21400DA30BDF83A80A5EB080A4FEA4A1949460DA8F0
S21400DA4020F091FC0446002896D14FEA8A0A0DA9D8
S21400DA500BA820F0DDFC00284DDA49460DA820F082
S21400DA609FFC0446002887D108F1FF3302939B00F1
S21400DA7005F1FF3A069305F1804508F18043023B25
S21400DA80013D9B00A5EB08050993AB000393029BA1
S21400DA909A4541D8BBF1000F0DD00FA9584620F08B
S21400DAA0E1FB002840F0C780049AB388928813FBF5
S21400DAB002F3ABF80430002F3FF45EAF01990BA8D9
S21400DAC020F06EFC002840F0B680B388ADF8303009
S21400DAD00BA9384620F0C6FB0146002840F0AD8072
S21400DAE0384620F0DDFC00287FF446AF0123BB80DB
S21400DAF042E701949AE70F9A52F80A300BA90133CD
S21400DB0042F80A3008460DAA20F0B0FD0446002868
S21400DB109DD031E7010003000D9B069A0593134440
S21400DB20DDF82C900893059B59F82A109A580F9DFB
S21400DB304FEA8A08A8F104030793039B91421D4409
S21400DB4074D20798002359F800001EF0BDFC002987
S21400DB5014BF4FF0FF330346BAF1010F2B6016BF18
S21400DB6009EB0803002353F8083C1593079B099A12
S21400DB7059F80330169359F8083017932B68013379
S21400DB802B60059B134498462B68013B2B600021B5
S21400DB9011A820F09CFB00284DD1029B002B48D0FA
S21400DBA0D8F80020119B1A60089A12685A6011A9CA
S21400DBB02A68084620F0E3FD00283CD113A911A8E6
S21400DBC020F026FC0028DFDC2A680DA911A820F02A
S21400DBD0D6FD80BB039B4FEAC308414611A820F040
S21400DBE0C2FB40BB0BA9084611AA20F03FFD014628
S21400DBF018BB0BA820F054FC002812DA0DA911A8B7
S21400DC0020F030FBB8B9414611A820F0ACFB90B923
S21400DC100BA911AA084620F026FD60B92B68013B27
S21400DC202B60039B0AF1FF3A043B2FE74FF0FF33CC
S21400DC3092E7029AB6E704469EE60C469CE66FF02C
S21400DC400B048EE6044B1B68584043085B42404278
S21400DC501843C017704700BF481B002010B50B4C78
S21400DC60226823684240594081EA0200C00FFFF74D
S21400DC70E9FF2368521A434022EA03020840104391
S21400DC80BDE81040C00FFFF7DDBF00BF481B0020F7
S21400DC90F8B50D46014628681746FFF7DFFF084B24
S21400DCA01E68C1430124BC4202D346EA0100F8BD07
S21400DCB055F82400FFF7C6FF01340643F3E700BF1C
S21400DCC0481B0020104B2DE9F0471E68884619684F
S21400DCD01D680746541E631C02D13046BDE8F08717
S21400DCE058F824A057F8249050464946FFF7B6FF48
S21400DCF0514605434846FFF7B1FF20EA05031E4399
S21400DD000543013CE7E700BF481B00208842F0B50A
S21400DD1004D0094F04380025AA4200D1F0BD3E6861
S21400DD2050F8044F5E4024EA060451F825601E4071
S21400DD30344304600135EFE7481B00202DE9F04F1F
S21400DD4085B0DFF8889003911C46064621461046AB
S21400DD50D9F80030D9F8003020F092FDC51D272DE7
S21400DD604FEAD50325F00705904602938CBF4FF087
S21400DD701E0A4FF0FA0A2D1A0F9B0093029A0E9B6A
S21400DD802146304620F079FF0746C0B92A4621468C
S21400DD90304620F0EEFDBAF1010A14D02246314694
S21400DDA00398FFF775FF2246834641463046FFF745
S21400DDB089FFD9F800200BEA00039A42DCD03846E7
S21400DDC005B0BDE8F08F6FF00D07F8E7481B0020A0
S21400DDD0044B0246586800B9704719789142FBD048
S21400DDE00833F7E71C94030010B50446A8B1006C8E
S21400DDF010B14C2121F043FCE06B40B12368074A88
S21400DE00DB79C3F3840352F823305B6998472046D6
S21400DE104821BDE8104000F061BC10BDC00A0020DB
S21400DE2038B505460C4681B1482200212AF027FB6A
S21400DE30E379084AC3F3840352F823301B699847F2
S21400DE40E86320B12C60002038BD0348FCE7034897
S21400DE50FAE700BFC00A0020009FFFFF809EFFFF7A
S21400DE60F0B58BB0044604A817461E460D4621F0B2
S21400DE7029FA00230293119B0193109B00932046DE
S21400DE803B46324604A900F01BFB044640B904A8F2
S21400DE9021F091FA50B904A9284620F0E3F9044687
S21400DEA004A821F03EFA20460BB0F0BD004CF7E780
S21400DEB080B0FFFF70B50C460646114620461A464F
S21400DEC020F0F0FB0546A0B9B36C33B9321D2146ED
S21400DED02046BDE8704020F083BCB4F90430002B27
S21400DEE009DB204620F01FFAF36BB0EB430F09D98D
S21400DEF0184D284670BD0146204620F0D1FA00286D
S21400DF00EFD0F5E7B36C2046984705460028F0D1D9
S21400DF100436B4F90430002B04DA0021204620F041
S21400DF20BFFA68B93146204620F072FA0028E0DBD6
S21400DF3032462146204620F014FB0028F2D006E0A8
S21400DF4032462146204620F08EFB0028E1D00546CA
S21400DF50CFE700BF80B0FFFF38B50D46044600216E
S21400DF6005F1100020F09CFA50B1204622F08DF802
S21400DF7028B129462046BDE8384002F02BBA0148B1
S21400DF8038BD00BF80B1FFFF2DE9FF410E460546B4
S21400DF90012106F1100020F083FA044650B9284605
S21400DFA021F087F901287AD12146304620F078FA08
S21400DFB0002801DA3B4C6EE006F108082146404690
S21400DFC020F06EFA0028F5DB2F1D3946304620F08B
S21400DFD01FFA0028EEDA3946404620F019FA0028E3
S21400DFE0E8DA684620F0ECF802A820F0E9F84346A4
S21400DFF0424669462846FFF75DFF0446002844D19E
S21400E0003346324602A92846FFF754FF0446002846
S21400E0103BD1EB687BBB02A90322084620F02AFB13
S21400E020044690BBBDF90C30002B04DA002102A890
S21400E03020F036FAC8B902AA334611462846FFF73A
S21400E04039FF044608BB02AA05F114031146284608
S21400E05021F0C4F80446C0B902A9684620F0D8F9F1
S21400E060104B041E18BF1C460FE002A93A4608468D
S21400E07020F0F9FAD4E702AA05F10C031146284667
S21400E08021F0ACF804460028D5D0684620F09DF86C
S21400E09002A820F09AF8204604B0BDE8F081024CB1
S21400E0A0F9E700BF80B3FFFF80B0FFFF38B5054635
S21400E0B021F0FFF801280C4601460DD1204620F03D
S21400E0C0EFF9002806DB05F13401204620F0A0F920
S21400E0D0002803DB024838BD0248FCE70020FAE7C8
S21400E0E080B3FFFF80B0FFFF2DE9F04FB5B00546C7
S21400E0F001919246994621F0C8FF0290A0B12846A9
S21400E10021F0C8FF044658B951462846FFF7CEFF0F
S21400E110044628B949462846FFF736FF044698B114
S21400E120284621F0B9FF81E151462846FFF7BEFF99
S21400E1300446002840F07A8149462846FFF724FF27
S21400E1400446002840F07281284621F0B2F80128E3
S21400E15040F0AD812B6C1821013302204FEA5308A2
S21400E16021F0CBFA0646002800F09F8106F118073A
S21400E17021F0A8F8384621F0A5F8002413AB1819AA
S21400E180083420F01DF8202CF8D14946304621F0FE
S21400E190FCF80446002841D18346D84520D13946AC
S21400E1A02846FFF7D9FE0446C0BB284621F06DFF7F
S21400E1B030B33B4632463946284601F05DFF0446FA
S21400E1C060BB39462846FFF7C7FE044630BB06F15B
S21400E1D010001FF0FAFF06F128001FF0F6FF1DE002
S21400E1E00123BBFBF8F103FA01F2D2B2182308FBB5
S21400E1F011B103FB026929B1284621F046FF50BB46
S21400E200AC4C0BE002F0FE0101EB520106EBC10143
S21400E210484621F0BAF804460028EDD04FF0000931
S21400E22013AB03EB090009F108091FF0CEFFB9F1A3
S21400E230200FF5D1D4B1AB6D9E4208D0304621F008
S21400E24070F8384621F06DF8304621F066FA0198ED
S21400E25021F067F8E6E04A464946284602F004F808
S21400E26004460028DAD10BF1010B96E705A81FF04B
S21400E270A7FF05F1340B0BA81FF0A2FF2146584656
S21400E28020F041F8012840F0D8802146504620F082
S21400E2903AF85146814605A81FF0E4FF044630B11F
S21400E2A00BA81FF092FF05A81FF08FFFC3E752468A
S21400E2B059460BA820F0DAF904460028F0D1B9FA3E
S21400E2C089F94FEA59194A460BA905A8FFF7F2FA49
S21400E2D004460028E4D1014608F1010213A80DF116
S21400E2E04C0B2AF0CCF8A2465B46D045039300F0D0
S21400E2F0A180514605A820F006F8039B1C7808EB81
S21400E3000A01044305A81FF0FEFFE4B2039B44EA9B
S21400E310400403F8014B0AF1010AE6E79BF8010006
S21400E3209BF8003080EA020C6FEA0C0101F0010154
S21400E33013FB01F3104003EA0C0283EA0C030BF80C
S21400E340013F1BF8013C43EAC11302430BF8013CB2
S21400E3500134A245E2D20BA81FF037FF05A81FF034
S21400E36034FF05A820F0AEFF00240BAB18190834C4
S21400E3701FF026FF202CF8D10AF1D0036B44019938
S21400E38013F8843C3246284620F052FF044648B92B
S21400E3903E9B002B00F08480284621F076FE002865
S21400E3A04DD1444C05A820F035FF4FF000080BABCC
S21400E3B003EB080008F108081FF007FFB8F1200F6C
S21400E3C0F5D1002C7FF437AF01994A46284620F055
S21400E3D0E1FE044600287FF42EAF3E9B73B128462C
S21400E3E021F053FE00285ED0DDE93E230199284641
S21400E3F001F090FD044600287FF41DAF01992846E1
S21400E400FFF7AAFDAB6D9E42044608D0304620F0CA
S21400E41088FF384620F085FF304621F07EF9002C34
S21400E4207FF415AF029B002B7FF47AAE204635B002
S21400E430BDE8F08F002201248BE71F4CFBE6DDE9E8
S21400E4403E230199284601F065FD48B30446A9E736
S21400E45028460AF1FF3A21F018FE0028A1D0019ABA
S21400E4602846114601F000FF0028EFD118F80A30C0
S21400E470324605A9284620F0DBFE0028E6D12846CD
S21400E48021F003FE00288CD0019A05AB11462846E1
S21400E49001F0F2FD0028D9D1BAF1000FD8D181E7FA
S21400E4A00DF14C08F8E7034CC5E6044CCFE6024CE9
S21400E4B0B8E700BF80B1FFFF80B0FFFF80B2FFFF6C
S21400E4C030B4DDE9024524B1CDE9024530BCFFF7A2
S21400E4D00BBE014830BC704780B0FFFF73B50546E1
S21400E4E01E4620F0E6FE01280C4601460ED11346D5
S21400E4F0009605F13402204620F0A4F9044B10F1F2
S21400E5000E0F18BF0346184602B070BD014BFAE75F
S21400E51000B3FFFF80B0FFFF38B504460D4620F07D
S21400E52004FF204620F0DCFE032D257023D1144B7B
S21400E530144AA3606260A361134AA3632362A362C2
S21400E540124B62616362124A62634FF00113114A12
S21400E5502363114BE362E261201D1FF0E4FEE063DB
S21400E56004F134001FF0DFFE20640020C4E916002A
S21400E5700123636438BD002308482370FAE700BF10
S21400E5800100080010950300F0940300B094030007
S21400E59090940300D0940300C80A002080B1FFFFC7
S21400E5A037B504460025294645612822183029F04B
S21400E5B066FF2046256121F02AF8012300930449CE
S21400E5C020232A46204620F08DFF03B030BD00BF32
S21400E5D001010300082804D00928034818BF0020BA
S21400E5E070470248704700BF30950300339503001C
S21400E5F070B50D461646044600B109B9104870BD00
S21400E6000023C0E9023301600B78082B01D0092BE8
S21400E610F4D16C21012021F070F8A06070B121F0D7
S21400E62058FD0EB90020EAE7A978022021F065F827
S21400E630E0600028F6D1204620F0EDFF0148DEE736
S21400E64000AFFFFF80AEFFFF30B1036823B11B7839
S21400E650082B03D0092B05D003487047012180689A
S21400E66001F0E6BF0021FAE700AFFFFF30B1036814
S21400E67023B11B78082B03D0092B01D00248704722
S21400E680806821F02ABD00BF00AFFFFF30B10368ED
S21400E69023B11B78082B03D0092B01D00248704702
S21400E6A0806821F021BD00BF00AFFFFF10B4044614
S21400E6B0084611461A4624B12378082B05D0092BA4
S21400E6C008D005485DF8044B704701235DF8044BFD
S21400E6D020F0DFBF0023F9E700AFFFFF10B50A46C2
S21400E6E0044619B1024B00211B68984710BD00BFB5
S21400E6F0CC0A00204FF0005302221A60BFF34F8F5F
S21400E7000549064BCA6802F4E0621343CB60BFF3C8
S21400E7104F8F00BFFDE700BF00ED00E00400FA05E4
S21400E720024A034903480EF013B800BF38950300A9
S21400E73060950300A895030038B500F0BFFA094CB1
S21400E740094B1A6823680025C31A2AB123B15169F8
S21400E750994203D3C91A5161206038BD55615B1ACE
S21400E7609268F2E7501B0020541B0020C38870B547
S21400E77004460D463BB921F09BF88542064602D278
S21400E78021F098F835460E4965610B688BB90C6028
S21400E790A3600DE0AD1A9A68656118466AB1134623
S21400E7A05A69AA42F6D930B18460521BA3605A61F6
S21400E7B070BD0020F4E70C60F7E79C60A260F7E706
S21400E7C0541B002038B5134D2B685B6993B1124A71
S21400E7D0146802201C4400F0A5FA204600F074FAE3
S21400E7E00E492A6800230B70D088800709D50123BC
S21400E7F00B7038BD022000F095FA022000F0B8FA3F
S21400E800EEE79268002AF4D050690344012BEBD956
S21400E810EFE700BF541B0020501B0020602F002095
S21400E82070B516469DF814200271049A0260C0E97D
S21400E83003360022BDF81830826004460D46C380B9
S21400E840EEB900F03BFA2844A0619DB12E4621F0B7
S21400E8500BFD0546FFF770FF31462046FFF786FFA3
S21400E860104B1B68A34201D1FFF7ACFF284621F0EE
S21400E870FFFC02E0E36865617BB9002070BD00F034
S21400E8801DFA3044A061002DE0D1E3686561002BDD
S21400E890DDD0216820469847D9E72168204698476A
S21400E8A0EBE700BF541B00200C490B6800227BB12D
S21400E8B083420AD183687AB1936083681BB15A6930
S21400E8C041690A445A61002070471A469B68EEE781
S21400E8D00028EFD0022070470B60EEE7541B0020A4
S21400E8E070B5154E21F0C7FC34780546FCB9134BBD
S21400E8F01C60134B1C60134B1C8000F09BF901201E
S21400E90000F010FA00F054FA0F4B0246186020B9D7
S21400E910284621F0B6FC232070BD23460B4840F263
S21400E920E7311DF0D1FD0A4B1860012333702846ED
S21400E93021F0A7FC0020EFE7612F0020541B0020E9
S21400E940501B0020942C0020581B002018FCFFFFB2
S21400E9504C1B002070B5044640B321F085FC144ED5
S21400E9600546FFF7E9FE3068A04209D02046FFF7CB
S21400E9709BFF0446B0B1284621F07AFC204670BDC5
S21400E980FFF792FF04460028F5D133683BB9022012
S21400E99000F0D6F9284621F06BFC0024EEE7FFF7DE
S21400E9A011FFF7E73368002BF4D1F0E72224E5E700
S21400E9B0541B002038B50C460546A8B1A1B100236B
S21400E9C00B7021F058FC094B1B68012133B921F06C
S21400E9D058FC002038BD9D4204D121702278002AC0
S21400E9E0F9D0F4E79B68F1E72220F3E7541B0020F8
S21400E9F0014B1868704700BF581B0020F8B50C4B39
S21400EA001B68834205460E460FD30A4B00241F6838
S21400EA1040F2E73021464FF47A720023E5FB070107
S21400EA201DF052FD30602046F8BD2120FCE700BFF7
S21400EA304C1B0020581B0020F0B587B01F46002353
S21400EA400C4616468DF81330054650B30DF11301EB
S21400EA50FFF7B0FF9DF813302BBB05A92046FFF744
S21400EA60CDFFE0B9114BE8831B685C434FF47A7323
S21400EA70B4FBF3F203FB1244191B89B2994208BF98
S21400EA800021BDF83430A983059A02939DF83030F2
S21400EA901146CDE9007328463346FFF7C1FE07B09E
S21400EAA0F0BD2220FBE70220F9E700BF581B00203C
S21400EAB0014B1868704700BF4C1B00200F4B1A68AC
S21400EAC010B59AB1531E4FF47A711342A0FB0101A0
S21400EAD00ED1B2FA82F2C2F11F04531CE040D243B8
S21400EAE001FA03F3184321FA02F20243104610BD5E
S21400EAF000231DF0E9FC0246F8E700BF581B002083
S21400EB00C2072DE9F04704460BD5474A1388013360
S21400EB109BB21380FFF710FE444B1B680BB1FFF748
S21400EB2051FEA3077ED521F0A6FB0546FFF704FE9F
S21400EB304FF000093D4F4E46C8463C680CB163692D
S21400EB408BB13B4B0022012E1A7003D119F0020F35
S21400EB5018BF1E70002C61D0FFF734FE2846BDE8B3
S21400EB60F04721F08EBB23465A693AB91A792179C3
S21400EB70914288BF1C469B68002BF5D1284621F0A1
S21400EB8080FB2569DDB100F099F8A269A0EB0209C7
S21400EB904FEAE9734D4578EB030311DA2369134412
S21400EBA0A361E368B4F80690013613B121682046E5
S21400EBB0984721F060FB0546FFF7BEFDBDE7A94676
S21400EBC021F059FB82462046FFF76EFE504621F0A4
S21400EBD058FB2369002BE4D0A38BB5EB090533B1B2
S21400EBE0E28B13449BB2B3F57A7F0FD2E38321F016
S21400EBF042FB294681462046FFF7B8FDA3692269F5
S21400EC001344A361484621F03CFBCAE7A3F57A7398
S21400EC10E383A369013B013DA361E8E7022000F01E
S21400EC208FF89BE7BDE8F087942C0020541B00204B
S21400EC305F2F002010B51D4B86B01868596803AAD0
S21400EC4003C2197AD3F8090011700190B3F80D20A9
S21400EC501748DB7BADF8082001218DF80A30002428
S21400EC6001F0E6FF03A88DF80C408DF8104003F085
S21400EC70F1FB01A901208DF8044003F0CBFB0D4AFF
S21400EC80536A23F4FF6323F00703536240F2FF73D3
S21400EC9013620120946003F0D7FB074B4FF000424D
S21400ECA0C3F880211A6006B010BD00BFD6950300D9
S21400ECB0A00914000020044000E100E0014B986821
S21400ECC0704700BF0020044010B5044621F0CCFA7F
S21400ECD0124A9368516D9269520704D4CA1A032ADD
S21400ECE001D899420DD1E21A022A98BFDC1C0B4BC0
S21400ECF0B4F1FF3F38BF013C5C655A6A42F004023B
S21400ED005A6221F0B5FA064A137833B103490B6DFF
S21400ED1043F002030B650023137010BD002004406F
S21400ED20FE0F00208207054A00F00103516A48BF23
S21400ED3043F004030B435362704700BF00200440B7
S21400ED40820700F0010309D5074A0121117007491F
S21400ED500A6D22F0030243F004030A6503494A6A77
S21400ED6022EA03034B627047FE0F00200020044097
S21400ED70830742BF014B0422DA617047002004403B
S21400ED8010B521F078FA094A93690446590703F04A
S21400ED90010003F0070348BF40F002001362FFF7CC
S21400EDA0AFFE2046BDE8104021F06BBA00200440BC
S21400EDB0014802F08FB800BFA0091400014802F015
S21400EDC06BB900BF05002400F8B5114B05465C5C26
S21400EDD00F46032805D8DFE800F002080B0E44F0C3
S21400EDE002040C4B1E684EB9F8BD44F00804F8E760
S21400EDF044F02004F5E744F08004F2E773681A68EC
S21400EE00144203D05B683946284698473668EAE7D6
S21400EE10E69503005C1B002070B50D4E21F024FA29
S21400EE20337805465BB9FFF75BFD044620B12846FC
S21400EE3021F01EFA204670BD064821F0E0FC20F0C6
S21400EE403DFD012328463370002421F011FAF1E736
S21400EE50632F00205C1B002038B54160044621F07B
S21400EE6003FA21460546044821F0CCFC2846BDE8B6
S21400EE70384021F0FDB900BF5C1B0020F8B5EFF369
S21400EE80108672B6AFF3008021F021FD20B9AFF3F3
S21400EE900080F6B962B61CE00E4D012100202970F4
S21400EEA0FFF792FF012000F017F806B962B6EFF3FD
S21400EEB010873E4672B621F019FD04460028F1D1AF
S21400EEC001462878FFF780FF2C70AFF30080002FF4
S21400EED0E0D0F8BD622F002002280AD003280BD00D
S21400EEE001280CD1064A136923F00403136130BFCE
S21400EEF07047002002F060BD002002F0A1BD704700
S21400EF0000ED00E0BFF35F8F074B5A6A22F48032B1
S21400EF105A62D3F8942022F00102C3F89420BFF37B
S21400EF204F8FBFF36F8F704700ED00E0F0B5374DA1
S21400EF3037493848002387B0CDE90333FFF7E2FFAF
S21400EF402C68354B4FF00052C3F89840661CC3F847
S21400EF509C208142314AC3F8A0202E6041D005ABE8
S21400EF60019304AB0A1A009303AB20F0B1FCDDE971
S21400EF700372059BDFF8A8E0072BA2EB01024FF017
S21400EF8001018CBF4FEAD30C4FF0200CB2FBFCF211
S21400EF9001FA02F2013AD2B2AEEB070EC01BB3FA88
S21400EFA083F3BEFBFCFEB0FBFCF08E44814002FA0D
S21400EFB00EF20139C3F11E0311435B0001F0FF019D
S21400EFC003F03E0343EA0123134A43F0407343F041
S21400EFD001130234C2F89860C2F89C70C2F8A030E0
S21400EFE02C60BFF35F8F0C4B0522C3F894205A6A3F
S21400EFF042F480325A62BFF34F8FBFF36F8FBFF376
S21400F0004F8FBFF36F8F07B0F0BD00BF601B0020AF
S21400F010401000202810002000ED00E03900011309
S21400F0203F100020BFF34F8F0549064BCA6802F415
S21400F030E0621343CB60BFF34F8F00BFFDE700BF16
S21400F04000ED00E00400FA0510B5044621F00CF9C6
S21400F050024B1C6021F00CF9002010BD641B002040
S21400F06010B521F001F9034B1C6821F001F9204688
S21400F07010BD00BF641B002013B5002301241A46F0
S21400F080194600941846FEF7A7FB00231A461946B1
S21400F09018460094FEF7D2FB0248FFF7D5FF002083
S21400F0A002B010BDD00A0020034B18680023806809
S21400F0B0022219461DF0F4BC480D00207FB5094B0E
S21400F0C06A4603F11006154618685968144603C4C4
S21400F0D00833B3422246F7D1284602F019FF002033
S21400F0E004B070BDEA95030070B5194B86B001AA4E
S21400F0F003F11006154618685968144603C4083309
S21400F100B3422246F7D11B882380124BD3F8B42093
S21400F110120317D5A3F500434FF6FF721B889342E0
S21400F12008BF4FF48D730C48ADF80A3003F0ECFBC3
S21400F130284602F087FA4FF4FA7001F0BFFF00206D
S21400F14006B070BDD3F8B830C3F30803EBE700BFD2
S21400F150FA9503000081E00F00F0490207B5084B5E
S21400F16018680190202301A88DF8043002F0AAFA4E
S21400F170642001F09DFF002003B05DF804FB00BF93
S21400F1800C96030010B50C480C4C6FF00403A0213D
S21400F19013F0800F03F1010207D123442F2A83F8CE
S21400F1A000131346F4D1002010BD03F00F03043BF8
S21400F1B0034419761346EBE700ED00E000E100E0BB
S21400F1C0024B03480122C3F8002670470010C843CC
S21400F1D000000F40094B98420ED003F5806398421A
S21400F1E009D10122064B03EBC2035A68054B1344B0
S21400F1F09B0000221A6070470022F3E700000F40D1
S21400F200109603008005F210024B03480122C3F853
S21400F210002670470010C84300000F40044B984279
S21400F22003D003F58063984201D1FFF7D3BF704740
S21400F23000000F4070B5114C114E0A25236843F4A8
S21400F240807223F4807322603046236001F042FE11
S21400F2500023800A62680AB983420AD1636853B9F8
S21400F260013DEBD1236823F0010323606FF0920089
S21400F27070BD0133EEE70020FAE700BF00D0014082
S21400F280700002002DE9F04F85B0634D0092634A8E
S21400F290D2F8C03043F40043C2F8C0302B68DC0715
S21400F2A081468A4616D500245B4D4E46D0462746F4
S21400F2B04FF00A0BB8F1000F2BD144B114F1940FA4
S21400F2C005D042460021484629F0D9F80027009B81
S21400F2D01F601AE040F271632B60FFF7ABFF044635
S21400F2E098B96B68032BFCD9D5F800312B61D5F89B
S21400F2F000316B61D5F80031AB61D5F80031EB61B8
S21400F300FFF798FF04460028CDD0204605B0BDE89C
S21400F310F08F6C68A40005D02B6B13F45C7F12D1C1
S21400F320002437E03E4801F0D5FDC00A844205D1EE
S21400F3306B68002BF0D16FF09304C8E76B68002B66
S21400F340F6D10134F2E7D80514D523F480732B6385
S21400F3506B6853B9BBF10107EDD04E46D0466FF04F
S21400F36093040022BB461746A4E7D5F80031039362
S21400F370039BEDE70193FFF75DFF044620B9019B71
S21400F38013F41C7FCCD0E5E710F1930F99D010F161
S21400F390940FDFD06B686A689B00434528BF4346DE
S21400F3A0B107324634D123F003013144914212D1E1
S21400F3B003F0030149B11848D0F80001114402F8DF
S21400F3C0010B8A424FEA1020F9D1FA181E44A8EB26
S21400F3D003085F46C6E7D5F8000142F8040BE5E7E8
S21400F3E0DCF8001102F8041C4FEA112E02F803ECB8
S21400F3F04FEA114E090E02F802EC02F8011C04381E
S21400F400032802F10402EBD823F003023244CFE7CC
S21400F410DFF804C01846F3E700D0014000400E4075
S21400F420700002002DE9F04788B00746884615466A
S21400F4301E46FFF7C5FE044607F17E400838012841
S21400F44050D80423236000236360E364626822F4D8
S21400F450406262606A46236391466363A8F10403D0
S21400F46008F11C0853F8041F09BA434542F8041B68
S21400F470F8D120F0F9FE4946074604F5827020F0E0
S21400F48085FF384620F0F4FE184B2365109BDFF806
S21400F490609005EB831704F5D27A20F0E5FE294646
S21400F4A08046504620F082FF4035404620F0E0FE81
S21400F4B0BD42C4F85090F0D120F0D6FE3146054645
S21400F4C004F5807020F06AFF284620F0D1FE204622
S21400F4D0FFF780FE331F1C3653F8042F12BAB342D0
S21400F4E01A60F9D108B0BDE8F08700BF888AC80165
S21400F4F0070D810138B50D46044630B36C22002155
S21400F50028F0BDFF124B9D4205D001339D4210D01E
S21400F5106FF0850038BD0F4B04F10C0203F120019B
S21400F52053F8040B42F8040B8B42F9D125600020F7
S21400F530F0E7094B04F10C0203F1200153F8040B29
S21400F54042F8040B8B42F9D1F0E76FF08600E1E752
S21400F5500800000220960300419603002DE9F341BF
S21400F5600E461F46054600285FD083B9002A5CD1A8
S21400F5702B68324A93425ED0013293420CBF6FF042
S21400F58089046FF08804204602B0BDE8F0810029A7
S21400F590ECD0036829498B4244D001318B4247D1D5
S21400F5A04FF02008904546D86A68D3008DF807309B
S21400F5B053098DF80630530B8DF80530530D8DF832
S21400F5C00430AB68D90001EB52718DF8031002F0DD
S21400F5D03F025909372A8DF802104FEA53318DF849
S21400F5E001104FEA535316498DF8003094BFC2F10C
S21400F5F03802C2F17802284620F025FA0446002890
S21400F600C1D108226946284620F01DFA0446002883
S21400F610B9D1C7F80080424605F10C01304628F003
S21400F62048FFB0E74FF01C08BCE76FF08604AAE777
S21400F6306FF08804A7E76FF08904A4E708000002CB
S21400F640629603002DE9F04F91B00546BDF8709024
S21400F6509DF8747092469B460E46002900F0BB80CB
S21400F66001F1FF384FEA1818FFF7AAFD09F1FF333A
S21400F6700F2B044600F2D880BAF1000F00F0D480B9
S21400F680BBF1100F03D0BBF1200F40F0CD8020F06F
S21400F690EBFD0023236023636363654B23656549A5
S21400F6A0029004F1840020F033FEBBF1100F14BF6B
S21400F6B0102308231A4651462046019320F09FFE49
S21400F6C05D4B23655D4B63655D4BA3655D4BE365F5
S21400F6D04FF4C173236623699A07FCD106F00F0323
S21400F6E0C3F110035FFA83FBBBF1100F04A901D12D
S21400F6F0002E72D104F1800020F029FE029820F03E
S21400F700B7FD1022002108A828F0B9FE4FEA08131A
S21400F710A6EB081205EB081108A8029328F0C9FE0C
S21400F720BBF1100F5CD010ABA3EB0B028021BBF13A
S21400F730010F02F8101C08D0CBF1110008AB0BF13A
S21400F740FF320021184428F09AFE08AA04A80423D1
S21400F750116850F8046B013B81EA060142F8041B6D
S21400F760F6D120F081FD236B019A039043F010033D
S21400F77023635146204604F1800820F040FE1A9983
S21400F780404620F0C7FD029B2B449A4604F1A00B8E
S21400F79040F20516AA452ED108A9584620F0B8FD15
S21400F7A040F20513236523699B07FCD10CA940464C
S21400F7B020F0CDFD37B31B984A460CA928F079FEF9
S21400F7C00025039820F054FD2046FFF703FD284649
S21400F7D011B0BDE8F08F884646E704F188008BE755
S21400F7E0002EB2D15A46314608A828F048FE80239B
S21400F7F08DF82030A9E72946584620F08BFD1035B5
S21400F8002665C7E71B9B0CAA994413F8011B12F840
S21400F810010B994581EA000147EA0107F5D1002F5F
S21400F820CED06FF09405CCE76FF08605CFE700BF2B
S21400F83030820100A4960300F50536F024FC31FE64
S21400F84036833624FC31FE362DE9F04389B00E4669
S21400F850DDF84080149FDDE91291002839D0002E93
S21400F86037D0B8F1000F34D0B9F1000F31D081B3E2
S21400F8707FB30488B4F5105F2ED14488E408182CB2
S21400F8802AD0202C01D0102C23D1944221D1154A05
S21400F89023F47E1090421FD113F47C1FC3F305455A
S21400F8A008BF10258D421AD804AB10220021184636
S21400F8B028F0E5FD0122CDE90252CDE900091199B3
S21400F8C0234632464046FFF7BDFE3D6009B0BDE820
S21400F8D0F0836FF08600F9E76FF08500F6E76FF0CB
S21400F8E08900F3E70002C0032DE9F041DDF8188037
S21400F8F00C4617461E46054630B329B302B91BBB55
S21400F9004C220021284628F0BAFD2388B3F5105F64
S21400F91009D108F0FE43B3F1407F15D1104B28F40F
S21400F9207E129A4203D06FF08500BDE8F0816488AD
S21400F930C5F80080E208B2426A6205D8182AF2D0FA
S21400F940202A04D0102A02D06FF08600EDE7B242DB
S21400F950FAD13946281D28F0ACFD0020E5E700BFA7
S21400F9600002C0032DE9F74F0D4616460446002850
S21400F9705DD051B9002A5AD103682E4A23F47E136B
S21400F980934244D06FF088001DE00368294A23F4B0
S21400F9907E139342F6D1002E39D0806CE8B1C0F1C8
S21400F9A01002B24219D23830204428F082FD04F109
S21400F9B028020092616A04F13803201D20F0CCF87A
S21400F9C020B16FF0920003B0BDE8F08FA36CA06486
S21400F9D0C3F11002103E15441E4406F10F084FEA0C
S21400F9E018182F464FF0010904F1280A04F1040BF9
S21400F9F0C1450ED33544ED1B09D0A06C38302A46DD
S21400FA003946204428F055FDA36C2B44A3640020FF
S21400FA10D9E7CDF800A0616A3B465246584620F02A
S21400FA209BF80028CDD1103709F10109E0E76FF007
S21400FA308600C8E70002C0037FB51D4608B301B3C1
S21400FA40FAB1F3B10368154C23F47E16A6421BD117
S21400FA5013F47C1FC3F3054408BF1024944216D841
S21400FA600123CDE9024300F1280301910093436A84
S21400FA70816C021D3830FFF7E5FD58B92C6004B0E4
S21400FA8070BD6FF08600FAE76FF08800F7E76FF05A
S21400FA908900F4E76FF09200F1E700BF0002C003B0
S21400FAA02DE9F74F0F9D0190F520164695F800B00A
S21400FAB0DDF834900F469A46FFF7A6FB002304466F
S21400FAC00360082243600E9904F1800820F097FC3A
S21400FAD02946404620F01CFC0BF0070B2A780BF159
S21400FAE0010B002302F00702CBF1100019462A7022
S21400FAF028445A4628F0C3FC294604F1840020F026
S21400FB0007FC0523A360109BF34200F08780102BB0
S21400FB1011D086B1C3F11002B24228BF32460F336D
S21400FB2039462B44D01911F801CB03F801CF814296
S21400FB30F9D11744B61A05F1100104F18C0020F033
S21400FB40E7FB5923A3600523A3604623A360B6B151
S21400FB50002326636363514B2365012363650F2EE1
S21400FB6053D80023C5E90033C5E90233FA5CEA54EA
S21400FB7001339E42FAD82946404620F0C9FB0023AE
S21400FB80C4F830906363019B002B4AD0444B236536
S21400FB90444B6365444BA365444BE36501232366EE
S21400FBA00026B9F1000F1ED0B9F10F0F4BD8C5E9EA
S21400FBB00066C5E9026600231AF80320EA540133FA
S21400FBC09945F9D12946404620F0A2FB29464046F1
S21400FBD020F0BDFB0C9B33B100230C99EA5CCA54A1
S21400FBE001339945F9D12946404620F0B0FB20461E
S21400FBF0FFF714FB019B002B47D11A4612998B4244
S21400FC0045D1002A3DD02C203CE03946404620F025
S21400FC1081FB103E07F11007A1D1B0E74623A36091
S21400FC20ADE7234B236503F1BC4303F5262303F618
S21400FC304D43636503F12243A3F5C053A3651D4BF3
S21400FC40E3651D4BABE75146404620F063FB0C9B3B
S21400FC50A9F110090AF1100A3BB11946404620F0F6
S21400FC6078FB0C9B10330C939BE72946404620F00C
S21400FC706EFB96E71199EA5CCA540133129A9342D6
S21400FC80F8D1002003B0BDE8F08F0023F6E7119806
S21400FC90E95CC05C41400A430133AFE77059054652
S21400FCA0F870455905460348055163FB0448055955
S21400FCB0F803480546FB04480559010000230C4A92
S21400FCC00360032910B50263044643630ED1052181
S21400FCD020F0D1FB636823F4407343F40073636041
S21400FCE0636823F4406343F40063636010BD00BFA1
S21400FCF0200010002DE9F04F1E4604468946924625
S21400FD001F460FCE8BB001AD0FC596E80F0085E8F5
S21400FD100F000025099520F0A7FA5146064604F57F
S21400FD20827020F033FB494604F5847020F02EFBE9
S21400FD30394604F5867020F029FB304620F098FA04
S21400FD405F4E604BDFF8BC91DFF8BCA12365DFF89F
S21400FD50BCB120F089FAC4F850B0D4F8148020F072
S21400FD6087FA18F0807F19D0574B236520F07CFA6D
S21400FD70C4F850B0656920F07BFAEB0140F188804A
S21400FD8020F072FA1499054604F5887020F006FBF8
S21400FD90284620F06DFA0BB0BDE8F08F18F4807F8F
S21400FDA01CD14A4B2365013D9023A360636913F47D
S21400FDB0807F474B23650ED020F056FA394683469F
S21400FDC004F5807020F0E2FA584620F051FA414BD4
S21400FDD02365414B63658823A360B8E7002D13DADB
S21400FDE03E4BC4F850A0636520F03EFA01A9834656
S21400FDF004F5807020F0D2FA63695846C3F30343D3
S21400FE00099320F035FA6D42354B23656369DFF8B8
S21400FE1000C113F4407F4FF08803A3604FF0010148
S21400FE206269266561656369C4F850C00ABF01202F
S21400FE304FF0FF3005F1FF358842C3F30723C2F3C6
S21400FE4000220BD132B1D90704D5264B2365264BA9
S21400FE506365A9E7254B2365254BF9E79AB9DA07C9
S21400FE6011D5244B2365244B6365A16501A904F5D0
S21400FE70807020F08BFA099B03F00F03C4F848311A
S21400FE808323A36090E71D4BC4F850906365EDE7AD
S21400FE9020F0EAF904F5807639460546304620F02B
S21400FEA075FA284620F0E4F9154B236520F0DCF9B6
S21400FEB014990446304620F071FA204669E700BFE0
S21400FEC0C93E81983084880198390100C93E810175
S21400FED0D23E8201C024D0340982010099830100F9
S21400FEE0D9080100C8340981E20C8201C80881E201
S21400FEF00C82010083D9341181E21482E21482015B
S21400FF00E010010083D9108190A284883539380129
S21400FF10DB3E01002DE9F04F89B081460D461646BE
S21400FF200021202268461F4628F0A9FA4FF00A0A48
S21400FF3099F80030022B40D0032B07D0012B44D079
S21400FF406FF0710B584609B0BDE8F08F2022694665
S21400FF503846B0478346BBF1000FF3D1FFF730F9C0
S21400FF6099F800100446FFF7A9FE20F07DF96946CF
S21400FF70804604F5827020F009FA404620F078F9B1
S21400FF80374B236520461FF0D7FF20F06DF904F5A8
S21400FF90807883466946404620F000FA584620F0AE
S21400FFA067F9009B012B18D82046FFF713F9BAF122
S21400FFB0010ABDD1DFF8BCB0C4E71C22694638464A
S21400FFC0B047002383460793C5E71822694638469C
S21400FFD0B047002383460693F5E720F045F905F180
S21400FFE008070646294604F584701FF0A9FF05F1A8
S21400FFF01009394604F586701FF0A2FF494604F53D
S21401000088701FF09DFF304620F032F9154B2365AE
S21401001020461FF091FF494640461FF0CBFF83461E
S214010020C8B9114B2365114B636520461FF084FF49
S214010030294640461FF0BEFF834660B90C4B236538
S2140100404FF48E73636520461FF076FF39464046AF
S2140100501FF0B0FF83462046FFF7BCF872E700BFEB
S21401006030C80C0181E11C018CE11C81D11C01000E
S214010070E11C81D900B3FFFF2DE9F843064610467F
S2140100800F4690461D461FF096F928B12946384678
S214010090BDE8F8431FF079B92B69002B40F0AD801D
S2140100A0FFF78EF831780446FFF708FE20F0DCF8FB
S2140100B004F5807608F11001814630461FF040FFB6
S2140100C0484620F0D5F8574B236540F28113636507
S2140100D020461FF031FF20F0C7F8294681463046FA
S2140100E01FF02EFF484620F0C3F84F4B236501232F
S2140100F0204663651FF020FF4C4B23651FF01CFF55
S21401010020F0B2F805F10801814630461FF018FFCD
S214010110484620F0ADF8464B236520461FF00CFFFD
S21401012020F0A2F808F108094946054604F5827050
S2140101301FF006FF284620F09BF83E4B236520461D
S2140101401FF0FAFE20F090F84146054630461FF0B3
S214010150F7FE284620F08CF8374B2365374B63654E
S21401016020461FF0E9FE07F1100130461FF022FF7E
S214010170054600283BD1324B236520461FF0DCFEA6
S214010180304B23651FF0D8FE2F4B23651FF0D4FE9E
S2140101902E4B23654FF48A7363651FF0CDFE2C4BFF
S2140101A023651FF0C9FE394630461FF003FF05469A
S2140101B0E8B9284B2365284B636520461FF0BCFE33
S2140101C020F052F84946054630461FF0B9FE28464B
S2140101D020F04EF8214B2365214B636520461FF026
S2140101E0ABFE07F1080130461FF0E4FE0546204647
S2140101F0FEF7F0FF2846BDE8F88328461FF0DBF837
S21401020008B1414643E72B69002B3FF449AF012172
S21401021005F110001EF044F900283FF441AF114DDE
S214010220E8E700BF8184E11C83D91C83E11C8101BE
S21401023082D11C01C81482019983D91481E11C0161
S2140102408CE11C01811C8401D91C830191D11CE025
S214010250D814140181CB1481D11C820181E11C8444
S214010260E214010080B0FFFF2DE9F04788B0904608
S21401027005460F46FEF7A4FF2978DFF85491044699
S214010280FFF71CFD1FF0F0FF04F5807608F1100162
S214010290054630461FF054FE28461FF0E9FF40F29F
S2140102A08313C4F85090204663651FF045FE1FF087
S2140102B0DBFF08F10801054630461FF041FE2846DF
S2140102C01FF0D6FF4FF0010A354B23652046C4F8D0
S2140102D054A01FF031FE07F1100130461FF06AFEF0
S2140102E00546002854D12F4B23654FF4867363656A
S2140102F020461FF021FE1FF0B7FF4146054604F5D4
S21401030088701FF01DFE6946304620F047F82846E3
S2140103101FF0AEFF244B2365244B6365244BA36576
S21401032020461FF009FE234B2365234B63651FF010
S21401033003FE224B2365224B6365C4F858A01FF0C9
S214010340FBFD394630461FF035FE054600BB1D4B0A
S21401035023651D4B636520461FF0EEFD1FF084FFED
S21401036069460546304620F011F828461FF080FF02
S214010370164BC4F8509063654FF48A73A365204604
S2140103801FF0DAFD07F1080130461FF013FE05469F
S2140103902046FEF71FFF284608B0BDE8F08700BFDD
S2140103A0821CC00C91D11CC0C00C81E11C82DC0CEB
S2140103B081148401E11C81C80C0C8101D20C848B50
S2140103C0D91CE01484E21482D11C8301C00C82D3B0
S2140103D08182D11C2DE9F047A2B00E460546FEF7F4
S2140103E0EFFE15F8041B044606F11007FFF766FC3E
S2140103F01C22002103A828F042F84FF001083946D4
S2140104000AA80DF16809CDF808801FF020FE2946DC
S21401041012A81FF01CFE12AB0AAA02A9CDF8009082
S2140104202046FFF767FC1FF01FFF4946054604F507
S214010430867904F582701FF0A9FF06F1080A314695
S21401044048461FF07DFD514604F588701FF078FD83
S21401045028461FF00DFF134B236520461FF06CFD49
S214010460114B23651FF068FD104B23651FF064FDDB
S2140104700F4B23651FF060FD514604F580701FF099
S21401048099FD58B9314648461FF094FD30B92046CB
S214010490FEF7A0FE414638461DF019FF22B0BDE822
S2140104A0F08700BF8AD11C0181D91C0183D11C01B0
S2140104B081E11C0110F1860F06D038B19330044853
S2140104C008BF6FF06F0070476FF07100704700BF94
S2140104D0009FFFFF70B58CB004460D4616460021FE
S2140104E022220DF10E0027F0CAFF4FF41053ADF88B
S2140104F00C302CB323681BB315B39B79022B1AD08F
S214010500042B20D14FF48073206CADF80E304C21B3
S21401051098B901201FF0F1F8C0B120640C4B00938C
S214010520206CF3082A4603A9FFF7DEF90CB0BDE8F4
S2140105307040FFF7BFBF8023E6E7FEF7CFF8EDE791
S21401054004480CB070BD6FF07100FAE70248F8E796
S2140105500002C003009FFFFF809EFFFF10B550B151
S214010560046844B139B1006C28B1FFF7FBF9BDE866
S2140105701040FFF79FBF014810BD00BF009FFFFF5F
S21401058007B578B102686AB1006C58B151B1002361
S2140105900193102201ABFFF74FFA03B05DF804EBAD
S2140105A0FFF788BF014803B05DF804FB009FFFFF1B
S2140105B02DE9F04190B0DDE916870D4614461E463A
S2140105C080B379B373B36FB38379022B06D0042B50
S2140105D025D06FF0710010B0BDE8F081802A21D1DE
S2140105E0202200210DEB0200069127F048FF4FF470
S2140105F01053ADF81C3006AB04931023CDE90273FB
S214010600CDE90068084BADF81E40E208294607A868
S214010610FFF71AF910B0BDE8F041FFF74BBFB2F58E
S214010620807FDCE70148D6E70002C003009FFFFF9A
S214010630012908B50BDC074B074A00290CBF1146F8
S2140106401946FEF757FFBDE808401FF026BD6FF0BC
S214010650730008BD08000002090000027FB51422DD
S214010660002101A827F00BFF044B029301A94FF0CC
S214010670FF3027F03EF907B05DF804FB006A18006A
S21401068038B5044627F000F90FCC044D0FC594E8A1
S2140106900F0085E80F00002038BD00BF681B002052
S2140106A047F6FF739A42F0B572D0062972D83A4BD4
S2140106B05B5C022B6ED8394D05EBC304DF00A178D5
S2140106C015F83330012938BF0121012B13D1E07809
S2140106D00025401AA84202D80844C0B2F0BD431B08
S2140106E0A0EB5303666836F913609642CCBF03F15C
S2140106F0FF301D46EEE760680028EFD0B0F90040F5
S214010700944204DBB0F902409442B8BF1446838891
S214010710FF2B04BFB0F90620B0F908C03D440FBF57
S21401072001260026C8224FF0280C131B93FBFCF36E
S21401073033446E781BB29E4201DD002B01DA731E34
S2140107401BB201339BB24FF47A7C071D5D1E2DB29E
S2140107504FEAC50E00EBC5059E42EA88AD6814FB5C
S214010760025222EAE27202F15C02B2FBFCF205DD01
S21401077037F83350954203F10103E7D200EB0E033D
S2140107809888904228BF1046884238BF0846A4E79A
S214010790FF20A3E70020A1E7B4960300681B002012
S2140107A00629F0B561D8324B595C02295DD8314B28
S2140107B013F83100012816D103EBC1039C78D878D1
S2140107C05B68012C214638BF0121904294BFC1EBE2
S2140107D00001C1EB0201CAB2001B8242C8BF00225F
S2140107E033F91200F0BD002A3DD003EBC10359686E
S2140107F000293AD09878904202D3B1F90200F1E785
S214010800DC78B1F900009442ECD95C788B88A3F1CE
S214010810FF06013C734201F10405E4B2734101F1A4
S2140108200C07DEB2B44216D805EBC3034FF47A7553
S214010830B3F902405B686A43D21A04EBD47302EB45
S214010840630292FBF4F29042CCDBB1F902009042D3
S214010850C8DC10B2C6E737F833C0944503F1010689
S214010860E2D33346DDE70448BCE70448BAE700BFF5
S214010870B4960300681B00200CFEFFFF0080FFFFFC
S21401088008B50448FFF7FCFEBDE80840012026F045
S214010890FFBF00BF20A6030000487047A00D002040
S2140108A02F4B002A30B52F4C426B18BF1C462E4BDF
S2140108B00CBF00251025984232D1062907D80629F3
S2140108C007D8DFE801F00817402E06063600812912
S2140108D039D000231FE0254BD3F81012D3F81002AD
S2140108E0D3F8103201F4FE4100F00F00014303F08B
S2140108F0F0030FE01D49D1F81032D1F81002D1F8FB
S21401090010121B0C090C01F0F00103F4FE430B431B
S214010910C0F303410B432240AB401343124A5363D7
S21401092030BD1249D1F81432D1F81402D1F814129C
S214010930E7E70E49D1F81832D1F8181203F00F0381
S21401094001F0F001E6E7094BD3F81412D3F81402CC
S214010950D3F8143201F4FE4100F00F000143C6E75C
S214010960FFFF00800080FFFF002000400080E00FB6
S21401097070B5082383608E780D4601223146044601
S214010980FFF78EFFEB786A78DB0043EA02636A7C46
S2140109900AB143F00053AA7C0AB143F004032A7C4F
S2140109A00AB143F00203EA7C0AB143F0010316F0F0
S2140109B0800F144A1FD043F0E003A361E36926F0D9
S2140109C0800613401E432B7846EA43466B7D0BB1E7
S2140109D046F48046630103F184432A7DE661DA60CA
S2140109E06B686362AB682362EB68A362E36FD4F85B
S2140109F08030E36870BD43EA4613A361E66916409A
S214010A00E1E700BFF8BFE1FF0E4BB0F5FA4F38BF84
S214010A104FF4FA40984210B5044628BF1C4619B94F
S214010A20094800F057FA0146631E0B44A342B3FB84
S214010A30F4F028BF00F1FF307F2828BF7F20C0B226
S214010A4010BD00BF0024F4004041050070B5CD780C
S214010A5004460E46002D36D129461F48FFF7D4FF1F
S214010A6005460A23A3603278737843EA0263B278B4
S214010A70120402F4FE0213432D02327905F4FE45F8
S214010A802B430AB143F010032268520748BF43F0D4
S214010A900403236075791FF0E7FB23685D4005F0CA
S214010AA0C0055D4025601FF0E3FB23681B0611D5DA
S214010AB00A4800F00FFA0A4B9C420BD1BDE8704081
S214010AC0084800F007BA03681906CAD4064800F0B9
S214010AD001FAC6E770BD00BF0024F400B80032007A
S214010AE00020004000B204004041050008B528B9C6
S214010AF0074800F0EFF9012838BF012000F57420FF
S214010B00044B00F23F20B0FBF3F00138C0B208BD41
S214010B104041050040420F000C4B984205D90C4B52
S214010B20984210D80122012301E000221346094908
S214010B300B640949D1F8003123F0807343EA02635C
S214010B40C1F8003170470222EDE700BF0048E80116
S214010B500090D0030000C84300400E400F4B5B6876
S214010B600F4B30B500221C46C9B21D798D4202D109
S214010B701D6885420DD20132052A03F10803F4D11E
S214010B800321064A536823F0407343EA0163536026
S214010B9030BD04EBC2046179F3E700BF00000E40EC
S214010BA0DC96030038B5074C41F67133256C236497
S214010BB001F064FEADB20021FFF7D0FF0DB10023B6
S214010BC0236438BD00000E40044BDB6B5B0604D487
S214010BD0034AD2F8C830002BFBD1704700300E40D4
S214010BE00000C64308B5FFF7EFFF024B5868C0F395
S214010BF0014008BD00300E40044BD3F84421D20713
S214010C0003D4D3F840211042FBD1704700400E4078
S214010C1038B5064C256C41F671332364ADB2FFF747
S214010C209DFF0DB10023236438BD00BF00000E40B8
S214010C3038B5C0F30323013B092B11D8DFE803F0D5
S214010C40052710102B221D101511154DC0F3043465
S214010C5005F1424505F5801504EBC50080000160ED
S214010C6038BD104DC0F30434F2E70F4DC0F3043421
S214010C704FF48030FFF7C0FFEAE7C0F304340B4DB2
S214010C801020F7E7C0F30434094D0120F2E7094DBF
S214010C90C0F30434DCE7084DC0F30434D8E700BFE2
S214010CA000400E4050410E40F0400E40E8400E40DD
S214010CB0E0400E40C0400E40B0400E40C0F303136B
S214010CC0013B092B2AD8DFE803F0050B0F19292968
S214010CD01F23374B274BD3F80001C0F3042070477E
S214010CE0244BD3F81401F8E7224BD3F80031C3F3B1
S214010CF00063013301209840013870471D4BD3F83B
S214010D000C01C0F3082070471A4BD3F80801F8E726
S214010D10194B984204D0194B984207D000207047CF
S214010D20144BD3F8203103F00F03E3E7114BD3F84C
S214010D302031C3F30113DDE7114B98420CD003F5C4
S214010D40B01303F580539842E8D10A4BD3F8283103
S214010D50C3F301230433CDE7064BD3F82831E8E784
S214010D60084B9842DAD1034BD3F8300100F0030068
S214010D70704700BF00400E408006160080162E0009
S214010D8090171A00A009140000F00F000138072878
S214010D9050D8DFE800F00415244F34384F402B4B71
S214010DA0D3F8943003F00703023B052B06D8DFE89F
S214010DB003F049243F0305430B2070470520704785
S214010DC0224BD3F8800000F0070002283DD004280B
S214010DD036D0012808BF032018BF012070471B4BDF
S214010DE0D3F8843003F00703013B032B03D8DFE875
S214010DF003F0041F25270120704703207047134B7B
S214010E00D3F88800DFE7114B1B6F13F0010F0CBFFF
S214010E100720092070470D4BD3F85C3103F03003EF
S214010E20202B0FD0302B0FD0102B08BF0720D3E775
S214010E3002207047002070470C207047062070473C
S214010E400A207047042070470820704700400E4073
S214010E5008B50146FFF798FF1A4B994211D01A4B75
S214010E60994212D0194B994204D1194BD3F88000FC
S214010E7000F007000138032821D8DFE800F00A0E49
S214010E801612134BD3F88400F2E7114BD3F88800FF
S214010E90EEE7BDE808401FF0BABCBDE8084001F027
S214010EA051BDBDE808401FF0B5BC01F0EBFC084B96
S214010EB0D3F80031C3F300630133D84008BD0020E6
S214010EC0FCE700BF030020000500240002001E000E
S214010ED000400E4000F47813B3F5B01F10B5044679
S214010EE074D025D8B3F5402F5ED010D8B3F5802F37
S214010EF049D005D83BB1B3F5003F4FD0002010BD17
S214010F00B3F5202FFAD1BDE8104001F0BBBCB3F514
S214010F10801F00F08480B3F5A01F4DD0B3F5602F7D
S214010F20ECD14A48FFF730FF072878D00928E9E7CF
S214010F30B3F5381F53D013D8B3F5001F58D00AD8CD
S214010F40B3F5D01F56D0B3F5F01FD7D14048BDE852
S214010F501040FFF77DBFB3F5101FCFD13D48F6E730
S214010F60B3F5481F4DD0B3F5781F65D0B3F5401FD4
S214010F70C4D13948FFF76CFF384BD3F82831C3F397
S214010F800123043320E001F07DFC344BD3F80C310F
S214010F90C3F308230133B0FBF3F0B0E701F072FCB2
S214010FA02E4BD3F80831F3E701F06CFC2B4BD3F84A
S214010FB01431C3F30423EDE72648FFF749FF274B17
S214010FC0D3F8303103F00303D84098E72048FFF701
S214010FD03FFF224BD3F8203103F00F03F4E71C4800
S214010FE0FFF736FF1D4BD3F82031C3F30113EBE7B0
S214010FF01948ACE71848FFF72BFF184BD3F82831F0
S214011000F3E71748FFF7C0FE072808D0082809D0DD
S21401101004287FF473AFBDE8104001F06FBC114B9C
S21401102018686CE701F02EFC0C4BD3F80031C3F3C3
S214011030042303FB000062E701F024FC014620467E
S2140110401FF00DF9B1FBF0F059E700BF06000E00E6
S21401105002001E00050024000300200000400E4090
S214011060B8003200DC0A002010B5FFF79BFD094BE3
S21401107007225A6701F006FCFFF74EFD01F02CFC33
S2140110800446FFF7AFFD01462046BDE81040FFF7D6
S214011090BFBD00BF00400E4008B5FFF775FE022831
S2140110A00ABF024B4FF6FF70188808BDA80D002036
S2140110B0014B1880704700BFA80D0020014B188017
S2140110C0704700BFA60D002010B5042813D8DFE82E
S2140110D000F047032F132100294AC1F30801D2F873
S2140110E06838002BFBD1274A136A23F4FF7323F0D9
S2140110F001030B43136210BD214A01F07F01D2F8B0
S2140111006038002BFBD11F4A136923F07F030B4382
S2140111101361F0E71A4A01F07F01D2F86438002B18
S214011120FBD1184A936923F07F030B439361E2E7EF
S214011130144AD2F89030536A23F0300343F0100378
S2140111405362146B104BC1F3C31003300F2803EA2C
S214011150040328BF0F200B4343EA00731363CAE757
S2140111604F29074A28BF4F21D2F87438002BFBD1EC
S214011170044A936B23F07F030B439363BBE700BFE3
S2140111800020C84300400E4000F8FF0F104A536A83
S21401119013F0300F18D0202913D0302914D000298D
S2140111A00C4B08BF4FF44003D2F8901033EA01010C
S2140111B0FAD15B0246BFD2F8A000C0F3802001201E
S2140111C070474FF40003EFE74FF44003ECE700BF2E
S2140111D000400E40FF33E13F02280AD129B1064BF9
S2140111E04FF48060C3F8A800596612B10220FFF7D9
S2140111F0CDBF0120704700BF00400E400428F8B55F
S21401120048D8304B13F800C02F4B1D5C2F4B33F8DA
S21401121010702F4B33F810402E4B002940D0022877
S21401122039D15C6A14F0300F35D12B4CE46B5C6A13
S214011230E40705D55E6A26F0300646F010065E62C3
S214011240264C244B25441F66AD002B68002BFCD092
S21401125002B36444A4002368002BFCD0022819D1F1
S214011260C1B11C4D696A11F0010116D0012220217D
S214011270FFF7B2FFD5F89C60012200210220FFF79C
S214011280BDFFC6F30A010220FFF71EFF2F66236883
S214011290002BFCD0F8BD0021D2E7FFF777FFE9E786
S2140112A001211C66A940D3F890000842FBD1002A10
S2140112B0F0D00123074903FA0CF3D1F890201A4223
S2140112C0FBD1E7E7D5960300D0960300C696030048
S2140112D0BC96030000400E4000300E408004F21021
S2140112E010B50246B8B901221146FFF787FFFFF78E
S2140112F059FC0F4B04225A6701F0C4FAFFF70CFCA5
S21401130001F0EAFA0446FFF76DFC01462046BDE807
S2140113101040FFF77DBC012807D10146FFF76EFF9D
S214011320FFF740FC024B0322E5E7FFF73BFCE3E750
S21401133000400E4038B501F0E1FA0021044600F005
S21401134029FC1248FFF7E8FB012211460220FFF7AD
S21401135055FFFFF727FC0CB1FFF736FC0C4B0222BA
S2140113605A6701F08FFAFFF7D7FB01F0B5FA054689
S214011370FFF738FC01462846FFF74AFC2CB9204601
S2140113800121BDE8384000F005BC38BD0148E80140
S21401139000400E401C4B70B51C681C4B9C4221D86B
S2140113A01B48FFF7B9FB012211460320FFF726FF72
S2140113B0FFF7F8FB0024174B01265E6701F062FA7F
S2140113C0FFF7AAFB01F088FA0546FFF70BFC01467A
S2140113D02846FFF71DFCB4B931462046BDE87040EB
S2140113E000F0D8BB0021204600F0D4FB0848FFF7E8
S2140113F093FB012211460320FFF700FFFFF7D2FB04
S214011400FFF7E2FBD7E770BDE40A0020002D3101AB
S2140114100148E80100400E40012210B511460320A4
S214011420FFF7ECFEFFF7BEFB084B05225A6701F0FB
S21401143029FAFFF771FB01F04FFA0446FFF7D2FBDA
S21401144001462046BDE81040FFF7E2BB00400E40D3
S214011450112838B52AD1042917D101F04FFA0446CC
S21401146000285ED0002100F095FB6E48FFF754FB84
S2140114700220054601221146FFF7C0FEFFF792FB48
S214011480002C38D0FFF7A0FB35E0052924D1664BA8
S2140114901C68664B9C4246D90021204600F07AFB28
S2140114A06048FFF739FB01250320E3E700F00F0052
S2140114B0013807285DD8DFE800F00F58045C56773E
S2140114C05C825B4C0139092953D8DFE801F050539F
S2140114D05A5252615252526B02390A2949D8DFE8F0
S2140114E001F03824202248484848482E0600FFF7D5
S2140114F059FB002407254F4B5D6701F0EDF90546C2
S21401150001F0C0F9FFF708FBFFF76CFB0146284620
S214011510FFF77EFB6CBB20460121BDE8384000F09A
S21401152039BB0024A1E70024BAE701221146104680
S214011530FFF764FE0024FFF735FB0325DBE70122F6
S21401154011460320FFF75AFE0024FFF72BFB052563
S214011550D1E7012211460020FFF750FE0024FFF7D5
S21401156021FB0425C7E7344CACE7344CAAE700233B
S214011570236038BD012211460020FFF73FFE0223FB
S214011580F6E7012211461046FFF738FE0123EFE782
S21401159001F078F9FFF7C0FA294B0122C3F80826B3
S2140115A00323E5E70423E3E7072904D00929E0D16B
S2140115B0204B012201E01F4B00221A67D9E70139AF
S2140115C00729D6D801A353F821F000BFED15010075
S2140115D07315010073150100111601007315010042
S2140115E073150100031601001F16010000221149A0
S2140115F0D1F85C3123F0300343EA0213C1F85C31C1
S214011600B7E7012211460420FFF7F8FD0122EEE7B5
S214011610012211460220FFF7F1FD0222E7E703222D
S214011620E5E700BF0148E801E40A0020002D31018A
S21401163084400E4000400E4088400E4080400E40E0
S2140116400010C84310B504461120FFF79DFB00218A
S21401165001220220FFF7D2FD184A217C536A23F0AB
S2140116600103022908BF43F001035362144B21789A
S214011670C3F8A014637AA18843EAC123D362136B2B
S214011680A07A217A03F07F630343E08843EAC0230C
S21401169043EAC11303310F2928BF0F2143EA01731F
S2140116A01363A37B617B1B0143EA0133E17B0B439D
S2140116B0217B43EA0143536310BD00BF00400E4047
S2140116C00000C84338B50E4D0E4C01461120FFF7F9
S2140116D05BFBAA6B4B7814400A78144344EAC32494
S2140116E08B7844EA0364CB7844EA0324AB6BA342C9
S2140116F005D0002101220846FFF780FDAC6338BD06
S21401170000400E4080E4FFF8034B5868C0F3080021
S214011710003818BF0120704700ED00E043790A4AFF
S21401172003F03F0353604378C1785B0043EA8103CB
S21401173001780B43017943EA41131360034B827826
S214011740C3F88021704700BF00E0014000003C4222
S2140117500A78CB7810B54C78002A0E4A08BF4FF4A9
S21401176040320CB142F000628C780CB142F08062DB
S21401177002600A791B0443EA02234A791343436051
S2140117808B790361D1F80730C361D1F80B3043621E
S21401179010BD00BF00000310034BD86B80F0400063
S2140117A0C0F38010704700BF00300E4042EA0322AB
S2140117B0B2F5007F10B5194C29D00AD8B2F5807F52
S2140117C022D040F201139A4215D062B9D4F81C32E5
S2140117D00BE0B2F5407F1DD040F201339A4210D0A3
S2140117E0D4F8283201E0D4F82432C3F30722DBB25E
S2140117F003600A6010BDD4F824321A0EC3F30743FF
S214011800F6E7D4F82832F8E7D4F81C32F5E7D4F82E
S2140118102032EAE7D4F82032EFE700BF0081E00F7C
S21401182008B5FFF7B9FF20B1024AD2F8C830002B3D
S214011830FBD108BD0000C64308B5FFF7ADFF80B178
S214011840FFF7EEFF074B19685A68C1F30121C2F38F
S214011850014291421A688CBF42F0100222F0100237
S2140118601A6008BD00300E40064B1B68DB0608D523
S214011870054B1B69C3F30443082B02BF034B044A01
S2140118801A60704700300E4000400E40E40A002007
S214011890C0EA210170B5FFF77FFF38B12D4B1A78EA
S2140118A01023C2F1020293402B4A13612B492C4D9F
S2140118B0D1F8804145F60E03C1F880312B6823F03C
S2140118C0AA03DB05DB0D0B66FFF7AAFF224B1B689D
S2140118D0D80604F0010415D5D1F84031DA01FBD45D
S2140118E0204B1B680B61204B1B78052B0AD11F4B25
S2140118F01E68FFF795FF184B59683046C1F3014142
S214011900FFF786F9184B1B78023B0A2B0AD8DFE84B
S21401191003F00615170909090909091A1D0000200F
S214011920FFF7DEFC2B68DB075EBF0C4B02221A6654
S2140119301CB10A4B0022C3F8802170BD0120EFE7DD
S214011940FFF7F8FCEEE7FFF767FDEBE7FFF78CFB29
S214011950E8E700BF652F002000300E4000400E4033
S214011960B41B0020B01B0020662F0020E40A0020D4
S21401197010B50B4C0B4BD4F890201A601120FFF7D2
S21401198003FA094B1870FFF74BFF084B084A5B68D0
S214011990C3F301431370074B22691A6010BD00BFE1
S2140119A000400E40B41B0020662F002000300E4081
S2140119B0652F0020B01B002038B5054608B1FFF79B
S2140119C0D7FFFFF739FF1A4A136943F0040313617F
S2140119D01EF0F3FD1EF0F2FD164B174AC3F8242441
S2140119E003F559231B68DB0614D51EF03DFC27F0D2
S2140119F0F3FC1EF03DFC1EF0E3FD104C1EF0DFFD77
S214011A0055B1FFF747FFD4F84C3123F00043C4F833
S214011A104C3138BD30BFEEE7FFF726FFD4F84C3126
S214011A2023F00043C4F84C31BDE8384000F054BF01
S214011A3000ED00E000A000400000FFFF00300E4077
S214011A4038B5054608B1FFF793FFFFF7F5FE1F4BC4
S214011A501F4CD3F8802145F60E01D207C3F880113A
S214011A6048BF00224FF42071196648BFC3F8802191
S214011A70184A136943F004031361174B174AC3F856
S214011A8024241EF09AFD2368DB0611D51EF0ECFB1C
S214011A9027F0A2FC1EF0ECFB1EF091FD55B1FFF7FE
S214011AA0F9FED4F84C3123F00043C4F84C3138BD6C
S214011AB030BFF1E7FFF7D8FED4F84C3123F00043EE
S214011AC0C4F84C31BDE8384000F006BF00400E4077
S214011AD000300E4000ED00E000A000400000FFFFD7
S214011AE00E4A0379916921F03F010B43017843EADD
S214011AF08103417843EA4103817843EAC103C1780F
S214011B00012908BF43F0010393611368417923F467
S214011B10403343EA01431360704700BF00300E4074
S214011B202DE9F04104460D46FFF736FE60B3DFF8B7
S214011B306080FFF775FED8F80430C3F301439C427A
S214011B4022D0124BD3F8003100F09CFE022C07463F
S214011B504FF0100609D12146FFF75AF8C8F8106071
S214011B6095B1BDE8F041FFF75BBEC4F102039E40AC
S214011B70C8F810600DB1FFF753FE2CB92146384660
S214011B80BDE8F041FFF744B8BDE8F08100400E40E3
S214011B9000300E4038B505460C46FFF7FDFDB8B1DE
S214011BA045B90C4BD3F8005100F06CFEC5F3042583
S214011BB005FB0005084B1B7821463BB1074B9D42B0
S214011BC004D80220BDE83840FFF7AABF0020F9E795
S214011BD038BD00BF00400E40672F0020002D3101A8
S214011BE0034B02781A7001210020FFF7D3BF00BF14
S214011BF0672F0020174B4AF6E85210B5596B5A6307
S214011C009A6FD407FCD41B6C13F0030306D0124A58
S214011C1001249842C2F8B44A05D110BD18B90E4B3A
S214011C20C3F8B40AF9E70B4B9A6FD207FCD41A6CC7
S214011C3022F0030202431A649A6F12F00102FBD1EA
S214011C400038054C18BF01200129C4F8B40A08BFA2
S214011C505A63E2E700300E400000C6432DE9F04F1C
S214011C6000238BB0CDE90433CDE90633CDE9083343
S214011C70A0F5E163B3F5966F05460191934603D946
S214011C8000200BB0BDE8F08F624BDFF88C81D3F8F3
S214011C901842B0F5E16F15BF4FEA146AC4F3072A7C
S214011CA0C4F30744E4B20694CDF824A0D8F84C60F7
S214011CB0C6F301768CBF01220022334607A904A889
S214011CC015BF4FF4E1674FF496674FF496694FF4EA
S214011CD016790392FFF76AFDD8F8E030039AC3F34A
S214011CE0012308A905A80293FFF760FDA5EB070CE1
S214011CF0AAEB04020CFB02F2B2FBF9F214445445BF
S214011D00079F0498089A0599BAD8A2EB010E0CFB16
S214011D100EFEBEFBF9FE11EB0E012CBF4FF0010EBD
S214011D204FF0000E8A42ABD3BEF1000FA8D13A1A8B
S214011D300CFB02F2B2FBF9F280182CBF0122002242
S214011D4087429DD3002A9BD1029BBBF1000F0FD087
S214011D50D8F85C20B5F5E16722F4FE4218BF0127EA
S214011D6022F0020242EA470242EA0422C8F85C2054
S214011D70019A0AB9012084E7264A022ED2F83022B7
S214011D803ED0032E3FD0012E14BFD2B2C2F307229B
S214011D90120312F4702F7FF473AF1F4EF46E24F407
S214011DA070442243F2661B4A022BD2F830222CD012
S214011DB0032B2DD0012B14BFD2B2C2F3072212037C
S214011DC012F4702F7FF45CAF134CD4F8E03023F498
S214011DD070431343C4F8E030636E884238BF084648
S214011DE023F4FF73E72823F0010328BFE720B5F5A6
S214011DF0E16F18BF43F0010343EA40036366B9E7A6
S214011E00C2F30742C4E7120EC2E7C2F30742D6E79F
S214011E10120ED4E70081E00F00300E402F4B1A6FF0
S214011E20D96C11F0010F02F0060242D0002A40D010
S214011E3013284FD9143813288CBF10230823274999
S214011E40013BCA6C180322F47F4240EA0323134382
S214011E50CB64234BCA6C1B88C2F30322283301329E
S214011E6002EB820003EB5303B3FBF0F3C86C013BB8
S214011E70072B28BF072320F0EE6040EA036343F4F4
S214011E808013CB64174BB3F90030002B10DB2833DB
S214011E90500800EB420203EB5303B3FBF2F30A6D67
S214011EA0072B28BF072322F0700242EA03130B65B3
S214011EB07047D96C01F00101114304D1092809D9F1
S214011EC00A380928B8E7DB6C13F00103B7D01AB952
S214011ED02728B1E70423B2E70023B0E700300E401D
S214011EE09A2C0020962C0020064A074BD3F88039FE
S214011EF0136F23F0070303431367044B1888FFF798
S214011F008DBF00BF00300E400000C643982C002055
S214011F102DE9F041C288B0F808808588B0F90C60D8
S214011F2047784A2A04464FD9B2F5FA7F4ED340F68F
S214011F30C3139A428CBF4FF040524FF000522849CB
S214011F40CB6C23F0405323F00103002EA8BF43F0CF
S214011F5001031343CB64D1F8E03043F44073C1F876
S214011F60E030204B1D80CB6E43F08073CB661E4B5A
S214011F70D3F8800900B10420FFF7B6FF1B4BA3F886
S214011F8000801B4B28461E80FFF748FFA37B03B348
S214011F90012B22D0012260881146FFF75FFE05461D
S214011FA078B10F4AD36B43F48063D3633846FFF7A7
S214011FB021FEA37AA3F12002534253410A4AC2F8F2
S214011FC094372846BDE8F0810022B8E74FF08052EA
S214011FD0B5E7034B074A9A65DCE7014B064AFAE781
S214011FE000300E40982C00200000C6439A2C00209A
S214011FF0962C002077402057372110B700EB400081
S214012000F8B50D461F46040116463AB11548012398
S2140120108B402044C7B100F1C0600360072D4FF02C
S2140120200F0114D8AB00104806FA03F29940204479
S2140120301EF0C7FA3EB90B4A0123AB40224477B1E2
S21401204002F1C0621360F8BD00F18060E5E7A5F11A
S21401205008039B00054806FA03F29940E7E702F1F8
S2140120608062EFE70CA0004004A0004008A00040FA
S214012070064B302202FB0033072992BF5868986846
S21401208008398900C84000F00F00704700A00040E2
S21401209010B5044601214FF4AA40FEF7C9FDB4F875
S2140120A0013022785BBA9BB243EA02630B4A1360A3
S2140120B000231362D36253634FF00043D3664FF09D
S2140120C0FF339366064A4FF40071C2F88011E37835
S2140120D05B01DBB282F80933116010BD00200E40AF
S2140120E000E100E0F8B5254D8F7AD1F800C0C3B203
S2140120F001269E404FF0300ECB7A0EFB00500C4668
S2140121001B05097BAE6643EA0743C0F880C094F816
S2140121100DC0C0F888C043EA415322F00302C0F85C
S2140121208430C0F898201EF0A6F8EB6E3343EB66B9
S214012130237A13B16B6B33436B63637A13B1EB6A28
S2140121403343EB6223792A6823B1DB431B0263F432
S2140121507F431A4063790BB142EA0322A3790BB19C
S21401216022EA0302E3791343044A1360044B9E6296
S214012170D663BDE8F8401EF084B800BF00200E40CC
S21401218000200E44064B984204D1012907D829B9EC
S214012190026170470029FBD0012900D142617047D6
S2140121A000600440064B984204D1012907D829B99A
S2140121B0826170470029FBD0012900D1C2617047B6
S2140121C000600440054B5A685B68054B41F6713266
S2140121D01A649A6822F001029A60704700300E4035
S2140121E000000E40034B9A6822F001029A6000221A
S2140121F01A64704700000E40094A0A4BD969C9079C
S21401220005D512B96FF002007047013AF6E7002AC9
S214012210F8D001221861DA60D86940F3800070476F
S2140122208096980000000E4070B509B9002070BD78
S2140122300E4A0023082550F8234094610C4CD560C3
S2140122400133D669F60705D514B96FF00200EEE73B
S214012250013CF6E7002CF8D0D469A40702D49942D1
S214012260E9D1E3E76FF00100E1E700BF00000E40AF
S214012270809698002DE9F8431C4B0D4641F67131C6
S2140122801E6C19641A49804648684968996841F085
S2140122900101B6B2996097084FF00009B94501D31C
S2140122A0002005E008EB89042046FFF7A5FF48B1AA
S2140122B00E4B9A6822F001029A600EB100221A644F
S2140122C0BDE8F883C4F30A01C1F500618908A7EBEC
S2140122D00903994228BF19462846FFF7A5FF00289B
S2140122E0E6D1894405EB8105D8E700BF00000E4022
S2140122F000300E40234B41F671311A6C10B519644B
S21401230021494C684968996841F0010199600121A9
S2140123101861D960D9694C0792B209D5996821F03C
S214012320010199600AB100221A644FF0FF3010BD16
S2140123300221D9601549D869C00700D569B9D8699D
S21401234010F002000BD0996821F0010199600AB1E2
S21401235000221A646FF00100E9E70139EBE741B9A1
S214012360986820F00100986002B119646FF00200CD
S214012370DDE7996821F0010199600AB90020D6E7E6
S2140123801864FBE700000E4000300E40809698006F
S21401239002F0070242EA035201F4FE41024B1430F6
S2140123A00A4343F82020704700600E40014B01228B
S2140123B09A60704700500E40134B1449F0B5002246
S2140123C05D68134E1046D6F8E8714C680B687F07B7
S2140123D00BD4B3F5006F06D012D8B3F5007F02D048
S2140123E0B3F5806F01D144F480742B4202D02C42A5
S2140123F008BF18430132092A01F10801E3D1F0BDF3
S214012400B3F5803FEEE700BF00500E40049703008F
S2140124100040E00F8B784A789B0143EA82030A78F2
S2140124201343CA7843EA02130A7943EAC2234A7974
S21401243043EA02338A79043043EA42430001014AFF
S2140124401350704700200440014B1860704700BFCE
S21401245000008442437882789B0043EA02130278A4
S2140124601343C27843EA4213027943EA02234279CC
S21401247043EA0233827943EAC233C27943EA02432A
S214012480027A43EA4243014A13607047002004403F
S2140124900D4AD2F8E430D2F8E0109B0003F03C037A
S2140124A0C1F381110B438370D2F8E03003F03F0390
S2140124B04370D2F8E830D2F8EC2003F0F003C2F310
S2140124C0031213430370704700FF0FE0024BD3F86B
S2140124D0F000D3F8F41070470081E00F024BD3F8F8
S2140124E0F80080B2704700BF0081E00F024BD3F8BE
S2140124F0B000C0F3074070470081E00F2DE9F04FB0
S2140125009A46554B85B01B78DDF83C909DF844B053
S214012510DDF8508006460F461546002B00F09680E3
S214012520072A00F295800E9B002B00F09180B9F1EE
S214012530000F00F08D80129BB3F5006F00F38880CA
S214012540012803D1109B002B00F08280434B03EB44
S21401255005131B7B002B7DD0414C102200216846C1
S21401256025F08DFF04EB451410229FBB394620460B
S21401257025F085FF43F210036380BBF1000F03D102
S214012580E37843F00303E370354A0E9BCDF800A0D1
S21401259002EB451CCCE90193129B581E9DF84C306A
S2140125A0690103F00303C0F30A009B0643EA001E19
S2140125B053582C4818404EEA0003012E535017D0AA
S2140125C0B8F1000F2ED19CF8023068F304138CF892
S2140125D0023027E00021204625F051FF4FF44473D6
S2140125E06380BBF1000FCFD1E37843F03003CAE735
S2140125F01323CCF80C309CE80F000CF1100E8EE87B
S2140126000F00DCF81C20109BCCF814306FF003018F
S21401261061F39F02012FCCF81C2003D1CCF818904F
S214012620CCF804300D4A290102EB051342F801806B
S214012630159A5A6000272846224669469F605E73AF
S214012640FFF750FD384605B0BDE8F08F0648FAE7BB
S2140126500648F8E70648F6E7682F0020B81C002071
S214012660B81B00200F80FFF3028000F0018000F00D
S214012670078000F038B5124B1B780546DBB1E0B198
S2140126801DF0F9FD0F4A00231146147B54B92B6047
S2140126901A0101EB031301258C501D731DF0F1FD8A
S2140126A0204638BD0133082B02F11002EDD11DF092
S2140126B0E8FD0548F5E70548F3E70548F1E700BFFB
S2140126C0682F0020B81C0020048000F0028000F073
S2140126D0018000F013B5164B1868019000238DF8A1
S2140126E004301DF0C8FD134B1C7824B11DF0C9FD44
S2140126F0114802B010BD01221A701DF0C2FD0F4B29
S2140127001C731C7783F82C4083F83C4083F84C40BC
S21401271083F85C4083F86C4083F87C4004230DEB1F
S21401272003008DF80730FFF7B3FC2046E1E700BF52
S2140127304C970300682F0020038000F0B81C00208F
S2140127402DE9F041DFF86480D8F86070D8F86C3075
S2140127501F4000D5FEE7134C01260025374218D04E
S2140127602368C8F86860A3B1A16862680131A160F6
S21401277028469847637B012B0BD150B90A4B03EBD4
S21401278045131A7B60F341021A731A7F60F3410204
S2140127901A770135082D4FEA460604F11004DDD1FB
S2140127A0BDE8F081B81C0020B81B002000200E40B8
S2140127B0054A06490346106803448B4294BF1360DA
S2140127C04FF0FF30704700BFE00A002000000120F4
S2140127D00F4BD3F82838A3F17E62A2F58432B2F506
S2140127E0605F10B511D219680A4A91420DD10A4CA0
S2140127F0227812F0FD0F01D0002010BDDB6998474A
S2140128000028FAD101232370F6E74FF48170F4E72C
S2140128100000E10F07B0CD5E692F002008B500F07B
S21401282083F8124B12498B4212D3124B12490020E5
S2140128308B4218D3FAF7DAFE186850F82240586827
S21401284040F82240013298688242F5D30C33EAE719
S2140128500022F8E71C6844F8220001325C68A242B4
S214012860F8D30833E4E70022F8E700BF10D00300EE
S2140128701CD003001CD003001CD003000048704786
S21401288000F04902104AD2F8943003F00703023BE5
S214012890032B13D8DFE803F00C14020E0B4B1B6856
S2140128A0D2F80001C0F304200130B3FBF0F070470A
S2140128B0074BF4E7074B1B685B08F1E7054BEEE7B0
S2140128C04FF40043ECE700BF00400E40EC0A002046
S2140128D0F00A0020E40A002008B5FFF7D3FF054BF5
S2140128E0D3F80831C3F308230133B0FBF3F0024BEE
S2140128F0186008BD00400E40E80A0020014B186829
S214012900704700BFF00A0020054B1860054BD3F84E
S214012910943003F00703022B01D1FFF7DDBF7047A8
S214012920F00A002000400E40044B054A9A60D3F896
S214012930882042F47002C3F88820704700ED00E05A
S21401294000C80000014B1868704700BFEC0A002061
S21401295038B505461DF08FFC0B4A146800235CB1A0
S214012960AC4206D1A96A6BB199621DF08AFC0120BE
S21401297007E02346A46AF2E7002DF3D01DF081FCA0
S214012980204638BD1160F0E7381D002010B504461A
S21401299098B1FBF7DFFF2046FFF7DAFF10B194F896
S2140129A02C300BB9002010BD1DF065FC044A1368DD
S2140129B0013B13601DF065FCF4E72220F3E700BF3E
S2140129C03C1D00202DE9F04385B005469DF830708A
S2140129D0914698460E4609B9002F5CD12846FFF766
S2140129E0D5FF0446002836D185F82C006863FCF72D
S2140129F05FF8864233D9FBF7FBFF2146844640F257
S214012A00E7304FF47A720023E6FB0C0119F05CFD07
S214012A104FF0FF32002319F057FD2B46E88611468A
S214012A20CDE900441D4A28461CF00EFF044690B925
S214012A30C5E9089885F82D702E631DF01CFC184A10
S214012A40136833B31A469B6A002BFBD195620023A9
S214012A50AB621DF016FC204605B0BDE8F08347B119
S214012A60CDE900440D4A2B4631462846FBF7E4FFE4
S214012A70DCE703A93046FBF7C1FF04460028EAD18C
S214012A80CDE90077054A03992B4628461CF0B8FE87
S214012A90CCE71560DBE72124DDE700BFA52A0100AE
S214012AA0381D002091F82C3013B50C4683B98B8E57
S214012AB0CA8E93420ED243B9CDE90033114A0B4672
S214012AC020464FF0FF311CF07FFEA38E0133A38614
S214012AD002B010BD52B191F82D307BB101230093A5
S214012AE0D1E908232046096BFFF76CFF064A01234C
S214012AF084F82C30136801331360E9E70846FBF7C6
S214012B0029FFF3E7A52A01003C1D00202DE9F0412D
S214012B10144E336823B3144F4FF000081DF0ABFB7F
S214012B203C68054624B92846BDE8F0411DF0A9BB1E
S214012B3094F82C3093B1336884F82C80013B3360D1
S214012B4094F82D3013B92046FFF702FF28461DF0F2
S214012B5098FBD4E9083120469847DFE7A46AE1E705
S214012B60BDE8F0813C1D0020381D0020034B1B688A
S214012B70002B14BF04200120704700BF3C1D00201D
S214012B80024B1868B0FA80F0400970473C1D0020DF
S214012B9008B5084B01221A70074B00221A70074B22
S214012BA004221A70064B1F221A70FCF759FA054BBD
S214012BB0186008BD041000206A2F002003100020B2
S214012BC002100020401D002008B5064B834207D1A5
S214012BD0054B1B7823B1C8B20CF0C8F800B1FEE76C
S214012BE008BD00BF441D00206B2F002030B50368D0
S214012BF0354A23F47F4385B023F00703002593422B
S214012C0004460295ADF80C5033D002F5802293426B
S214012C100CD0A2F18272934253D12C4B1B78002B1D
S214012C204FD005B0BDE83040FBF764BDB0F80530C5
S214012C303B2B46D1FF2304A91A4611E903001DF0D8
S214012C40EEFD01280ABF214B41F2FC15187005F074
S214012C50FC0220793B210CF011F900B1FEE71C497A
S214012C60009023791B4A09681B48FFF7ABFE40B367
S214012C70FEE7B0F8053007EE903AB0F80730F8EE08
S214012C80677A0133B7EE047A67EE877A07EE103A71
S214012C90B8EEC77A67EE877AB1EE047A67EE877A7E
S214012CA017EE900A1AF056FC07EE900AFCEEE77A49
S214012CB0074A17EE903AB3F57A7F38BF4FF47A7326
S214012CC0136005B030BD00BFA00006026B2F0020C8
S214012CD0F40A0020C92B0100441D002038B5FEF778
S214012CE029FB0E480E4C0121FDF7A2FF01221146D9
S214012CF00020FEF783FA022501221146C4F880500F
S214012D000020FEF77BFA0122C4F884501146002009
S214012D10FEF774FAC4F88850002038BD30253E000E
S214012D2000400E401D4B07B501225A641A6842F452
S214012D3080721A6001A8FFF7ABFB9DF80530012BE6
S214012D4003D89DF80430022B0DD9154B4FF4187299
S214012D50C3F88C22134AC3F89022134AC3F8F02210
S214012D60124AC3F8F822124AD2F8A43143F4F843BF
S214012D70C2F8A431FCF706FAFCF7A0F9FCF7EEF965
S214012D80FCF7B2F9FFF7AAFF1CF04FFEFFF720FD94
S214012D9003B05DF804EBFCF73FB800BF00000E403F
S214012DA000400E409A6F05001801000400843208A6
S214012DB000300E4082B0734600230B4A0193019BFC
S214012DC093420DDD72B6BFF34F8F0849084BCA68B0
S214012DD002F4E0621343CB60BFF34F8F00BFFDE701
S214012DE0019B01330193EAE73F420F0000ED00E04B
S214012DF00400FA05014B1878704700BF73300020B5
S214012E0070B52E481DF08DFC00F05CFF00F046FF0B
S214012E1000F05EFF044602F0F3FB064600F05EFF9C
S214012E200546002848D0002C46D000F0F1FA10B133
S214012E30204602F023FA284603F08CF9284602F0D1
S214012E40A7FC284601F066F9304602F0CDFB1C4B84
S214012E501B78204603F0FF05EBB101F0D3FF2046B7
S214012E601DF09FFE38B12146032001F0EDFF2146FB
S214012E7000201DF090FE20461DF096FE38B121463A
S214012E80062001F0E1FF214600201DF087FEBDE887
S214012E90704001F0A7BF1DF087FE18B121462846F5
S214012EA01DF07CFE20461DF07FFE28B12146002045
S214012EB0BDE870401DF072BE70BD00BF0024054025
S214012EC0743000200368484A23F47F4323F0070345
S214012ED0934273B5044670D009D8A2F510229342E6
S214012EE02BD002F5A022934258D002B070BD3F4AC3
S214012EF09342FAD100201DF04FFF01201DF04CFF38
S214012F003B4BA2881A803B4A002111701A8841F275
S214012F10130192B28A4203D01A8892B202B11B8878
S214012F20354C022120780BF0F9FE78B92078022181
S214012F300BF008FF0028D8D008E02F4C01F014FA57
S214012F4000F090FE20460BF0AFFE08B1FFF732FF0F
S214012F50207802210BF0E2FE03460028F6D100900D
S214012F60A022207811460BF0B7FE0028EED120787B
S214012F7002210BF0E7FE04460028E7D100F0AEFE82
S214012F800146204600F0BCFF012000F0A7FE0146E6
S214012F90204602B0BDE8704000F0B2BF174B027B7E
S214012FA01A70174B42681A6002899A80154B827A0A
S214012FB01A70104B01221A7097E7857AB0F80560EF
S214012FC000F10B012A46104825F073FA302E07D17E
S214012FD000220D48294602B0BDE8704001F054BAFF
S214012FE0332E82D10122F4E7A0000A00A0000601D8
S214012FF09C2C002074300020051000207330002027
S2140130006C300020723000206C2F00202DE9F04734
S214013010054601F08FFF4A4B4A4C1B68AB4204BF82
S21401302001232370484B1B68AB4202BF474B01226A
S2140130301A70474A237812689502DBB204D52378C2
S214013040002B54D0414B1B78002B50D0DFF83CC1ED
S2140130509CF8002002F0FF03002A48D13D4FDFF81C
S21401306030E1DFF830813C4D394E40F2E639B9683F
S2140130705EF82320B1F57A7F13D9501A00F2F310C7
S21401308048450ED8354810F803A001EB0A1000EBAE
S2140130908A008242A1EB910128BF02468A4238BFCC
S2140130A00A4648F8232045F823203068591C800238
S2140130B048BF01F00103022945F8232007F1140750
S2140130C04FF00103D3D13368204A25499B0244BF00
S2140130D06B68336400232370137001238CF800306F
S2140130E00A681A440A601F4A13801F4A13701F4B4E
S2140130F01F4A1B88122B20D913780133DBB2082B09
S21401310001D8137014E0002313701A4A13780133A0
S21401311003F007031370184AD35C184A82F8263066
S214013120174A82F8263011F03BFC164B02221A7021
S214013130154B01201870BDE8F0870023E1E700BFBA
S2140131409C1D00207D300020981D00207C30002032
S21401315000F00140881B00207C1D0020211000206B
S214013160941D00209E2C00207E300020D0310020AF
S21401317078300020793000205FC60300240B002041
S214013180F80A002017100020753000207B30002040
S2140131908C1D0020841D0020034B01229A605A6D6D
S2140131A09207FCD55869704700F001402DE9F041BF
S2140131B0274B90B001AA064603F108051746186882
S2140131C05968144603C40833AB422246F7D1214D51
S2140131D0186899889B792060A180A3710FCD05ACF2
S2140131E00FC40FCD0FC495E807001B4BDFF87C809A
S2140131F09B5D84E80700194A194CD35C19488DF881
S214013200223000250121ADF814508DF81750FDF736
S2140132100FFDC8F80450636DE36539462046FEF796
S21401322097FA204605A91DF07BF90123C8F804305A
S214013230FFF7B2FF01360C4AC8F8045006F0010643
S21401324042F826005368236410B0BDE8F08100BF41
S2140132506C9E03007C9E030067C60300299E030044
S21401326000F0014000D204007C1D002000003E4218
S21401327070B5064618480D46FDF786FD012804463A
S2140132800BD102460146FDF7B9FF224621462046EC
S214013290FDF7B4FF114BC3F8844001211048FDF738
S2140132A0C7FC0F48FDF716FE4FF47A7370430121F1
S2140132B0B0FBF3F00023B0FBF1F2FE2A04D8D2B241
S2140132C0DBB22A716B7170BD0133072B4FEA4101E6
S2140132D0F1D10022F5E700BF0300200000400E40B8
S2140132E0902730002DE9F043DFF89090194E1A4FE1
S2140132F01A481F23C9F85C30194B87B04FF4806217
S21401330001250224C3F884213570CDE901444FF02C
S2140133100008CDF8108003970095124B124A0068FA
S2140133204FF448111DF051FAD9F800309B020BD525
S214013330CDE90378CDE901440C4800950C4B0D4AC4
S2140133400D4900681DF027FA0023337007B0BDE869
S214013350F08300BF7F3000200D3001009C1D00204F
S21401336000E100E014F001408C1D0020981D0020B3
S2140133707C1D002040F001400100320000F00140B9
S21401338070B51E4B90B001AA03F1080516461868E1
S2140133905968144603C40833AB422246F7D1184D88
S2140133A0186899889B792060A180A3710FCD05AC20
S2140133B00FC40FCD0FC495E8070084E80700114C31
S2140133C031461520FFF754FF0F480121FDF730FC69
S2140133D031462046FEF7BCF905A920461DF0A0F8A7
S2140133E001214FF4AA40FDF723FCFFF77BFF074AB4
S2140133F001235360A36010B070BD00BF6C9E030034
S214013400F80A002000F0014000D2040000003E420D
S21401341013B5234C2378002B3CD001F0D1FD0028B6
S21401342038D1204B20701A786AB901221A7011F02F
S21401343067FA1DF0F2F91DF0F1F91B4B1B4A1C4906
S21401344018681CF0B3FA1B4B1B68312B1A4B05D9B5
S2140134501A490A7812B901220A701A701A78A2B1AA
S214013460174C00221A70174B22689A606268DA615C
S2140134701DF0D3F91DF0D2F923680B48626800925B
S21401348011490A4A00681CF091FA11F05BFA012012
S21401349001F090FD02B0BDE8104001F091BD00BF03
S2140134A07B30002077300020401D00209230002025
S2140134B0969D0300941D00207A300020763000206F
S2140134C08C1D0020881B0020D79D030008B50B4BE0
S2140134D05A6DDA650A4B4FF48062C3F88420BFF355
S2140134E04F8FBFF36F8F0020C3F88421FFF75EFE76
S2140134F0BDE808400120FFF759BE00BF00F00140BB
S21401350000E100E010B5FFF7E5F8044638B90146DA
S2140135100648FFF7AFF806482146FFF7ABF8FFF776
S2140135202FFF044B01221A8010BD00BF9C1D0020F6
S214013530981D0020A02C002013B502238DF8000052
S21401354000200C468DF80130FDF7D0FA00218DF8E9
S21401355002000A48FDF758FA00238DF803000121FE
S21401356007488DF805308DF80440FDF761FB0548E6
S2140135706946FDF76BFA02B010BD00BFC0CF6A0006
S21401358000B20400002000401FB58DF80730FF236D
S21401359000248DF806008DF808108DF809300848CB
S2140135A09DF818308DF8044001A98DF805208DF896
S2140135B00A408DF80B3003941CF0F5FD04B010BDE5
S2140135C00020004007B50023009307220323FFF7DE
S2140135D0DBFF054B01229A60DA68D207FCD4986CAF
S2140135E080B203B05DF804FB002000402DE9F043F3
S2140135F0DFF8CC804FF4004989B006460F46C8F87C
S2140136008090BFF34F8FBFF36F8F01210320FFF729
S21401361093FF00254FF0FF33CDE9033543F6E4125F
S2140136204FF48073CDE90523022429468A2202A895
S2140136308DF80A408DF808508DF809608DF80B70EA
S214013640ADF81C501CF090FD4922012102A81CF087
S2140136508BFD21462A22184C02A81CF085FD482223
S214013660012102A81CF080FD02A92046FDF780F981
S2140136700123009332463B4628468B21FFF784FF01
S214013680E36943F44053E361636963612A462B4669
S2140136904FF460612846FEF77BFE0523A360074BC7
S2140136A02364636C43F003036364C8F88091C8F82D
S2140136B0009009B0BDE8F08300200040000F033FF2
S2140136C000E100E00E4B4FF4006210B5DA660D4AD9
S2140136D0002414630B22DA660821234622460220C0
S2140136E0FEF78CFC234622460A210220FEF786FCC2
S2140136F0234622460921BDE810400220FEF77EBC83
S21401370000A000440080014008B5042201230821DE
S2140137100220FEF773FC012304220A210220FEF791
S2140137206DFC0123042209210220FEF767FC024BEF
S21401373007221A6308BD00BF0080014038B590F823
S214013740635090F86230044600F164012A46B0F8EE
S2140137506000F9F725F925B940F2CF23C4E91933FA
S214013760E366044B626EDA66A26EDA67E26EC3F84F
S2140137708C2038BD0080014008B525480121FDF7A1
S21401378057FA01214FF48A40FDF752FA21480121E8
S214013790FDF74EFA20480121FDF74AFA00230422DC
S2140137A00B210220FEF72AFC01230022062102201B
S2140137B0FEF724FC0123002207210220FEF71EFC4F
S2140137C00023042207210520FEF718FC002304220B
S2140137D006210520FEF712FC002304220321052002
S2140137E0FEF70CFC0D4B4FF4E062C3F888200F2265
S2140137F09A62002102201CF0F3FE094A136E23F0A0
S214013800701343F040131366BDE80840FFF77CBF12
S21401381000A204004041050000350A0000A0004651
S21401382000A0004070B588B01B4C0F22002104A8F0
S21401383024F025FE002503230226184803950121BE
S214013840CDE901558DF812608DF80A30FDF7F0F9D3
S21401385004A920461CF00AFF40F2CF23236201AAE6
S214013860294620464FF4B4751CF034FF01AA2046C1
S214013870E56601211CF02EFFE56701AA31462046C8
S2140138801CF028FF064BC4F88C50636307232363A0
S2140138900123636008B070BD00800140000204008F
S2140138A00D0E0C0010B588B00F22002104A824F0DC
S2140138B0E6FD154A154C1068516802238DF8123042
S2140138C001AB03C39068186001211148FDF7B0F9F8
S2140138D004A920461CF0CAFE40F2CF23236201AAA7
S2140138E0204600211CF0F6FE01AA012120461CF00C
S2140138F0F1FE1DF066FA40F60B3363630323236380
S2140139000123636008B010BDC89E03000084014017
S214013910001204001FB5084B08480122CDE9002318
S21401392040F601430293694600238DF80C301CF0E3
S21401393004FF05B05DF804FB00010100002405400A
S21401394030B51B481B4C85B00221FDF781FD1A4896
S2140139500121FDF76DF919480121FDF769F91848AC
S2140139600121FDF765F9204606220121FEF70AFC32
S214013970204601220021FEF715FC012220461146B1
S214013980FEF710FC0F4B0FCB6D4685E80F0029465E
S21401399020461CF031FEE36A43F00603E3620A4B5D
S2140139A04FF00062C3F880211A6005B030BD00BF39
S2140139B002001E000060044030253E00800616000E
S2140139C000350A00D49E030000E100E007B50D4B68
S2140139D0186900909B8A0C48ADF804300121FDF768
S2140139E027F90A4B01229A61DA6942F00102DA618B
S2140139F0074B02225A606846FDF790FE03B05DF859
S214013A0004FB00BFD49E030000A2040000E00140B6
S214013A1000E100E0014B33F810007047A22C0020B3
S214013A20F0B5524BA9B014AC03F12806224618682B
S214013A305968254603C50833B3422C46F7D12821D9
S214013A4044F220000BF0A4F9494B1EAD044603F1E5
S214013A5028072A46186859682E4603C60833BB420B
S214013A603546F7D12CB9282144F221000BF090F904
S214013A700446404B404F414E414DCDE90437CDE918
S214013A80066534B904AA102144F230000BF080F91F
S214013A9004463C4BCDE90A65CDE9083734B908AA96
S214013AA0102144F231000BF073F90446364BCDE990
S214013AB00E65CDE90C3734B90CAA102144F2320058
S214013AC00BF066F90446314BCDE91265CDE91037A6
S214013AD01CB101F051FA29B0F0BD10AA102144F230
S214013AE033000BF055F9054601F046FA002DF2D1E8
S214013AF001F03EFA1221024644F248000BF048F962
S214013B00CDE9014403940028E5D101AA0C2144F231
S214013B1011000BF03DF90028DDD11D4A382144F291
S214013B2050000BF035F90028D5D11A4A382144F255
S214013B3051000BF02DF90028CDD1174A382144F257
S214013B4052000BF025F90028C5D1144A382144F259
S214013B5053000BF01DF9182300930028BBD16A46C9
S214013B6004214FF480400BF013F9B4E7DAA0030008
S214013B7002A103001000640003FB9EB65BA46A95D5
S214013B802823A406100164001002640010036400D8
S214013B90A3A003006CA0030035A00300FE9F030052
S214013BA010B501F0E5F90849084A83780B700379E6
S214013BB01370074B84791C70C4784C70417951702E
S214013BC0C2795A7010BD00BF2510002023100020B6
S214013BD021100020214BDFED226A03EB0010C38980
S214013BE007EE903A838807EE103AF8EE677AB8EE59
S214013BF0477A27EE277A87EE266ABCEEC66A16EE65
S214013C00103A8380438907EE103AB8EE477A27EEDA
S214013C10277A87EE266ABCEEC66A16EE103A43810C
S214013C20C38807EE103AB8EE477A27EE277A87EE72
S214013C30266ABCEEC66A16EE103AC380038907EE02
S214013C40103AB8EE477A67EE277A87EEA67ABCEE88
S214013C50C77A17EE103A0381704700BFAE2C0020DA
S214013C600080D4440A4A92F89400042808B528BF74
S214013C700020FFF7AFFF92F85001042828BF00206C
S214013C80FFF7A8FF034B00211970034B1A6008BD0C
S214013C90541E002080300020A01D002001289FBF58
S214013CA0054B1870054BBC229DBF00FB0230044B30
S214013CB018600020704700BF80300020541E00208E
S214013CC0A01D0020014B1878704700BF80300020EF
S214013CD0014B1868704700BFA01D002001289DBF3A
S214013CE0024BBC2200FB023000207047541E00200D
S214013CF003460328024898BF00EB0310704700BF35
S214013D00AE2C0020012813D80A4BBC2202FB00333C
S214013D1093F8932082420BD193F8951083F88C1078
S214013D2093F8941083F88B1083F88A20012070474B
S214013D3000207047541E0020012830B524D8134BAC
S214013D40BC2202FB003292F8931081421CD192F8F9
S214013D508C1092F895408C4218BF82F89510BC21C1
S214013D6001FB003201FB003392F88B4092F894502D
S214013D70A54218BF82F8944093F88A20824218BF61
S214013D8083F89320012030BD0020FCE7541E00205C
S214013D9090F88A3073B1094B00221A70084B094A11
S214013DA01A60094B0822C3F8FC20012380F88130F1
S214013DB080F8823090F88100704700BF8030002084
S214013DC0A01D0020541E002000A000462DE9F84F3B
S214013DD01CF0F7FF002001F0C5F8002001F004FCFC
S214013DE0AE2200214148424C24F049FB4148AE2214
S214013DF0002124F044FB4FF00008A1464CF25A7B08
S214013E00454641F2824A64233B4FE3834FF4E17314
S214013E1063870FCF04F16006C4E90355C4E9125560
S214013E20A4F800B06580A580E5802581658184F8C9
S214013E308950E5822583A5826584A584A586E586C5
S214013E402587A4F81AA0A583258484F82E50A4F803
S214013E505050A4F852500FC697E80F0086E80F009E
S214013E6020461CF0B0FE052384F85B30032384F85B
S214013E7080305FFA88F384F88A3084F88B3040F219
S214013E809E7384F8855084F88650A4F85450A4F89C
S214013E90585084F85A50A4F8565084F8875084F83D
S214013EA0885084F88C5084F88E5084F8815084F8B9
S214013EB08250A4F8463084F8835084F8915084F8F0
S214013EC0845084F88F5084F8905001F047F8BC3441
S214013ED044F8800CB8F1000F04D0084BC3F80090EA
S214013EE0BDE8F88F4FF001088DE700BF4A2E00208D
S214013EF0541E00209C2D0020A89E0300A01D00201B
S214013F002DE9F34791F8833091F88A8007460C46ED
S214013F1093B1002384F883300B2F1FD8DFE817F006
S214013F2018001E001800230041001E001E0052004B
S214013F30A400C5001E00E70091F88430002BEBD0EA
S214013F4040461CF029FF94F88330002BE4D0E0E7CC
S214013F5000212346012208461CF047FD84F88070A4
S214013F6002B0BDE8F087002384F85B302146C82004
S214013F701CF0BDFE94F88C3004EB43030321B3F828
S214013F80A0202287E286B3F8AA3063870223E3647F
S214013F900423009301940523012206201CF093FDBF
S214013FA0DCE7584D208B2B88E364F9F731F90321C0
S214013FB0034601940091012209201CF084FD02238E
S214013FC02B80CBE7E66B5048002506EB480384F8C8
S214013FD02E50B3F81890A5864FF0010A84F883A0F6
S214013FE084F891502A46A3F8129049462B46CDF8FC
S214013FF000A01CF0A6FD2A4649462B464348CDF8AC
S21401400000A01CF09EFDB38BF3826423E3834FF480
S2140140106173E36494F88C3006EB4306F08EF9F78F
S2140140207BF806220346A4F8600007210C20CDE9A0
S21401403000541CF048FD9222BC2313FB0823344A8B
S21401404008F580401A44282120300AF0A1FE2046B7
S2140140501CF0B9FD214602201CF051FE00F088FF3D
S214014060038AA4F8583079E7012384F8833094F85A
S2140140709530228F04EB4303B3F8A030934218BF68
S214014080E286E38E94F88C20E364E36B03EB420351
S214014090D88EF9F741F80022A4F860000346009292
S2140140A001940A2207210C2078E7012384F8833043
S2140140B0B4F8963094F88C20E386E364E36B03EB64
S2140140C04203D88EF9F728F800220346A4F86000C8
S2140140D00721009206200A2201941CF0F4FC2146D6
S2140140E002201CF00CFE3C23A4F8543036E70123D2
S2140140F084F883300423009301940523342203219A
S214014100D1E700BFEC0F0020600B0020500B002011
S214014110541E00202DE9F041044690F88A5000F024
S21401412009FF94F880300B2B00F2F080DFE813F0E3
S2140141300C00EE00180025004900EE00EE005800C5
S214014140AA00D500EE00E7001CF03BFE754B1A787E
S2140141500AB901221A7021460320FFF7D1FE3CE07E
S214014160BFF34F8F7049714BCA6802F4E062134384
S214014170CB60BFF34F8F00BFFDE71CF022FE694BFB
S2140141801B7853B3E56C45BB20461CF01CFD238809
S21401419094F88A20A380E36B03EB420228469587B6
S2140141A09A8BDA82A3F8405000F0BEFE21462846DC
S2140141B01CF0C4FD2146022000F04EFF21460420DB
S2140141C0CBE7E36C4BB994F85B3033B92146012059
S2140141D01CF095FD3C23A4F854300120BDE8F08185
S2140141E020461CF049FCE36C1BB9012384F891308E
S2140141F0F3E7E36B05F10C0733F817608DBB00F0AE
S214014200B7FE057A00F0B4FE437A49482A4631469D
S2140142101CF071FCB4F83480054600F0A9FE037A60
S214014220628F43450CD26FF491631E444E2E1DD807
S2140142300235042D1AD894F82E30013384F82E3026
S21401424094F82E30172B14D9E38E3C33E3860023E3
S21401425084F82E3040F2EB439A420AD821460820D1
S2140142607BE73448642316223146D1E7002384F8DD
S2140142702E30E36B33F817309342EFD8204601F027
S214014280B1FBAAE720461CF0F7FBE36C0BBB628F81
S214014290B4F898309A4218D921460920FFF730FE23
S2140142A0E26B94F88A1002EB41020023B2F93C203B
S2140142B0A4F842309A4284F84430C2BF0A2392FBE3
S2140142C0F3F293B2A4F8403087E7012384F89130E3
S2140142D0E6E7204601F086FBE2E720461CF0CCFB31
S2140142E094F88B20144B03EB0213E2881B899A4245
S2140142F07FF67BAFE36C002B3FF477AFBEE7E36C52
S214014300002B7FF46AAF2146072026E723460122C9
S214014310032104201CF069FB03202146FFF7F0FD72
S21401432000205BE78130002000ED00E00400FA0584
S214014330600B0020500B0020AE2C002001280CD86A
S214014340074BBC2202FB003393F89430032B04D8AE
S21401435001EB0311034B585A70470020704700BF0A
S214014360541E0020AE2C00202DE9F34100230193BA
S2140143706A4601AB04214FF480400AF01FFD28B9BC
S214014380019B182B02D1009B042B04D00AF054FD8C
S21401439008B9FFF745FB354D44F2300444F23406C4
S2140143A0204601342B466A461021A4B20AF006FDC7
S2140143B0B44205F11005F3D12D4C2E4F002644F2E0
S2140143C0200823466A46282108EB06000AF0F6FC78
S2140143D080BB009B282B2DD13046FFF793FC0C2188
S2140143E014F8080CFFF7AAFF234B18801B8834F833
S2140143F07A0C9DB217F0CCFC204B002217F05CFE25
S21401440018F012F807EE905A07EE100AF8EE677ADF
S21401441067EE277A17EE900A17F0CCFC184B0022AD
S21401442017F04AFE17F0B8FF164B80B218801B88AB
S21401443024F86E3C3B466A460C2144F211000AF011
S214014440BDFC00F095FD6A460346122144F2480081
S2140144500AF0B4FCBC34FFF7A3FB10F051FA16B116
S21401446002B0BDE8F0810126ABE700BFAE2C00200C
S214014470E61E0020A22C0020FA2E00200000244078
S21401448000005940F82E0020052970B50D46164645
S21401449021D91AB1A1F10803382B1CD803885BBABD
S2140144A01AB2002AD4BF0D4C0D4C22789AB96380FB
S2140144B043885BBAA38083885BBA2A460146E380B9
S2140144C004F1090023F0F5FF002E08BF06250120A0
S2140144D02572207070BD0020FCE700BF9C2D0020D7
S2140144E04A2E00202DE9F04FAC4CB4F804802DED97
S2140144F0028B4FEA183717F0060983B040F04C815B
S21401450008F00F08B8F1010FB4F806A040F03F819B
S214014510AAF12003012B00F23A81A14E07F007070A
S214014520BC257D43AB190E219B885BBAA4F8563097
S2140145307319384633F80C3C5BBAA4F85830A6F128
S214014540180305EB030B5B5B5BBAA4F85A307319CF
S214014550303E33F8043C5BBAA4F85C30FFF7EEFE5D
S214014560354408EE100A688907EE900AF8EE677A75
S21401457017EE900A17F01EFC8A4B002217F072FC09
S214014580F8EE487ACDE9000117EE900A17F012FC12
S21401459002460B46DDE9000117F08EFD17F024FFF9
S2140145A040BAA4F85E00288907EE900AF8EE677A0A
S2140145B017EE900A17F0FEFB7A4B002217F052FC1A
S2140145C0794B002217F078FD17F00EFF40BAA4F8D9
S2140145D06000BBF80630E86B5BBAA4F8623000EB0B
S2140145E047034946DA8E120A84F86420DA8E84F884
S2140145F0652093F93D2084F866209B8F84F8673008
S214014600C08801F013FBEB6B40BAA4F86800188968
S214014610494601F00BFBEB6B40BAA4F86A005889D7
S214014620414601F003FBEB6B40BAA4F86C0093F92A
S214014630412084F86E20B3F8403084F86F30BAF128
S214014640210F40F0A18095F85C3084F87030484620
S21401465095F85D3084F8713010F0F8FA95F85B3013
S21401466084F87200484684F8733010F041FB40BA73
S2140146704946A4F87400484610F0A4FB95F85E304D
S21401468084F8783040BA95F85F30A4F87600404652
S21401469084F8793010F0DAFA95F85A3084F87A000E
S2140146A0404684F87B3010F023FB40BA4946A4F814
S2140146B07C00404610F086FB40BAA4F87E0000F06D
S2140146C057FC837884F8803000F052FCC37884F875
S2140146D0813000F04DFC037984F8823000F048FC0C
S2140146E0437984F8833000F043FC837984F884307E
S2140146F000F03EFCC37984F88530B5F8B4302B4D14
S214014700A4F886302B885BBAA4F888306B885BBA2D
S214014710A4F88A3000F02CFC438984F88C3000F031
S21401472027FC838984F88D3000F022FCC38984F845
S2140147309630AB885BBAA4F88E30EB885BBAA4F8E7
S21401474090302B895BBAA4F892306B895BBAA4F8D7
S21401475094304D224523BC21154884F8492007FB97
S21401476001660022314684F850301CF082FA4A383D
S21401477031461CF03FFA4FF480732380012003B0CA
S214014780BDEC028BBDE8F08F26221E23E3E706234D
S21401479084F84930002323800020F0E79C2D002078
S2140147A0841E00200000594000688040A22C002092
S2140147B0E62D00202DE9F04FBF4CB4F804909DB0D3
S2140147C04FEA193515F00603009340F0FC8209F014
S2140147D00F030193B4F81130DFF818C3B4F813804F
S2140147E0B649E6885BBAACF80030B54BBC2005F09C
S2140147F0070598FA98F815FB00F2A3F8008000FB6D
S2140148000518019898F88C8000F1FF3AC9F3022E3A
S2140148105718BAF1070F00F2D182DFE81AF0080044
S214014820F600CF02EF00CF022F0247024702382ED2
S21401483016D8362E00F2DF80242E40D006D8222E3F
S21401484067D0232E00F09B8006235FE0343E022EC5
S214014850FAD8042384F8503084F851800122CEE03F
S21401486044F230039E4200F0AA8015D844F21103A8
S2140148709E4200F0B28044F220039E42E4D192327E
S2140148800A44904B02F1280152F8040B43F8040B3A
S2140148908A42F9D12E2339E044F248039E42D3D10D
S2140148A000F066FB874B00F1100250F8041B43F83A
S2140148B0041B9042F9D102881A80182326E00523AA
S2140148C084F8503040F20313A4F852304FF40173C9
S2140148D0A4F854307C4A84F8518041F61803A4F8B1
S2140148E056307A49536DB1F88600D2F8FC2101336F
S2140148F04FF6FF7118BF0123884218BF43F0020329
S2140149000AB943F0040384F858300F2384F8493079
S21401491029E000256022294604A8039523F0AFFD6F
S2140149206B4903A823F0B3FD6A4903A823F0AFFD42
S214014930694903A823F0ABFD684903A823F0A7FD46
S21401494003A823F0C4FDC3B284F850305A2803F1FB
S2140149500803024684F8518084F8493004D8604838
S21401496003A923F0A6FD0125534839461CF042F958
S2140149704FF48073238028461DB0BDE8F08F0823CE
S21401498084F8503084F85180FDF7A0FDDFF868C147
S2140149903823C3F12006A3F1200520FA03F201FA19
S2140149A006F6324321FA05F5083B2A4313F1080FB0
S2140149B00CF8012FEDD194F850300833A6E7494B97
S2140149C0404A03EB0E1303F1100153F8040B42F8AF
S2140149D0040B8B42F9D1162398E7434A40490C232E
S2140149E0A4F850301368C4F8523053684B6093688B
S2140149F08B6014238AE70423A4F8503002223B4834
S214014A0039461CF036F90C2380E7303EC9F3031A09
S214014A100B2E3FF619AFDFE816F0360045007100A1
S214014A200C00AD00C200CD000601D800770093004F
S214014A308600BAF1070F0ED1BC2606FB051696F8BE
S214014A408330CBB939465046FFF75AFA338F86F88A
S214014A5080A0F386F8E6BAF1020F0DD14FF480403C
S214014A600AF0D8F900287FF4EFAE214B39461870CA
S214014A705046FFF745FAE7E6BC2303FB0513012280
S214014A8083F89120E0E6BC2303FB05134FEAD932F5
S214014A9019F4004F83F88E203FF4D6AE28461CF05A
S214014AA07BF9D1E63846FFF773F9BC2303FB051300
S214014AB083F88A00C8E600BF4A2E0020541E002054
S214014AC0F82E00209A2E00200040E00F0042E00F52
S214014AD0EA9E0300F79E0300FF9E0300019F03006A
S214014AE09C2E0020AE2C0020A22C0020942E00200C
S214014AF081300020FA2E00209B2E0020BC2303FBD1
S214014B00051383F88BE09FE600F032FAC9F3C0295B
S214014B1080F8019000F02CFA1221024644F2480077
S214014B200AF036F990E61BF078FE1BF077FEA74BED
S214014B30A74918681AF03AFF02201FF0CAFE12E7CA
S214014B40E27B042A7FF48AAEBAF10B0F7FF486AEBD
S214014B50BC2202FB051292F8831000297FF47EAE78
S214014B601B8806219BB24B4350463946D364FFF758
S214014B70C7F973E6E27B042A7FF470AEBC2202FB1F
S214014B80051292F88010083901299BBF19881B88E5
S214014B901B88D1869ABF9BB2D36413875EE6E37BFC
S214014BA0042B7FF45BAEBC2303FB0513BCF800208B
S214014BB05A8753E6E27B042A7FF450AEBC2202FBFE
S214014BC00512BCF800005087DBE7E07B04287FF481
S214014BD015AFBC2000FB051090F8836026B190F855
S214014BE0800009287FF40AAFBC2000FB0510BCF842
S214014BF00060A0F898601E88A0F8966090F8806023
S214014C00092E07D1BCF8006046871E881B88C68619
S214014C109BB2C36405F5804092320A4420302821B5
S214014C200AF0B6F8EAE6E07B04287FF4E7AEBC209B
S214014C3000FB051090F88360002E7FF4DFAEBCF811
S214014C400060B0F84600B6B2B0424FF05E0628BF2C
S214014C50BCF8000006FB058801EB480628BF80B2B9
S214014C60A6F8AA00BC2606FB051601EB48087087C5
S214014C7018881B883087A8F8A030CBE7BC2303FB35
S214014C80051090F88330002B7FF4E8AD5E2303FB1C
S214014C90056301EB430201EB4303B2F8A020B3F82E
S214014CA0AA3080F88C6002874387D7E5DFF830A109
S214014CB04FF0000B062202FB0BF303EB0A003AF857
S214014CC00330B34209D190F80480B8F1040F4ED8EE
S214014CD0DFE808F0094D354047000BF1010BBBF149
S214014CE0220FE8D13FE6BC2303FB05154FF0280948
S214014CF095F88A5003FB051592350122062303FB1E
S214014D000BAA0198BAF802309AF8051007282B4426
S214014D1032D102290CBF1B881B7884F8512002BFB0
S214014D20190ADBB2009184F853300223009984F803
S214014D305030002384F85210A4F8543063E6BC23A4
S214014D4003FB0511234D91F88B304FF0100905EB4D
S214014D500315D2E7204DF3B205EB43054FF00209E8
S214014D60CBE700F005F94FF012090546C5E71A4DE5
S214014D704FF002090022C1E70229A27C1CD1B4F837
S214014D80112052BA1A80300A2A46494640F4804019
S214014D9009F0FEFF30B9B8F1040F03D1FEF700FFAA
S214014DA00FF0AEFD4A460D48294609F1060923F0E3
S214014DB080FB84F84990D6E51A70E4E7062384F868
S214014DC049300025D0E50025D5E500BF401D00206F
S214014DD00A9F0300AE2C0020A22C00209A2E002051
S214014DE0329F0300054B1B780BB1FFF7E3BC044B66
S214014DF01B780BB1FFF776BB704700BF4A2E002029
S214014E009C2D002010B50D4C63785BB1FDF7F2FFC9
S214014E1094F8492004F14A0336210AF047F860B9AC
S214014E2060700AE0064C63781BB190F89130002B55
S214014E30ECD0044C6378002BE8D110BDEE2C00209A
S214014E404A2E00209C2D002070B5194C63780D4623
S214014E500BB1002070BD0029FBD0164AA080B2F924
S214014E6000606680731E1BB2002B138000F00F01DA
S214014E70BCBF47F6FF731380032915D00629E8D176
S214014E8001220D4829461BF0F4FE95F88C200C23D0
S214014E90074884F849302946E2801BF0ABFE4FF400
S214014EA0807323800120D5E731220623F0E700BF77
S214014EB0EE2C00203A0F0020382D002070B5164A3F
S214014EC0164D282144F2200009F062FF144A2821D9
S214014ED044F2210009F05CFF44F2300444F2340647
S214014EE0204601342A461021A4B209F051FFB442EB
S214014EF005F11005F4D100F03BF81221024644F208
S214014F00480009F045FFBDE87040064A0C2144F20E
S214014F10110009F03DBF00BFE61E0020AE2C0020A8
S214014F20A21F0020A22C0020014B1860704700BF72
S214014F30EC1F0020064B07481B684FF47A7103EB01
S214014F408303B3FBF1F201FB1233034917F05CBE96
S214014F50EC1F0020923000202AA103000048704771
S214014F60000C0020014B1870704700BF91300020E4
S214014F7000487047002F00200C4B12221A8044F67E
S214014F804B325A8043F232229A8042F62802DA8065
S214014F9040F216321A8178225A81B4229A81DA8135
S214014FA0A7221A82024B16221A707047002F002081
S214014FB090300020014B1870704700BF8B300020E6
S214014FC0014B1878704700BF8B3000200C280BD897
S214014FD0DFE800F0070B1114170E1A260A0A1D2027
S214014FE02300114B114A1A6070470F4B104AFAE71B
S214014FF00D4B104AF7E70C4B0F4AF4E70A4B0F4AE2
S214015000F1E7094B0E4AEEE7074B0E4AEBE7064B74
S2140150100D4AE8E7044B0D4AE5E7034B0C4AE2E785
S214015020014B0C4ADFE700BF4C0C002035A1030002
S21401503040A1030049A1030057A103005DA103009D
S21401504068A1030072A103007AA1030082A10300F4
S2140150508AA1030092A1030073B505460C46FFF72B
S21401506069FF94F85B30062B70D8DFE803F0086F11
S2140150700C25420A5600062384F85B30EFE7544BB2
S2140150801B6802B070BD05F12C0304EB430300223C
S2140150905A7194F88330002BEDD13DB1012DF0D13A
S2140150A094F88C3084F88D300423E5E794F88C303E
S2140150B084F88D300323DFE7464E737893B935B90C
S2140150C0012384F8623094F88D30A4F8603001949E
S2140150D094F862300093B4F86030012203210C206A
S2140150E01BF0F1FC7089214602B0BDE870401BF050
S2140150F0FEBD384D6B786BB9012294F88D3084F87B
S2140151006220A4F86030CDE90024032211460C2069
S2140151101BF0D9FCA8892146E6E72E4D6B7893B99A
S21401512094F88C20E36B03EB4203D88EF7F7F4FF79
S21401513004230322A4F8600011460093019405237A
S2140151400C201BF0C0FCE8892146CDE794F88C20A2
S214015150E36B03EB4203D88EF7F7DEFF94F880206B
S214015160A4F86000073A0346042A2AD8DFE802F0CA
S21401517003161B2922000022009201940622072111
S2140151800C201BF0A0FC20461BF01DFD94F85B30A4
S214015190072B1CBF072384F85B3072E700220092BE
S2140151A001940A22EBE70022009201940A220721C9
S2140151B00620E6E704230093019405233422032105
S2140151C0F6E700212346012208461BF00EFCDAE72B
S2140151D0EC1F0020002F002038B50C460546FFF7CF
S2140151E0A9FE94F85B30023B042B35D8DFE803F0C8
S2140151F03F03173435007DBB94F88D30032B9CBFDD
S2140152000133DDB21C4B84F88D505B780BB9A4F8E2
S214015210605021460020BDE83840FFF71DBF012D34
S2140152201AD82C3504EB450500236B713C23A4F8F2
S2140152305430114B5B7863B994F88D0021461BF00E
S21401524099FC21460720FEF75BFE94F85B30072B9E
S21401525002D0072384F85B3038BD3C23A4F85430D1
S214015260054B5B78002BF4D121460320EBE794F83D
S2140152708330002BF0D0F7E7002F00202DE9F8430C
S214015280AB4B1A7804465AB100221A70A94B1A7011
S214015290B0F8583033B1013BA0F8583080F886207A
S2140152A0BDE8F88390F883306BB390F85B30022B3F
S2140152B014BF02232D23A04A1370FFF73BFE94F878
S2140152C05B00FFF783FE0FF02BFC94F883509DB331
S2140152D010B39A4B1A7882F001021A701A7894F871
S2140152E05A3092B9772B19D9954A012313700022A7
S2140152F084F85A2084F8852094F85B209A42CFD00F
S21401530084F85B30CCE70223D5E7FF2BECD00133E2
S214015310DBB284F85A30E5E784F85A0094F85B303B
S214015320072B2FD10FF0FCFB0028B9D194F85B3086
S214015330022BB5D00223E3E784F85A500028EDD0BB
S21401534028460FF083FC0028E8D001200FF07EFCF1
S2140153500028E3D07B4A138801339BB2B3F5A67FBE
S2140153601380DBD9158009F067FDBFF34F8F7649AF
S214015370764BCA6802F4E0621343CB60BFF34F8FEB
S21401538000BFFDE794F886304BB3B4F854301BB138
S214015390013BA4F8543083E794F883306C4D5BB13D
S2140153A00FF0BEFB40B16B4A2B88128892B2934233
S2140153B002D201332B8073E70023614A2B8084F8E5
S2140153C086300123137094F85B20022A07D09A4294
S2140153D018BF84F85B3021460220FFF73DFE2046C9
S2140153E01BF09CFCDFF878915B4F2646002585F084
S2140153F001000FF041FC003818BF01205FFA85F864
S21401540089F8000040460FF037FC94F888300038E1
S21401541018BF0120387013B3002304EB450584F848
S214015420883085F85D3095F85C3013B994F885308E
S2140154307BB194F8833063B994F85B30012B1CBFC1
S214015440012384F85B3021460220BDE8F843FFF7CC
S21401545003BE21464046BDE8F8431BF076BC94F8EF
S2140154605B20C2B194F88530002B55D194F8833077
S214015470A3B93B78ABB199F8003093B996F85C3094
S2140154807BB996F85D30FBB1012384F8853021465F
S2140154904046FFF7A1FE002D38D01EE03B78002BDA
S2140154A0ECD13B7803F0FF02002BF4D196F85C3088
S2140154B0002BF0D0B4F8563086F85C20002BEAD0EA
S2140154C0012386F85D30E6E7CDB1032A0AD084F8D9
S2140154D05E5021462846FFF7BFFD204B94F88320F7
S2140154E01A70DDE694F85D209AB184F85D300423E5
S2140154F084F85E5084F85B3021462846A5E70123F0
S21401550086F85C3021464046FFF7A6FD02360125A7
S2140155106DE786F85C50DCE73B78002BBBD199F849
S214015520003003F0FF02002BB5D184F88520B2E7E6
S2140155308B3000208D300020FF0F002088300020A7
S2140155407A300020FE2E002000ED00E00400FA056F
S214015550FC2E0020F00F00208A300020D2300020E0
S214015560893000201B4B10B51C6A9C62A20710D51F
S214015570FEF7A8FB000100F1804000F5C2300023D1
S214015580C366154B1A68154BDAB902221A70FEF774
S21401559099F8630714D5124A1368013313600D4B4B
S2140155A09C62104B4FF48062C3F88420BFF34F8F88
S2140155B0BFF36F8F5A60084B1A683AB905221A6012
S2140155C010BD1A78002AE2D10122DFE71A68013AF3
S2140155D0F5E700BF00600440CC1F00208D3000209E
S2140155E0EC1F002000E100E0034B00221A70034B81
S2140155F0197801B11A707047843000208530002078
S214015600014B1878704700BF84300020034A0123FD
S2140156109361034A1370034A1370704700E0014018
S214015620863000208730002004281FD8DFE800F0ED
S21401563003090F142000CB6CC3B1013BCB640120DE
S2140156407047114A13888BB1013B1380F7E78B6CC7
S21401565063B1013B8B64F2E7B1F850301BB1013BFB
S214015660A1F85030EBE70123A1F850300020704735
S214015670B1F852301BB1013BA1F85230DFE70523E8
S214015680A1F85230F2E700BF000C0020114B0231A6
S21401569033F81130834206D892F890309BB9012333
S2140156A082F88F3007E00C4B33F8113083420AD969
S2140156B092F890303BB9012382F890300523D383CA
S2140156C00A2393647047002382F88F3082F8903063
S2140156D0F7E700BFE20F0020D80F002073B5254C76
S2140156E0254E636CA26B1340336033689A071CD552
S2140156F001A920461AF0ADFD204D01A928602046DB
S2140157001AF0A7FD01A9286120461AF0A2FD01A9F9
S214015710A86020461AF09DFD0223E8602364D4F8B1
S214015720903043F00103C4F890303368DB071CD592
S214015730104B124A996C5160D3F88C2042F001024A
S214015740C3F88C200E4A1A64FEF7C2FA04461BF010
S21401575059F9FDF7D9FF94F87C204FF4006332B174
S214015760084AD366084B01221A7002B070BD074A78
S214015770F7E700BF00200040E41F0020D01F0020F4
S214015780000F033F00A000468330002000A0004425
S214015790F8B5624B90F880101B7809290CBFB0F859
S2140157A09820428F044603F0FF065BB990F88A50B2
S2140157B0C38B90F8890030B12D0105F1804505F5C0
S2140157C0C235EE66F8BD94F89160E6B12B0103F19F
S2140157D0804303F5C2330739022984F89100D8665D
S2140157E00BD82846FEF7A8FA38B105F5804004F133
S2140157F092022821203009F0CBFA21460320BDE889
S214015800F840FEF77DBB94F85B000628DAD04448E2
S2140158100778002FD6D0067094F89000002875D12E
S21401582007290ED16188628B914205D240F2A132DE
S21401583093426DD8043302E0022B4AD9023B9BB255
S21401584047E00839012944D8B4F89E10B4F84060FE
S21401585034480A4492B205F10C07911B022B30F82A
S214015860170089B210D9B4F802C0678BBC4501D2C3
S214015870814211D8012284F84420B4F842208242A1
S21401588038BFA4F84200D9E70539884243DA94F8CC
S214015890441039B93233D2E7053988423BDA94F8F5
S2140158A0441079B1002184F84410B4F842109142B2
S2140158B023D9891AC1F34E013144A4F840100022BD
S2140158C0A4F8422040F2A1329342E3D9B3F5747FA3
S2140158D0B0D3226BE38340F2E73101FB02324FF48F
S2140158E07A71B2FBF1F222630F4AD06902EB05121C
S2140158F04343B3FBF1F3D36664E70A3A9142DEDA37
S214015900022E84BFB21EA4F84020D8E70523E0E7A4
S2140159104FF47573DDE70023DBE700BF8D30002011
S2140159208C300020000C00200084014010B5E021DE
S21401593004460320FDF746FE4FF4FA734343C3F3D0
S2140159408F33034AA342538034BF0020012010BD89
S214015950000C002038B52DED028B0B4608EE900AA0
S2140159600E2193F88A00FEF7E9FCF8EE687A08EE55
S214015970100A17EE900A16F01DFA0C4B002216F0CC
S21401598071FAF8EE487A044617EE900A0D4616F0BC
S21401599011FA02460B462046294616F08DFB16F0F4
S2140159A023FDBDEC028B80B238BD00BF000059401C
S2140159B007EE900AF8EE677A08B517EE900A16F029
S2140159C0F9F9064B002216F04DFA054B002216F0A7
S2140159D073FB16F009FD80B208BD00BF00005940F8
S2140159E00068804070B590F8842090F88A300446AC
S2140159F01AB3002B14BF07250625012680F88360FD
S214015A0029460220FCF734FB94F88E308BB9A0B9F6
S214015A100A4BE28BD9694A434FF47A71B2FBF1F231
S214015A20DA663346082229460220BDE87040FCF7B4
S214015A30E5BA10B133460022F5E770BD0084014097
S214015A4070B52DED028B054690F88A60408900B945
S214015A50E8882946FFF77EFFB5F89C3008EE103A35
S214015A6016F096F9314B002216F026FB16F0DCFCF8
S214015A70B8EE488A07EE900AC8EE277A17EE900A23
S214015A8016F098F92A4B002216F0ECF916F0ACFC49
S214015A90022184B23046FEF751FC844228BF0446F8
S214015AA095F88B00FEF724F9C68895F88B00FEF76B
S214015AB01FF9EA884389B242A4B21FD89A4233D961
S214015AC007EE903A6B89B8EE677A06EE903A07EEE3
S214015AD0906AF8EE666AF8EE677A76EEC76A77EE4F
S214015AE0C77A86EEA77A07EE904AF8EE677A67EEEF
S214015AF0277AFCEEE77A17EE903A9CB207EE904AC8
S214015B00F8EE677A17EE900A16F054F9094B002260
S214015B1016F0A8F916F068FC074BBDEC028B80B2B4
S214015B201880188880B270BD0024E7E7000059404D
S214015B300000244000404A40122F0020F8B590F89B
S214015B408A70384E022F044628BF0027FFF778FFD9
S214015B50608396F848C0002340F26B7E183687B102
S214015B60BCF1060F56D9D9B2022936F813200DD149
S214015B7040F213518A420BD940F214514FF4AF65EB
S214015B802BE0D9B2022936F8132006D0724520D868
S214015B90A28B82423DD8002234E0BCF1010FF5D041
S214015BA040F213518A42E7D8A28B824203F10103E5
S214015BB034D9A083032BE4D141F28243984288BFB3
S214015BC06383638BA28B9A429ABF9B1A6383A383D8
S214015BD0F8BD40F26C714FF4FA65954214D9511A2A
S214015BE007EE901ADFED106AF8EEE77A87EEA67AEE
S214015BF007EE900AF8EE677A67EE277AFCEEE77A08
S214015C0017EE902AA28305E0A18B814201D8954226
S214015C10C1D2A0830133032BA1D1CDE70022A283F9
S214015C20C8E700BF000C00200000C84210B50029DC
S214015C3043D14FF2F553984228BF184640F66163A8
S214015C40984238BF1846374B1C4633F8022B82421F
S214015C5002D81A88824203D80131C9B22229F4D166
S214015C604B1C34F8112034F81330801A9B1A07EEB7
S214015C70103A07EE900AB8EEC77AF8EEE77AC7EE62
S214015C80876A07EE901AF8EE677A76EEA77A17EE2D
S214015C90900A16F08FF8244B002216F0E3F8234BF7
S214015CA0002215F029FF16F0BFFB07EE900AFCEE66
S214015CB0E77A17EE903A98B210BD4FF21933984230
S214015CC028BF18461A4A42F2B803984238BF184607
S214015CD01446002332F8021B814202D81188814201
S214015CE003D80133DBB21C2BF4D15A1C34F8131041
S214015CF034F81220401A521A07EE102A07EE900ABC
S214015D00F8EEC76AF8EEE77A87EEA67A07EE903ADB
S214015D10F8EE677A77EE277A9FED067A67EE877A4E
S214015D20C5E700BF780F002000C082400000794020
S214015D303C0F00200000FA43012A38B52ED8184D32
S214015D40184B2C7804EB8102012923F8120033F852
S214015D50310003EBC1035A8810449A88DB88024459
S214015D60134407EE903AFAEECF7AFCEEE77A17EE96
S214015D70903A98B20C4B03EB4103D88004D8BDE8A7
S214015D8038400021FFF752BF0121FFF74FFF631C88
S214015D90DBB2042B28BF00232B7038BD0020FCE7A4
S214015DA082300020C00F0020000C0020024B002192
S214015DB0D888FFF73BBF00BF000C0020F8B58E88DF
S214015DC091F88A7005460C4602208A2126B9FDF70D
S214015DD0F9FBA0800020F8BDFDF7F4FB2E4140FA48
S214015DE005F5F6B2EDB2AE42A080F3D1E080208098
S214015DF049210220FDF7E6FB114D2A21E880022009
S214015E00FDF7E0FB482128810220FDF7DBFB6881D6
S214015E103846FFF7CBFF0C370A23B0FBF3F025F823
S214015E201700F7F7C1F900230246A880A188A386C8
S214015E302046F7F745FAE08220830120CBE700BF32
S214015E40000C00202DE9F843664B2DED028B002255
S214015E500446A3F10A01154633F8020F90B1D1EDBD
S214015E60007ADE885E82F8EE676A07EE900AF8EE40
S214015E70677A86EEA77ABCEEC77A17EE100AD88044
S214015E800D601D800132D2B2032A01F10401E3D173
S214015E9094F88A30544803F10C0230F81280534AC1
S214015EA01788BFB2012F2ED9122F28BF12275049AB
S214015EB0DFF850C1CD5C12225A43154400EB430E65
S214015EC05CF8255011F80390BEF83660BEF936E04E
S214015ED04A44761B4CF822E0CA5C0132B2FBF7FC5E
S214015EE007FB1C22D2B2CA541C3300EB430594F8BC
S214015EF0833036B2AE801BB194F88030092B04D1C2
S214015F000023A38534E00627D1E7214660899FED6B
S214015F10398AFFF71FFD07EE900AF8EE677A2089A7
S214015F20C7EE888AFFF744FD94F88030072B07EE0A
S214015F30900AF8EE677AD4ED136A9FED2F6A87EE22
S214015F40887AF5EE005A27EE287A15D1A38EBB4241
S214015F5012D2F8EE666A27EE257A66EE876AC6EEF4
S214015F60867AFCEEE77A17EE903AA3850023AB809B
S214015F70BDEC028BBDE8F883638FA3EB08031BB26D
S214015F80002B2CDD96FBF7F607EE906AF8EEE77A23
S214015F90DFED1A4A87EE885A07EE903AB4EEE45AD5
S214015FA0F1EE10FAF8EEE77AC3BFB2EE044AC7EE96
S214015FB0844AC7EE057AB2EE0E5ACCBF64EEA77AD3
S214015FC067EE857A27EE257AF8EE666A46EE877AD8
S214015FD087EE867ABCEEC77A17EE103A91E7DFEDC8
S214015FE0087AEFE72E0C0020000C0020EE0F0020B0
S214015FF08E3000200000C842000004420AD7233C2D
S21401600000000000700B0020F8B504460220FDF7E2
S21401601001FD20B10220FDF7FDFC4A4B188003204C
S214016020FDF7F8FC20B10320FDF7F4FC464B188081
S2140160300420FDF7EFFC20B10420FDF7EBFC434BF9
S214016040188094F8833033B194F880300B2B1EBF40
S214016050A38E0133A386A38A002B72D007EE903A53
S214016060B8EE677AD4ED037AF8EE676A0025C6EED5
S214016070877AA582FCEEE77A17EE903AD4ED047A99
S2140160806381F8EE676AC4E90355C6EE877AFCEECB
S214016090E77A17EE903A98B207EE900AF8EE677A2A
S2140160A0208117EE900A15F085FE294B002216F086
S2140160B003F80646A06A0F4615F07CFE02460B461C
S2140160C03046394615F018FD16F0AEF907EE900A7F
S2140160D0B7EE007AF4EEC77AF1EE10FAA0620FDBA3
S2140160E0BCEEE77AA28C17EE103AB8EE477A9A42DF
S2140160F077EEC77A84BFD21A95B2A584C4ED0A7A20
S21401610094F88A000C21FEF719F9E38A07EE903A13
S214016110A38C07EE103A06EE900AB8EE477AF8EE30
S214016120677AF8EE666A67EE877A204687EEA67A81
S214016130BCEEC77A17EE103A2383BDE8F840FFF7A6
S21401614081BEF8BDF20F0020F00F0020EE0F0020F8
S214016150006880402DE9F74FB74B90F88A601A78AF
S2140161600446002A00F0F08004214FF00009304672
S21401617083F80090FEF7E2F8B04BDFF8FC82188057
S2140161800A213046FEF7DAF8AD4B1880012384F871
S2140161908430AC4BAC491FFA89F21A801A8892B245
S2140161A031F82220A8F800201A8892B2002A00F0BE
S2140161B09780012A00F013811A88DFF8C0A292B2F4
S2140161C0012A88BF1D88B8F80020B8F8000086BFED
S2140161D0023DADB200250AEB450329469A8180B2FD
S2140161E03246FFF7A9FD07EE900AF8EE677A834676
S2140161F0074617EE900A15F0DDFD944B002215F0C8
S2140162005BFF16F0F1F8012D83B201933FD8B4F885
S214016210B6700A2317FB03B794F88330ABB3226B2F
S214016220002A00F0FD808A48B4F89E30018889B2C1
S21401623099420AEB450138BF0388B1F93C1038BFD3
S2140162409BB2002940F3E98007EE901ADFED816AE0
S214016250F8EEE77A87EEA67AF7EE007AB4EE677A7A
S214016260F1EE10FAC8BFB0EE677A53434FF47A7274
S214016270B3FBF2F307EE903AF8EEE77A67EE877A29
S214016280FCEEE77A17EE903A9BB2FF1ABFB205F121
S2140162900C0B0AEB4B0307EE907ADF8005F108033F
S2140162A00AEB8303F8EE677A5A683A445A6005F1B6
S2140162B0180217EE900A3AF8123001332AF8123013
S2140162C015F078FD614B002215F0F6FE16F08CF8FD
S2140162D022462AF81B0029460198FFF7D7F90FE056
S2140162E0B8F8002019885548228089B2B8F80020ED
S2140162F030F8111092B291425AD230461AF04CFD43
S21401630009F10109B9F1050F7FF443AF62882369EA
S214016310514D134423612288E3681344E360A38A42
S2140163200133A3824D4B1A7832B12EB91E70204626
S21401633001232B701AF023FD2B782BB12046FFF793
S21401634063FE2046FFF7FAFB454D2B78022B69D1F9
S214016350E38BDFED446A07EE103AB8EE477A424B1C
S214016360C7EE267A93ED007A77EE877AB6EE007A54
S214016370F4EEC77AF1EE10FAA2BFB7EE007A77EE26
S214016380C77A4FF47A72C3ED007A4FEA061303F127
S214016390804303F5C233B8BF0022DA66FCF7A2FFDA
S2140163A0324A012393602B70304603B0BDE8F08F6C
S2140163B01A882349B8F8003092B29BB231F81220FD
S2140163C09A429DD930461AF0E7FCA3880F2B01D9D3
S2140163D0FEF774FD21460320FDF792FD90E7B8F81D
S2140163E0002062801A881549B8F8003092B29BB234
S2140163F031F812209A420ED894F88930022B03D82D
S214016400013384F889307BE730461AF0C5FC214613
S2140164100320FDF775FD0023F3E79FED157A24E7CA
S214016420134632E72B78012BDAB201BF00232B701B
S214016430104B1A70B8E700BF83300020E20F00202F
S214016440D80F0020142F0020D01F00200000244069
S214016450F20F0020000048428530002087300020DF
S2140164608D30002000007A44E81F002000F0014033
S214016470000000008C300020162F0020000C0020A9
S2140164807FB503681C4A23F47F4323F00703934236
S2140164902ED11A4B05220021182008F0D9FC00B194
S2140164A0FEE70DF1070102A808F016FD014600B14E
S2140164B0FEE7BDF80C305BBAADF810309DF80B3036
S2140164C08DF81230FF238DF81330FE238DF814302B
S2140164D09DF80A308DF81530BDF808305BBAADF876
S2140164E01630082204AB1B2008F0B2FC00B1FEE710
S2140164F007B05DF804FB00BFA0000100A8A10300DF
S214016500F7B51646174A05460C46106851686B469D
S21401651003C395F82A3008336B4413F8087CAB8D17
S214016520DA0609D433462246394628461AF08AFC4A
S21401653000F5FA7003B0F0BD204622F0F8FBAB8DF3
S21401654000F10A049B074FEAC40405D0304622F046
S214016550EEFB04F50C740444781EE823584304FB50
S2140165600700E5E7AEA10300174B10B51C689022A3
S21401657002FB00440021204621F081FF134B1B68DB
S214016580DB78637604F1080000211BF00DFD4FF463
S2140165900063E3842385072384F82A301323A38525
S2140165A0236AFF2243F0130384F82420236284F82D
S2140165B05420074B074A2046C4E91C32C4E920325E
S2140165C0BDE810401AF069BCF01F0020C42100206D
S2140165D0D6BE898E55555500F0B5104B1E6893F8FA
S2140165E004C0024635464FF0FF3400239C4508DCC4
S2140165F091B1631C10D0902303FB046080F8242023
S214016600F0BD95F8247097422846F9D0FF2F08BFB1
S2140166101C4690350133E9E70020F1E7F01F002022
S21401662070B5244D0446002842D0083001F030FDF4
S2140166300026FF2384F8243004F14000E66122F0AE
S214016640F1FA04F1440022F0EDFA04F1480022F0D8
S214016650E9FA04F14C0022F0E5FA04F1500022F0C8
S214016660E1FA2868144B201A00115843C0B21AF0F8
S214016670E0FB014630461AF0D7FBE06E10B100F0A1
S21401668039FEE666606E18B11AF0E6FB0023636613
S214016690A06E1AF0DDFB0023A36670BD286806FB1A
S2140166A00400FFF7BDFF01342B79A342F6DCF4E7C3
S2140166B09026F9E7F01F0020398EE338F7B5044637
S2140166C01DF004F9C0F30F23542B3ED9AA2B34BF77
S2140166D001230223C0B27E288CBF0222012203219D
S2140166E08DF804301344B3FBF1F000EB40001B1AA5
S2140166F08DF805301344B3FBF1F202EB42029B1A0C
S21401670013498DF8063000234B7501AF18461D4618
S2140167101A4617F8016B44FA06FC1CF0010F06D066
S21401672053009E4030430132C0B2D2B2012301353C
S214016730EDB2032DEDD103B148754B7D43EA8213CB
S2140167404B75FF230B7503B0F0BD0023C2E700BFF6
S214016750F01F0020064B1B68D97ADA78437E5B1A55
S2140167609342A8BFDAB2427600211AF0D2BB00BF2C
S214016770C4210020B0F862302BB9836813F4601F7F
S21401678008BFA0F8623011B1012911D070474369E2
S214016790417E23F010034361064B1A68D37A927840
S2140167A00B449342D8BFDAB2427601211AF0B1BB4C
S2140167B0FFF7D0BFC42100202DE9F041344E8AB046
S2140167C000253379AB4203DC01200AB0BDE8F08135
S2140167D03468902303FB054494F82430FF2B0DD036
S2140167E0236A980106D504F15008404622F097FA2C
S2140167F0074628B9226A12F0A06F1ED10135E0E7DC
S214016800BB790C333B4408A99A7AD8681B8AADF841
S2140168102430C2F3801200238DF81F2008901A46F8
S2140168200DF11F001AF01FFB9DF81F2094F824108D
S21401683008AB38461BF049FCD7E7A38D1D2B18D1B2
S2140168403C23FF210020CDE90431CDE90200CDE94A
S214016850000004F12E03C2F3802201211BF010FF79
S2140168600028B2D04FF0A06104F120001AF0BAFA65
S214016870C4E712F0807F94F8393094F824004FF082
S21401688000020CBF3C2143211BF0A0FDE8E700BF3E
S214016890F01F00202DE9F0411F46C36904460D464E
S2140168A016468BB169B919F0E6FC29460646A06E74
S2140168B01AF0CAFA204629461AF014FB304619F097
S2140168C0E0FC0020BDE8F0810029FAD0036A03F05D
S2140168D01203022B00F0BA80236ADD0700F1BE80A6
S2140168E094F82430FE2B0CD104F1550001F0F0FE93
S2140168F001F0E6FE28B14FF4800104F120001AF001
S21401690069FA256A614B2B40B3F5807F00F0B980A8
S214016910A8052FD5C5F3802504F12E08002241468F
S21401692028461AF0A6FA002184F854001AF0B2FAA2
S2140169304146002228461AF0A1FAA18D20B194F909
S2140169405400002880F296804FF4007104F1200074
S2140169501AF048FAA28D02F00302012A0AD1414632
S21401696028461AF08BFA28B14FF4006104F1200092
S2140169701AF030FA236AD90600F18180D4E91012A0
S2140169802046FFF7BDFD012F0ED0E28C40F27123A9
S2140169905A43904208D9228D5A43904273D800F543
S2140169A01C70B0FBF3F0E084394BE361002384F8FC
S2140169B03930236AB4F86250E16884F8387023F4F9
S2140169C08032226221613DB913F0100F0CBFC82539
S2140169D03C25257605F2B3154EB1238D40F2712183
S2140169E0C3EB06134B4342F48032E3632262236A0D
S2140169F043F400232362274B1B68DB78637619F088
S214016A003AFC636943F010030746636104F108002A
S214016A1029461BF0C9FA012003F0ACFB28B96369CB
S214016A201A075CBF43F00403636126B11CF08AFFBA
S214016A30E36B0344E363204603F0A6FB384619F0F4
S214016A4020FCA06E01211AF0FFF93AE7406C22F013
S214016A506EF900287FF440AF0C2033E7E36E002B7D
S214016A607FF43EAF00F0F0FBE06600287FF438AF1D
S214016A70092027E701F001011AF00CFA6AE7064B34
S214016A8093E712201EE745201CE700BF00014000E7
S214016A900D0E0300C4210020D16B010070B50A4D14
S214016AA0002490262B79A34200DC70BD286806FBE3
S214016AB0040090F82430FF2B04D000231A46194610
S214016AC0FFF7E8FE0134EDE7F01F00202DE9F04F57
S214016AD091F806B08DB00BF10C0B04460E4601EB97
S214016AE00B0501220AA90DF127001AF0CDF98246FD
S214016AF068B19DF827100AAF384600F043FC60B134
S214016B00304617F0CDF800200DB0BDE8F08FA97A19
S214016B1005F10C07C1F38011EEE7E36EE06695F828
S214016B2007900793236A298956F80BB0484603F065
S214016B30100804F08BFD8344B8F1000F39D1A9F198
S214016B400303012B94BF032302235B0040F271224F
S214016B5002FB03B21D4B1B685B79637605F11803D4
S214016B60BAF1000F27D09DF8271094F824E0B8F169
S214016B70000F24D0A87A4FF0010CC0F3401095F90D
S214016B800550CDE902E0CDE90071CDE904C50798CD
S214016B90012100F06DFCB8F1000F05D01CF079FE64
S214016BA0012120461AF09EF9304617F079F80120A7
S214016BB0AAE70123C9E7A97AC1F38011D5E794F8BA
S214016BC08FC001200CF00F0CD9E700BFC4210020B4
S214016BD0012810B50C461CD0022822D030BB08462E
S214016BE01AF0B4FBE38C228D94F82A00D21AE368DB
S214016BF003F59C5340F27121083301FB02332361F4
S214016C00FFF75CFD0A4B20469968BDE8104003F08B
S214016C100FBD03F01DFC844208D1BDE810401CF0F6
S214016C2038BEBDE810400846FFF794BD10BD00BF52
S214016C30F01F002038B50A4D0020FFF7F1FCAB68C5
S214016C4013B100221A60DA801BF0C1FA00242B79F6
S214016C50A34200DC38BD2046FFF786FC0134F6E788
S214016C60F01F002070B52A4C0546A06818B117F031
S214016C7017F80023A360FFF7DDFF00201AF0DDF808
S214016C8055B9032025712560E58216F055FF207958
S214016C901AF0D3F828B970BD022022F088F9A06056
S214016CA048B9A06800252571256060BB00201AF050
S214016CB0C4F80720EFE70026032025712660E68248
S214016CC016F03AFFB542E2DD05EBC5010901334690
S214016CD089B20122032016F0E1FE06460028E0D123
S214016CE0032016F059FF20600028DAD090226A436C
S214016CF0314621F0C4FB2379B342C8DD3046FFF7A5
S214016D0033FC0136F7E716F0CBFFA560CEE700BFF0
S214016D10F01F002030B5174B826A1B68120659799E
S214016D2025D51C79028F436B1203B2FBF3F2631A6B
S214016D30B2FBF3F2B0F89C3003B1013BD0F8A0509F
S214016D4005B15B101B02B3FBF2F35B180BD090F896
S214016D5095200F2A07D91209B3EB820F4FEA820159
S214016D60ACBF5B1A00239C42A8BF1C46E1B2417629
S214016D7030BD00BFC4210020084B9A7E82420AD94A
S214016D801B684FF4A47202FB0030836A13F0100FE5
S214016D9008BF002070470020704700BF0820002071
S214016DA0084A09491368C31AD810002B01FB00F0E2
S214016DB005DB937E8342D8BF4FF0FF3070474FF01C
S214016DC0FF30704708200020199C8FC170B504461B
S214016DD00E4619F050FA3146054604F130001AF015
S214016DE0F9FA2046FFF7DCFF0121814005481AF039
S214016DF0F1FA4FF4807005F0B1FE2846BDE8704008
S214016E0019F03FBA2C200020F329F8B5744E044639
S214016E100D4626D1338D6BB9A36813F4601F00F0BD
S214016E20BB80238F626BF32D4FEA0313B3FBF2F3A0
S214016E309FB22DD120461AF06FFBB4F89C70002F3C
S214016E4040F0B380A36A13F0800F0CBF3E230823E3
S214016E5084F877302046FFF75DFFF32D36D1012009
S214016E6057E07369590640F18F80836A1A0740F12B
S214016E708B803369436000F140011BF0DDFD338DEB
S214016E80002BC9D0238F626B1B01B3FBF2F39FB2B9
S214016E90618FB4F89C209BB25B1A9A427EDC7369C0
S214016EA094F836019B074CBF002102211CF0C1FD5E
S214016EB0726940F202239343BCD1A4F89C70204629
S214016EC01AF02BFB2046FFF725FF0127A36A1807B8
S214016ED0C5D5628F002AC2D013F4C05FBFD17269D4
S214016EE012F00C0FBBD140F202239343B7D1D4F872
S214016EF0A430002BB3D1A18F20461BF04CFF0028F5
S214016F0055DD638F0133984251DC0128A7D0013843
S214016F1080B2236BA4F87C00590409D54FF4804154
S214016F2004F130001AF05EFA00212046FFF74EFF0A
S214016F30B4F87C20A38F94F870101344A387B4F898
S214016F409C309B1AA4F89C3094F86F3002FB0133F6
S214016F502522B3FBF2F102FB113384F86F304FBBED
S214016F60A36A1A0702D41F4B1B68984720460821BC
S214016F701BF0CBFD20460221FFF728FF204601210A
S214016F80BDE8F84003F04EB9318D238F626B0029BE
S214016F903FF442AF1B0178E7338542E7737F002B4E
S214016FA086D094F83601032180E7012752E7608FE7
S214016FB00130ADE7204619F030FFA18F20461BF0C7
S214016FC074FDA36A1B07054602D4064B1B68984747
S214016FD0002DCBD02046BDE8F8401AF020BB00BFFC
S214016FE0082000203C200020074B002210B55A77CD
S214016FF0202204465A611AF039FA84F836012046EE
S2140170001AF071FB10BD00BF08200020012810B542
S2140170100C462AD0022830D000283DD191F8953070
S21401702060F3071381F895300846FFF7DDFFA36A82
S2140170301B07204616D503F08FFD042001F0DEFB6A
S21401704050B3164A937F3BB3D37F0133DBB2D3777A
S21401705092F821209A421FD8BDE810404FF0806078
S21401706005F07CBD03F04CFFE7E703F0F1F984423D
S21401707012D1BDE8104003F063BD91F89530C3F31B
S2140170800312013262F3071381F895302046F3218B
S214017090BDE81040FFF7B8BE10BD00BF08200020B5
S2140170A010B501F00BFC124BFB2210F0020F1A7701
S2140170B00CBF012203224107197E48BF42F0040299
S2140170C062F3030119761A7EC2F3030161F3071214
S2140170D01A764FF441710022DA76DA8319845A62FD
S2140170E01A611A85034BBDE810401B68184700BF9C
S2140170F008200020342000202DE9F8434B4C05469B
S214017100A06818B116F0CCFD0023A360022016F08B
S21401711013FD5FFA85F8002019F08DFE40461AF03F
S214017120C1F90646002867D140461AF0C6F9074657
S214017130002861D1002D74D005EB850105EBC10156
S214017140C90089B233460122022016F0A7FC0028A6
S2140171504FD102204FF4A47984F81A8016F01CFD52
S21401716009FB05F73A463146206021F088F9236885
S214017170324603EB0901681E824232DB002DA7F579
S214017180A472D8BF0022002199502846636019F0E6
S21401719052FE88BB40461AF077F968BB40461AF0A3
S2140171A079F9074640BB002D16DD022021F0FFFECF
S2140171B00223A060C3718379C3F102020C33D2B2F9
S2140171C03946184421F05BF9A3689A7913440121E2
S2140171D01A7B61F301021A73FFF762FF3046BDE8BE
S2140171E0F88309FB02FC013243F80C1001F5A47187
S2140171F0C2E7C4E90077A776002000251AF052F905
S21401720000201AF05AF92846C4E90055A5761AF066
S2140172103BF9284619F00FFE022016F08DFC0726D2
S214017220DCE7A57625602B46AFE700BF08200020E7
S214017230014B987E704700BF08200020014BD87E86
S214017240704700BF08200020F8B5284D19F013F844
S2140172506C681CB919F015F82046F8BD23686B60F8
S214017260EB7E4FF4A4760133EB76012719F009F88B
S21401727032460021204621F002F904F12800676118
S21401728040211AF0A7F82B8BA4F8443194F8373133
S214017290A4F8866067F3030384F837314FF6FF736B
S2140172A0A4F87A302B7F84F8423144F29023A4F874
S2140172B0403194F88530072262F3030384F8853061
S2140172C00B4BC4F8883003F1CE5303F59813C4F87A
S2140172D08C3041F61B33A4F890301B2384F892308F
S2140172E0002104F108001AF05FFEB5E7082000202F
S2140172F048014801F8B504461BF0B6FD04F1A400A8
S21401730021F090FC04F1A80021F08CFC04F1AC0003
S21401731021F088FC04F1080000F0BAFE04F1A00098
S21401732021F080FC154B20461B6800269847C4E9CF
S2140173300A662046FFF734FDC5B2284619F075FDEA
S2140173400746284619F073FD0146384619F06CFDCC
S21401735018F091FF4FF4A47205463146204621F0FD
S2140173608EF8074B5A682260DA7E5C60013ADA765C
S2140173702846BDE8F84018F084BF00BF382000203A
S214017380082000202DE9F04106464FF480400F46C4
S21401739001F034FA044630B90E4B1D6893F81A8092
S2140173A07135A04502D80020BDE8F08155F8493C6A
S2140173B0DA0609D5C3F38003BB4205D10622294666
S2140173C0304621F032F818B1013405F5A475E8E726
S2140173D00B20E9E70820002008B5B0F894305A1CC5
S2140173E062F30B03A0F89430042001F007FA70B1A1
S2140173F0074A937F0133DBB2937792F820209A42B3
S21401740005D8BDE808404FF0806005F0A7BB08BD71
S2140174100820002038B58B790B4405469B7D03F088
S2140174200303032B0C4609D101212C3019F0D2FF9E
S2140174304FF4006105F1280019F0CCFF0548A5605E
S214017440214621F0D6FCBDE838404FF0005005F04B
S21401745085BB00BF14200020014B1877704700BF82
S21401746008200020014B187F704700BF082000202D
S2140174702DE9F74F1D4616469DF8383080F89B30AB
S2140174802A469DF83C8052F8103BC0F82831044645
S2140174900F4600F14401B8F1000018BF0120DDF8E5
S2140174A030A09DF840909DF834B005F055F8204680
S2140174B01BF024FB20461AF002F81CF0C0FA4946DD
S2140174C00246204619F0F5FFC8230DF106012046B5
S2140174D0ADF8063019F0E0FF47F6FF73A4F8303137
S2140174E0AB88A4F82C31AB7984F82E31DAF8003069
S2140174F0C4F87130BAF80430A4F8753004F1280ADB
S214017500BBF1000F03D00421504619F063FFB8F118
S214017510000F04D04FF40051504619F05BFF4FF4B2
S214017520607001F06BF9C0F3C018C3054FEA881804
S21401753048BF48F08008810548BF48F4807818F0B5
S2140175409AFE4FF482618346504619F043FF414646
S21401755004F12C0019F03EFF584618F092FEBB1EAF
S214017560012B7AD84FF40021504619F033FF012140
S2140175702046FFF72BFC042120461BF0C6FA6B7D44
S214017580C3F3040384F870306A8952006263697B2E
S2140175902A7B42EA01226287E97BAA7B42EA012230
S2140175A022876A7D84F86F30C2F3421284F83E2047
S2140175B000220523A2870122A4F87C20A4F89C308F
S2140175C09DF94410204619F07FFF01F071F920F46F
S2140175D00060C4E908012046FFF79CFB3B4A3C4B90
S2140175E0B2F8288007F0FD07B8F1000F68D1002F28
S2140175F038D16660E36140F2C7182046166119F07B
S214017600FAFEB9F1010FE0600AD094F8373169F358
S214017610030384F8373109F00F0120461AF0DBF82E
S21401762004F1080041461AF0BFFC012002F0A2FD59
S21401763028B963691A075CBF43F0040363616B8969
S21401764040F27121013B5943204619F0F3FE2046D2
S21401765002F09AFD03B0BDE8F08F012F87D140F20A
S214017660014185E7E3614FF4D7782B8940F2712712
S2140176705B0007FB0366666040F6080104F14006FE
S214017680504619F0A7FE314620461BF0D5F92B8946
S21401769001335B0031467B4304F13402204601F09E
S2140176A01BF9EB795B0031467B43012220461BF038
S2140176B0C9F9236C20469E0819F09DFE3044A0E7C8
S2140176C06660E361002FD0D197E700BF0820002055
S2140176D00D70010070B51D46C36A1B0704461646A9
S2140176E013D408212C3025F4105519F073FE25F01B
S2140176F01005064B2D0433402D0CC4E908352046F1
S2140177004021BDE87040FFF761BB70BD2FCF87F702
S2140177102DE9F04F85B004460191084689B34B79AF
S2140177209A071FD421F003FB019D70B96B79DB0723
S21401773005D54FF4803104F1280019F04BFE01A85D
S21401774021F070FA05B0BDE8F08FA36ADF0309D512
S2140177504FF4803104F1280019F044FE6B7943F0B0
S21401776001036B71019E18F086FD737931469E0701
S21401777005461ED504F1AC0021F04AFB284618F058
S21401778080FDDFF8909118F076FDA36ADD050746C7
S21401779014D5D4F8AC3043B19A7913441B7B392BFA
S2140177A003D829FA03F3D80711D4384618F069FD2F
S2140177B0C8E704F1A80021F01CFBDFE794F9463185
S2140177C0022BF2DCD4E92A2372B9002BEDD004F1A6
S2140177D0AC0021F045FA0546384618F052FD294618
S2140177E020461AF0A6F9CEE7002BF0D194F8928045
S2140177F0039304F1A80BD4F8A86096F807A0B37910
S214017800AAEB030A5FFA8AFAC24527DC584621F03A
S21401781086FAA8EB0A0805466B796FF3C3036B710A
S214017820294603A821F0E5FAD4F8A8302BB15B79F4
S214017830990702D1B8F1000FDDD1039B002BB4D01C
S2140178409B79022B40D8002021F0B1FB014670BB8A
S214017850039904F1A80021F0DBFAA6E7002021F045
S214017860A6FB054630B9039904F1A80021F0D0FA29
S21401787003959AE78079B1790C300C314246314450
S214017880284420F016FEEB7953FA88F3EB71B379AE
S214017890727953FA88F3B3716B7962F300036B71F3
S2140178A073796FF3000373714FF00008B4E7039B1D
S2140178B04A79587960F300024A715A796FF30002E7
S2140178C05A7103A821F09FFAE36A9A0512D5039824
S2140178D0034600680028FBD1DB79C3F14503DBB220
S2140178E0032B07D821F063FB01460028B0D003A87C
S2140178F021F07FFAD4F8A83013B15B79DB0704D501
S214017900039A537943F008035371384618F0B9FCCB
S214017910039965E77C2C020070B5036BDA0786B025
S214017920044633D5866A330723D516F4002F14BFD1
S214017930032501252046FFF733FA94F89B3005937B
S2140179400023049394F83E300393238F0293638FAE
S2140179500193636BC3F34F030093C6F3800204F1F4
S2140179607103294680B21AF08BFE30B9002006B0AA
S21401797070BDB50C05F00205DCE7012104F130000D
S21401798019F030FD4FF4005119F024FD236B9804D3
S21401799010D52046FFF704FAA16AC0B2C1F3403100
S2140179A01AF0ACFB0028E1D04FF4005104F130008E
S2140179B019F018FD236BD90409D500212046FFF7DD
S2140179C0A7FE4FF4805104F1300019F00BFD236B34
S2140179D05A0512D52046FFF7E3F994F89B50002389
S2140179E0C2B2194628461AF0F1FC0028BED04FF460
S2140179F0806104F1300019F0F5FC236B5B0711D5AB
S214017A002046FFF7CDF9616B238F628FC1F34F01DB
S214017A1080B21AF015FE0028A8D0042104F1300027
S214017A2019F0E0FC236B1E0709D520461BF0F9FB75
S214017A3000289BD0082104F1300019F0D3FC236BF9
S214017A40DD0618D52046FFF7ABF9E16A11F480513F
S214017A5080B200F0C58000211AF087FE002885D08C
S214017A604FF4805104F12C0019F0BCFC102104F1F4
S214017A70300019F0B7FC236B580615D52046FFF7E2
S214017A808FF994F877300093D4E9082380B21AF07E
S214017A904FFE00283FF46AAF002384F87730402178
S214017AA004F1300019F09EFC236B190516D520460B
S214017AB0FFF776F900230093B4F89830B4F89620CF
S214017AC094F89A1080B21AF0CCFA00283FF44EAF20
S214017AD04FF4006104F1300019F084FC236B13F4B9
S214017AE0804532D19A0516D52046FFF759F994F804
S214017AF0371194F8772001F00F0180B200F03EFDB7
S214017B0000283FF433AF84F877504FF4007104F146
S214017B10300019F067FC236B1B0616D52046FFF7CD
S214017B203FF9B4F88C30009394F89130B4F88A2079
S214017B3094F8901080B21AF04AFE00283FF416AF6F
S214017B40802104F1300019F04DFC236B9E0612D5FE
S214017B502046FFF725F994F8771080B21AF01CFE3C
S214017B6000283FF403AF002384F87730202104F186
S214017B70300019F037FC236BDD0508D504F1300021
S214017B804FF4807119F02EFC20461BF087F9236B09
S214017B90180408D504F130004FF4004119F022FC16
S214017BA0204619F014FE236BD90308D504F13000E2
S214017BB04FF4803119F016FC204619F075FC236B42
S214017BC09A0308D504F130004FF4003119F00AFC8D
S214017BD0204619F077FC236B9B0704D40120C6E6E8
S214017BE01AF0DAFD3AE700221146204619F068FC41
S214017BF0204619F067FC2046FFF7D2F894F8771074
S214017C0080B21AF07FFE00283FF4B0AE022104F1E4
S214017C10300019F0E7FB2046FFF76CFB014B1B68B1
S214017C209847DBE734200020134AF8B5002302F119
S214017C30240151E8004F41E80035002DF7D1012716
S214017C4034B9BDB10D48294619F0C4FB2046F8BD2C
S214017C5094FAA4F0B0FA80F007FA00F624EA0604D3
S214017C60FFF78AF80028EBD0FFF756FE0028E7D189
S214017C703543E5E70120EAE7082000202C20002014
S214017C802DE9F74F04460190002860D0C579314FA1
S214017C900C35054418F0EFFA4FF000080090464600
S214017CA040464FF4A47ABA7E5FFA88F94A4517D956
S214017CB03A680AFB09FB5A44916ACB0644D5B2F8E6
S214017CC09420C2F30B02002A3ED0E279C2F14502AB
S214017CD0D2B2032A15D8022021F069F9044640B928
S214017CE000230098FB8318F0CCFA304603B0BDE8B9
S214017CF0F08F014601A821F07CF8E5790C35254482
S214017D0000200422012312FB0033002105F82090F5
S214017D10E9543B685B4402FB005CB3F894308CF892
S214017D200230032312FB00320136A9543B685B4440
S214017D300130B3F8942061F30B02A3F89420E379A1
S214017D400433E371C0B2F6B208F10108ABE70646A8
S214017D50CBE700BF08200020F7B5684604F0F0FB2B
S214017D60134E00254FF4A477B37EAB4201DC03B07B
S214017D70F0BD346807FB0544A36A03F01803102B13
S214017D8013D10522694604F1450020F04EFB60B18F
S214017D90012120461BF0A3F838B9012021F007F98C
S214017DA0014610B1204601F067F90135DCE700BF56
S214017DB0082000202DE9F74F18F05DFA424BDA68EB
S214017DC000920022DA6018F05CFA009B13B903B047
S214017DD0BDE8F08F684620F043FF827987680190FE
S214017DE002F10C0404440146A07A10F0200F14BFDF
S214017DF0032002200A3202448A71FA6A52050FD51C
S214017E00E07AA27A42EA002238461AF080F838B9B7
S214017E1001A820F007FF3D21384619F06AFFD4E794
S214017E20BA6A94F80AB0019912F400720BF00300D2
S214017E3013D003288A79EBD10A44127B392AE7D872
S214017E40224B23FA02F2D307E2D54A7942F0020224
S214017E504A71384600F018FEB7E70328F5D048798E
S214017E6062F341004871084694F8069094F905A01B
S214017E7020F05DFF019DAC79063CE4B20646AC718C
S214017E803846FEF78DFF0C3405EB04080BF0030BA8
S214017E90C0F3032343EA0B13F6B288F8033088F8DD
S214017EA00200A8F804602B4605F804A088F80190A3
S214017EB05A796FF341025A711B68002BF8D1284694
S214017EC01AF033F981E700BF082000207C2C02005D
S214017ED030B5D368C4688BB01BBA0D46C17802931F
S214017EE0002361F30703817861F30F23417861F37F
S214017EF01743916809BA0391816809BA07915168D5
S214017F00126809BA12BA049105920178426861F3BF
S214017F101F6312BACDE9082324BA069406AC00946E
S214017F202346802202A9012017F0CBFE0028F6D1B5
S214017F30DDE90810DDE9063200BA09BA12BA1BBA41
S214017F4028606960AA60EB600BB030BDF8B5094FD8
S214017F50044600260CB90748F8BDA179E5796D1AE3
S214017F60EDB20C312144B8192A4620F0A2FA2E446B
S214017F702468EFE744200020F8B5094F04460026A0
S214017F8004B9F8BDA079E5792D1AEDB20C30B9190E
S214017F9020442A4620F08DFA2E442468F0E700BFDC
S214017FA044200020104B1A7842F0F0021A701A7C16
S214017FB042F0F0021A7493F8202042F0F00283F89F
S214017FC0202093F8302042F0F00283F8302093F816
S214017FD0402042F0F00283F8402093F8502042F00F
S214017FE0F00283F850207047542100200368054AA8
S214017FF023F07F6323F4002302EAC14213430360A4
S214018000704700BF0000F80FF8B544881E4E04F014
S2140180100704072C054628D118F02DF90022110176
S21401802006EB0217735C1B090F2B0AD00132062AD6
S214018030F5D1164A13880133138018F022F9192056
S214018040F8BD2B687B801123735494B218F019F98C
S2140180501BF078FC06EB0413D8602B6823F4E023AE
S21401806043EA04432B600020EAE72301F15CC1F3F5
S2140180700312013202F00F02052A28BF002262F322
S2140180800711F154E4E700BF54210020182F002007
S21401809038B5448804F00704072C05460FD018F0BD
S2140180A0EAF82401064A135D43F0F00313552B68E2
S2140180B043F4E0232B60BDE8384018F0E2B838BD41
S2140180C0542100202DE9F047458805F00705072DC6
S2140180D00746894637D01D4C4FEA051804EB051AAA
S2140180E014F808601BF02EFC3609DAF80C3006EBA3
S2140180F0C50604EB4606C01A708014F8083003F073
S2140181000F02042A9EBF013262F3030304F808300B
S214018110B9F1030F14D114F8081004EB0514A01CD0
S21401812001F00F011BF0BBFA044618F0A4F83A68F8
S214018130074B134023433B60BDE8F04718F0A1B856
S2140181404FF6FF74F1E7BDE8F08700BF5421002029
S2140181500000FF7F064A9268824208B507D042793E
S21401816022F0030242F00302427104F05FFD08BDF3
S214018170B421002010B5064C204620F053FD201DEA
S21401818020F050FD04F10800BDE8104020F04ABD83
S214018190B421002010B5022020F009FF034C6060D6
S2140181A0022020F004FFA06010BD00BFB421002013
S2140181B008B5FFF7DFFF034B0022DA60BDE8084091
S2140181C0FFF7E8BFB4210020014B5868704700BF95
S2140181D0B4210020014B9868704700BFB4210020ED
S2140181E038B50C4CE3681BB1E36898470023E3609D
S2140181F023686BB1074820F033FD054640B123687C
S2140182001BB14FF0004004F0A9FC28461AF093FB7E
S21401821038BD00BFB421002010B5064CE0604FF019
S214018220004004F09BFCE3681BB1E3689847002319
S214018230E36010BDB421002038B5837903440446B9
S2140182405B7B13F0300F437923F0030308BF43F041
S2140182500103437118F00FF821460546054820F042
S214018260C8FD4FF0004004F079FC2846BDE83840D0
S21401827018F007B8B4210020F7B5144F7C68A3792D
S2140182800C331C4400F01AFB6679E6B116F00205C1
S21401829019D136EA000016D1E378B4F80920B4F80B
S2140182A00710A07901962479009401F031FB00288B
S2140182B008BF0C25B8682A4642F2410103B0BDE862
S2140182C0F04019F0C6BE1125F4E700BFB421002026
S2140182D010B50D4C626893790C331A441179D07835
S2140182E0B2F80730B2F80520003918BF012100386E
S2140182F018BF012001F06AFC42F242010246A06862
S214018300BDE8104019F0A5BEB421002010B5084CF8
S2140183106068837918440F3000F09EF90023A06846
S2140183201A46BDE810404FF6284119F050BE00BF6E
S214018330B4210020242816D80F2805D802280CD8E6
S214018340B0FA80F040097047084B103880B2C3403D
S21401835003F0010383F0010070470538012894BF3C
S2140183600020012070470120704700BF2D2011001A
S2140183702DE9F04F95B0FFF727FF86790C3642F2CC
S214018380360330F806809845054600EB06040ED104
S214018390FFF71AFF022120F01CFCA3787F2202338C
S2140183A0A370AA5500232022627023776377E078B2
S2140183B00121FEF711F900230646002800F0D780B8
S2140183C0CDE91233237A8DF84A30E37A8DF84E30B0
S2140183D0A388E288ADF8482013F01000B4F809200D
S2140183E0ADF84C2003F0050306D093B1E37D012BD5
S2140183F051D00025122614E07BB3E37D657E012B68
S21401840037D16B1EDBB2022B09D800F057FA0123D5
S21401841038E04FF48043DDE91212914220D900255D
S2140184201126FFF7D7FE012332464146ACB219F0BA
S214018430CEFD002DCCBF0534053C24B2002E40F005
S21401844099800A2394FBF3F4E4B2FFF7C3FEC379E1
S2140184501844C47215B0BDE8F08F4FF6FF73DAE723
S2140184601F29DCD99A42DAD8E37D657E0028BED181
S214018470C5E7032BD3D16B1EDBB2022BCFD800F09E
S2140184801DFA04230342CAD0032D08BF0425284041
S214018490C0B20028C3D0E07818F0D2FC20B1A08882
S2140184A0FFF748FF0028A4D0334A237F1278002A1A
S2140184B054D0042B9DD8637F042B9AD8A388DB065F
S2140184C053D41BF0BCFA0121C822084003F0B2FEC7
S2140184D094F91630B4F804E0677EE18894F80C90BD
S2140184E094F815A094F818B003EB8303B0EB430F90
S2140184F04FEA4302637B0F93A37B109304F10F03B0
S2140185001193637F0546E07DC8BF15B2B4F8092014
S2140185100C93237F0B93E37E032808BF0420032FCD
S21401852008BF0427003B18BF01230A93A37ECDF89A
S2140185300C90CDE90873119B02931FFA85FC109BE2
S2140185400193CDE9060BCDE904AC0F9B00933046B1
S2140185505FFA8EF318F030FD064662E7002B7FF4D3
S2140185605EAF637F002BA9D059E70020ABE7054635
S214018570072656E7002468E7D3300020F8B50746FB
S21401858001200D46164620F012FD0446C0B1062213
S2140185900C2119F02FFD691EA379C9B2032998BFD2
S2140185A0084A03F10C03234498BF525C9F8088BF9E
S2140185B000222046DE70DA719A71FFF7CBFD0120AA
S2140185C0F8BD00BFB6A10300F8B5FFF7FDFD83793E
S2140185D01844B0F80F60B0B2FEF7CEFB0446C0B147
S2140185E019F061FA0138C0B2032814D80B4B1C5C91
S2140185F00027FFF7EFFD054604233A4642F2300115
S21401860019F0E5FCAB790C33E818C68004724472A5
S214018610F8BD0227EDE700242746EAE7B6A10300E6
S2140186200B4610B50649074C0622002808BF21460E
S21401863018461FF0FAFEB0FA80F0400910BD00BFE0
S214018640D5300020DB300020024B1A6802609B8880
S21401865083807047DB30002013B50D4C28B10368CA
S21401866023608388A38002B010BDF9F72FFFCDE900
S21401867000019DF80230A370BDF80530BDF800205A
S214018680A4F803309DF8073022806371EBE700BF42
S214018690DB30002010B5044617F0EDFD064B2268CE
S2140186A01A60A2889A80054A137843F00103137072
S2140186B017F0E7FD012010BDD5300020D430002092
S2140186C0024B1878003818BF01207047D4300020BC
S2140186D0024B1A6802609B8883807047D530002061
S2140186E0024B186908B104F039BA7047F018002037
S2140186F010B53D4A002302F1100151E8001F02F1B6
S214018700100C4CE80034002CF5D140EA0104A1021B
S21401871001D501F0A3FD220101D503F0C9FA002C11
S21401872001DAFFF75DFD630001D501F0BFFCA00093
S21401873001D5FFF73FFBE10007D5FEF73DF820B96D
S2140187402A484FF080511AF04AF9620107D519F00C
S21401875075FA20B925484FF080611AF040F9A30157
S21401876005D51BF065F9FFF7F7FA18F06EFBE00187
S21401877008D518F08DFE072804D11C484FF08071EB
S2140187801AF02DF9610201D518F059FB220201D524
S21401879018F049FBE30207D518F078FE20B9134814
S2140187A04FF480111AF01BF9A00507D500F03AF92D
S2140187B020B90E484FF400711AF011F9E10507D5FA
S2140187C0FFF732FA20B909484FF480711AF007F919
S2140187D0620503D519F0F9FB19F0F8FB230501D55D
S2140187E01AF005F910BD00BFF0180020001900208E
S2140187F0014601481AF0F3B8F0180020014B1B6837
S21401880018407047F0180020044B10B5D3E9064213
S21401881004430A43C3E9064210BD00BFF018002016
S21401882070B51E4D2B68002B044603DAFFF7C0FC1B
S214018830002031E01A4E4CF20C000021FFF7E4FF55
S2140188400023336024B163682B60A36803B13360EF
S2140188504FF00040FFF7CCFF33680BB9114B336084
S214018860114B1248AB6000232B7315F055FAFFF736
S21401887099FB2046F4F7DCFD70B92CB1B4F90E1063
S214018880B4F90C0002F010FF1BF0DDF803F026FE31
S21401889003F0B4FD0028C9D070BD00BFF018002059
S2140188A0C421002006100020E1860100F4180020F3
S2140188B0014BD3E906017047F0180020054B9B6970
S2140188C0DA054CBF032001201B0548BF40F0040019
S2140188D0704700BFF0180020F8B517461C4606463C
S2140188E00D4603F087FB1C4BBA7A53F8222053F847
S2140188F020301A44194B9C4224D9194B9C4214D956
S214018900184B93FBF2F3002BB8BF0333013C9A10CC
S21401891004EBA304B4FBF2F371682A68A1EB93019C
S21401892002EB430271602A60F8BD0F4B0F49A3FBAF
S21401893004435B0902FB03F303F6C313A1FB031312
S214018940DB0AE9E702FB04F303F57433084A8F33C5
S214018950A2FB03231B0CDFE70CA203004C621000F2
S2140189601366660640420F001F85EB515917B7D1B3
S21401897083DE1B43024B1A6802601860704700BF13
S214018980CC210020024B00221A6000F0FBB900BF88
S214018990CC2100202DE9F843064618F0DEFD0446FA
S2140189A0002835D045784DB917F065FC23786370FB
S2140189B01B4B1B686360257017F063FC4FF00108C2
S2140189C0677837B923781BB34FF4007004F0C6F804
S2140189D01EE097FAA7F5B5FA85F508FA05F55FFAE8
S2140189E085F9636833B90E4B27EA050565701B6880
S2140189F06360E5E79B681BB963681B686360F0E723
S214018A00494630469847012805D163681B6863606C
S214018A100120BDE8F8830228EED10020F9E700BF67
S214018A20CC21002070B50E4E0025FEF701FCA842B1
S214018A3001D8012012E03068FEF79EF950B934687B
S214018A40FEF7F6FB0134B4FBF0F303FB104434608D
S214018A500135EAE7FFF79EFF0028F0D170BD00BFA1
S214018A60C821002010B58379034404461B7B392BAB
S214018A7096BF044AFF21D15C20F0ABF8A0790C30F8
S214018A80204410BDBAA103002DE9F34105460C466A
S214018A90019118F052FD830605D501A820F0C2F811
S214018AA002B0BDE8F081019FBE790C36BB5D392B63
S214018AB018D8164A12F80380B8F1FF0F12D03846BC
S214018AC020F035F9013840450CD1114B1E6896B996
S214018AD0A379234421461A7B284602B0BDE8F0411B
S214018AE01AF075B8019820F09DF8BA5D01992846EC
S214018AF01AF06DF8D4E773680BB93668E7E72146D4
S214018B00284698470028F8D0CAE700BFBAA1030054
S214018B10CC21002037B504460D46202118F00FFD64
S214018B202946204618F078FD214601201AF0F6F86D
S214018B30214600201AF0F2F80120044A0090002392
S214018B4021461AF07CF803B030BD00BFA72A030007
S214018B5073B50C46164605461AF052FA80F0010027
S214018B602946C0B218F0E0FCC368012C9A7907D0F8
S214018B7032462146284602B0BDE870401AF046BA91
S214018B8013441022DB8A00922946034A00201AF079
S214018B9056F8204602B070BD0D30030037B50446C6
S214018BA01AF06EFA0321204618F0E7FC002503466A
S214018BB0044A0095214601201AF041F8284603B0E0
S214018BC030BD00BFF32E03002DE9F3470746022010
S214018BD00E4620F0ECF90546002846D0B3790C3352
S214018BE033440021B3F80480B3F806A0B3F8089024
S214018BF019F0A3FF2846FFF735FF02210446384641
S214018C0018F0BBFCA4F804806081A4F806A0A4F8C0
S214018C1008901AF05BFE08F10108B0FBF8F303FBBD
S214018C201800022360806370AB79B371EA79F27140
S214018C3003F10C00D21AD2B2291830441FF039FCC5
S214018C403946012018F070FC1022C6606389009234
S214018C503946074A012019F0F2FF3846294619F02D
S214018C606AFF002002B0BDE8F0870720FAE700BFE0
S214018C700D3003002DE9F34104460D46014601205F
S214018C8018F052FC01210746284619F056FF2846DF
S214018C90FFF7E8FE064600F10108404603F050FCE7
S214018CA0D6F80130C7F812307379BB750221204619
S214018CB018F063FC29460746F080204619F03BFF72
S214018CC020230093044A3B462146012019F0B7FFB2
S214018CD0002002B0BDE8F081D92F03007FB504461D
S214018CE00D460146012018F01FFC50E8003F43F4F2
S214018CF0806340E80036002EF7D120461AF080F94E
S214018D00D8B3204618F021FC430715D53346324622
S214018D100DF10F01204618F0ADFE9DF80F30062B21
S214018D200AD8284614F0BCFF012200232046FEF78D
S214018D30D1FC002004B070BD0E21284619F0FDFEBE
S214018D402846FFF78FFE0646FFF7B2FDC6F8051068
S214018D50FFF7AEFD2946C6F80100204619F0EBFEE6
S214018D600321204618F009FC002203460092214602
S214018D70034A012019F063FFDBE70821DDE700BFA6
S214018D80F72E030010B5054C054A064920461AF091
S214018D90A1F82046BDE81040FFF7ECBDD021002029
S214018DA0BF300300118F0100F7B58B790C33CE1855
S214018DB0CB5C023B04460D460F2B00F2A080DFE899
S214018DC003F0089E9E9E9E739E829E9E2C689E9E8B
S214018DD09E4F17F050FA71780746204618F01CFC93
S214018DE02021204618F0ABFB2146012019F096FF02
S214018DF02146002019F092FF012300930023184614
S214018E00404A214619F01BFF284614F049FF384610
S214018E1017F037FA012003B0F0BDB3887288717875
S214018E2018F00EFE204618F090FB830708D429465A
S214018E3020461AF025F90121204619F066FEE9E7D9
S214018E402146012018F070FB2F4B82689A4203D10D
S214018E502146012019F032FF284614F021FFEAE7E7
S214018E607778B678084614F01BFF162F05D13246E0
S214018E70032120461AF014FBCCE72146012018F006
S214018E8053FB8368002BC5D0324603212046984702
S214018E90C0E70146012018F047FB074628467678CA
S214018EA014F0FEFEBB68EDE70146012018F03CFB1E
S214018EB007462846767814F0F3FEBB68002BA9D047
S214018EC032460421E2E70146012018F02DFB0F4B44
S214018ED082689A4203D0284614F0E2FE9AE7D6F852
S214018EE00120D6F805302046FEF7F4FB284614F09C
S214018EF0D7FE2146012019F0E1FE02219CE7002061
S214018F0089E700BF75300300F32E0300F72E030038
S214018F102DE9F3410C4605461AF072F8A3790028AC
S214018F206BD00C33E61814F80380B8F1010F41D06A
S214018F30B8F1080F39D0B8F1000F51D17189284620
S214018F4019F06BFEB188738872788B4294BF07461E
S214018F50002709290B4638BF0923013B9BB29A42D9
S214018F600FD8002A08BF0027F3883289084619F06F
S214018F7073FD40B9204614F093FE012002B0BDE80F
S214018F80F0814746F0E7002FF4D02946002018F07C
S214018F90CBFAC46073891022013B00921B4A9BB234
S214018FA02946002019F04BFEE7E72146284619F02E
S214018FB0C5FFE2E7F188284619F02FFE0746701C28
S214018FC01AF04FFD0028D5D0002FD3D02946002017
S214018FD018F0AAFA2023C4600093F3880C4ADFE74E
S214018FE0214628461AF049FB0028C6D121462846C4
S214018FF002B0BDE8F041FFF7D7BE23441B7B0E2B22
S214019000D3D0214628461AF027FBEDE7518B010005
S214019010912F030038B504460D4618F096FA42071C
S2140190200BD4204618F091FA830706D42946204629
S214019030044ABDE8384019F0E2BE284614F030FE76
S214019040002038BD9D8B010038B505460C4618F04A
S21401905074FA00F01800102806D121462846054A61
S214019060BDE8384019F0CBBE204614F019FE0C209E
S21401907038BD00BFC98B0100014A19F0C0BE00BF50
S214019080758C010070B505460C460146012018F0A6
S2140190904BFA0646284618F058FA020704D5204629
S2140190A014F0FEFD002070BD33685B05F7D428463A
S2140190B019F0A6FF40B121462846FFF7ABFF18B9C5
S2140190C01FF075FF044630B121462846034ABDE825
S2140190D0704019F094BE0720E5E700BFDD8C010063
S2140190E073B504460E4618F028FA00F03000102832
S2140190F04FF0020031D11FF05AFF054678B343798D
S21401910043F002034371022119F017FD2846FFF7C9
S214019110A9FC29464670204619F00DFD1621204669
S21401912018F07AFA2021204618F009FA2146012083
S21401913019F0F4FD2146002019F0F0FD204619F043
S21401914093FE0121204618F018FA034601200090EC
S214019150044A214619F073FD002002B070BD0720B5
S214019160FBE700BF212F03002DE9F04387B004463B
S2140191700E4618F0EAF900F4C060B0F5C06F06D1EB
S21401918002201FF014FF054610B9072054E0002501
S2140191902146012018F0C8F996F8068008F10C0857
S2140191A0B044814608F10F0300F1120208F11F01D5
S2140191B053F8040B42F8040B8B42F9D103213046D5
S2140191C019F0BBFC3046FFF74DFC0A22074608F1B2
S2140191D0050101301FF039F90C210DEB010003F0F8
S2140191E021F903AB03CBC7F80B00C7F80F10059B9B
S2140191F0C7F8133007F10B020DB30A21284619F000
S2140192009CFC2846FFF72EFC2946204619F093FCC5
S214019210C9F80C604FF48071204618F090F90321CC
S214019220204618F0AAF9002503460D4A00950120AC
S214019230214619F004FD284607B0BDE8F08307F182
S21401924013032046012118F0AAFD2046314619F0E5
S21401925072FCC9F80C50204618F0BDFDDFE700BFD0
S21401926001310300F0B589B00D46044619F042FFFE
S214019270AB79002800F0A3800C33EA18EB5C033BC3
S214019280082B00F23881DFE813F0090036013601B9
S21401929084003601360136015D007E00D2F80100F9
S2140192A0D2F80510B2F8097003AB03C302F1130339
S2140192B001210B32204618F072FD0421284619F0D0
S2140192C03CFC2846FFF7CEFB0C21064605A803F01A
S2140192D0A9F805AB03CB3346C6F80100C6F805105E
S2140192E0079A43F8092F0021721C204618F057FDF3
S2140192F02146002018F018F903AA0346478303CA3B
S214019300C3F81200C3F8161020460821FDF75EFDCB
S2140193104FF40071204618F012F9204618F05BFD54
S2140193202946204619F007FC0321204618F025F9A6
S21401933003460020714A0090214619F080FC012066
S21401934009B0F0BD0B21284619F0F7FB2846FFF7B8
S21401935089FB2946204619F0EEFB16F08CFF4FF4E8
S21401936040710546204618F0EAF84FF48051204631
S21401937018F0EDF8284616F084FF4FF48061204679
S21401938018F0E8F8DBE7284614F08AFC4FF4007181
S214019390F5E70621284619F0D0FB2846FFF762FBC1
S2140193A0204618F078FB2946204619F0C4FB2046D3
S2140193B018F037FD2146002019F080FCBFE72B444A
S2140193C01B7B043B072BBBD801A252F823F000BF3E
S2140193D0F193010017940100799401004193010073
S2140193E04193010041930100419301008F940100D4
S2140193F020464FF4007118F0A2F8AA790C322A44DC
S21401940002F1090320460132002118F0C8FC284663
S21401941014F046FC93E74FF48060FFF7EFF9B0B124
S2140194204FF40061204618F08AF800272046CDE95F
S2140194300577FDF7B5FC0646204618F07CF8009542
S214019440034605AA3946B0B219F004FA77E7214671
S214019450012018F069F800F11201204618F0F6FC18
S2140194600621284619F069FB2846FFF7FBFA29462C
S214019470204619F060FB62E7284614F011FC2146ED
S214019480012019F04BFC204618F0CBFC57E716F0EC
S214019490F2FE4FF400710646204618F050F84FF4DD
S2140194A08051204618F053F8304616F0EAFE4FF485
S2140194B0C061204618F04EF82946204619F03BFBBD
S2140194C02146012018F030F8C268054682B193792A
S2140194D00C331A4402F1130301210B32204618F013
S2140194E05EFC204618F077FCE968204619F023FB5D
S2140194F00023EB6023E7002022E700BF01310300D1
S21401950010B5074C07492046002219F0E3FC204617
S214019510FFF730FABDE8104001200021FFF774B9CB
S214019520DC2100206592010038B505460C4618F08E
S21401953004F800F01800102806D121462846054AEE
S214019540BDE8384019F05BBC204614F0A9FB0C209E
S21401955038BD00BF6991010038B58B790C460C33D4
S2140195601944E35C142B054603D0152B0FD00020BD
S21401957038BD013119F096FE15212846224619F00C
S214019580D9FE2146284619F0D6FA0120F0E7014611
S214019590012017F0C9FF0B4B82689A4203D0204680
S2140195A014F07EFBF1E7A17921440D31284619F02C
S2140195B079FE204614F074FB2946012019F07EFB43
S2140195C0E3E700BF8933030037B504460A460D4674
S2140195D0142119F0AFFE2946204619F0ACFA0321F2
S2140195E0204617F0CAFF3022034600922146034A5E
S2140195F0012019F024FB002003B030BD893303009D
S21401960010B5074C0749084A204619F063FC204666
S214019610FFF7B0F9BDE8104020200021FFF7F4B8AD
S214019620E8210020599501008D33030073B5ADF88C
S21401963000208DF802301E460446009B019301A8C7
S2140196400D46114619F018FE9DF80630B34203D1B7
S214019650BDF804308B4205D0284614F021FB1220B9
S21401966002B070BD204618F0B4F89DF80230827A38
S2140196709A4209D18288BDF800309A4204D1284620
S21401968014F00EFB0020EBE76946204618F05DFB60
S214019690024A2946204619F0B2FBE1E7C9950100C6
S2140196A02DE9F04116461A43BDF8188007460C46C8
S2140196B01D4605D120461146BDE8F04119F0B9BE58
S2140196C04146204619F095FA78B12146384617F0FA
S2140196D02BFF40238674C5742146069338464346BD
S2140196E0034ABDE8F04119F0AABABDE8F08100BF0F
S2140196F0EB340300F7B505460E460146012017F088
S21401970013FF036813F0F00F03D02946012019F068
S21401971005FB284618F0C4F9B3790C3333445F7857
S2140197209B781F400378C3F3030000EA1310384008
S21401973019F059FE044668B9284619F05DFE38400E
S21401974019F051FE044628B9284618F0ACF901F084
S214019750A1FF04462846002118F03DF8172130469F
S21401976019F0EBF93046FFF77DF931464470847005
S214019770284619F0E0F90321284617F0FEFE40229C
S214019780034600922946034A002019F058FA03B00E
S214019790F0BD00BFA134030008B581B2074818F038
S2140197A003FC012000F0E6FC30B9054A53691907AD
S2140197B05CBF43F00403536108BD00BFFC210020D9
S2140197C0F4210020012383400649DB4301F12402F2
S2140197D052E8002F1A4001F1240C4CE80020002822
S2140197E0F4D17047F42100200123074A03FA00F060
S2140197F002F1240353E8003F034302F1240C4CE832
S21401980000310029F4D17047F4210020044A536A3C
S2140198104FF0804043F40023536203F09FB900BF2A
S214019820F421002038B50E4D044601F085FBE86BA7
S21401983018B114F035FA0023EB6318F0C5FB09489C
S214019840FEF726FCAB6B0BB1FFF7E0FF04482146A1
S21401985000F0E8FCBDE8384003481FF0E3B900BF5C
S214019860F4210020FC21002014220020034B586A1A
S21401987010F0050001D1FFF7D5BF7047F421002095
S21401988038B51E4C4FF01013E3624FF4E0632386A5
S21401989047F6FF73A4F8603094F86730012262F34C
S2140198A0030384F86730164A164B0025C4E91632BE
S2140198B06562FFF703F84FF48073A4F84830124B43
S2140198C0E361124B84F856001A6865611378527882
S2140198D0A4F8BC5013445B10294604F108006376D3
S2140198E0A4F8B45018F060FB294604F1940018F06F
S2140198F05BFBBDE838401AF0C6B800BFF421002073
S21401990055555500D6BE898E71370300C4210020F7
S2140199102DE9F0411F4C9DF81C609846636A0F467E
S214019920D907154633D460B30120FFF75DFF626A9D
S2140199309DF8183084F8546022F4C07242EAC312CB
S214019940052E626207D101F0E5FF68B96D00ADB280
S214019950BD4228BF3D4694F854309A0715D413F0FB
S214019960040F14BF0326012694F86730A78566F313
S214019970030384F86730E58584F830800120BDE86C
S214019980F0810120FFF71EFFD1E70226ECE7002059
S214019990F5E700BFF4210020024B586AC0F38000AF
S2140199A0704700BFF421002010B51D4CFFF7F4FFEF
S2140199B0636A13F0010313D1A8B994F8663094F8DA
S2140199C03110253BDBB20133DBB2032B28BF00236A
S2140199D041FA03F2D207F6D5253384F8663018E04B
S2140199E094F8543010B194F85520134303F005034E
S2140199F0052BE2D101F08EFF0028DED194F8673006
S214019A0003F00F02012A05D1032262F3030384F84F
S214019A10673010BD012262F3030384F86730CCE798
S214019A20F4210020024B586A00F00100704700BF85
S214019A30F4210020F8B5434C636923F010036361F9
S214019A40054601F079FAB4F8BC302BB9A36813F4D3
S214019A50601F08BFA4F8BC303A48012100F0E2FBC1
S214019A60394BE361636A580429D41DB9636943F02D
S214019A701003636119F066FFE28DE66C236DA78D16
S214019A80151F40F271214D43AE422DD2A3F59673B8
S214019A9001FB0733181AE76823893B44834223DA1C
S214019AA06369514343F01003891B63618142D4BF4C
S214019AB021612061BDE8F840224800F065BBA26A3A
S214019AC06168521A002AD0DA23F0010343F40043F6
S214019AD06362FFF7CBFE4FF0804003F03FF8FFF7DD
S214019AE05BFF0028C1D1F8BD40F271277A43A2F589
S214019AF0AF722261FFF758FF236DA28D07FB023379
S214019B0063602365AE424FF00003E3640F4B0CD352
S214019B101A68616A137B4907617E4CBF9279127895
S214019B200B4493420CDC6376C4E7626A1B685207F7
S214019B30197B4CBFDA795A78637E5B1A9342F2DA64
S214019B406276B7E7F421002071370300C4210020B4
S214019B5008B5FFF721FFB0B10B4B586A20F004029D
S214019B6010F001005A6203D1BDE80840FFF75ABE63
S214019B7001F0E2F918F028FAFFF748FEBDE80840C0
S214019B800020FFF757BF08BDF421002038B50E4C62
S214019B90054680B10320FFF715FE002384F8453003
S214019BA00123A4F846300420FFF70CFEBDE8384038
S214019BB01020FFF707BE0520FFF704FE0123A4F8D7
S214019BC0B83084F8B650EEE7F421002070B53B4C6F
S214019BD0636A164603F0010270B95AB116F04BFBE0
S214019BE0636A23F0010305466362FFF73FFE2846DA
S214019BF016F047FB002070BD002AFBD19B0704D559
S214019C00E36BBBB10120FFF7C1FF94F8303003F0DE
S214019C10FD03012B16D016F02EFB0546C6B10E200D
S214019C20FFF7E2FD19F08EFE42F2107303FB060009
S214019C30A06210E002201FF0BAF9E0630028E1D12B
S214019C400720D8E7FEF73CFD0028E4D11220D2E732
S214019C500E20FFF7B7FD0020FFF7C6FD636A13F07D
S214019C600403C4D1E364E38D40F27122023B534303
S214019C70E260236119F02AFE0323B0FBF3F303EB42
S214019C804303C31A253384F86630FFF78DFE19F0B7
S214019C9059FE60602065B4F8BC00002808BFF520B6
S214019CA0FFF77AFD064B05481A6813785278134475
S214019CB05B10637600F068FA99E700BFF421002094
S214019CC0C4210020274B70B55A6A0D4609B3160702
S214019CD047D503F1450603F1460428B3D1061FD53F
S214019CE02388012B1CD95B0823800420FFF76AFD1B
S214019CF01020FFF767FD19F0E9FD2388B0FBF3F2AA
S214019D0002FB1300307055B30320BDE87040FFF727
S214019D1059BD940625D503F1B60603F1B804DCE770
S214019D200420FFF761FDE3E7D20314D5B3F846102C
S214019D30B3F8482091420ED22288520092B2228075
S214019D40B3F84830934228BF134623801020FFF70C
S214019D5039FD0420CDE71020FFF746FDF9E7052081
S214019D60D3E770BDF42100202DE9F04F314CA56BEF
S214019D70636BAE7900278BB00C36C4E90D7705EB23
S214019D800608079383468946D8F824A001F05EFFAB
S214019D90AA5D08F10806C2F3C01231460DF127008C
S214019DA08DF8272017F074F8CDE904B9636A07988F
S214019DB0C3F380230393FF2302939DF82730524673
S214019DC03946CDE9006308F10E03FDF751FB28463D
S214019DD013F066FF636A23F02402D907626205D492
S214019DE00120FFF71FFD0BB0BDE8F08F124B94F872
S214019DF054501A681378527813445B10052D637615
S214019E0002D101F087FD40B994F854309A070ED478
S214019E1013F0040F14BF0325012594F867300120C1
S214019E2065F3030384F86730FFF704FEDBE70225DA
S214019E30F3E700BFF4210020C421002070B54A4A90
S214019E40054651681068AC79127A8AB06B4603C32E
S214019E500C3408201A702C44FEF7D0FC20B10122E5
S214019E60A11D28461EF0C1FEA3798DF80F30A37AF6
S214019E7003F00F0303F128026A44002112F8282C8C
S214019E80ADF81020CDF82110ADF825108DF8201072
S214019E90062B08D8DFE803F0044F07075F074B00DF
S214019EA00D20FFF7A1FCA37AC3F380138DF81230BF
S214019EB0E368CDF81330238AADF8173000231A462D
S214019EC00DF113010DF1120016F0CDFFE3798DF8B7
S214019ED019304FF47F43ADF81A307F238DF81C30CC
S214019EE063798DF81D300023ADF81E30AB7912333F
S214019EF0AB711C2128461EF0D5FEAB792B4403AC72
S214019F000C3309AE224603CAB242186059601446A1
S214019F1003F10803F6D110681860294613481EF0AD
S214019F2068FF4FF0804002F019FE0AB070BD0D20A8
S214019F30FFF748FCB7E7D4F81230CDF82130E38AB2
S214019F40ADF82530EB79063BEB71A37AC3F3C0136A
S214019F508DF82030A7E7064B5B6A9B0444BF42F0AE
S214019F600102ADF810209EE7F4A1030014220020A0
S214019F70F421002070B583790C33C4182379DA07ED
S214019F8002D44FF0FF3070BDA37AE27A03F00F05DA
S214019F90082DF6D8062D01D92846F4E7911F1F296A
S214019FA0EFD8012D1FD10C2AEBD1244E736A13F082
S214019FB0060F01D1DB05EFD416F062FF20B916F0CB
S214019FC056FF0028E8D1DCE7A37A96F83020B2EBFA
S214019FD0D31FC3F3C010D4D104F1120100F0010065
S214019FE0FEF71EFBEDE7042DD6D11449144A486A44
S214019FF00240002AC5D0C96B0029CDD08A790C321F
S21401A00088188A5CC3F38013B3EBD21F08D016F00E
S21401A01037FF0028C0D116F021FF0028BCDBB0E7CF
S21401A02004F10C01062208301EF0FFF9044616F072
S21401A03027FF0028B0D1002CAED0ECE7F421002099
S21401A04008000400F0B5184C606B87B000B3A76B2E
S21401A050BE790C36FCF7A4FE0223FF21BA5DCDE9DA
S21401A0600431BD19D20995F823305B090393AB8BF4
S21401A07002936B8B01932B8B0093002105F1080350
S21401A08080B218F0FDFA606BFDF734F900236363C4
S21401A090A06B13F005FE0023A363636A23F0040399
S21401A0A0636207B0F0BD00BFF421002013B5154C64
S21401A0B016F0E1F8236A01930023236216F0E1F813
S21401A0C0019BA3B9636A1A0406D517F0F1FFA0B184
S21401A0D0636A23F400436362636A1B0305D5FFF7D3
S21401A0E0B1FF636A23F40023636202B010BD01A8C6
S21401A0F01EF0B6FD18F047F8E2E74FF0804002F098
S21401A1002DFDE9E7F421002010B5074C2368DA0697
S21401A11007D523F01003236018B9A168012016F0B3
S21401A12076FE0023A36010BDB4220020014610B5C0
S21401A1300446022016F06BFE054B1B68D90305D4B6
S21401A14063691A075CBF43F00403636110BD00BF77
S21401A150B4220020014BD868DC387047B4220020B6
S21401A16010B5034BDC6819F0EDFBDC3C201A10BD82
S21401A170B4220020034B1B6813EA004314BF0120DE
S21401A18000207047B422002038B5002303604369DD
S21401A190044658070DD5204650F8081FC90C01F48F
S21401A1A0FC7141F00501FDF721FF636923F004030B
S21401A1B063616369D90602D519F0C4FB606018486B
S21401A1C0024652F8043F8BB92360146083684BB192
S21401A1D0617E5A7E914219D26269D2060ED500205E
S21401A1E0FFF792FFBDE8384018F01EBC5968656855
S21401A1F0491B0029E8DA1A461B68E4E75A681B6916
S21401A200134462689B1A002BECDBE8E71A895B684B
S21401A210D31A62681344E268D342E3D5DFE700BF8E
S21401A220B422002038B50B4DAB680446A34208465D
S21401A23001D1FFF769FF6B68074A1BB1A342196892
S21401A24004D11160BDE8384018F0EEBB1A460B4643
S21401A250F3E700BFB4220020B82200202DE9F04722
S21401A260754D2B685B0700F1B080AB68002B40F0A2
S21401A270AC8055E8003F43F0040345E80032002A6D
S21401A280F7D16C689CB119F05DFBD4E9043717F07F
S21401A290100FA268064619D010FA82F26260206892
S21401A2A0D4F8048038BBDC334344C5E9024355E89F
S21401A2B0003F23F0040345E80037002FF7D1AC68D0
S21401A2C0002C75D1BDE8F04701F02CBD606892B254
S21401A2D0811AFF07A1EB060109D40029DFDAE76836
S21401A2E0DF1BCF4205D432441844831AD6E700292F
S21401A2F0D5DA204650E041690289D0F804E0CF065D
S21401A30048BF06EB020E11F0010C08BFD0E903713D
S21401A310AEEB020206BFC91B8918114608EB0307FC
S21401A3207F1A002F28DDBB4205D9E768A1EB08019B
S21401A330DC378F423AD9D4F814A01AF0010F1DD198
S21401A3402169D0F80C9027894144A1EB0901C91B6A
S21401A350E768A1EB0E01DC37B9420FDD971BBCF1B4
S21401A360000F03D10169A1EB09010F44002F05DBA2
S21401A370C0F804E04B460446006891E7477E617EDC
S21401A3808F42F9D2921BBCF1000F03D1D0E903131F
S21401A3905B1A1A44002A02DAFFF7C8FE71E71AF0C0
S21401A3A0100FA6D0C368C0F804E0E4E70B46E3E765
S21401A3B0A36813F4601FC3F3C24008D12B6843F0AF
S21401A3C010032B60214616F022FDBDE8F08704F14C
S21401A3D008063046FDF718FE2B6843F010032B6085
S21401A3E02146F8B916F013FDA36813F4601F4FEA6F
S21401A3F0D341C3F3C24517D0013DEDB201F4FC7160
S21401A40029433046FDF7F2FD03213046FDF75AFE9B
S21401A41075B1A268237E1344120C9BB21204134337
S21401A420A360D2E73846CEE703213046FDF74AFE61
S21401A4303046FDF72DFEECE7B422002008B5034BAD
S21401A440996809B116F0E3FC08BD00BFB4220020EC
S21401A450014B9868704700BFB42200200A4B70B5C4
S21401A4609C6884420FD12146012016F0D0FC666814
S21401A470258919F067FAAD1BC54221464CBF00205D
S21401A480022016F0C4FC70BDB4220020054B1B68E8
S21401A4901B6A13F0100003D013F0030018BF01204D
S21401A4A0704700BFC42200202DE9F341344B9C685D
S21401A4B0A5790C356719635D03F04F036355838DEA
S21401A4C00622103B064688467A700D2B32D8DFE806
S21401A4D003F054315007310C313131313131310C07
S21401A4E0635D6FF30303635524E0625D006A012335
S21401A4F063F30302625510F4006F4FF00C027A709A
S21401A50006F12E0107F108020CD001924FF0FF323E
S21401A5100092C0F380201A4616F0AEFC635D43F04D
S21401A5208003E0E7D6F82E30BB608B889380336AD1
S21401A5305B05F3D4B28D635D62F345136355B91CB5
S21401A540304619F04CFA635D60F386136355A379C0
S21401A5507A7802331344E371B38D03F01403142B9A
S21401A56004D0B8F1000FC4BF42447A7002B0BDE80F
S21401A570F081635D62F30303B5E7635D0222F9E7E9
S21401A580F01F002038B529490B7D4A7D0133DBB227
S21401A590B3EB921F04460B7503D303230B75002000
S21401A5A038BD016AC90234D590F87E200323243AC7
S21401A5B092FBF3F303EB4303D21A2532D2B2A18DF9
S21401A5C094F87F30B4F9340084F87E2011F010013D
S21401A5D003F00F0323D119F02DFA01F07DF8B4F939
S21401A5E07820824204F1700504D0A4F8780001F0C6
S21401A5F023FD6881284601F0DFFB00221146104644
S21401A60016F007FC94F87E00002119F012FA0120DA
S21401A610C6E75B001A4102F003022532CFE7024685
S21401A6201946002001F006FED7E700BFF01F002004
S21401A6301F4B2DE9F04104461860006C1D4E1EF0BC
S21401A64076FB01462046FFF72FFFA38D03F0140388
S21401A650142BB36814BF226C00221A602046FFF741
S21401A66091FFFFF713FF144B051E144808BF184649
S21401A67001F0DCFC6369676803F0100819F062F901
S21401A6806D000346627EE8B2B8F1000F03D1FF1AEF
S21401A690B7F59B7F07D5114601F076FCB068BDE89B
S21401A6A0F04101F045BC616819F052F9F6E700BFC8
S21401A6B0C4220020F01F00204DA7010099A9010027
S21401A6C070B50546FFF7E2FE104B114E041E114809
S21401A6D008BF184601F0AAFC2846FFF753FF0546B7
S21401A6E060B133686000597E00F0FE0001F04CFC5A
S21401A6F0094BBDE87040986801F01ABC01F096FC61
S21401A70030682946BDE87040FCF734B84DA7010013
S21401A710C422002099A90100F01F0020034610B5AD
S21401A720094C052B20680AD0062B0CD1002001F01D
S21401A7307DFC20680121BDE81040FCF71BB8BDE890
S21401A7401040FFF7BDBF10BDC4220020032803D16F
S21401A750024B1868FFF7B4BFFFF7E0BFC422002022
S21401A7600C4B032810B51C680FD1206C1EF0DFFAC5
S21401A77001462046FFF798FE074B226C9B68204651
S21401A7801A60BDE81040FFF79BBFBDE81040FFF719
S21401A790C5BF00BFC4220020F01F00202DE9F843EA
S21401A7A08B790C33CC1806462379DA0703D44FF09D
S21401A7B0FF30BDE8F883E77A252FF8D83C4B9A6836
S21401A7C093790C33D118D35CA27AC3F38013B3EB1D
S21401A7D0D21FECD1056AEB064CBF023104310622CA
S21401A7E004F112001DF021FE0028E0D194F80A9031
S21401A7F016F046FB05F4C04580F001032A1EC9F396
S21401A800801904F10C084146DBB218BF0122484604
S21401A81019F0A8F8014658B1A37A03F00F03032BE9
S21401A82016D1336A9807C2D50C2FC0D10320C0E7D2
S21401A83016F02CFB0028BAD1A37A03F00F03002DE3
S21401A840EDD0032B85F4C04513D1A904AFD5E8E7B5
S21401A850052BACD1306AC207A9D500F01403142B1E
S21401A8600CD004F1180018F0EBFF00289FD005204B
S21401A8709FE7052B9BD16B04ECD498E706F12E05D8
S21401A8802946C0F3802016F0F0FA0028E9D1A27A12
S21401A890336AC2F38012C3F380239A4287D1062219
S21401A8A0294640461DF0C1FD0028DAD07FE700BFEB
S21401A8B0F01F00202DE9F74F4FF0FF310746002427
S21401A8C001A8019401F048F8019949B13846FFF70B
S21401A8D065FF032806D005284BD001A81EF0A2F973
S21401A8E001203FE0DFF8A8802848DFF8A89001F0B3
S21401A8F09DFBD8F800302046597E01F067FBD8F85A
S21401A90000B0D9F80860DBF844001EF010FAB479FC
S21401A9100C3406EB040A335D03F0400343F00403F2
S21401A920054633550AF10201584619F058F8335DC9
S21401A93060F386133355D8F80030D9F808005B6CFD
S21401A940002DA4BF06358AF80150036001F0F0FA25
S21401A950D8F800301B6ADB0407D50199384616F093
S21401A9602DFD002003B0BDE8F08F01A81EF05AF9B6
S21401A970F7E7019801F0A8F80199384616F0C7FCE8
S21401A9800028ADD0204601F051FBEAE761A701009F
S21401A990C4220020F01F00200E4A032810B51468B8
S21401A9A005D0042809D0BDE81040FFF7B7BE617E88
S21401A9B00120BDE8104001F0A5BA2046FFF77AFF56
S21401A9C030B101F043F92046BDE81040FFF778BEEC
S21401A9D010BD00BFC422002038B50D460446002035
S21401A9E001F024FB01F032F929462046FCF70CFA67
S21401A9F0014B00221A6038BDC82200200123074AF5
S21401AA0003FA00F002F1140353E8003F034302F196
S21401AA10140C4CE800310029F4D1704708200020BE
S21401AA20F8B5244F7B6913F4C07F05460C4603D066
S21401AA3099063BD401200CE039B15A0705D4D5F864
S21401AA40A43013B90820FFF7D9FF7B699B0601D50F
S21401AA500020F8BD7B7FAE6A022B06F0080604D9FB
S21401AA6016B114B90220F4E7E4B995F8921095F8F6
S21401AA703701063100F00F0000F0E8FD85B20EB98F
S21401AA8004B16D00FFF76CFBA8420DDB7B6913F088
S21401AA901C0FDDD11EB1002CDAD10520D9E7002C20
S21401AAA0FBD1D5E70320D4E70420D2E7002CCFD092
S21401AAB0C3E700BF0820002038B5124D6B69044675
S21401AAC043F400734FF4806128306B6118F0E9FE9F
S21401AAD00121204616F03EFD00212046FFF7A0FF8B
S21401AAE0014620B12046BDE83840FFF775BF6869CA
S21401AAF0617E80F48070BDE83840C0F3002001F02C
S21401AB0001BA00BF0820002038B50C4B0446186077
S21401AB1000F5947001F050F92046FCF741F9C4B2F3
S21401AB20204616F082F90546204616F080F9294699
S21401AB300246022016F06DF938BD00BFC82200207B
S21401AB4008B5002001F072FA01F080F8014B0022EE
S21401AB501A6008BDC822002010B50446FFF7D4FFCE
S21401AB60064801F063FA6168226C637E01EB92028B
S21401AB70BDE81040112001F079B900BF49AE0100CF
S21401AB803F4B37B51C68A26A002350050193D4F8E1
S21401AB90A03012D504F1A40001931EF061F8C4F8A8
S21401ABA0A00050B194F84631013B84F846314FF489
S21401ABB0806104F1280018F074FED4F8A0500DB995
S21401ABC0304B9D6894F94631022B0DDCD4F8A83041
S21401ABD013B1A36AD90502D5D4F8AC3023B14FF42A
S21401ABE080512046FCF7F2F8D4F8A410A36AAA799B
S21401ABF0002902F10C024FEA830314BF0121002150
S21401AC0003F00C0343EA0113A95C21F01C0143EA9B
S21401AC100103AB540DD11B4A02F1140353E8003F64
S21401AC2023F0080302F1140040E800310029F3D1B3
S21401AC3002E00320FFF7E2FE284601F079F9019BC6
S21401AC4053B15B7903F00A03082B02D12046FCF7C7
S21401AC50C3FB01A81DF0E6FF6B799A070ED5A36A20
S21401AC601B040BD50820FFF7C9FE4FF4004104F181
S21401AC70280003B0BDE8304018F013BE03B030BD65
S21401AC80C8220020082000202DE9F04385B00023CB
S21401AC900446032103A8039300F05EFE039D35B925
S21401ACA0F4212046FFF798FE05B0BDE8F083AB79A6
S21401ACB0644F0C331D447B692A79D6074ED4DD06D2
S21401ACC04CBF07200420FFF799FE002601212046ED
S21401ACD0FFF7A6FE054650B97869617E80F480705C
S21401ACE0C0F30020400001F071F9FFF749FF039817
S21401ACF000F0EAFEDDF80C807A6998F80630510615
S21401AD0003F10C0308EB030915D458F803303B6133
S21401AD100620FFF773FEA36A1A060CD404F1280274
S21401AD2052E8003F43F0800342E800310029F7D1A2
S21401AD300120FFF763FE4946204616F011FC99F8FC
S21401AD400430DB077BD5002E52D11DB129462046A3
S21401AD50FFF742FE03A800F0D9FCA5E723F0100395
S21401AD6001207B61FFF74AFEAE7AF0062FD502205E
S21401AD70FFF744FEA36AAA7A83F00203C2F38002B5
S21401AD80C3F340039A422FD104F128004FF4006127
S21401AD9018F087FD50E8002F42F4806240E8002357
S21401ADA0002BF7D1A26A82F00202A2627B77AA7A0E
S21401ADB0A36AC2F3C00203F001018A4285D183F07F
S21401ADC0010316F00306A36218BF01267EE707F10A
S21401ADD0140353E8003F23F0040307F1140141E88C
S21401ADE00032002AF3D1C5E77B7F0133DBB2DDE712
S21401ADF02046FBF7D5FFC0B216F017F806462046E8
S21401AE00FBF7CEFFCDF80480A38F009382B2002318
S21401AE103146022016F005F84FF0FF3103A800F086
S21401AE209BFD03998B790B44DB7D002B8DD020464F
S21401AE30FCF7F0FA002D3FF437AF294631E7002E34
S21401AE4083D0E9E70820002008B5124A0346042B00
S21401AE5010680BD002D8032B18D008BD053B012B78
S21401AE60FBD8BDE80840F121FFF7B6BDFFF70CFFA0
S21401AE70094A02F1140353E8003F23F0200302F1CC
S21401AE80140040E800310029F3D1E6E7BDE80840A8
S21401AE90FFF712BEC822002008200020164B0338F8
S21401AEA010B51C68032818D8DFE800F00702181E42
S21401AEB02046BDE81040FFF7E7BE2046FFF7FCFD41
S21401AEC00E4A02F1140353E8003F23F0200302F177
S21401AED0140040E800310029F3D110BDF1212046CD
S21401AEE0BDE81040FFF778BD4FF4806104F12800FB
S21401AEF018F0D7FCF221F2E7C82200200820002033
S21401AF0010B50446FFF700FE054801F08FF8FFF77D
S21401AF1037FE627E61680220BDE8104018F018BD59
S21401AF209DAE0100034B5B6A13F0060F0CBFE220D7
S21401AF30F1207047F421002008B5FFF789FA054B88
S21401AF40834206D100F082FEBDE80840002001F0F1
S21401AF506DB808BDF421002070B5214C214801F0E0
S21401AF6065F894F8673094F8662003F00F03002123
S21401AF70C82018F05FFD00F0AFFBB4F960208242F4
S21401AF8005D0A4F8600001F057F8A4F8620016484E
S21401AF9000F012FF00221146104615F03AFF6668CF
S21401AFA018F0D0FC0246FFF7BDFFB61AB6F5FA6FE9
S21401AFB0054609DCFFF7CEF8627EA0F5AF7128469C
S21401AFC0BDE8704000F01CBF6668FFF7C3F8637EFB
S21401AFD0A0F5AF7231462846BDE8704000F046BF86
S21401AFE0F421002081B401004C22002038B500F085
S21401AFF02DFEFFF7B5F8B0F5967F0D4C0CDDFFF78B
S21401B00091FF0546FFF7A6F8627EA0F5AF712846C8
S21401B010BDE8384000F0F4BE18F094FCE36C6268BA
S21401B0209B1A0344E3640020BDE8384018F0ADBB2A
S21401B030F4210020F7B5104C94F8455006460F460B
S21401B0402DB1013D84F84550002003B0F0BD0B4BF7
S21401B0501B680220597800F0B9FF94F83030CDE92A
S21401B06000533A46E06B0323314618F0BFFBE06B12
S21401B07000F05EFF0120E8E7F4210020C421002053
S21401B080094A02F1240353E8003F43F0080302F1A2
S21401B090240040E800310029F3D1044B1B6801204D
S21401B0A0597800F02FBF00BFF4210020C4210020F2
S21401B0B0438902895B0040F2712043435B1AD0B298
S21401B0C04343120AB3FBF2F3024A126811445818BA
S21401B0D0704700BFF824002030B58C1AE41A002C03
S21401B0E008DA124C6468551A1D44B5FBF4F505FBE5
S21401B0F0044421441344CB1A40F2E242B3FBF2F378
S21401B1009BB242892BB9530040F2712404FB031110
S21401B11013460132B3FBF2F402FB143202819B1A8E
S21401B12040F2E24000FB131030BD00BFF8240020BF
S21401B1302DE97043064618469DF818308946144690
S21401B140E3B9C31E012B8CBF02250325222100F083
S21401B1507DFA164B5B686D0040F2712808FB05F519
S21401B16081446BB121463046FFF7A2FFABB20146E0
S21401B1704A463046BDE87043FFF7AEBF0125E5E716
S21401B180738934890133B4FBF3F203FB1244F37978
S21401B19034815B00640008FB03F308FB04F404EB52
S21401B1A0530404EB09002844BDE87083F82400200A
S21401B1B02DE9F041134E736A5B0780461BD58B79E8
S21401B1C00C33CF18C8B9FD79CC583989284600F018
S21401B1D03DFA0444B8F1000F11D1033D012D94BF8F
S21401B1E0032302235B0040F2712202FB0344346412
S21401B1F07B7986F84430BDE8F0810125E4E7012338
S21401B200F0E700BFF42100202DE9F04F1F46984BD0
S21401B2109D6B5B6AAC798DB00C341646021E0592A6
S21401B2202A5D069108BF002161F345122A55314671
S21401B23003F040023846C3F3801A039215F022FE4B
S21401B24005EB04080790285D08F1080B5946C0096C
S21401B25015F018FE039B8146002B44D1002844D1EB
S21401B26015F00EFE80F00103DBB203F00103524637
S21401B2703146384618F076FB0490002800F08A80A4
S21401B280039B002B33D1B9F1000F75D1079B002B1F
S21401B29072D015F0E6FD00286ED001220AA90DF144
S21401B2A0270015F0F1FD002874D09DF827302A5D9F
S21401B2B0591E4B424B41B3EBD21F6BD106220AA952
S21401B2C058461DF0B2F8002864D13368C8F8083033
S21401B2D0B388ABF804302B5D67F3C7132B554FF0DB
S21401B2E00009CA4619E00123BFE7039BBDE7604B8F
S21401B2F05B6A13F400791CD115F804A0CAF3801A0E
S21401B300484615F0C6FD3368C8F80830B388ABF870
S21401B31004302B5D67F3C7132B55059B544E002B4A
S21401B3203ED196F8B630002B3AD0013B86F8B630BF
S21401B33030E015F093FD002806DA15F804A04FF06A
S21401B3400009CAF3801ADBE700221146104615F001
S21401B35095FD15F804A08146CAF3801A0028CFD0BF
S21401B360002302211A4608EB010018F017FA2B5D9C
S21401B37060F386132B55C3E77A1E57422B5D574160
S21401B380B7EBD31F06D10622314658461DF04DF8BD
S21401B3900028A4D00023049304980DB0BDE8F08FD4
S21401B3A018F0D0FA074616F0BBF8059B0093024644
S21401B3B09DF85830394608F10E00FFF7B9FE2D4BBF
S21401B3C0059A1B680746A2B95978022000F0FEFDCF
S21401B3D0B06B00F0ADFDB36B9A7913441F63FFF7B2
S21401B3E037F8254BC361069BBBB9736A23F48063A8
S21401B3F016E0D979002000F0E9FDB06B00F098FD69
S21401B400B36B1E489A7913441F6300F00FFE069B28
S21401B410C3B9736A23F4806317E0736A43F48063E5
S21401B4207362039B9BB1B9F1000FB5D000231A4696
S21401B430514608F1020018F0B1F92B5D60F386134E
S21401B4402B55A9E7736A43F480637362EBE72B5DC0
S21401B4500022C3F3C01359460AA88DF8283015F008
S21401B46013FD2B5D9DF8282062F3C7132B55DAE7F1
S21401B470F4210020C4210020C71F030021B60100CB
S21401B48004282DE9FF471ED005D8032800F0BA800E
S21401B49004B0BDE8F087431F012BF9D805384FF0FB
S21401B4A0010118BF0120FEF70DFC18F04BFA5A4AAD
S21401B4B0D36C51685B1A03440020D36404B0BDE822
S21401B4C0F04718F062B903A800244FF0FF31039447
S21401B4D000F042FA039858B1FEF74CFD08280746DB
S21401B4E003D84E4B1E5C31070AD403A81DF09AFB05
S21401B4F0494B5B6A13F0060F0DD0FFF777FD0AE0A4
S21401B5000728039D0ED122464348294616F052FDD0
S21401B5100446002CECD00121084604B0BDE8F047F3
S21401B520FEF7D0BBDFF8F080D8F8244014F004040E
S21401B53010D016F002040DD0AA790C322A4401204C
S21401B540917A0090C1F380130C32C1F34011FFF7DA
S21401B5505BFE0446284600F0B7FA29460120FFF7AD
S21401B56027FED8F82430DA072DD595F8069003F093
S21401B570800A09F10C0915F083FCA94480F0010347
S21401B58099F80A00BAF1000218BF0122DBB209F1EC
S21401B5900C01C0F3801018F0E5F960B134BBD8F89F
S21401B5A024309B07284632D5F40710D4730730D5CC
S21401B5B0FEF744FC9CE7BAF1000F04D1514615F0A2
S21401B5C065FC0028EAD0284612F06AFBA1E718F0CD
S21401B5D07BFA044650B1A8790C3028440C3010F898
S21401B5E0021CC1F38011FFF725FD0446042F03D189
S21401B5F0D8F824309907E6D57207E4D52846FEF731
S21401B6001DFC86E704B0BDE8F047FFF739BD042FFF
S21401B610CCD112F045FB6BE7F4210020FEA103001C
S21401B620032808B50AD1074800F000FD064B0120A3
S21401B63093F94410BDE80840FEF796BBBDE8084004
S21401B640FFF71EBF81B40100F4210020064B10B5A0
S21401B6505B690C4610B101F03FF8034618795B8828
S21401B66004FB003010BD00BF10190020084B10B5B8
S21401B6705B690C4610B101F02FF803465A88A242C6
S21401B6803BBF1B79A41A0020B4FBF3F010BD00BF2A
S21401B690101900200138C0B203289ABF014B185C6C
S21401B6A00020704707A203008BB20029054AB4BFE9
S21401B6B0053B05331BB20A21108093FBF1F393700F
S21401B6C0704700BF202F0020024B9B78C01A40B263
S21401B6D0704700BF202F0020024B1B88C01A00B203
S21401B6E0704700BF202F0020074B186840F20D134B
S21401B6F038B9002BC1BF44334522B3FBF2F0C0B2C8
S21401B70070470068453BF3E7101900202DE9F0412A
S21401B710064614F0B0FD0746FFF7E6FF3546044639
S21401B720286818B16CB928461DF07CFA31680A48B9
S21401B7301DF05FFB384614F0A4FD00233360BDE81E
S21401B740F081D0F800801DF026FC2B68013CC3F880
S21401B75000802D68E4B2E3E710190020024BDB6B92
S21401B76003B11847FEF76ABE1019002010B5064A45
S21401B770C043131D53E8003F0340141D44E8003145
S21401B7800029F6D110BD00BF1019002010B5054ADA
S21401B790131D53E8003F0343141D44E800310029FC
S21401B7A0F6D110BD1019002070B51946154606468B
S21401B7B010461C4618F0BBF82A46454D234630462F
S21401B7C018F0BAF8D5E9062300EA020401EA0306EE
S21401B7D054EA060313D0630104F0806010D56B6849
S21401B7E0180623D43B4B234093BB3B4B06F0200269
S21401B7F02340134356D12046314618F094F870BDC5
S21401B800A4F1080333431CD1EB7A012B42D16B68B8
S21401B810D90743D50323EB726B8C013304206B8469
S21401B820FFF79CFF012018F083F8E4E72B1D53E88F
S21401B830003F23F08003291D41E80032002AF5D19C
S21401B840DDE7A4F10C03334317D118F071F8DBE7F9
S21401B85024F0011323F4A0433343C6D1EB7A012B22
S21401B86018D16A6840F20143934314BF00230323AF
S21401B8700520EB72FFF772FFBDE7231F334302D1AA
S21401B88018F057F8B7E704F17F433343AAD1EB7AB0
S21401B890022B0FD0042018F030F8ACE713F4006345
S21401B8A0BAD1B8E70420FFF771FF4FF0006001F04E
S21401B8B055F9A0E76B689A0706D50423EB722B8C23
S21401B8C0013303202B84ABE713F02003F7D1F5E710
S21401B8D010190020015001000DD50155014B986A41
S21401B8E0704700BF1019002010B5064CA06A1CF066
S21401B8F08AF828B9A06A1CF088F800F0010010BD8B
S21401B9000120FAE710190020014B986A1CF07FB855
S21401B91010190020024B5868C0F34020704700BF42
S21401B9201019002010B504464FF40070FFF71EFFF3
S21401B930084B986A1CF06DF838B10CB9002010BDA0
S21401B9404FF40070FFF722FFF8E7002CF6D00C202A
S21401B950F5E700BF101900202DE9F04F0468594D96
S21401B96089B006468846002C48D0A77920460C3771
S21401B9701DF0DDF927440A383C89B8F1FF3FA4EBF6
S21401B980000402D04445A8BF4446B5F83890B0EB51
S21401B990090713D4002C0EDD6D6B36683D44FF2C71
S21401B9A0224629463046A8BFFF221DF01EF9241A5A
S21401B9B036680544F3D109B0BDE8F08FA9EB00095C
S21401B9C0296BD6F800A0A145A8BFA14601EB000B44
S21401B9D0C846B9F1000F0DD04246FF2A59465046D7
S21401B9E0A8BFFF221DF001F9B8EB0008DAF800A0A5
S21401B9F08344F1D1A4EB09044F44CBE7A86A03AA18
S21401BA0003211BF061FFBDF80E700294A146E862A7
S21401BA100A3702AC09E023601B682B602368C3F871
S21401BA2000902368002F1C4611DD2B68453F002B34
S21401BA30F1D101201DF0BBFA034620600028F1D1A8
S21401BA40019002A81DF0EEF8019B3360B3E72B1DB1
S21401BA5053E8003F43F008032A1D42E80034002C57
S21401BA60F5D14FF0006001F079F80298BDF810208A
S21401BA70437943F001034371069B30606B63059B7A
S21401BA802A872B638379BDF80E200C3303441C717F
S21401BA901A819DF80C20297A9971072ADC711FBF3B
S21401BAA0AB8C0133AB846B8C0ABF012203F1FF33ED
S21401BAB01A714FF00A0118BF6B841DF08AF83468BA
S21401BAC053E700BF101900202DE9F04187790C37A4
S21401BAD0C41986B0237913F0020805461BD1174E08
S21401BAE043F0020323716A46D6E90A011BF0F0FE11
S21401BAF02389B06A03336946ADF804301BF0EAFEC9
S21401BB00009BEB519DF90E00FFF7DEFD6071B37AE5
S21401BB10022B03D8E37106B0BDE8F0819DF8113021
S21401BB20012B04D0022B04D02BB90423F2E7032304
S21401BB30F0E70123EEE784F80780ECE71019002010
S21401BB4037B5124B00F00F041B88ADF80430012CFA
S21401BB5015D0022C15D18DF804400D4D6B6842F2BC
S21401BB6022000340A3420ED0FFF700FE2046FFF757
S21401BB700DFEA86A01A91BF027FE03B030BD2024E4
S21401BB80EBE70024E9E70020F7E700BF30A2030057
S21401BB90101900202DE9FF41144C174602230025F9
S21401BBA08046A06AE3720E46CDE9025509F0BAFD59
S21401BBB0384602968DF80C5017F0B7FE0090617A61
S21401BBC0A06A02AB2A4609F0E9FD044648B9404698
S21401BBD0FFF7B6FF3B4604462A460121304617F0DA
S21401BBE0A0FE204604B0BDE8F08100BF1019002079
S21401BBF037B5144B00F00F041B88ADF80430012C48
S21401BC0014D0022C16D000240F4D6B6841F60100AB
S21401BC100340A34213D0FFF7A9FD2046FFF7B6FD68
S21401BC20A86A01A91BF0E6FD03B030BD04238DF818
S21401BC300430E9E78DF804404FF40064E4E700209F
S21401BC40F2E700BF30A203001019002038B5104CEF
S21401BC50E37A23B100221146104617F061FE002553
S21401BC602846E57217F064FEA06A012203211BF044
S21401BC7033FDA06A2A4601211BF02EFE8020FFF725
S21401BC8075FDBDE838404FF44050FFF77FBD00BF5B
S21401BC901019002008B5FFF7D9FF044AD38C0133E9
S21401BCA0D3840620BDE80840FFF758BD10190020D0
S21401BCB0F8B51B4D6B68590704D50420FFF756FDF0
S21401BCC0FFF7E8FF6B681A070FD514F0D4FA06469B
S21401BCD0FFF70AFD124F044624B101201DF067F953
S21401BCE00146A8B9304614F0CCFA6B68DB0615D5C8
S21401BCF01020FFF73BFD00F001FD78B114F0BBFA10
S21401BD000446FFF7C7FF2046BDE8F84014F0B9BA6D
S21401BD103846013C1DF077F8E4B2DDE7F8BD00BF18
S21401BD201019002010B50022084C1046114617F0D5
S21401BD30F7FDA06A09F0F6FC17F0FDFD20461CF0A1
S21401BD4071FFBDE810400820FFF710BD1019002054
S21401BD50014B986A1BF099BE1019002038B5154C96
S21401BD60A37A8342054610D0431E042B08D8DFE889
S21401BD7003F0030D11161800A06A0AF045F920B960
S21401BD802846A57200F0A8FC606138BDA06A17F0CD
S21401BD90DBFDF4E70121A06A17F0D8FDEFE70321E8
S21401BDA0F9E7FFF7B7FD0028EAD0A06AFFF7D0FF52
S21401BDB0E5E700BF1019002073B504460F4D408912
S21401BDC000F098FAA07B287217F082FD6872E07B7B
S21401BDD0002600F00F00FFF7C1FF0096D4E900210E
S21401BDE0A37BA86A1BF075FE32463146304615F035
S21401BDF010F8206817F09EFD02B070BD10190020E3
S21401BE00F0B585B00023184E00938DF80C30C0F3C2
S21401BE10401301278DF80E30C0F300130446154673
S21401BE20F7728DF8047002918DF80D30FFF7E0FE81
S21401BE3020B1042017F061FD05B0F0BD284617F0CB
S21401BE4074FD717A03466A46B06A09F0B3FC2A4665
S21401BE500646C4F38011384617F062FD14F0DAFF87
S21401BE60002EE6D1E8E700BF101900202DE9F043C7
S21401BE70234D85B004460E469046002110224FF011
S21401BE80010968461F4685F80B901CF0F8FAA86A67
S21401BE9009F048FC00238DF80430E3060096CDF83F
S21401BEA0088005D56B691B888DF80D904344029375
S21401BEB000238DF80C303846C4F340138DF80E304D
S21401BEC017F033FD697A03466A46A86A09F072FCE0
S21401BED028B1042017F011FD05B0BDE8F083204617
S21401BEE0FFF786FE3B460546C4F380120121304625
S21401BEF017F017FD14F08EFF002DEAD1ECE700BF16
S21401BF0010190020094B10B501220C46DA72FFF712
S21401BF106FFE10B1042017F0F0FC2246002101202C
S21401BF2017F0FEFC14F076FF10BD00BF10190020BC
S21401BF30F8B5044614F06FFFA179E279114E521A52
S21401BF400C3107460123B06AD2B221441BF0B6FC7D
S21401BF50E579A379ED1A57FA85F524680CB93561A8
S21401BF60F8BDA179E279B06A521A0C310023D2B237
S21401BF7021441BF0A3FCE379A2799B1A55FA83F5B9
S21401BF80EBE700BF10190020F8B50F4E02230D464F
S21401BF90F372FFF7D5FD044620B1BDE8F840042052
S21401BFA017F0ABBC284617F0C0FC2A4607462146C8
S21401BFB0012017F0B5FC717AB06A3B46224609F0BB
S21401BFC0DFFB0028E9D1F8BD10190020084B10B599
S21401BFD002220C46DA72FFF7B3FD10B1042017F007
S21401BFE08CFC22460021012017F09AFC10BD00BFF0
S21401BFF010190020014B187B704700BF1019002054
S21401C00068B1084B194653F8042F0AB18242FAD296
S21401C0105B1A9B10013BDBB2034A13737047012383
S21401C020FAE700BF0CA2030010190020014BD863E9
S21401C030704700BF1019002073B50F4B0F4E9B7D44
S21401C040FF2B044615D1ADF804000023B06A8DF825
S21401C05003300DF1030201A909F090FF9DF803508A
S21401C060B06A22462946F4F71BFB40EA052002B0D7
S21401C07070BD034B1D78F3E7202F00201019002018
S21401C0801A2F0020044BC2B2C0F30721986A82B06F
S21401C09002B0F4F785BB00BF1019002010B50D4C97
S21401C0A00021A06A1BF076FB0B49A06A1BF0DBFBA4
S21401C0B0FE21A06A1BF0C5FBA06A09F077FD074BBD
S21401C0C0B3F910208242C8BF18821A8A9A805A8A07
S21401C0D0DA8010BD101900201A2F0020202F002012
S21401C0E0F0B5154C85B0B4F91070ADF80210ADF886
S21401C0F00420ADF806304FF0C8124FF0821369469F
S21401C100CDE90223ADF8000002AD04200B46B1F9DB
S21401C110002035F9026BBA42A8BF3A46B242A8BF20
S21401C1203246013821F8022BF1D103CB034BA06034
S21401C130596005B0F0BD00BF202F0020282F002039
S21401C14073B50546F4F7A8FB314E03683360838860
S21401C150304CB3800023A370238033788DF80130F0
S21401C160FF2D18BF1D46A5752B4DA86A0DF10303BB
S21401C1700DF102020DF101011BF040FC9DF80130AA
S21401C18040B90133DBB20D2B8DF80130EDD901201A
S21401C19002B070BDA27DFF2A00D0A3758DF80530D0
S21401C1A033709DF802308DF804300198FFF76AFF6E
S21401C1B0C828A8BFC8209DF803308DF80430208217
S21401C1C00198FFF75FFF154B9842B8BF184660828B
S21401C1D0B4F91000FFF730FFADF804000198FFF73F
S21401C1E051FF2082B4F91200FFF726FFADF80400D4
S21401C1F00198FFF747FF4FF6FF73A382642360821F
S21401C2001A4618461946FFF76BFF0020C0E700BF25
S21401C2101A2F0020202F0020101900200CFEFFFFEF
S21401C220034A0346B2F906000BB1FFF755BA704749
S21401C230202F0020084B10B5B3F9044030B903EBAA
S21401C2404103B3F906309C42A8BF1C46A242A8BFD0
S21401C2502246104610BD00BF202F0020014BB3F927
S21401C26012007047202F0020014BB3F910007047D1
S21401C270202F002073B5064613F0FDFF0C4D044633
S21401C280B5F91200B5F91030B042B8BF3046984241
S21401C290A8BF1846FFF7D0FEADF804000198FFF7D7
S21401C2A0F1FEE880204602B0BDE8704013F0E9BF19
S21401C2B0202F002073B5064613F0DDFF0C4D044613
S21401C2C0B5F91000B5F91230B042A8BF3046984211
S21401C2D0B8BF1846FFF7B0FEADF804000198FFF7A7
S21401C2E0D1FEA880204602B0BDE8704013F0C9BF59
S21401C2F0202F0020F0B5C0F3072585B0FE2DADF840
S21401C300040027D0144C9DF8047013F0B4FF637D2D
S21401C310AB4206460ED0114B18689B88ADF80C3020
S21401C3200F4B029002A9986A8DF808501BF09BFAF1
S21401C330FF232375237DBB4206D0094B3946986AF5
S21401C3401BF07FFA27756575304605B0BDE8F040ED
S21401C35013F097BF05B0F0BD202F00201A2F002044
S21401C360101900202DE9F047DFF8449086B0074603
S21401C3700E4614460DF10808A9F1100ACDE90098F9
S21401C3800B4B3A468021504613F0D0FC0028F5D1DD
S21401C390102C254628BF102530462A4641461CF05B
S21401C3A088F8641B2F442E44E8D106B0BDE8F08718
S21401C3B0F130002030B589B0202269460D4DFFF7D7
S21401C3C0D1FF6A4604AB144603CC9C4228606960E0
S21401C3D0224605F10805F6D1074C08AD1A4603CAF0
S21401C3E0AA4220606160134604F10804F6D109B040
S21401C3F030BD00BFE1300020F130002010B588B01C
S21401C4006946202011F05EFE044630B96846FFF703
S21401C410D1FF034B012283F82020204608B010BD2F
S21401C420E130002070B5134B93F820308CB00546F0
S21401C4300C460BB9FFF7E2FF0023CDE90033CDE947
S21401C440023354B91C22214605A804941CF017F89F
S21401C45004A8FFF7AFFF0CB070BD102C264628BF0E
S21401C4601026294632466846FFF77CFF3544A41B52
S21401C470E7E700BFE13000202DE9F047164B1D68C5
S21401C480D3F8048098FAA8F4B4FA84F404EB4402CE
S21401C49093F8089006460F4605EB82054FF0010A11
S21401C4A04C4504DB4FF0FF342046BDE8F0870AFA1E
S21401C4B004F313EA080F0BD0AB6803F00103B34291
S21401C4C006D10622294638461BF0AFFF0028EBD0DE
S21401C4D001340C35E4E700BFEC240020014B0022B8
S21401C4E05A607047EC240020F8B50446134D24EA40
S21401C4F0E47413F0C0FE202C2B7AA8BF2024A3429C
S21401C500064605D10024304613F0BBFE2046F8BD92
S21401C51028682C7200276F6010B111F04FFD2F6054
S21401C5202B7A002BEED00C20604311F029FD2860F9
S21401C5300028E7D128720724E5E700BFEC24002095
S21401C540044BD3F8012002605B7903F01F030371EB
S21401C550704700BF02310020F0B5244B002918BFF8
S21401C5600B4614461268C3F8012022795A7100213D
S21401C5708BB019700125C1F3C402CFB2A65C01F0DD
S21401C580070205FA02F2164207D01A7802F12806C7
S21401C5906E44013206F8287C1A7001312529EAD149
S21401C5A01A7828B16946981D1BF083FF0BB0F0BDC1
S21401C5B0002AFBD005330126C0F3C405C1B2675D6E
S21401C5C000F0070506FA05F52F4208D1B1FBF2F592
S21401C5D002FB15110AAD55FA81F111F8281C03F872
S21401C5E0011F01302528E7D1E0E700BF0231002016
S21401C5F0034B002818BF03460B449879704700BFC9
S21401C6000231002082EA12421FFA82FC8CEA010300
S21401C61093FAA3F31BBA9BB203EB031363449BB2D7
S21401C62093FAA3F31BBA9BB203EB031363449BB2C7
S21401C63093FAA3F31BBA9BB203EB03136344154AA5
S21401C6408CEA030C1FFA8CFCA2FB0C23ACEB030256
S21401C65003EB52035B0903EBC30100B503EB810354
S21401C6600D4AACEB0303002818BF0246C3F3C4010E
S21401C670114403F0070ED8B24978012303FA0EF3EA
S21401C680194201BF13780CFB03F302EB13429079B6
S21401C6905DF804FB4D91CFBA02310020064B074AE4
S21401C6A01A60074B074A1A60074B084A1A60084B7C
S21401C6B0084A1A6001207047402000208B3A030088
S21401C6C03C200020C33A030038200020893A0300AA
S21401C6D034200020C53A03000528044B08BF032078
S21401C6E00622013802FB0030704700BF32A2030069
S21401C6F0014B986D80B27047005008400A4B58684D
S21401C70000F07060B0F1106F0CD008D8B0F1E06F97
S21401C71008D0B0F1006F14BF002001207047B0F1BF
S21401C720406FF8E70120704700400840431C07B5FA
S21401C730014606D00023CDE90033034A034813F02F
S21401C74024F803B05DF804FB713B030020260020AB
S21401C75070B50E461546044610B302F05DFD08B3EB
S21401C760236813F4807F114B1CBF01221A70104AF4
S21401C7701B7814600F4A16600F4A15601BB902F049
S21401C78041FD02F015FD11F0EFFB02F0CFFB0B4B64
S21401C7900B48197802F0D6FBBDE8704002F020B9CC
S21401C7A0212070BD40F20440FBE700BF2E3100207F
S21401C7B00C2500200825002004250020CD3100206E
S21401C7C081DF02002DE9F04186B011F0A1FB974B05
S21401C7D0974D1A789749112011F0CAF92B685A68B3
S21401C7E05423B2FBF3F2002392B25121184611F002
S21401C7F055F90446002840F00A8111F013FA12F0A8
S21401C800A4FF044612F0A3FF844240F2CF8012F048
S21401C8109CFF81B200230122102011F03FF904464B
S21401C820002840F0F480844B1968844B186808F09F
S21401C8301FFC00F05FF90446002840F0E8802B68F2
S21401C8401C7F002C00F0B580102C28BF10241CF093
S21401C85035F9621C81B20023D2B2082011F01EF90C
S21401C8600446002840F0D380754A76490A2011F024
S21401C87049F80446002840F0CA8010F0C9FE04AA10
S21401C8800221322000F00CFA28B9BDF810104FF042
S21401C890FF301BF011F86E460023324606212C208D
S21401C8A08DF8063000F0FCF958B9304617F00DFF48
S21401C8B008B130287FD13C2000F010FA2C2000F07F
S21401C8C00DFA9DF80630190740F1868096E80300B8
S21401C8D0ADF80C10090C02908DF80E109DF806307C
S21401C8E013F0280F07D1DDE90201ADF80410090C99
S21401C8F000908DF806102B681869002840F081809A
S21401C9002B68586900F03CF92B6893F82220D2076F
S21401C91000F1818012F0C9FF02A902460746286885
S21401C92017F02AF90446002871D109F0E1FC12F04B
S21401C93001FF044600286AD1012000F0D1FC424BD9
S21401C94018681CF097FC0446002860D118F025FCF6
S21401C950044602F023FF804617F08CFF414602464C
S21401C960204616F045F80446002850D12B681B686F
S21401C9709B050CD4B7F5FA7F09D913F075FC012194
S21401C9800746084612F093FF384613F071FC2B68F1
S21401C9909A692E4B1A6017F039F92D4B18603046FC
S21401C9A000F036FD2B4810F0A7FF30E012F0CFFE66
S21401C9B02FE704244BE704AA01213C2000F070F97C
S21401C9C040B99DF81030012B14BF492372238DF80E
S21401C9D0063076E74923FAE7F5F778FDCDE9040155
S21401C9E0030C8DF80A30BDF81530ADF80B309DF804
S21401C9F017308DF80D304923ADF808008DF80E304C
S21401CA006CE717F0ABFD044600283FF479AF2046EB
S21401CA1006B0BDE8F08193F8230018F0A8F80028C6
S21401CA203FF478AF40F20C44F1E700BFCD3100206F
S21401CA300C25002081DF02006C27002070270020D3
S21401CA40113C03000D3C030008250020442600206D
S21401CA50402600202DC701000248002203211BF0BA
S21401CA60D2BF00BFD8260020F8B5114817F088FFBE
S21401CA70E0B917F0CBF80F4D0D4E286006F10C0704
S21401CA80286817F0D6FD10F0FFFD0446304617F073
S21401CA9073FF10B938461CF0C5F802F007FB08B959
S21401CAA0002CEDD1BDE8F84017F0E3BEF8BD00BF9D
S21401CAB0500C00204026002008B5054B1B782BB9EA
S21401CAC017F03CF8B0FA80F0400908BD0020FCE7FA
S21401CAD02D31002010B5054C01232370044B1B6833
S21401CAE003B198470023237010BD00BF2D310020ED
S21401CAF0442600200D4B98420DD8023B984210D890
S21401CB0070B1023B98420ED020F0704020F4604095
S21401CB1000F590607047064B9842F5D140F21C40F4
S21401CB2070472120704740F21B4070470AE000F032
S21401CB300BE000F0024B4FF080525A60704700BF86
S21401CB4000ED00E0044A002352E8000F42E80031FD
S21401CB500029F9D1FBF7CCBD4C260020064A52E845
S21401CB60003F034342E800310029F8D1034B1B681C
S21401CB7003B11847704700BF4C2600204826002006
S21401CB80034B002814BF02461A46024B1A60704730
S21401CB9035CB01004826002037B51C68E10705D5CE
S21401CBA017F03AFD164917481BF035FFA20723D5A3
S21401CBB001F01EFBD0B9144D019013F05CFB044646
S21401CBC028461CF04DF80190204613F05AFB0198B8
S21401CBD090B143799B070CD401A802211CF022F9DD
S21401CBE0019801F0F5FA17F0C6FCE6E717F0C3FC6A
S21401CBF0DEE701F0E1FAF6E7002003B030BD00BF42
S21401CC00640C0020D82600205026002008B50548D0
S21401CC1010F00AFD044B1870BDE80840012110F021
S21401CC2013BD00BF740C00202F31002038B5044618
S21401CC3048B113F020FB2146054608481CF0D9F8F8
S21401CC40284613F01EFB064B022193F9000010F054
S21401CC50FBFCBDE83840FFF73DBF00BF5026002073
S21401CC602F310020F8B50C4B0C4F04460E463868A1
S21401CC701968154608F0FCF9FFF73CFF50B938680B
S21401CC8033462A4644F4802108F008FCBDE8F84003
S21401CC90FFF730BFF8BD00BF6C27002070270020CB
S21401CCA0F8B50C4B0C4F04460E4638681968154605
S21401CCB008F0DEF9FFF71EFF50B9386833462A46FA
S21401CCC044F4802108F0FAFBBDE8F840FFF712BFF4
S21401CCD0F8BD00BF6C2700207027002038B50A4B2E
S21401CCE00A4D19680446286808F0C2F9FFF702FFE2
S21401CCF040B9286844F480211AF0C9FCBDE83840E0
S21401CD00FFF7F8BE38BD00BF6C2700207027002053
S21401CD102DE9F043134B0E461968134B8DB00546AB
S21401CD201868174608F0A4F980B9009733460A2216
S21401CD3002A9284608F0F6FB0DF1080904464FF053
S21401CD400008444505D1002CEFD120460DB0BDE8C2
S21401CD50F08359F8041B28461AF099FC08F10108DB
S21401CD60EFE700BF6C27002070270020F8B50C4BBA
S21401CD700C4F06460C463868196808F079F9FFF733
S21401CD80B9FE054648B9E24316FA82F2386842F41B
S21401CD90802246F48021FFF7BBFF2846F8BD00BF7E
S21401CDA06C27002070270020034B00221A609A800F
S21401CDB0FF229A71704700BF52310020064A13794C
S21401CDC0834207D9126801238340134214BF01200E
S21401CDD0002070470020704754260020054A03466D
S21401CDE01068002208B91A607047C10748BF0132AF
S21401CDF04008F7E754260020014B1879704700BF1A
S21401CE0054260020102A2DE9FF4706460F461546F0
S21401CE1023D8DFF84C80DFF84CA000244FF001093E
S21401CE20D8F8002009FA04F3134213D046EA042086
S21401CE3040EA0A006A46E9B280B2FFF731FF48B914
S21401CE402A46394668461BF0F0FA18B960B204B0B3
S21401CE50BDE8F0870134202CE2D14FF0FF30F6E731
S21401CE60542600200080FFFF2DE9F3411D4E0546A4
S21401CE700146062230461BF0D8FA20B996F906007C
S21401CE8002B0BDE8F0810024EF1CA0462046FFF763
S21401CE9095FFD8B13B88CDF800806946ADF80330E0
S21401CEA0E0B2BB788DF8053019F075FD21280DD05C
S21401CEB0A8B90322294668461BF0B7FA30B92B6891
S21401CEC03360AB88B38060B2B071D9E70134202CEF
S21401CED0DCD12B683360AB88B380FF23B3714FF08E
S21401CEE0FF30CDE752310020034B93F90630013372
S21401CEF001D1FFF759BF704752310020F7B50446FC
S21401CF0017F0DCFC631C39D117F0ECFB4FF4004141
S21401CF100846FFF749FFFFF729FF4B4B4B48002513
S21401CF20214620221D601BF0AAFA284602F0DCF9F1
S21401CF30474D0446FF267CB93720FFF7CFFE424A0D
S21401CF400C2143F6FF70FFF78DFE404A2021382062
S21401CF50FFF788FE002017E094F97530013305D0FD
S21401CF602B7843B91321204618F019F9204602F010
S21401CF70BBF90446DFE784F87560F7E72046FFF75C
S21401CF801DFF18B940F2064003B0F0BD6B460622FD
S21401CF900021204616F06EFE00283CD04923684644
S21401CFA08DF8063017F0A2FB2A484FF47F4140EA7D
S21401CFB004200840FFF7DAFE2349E3B201229A4033
S21401CFC00B6823EA02030B60234B93F90630A34256
S21401CFD001D1FFF7E9FE0B791C4A0020013B05460B
S21401CFE0C1B2994221DBFF260020D65402F07CF91B
S21401CFF0174F0546002DA2D095F97530A34205D1ED
S21401D0003B78EBB91321284618F0C9F8284602F0F8
S21401D0106BF90546EEE76B4606220121204616F01F
S21401D02029FE0028C0D07223B9E75656A64200D082
S21401D03025B1551895F90150555401250130CFE712
S21401D04085F87560E2E700BF5426002032310020E3
S21401D050303100200080FFFF523100202DE9FF41D2
S21401D060354C064601A8FFF7B9FE2379019A93428B
S21401D0701ED86279012A40D100274FF0FF383D467D
S21401D08010E02368EB40D9070BD5082202AB114606
S21401D09068B216F0EFFD20B1039B43453CBF2F4617
S21401D0A09846013523799D42EBD378B2FFF726FFE8
S21401D0B0236813F0010529D0002501220135202D12
S21401D0C018D002FA05F71F42F8D13B432360A36844
S21401D0D0194A013373610C2143F6FF70A360FFF711
S21401D0E0C1FDA8B1236823EA07032360A368013BB7
S21401D0F0A36073614FF0FF3519E0022AFAD10F4A97
S21401D100134413F9010D421CFBD0CFE70127DCE7DE
S21401D11022790A4C013AD2B22146601C1BF095F9DD
S21401D1206DB22246202138202570FFF79BFD284648
S21401D13004B0BDE8F08100BF542600203231002043
S21401D140F0B54A4C89B0002501AA04213F2025707C
S21401D150FFF7A6FD00B101952570454C019E2246BC
S21401D1600C2143F6FF70FFF79BFDC0B10D23A38092
S21401D170019B2560032BA56011D803AD2A46142117
S21401D18043F6FF70FFF78CFD48B995E8070084E881
S21401D190070022460C2143F6FF70FFF763FD019B53
S21401D1A0042B06D004210DEB01023F200191FFF76D
S21401D1B059FD304A20213820FFF772FD28B12D484D
S21401D1C020224FF0FF311BF05AF9237903225B002E
S21401D1D0B3FBF2F3284A1370FFF7E6FD0025237927
S21401D1E09D420DD3012E06D83D20FFF777FD002581
S21401D1F023799D4215D317F07BFA002009B0F0BDC4
S21401D2002368EB40DB070AD56FB2082203AB114651
S21401D210384616F02FFD10B93846FFF76FFE013578
S21401D220DDE72846FFF7CAFDF0B16EB202AB042275
S21401D2300C21304616F01EFD04280AD1029BC3F3CA
S21401D24000238DF80C30012203AB0C21304616F07A
S21401D250E3FC0023CDE90333CDE90533102203AB0C
S21401D2600D21304616F0D8FC0135C1E730310020DB
S21401D270542600203231002031310020F8B5114B00
S21401D28004461879104B00221D46D1B2884205D9B2
S21401D29013F9017BA74202F1010604D10B4B1B785F
S21401D2A08B4202D9F8BD3246EFE70749481C1BF00E
S21401D2B0CCF82C70BDE8F840034A20213820FFF74F
S21401D2C0D1BC00BF5426002032310020313100206D
S21401D2D0014902481BF09FBB840C0020D826002081
S21401D2E00A4B1022DA8228216422C3E906124FF67D
S21401D2F0FF721A8402225A60002283F82B200F2222
S21401D30083F82D0083F82C20704700BF602600208C
S21401D31038B502F095FD40B9094B1A6893F82A1002
S21401D320243203464824994200DC38BD04FB03F549
S21401D3305559ED0601D40133F5E70120F5E700BFA5
S21401D3406026002038B5104C94F82B30D3B16268B3
S21401D35012F0010516D104F1080004F06BF8FFF78E
S21401D360D7FF78B194F82C3008484EF66022534324
S21401D3704FF482712A4610F0E9FA18B9636843F04F
S21401D3800103636038BD00BF60260020D826002058
S21401D39022F00042052A10B50DD0B2F5827F13D0D7
S21401D3A0032A06D1114A536823F00203536002F0A0
S21401D3B04FFD002010BD0D4A1B88118D9942F8D1F2
S21401D3C0002313850120F5E7084B5A6893F82B4094
S21401D3D022F00102012C5A60F4D102F08DFAFFF717
S21401D3E0B1FF204602F07EFDECE700BF602600207C
S21401D3F0004870476F260020044890F82B1000F173
S21401D4000F020830012918BF104670476026002019
S21401D410F0B4827912F0280F034626D0144A016828
S21401D420C2F80F108188A2F813108179517592F80D
S21401D4302A6011680025AE4207DC5368F0BC43F051
S21401D44004030320536002F04DBD4C6A14F4404FB0
S21401D45008D1186808609F889879887144F0080494
S21401D4608F804C6201354831E5E72120F0BC7047DA
S21401D470602600204379024A9B09D05C704700BFB2
S21401D48064A203000B6810B503608B888380FF2AB3
S21401D490044602D10723A37109E0032A08D8054BE5
S21401D4A09B5C8371072B02D1FFF7E4FFA07110BDCF
S21401D4B00023F0E768A203008379024A03F007031A
S21401D4C0D05C70475CA2030010B582798B79094C59
S21401D4D002F0070203F00703A25CE35C9A4206D15E
S21401D4E006221AF0A2FFB0FA80F0400910BD002013
S21401D4F0FCE700BF54A203007FB5134B03930E460F
S21401D50005460446A0B117F052FF78B9002231460D
S21401D510204618F081F8022807D10123009303AAB8
S21401D52004233146204616F07CFC0DB104B070BDD4
S21401D530204617F00BFF04460028F7D017F037FFF8
S21401D5400028F5D1E2E700BF0100FFFF2DE9F04F0B
S21401D55097B08346099117F070FE099883790C33CA
S21401D560C518C45C1BF0E3FB1E2C099F064624D895
S21401D570012C26D9C54BE340DA0722D5384697F861
S21401D58006801BF0D4FBBBF80A2083B29A4228D24D
S21401D59014F0010240F0A18004F07F03522B00F04A
S21401D5A09C801E2C00F09980099B00932146042341
S21401D5B0584617F081FB21240CE004F07F03522B20
S21401D5C0DCD02146009706230022584617F074FB4C
S21401D5D041F20614584617F035FE204617B0BDE84E
S21401D5E0F08F4744013B3A7B1E2A9BB242D8012A60
S21401D5F0CED9023A1C2ACBD801A151F822F000BF9D
S21401D60091D6010091D5010095D6010091D5010072
S21401D6108BD6010091D5010081D6010091D501007C
S21401D62091D6010091D5010095D6010091D5010052
S21401D63099D6010091D5010081D6010091D501004E
S21401D640C7D6010091D5010091D5010091D5010001
S21401D650CBD6010091D50100CFD6010091D50100AE
S21401D66091D5010091D5010091D5010091D5010018
S21401D670D3D60100522A26D0D22A89D10D2B05E015
S21401D680062B0FD0142B83D10CE0052B80D909E093
S21401D690022BF8E7042BF6E7032B7FF679AFDB07BF
S21401D6A03FF576AF022C00F0F380DBF800309B6884
S21401D6B09F0516D40BF144001BF0B4FA099BCBF876
S21401D6C04430002486E7012BE0E7032BDEE7012B3D
S21401D6D0D9E7002B7FF45CAFE4E709A81BF0A2FAB8
S21401D6E069E71E2C584600F0928317F060FE074645
S21401D6F0002840F08280584617F054FE00287CD05F
S21401D70004F07F03522B00F0BC80082C68D1B6B21F
S21401D710152E14BF02201020691D17F02EFE0028BA
S21401D7205ED0DBF81430D80749BF23F0010343F07D
S21401D7300103CBF8143039465CBFCBF81430012115
S21401D740584617F04BFE09980D9017F023FAB0F8DB
S21401D7500180B0F8039004460D981BF0E8FA1528EE
S21401D76014BF0225102505342146284603F072F819
S21401D77021460390284617F000FE0490B8F1000FEA
S21401D78000F04481C84500F241810D9A022109202A
S21401D79017F023FABBF80A70023FBFB282463E4634
S21401D7A040464FF0FF35039A494618F0E7F804461D
S21401D7B0002800F06D8117F0B4FE002800F0858186
S21401D7C001222146584617F056FF03468DF82E00D3
S21401D7D0002800F020810D9A009222460821A4E03C
S21401D7E0DBF8143013F001063CD023F00103CBF82C
S21401D7F014300021584617F0F1FD1E2C63D8032C77
S21401D80066D9231F142B63D801A252F823F000BF58
S21401D810E5DA0100D1D80100D1DB0100D1D8010041
S21401D82047D70100D1D80100B7DC0100D1D80100EB
S21401D830D5DC0100D1D80100EBDC0100D1D8010014
S21401D840DDD80100D1D80100DFDD0100D1D801000B
S21401D850D1D80100D1D80100FBDD0100D1D80100EB
S21401D86005DE010043F00103CBF8143001215846D0
S21401D87017F0B4FD0096122332462146584617F09B
S21401D8801BFA09A81BF0CEF91BE700BF545545410A
S21401D890099D934C284617F07DF92188B0F8016060
S21401D8A02A46584617F01DFA2388BBF80A10B342D9
S21401D8B028BF3346172BB8BF1723ABF80A30584694
S21401D8C017F0A7FCFDE6522C00F09082D22CD8D09F
S21401D8D0099B009300220623214626E0099F38462D
S21401D8E017F058F90546B0F80180B0F803A038469D
S21401D8F01BF01DFA152805F105010CBF2046022074
S21401D90002F0A8FFB5F8053004900793B8F1000FB0
S21401D91007D0D04505D818F088F950B900971023DC
S21401D92001E00097012342461021584617F0C4F93A
S21401D930C7E63A460221112017F04FF9BBF80A3024
S21401D94003939E1E063B9BB20590B6B244464FF02B
S21401D950FF350893049A5146204618F00FF8814681
S21401D96068B3079A514618F056F80446484617F029
S21401D970D8FD40B94FF6FF739C4201D00134A4B2E2
S21401D9805445E7D91BE04FF00003ADF834300DAA3B
S21401D9900CAB4946584617F00BFF039ABDF83430D6
S21401D9A00690053A9A42089AD8BF1346002DADF85C
S21401D9B0343009DB9D4202D1EB1CB34208DB691C03
S21401D9C01CD100970A23AEE7351F9D42A8BF1D460E
S21401D9D0042211A93846ADF84490ADF846401BF034
S21401D9E0E4FB06992A4638461BF0DFFB043E4FF659
S21401D9F0FF73761B9C42B6B2C0D1E0E7059B0435A7
S21401DA005D703946584601F063FD5AE60D9B00935A
S21401DA1001234246E2E6049B13B1204617F065FD5A
S21401DA20204617F096FDD8B1002D54DC0DA81BF04A
S21401DA30F9F8082358468BF81C3050F80C2B92F84E
S21401DA4070208DF844208DF8483011AA002340F24A
S21401DA500251ADF84640ADF84A301BF018F830E6F2
S21401DA60ADF844000DF12E0311AA2146584617F0D1
S21401DA709FFEBDF844300590BB4228BF3B46002DB3
S21401DA80ADF844300ADBAB4202D16B1CB34209DB72
S21401DA906A1C0D9B1FD100930A23BAE7B51E9D424F
S21401DAA0A8BF1D4602220CA90D98ADF830401BF008
S21401DAB07CFB05990D982A461BF077FB023E4FF634
S21401DAC0FF73761B9C42B6B2E2D0601C80B28145E1
S21401DAD0BFF469AEDCE702350D998AF8015091E78B
S21401DAE0F40F0020DDF82490484617F053F8B0F8FC
S21401DAF00180B0F803300493B8F1000F41D0984587
S21401DB003FD84A460221052017F067F8BBF80A40BD
S21401DB100590023C4FF6FF77A4B24546BA46294621
S21401DB20584618F006F85045064649D04FF40062AC
S21401DB302946584617F09FFD00283CD1304618F07C
S21401DB4090F800280CBF02231023574503931ED0DC
S21401DB50304618F086F80690384618F082F8069B8C
S21401DB60834203D1039B0133A34211DB384618F0ED
S21401DB7078F8059B013058701946584617F085F815
S21401DB809FE5CDF80090012342460421CDE63746B5
S21401DB900DF146013046ADF8445002F0B1FE039B4C
S21401DBA011A99A1C48461BF000FB039B023CE41A91
S21401DBB05545A4B2DAD0049B0135ADB2AB42AED224
S21401DBC04FF6FF739F42D1D1CDF800900A23DBE7D1
S21401DBD0DDF82490484616F0DDFFB0F803A0B0F853
S21401DBE00530B0F801600393074648461BF09FF8DE
S21401DBF0C51FADB20024102D0C9458D82A46F91D25
S21401DC000DA81AF056FC002E53D0564551D84A4658
S21401DC100121072016F0E1FFA046074633460A24F5
S21401DC209A45049307D9BBF80A00394616F0B8FF9F
S21401DC300328049B04D8B8F1000F1AD039469CE794
S21401DC40ADF84430039BADF848300DAB13930BAAE7
S21401DC500DF12E0311A95846ADF846A0ADF8505067
S21401DC6017F005FF0A280446E5D0BDF82C3030B180
S21401DC701E46CDF8009023463246062155E6ADF8FD
S21401DC803030BDF82E30ADF832300CAA0423BBF884
S21401DC900A00394616F08FFFBDF82E304FF6FF7298
S21401DCA09342CBD001339BB24FF00108B8E704246E
S21401DCB0DFE70124DDE7099C0A238BF81C302046A8
S21401DCC016F068FF23460022B0F80110584616F0F9
S21401DCD078F9F6E4099C204616F05CFF0C238BF8D5
S21401DCE01C30B0F803202346EEE7DDF824804046DA
S21401DCF016F050FF054640461BF019F80023441E57
S21401DD00BBF80AA08DF8343061D014F001075ED15B
S21401DD10204610F035F9064600285ED00AF1FF339A
S21401DD202246691C03931AF0C4FB424601210F20C8
S21401DD3016F053FFB1460490002C04DC304610F078
S21401DD403DF9049919E739F8025B0122294658463C
S21401DD5017F091FC023C8DF8340068B9284617F09C
S21401DD6002FB10B1284617F0C0FB284617F0F1FB5E
S21401DD7060B180238DF83430304610F01FF99DF8DD
S21401DD803430CDF800802A460E21CEE50DAB29466B
S21401DD9011AA584617F00CFD9DF834300146002BA9
S21401DDA0EAD1039BBDF84420DB1B9A42C2BF0AF1AD
S21401DDB0FF33DB1BADF84430BDF8442040461BF072
S21401DDC0F4F9BDF844309842B8D31F44B4E70423AD
S21401DDD000258DF834302E46CEE71123F8E7099A50
S21401DDE0B5F80110584616F08AF96AE4099AB5F8AA
S21401DDF00110584616F0DEF963E40999584616F004
S21401DE0018FA5EE46978584616F07EFA39E516F097
S21401DE109BFA36E57FB5174A1368064623F00803D2
S21401DE2042F60520136017F0E4FD054650B168463A
S21401DE3002F002FC002017F089FA044620B92946B0
S21401DE40FFF75AFB04B070BD102204F121016846A9
S21401DE501AF0EBFA38B10121204617F0BFFA6369D0
S21401DE6023F0010363611EB13146204617F092FE8E
S21401DE702046E0E74427002007B5837801916A46EB
S21401DE80082104488DF800301AF001FE03B05DF851
S21401DE9004FB00BFD8260020054B0022C3E903225D
S21401DEA0C3E905221A70DA614FF6FF725A84704789
S21401DEB0B4260020014B1860704700BFB026002032
S21401DEC00D4B827813B55A60B0F8032091B2102931
S21401DED010D040F60344A1420CD041795B8C8DF8FA
S21401DEE00210ADF804200548ADF800306A46052159
S21401DEF01AF0CDFD02B010BDB4260020D8260020B1
S21401DF0073B5837901900C33C418C35C132B0ED8F8
S21401DF10042B10D9053B0E2B0DD8DFE803F01E0CA1
S21401DF200C1E0C0C0C0C0C161A0C0C0C2300302BB3
S21401DF3013D03E2B1BD0FAF74DF9019B834202D03A
S21401DF4001A81AF06FFE02B070BD2046FFF7B8FFB9
S21401DF50F1E70F4BE2785A60EDE701A9204602F09F
S21401DF60A3F8E8E701A9204616F087FCE3E7094E87
S21401DF700025019B3BB156F8043B01A9204601351B
S21401DF8098470E2DF5D101A81AF04CFED3E700BF35
S21401DF90B42600206CA2030007B500F013F920B1E7
S21401DFA003B05DF804EBFFF7ABBF00F017F9019083
S21401DFB018B1054B1B681BB1984703B05DF804FB0D
S21401DFC001A81AF02FFEF8E7B0260020024610B18D
S21401DFD0022804D07047034803211AF014BDFFF746
S21401DFE0DBBF00BFD8260020024B1A78024B53F83D
S21401DFF022301847B4260020A4A2030010B5044618
S21401E0000120FFF7F1FF034B1C70BDE81040002014
S21401E010FFF7EABFB426002010B50621044642F2F7
S21401E020050016F0AEFA2368C0F80330A388A0F8FE
S21401E03007300648FAF7F0F816F0E7FA407920B10B
S21401E04016F0E3FA407940F4805010BD3122030007
S21401E05010B5062104464FF6284016F092FA2368BA
S21401E060C0F80330A388A0F807300648FAF7D4F8BA
S21401E07016F0CBFA407920B116F0C7FA407940F491
S21401E080805010BD0D83010038B505460C4669B9B0
S21401E090022142F21B0016F074FAB5F86E30A0F8B1
S21401E0A003300D48BDE83840FAF7B6B8122142F2FF
S21401E0B01A0016F066FAB5F86E30A0F8033021465D
S21401E0C0053004F1100351F8042B40F8042B994253
S21401E0D0F9D10248E6E700BF7B240300B72403001A
S21401E0E001481AF0BDBD00BFC42600202DE9F3414A
S21401E0F00D46B0F86E10019240F6FF73994205D1B5
S21401E10001A81AF08FFD02B0BDE8F0811146134652
S21401E11001229BBB1E481AF06CFEFFF7E1FF044686
S21401E1200028F0D01AF003FE6379A66803F0010810
S21401E1306FF3000307466371042120461AF03BFF84
S21401E14043798179B6F86E208660044668F3000349
S21401E1500C314371DB436254084403F00103C2F3FC
S21401E160032242EA0312427047802246304629467D
S21401E17016F088FB2046FAF75FF8CEE75C799860E0
S21401E18024F0030414435C7100221B68C1E700BF3E
S21401E190C426002070B5074C0546206800B970BD3E
S21401E1A08368AB4204D106680FF07AFD2660F4E777
S21401E1B00446F2E7C4260020014601481AF019BEBB
S21401E1C0C826002001481AF04BBD00BFC826002013
S21401E1D0014601481AF00DBEC0260020034BD86840
S21401E1E018B103F10C001AF03BBD7047B4260020AD
S21401E1F0044BDA6822B95869003818BF0120704705
S21401E20001207047B42600200138C0B20A289ABF00
S21401E210014B185C00207047ACA2030007B5064806
S21401E2201AF01EFD042101900DEB01001AF0FAFD13
S21401E230019803B05DF804FBDC260020F7B51868EA
S21401E24010F0020003D0164E316811B9012003B058
S21401E250F0BD0024042223460DEB020001941AF0BF
S21401E260D7FCBDF80630DB0702D4FFF7D7FF04461C
S21401E2700C4F002557F8043B23B1BDF80400214696
S21401E280984748B13368002BE0D0074B022193F939
S21401E29000000FF0D9F9D9E70135062DEAD1F1E7EB
S21401E2A0DC260020E02600205931002010B5094860
S21401E2B00FF0BAF9084B09491870002420200C60A9
S21401E2C00FF038FD064BC3E90044C3E90244C3E935
S21401E2D0044410BD940C002059310020DC26002097
S21401E2E0E026002013B5C37A0093B0F80930D0F8C1
S21401E2F00520D0F80110007801F050FC04460348D0
S21401E30000F0E2FE848002B010BD00BF20020403CC
S21401E31037B5FF230DF107008DF8073001F0ACFC8F
S21401E320044604489DF8075000F0CEFE84808571AF
S21401E33003B030BD2003040138B54B795B070546B1
S21401E3400C460CD414212046054A16F09CFA217975
S21401E350204616F04BFB10B9A3791C44257438BD32
S21401E360D4A203008378132B10B50C4608D1054BB5
S21401E3701B6803B198472046BDE810401AF052BC0E
S21401E38010BD00BFF826002010B500210446007815
S21401E39016F0B3F948B16178207816F030FE0446DD
S21401E3A0034800F091FE848010BD0224F8E700BF08
S21401E3B02002560110B54178007801F02DFC044684
S21401E3C0024800F081FE848010BD00BF2002560284
S21401E3D02DE9F74FB0F802C00C9F9DF934A0DDF887
S21401E3E038B01CF0100F06461C4633D05FFA8CF589
S21401E3F01CF0080F184614BF05F0080505F00F05B8
S21401E40016F0E9FE8146384616F0E5FE96F90F301D
S21401E410019380465A4613487678042116F07AFB13
S21401E420019BA0B105712268C0F80520A288A0F85A
S21401E430092080F80B9080F80CA0437386733B6824
S21401E440C0F80F30BB88A0F8133080F8158003B0F1
S21401E450BDE8F08FCDE90DAB0C9703B0BDE8F04FEA
S21401E46016F0F8B910A3030010B50021421D037978
S21401E470044608461AF0C6FE024648B1618820885E
S21401E48015F0F8FD0446034800F01EFE848010BD1A
S21401E4901A24F8E720020A0213B50446007816F09B
S21401E4A04FFF70B10023CDE90033E278B4F80110D4
S21401E4B015F099FF0446044800F006FE848002B079
S21401E4C010BD2524F7E700BF20020A0473B5B0F893
S21401E4D00140C678051D007816F032FF60B121466E
S21401E4E000962B46002215F05BFF0446034800F019
S21401E4F0EBFD848002B070BD2524F7E720020A0FE9
S21401E50008B54FF0FF30FEF7F9FC074B074A1868CD
S21401E5104FF48021FEF7FCFB054800F0D5FD0023F3
S21401E5200371437108BD00BF70270020FFFF040080
S21401E53020020D0110B581783829024609D832F833
S21401E540030BFEF78FFB0446034800F0BDFD8480F5
S21401E55010BD4924F8E700BF20020D02F7B5174B9E
S21401E560174F1D6800230093164B06461968386836
S21401E57006F07EFDFEF7BEFA0735044688B93188F7
S21401E58038686B4601AA41F4802106F0B9FF80B9CC
S21401E5900099FD2910D830882A46C9B2FEF780FBBB
S21401E5A00446009908482A4600F0DAFD848003B044
S21401E5B0F0BD40F21C44F4E71A24F2E720270020BD
S21401E5C0702700206C27002020030D0310B500885B
S21401E5D0FEF784FB0446024800F076FD848010BDF9
S21401E5E020020D0408B5064906481AF014FA064931
S21401E5F006481AF010FA06480FF090FC002008BDF5
S21401E600AC0C002000270020BC0C0020FC260020BB
S21401E610A40C0020014816F0AFB900BF500C002032
S21401E62030B5114B994285B00D46144619D1930069
S21401E6300FD503A902A80FF01DFA0823E1B2019332
S21401E640039B00930022029B41F0005128461AF0DA
S21401E650C5F9064816F028FA00B10471012005B084
S21401E66030BD0020FBE700BFFC26002098A3030076
S21401E67022F00042B2F1A04F08B504D1034816F0CB
S21401E68013FA012008BD0020FCE700BF9CA303008D
S21401E69070B5FFF7BFFF90B1FEF7AAFE002604464D
S21401E6A02046FEF709FF0546064800F00DFD868068
S21401E6B02268C0F80620A2884281057370BD024C0C
S21401E6C00226EDE72009011574A303000A4B10B5D5
S21401E6D00020187100F008FE04463CB901F01CFC4D
S21401E6E0BDE81040054906481AF0B9B9204616F0AB
S21401E6F05AFD6468F1E700BF382F0020CC0C0020DB
S21401E700D826002070B5002000F0EEFD084D044626
S21401E710012604B970BD94F8723033B12E7116F02B
S21401E720A6F81321204616F03AFD6468F1E700BF0B
S21401E730382F002038B50A4C00232360A3800368D5
S21401E7402360207816F027FD054630B905480649AE
S21401E7501AF061F9608801F0F5FB284638BD00BF64
S21401E760382F0020D8260020CC0C002022F00042B2
S21401E770B2F5887F2DE9F0471C4600F0E2800ED8FE
S21401E78040F203139A423CD040F209139A4200F039
S21401E790C2800E2A00F0B3800020BDE8F08740F268
S21401E7A007239A424AD0B2F5037F59D040F2062396
S21401E7B09A42F1D120684C30FEF77EFE2568A48887
S21401E7C095F8736095F870A095F9759095F8768030
S21401E7D00746604816F068F90028DDD0EB6C436008
S21401E7E0B5F850300381731E5E425E418772C67271
S21401E7F080F80CA080F80D9080F80E80A0F80F40ED
S21401E800CAE7207800F062FD0028C5D0524894F887
S21401E8100090B4F80280A788E688257A648916F005
S21401E82043F90028B8D080F80490A0F80580A0F835
S21401E8300770A0F80960C5728481ADE7207800F002
S21401E84045FD0028A8D060782578FFF7DDFC044652
S21401E850424816F029F900289ED0057144719BE7BD
S21401E860A578012D1DD0022D2BD0C5B9E37894F8DB
S21401E870008094F904706679394894F90640023BA1
S21401E880DBB2022B9ABF374AD55C012516F00CF98C
S21401E89028B180F8048045718771C6710472012021
S21401E8A07BE7E37894F8008094F9047066792E4843
S21401E8B094F90640023BDBB2022B9CBF294AD55C89
S21401E8C0E4E7E378294894F80180277894F90490DE
S21401E8D0667994F90640023BDBB2022B96BF214AC9
S21401E8E00125D55C16F0E0F80028D8D0A0F8048001
S21401E8F08771C57180F8089046728472CFE7234607
S21401E9001B4813F8014B0822002116F0DEF80028F8
S21401E910C5D00471C3E7174894F800806788A688B5
S21401E920E588248916F0C0F80028B8D080F804805D
S21401E930A0F80570A0F80760A0F80950A0F80B40F1
S21401E940ADE70D481C7816F0AFF800283FF424AF69
S21401E950047121E7E4A30300E0A30300D8A30300A6
S21401E960D0A30300A0A30300CCA30300D4A30300F9
S21401E970C8A30300C4A30300DCA3030010B50078FA
S21401E98000F0A4FC40B1132116F009FC044603482C
S21401E99000F09AFB848010BD2524F8E720020605C6
S21401E9A070B5144606460C4A20460D46142115F04D
S21401E9B06AFF2179204616F019F858B9A3790C3365
S21401E9C01C44064BA6711B79A5801BB1BDE870409F
S21401E9D015F04EBF70BD00BFC0A30300382F002046
S21401E9E0024B1A68024B00205A607047042500202B
S21401E9F0500C002010B5FDF7E5FE044630B904487A
S21401EA0015F090FF044608B9FEF726F8204610BD1B
S21401EA10500C002073B522F000421C4640F20A63F7
S21401EA209A4208D8B2F5C06F08D8042A49D00D2AF0
S21401EA304FD0032A1ED0002002B070BD6FF4C06311
S21401EA401A44092AF7D801A353F822F037EB01003C
S21401EA50E5EA010009EB010019EB01002FEB0100CB
S21401EA6037EA01004FEB010065EB010085EB010081
S21401EA70D3EB010001A8F3F70BFD5748BDF804409E
S21401EA8016F012F80028D6D000234371C3714372E2
S21401EA90C372037343738373C3732623072283747A
S21401EAA06FF048030271C37401226FF04003827154
S21401EAB0027203756FF00B02512382720482437552
S21401EAC0B9E74648246815F0EFFF0028B3D08480E4
S21401EAD0B1E72346042253F8044B4148002115F0C0
S21401EAE0F4FFF2E7207800F0F1FB0028A3D03D48C0
S21401EAF0267894F90150A47815F0D6FF00289AD00C
S21401EB0006714571847196E72478374815F0CCFF75
S21401EB10002890D004718EE725783448646815F093
S21401EB20C3FF002887D00571C0F8054083E7257824
S21401EB302F486468F3E72F482578646815F0B4FF1A
S21401EB4000283FF478AF0571A0F8054073E72A481E
S21401EB502578646815F0A8FF00283FF46CAF0571AE
S21401EB60447168E76378254824780D2B96BF244ABC
S21401EB700125D55C15F098FF00283FF45CAF0471C1
S21401EB80457158E763781F4826780D2B98BF1C4AB5
S21401EB904FF0000198BFD55C6368A27888BF012555
S21401EBA015F093FF08B1067145716378012B3FF6A6
S21401EBB042AF8DF804301348247801AB01220021BE
S21401EBC015F083FF00283FF436AF0123047143712B
S21401EBD031E724780C4899E728A4030020A4030011
S21401EBE024A403000CA4030014A4030018A4030027
S21401EBF010A4030008A4030004A4030000A4030057
S21401EC00E8A30300FCA30300F8A3030002481422B0
S21401EC10002119F034BC00BF0427002070B51C4C3D
S21401EC20054611F028FB63795B0706460ED41421CE
S21401EC302046184A15F027FE2179204615F0D6FE03
S21401EC4020B13046BDE8704011F01BBBA3790C33F0
S21401EC5023442DB91A79FF2AF3D001321A71F0E74D
S21401EC60012D05D15A79FF2AEBD001325A71E8E716
S21401EC70022D05D19A79FF2AE3D001329A71E0E795
S21401EC80032DDED1DA79FF2A1CBF0132DA71D8E70B
S21401EC90042700201CA403000428024B28BF0020E0
S21401ECA0185C70472CA4030038B50546084800F0E8
S21401ECB087F9044648B900F0D9F904461DB1054B59
S21401ECC01B689B792B7000F0E9F9204638BD00BF20
S21401ECD038A40300202700202DE9F84380460D487C
S21401ECE09DF820900F4616461D4600F069F978B942
S21401ECF0094B1C6884F80480C4F80570C4F80960E0
S21401ED00A4F80D5084F80F90BDE8F84315F03FBE07
S21401ED10BDE8F88330A403002427002038B5054653
S21401ED2006480C4600F04CF938B9054B1B681D71B6
S21401ED305C71BDE8384015F02ABE38BD48A4030012
S21401ED402427002038B5054606480C4600F038F959
S21401ED5038B9054B1B681D715C71BDE8384015F06C
S21401ED6016BE38BD40A403002427002010B5044673
S21401ED70054800F025F930B9044B1B681C71BDE845
S21401ED80104015F004BE10BD50A403002427002037
S21401ED9010B5134604460A460648012100F020F93C
S21401EDA030B9054B1B689C80BDE8104015F0EFBDDF
S21401EDB010BD00BF70A40300242700202DE9F041F8
S21401EDC0804611480F4616461D4600F0F9F80446DF
S21401EDD0A8B90E4B1B68A3F8048000F047F90C4B4A
S21401EDE0044619680EB18A79326035B18A79BA4219
S21401EDF008D80731284619F05CFB00F04FF9204689
S21401EE00BDE8F0811D24F8E768A40300242700204C
S21401EE102027002010B50446054800F0D1F830B987
S21401EE20044B1B689C80BDE8104015F0B0BD10BDBA
S21401EE3060A403002427002008B5044800F0C0F8A9
S21401EE4018B9BDE8084015F0A2BD08BD58A40300D6
S21401EE5038B505460C460748012100F0C1F838B917
S21401EE60054B1B689D80DC80BDE8384015F08FBDE2
S21401EE7038BD00BF88A403002427002070B50646CD
S21401EE8008480D46144600F09BF848B9064B1B6827
S21401EE901E71A3F80550DC71BDE8704015F077BD12
S21401EEA070BD00BF80A403002427002038B50546A6
S21401EEB00C460748012100F093F840B9054B1B6842
S21401EEC01D71A3F80540BDE8384015F060BD38BD9A
S21401EED078A403002427002070B505460B480E468B
S21401EEE000F06EF8044678B900F0C0F8084B044606
S21401EEF01B6825B1D3F806202A605A89AA800EB16C
S21401EF001B7B337000F0CAF8204670BD90A4030046
S21401EF1020270020044A0346106810B102789A425E
S21401EF2000D170470069F8E71C27002008B515F0E6
S21401EF30F7FCFFF76BFE024B00221A6008BD00BF0C
S21401EF401C27002038B5104D104A044628461AF0F2
S21401EF50B3F94FF48270A0470D4B0146186028782C
S21401EF6018B14FF482721AF0AAF94FF48270A047D2
S21401EF70084B01461860287828B1BDE838404FF4A0
S21401EF8082721AF09CB938BD5A31002098A4030049
S21401EF902427002020270020084A136833B9417827
S21401EFA0036141F0010141701060704719780278E1
S21401EFB09142FAD003F110021B69EFE71C270020EB
S21401EFC010B5044618F0D2F928B9034B22681C6024
S21401EFD0024B1B681A6010BD18270020242700204A
S21401EFE02DE9F84F04684FEA042A98460AF4E06AC5
S21401EFF0C4F307234AEA030A0AEB0209B9F5807F3C
S21401F00083460F46154603D91D263046BDE8F88FC0
S21401F01018F0ACF906460028F7D1124B24F47F44C9
S21401F020C3F800B024F0C7040F4B44EA19244FEA92
S21401F03009291B681FFA89F944EA090443F8044BB5
S21401F04053442A464146184619F033FA012F04D193
S21401F050FF2DD9D800F8015CD7E7022F08BF20F8AA
S21401F060025CD2E7182700202427002008B5074BAA
S21401F0701A68074B52F8040B1968064B49681B6857
S21401F0809847054B1B68988808BD00BF24270020B9
S21401F09018270020DC0C002020270020024B00222D
S21401F0A01A6018F065B900BF18270020054B1868CC
S21401F0B008B1C3681BB1003818BF0120704700694A
S21401F0C0F6E700BF1C27002010B5034C2368186024
S21401F0D0FDF700FD206810BD20270020F8B5044686
S21401F0E00D4601460020174615F01BFCF2F70CFBF7
S21401F0F0194E78BB194B1B681C6033681870587022
S21401F1009870D870204615F0E6FB18B165B94368CB
S21401F110220E2BB90F250DE05979914204D0083300
S21401F1201D68002DF8D1F5E73846A84733681B68F7
S21401F1304BB9012524F47F4020F0C70040F400704D
S21401F140FFF7C2FF85803268012052F8041B15F0D4
S21401F150E8FBF8BD1425EDE7202700202427002032
S21401F160F8B50502C0F3072305F4E0651D430F4B10
S21401F1701B680E460433691E04465E5400F03807C9
S21401F180581811462AB10130904202D0324619F081
S21401F1905CF9240C240435443C4344EA15242D022E
S21401F1A0A8B22043BDE8F840FFF78EBF2027002015
S21401F1B0094B802283F8012383F8042383F805236F
S21401F1C083F8062383F8072383F8082383F81D238F
S21401F1D0A02283F8222C704700E100E04FF0005394
S21401F1E01860BFF34F8F0549054BCA6802F4E06209
S21401F1F01343CB60BFF34F8F00BFFDE700ED00E088
S21401F2000400FA05034AD2F8B03043F05403C2F8BA
S21401F210B030704700400E40054BD3F8E80010F4BC
S21401F22080501CBFD3F8EC0000F00100704700BF0F
S21401F2300081E00F1C4A136870B504460D466BB397
S21401F24093F87D10586811F0040129D110608C22C2
S21401F250184693F8706019F012F980F87060226809
S21401F260C0F85A20A288A0F85E20A27980F8602013
S21401F27003462868D864AA79A98883F85220FF2211
S21401F28083F8752083F8762040F6FF72A3F86E2087
S21401F290064AA3F85010116859601360184670BDED
S21401F2A01A1D0346CBE700BF2C2700202827002085
S21401F2B0054A0346106800B97047B0F86E209A42B6
S21401F2C0FAD04068F7E700BF28270020054A034622
S21401F2D0106800B9704790F870209A42FAD04068DA
S21401F2E0F7E700BF2827002010B9024B18687047BF
S21401F2F04068704728270020114A00232DE9F04175
S21401F3008C2113608046024601200EF0C7FB04469E
S21401F31020B90C4E05463060A84502D82046BDE807
S21401F320F08101200EF038FC07468C2200210135C1
S21401F33019F0A5F887F8705037603E1DECE700BF5E
S21401F340282700202C27002010B501238B4090F899
S21401F350711021EA030149B2044680F871100029B0
S21401F36049D115F08EFA204617F040FB102104F122
S21401F370180019F06AFF2046FEF70CFF04F138006A
S21401F38019F050FC204617F096FA214A13681BB173
S21401F3909C42596830D11160A36859050BD51A05EE
S21401F3A009D443F40063A18994F87000A36004F1C2
S21401F3B07802FFF7F5FA00236360204619F053FB45
S21401F3C015F0E2FB94F870304FF48072B2FBF0F265
S21401F3D042430344B3FBF2F102FB1133DBB2591E85
S21401F3E0C9B2FD29F5D884F8703000236360094B53
S21401F3F01A6852B91C6010BD1A465B68002BCBD048
S21401F4009C42F9D163685360C6E7131D5268F0E762
S21401F410282700202C27002010B5084C206830B97A
S21401F420074BBDE81040186001200EF085BB43680D
S21401F43090F871102360FFF787FFEFE72827002079
S21401F4402C27002090F8743003F00B03013BDBB24D
S21401F4500A2B9ABF014AD05C00207047A6A403007D
S21401F4601FB5014690F870308DF80430FFF7EAFFBB
S21401F470B1F86230ADF80630B1F86430ADF80A3054
S21401F480B1F866308DF80C00ADF8083001AAB1F875
S21401F4906C300548ADF80E3040F2031119F0F7FA5A
S21401F4A005B05DF804FB00BFD826002007B590F82C
S21401F4B070308DF8051001AA40F2072103488DF837
S21401F4C0043019F0E4FA03B05DF804FBD8260020F6
S21401F4D038B50A4B1B6804460D462BB143699B079A
S21401F4E002D515F0B4FE30B120682A460421BDE8E5
S21401F4F0384017F08EB9A3699D6138BD30270020CA
S21401F500014B1860704700BF30270020024B186877
S21401F510003818BF012070473027002013B5044675
S21401F520019120B901A819F07DFB212012E00846BF
S21401F5300029FAD019F0FBFB80B20028F2D0094B63
S21401F54001991B6820464BB1984728B90199204676
S21401F550FDF7FCFF02B010BD0020FBE716F098FB9C
S21401F560F3E700BF3027002038B5436A5904044644
S21401F57015D4134A92F82B20012A03F400430FD125
S21401F580826A92040CD4002B01460CBF532014202F
S21401F59014F0A5FB18B9636A43F00803636238BD2B
S21401F5A0002BFCD1074D20462946FDF78DFF00288C
S21401F5B0F5D12868AA88AB792060A280A371EAE712
S21401F5C0602600206F2600202DE9F041164D85F8B3
S21401F5D02A0038B300EBC000C1000023012204203A
S21401F5E00EF05CFA044650B904200EF0D5FA48270E
S21401F5F02860A04695F82A30A34203DC0024204662
S21401F600BDE8F0812E6807FB046614220021C6F8C7
S21401F610188006F1340018F032FF304615F031FC40
S21401F6200134E7E72860E9E760260020074B93F8F6
S21401F6302A20824281BF1B6800EBC00003EBC00397
S21401F640586A8CBF00F00100002070476026002039
S21401F65008B50146FFF7EAFF40B1054B1B6801EB11
S21401F660C10103EBC103586AC0F3C02008BD00BF47
S21401F670602600202DE9F04F384A93B051680746BE
S21401F68010680FAB03C39068354A1860146807EB1F
S21401F690C70304EBC30412AAE37B94F82E8094F804
S21401F6A02F6002EB430333F80C1C636ADA0447D479
S21401F6B0012641F01001B04694F80D9094F83150AF
S21401F6C0C3F3404A5B0348BF4AF0020A8BB289F093
S21401F6D00809B8F1010F0B9304F1070BD4E90723CE
S21401F6E0C9F3C00994F9324009D0B8F1020F06D027
S21401F6F0B8F1040F14BF4FF000084FF00308012EB5
S21401F70005D0022E03D0042E14BF00260326384649
S21401F710CDE90C23FFF79CFF0121CDE90760CDE978
S21401F7200051CDE90548CDE903BADDE90C230B9973
S21401F730CDF80890384601F021FB13B0BDE8F08FF4
S21401F740A26A950648BF41F02001500648BF41F025
S21401F7504001DA0348BF41F00401ADE7B2A403005B
S21401F7606026002070B50C4B93F82A601C680021B7
S21401F7708E4202DCFF25284670BDCDB22846FFF733
S21401F78055FF28B1E37B012B02D1636ADB06F2D475
S21401F79001314834ECE700BF60260020014B93F8A6
S21401F7A02A0070476026002070B504461546FFF70C
S21401F7B03DFFB8B10E4A136804EBC40403EBC4035F
S21401F7C0E6005B6A13F010040FD0C3F300330B702E
S21401F7D013683344DB7B5A1E042A04D8033B18BF44
S21401F7E001232B7070BD0023FBE72046FAE700BF1C
S21401F7F0602600203F4A70B5146800EBC00304EB96
S21401F800C3040646636A5B0704D500231A461946F5
S21401F81001F096FB636A9D0706D53046FFF72AFF7F
S21401F820636A23F002036362636A18070CD5A27940
S21401F8302146C2F3C002304601F020FB0546E8B976
S21401F840636A23F008036362304615F0CFFC054671
S21401F850A0B9626AD10611D5D30404D5304614F096
S21401F8603CFA40B11BE01206E37B09D4E37B626AF3
S21401F870023B012B15D9616A48071FD4284670BD83
S21401F88003F0FB03012BF6D02169304601F01CFB87
S21401F890636A256123F0800363620028E6D005468B
S21401F8A0ECE7D305E7D56169304601F02BFB002371
S21401F8B06361636A23F480736362D2E7E37BA28D9C
S21401F8C0012B03D1A2B1802A28BF802211F0400F5C
S21401F8D094F830304FF0010118BF0123304601F093
S21401F8E02FFB0028DBD1636A23F004036362C5E7BC
S21401F8F04022EBE7602600202DE9F041114D00245F
S21401F900482795F82A30A34201DCBDE8F081E6B22B
S21401F9103046FFF78BFE98B1286807FB04F8404491
S21401F920436ADA060CD55B040AD4FFF71DFE2B6882
S21401F930434430465A6A42F006025A62FFF75AFFBB
S21401F9400134DEE7602600202DE9F04FDFF848920B
S21401F950D9F8004000EBC00304EBC30404F1100A1D
S21401F96089B0804650460E46174619F05BF904F1F9
S21401F97014031846029319F055F9002019F017FBE5
S21401F9800546002800F00381012F40F2726718BF78
S21401F9901F27012EA6735CD0022E0CBF0626042656
S21401F9A00221284615F091FA0121284615F08DFA14
S21401F9B03146284615F089FA284619F0B8F986B274
S21401F9C0B91B012300930A2242F6072389B228466F
S21401F9D015F0CBFA0644B6B2B91B042300931222E3
S21401F9E042F6042389B2284615F0BFFA0644B6B299
S21401F9F0BB1B012B069503932DDC002399F82B20C6
S21401FA00002A00F0A480504619F00CF9636A2561BB
S21401FA1043F080026262DB0400F1AB8099F82B00B0
S21401FA20002840F0A68019F0C2FA0790002800F0DE
S21401FA30A080394615F054FA002800F0A4800298F8
S21401FA40079D19F0EFF8636A656143F4807363629A
S21401FA508FE00526A4E7002019F0A9FA07900028F0
S21401FA60CBD0BB1E9B1B02211FFA83FB00F0E2FFDB
S21401FA708345064611D22BF001018AB2411A07A826
S21401FA80049219F0F6F9049A164602223EB907982E
S21401FA90F0B907A819F0C6F8AFE70322F6E7711C1C
S21401FAA006980492C9B215F010FA049A06981146FF
S21401FAB015F00BFA079906A819F055FA002019F067
S21401FAC076FA0790002836D0ABEB06031FFA83FBC5
S21401FAD05B46022B38BF02239A1E92B20F2A31D9F7
S21401FAE01021049200F0A6FF049A824203461FD218
S21401FAF022F00F018AB29346411A07A819F0B9F904
S21401FB005B460622591C06980493C9B2059215F065
S21401FB10DCF9059A0698114615F0D7F9079906A853
S21401FB2019F021FA049BB21C13449BB23EB965E757
S21401FB3040B10722E6E707A819F074F83346023306
S21401FB409BB25BE707A819F06DF83346EEE7039A18
S21401FB50D11A89B2284615F0C3F90646504619F05F
S21401FB6061F8636A256143F080026262002E3FF409
S21401FB7052AF606A10F010000AD0404609B0BDE8E6
S21401FB80F04FFFF737BE07A819F04CF8F1E71A2037
S21401FB9009B0BDE8F08F00BF6026002070B50546AD
S21401FBA014461E46FFF742FD30B3144B186805EBAA
S21401FBB0C50500EBC500426A93050BD4A1F12005EB
S21401FBC04FF6DF739D4217D8A4F120059D4213D846
S21401FBD0A14211D8C3698B4202D1036AA34204D061
S21401FBE0C0E9071442F0020242629DF8103080F824
S21401FBF030308685002070BD2120FCE7602600207D
S21401FC00044A116800EBC00301EBC301CA7B15F07F
S21401FC1005BA00BF60260020F8B505460C46FFF77A
S21401FC2005FD28B3052923D8124E336805EBC50216
S21401FC3003EBC203D700186919F079F81F2817D803
S21401FC4033683B44586919F072F81F2810D8012C04
S21401FC500ED0231F012B0BD93168394422464B6A3B
S21401FC6023F482534B622846BDE8F84015F0D6B916
S21401FC702120F8BD6026002070B50546114890F891
S21401FC802A4003680022944201DC1A2016E0596AD1
S21401FC90CE0714D493F83960760710D40A4CD0F8FE
S21401FCA00F00A688186041F00901A0799871D4B2B6
S21401FCB09E8059622046FFF7DDFC2C7070BD013234
S21401FCC04833E0E7602600206F26002070B5FFF776
S21401FCD049FDFF28044615D00B4D03B2286803EBF7
S21401FCE0C30300EBC300DE00436A23F01003436244
S21401FCF015F0BDF82968314420463431BDE870401E
S21401FD00FEF71ABB70BD00BF602600208378122B59
S21401FD102DE9F0410F464BD10B689A790C3213440A
S21401FD20DD781E790DB145F480553046FFF77EFC2F
S21401FD3048B3DFF88080D8F8002006EBC604E1005F
S21401FD4002EBC404636A23F01003636205BBA36974
S21401FD50A56140F2032083F87660A3F8720050583C
S21401FD60A188A279C3F85A00A3F85E1083F8602030
S21401FD7008F12E01184600F009F92222294608F159
S21401FD802E0018F07CFB3846BDE8F04118F04ABF5B
S21401FD90204615F06CF8636A5A0603D523F0400333
S21401FDA06362F0E704F134013046FEF7C5FAEAE78C
S21401FDB0BDE8F0816026002073B5144D144C6A68C6
S21401FDC0236802F0800103F002030B431BD05306A5
S21401FDD054BFA67A0126FDF70FFB0196837983F0BF
S21401FDE00803C3F3C0030093E388A288217A607AEC
S21401FDF000F080FF40B9236823F0020323606B689C
S21401FE0023F080036B60002002B070BD60260020E6
S21401FE1034270020064B0121A3F108020020C3E984
S21401FE20000043F8081C4FF01013536051727047DE
S21401FE303C270020014B187B704700BF3427002069
S21401FE40024BD87A003818BF0120704734270020AB
S21401FE5070B5224E716811F002013AD1204D2B681F
S21401FE60580706D5084600F06BFF2B6823F00403FD
S21401FE702B602B68726803F0080302F00402134338
S21401FE8010D0FDF7B9FA83791A071FD5FEF7E0F807
S21401FE900446C8B92B6823F008032B60736823F067
S21401FEA004037360FFF788FF044668B9EB7A5BB119
S21401FEB02B685B0708D40121084600F041FF50B9C2
S21401FEC02B6843F004032B60204670BDFEF7A4F8B0
S21401FED0DEE71124F8E70446F6E700BF60260020B7
S21401FEE034270020032805D10A4A136843F0080383
S21401FEF0136008E0012808D1064BDA7A42B11A6885
S21401FF0042F008021A60FFF7A3BF10F0FD0FEBD016
S21401FF100020704734270020094B10B50020586296
S21401FF20FFF7E2F904461CB9BDE81040FFF774BAC2
S21401FF30204641F2160115F0ABF86468F3E700BFFE
S21401FF4060260020A0F11B03E02B10B5044618D84C
S21401FF50042142F2240014F014FB6FF06F03437186
S21401FF6042238371A0F803400748F8F755F914F0C7
S21401FF704CFB407920B114F048FB407940F48050A6
S21401FF8010BD2120FCE700BF1926030037B50D463A
S21401FF90044615F0A4F86988204614F0EAFD6A7E46
S21401FFA02B7E43EA0223A4F862306A7F2B7F43EA62
S21401FFB00223A4F86430EA7EAB7E43EA0223A4F867
S21401FFC066301B23A4F86C302D4BDA8B1B8CA4F8FF
S21401FFD06A30022384F87230A4F86820204614F0B0
S21401FFE04FFC204616F0DDFC94F87330022B15D139
S21401FFF001F0F8F870B194F9753001330AD1A368AD
S214020000052143F480532046A36003B0BDE8304088
S21402001015F0C5B80021204614F0AEFD002120469A
S21402002000F00CFA288C4FF6FF73984225D000F0A9
S214020030A5F9009400F090F96A46ADF8040040F283
S2140200400621104818F023FD002240F20221204625
S21402005018F0D9FC2046FFF703FA204616F0ADFC4E
S214020060204600F01BFEA36823F48043A360012110
S214020070204615F09CF803B030BD0020D9E700BF3B
S21402008060260020D826002007B54FF4887190F825
S214020090703004488DF8043001AA18F0F8FC03B05A
S2140200A05DF804FBD82600202DE9FF410378302BAB
S2140200B004460E4639D006D8052B25D0082B41D04B
S2140200C004B0BDE8F0813E2BFAD183780C2B4BD8D6
S2140200D0022BF5D9033B092BF2D801A252F823F0E2
S2140200E079010200DF020200C1000200C100020024
S2140200F077020200C1000200C1000200C100020035
S214020100C1000200CB020200B0F80300FFF7D0F8ED
S21402011028B1617909B141F4805114F0B9FF304633
S21402012004B0BDE8F04118F07DBDB0F80300FFF75B
S214020130BFF80028F3D0A17809B141F4805115F038
S21402014000F8ECE7B0F80300FFF7B2F80028E6D0B4
S214020150627990F8743022B143F0010380F874306B
S214020160E9E703F0FE03F9E7212B00F0CD80292B07
S2140201701FD0202BD3D0A3E78088FFF799F800285A
S214020180CDD0E278002ACAD1E179A27942EA0122E8
S214020190A0F86220E17AA27A42EA0122A0F864205C
S2140201A0227A617A42EA0122A0F86620FFF758F91D
S2140201B0B5E7C7783C2F00F1020502D1FFF786FDAE
S2140201C0ADE790F80680B8F1000F23D15E4A546A74
S2140201D0C2F82480CFB147F480572946204614F04F
S2140201E07EFFE76084F8728001AA40F20121204671
S2140201F0CDE9014718F04BFCA36843F48063A36083
S21402020041462046FFF7A0F889E729462046FFF731
S214020210BDFE84E7408C4FF6FF73984220D000F074
S214020220ADF8E8B101A8E27904F10801FDF72AF970
S21402023001A814F0A7FF28B140F20322A0F872200A
S2140202402946E4E7032140F2064014F09AF9A3880F
S214020250A0F803300D2343713C48F7F7DDFF5EE755
S2140202603B4B223455F8042B43F8042BA542F9D114
S2140202702A881A8053E7B0F80300FFF719F8002817
S2140202803FF44DAFB4F8053090F87020A0F86C300B
S2140202908DF80420ADF80630227AE37943EA022389
S2140202A0ADF80830A27A637A43EA0223ADF80A3040
S2140202B0227BE37A43EA0223ADF80C3001AA40F22D
S2140202C00911244818F0E3FB29E78088FEF7F0FFBF
S2140202D000283FF424AFA179FFF7E8F81FE78088EB
S2140202E0FEF7E6FF00283FF41AAF90F870308DF85C
S2140202F00430D4F80630CDF80530D4F80A30CDF8FC
S214020300093001AA0E21DCE78088FEF7D1FF00281B
S2140203103FF405AF90F870308DF80430E3788DF82E
S2140203200530A3798DF80630E3798DF80730237A05
S2140203308DF80830637A8DF80930A37A8DF80A3082
S21402034001AA4FF40371BCE760260020FD240300D7
S2140203508E260020D826002050B1074B1B68C31AF1
S214020360807A0C22B3FBF2F340EA032080B2704795
S2140203704FF6FF70704700BFE00C002009490B7A69
S21402038009680246FF2B01D10020704703EB4303A6
S21402039001EB830031F82330C3F30B039342F4D00E
S2140203A0C37AEFE7E00C002008B5054B054A19783A
S2140203B0054818F081FF054BF7221A8008BD00BFDA
S2140203C0CD310020BEA403005B310020F40F0020D4
S2140203D010B5044670B30068836CA34222D16368EA
S2140203E083641549224618F01AFB04F10C0018F033
S2140203F03AFB04F1440018F015FCFFF787F858B1F1
S214020400A06948B1143018F00DFCA069183018F035
S21402041009FCA0690DF0D2FD2046BDE810400DF0A3
S214020420CDBD1346002BDCD05A68A242F9D16268D1
S2140204305A60D6E710BD00BFDF520300F8B5054686
S21402044048200E4618F03DFF294F0446387818B16A
S2140204504822214618F033FF8CB1FFF757F898B1BF
S2140204601C2018F02EFF0146A061387810B11C221D
S21402047018F025FFA3692BB920460DF09FFD002436
S2140204802046F8BD00221A700321284614F074FB99
S214020490AB6C6360AC641723268100266381154922
S2140204A0256022462677666428460DF06BFA04F02D
S2140204B015F93246014604F10C000DF063FA0223E8
S2140204C02374FFF723F80028DAD00B4B1988172974
S2140204D0D6D9204614F0DFFB0028D1D112212046BF
S2140204E014F0C2FE636943F002036361C8E700BF0B
S2140204F05B310020DF520300F40F0020F8B50546FA
S21402050010B3002920DB114C2468247E8C421BDDAC
S2140205103F2919DC01F0030600EBA101760091F8F1
S21402052031400327B74002F0030224EA0704B24030
S214020530224381F8312013B1002114F04FFF2846E0
S214020540BDE8F84014F0A7BFF8BD00BF4C27002056
S21402055070B5164600221A7032800A7A0D46072AAD
S2140205604DD8DFE802F004090D111A1E304AE86879
S21402057030F8023B338043E0EB68981D5B88F9E76E
S214020580EB68981D9B88F5E7697B1E4B14F073FF9A
S214020590022218803280184632E002231A4833803C
S2140205A02EE01A4C2B7B23702B88E889013363706C
S2140205B02B8801331B12E11CA37000F0A1F9033053
S2140205C0308020461CE0124CA889EB89A370020AF0
S2140205D01B0A20706270E37000F006FA58B1C36816
S2140205E01A88022A07D19A782271DB786371062369
S2140205F00748338004E00423FAE780221A700020BA
S21402060070BD00BF75310020CEA403006231002009
S2140206105C310020054A064B1860136843F001035C
S2140206201360044B828B1A80704700BF4427002059
S2140206304C2700203E2F00202DE9F04F504E376801
S2140206408FB0002317F00807CDE90433CDE906334F
S21402065005460DD04B4B014603F1100253F8040B2E
S21402066041F8040B9342F9D100200FB0BDE8F08F99
S21402067010200DF091FA044600287ED00EF03DFBC5
S2140206800220EDF7A5FB01462046EDF7C9FB002840
S2140206906DD1802204A92046EFF71CFF002866D100
S2140206A0B946394B1B68D988BAB2914219D829463D
S2140206B02046EFF765FF2046EDF796FB2146102011
S2140206C00DF08CFA2F4B294605F1100251F8040B57
S2140206D043F8040B9142F9D1336843F008033360C0
S2140206E0C2E71A68ADF80E901FFA87FB4FEA0B189E
S2140206F002EB0B1B5846019215F0B5FA8246584695
S21402070000F046F920B3AAF520539BB2032B019AB8
S21402071002D9BAF5245F1DD132F80830ADF8203080
S2140207200DF10E0259460DF10D030020ADF822A080
S214020730FFF70EFFBDF80E20014609A817F0B9FE16
S214020740BDF80E2008A904322046EFF707FF70B95D
S2140207500137A6E70AF55643FF339BB2042BF7D8B8
S21402076032F80830ADF82030ADF822A0E8E70146AE
S21402077040F2074000F0DAFD9DE71A2075E700BF59
S21402078044270020773100204C270020144B1B689A
S21402079013F0040370B5014606D0124B1C68E389B9
S2140207A0002290B2834209D80F4A1468E5890022D3
S2140207B090B285420AD84FF6FF7006E0A56835F873
S2140207C012508D4202F10102EBD170BDA66836F8D6
S2140207D012608E4202F10102EAD1034498B2F4E7B3
S2140207E044270020482700204C270020094B1B687E
S2140207F05B070AD5084B1A68D389834203D99368E4
S21402080033F810007047C01A80B2044B1B689B680E
S214020810F6E700BF44270020482700204C27002088
S21402082038B50468094905460C22204617F0FDFD36
S21402083050B90749022204F10E0017F0F6FD18B966
S2140208400C342C60022038BD1020FCE7D1A4030033
S214020850DFA403002DE9F743102801910BD00228EC
S21402086004D04FF6FF7003B0BDE8F083019B1888F2
S214020870FFF78CFFF7E701A8FFF7D2FF0228F5D0B3
S2140208801028EED11B4B019F1E6816F0040608D0F6
S214020890194BD3F80080B8F816600024A5B2AE4211
S2140208A01AD8164BD3F80080B8F816900025ACB2CA
S2140208B04C45D6D2D8F81000102200EB0510394667
S2140208C017F0B3FD01350028F1D1A0196FEA4040B8
S2140208D06FEA504080B2C6E7D8F81000102200EB4C
S2140208E00410394617F0A1FD01340028D6D145F48C
S2140208F00040B8E744270020482700204C27002065
S214020900020408B51DD5124B1B685B07C0F30E0028
S21402091013D5104B1A68D38A98420CD2136903EB8C
S214020920001000F1100350F8042B41F8042B9842F3
S214020930F9D1102008BDC01A80B2074B1B681B698C
S214020940EDE7FFF753FF0870000A48700220F1E750
S21402095044270020482700204C2700200B4B1B680A
S21402096070B51D68044642F60306A5420AD2204622
S21402097029B915F078F9B04206D1103402E015F024
S2140209807CF908B1204670BD103CEEE74C270020EB
S214020990437ADA0702D5C3F380007047034BC28856
S2140209A01B881A4214BF0120002070473E2F0020E9
S2140209B00A4B1B68DB0708D570B1094B1B68DB883E
S2140209C0834234BF00200120704728B1054B1B88A4
S2140209D0834294BF00200120704700BF44270020B6
S2140209E04C270020402F002070B50246FFF7E0FF9C
S2140209F0E8B10F4B1968CD88954209D302F18050B1
S214020A0001380B68040103EB00101B5B93420ED007
S214020A10002398B2854201D8002008E00E681C0127
S214020A2006EB0310345B944203F10103F1D170BD6F
S214020A304C2700202DE9F3410025184F01900E4661
S214020A40A8463A68D188ABB299421DD91468ABB2AF
S214020A5004EB0314B4F90430002B1CDA2046FFF72B
S214020A6097FFC0B1E1680B889E4214D132460198C6
S214020A70023118F09AFBE3681B8882B2934207D0D1
S214020A80114601A818F0F5F9404602B0BDE8F0811B
S214020A9043441FFA83F80135D3E700BF4C270020F2
S214020AA038B5124B42891B888B4228BF0B46172B40
S214020AB00446B8BF17234381114614F0AAFB6369A4
S214020AC023F002036361A3699D693DB100229A6126
S214020AD029462046BDE83840FEF7FABC40F20941F6
S214020AE0204614F0BEFBA3691D7038BDF40F00202B
S214020AF00148FEF705BD00BFE546020008B5002125
S214020B0042F20E0013F03DFDBDE808400148F7F73B
S214020B1083BB00BFE925030038B590F87230032B7B
S214020B200446154606D1FFF7E9FF012384F8723022
S214020B30002019E0C9B9012B2DD9032140F2064045
S214020B4013F01FFDB4F86E30A0F803304571134859
S214020B50F7F762FB13F059FD8378002BE5D013F00C
S214020B6054FD807840F4805038BDA3B102214FF680
S214020B70044013F006FDB4F86E30A0F803300848BF
S214020B80F7F74AFB13F041FD4379002BCDD013F063
S214020B903CFD4079E6E70220E6E700BFFD240300BD
S214020BA033250300F8B507460E4642F213000E211F
S214020BB015461C4613F0E5FCB7F86E30A0F8033075
S214020BC0BDF81830A0F80B30BDF81C30A0F80D3078
S214020BD0BDF82030A0F80F30A0F80560A0F8075046
S214020BE0A0F809400648F7F717FB13F00EFD8078C9
S214020BF020B113F00AFD807840F48050F8BD00BFA3
S214020C0075250300F8B50D4607461C2142F2190069
S214020C101C46164613F0B5FCB7F86E30A0F8033043
S214020C202B68C0F805306B68C0F80930A0F80D6074
S214020C3023460F3004F1100253F8041B40F8041B3D
S214020C409342F9D10648F7F7E7FA13F0DEFC80780C
S214020C5020B113F0DAFC807840F48050F8BD00BF73
S214020C602524030070B506460D4642F27A0004219A
S214020C70144613F086FCA0F803604571847106489A
S214020C80F7F7CAFA13F0C1FC407920B113F0BDFCA5
S214020C90407940F4805070BD7729030010B50221D8
S214020CA0044642F2300013F06CFCB4F86E30A0F842
S214020CB003300F48F7F7B0FA13F0A7FC437963B98D
S214020CC013F0A3FCC088FEF7F3FA044628B113F02B
S214020CD09CFC017A2046FEF7E9FB13F096FC40796D
S214020CE020B113F092FC407940F4805010BD00BF52
S214020CF0C9850100F8B507460E4642F241000821B2
S214020D0015461C4613F03DFC9DF81830C3709DF83E
S214020D101C30037147718671A0F80750A0F809408D
S214020D200648F7F779FA13F070FC407920B113F011
S214020D306CFC407940F48050F8BD00BF7982010017
S214020D4038B505460C4642F24200062113F019FC5D
S214020D50002343718371C3710372C5700471064820
S214020D60F7F75AFA13F051FC407920B113F04DFC14
S214020D70407940F4805038BDD18201002DE9F0411F
S214020D8006460F4642F23600192115461C46DDF885
S214020D90248013F0F6FB2B0AC371230A83729DF894
S214020DA0183003739DF81C308571447243732D0C02
S214020DB09DF82030C670240C87800572C472837337
S214020DC0D8F80030C0F80F30B8F80430A0F8133066
S214020DD09DF8283043759DF92C3083759DF8303088
S214020DE0C375002303769DF8343043769DF8383079
S214020DF0C37686760648F7F70FFA13F006FC4079B4
S214020E0020B113F002FC407940F48050BDE8F08136
S214020E107183010038B505460C464FF61940052188
S214020E2013F0AFFBC57044600648F7F7F5F913F008
S214020E30ECFB407920B113F0E8FB407940F4805097
S214020E4038BD00BFD121030038B505460C464FF623
S214020E501A40052113F095FBC57044600648F7F763
S214020E60DBF913F0D2FB407920B113F0CEFB4079C8
S214020E7040F4805038BD00BF0122030070B50D4615
S214020E8006460121DAB1FFF7C5FF0446A8B90721D5
S214020E9042F2350013F075FBC6702B684360AB88D0
S214020EA003810848F7F7B8F913F0AFFB437923B18B
S214020EB013F0ABFB447944F48054204670BDFFF730
S214020EC0C3FFE2E79123030010B50A460446042155
S214020ED042F2370013F06AFB0323037100234371C7
S214020EE08371C4700648F7F797F913F08EFB4079C2
S214020EF020B113F08AFB407940F4805010BD00BF49
S214020F008522030010B50A460446042142F2380040
S214020F1013F04CFB03230371002343718371C470E7
S214020F200648F7F779F913F070FB407920B113F011
S214020F306CFB407940F4805010BD00BFD122030004
S214020F40F8B506460F4642F23900062114461D46FB
S214020F5013F017FB01238471240A0371C7704671CC
S214020F60C47105720648F7F757F913F04EFB40793D
S214020F7020B113F04AFB407940F48050F8BD00BF20
S214020F801D2303000148FCF795BF00BF910F020026
S214020F902DE9F04F867987B00C3605900546805BC2
S214020FA0C0F30B00FEF784F9044618B905A817F03B
S214020FB039FE4EE090F87230022BF7D1AB5B059A01
S214020FC0C3F30B0103F44053B3F5805F9060A9535B
S214020FD042D153796FF300035371836B002BE5D034
S214020FE0042105A804F1380617F01CFF05993046BF
S214020FF017F0FFFEA06B002301465A1CA9BBDBB20A
S214021000012B01D917F066FFA06B17F090FE03289C
S2140210101FD9D4F8389099F80670484617F087FE1C
S2140210200C3709EB070539F80770A0F104084745A5
S21402103022D9524FD4F838A007F1100957F804BB4A
S2140210405346424629462046D8474F4510D00028E8
S214021050F4D007B0BDE8F08F383017F0E3FD059AFC
S214021060537943F001035371BAE709681346C4E79C
S2140210700028EED130469AE7A06B17F058FE0437E8
S2140210808742F7D36988A1F140033F2B0BD804218E
S214021090304617F0C7FEA26B6988204615F003FC9F
S2140210A00023A363D5E705290BD0062961D00429BE
S2140210B0E0D1304617F0B6FEA16BA06CFEF72EFA12
S2140210C0EEE72946204615F0ECFB02460028D1D171
S2140210D02B79122B06D0132B36D06979204615F0C1
S2140210E0B8FBC7E794F87330022BF6D029898B1F1A
S2140210F09BB240F67A40834224D86A89931F9BB2F9
S21402110083421FD891421DD8AB89B3F5FA7F19D214
S214021110EF89A7F10A0080B240F6764C604511D8F6
S214021120B4F86A000290B4F86800CDE90070204670
S214021130FFF738FD021E18BF01226979204615F016
S21402114044FB97E70122F8E794F87330012B03D1AA
S2140211506979204615F07DFBA3681A048AD523F424
S2140211600043A3602B89012B84D12046FEF78CFF17
S21402117080E7A16B204615F012FC91E7E4A4030079
S2140211800C4B1A7801469AB95B689B0710D490F903
S2140211907520013218BF012291F8523013F0400038
S2140211A005D091F8600010F0400018BFD0B270472A
S2140211B00122F1E750270020024B586800F0020097
S2140211C0704700BF50270020024B586800F0080006
S2140211D0704700BF50270020014B1B68184700BF0E
S2140211E0EC0C002008B512F015FD02281BBF034BBD
S2140211F05868002000F0100008BD00BF50270020ED
S21402120007B502460846042802F0010113D9B1B90F
S21402121003200C4B5A6002F08003019302F0400355
S214021220009302F0200302F0040200F0E1F900202D
S21402123003B05DF804FB0029EBD00328E9D1212096
S214021240F6E700BF5027002038B50D490D480CF0D0
S214021250E3FE0446054688B90B4B0C4A1A600C4A54
S2140212605A600C4A9A600C4ADA6000F0FFF90321D1
S21402127004462846FFF7C4FF084B1D70204638BDBB
S214021280EFBEADDEBEBAFECAEC0C0020E5150200CB
S214021290036E03003116020095200200502700203C
S2140212A038B5044603200CF06BFE0546D0B194F820
S2140212B07030037094F8753043702046FEF7C2F81B
S2140212C02A46A87040F20261074817F09CFB074BBB
S2140212D02046DB680121984794F97500BDE838403E
S2140212E0FBF702BE38BD00BFD8260020EC0C00205B
S2140212F070B5054608200E460CF042FE044680B144
S21402130095F870300370074B466000212846DB686C
S214021310984722460448BDE8704040F2016117F043
S21402132072BB70BDEC0C0020D826002038B50546EE
S21402133008200C460CF024FE024638B1C0E90054E0
S2140213400D21BDE83840024817F05DBB38BD00BF2E
S214021350D826002038B5054608200C460CF010FEAC
S214021360024650B195F870300370446040F2056151
S214021370BDE83840014817F046BB38BDD8260020E5
S21402138013B504460191114612B301A904200CF0CC
S21402139099FE019B104AB3FBF2F102FB1133019353
S2140213A045F2180201AB0021204615F08DFC0820FC
S2140213B00CF0E6FD024648B194F870300370019BCB
S2140213C0436040F20461054817F01DFB02B010BDF1
S2140213D001AB45F21802E8E740420F00D82600208B
S2140213E010B5044601200CF0CBFD024648B194F835
S2140213F070300370BDE81040024840F2036117F0F7
S21402140002BB10BDD826002038B5054608200C467B
S2140214100CF0B6FD024650B195F870300370446089
S21402142040F20761BDE83840014817F0ECBA38BD13
S214021430D8260020014B5B68184700BFEC0C002042
S21402144010B50F4C2068D0B10023037780F83D30EA
S21402145080F85E3020219F3017F0F7FE206860216A
S2140214605F3017F0F2FE206821211D3017F0EDFEE6
S21402147020682121BDE810403E3017F0E6BE10BDC0
S21402148058270020F0B50D468FB00646144632495E
S2140214902022284616F0C9FF70B93049202220467D
S2140214A016F0C3FF40B92E4B1B681B7D002B51D094
S2140214B040F203400FB0F0BD366C202206F1540114
S2140214C0284616F0B2FF38B9202206F174012046EB
S2140214D016F0ABFF0028EBD068460DF0F3FE06AA26
S2140214E02B4605F12007154618685968164603C6A6
S2140214F00833BB423246F7D12021284617F097FE22
S2140215002022294668460CF012FF224602F12006E7
S2140215102C4610685168234603C30832B2421C4662
S214021520F7D12021284617F082FE2022294602A85B
S2140215300CF0FDFE012104A80CF0C9FE084B186849
S2140215406946C030ECF720FD044668460DF0E9FE19
S214021550002CADD10020ADE7CAA50300AAA5030062
S2140215605827002010B50446006C30B94FF4BE7000
S21402157017F0A7FE206420B910BD4FF4BE7117F015
S21402158064FE226CFF2382F87A31A3681B0603D519
S214021590054B13600120EFE794F87300034B0449F0
S2140215A0012808BF0B46F4E78F7203008925020064
S2140215B021210200036C53B983681B0609D490F8F4
S2140215C07320054B0548012A08BF1846704718685D
S2140215D070470348704700BF212102008925020098
S2140215E08F720300014B1B68187A70475827002039
S2140215F010B50E4C0039246818BF0121003B18BFF5
S2140216000123A3749DF808302070003A18BF012207
S214021610003B18BF0123E3749DF80C302174003B95
S21402162018BF01236274237510BD00BF582700201F
S21402163001280AD002280ED098B90B4B1A68936973
S21402164043F00103936100207047074B1A689369C1
S21402165043F00203F6E7044B1A68936943F0040367
S214021660F0E72120704700BF5827002070B51F4DB5
S214021670286838B94FF4907017F023FE286058B9DE
S2140216801A2431E0C0300DF050FEFFF7D9FE28686C
S2140216904FF4907117F0D9FD2B6815484FF0FF31C3
S2140216A00022D9600326102119721E7011491A777A
S2140216B083F83D2083F85E201A829A749A610CF0B1
S2140216C061F9044680B92868C0300DF009FE286822
S2140216D03146C030ECF720FF30B1224605490448B7
S2140216E017F09DF940F20744204670BD58270020A7
S2140216F05C270020676C0300F0B583685A0689B041
S214021700044657D523F040038360FFF753FF584D36
S214021710A84202D0574B98426ED194F97560771C56
S21402172004F134071CD112F075FA02284ED0636B0E
S2140217301A888DF810201A46042032F8021B090A6D
S2140217408DF81110D3F80230CDF812305368CDF868
S21402175016300A2204A9FBF755FB0646701C35D044
S214021760A368D90532D42046FFF724FF854276B215
S21402177022D06B4610220321304612F07BFA054631
S214021780102D58D1606B04A96A460A3015F059F933
S21402179029460646684617F058FD002E4BD104A986
S2140217A02046FCF771FC294604A817F04EFD384681
S2140217B015F09FFA09B0F0BD6B461022052130469F
S2140217C012F058FA05460028D3D0D9E794F87430B8
S2140217D0DA0702D4A368DB052DD5606B04F1180284
S2140217E004A90A3015F02DF904A92046FCF74CFC92
S2140217F010210DEB0100D8E7636B1A88DAB91E4A8E
S214021800904202D01D4A904215D1591C002211F86E
S214021810010F80B90132082AF9D1226C04A902F517
S214021820A67203F10A0015F00CF9A0B110210DEB17
S214021830010017F00AFD204641F20601FFF758FDA7
S21402184020460021FCF720FC04F1340009B0BDE874
S214021850F04015F04EBA04A92046FCF715FC1021FC
S2140218600DEB010017F0F1FC04F13400A0E700BF15
S2140218708925020021210200553202008940020019
S21402188038B504460D460520022115F068F90246D1
S214021890C0B18379034406215D73204614F0B9FF74
S2140218A045F490512046FFF723FD94F87310064B3B
S2140218B0064A2046012914BF11461946BDE838409B
S2140218C015F0DEB938BD00BF2121020089250200CD
S2140218D02DE9F043DFF838911F46D9F80030154657
S2140218E01A7F022A8BB080460E461DD103F15F0492
S2140218F003F17F0254F8041B46F8041B9442F9D104
S21402190003F19F0254F8041B45F8041B9442F9D1D4
S214021910BF3354F8042B47F8042B9C42F9D1B8F194
S214021920000F66D1002442E09C6914F001041BD02B
S214021930334B03F1200253F8041B46F8041B934270
S214021940F9D1304B03F1200253F8041B45F8041B6F
S2140219509342F9D12C4B03F1200253F8041B47F8AB
S214021960041B9342F9D1DAE704A80DF0ABFC02A8F7
S2140219700CF026FCD9F80000244B009404AA02A915
S214021980C0300DF0EDFB0446A8B104A80DF0C9FC6A
S21402199002A80CF01AFCB8F1000F03D0082140464A
S2140219A0FFF76EFF214640F20740FFF7BFFC2046D6
S2140219B00BB0BDE8F0833146202204A80CF0CDFC23
S2140219C02946202206A80CF0C8FC2022394602A886
S2140219D00CF0C3FC04A80DF0A4FC02A80CF0F5FB66
S2140219E03046202117F023FC2021284617F01FFC42
S2140219F095E7002245F21601404615F057F991E7A1
S214021A00F4A4030015A5030036A50300FD6A03002F
S214021A10582700202DE9F34790F87380056CB8F13B
S214021A20010F044604D195F86C31002B40F04F812B
S214021A3095F8783195F86D91032B00F2E880DFE88F
S214021A4003F0027EA6CB19F0010F73D011210620F7
S214021A5015F085F88246002800F0398186790C3622
S214021A600644771C1021384615F039F9014658B15C
S214021A7020460821FFF704FF002140F2074002B08B
S214021A80BDE8F047FFF752BCA07CC0F11002384414
S214021A9016F0F5FC95F97A013B461022052112F064
S214021AA0BBF858B1002140F21B40FFF73FFC08216B
S214021AB0204602B0BDE8F047FFF7E2BE12F0AAF8F1
S214021AC002280FD1B8F1010F0CD004F11803113619
S214021AD057F8042B43F8042BB742F9D1A36843F412
S214021AE08073A36052460621204614F092FE0B2114
S214021AF0072015F034F80746002800F0E8808679BB
S214021B0095F97A310C36064443F43F43A6F8013081
S214021B100821F01C15F0E3F895F97A01731C0A22E5
S214021B20042112F079F80028BCD13A460621204654
S214021B3014F06FFE95F87831013385F8783119F094
S214021B40020F1FD01121082015F009F806460028BA
S214021B5000F0BD8081790144002301AA0D31FF20E7
S214021B60019315F0F0F840B108212046FFF788FEF1
S214021B70019940F20740FFF7D9FB3246062120467C
S214021B8014F047FE95F87831013385F8783119F06C
S214021B90020F1CD00821092014F0E1FF0746002896
S214021BA000F0958086790C360644FBF721FC837993
S214021BB083F00803C3F3C00373700368C6F80230E9
S214021BC08388F3803A460621204614F022FE95F8D2
S214021BD07831013385F8783119F0040F12D01121CB
S214021BE00A2014F0BCFF0646002870D080793044E4
S214021BF01022AB210D3016F042FC3246062120465A
S214021C0014F007FE95F87831013385F87831B8F18B
S214021C10010F08D0236C93F86C31002B57D195F83E
S214021C207831042B53D1A36C95F97A013133102203
S214021C300B2111F0F1FF80B140F21B412046FFF765
S214021C4057FB244B24492046B8F1010F08BF19461A
S214021C5002B0BDE8F04715F013B8A36C95F97A0107
S214021C60203301220C2111F0D7FF0028E4D1A36C07
S214021C7095F97A01213310220D2111F0CDFF0028AB
S214021C80DAD1082295F97A0104F11003114611F00F
S214021C90C3FF0028D0D1236C93F87A2184F87520EC
S214021CA0FF2283F87A21D3F874315B0603D404F159
S214021CB04C0012F019FD11F0ADFF022802BFA36816
S214021CC043F48073A3602046FFF7EAFAB9E702B04E
S214021CD0BDE8F08721210200892502002DE9F04F98
S214021CE097B01C46DDE92098544B229F154604AA5D
S214021CF006468C4603F1100B9246186859689646BB
S214021D00AEE8030008335B457246F6D16B462022E6
S214021D106146504614F00AFF8346002871D1484BAC
S214021D20089365238DF824300DF1250305F1100282
S214021D30184655F8041B43F8041B9542F9D11021A6
S214021D4017F075FA0DF1350304F11002184654F82F
S214021D50041B43F8041B9442F9D1102117F067FACA
S214021D6099F8063083F00803C3F3C0038DF84530B4
S214021D70D9F80030CDF846300621B9F80430ADF86F
S214021D804A300DF1460017F052FA98F8063083F002
S214021D900803C3F3C0038DF84C30D8F80030CDF8F2
S214021DA04D300621B8F80430ADF851300DF14D0033
S214021DB017F03DFA00238DF854300124239B8DF84A
S214021DC05340352208A9684614F0B0FE8346C0B9CF
S214021DD02398102117F02BFA3B46352208A96846AD
S214021DE08DF8204014F0A2FE834650B9B27C01461C
S214021DF0C2F11002384616F042FB1021384617F0A0
S214021E0016FA1021684617F020FA352108A817F0AE
S214021E101CFA1021504617F018FABBF1000F06D034
S214021E2008213046FFF72CFD17B0BDE8F08F5A4662
S214021E3045F21201304614F039FFF5E757A50300C4
S214021E400062746C2DE9F04194B0074606A80C4671
S214021E50984615460DF036FA02A80CF0B1F90CAB0E
S214021E6004F1200C1E46206861681A4603C2083434
S214021E7064451346F7D12021304617F0D8F92022C0
S214021E80314606A80CF053FA2A4633462035106827
S214021E9051681C4603C40832AA422346F7D12021C1
S214021EA0304617F0C4F920220DEB020031460CF042
S214021EB03EFA2021304617F0C8F901210AA80CF094
S214021EC006FA2022414602A80CF031FA04A80CF0C9
S214021ED077F9002104A80CF0FAF91C4B18680023C5
S214021EE001931B4B009306AA02AB04A9C030EBF782
S214021EF0B7FF0446A0B104A80CF067F906A80DF0D7
S214021F0010FA02A80CF061F9214640F20740FFF7EA
S214021F100DFA08213846FFF7B3FC14B0BDE8F0818D
S214021F201A99202204A80CF018FA04A80CF04DF90D
S214021F3006A80DF0F6F902A80CF047F9224645F27B
S214021F401501384614F0B2FEE7E700BF5827002016
S214021F50FD6A0300F8B50446FFF712F9266C05463B
S214021F6028B394F975305F1C0BD086F87A31FFF7E8
S214021F7023F90721012014F0F2FD024618BB1A21AC
S214021F8011E02046FBF76AF886F87A01236C93F98B
S214021F907A310133EBD1FFF70FF990B1A3685D07F1
S214021FA009D441F205212046FFF7A2F907E0FF23F4
S214021FB086F87A31EFE705212046FFF761FC00201C
S214021FC0F8BD0025D5E7867931490C3609688319AC
S214021FD091F800C083F801C091F81CE0281E18BFD3
S214021FE00120BEF1010F0DD183F802E0D870487CC3
S214021FF000B3D87800071DD4A3685B07DBD441F290
S2140220000321D0E78F69BEF1020F07F002070ED157
S21402201091F85EE0BEF1000F09D04FF0010E83F892
S21402202002E0D870002FE2D140F00800DEE74FF061
S214022030000EF4E7BCF1030F07D0096911F0FF1F89
S2140220401EBFD97841F00401D97094F874108F0736
S21402205008D5D978480705D4BCF1030FCFD041F094
S2140220600401D970002D18BF0325102119715D7166
S2140220709D71216C9059C1F80600988848819B7919
S2140220800B732046062114F0C4FB012098E700BF1C
S21402209058270020204B1B689B6913F0040310B5D9
S2140220A0044610D141B180F8773090F870101B4882
S2140220B0BDE8104016F088BC90F87330012B03D1AF
S2140220C08368580705D410BD022B02D183685907CE
S2140220D0F9D494F9772094F87730002AF3DBB3B971
S2140220E0012384F8773094F877305B08EBD04FF40E
S2140220F07A72534394F87010084800220BF026FCBC
S21402210094F8773063F07F0384F87730DBE75A067B
S214022110E9D45B00E5E700BF582700205C270020D3
S21402212030B545F21E03994289B00446154610D8CA
S21402213045F21603994213D845F20103994200F07C
S214022140A18145F20C03994222D0B1F5A04F00F0CE
S2140221509F812A46204609B0BDE8304000F0C2B949
S214022160A1F5A043173B072BF3D801A252F823F0A0
S2140221705922020053210200532102005321020079
S21402218041240200532102000924020043220200D5
S21402219090F97730002B02DB8268530707D520467A
S2140221A00921FFF76DFB41F2092009B030BDAB797A
S2140221B02B44A04D5B7C2D686D7C03F00801D5B1E5
S2140221C021B90321FFF75CFB2120EEE713F0040F91
S2140221D003F0010308D042F00802826093B9A368B4
S2140221E043F02003A36013E0002BF8D0836843F08B
S2140221F010038360F3E7580744BF42F00802A26068
S214022200DB0703D5A36843F01003A3600029E6D1D9
S214022210A368894943F00403A360224620460BF0D4
S214022220B1FB0221204612F0A7FC47F230530022EF
S21402223045F21A0120460BF089FBA3689D0540F182
S2140222408980A368580740F1858094F8700009B029
S214022250BDE8304014F037BB90F87430D9074DD53E
S21402226090F97530013342D094F9131001291DDC20
S214022270A26893060DD56F4B15071B6801D4187C10
S21402228038B1187F10B91878032802D09B699807CE
S21402229034D501290AD0674B11071B6801D41A7C72
S2140222A022B11A7F52BB1B78032B27D10023CDE91C
S2140222B00433CDE9063311F0ADFC022801AB35D16B
S2140222C0A06AE16A228E03C31A8094F97500BDF8EB
S2140222D00450421C37D011F0E5FC002833D12046CA
S2140222E041F20601FFF704F841F206005DE7836853
S2140222F0DA0616D4FEF760FF0028B5D04D4B1B68F1
S214022300197F022932D1DA7C82B393F85E306BBB36
S214022310A3685B0720D52046FFF7B2FA41F20220F7
S21402232043E7FEF72DFF0028E4D0E7E794F97500AF
S2140223300A22022111F09EFC0028C6D1CDE9010036
S214022340ADF80C00C1E704AB2A460DF106012046A3
S214022350FEF758FC002028E7204641F20221FEF74D
S214022360C7FF01212046FFF795FED7E72046FFF775
S214022370F9F8A56860B96D0705D508212046FFF76C
S2140223807FFA1A2011E71A212046FEF7B1FFF8E776
S21402239015F0040508D0FEF717FFC8B194F97510BA
S2140223A02046FFF731F8D5E72246234920460BF0B0
S2140223B0E9FA0221204612F0DFFB47F230532A46A2
S2140223C045F21A0120460BF0C1FAA3685807E2D478
S2140223D094F97530591C06D048F2080040EA0320EA
S2140223E080B2FAF77BFC226CD2F8743143F02003F9
S2140223F0C2F874312046FFF7ADFD0028AAD00F4977
S214022400204614F03DFCA5E7FEF7DEFE002861D06C
S214022410236C002B5ED0A26852075BD5D3F87431CA
S214022420980657D42B78002BD2D105212046FFF7E9
S21402243027FA8FE758270020C96C0300B937020035
S21402244090F87430D90706D4234914F019FC2946AB
S2140224502046FEF74DFFA3685A077FF57BAF20465E
S21402246045F21A0116F0B0FA20461C49224616F02A
S214022470D6FAA36823F03C03A36002212046FCF7A9
S21402248063FF67E70246154915480BF07BFA61E7DA
S21402249045F21A0116F098FAA36823F03E03A360E9
S2140224A0236C2BB193F97A01431C01D0FAF726FD6F
S2140224B022462046094916F0B2FA2246074908483B
S2140224C016F0ADFA20460221FCF73EFF204614F035
S2140224D01DFC3FE7022068E621210200C96C0300CA
S2140224E0D826002045F21703994210B5044641D07B
S2140224F01BD845F20603994229D01AD821F00201C8
S21402250040F20123994214D190F870101A4816F03E
S2140225105BFA94F87330012B4FF000024FF4A0419F
S214022520204608D1FFF7FCFD03E045F21A03994264
S21402253004D048200AE000F027F8FAE70F4914F022
S2140225409FFB07212046FEF7D3FE002010BD93799D
S2140225501A44517C41F49051FEF7CAFE94F8731067
S214022560074A084B2046012914BF1146194614F0A3
S21402257087FBEAE70220E9E75C2700208F72030068
S214022580892502002121020045F21E0399422DE907
S214022590F3410446154611D845F21603994214D85B
S2140225A045F20103994200F0378345F2020399424D
S2140225B000F09880B1F5A04F00F034832A462046FA
S2140225C002B0BDE8F041FFF78DBFA1F5A043173B6F
S2140225D0072BF3D801A252F823F000BFFD25020014
S2140225E0BD250200BD250200BD250200D52B020036
S2140225F0BD2502009F27020079270200A04E3368FD
S2140226001A7F022A11D1DA7C7AB193F85E3063B966
S21402261041F20221FEF76CFE20460121FFF73AFD49
S21402262041F2022002B0BDE8F081A3685D0701D541
S2140226300220F7E72046FEF7A3FD33681A78051E48
S21402264018BF0125032A07D0196911F0FF1F6AB2C5
S21402265024D042F0040503E094F87420900725D4B1
S2140226609A6992071FD41A7F012A1CD045F00805E2
S21402267002210B2014F073FA0246E0B18379034478
S21402268006215D7394F97530013302BFA36843F0E7
S2140226900203A360204614F0BCF80CE094F8741011
S2140226A08907D6D4DCE75B7C002BE1D041F203211C
S2140226B02046FEF71DFEA368724943F00403A3609A
S2140226C0224620460BF05EF90221204612F054FA0A
S2140226D047F23053002245F21A0120460BF036F933
S2140226E000209FE783685F0703D490F97730002BBA
S2140226F005DB236C53B1D3F87431DE0606D52046CB
S2140227000921FFF7BDF841F209208BE72046FEF7C4
S21402271029FF28B908212046FFF7B2F8212081E7D1
S214022720206CD0F8743143F01003C0F87431AB79E2
S2140227300C332B445A68C0F806201A8942819B7AC9
S2140227400373236C01229A71A26812F0040610D158
S21402275022464C4920460BF015F90221204612F07B
S2140227600BFA47F23053324645F21A0120460BF076
S214022770EDF8A3689805B3D5236C002BB0D0D3F838
S2140227807431D906ACD594F97530013320D094F85B
S2140227907430DA071CD5A36843F00203A360236CE7
S2140227A0002B3FF445AFD3F87431DA067FF540AF1D
S2140227B09F063FF53DAFFEF707FD20B3A3689E07D1
S2140227C021D42B78FBB905212046FFF759F887E775
S2140227D0FEF7FAFC94F9751040B14B1C02D1A368BF
S2140227E09F07DCD42046FEF70FFE79E74E1CD6D0B4
S2140227F094F87430D807D2D4084611F053FA002859
S214022800CDD0052187E794F97530581C24D048F2BC
S214022810080040EA032080B2FAF760FA94F874508F
S21402282015F0010518D194F8750048F20B0343EA37
S2140228300020FAF753FA94F8750048F20C0343EABC
S2140228400020FAF74BFAA06C10222946313015F018
S21402285016FEA36C83F82050A368256C084FAA7A4C
S21402286023F00203A360D5F8743143F02003C5F8C1
S21402287074313B681B7A934206D906214BE700BFA8
S21402288058270020C96C030094F9521094F852306D
S2140228900029A6BF83F00803C3F3C00301232B71EC
S2140228A094F86030102A83F0080328BF1022C3F37E
S2140228B0C0036B712046A2746E7AFEF761FC002894
S2140228C036D0F10734D594F97530D4F840805A1CC6
S2140228D024D088F87A3106F00D063B689A6990078C
S2140228E004D41A7F012A01D0310701D406F0F70674
S2140228F01A78032A1FD01B6913F0FF1F01D046F077
S214022900040694F874309A071BD5730719D403216A
S2140229102046FEF7B5FF40F2034083E62046FAF76C
S2140229209DFB88F87A01236C93F97A310133D2D170
S21402293006F00C06D1E71B7F002BE2D106F0FB0661
S214022940DFE70721022014F00AF901900028E2D0FE
S21402295090F806C03A680CF10C0C00EB0C011378E8
S2140229604B70137F012B06D0022B46D192F85E30B5
S214022970003B18BF01238B70CE70102316F00106A1
S2140229800B711BBFEB7A2A7B4E7103F0030318BF51
S2140229904B71236C14BF02F0030232468A7183F82D
S2140229A06D214A7983F86C2150F80C20C3F80D206B
S2140229B08A88A3F811208A79DA7406B3206C90F814
S2140229C06C1111F002061AD194F8521090F97A019D
S2140229D081F0080104F14C030622C1F3C00111F094
S2140229E01BF960B13146FEF7A1FC20460821FEF72E
S2140229F047FF01A816F016F98DE70023BBE7019EF4
S214022A00002E88D0FEF7D8FB95F809C078B11CF0E6
S214022A10010F04D0236C93F97A31013307D10521D3
S214022A202046FEF72DFF30460BF03AF976E63B6875
S214022A30597C0CF0080229B112B12A7C100703D483
S214022A400321EDE7002A75D02A7C110772D5D5F846
S214022A50741141F00401C5F87411B5F86C1121F433
S214022A60807121F00101A5F86C11187F297A0228DD
S214022A700BD071B942EA0C0212F0040248D185F872
S214022A8079211B7C002BDBD10DE021B993F85E2067
S214022A909ABB0221C4E7012283F83D20DA7C92BB6E
S214022AA0042385F8793132460621204613F0B1FE1A
S214022AB095F87931206C042B52D13B6800F5A6704C
S214022AC003F11D022D3352F8041B40F8041B9A42F0
S214022AD0F9D1D5F8743195F8792103F00401002A6A
S214022AE045D123F00203C5F87431E27400294AD0B6
S214022AF05B49204614F0C4F8F2E583F83D10DB7C0F
S214022B00002BC6D1CCE793F85E30002BC8D1C0E7C5
S214022B10EA7919785348052A28BF032201EB810176
S214022B2001448A5C85F879211B7C002BBBD0002AE5
S214022B30B9D185E71A7F012A02D12A7A002AAFD1B3
S214022B401CF0040F03D12A7C12F0040297D0EA7913
S214022B5019784548052A28BF032201EB8101DFE7E1
S214022B601022002100F5A67015F089FCB1E743F0AB
S214022B700203C5F8743141B90123032AE37412D95A
S214022B80042A7FF4ADAD3949B3E7A37C0F2B85BF8A
S214022B9094F8743043F00803012384F8743088BF35
S214022BA00223E374A4E7012A07D02046304914F032
S214022BB067F82046FEF714FC92E520462C4914F0EE
S214022BC05FF83B68D968481C424242412046FEF7FD
S214022BD0D7FB85E590F87430D90706D4254914F05A
S214022BE04FF829462046FEF783FBA3685A077FF56F
S214022BF077AD45F21A01204615F0E6FE1E4922463A
S214022C00204615F00CFFA36823F00403A3600221FC
S214022C102046FCF799FB63E50246174917480AF077
S214022C20B1FE5DE545F21A0115F0CEFEA36823F06B
S214022C303E03A360236C2BB193F97A01431C01D0A7
S214022C40FAF75CF9224620460B4915F0E8FE0A49D7
S214022C500A48224615F0E3FE204614F057F8D6E757
S214022C60A536020068A5030081A50300812C020098
S214022C701536020021210200C96C0300D826002066
S214022C8073B545F20406B142044615460DD045F228
S214022C901006B14222D0B1F5A04F38D113F036FF5C
S214022CA0236CD3F87431D90720D5236CD3F874215A
S214022CB0D2070BD4AA790C3215446A1DB4331535E3
S214022CC052F8041B43F8041BAA42F9D1216CD1F82E
S214022CD0743113F004030CD00F4904E0016CC431C4
S214022CE013F081FF0D49204613F0CAFF002002B000
S214022CF070BD81F878310123009301F1D40201F10D
S214022D00C403204601F5A67114F0EFF9EEE702B00F
S214022D10BDE87040FFF7E6BB212D0200B92D020088
S214022D20B1F5A04FF7B5044608D045F21105A94201
S214022D3036D003B0BDE8F040FFF7D4BB006C1021DC
S214022D40D43013F0CCFF60B108212046FEF798FD80
S214022D5040F207400021FEF7E9FA40F2074003B0CE
S214022D60F0BD256C95F8796105F1C407013E022E87
S214022D7001979FBFD5F8480195F87861F04000F0BA
S214022D80010098BF40F08000009005F1540105F163
S214022D90140205F1D403204614F007FA0020DEE7F9
S214022DA0016CC43113F01FFF0249204613F068FF7E
S214022DB0F4E700BFB92D020030B545F21003994280
S214022DC085B0044600F0A6800CD8B1F5A04F27D0F7
S214022DD045F20503994228D0204605B0BDE83040AA
S214022DE0FFF780BB45F21103994200F0B08045F22E
S214022DF012039942F0D1016C91F8793113B1043B78
S214022E00012B03D8D431204613F0D1FE236C93F85D
S214022E107931042B40F2DF80052B03D16F4992E013
S214022E2013F074FE002005B030BD9179036C0C31AE
S214022E300A44511DE433153251F8040B43F8040BCF
S214022E409142F9D1206CD0F8743113F0040354D0B7
S214022E5090F87931042B22D1614B1B6893F85E50AF
S214022E6065B100F11402002100F5AE7000910190E8
S214022E703E331146204614F098F9D3E71021D43099
S214022E8013F02DFF58B108212046FEF7F9FC40F258
S214022E9007402946FEF74AFA40F20740C3E7216C8C
S214022EA091F8793101F1E40213B1043B012B12D8F7
S214022EB001F58A73039301F5A673029304F15A038C
S214022EC0019304F15303009301F1D403F431204635
S214022ED0FEF704FFA6E701F5AE73019391F87801B9
S214022EE0D1F84831C34003F0010343F08003009356
S214022EF0134601F154021431BCE780F8783100F130
S214022F00E402009300F5A67100F5AE73204614F0B5
S214022F10ECF887E7056C102205F1B40105F5AE70F2
S214022F2015F083FA20B104212046FEF7A9FC79E7C2
S214022F30D5F874312B499B0742BF94F8743043F09E
S214022F40020384F87430204613F09AFE6AE7056C92
S214022F5095F87931042B05F5AE701ED1204B196811
S214022F6010224E3115F061FA0028DCD1102105F14D
S214022F70D40013F0B4FE216C01F58A73039301F5B5
S214022F80A673029304F15A03019304F153030093C8
S214022F9001F1E40201F1D40398E70146102205F19B
S214022FA0B40015F042FA0028BDD105F1D40120463E
S214022FB013F0FDFD216C91F878310133DBB2142B4E
S214022FC081F87831D8D0D1F8743123F00103C1F8F2
S214022FD074310549B7E70549B5E700BFF12F02008E
S214022FE05827002055320200812C0200A930020028
S214022FF045F21403994213B504462BD00CD8B1F50A
S214023000A04F13D045F20E03994232D0204602B0AA
S214023010BDE81040FFF766BA45F219039942F5D1AA
S214023020137813BB0C21FEF72BFC10E013F06EFD99
S214023030216C01F5A273019301F1D403009301F10F
S214023040540201F1E4032046143113F039FF002044
S21402305002B010BD036CD3F84421114BB2FBF3F15E
S21402306003FB1121FEF776F9F1E70E4913F008FE8D
S214023070EDE79179036C0C310A44511D03F5927306
S214023080153251F8040B43F8040B9142F9D1226C25
S214023090D2F8743143F00803C2F87431D7E700BFA0
S2140230A040420F00A9300200F0B545F20E06B142CA
S2140230B08DB0044615460ED045F21306B1425CD0DA
S2140230C0B1F5A04F40F0BD8013F020FD236CD3F87D
S2140230D07431190757D5236CD3F8742112070CD410
S2140230E0AA790C3215446A1D03F59273153552F807
S2140230F0041B43F8041BAA42F9D1256C0023CDE930
S2140231000833CDE90A3385F8783195F87931042BFE
S2140231100DF1200C2AD14D4B1B6893F83D205AB175
S21402312003F11D0267462D33106851683E4603C6FA
S21402313008329A423746F7D105F5AE73069304F184
S2140231405A03059304F153030493EB7903932B7A02
S21402315002936B7A05F1E402CDE900C305F1D403CC
S21402316005F58A71204613F01FFF0CE0013B022B87
S2140231709CBFD5F848310893DEE7056C95F87831A0
S21402318023B1012B54D000200DB0F0BD102205F55E
S214023190AE7105F5927015F048F920B10B21204664
S2140231A0FEF76EFBEFE7D5F874319B0742BF94F843
S2140231B0743043F0020384F87430012385F87831C2
S2140231C00023CDE90833CDE90A3395F87931042B8B
S2140231D00DF1200C25D11D4B1B6893F85E205AB1C9
S2140231E003F13E0267464E33106851683E4603C6F8
S2140231F008329A423746F7D105F59A73069304F1D8
S2140232005303059304F15A030493AB7B0393EB7BBE
S21402321002932B7C05F1D402CDE900C305F1E40349
S2140232209EE7013B022B9CBFD5F848310893E3E7A3
S21402323005F59A7113F09FFC0549204613F020FD10
S214023240A1E70DB0BDE8F040FFF74CB958270020C3
S21402325055320200B1F5A04F70B5044615467AD035
S21402326045F21B06B14240F0CD8090F87430DA0782
S21402327069D5056CB5F86C3123B1644913F000FDCD
S214023280002019E0D5F874315B074BD56B7ADE0760
S21402329048D52B7CD80745D5A36C95F97A013133EE
S2140232A010220B2110F0B8FC38B140F21B41204628
S2140232B0FEF71EF840F21B4070BDA36C206C203354
S2140232C090F97A0101220C2110F0A6FC0028ECD11C
S2140232D0A36C206C213390F97A0110220D2110F094
S2140232E09BFC0028E1D1206C082290F97A0104F1B7
S2140232F01003114610F090FC0028D6D104F14C00C1
S21402330011F0F2F9236C93F87A2184F87520FF22E3
S21402331083F87A2120463E4913F0B2FC2046FDF798
S214023320BFFFADE705F5A67304F1180205F5AE7505
S21402333053F8041B42F8041BAB42F9D1A36843F4CA
S2140233408073A360E6E7324913F09AFC29462046CA
S214023350FDF7CEFF94E7006CD0F8743159072AD5F2
S214023360437ADA078CD5037CDB0789D500F5A6738A
S214023370102290F97A01032110F04EFC48B1002188
S21402338040F21B40FDF7D2FF08212046FEF778FAEE
S21402339090E710F03FFC02287FF472AF206C1022F8
S2140233A000F5A673052190F97A0110F035FC002885
S2140233B03FF466AFE3E7D0F8D430C0F8EC30D0F88C
S2140233C0D830C0F8F030206C00F5A6721146E43012
S2140233D013F037FB014630B120460821FEF750FABB
S2140233E040F2074068E7236CA07C03F5A673C0F1A1
S2140233F01002184415F043F8216C2046D43113F01D
S214023400D6FB3DE7BDE87040FFF76CB81534020006
S21402341089250200B1F5A04F2DE9FF410446154665
S21402342000F0E980A1F5A043DE1F042E00F2EA8038
S2140234309279066C0C32083B96F86C711544032B95
S21402344003D8DFE803F0307987D5F9072ED56F1D4C
S2140234506F481022394614F0E8FF002865D096F926
S2140234607A013B461022032110F0D6FB064610F0E6
S214023470D1FB022811D194F87330012B0DD13B46B3
S21402348004F11802153553F8041B42F8041BAB422C
S214023490F9D1A36843F48073A3601021384615F06F
S2140234A0D4FE002737E017F001070ED10027226C62
S2140234B092F86C3123EA070382F86C312046FEF755
S2140234C0A9FA002004B0BDE8F08110F0A3FB0228A0
S2140234D00DD0206C6B4690F97A011022032110F071
S2140234E0C9FB0028E2D01021684615F0AEFE206C1B
S2140234F005F10508434690F97A010A22022110F0E6
S2140235008BFBD5F80530A362D5F80930E362B5F82F
S2140235100D3023860646002EC9D000213046FDF720
S21402352005FF08212046FEF7ABF920460821FEF7E4
S214023530A7F940F20340C5E7BA07B7D5053596F9AD
S2140235407A0106212B46102210F066FB1021064651
S2140235502846A4E7BB07A9D510F05CFB02280DD0CD
S214023560206C6B4690F97A011022062110F082FB3D
S21402357000289BD01021684615F067FE697989B944
S2140235806B1D0A4613F8010F60B90132062AF9D1FB
S21402359094F85210206C81F0080104F14C03C1F338
S2140235A0C00107E00039206C05F106034FF0060261
S2140235B018BF012190F97A0110F02EFB226CD2F886
S2140235C0743143F04003C2F874316B89ADF80430AD
S2140235D06B790646002BD5F8060000900CBF4923EF
S2140235E0722368468DF80630022711F07DF892E7BE
S2140235F007F004075BE713F089FA236C002283F8CE
S21402360078215BE704B0BDE8F041FEF76BBF00BF70
S2140236109AA5030070B545F20406B1420446134665
S21402362024D045F21806B14206D0B1F5A04F32D1E9
S21402363013F06CFA002070BD11684D1C03D10121F5
S214023640FEF71EF9F6E7026CD2F87401400743BF94
S214023650002182F878111B68C2F84C1148BFC2F8E4
S21402366048310F49204613F00BFBE3E79979026CC9
S2140236700C310B44591DB432153351F8040B42F881
S214023680040B9942F9D1226CD2F8743143F001034B
S214023690C2F87431CEE7BDE87040FEF723BF00BF24
S2140236A0812C020045F215039942F7B5044651D023
S2140236B00CD8B1F5A04F19D045F20D0399421BD094
S2140236C0204603B0BDE8F040FEF70CBF45F21603F5
S2140236D09942F5D1016C01F1F403009301F1340231
S2140236E001F194031431FEF7ADFB01E013F00EFA7C
S2140236F00027384603B0F0BD93790C331A44551DA3
S21402370002F1250632462946FDF7BCFE074620B1E1
S2140237100B212046FEF7B4F8EBE7236C2946143358
S21402372051F8042B43F8042BB142F9D1236C01F172
S2140237302002343351F8040B43F8040B9142F9D1BA
S214023740216C204601F1940301F174025431FEF714
S214023750BFF8CDE713F063FA236C93F87931052BA3
S214023760C6D8DFE803F0190311111E1920460E49C8
S21402377013F086FA0D4B1B68D9684B1C5A425A4105
S2140237802046FDF7FDFDB3E72046074913F078FA19
S2140237902046FDF725FEABE70549204613F070FAF2
S2140237A0A6E70449F9E700BF1536020058270020AD
S2140237B0212D0200B92D0200F8B545F216039942F2
S2140237C0044600F061810BD8B1F5A04F0ED045F249
S2140237D0030399420ED02046BDE8F840FEF782BEAB
S2140237E045F217039942F6D1022002E013F08EF951
S2140237F00020F8BD9379056C0C33D618F379DF07F1
S21402380008D4FDF7D9FC28B105212046FEF738F882
S2140238102120EEE79E4F327A3B681B7A9A4201D20B
S2140238200621F2E7D6F80530C5F80E30B6F80930AC
S2140238306B8202236B7394F9523094F85210002B69
S214023840A6BF81F00803C3F3C00301236B7194F88B
S214023850603083F00803C3F3C0032B71337A102B56
S21402386028BF1023A374F379D8072BD56B7ADA070F
S21402387028D5737AEA7A134085F86D31B37A2A7BB3
S214023880134085F86C3195F97A3101331ED0206CDD
S21402389090F86C319B0719D481F0080190F97A01EF
S2140238A004F14C030622C1F3C00110F0B5F968B169
S2140238B040F21B412046FDF71BFDA3685907A7D51A
S2140238C00821A2E7002385F86D31DAE73B68F07934
S2140238D0597C00F0080229B112B16A7A120703D4A1
S2140238E0032192E7002A79D06A7A110776D5D5F8AD
S2140238F0741141F00401C5F87411B5F86C1121F485
S214023900807121F00101A5F86C1193F81CC0B17901
S214023910BCF1020F02D019B3022176E789B1012267
S21402392083F83D20DA7CB2B9042285F87921A27C9C
S2140239300F2A27D994F8742042F0080284F87420DB
S21402394020E093F85E20002AE6D0DA7C83F83D1069
S214023950002AE1D1E8E793F85E20002AE4D1DBE70B
S214023960024312F004023FD072794A491878052AB7
S21402397028BF032202EB82020A44125C85F87921F0
S214023980002AD4D1197C95F8792109B1002AA7D04A
S214023990206C042A00F5A6703AD103F11D022D33DD
S2140239A052F8041B40F8041B9A42F9D1D5F8743138
S2140239B095F8792103F004017ABB23F00203C5F8D7
S2140239C07431E27400295AD0216C204601F1940326
S2140239D001F174025431FDF77BFF09E71A7F012AD1
S2140239E005D1B2791AB1042285F87921CAE74207CD
S2140239F003D46A7A12F00402F6D07279264918784D
S214023A00052A28BF032202EB82020A44125CEBE775
S214023A101022002114F033FDC8E743F00203C5F874
S214023A20743149B90123013AE374032A3FF6E0AE42
S214023A30DFE802F010181025A37C0F2B85BF94F840
S214023A40743043F00803012384F8743088BF0223DD
S214023A50E374B9E72046114913F012F92046FDF740
S214023A60BFFCC5E620460D4913F00AF93B68D96843
S214023A704B1C5A425A412046FDF782FCB8E60849DA
S214023A80204613F0FDF8B3E613F0C9F80549F7E748
S214023A905827002068A5030081A5030045440200BC
S214023AA021430200A93A020045F20D039942F7B5F6
S214023AB0044627D00DD8B1F5A04F1DD045F2040319
S214023AC0994200F08F80204603B0BDE8F040FEF732
S214023AD009BD45F21103994200F0A68045F215038E
S214023AE09942F0D1006C90F87931052B06D8DFE8C0
S214023AF003F0503A423A555013F008F80027384679
S214023B0003B0F0BD93790C331A44561D02F1250515
S214023B102A463146FDF7B6FC074620B10B21204661
S214023B20FDF7AEFEEBE7236C3146143351F8042B57
S214023B3043F8042BA942F9D1236C01F12002343355
S214023B4051F8040B43F8040B9142F9D1216C01F1B0
S214023B50F403009301F1340201F194032046143178
S214023B60FEF770F9CAE720463B4913F089F820466B
S214023B70FDF736FCC2E72046374913F081F8374B8B
S214023B801B68D9684B1C5A425A412046FDF7F8FB7F
S214023B90B4E73349204613F073F8AFE72F4B1B68A0
S214023BA093F85E5065B100F11402002100F5AE7084
S214023BB0019000913E331146204613F0F6FA9DE737
S214023BC01021E43013F08BF800283DD0082120465F
S214023BD0FDF756FE294640F20740FDF7A7FB40F2E6
S214023BE007478CE79179036C0C310A44511DC433A4
S214023BF0153251F8040B43F8040B9142F9D1256CA7
S214023C00102205F1C40105F1B40014F00EFC20B92F
S214023C1004212046FDF734FE70E7D5F8743143F0F0
S214023C200103C5F8743169E70C4B056C196810225C
S214023C304E3105F5AE7014F0F8FB0028E8D11021DD
S214023C4005F1E40013F04BF8216C2046E43112F043
S214023C50AEFF04499EE700BF4544020058270020F5
S214023C6079420200693C0200F0B545F2100399421F
S214023C7085B0044600F087800CD8B1F5A04F1CD062
S214023C8045F2050399421DD0204605B0BDE8F04036
S214023C90FEF728BC45F21103994200F08D8045F2EA
S214023CA012039942F0D1036C93F87931042B40F257
S214023CB0B380052B03D159497BE012F027FF002081
S214023CC005B0F0BD9179036C0C310A44511DD43312
S214023CD0153251F8040B43F8040B9142F9D1256CC6
S214023CE005F1E40705F1D40610223146384614F0F1
S214023CF09CFB20B904212046FDF7C2FDDFE7D5F87C
S214023D00743113F0040332D095F87931042B13D1B1
S214023D1005F58A73039305F5A673029304F153031C
S214023D20019304F15A0300933A46334605F1F4012F
S214023D302046FDF7D3FFC2E705F5AE7005F1140184
S214023D4005F1540201900BB1052B06D10023009316
S214023D502046334613F029FAB1E795F87801D5F8EC
S214023D604831C34003F0010343F08003EFE785F8D0
S214023D7078313246009305F5A67105F5AE732046F6
S214023D8013F0B3F99BE7056C102205F1C40105F5A3
S214023D90AE7014F04AFB0028ACD1D5F87431204935
S214023DA09B0742BF94F8743043F0020384F87430E1
S214023DB0204612F065FF82E7056C102205F1C40169
S214023DC005F5AE7014F031FB002893D195F87931E1
S214023DD0013B022B0FD895F878310133DBB2142B56
S214023DE085F8783107D0D5F874310E4923F00103EF
S214023DF0C5F87431DCE705F58A73039305F5A673F7
S214023E00029304F15303019304F15A03009305F15C
S214023E10E40205F1D40389E70349CAE72D3E02000E
S214023E208940020021430200AD3E020073B545F20E
S214023E301406B14204461AD045F21906B14221D000
S214023E40B1F5A04F28D112F061FE216C01F5A273E4
S214023E50019301F1D403009301F1140201F1E4038A
S214023E602046543113F02CF8002002B070BD036CCB
S214023E70D3F844210B4BB2FBF3F103FB1121FDF700
S214023E8069FAF1E713781BB90C21FDF7F9FCEBE7A9
S214023E90054912F0F5FEE7E702B0BDE87040FEF70E
S214023EA021BB00BF40420F00AD3E0200F0B5B1F5A7
S214023EB0A04F8DB0054608D045F21304A14244D067
S214023EC00DB0BDE8F040FEF70DBB046C0023CDE953
S214023ED00833CDE90A3394F87931042B0DF1200C1E
S214023EE02CD11F4B1B6893F85E205AB103F13E0299
S214023EF067464E33106851683E4603C608329A42F9
S214023F003746F7D104F59273069305F153030593EA
S214023F1005F15A030493E3790393237A0293637AAF
S214023F2004F1E402CDE900C304F58A7104F1D40376
S214023F30284613F039F800200DB0F0BD013B022BE5
S214023F409CBFD4F848310893DCE7016C01F5927106
S214023F5012F011FE0349284612F092FEEBE700BF6C
S214023F6058270020693F0200F0B545F20E06B1421E
S214023F708DB0044613460BD045F21303994260D027
S214023F80B1F5A04F76D112F0C1FD00200DB0F0BD04
S214023F909979026C0C310B44591D02F59A7215334D
S214023FA051F8040B42F8040B9942F9D1256C102201
S214023FB005F59A7105F5927014F037FA20B90B21BF
S214023FC02046FDF75DFCE0E70023CDE90833CDE9A6
S214023FD00A3395F87931042B0DF1200C2AD1284B9F
S214023FE01B6893F83D205AB103F11D0267462D3334
S214023FF0106851683E4603C608329A423746F7D1E1
S21402400005F5AE73069304F15A03059304F15303C0
S2140240100493AB7B0393EB7B02932B7C05F1D402D8
S214024020CDE900C305F58A7105F1E403204612F0D6
S214024030BBFFAAE7013B022B9CBFD5F84831089389
S214024040DEE7056C102205F5AE7105F59A7014F0E0
S214024050ECF90028B3D1D5F874310A499B0742BF60
S21402406094F8743043F0020384F87430204612F059
S21402407007FE8AE70DB0BDE8F040FEF733BA00BF90
S214024080582700208940020070B5B1F5A04F88B0CD
S214024090044615467BD045F21B06B14240F0E3804B
S2140240A090F87430DA076AD5056CB5F86C312BB126
S2140240B06F4912F0E5FD002008B070BDD5F87431E6
S2140240C05B074BD56B7ADE0748D52B7CD80745D5E0
S2140240D0A36C95F97A01313310220B210FF09CFD67
S2140240E038B140F21B412046FDF702F940F21B4070
S2140240F0E2E7A36C206C203390F97A0101220C21AE
S2140241000FF08AFD0028ECD1A36C206C213390F9C5
S2140241107A0110220D210FF07FFD0028E1D1206CDC
S214024120082290F97A0104F1100311460FF074FD8B
S2140241300028D6D104F14C0010F0D6FA236C93F87E
S2140241407A2184F87520FF2283F87A21204649498D
S21402415012F096FD2046FDF7A3F8ACE705F5A67328
S21402416004F1180205F5AE7553F8041B42F8041B59
S214024170AB42F9D1A36843F48073A360E6E73D49F6
S21402418012F07EFD29462046FDF7B2F893E7006C52
S214024190D0F8743159073AD50023CDE90133ADF88A
S2140241A00C30437ADA0724D5037CDB0721D500F5E9
S2140241B0A673102290F97A0103210FF02DFD48B163
S2140241C0002140F21B40FDF7B1F808212046FDF71A
S2140241D057FB8BE70FF01EFD02280AD1206C102237
S2140241E000F5A673052190F97A010FF015FD002857
S2140241F0E6D10023BDF80420CDE90433CDE9063329
S2140242000DF1060104AB2046FCF7FCFC53E7D0F8A0
S214024210D430C0F8EC30D0F8D830C0F8F030206C8B
S21402422000F5A6721146E43012F00BFC054630B1DA
S21402423020460821FDF724FB40F207403CE7236CAA
S214024240A07C03F5A673C0F110022946184414F0A8
S21402425016F9CDE90155CDE90455CDE9065504AB6D
S2140242602A4601A9CFE708B0BDE87040FEF73AB982
S2140242708B72030021210200B1F5A04F70B50446EF
S214024280154607D045F20406B1420CD0BDE8704090
S214024290FEF728B912F03AFC236CD3F87431D9072A
S2140242A001D4002070BD236CD3F87421D20718D431
S2140242B0AA790C3215446A1DC433153552F8041B0C
S2140242C043F8041BAA42F9D1206C102200F1C40163
S2140242D0B43014F0AAF820B904212046FDF7D0FA2B
S2140242E0DFE7206C1021E43012F0F9FC58B1082107
S2140242F02046FDF7C5FA40F207400021FDF716F802
S21402430040F20740CEE7216C2046E43112F04FFC23
S2140243100249204612F0B4FCC3E700BF693C020023
S214024320B1F5A04F13B504460ED0A1F5A043103B3D
S214024330012B45D8016CB43112F055FC23492046B6
S21402434012F09EFC002017E0016CD1F8743113F0D5
S214024350040301F1E40228D01021104612F0BFFC3B
S21402436060B108212046FDF78BFA40F20740002193
S214024370FCF7DCFF40F2074002B010BD216C01F1F1
S214024380B403019391F87821D1F84831D34003F071
S214024390010343F08003009301F1140201F1E403E8
S2140243A02046543112F001FFCCE781F87831012320
S2140243B0009301F1B40301F5A67112F096FEC1E76F
S2140243C002B0BDE81040FEF78DB800BFD143020030
S2140243D0B1F5A04F70B51346044607D045F2040661
S2140243E0B14207D0BDE87040FEF77CB812F08EFBF3
S2140243F0002070BD9979026C0C310B44591DC432F1
S214024400153351F8040B42F8040B9942F9D1256C86
S214024410102205F1C40105F1B40014F006F820B923
S21402442004212046FDF72CFAE2E705F1E4012046D6
S21402443012F0BDFB0249204612F022FCD8E700BF6C
S214024440693C0200B1F5A04F70B50346144607D08A
S21402445045F21806B14207D0BDE87040FEF742B8F2
S21402446012F054FB002070BD1268551C03D10121C6
S214024470FDF706FAF6E7016CD1F87401400741BF72
S214024480002281F878212268C1F8482158BFC1F875
S2140244904C211846014912F0F3FBE3E721430200E0
S2140244A0184622F0004240F20A439A422DE9F041B1
S2140244B020D8B2F5806F01D800203EE06FF4806409
S2140244C02244092AF8D801A353F822F01345020021
S2140244D01F4502003F4502008D450200614502006D
S2140244E0A9450200CB450200D3450200B9440200AA
S2140244F0EB4502006FF4A0615318042BDCD8A2F23D
S2140245000252032A79D8DFE812F08A009200B70036
S214024510CB0005784488644810F0C6FA3EE0057879
S2140245204468826900F108030021604810F0CDFA61
S21402453010B10571C0F805400120BDE8F08106788B
S21402454045880479826900F108030021584810F072
S214024550BCFA0028F0D00671A0F80550C471EBE74B
S214024560047907784688C588A4F11B035942594145
S21402457000F1080289004F4810F0CCFA0028DBD080
S2140245800771A0F80560C4710581D5E705784488EF
S2140245904269031D0021484810F097FA0028CBD044
S2140245A00571A0F80540C7E706784588848800F1BB
S2140245B008020021414810F0ADFA0028BCD006716E
S2140245C0A0F80550A0F80740B6E7057844683C48CE
S2140245D0A2E704783A4810F067FA0028ACD007231E
S2140245E04371002304718371A6E70478354810F0FE
S2140245F05BFA0028A0D004719EE707784688057902
S214024600C48800F1080200212F4810F083FA00281F
S21402461092D00771A0F80560C57104818CE707780F
S21402462046880579C488294810F03EFAEFE787687D
S2140246304588047906787FB1C78800F10802002110
S214024640234810F067FA00283FF476AF0671A0F808
S2140246500550C47107816FE71D483B463A46394606
S21402466010F033FA00283FF467AF0671A0F8055041
S214024670C471077247725FE790F800804788067930
S214024680C5880489134810F00FFA00283FF454AF87
S21402469080F80480A0F80570C671058144814BE756
S2140246A0057844680C4837E71CA6030018A60300E2
S2140246B014A603000CA6030010A6030008A6030017
S2140246C004A60300ECA5030000A60300FCA5030055
S2140246D0F8A50300F4A50300F0A503000048704700
S2140246E0A144020030B585B004460846039112F094
S2140246F02DFF830708D410F0010003D003A814F09E
S21402470091FA012005B030BD03998B7903F10C02B2
S21402471088188A5C013A1C2A00F2E880DFE802F078
S2140247200FE689E68CE695E69CE6A4E6ACE6B3E6FA
S214024730BAE6C2E6E6E6C4E6D2E6D4E6DD000379E9
S2140247400BB103F588534278023A162AD6D801A14D
S21402475051F822F0B1470200FD460200BB470200B4
S214024760FD460200C7470200FD460200D34702008C
S214024770FD460200DF470200FD460200F747020040
S214024780FD460200EB470200FD4602000348020017
S214024790FD4602000F480200FD460200FD460200EA
S2140247A0FD46020019480200FD46020029480200A2
S2140247B017212046FCF774F9A0E70022114620468E
S2140247C011F0EFFB9AE71A460021204611F096FCFC
S2140247D094E700221146204611F001FE8EE70022E1
S2140247E01146204611F0E9FC88E71A4600212046C9
S2140247F011F0D6FD82E71A460021204611F0B3FDDD
S2140248007CE700221146204611F0DCFE76E71946C8
S214024810204611F040FF71E7009300231A4619461E
S214024820204611F042FF69E71946204611F08FFF35
S21402483064E7B0F80110BCE702338B710A46002326
S2140248404178204611F0ADFB5BE701338B71002205
S214024850204611F053FC54E702338B714278002352
S214024860204611F0BCFD4CE701338B7100231A463B
S214024870204611F0A2FC44E701338B710022204649
S21402488011F071FD3DE701338B710022204611F0D5
S21402489087FD36E702338B7142780023204611F0FB
S2140248A091FE2EE70021B3E705338B71B0F80320A3
S2140248B0B0F80100002300930B460146204611F093
S2140248C0F4FE1EE70021B0E703338B710A46B0F808
S2140248D00110204611F05AFF13E703338B710A4684
S2140248E0B0F80110204611F05AFF0AE7002009E747
S2140248F008B5EEF707FEBDE808400CF069B800BF41
S21402490038B50F4D2B78BBB100240021204600F0AD
S214024910CFF8204600F0E0FA204600F011FB2046D1
S21402492000F036FB204600F0B1F9013400F038F80A
S2140249302B78E4B2A342E8D8BDE8384000F08ABB40
S21402494001100020134B70B51B88134E012B1CD090
S214024950124D2B78A3B10024204600F08FF8204693
S21402496000F0F8FA204600F035FB204600F0D2F9B7
S214024970204600F057FA01342B78E4B2A342EBD873
S21402498000F01AF80023338070BD3388002BDFD185
S21402499070BD00BFA02C00209E2C0020011000201D
S2140249A0002001220249034B08601A70704700BFBC
S2140249B06027002017100020F8B50024294E2A4D43
S2140249C033782C80002B4BD00021204600F09EF836
S2140249D001210746204600F099F820B1874294BF8D
S2140249E0C01B381A80B2214600F00CFA80B2A0F141
S2140249F05B03122B04F101021DD929883378D4B245
S214024A000844A3422880DFD82A8852031748184C45
S214024A100168C1EBC10102EBD102110CB1FBF3F349
S214024A20092B026023800BD8124A137873B901222D
S214024A30114B1A70F8BD3378D4B2A342C4D8E3E758
S214024A400E2B06D903220C4B1A70F8BD013B1370CD
S214024A50F8BD0A2002220749074B08701A70F8BDF3
S214024A601A46D3E701100020422F002060270020BC
S214024A70D031002087310020171000200A4A10B5D6
S214024A8012880446012A07D0EEF790FB014620461C
S214024A90BDE8104000F02CB8044ABDE8104052F8B9
S214024AA0201000F025B800BFA02C0020841D002096
S214024AB030B40C4B1D7895B184000B4B2218920033
S214024AC09950012D1A4488BF51600021074A0444B8
S214024AD0125C03EB840359731A7330BC7047024BA3
S214024AE08400F2E700100020881B0020211000201E
S214024AF0054B00EB8000800010B4C458C218546006
S214024B00195010BC704700BF881B002000EB8000C5
S214024B10024B014433F82100704700BF881B002077
S214024B200C4B1878A0B10C4B5A7B52060FD40138A6
S214024B30C2B202EB820203EB820204E093F8211077
S214024B401433490603D49A42F8D100207047012054
S214024B50704700BF01100020881B002030B4144CA0
S214024B608500291804EB81018B7B1A090F2A03F0B2
S214024B700F031AD0013243EA0213DBB20F2A8B73F9
S214024B800AD00C490978012902D030BC00207047AF
S214024B90094909789142F8D8284404EB800003F0CA
S214024BA00F03837330BC0120704743F0F003F3E732
S214024BB0881B002017100020FF0F002030B4820050
S214024BC0134D141805EB8404A37B03F00F010F2981
S214024BD003F0F00318D001310B430F29A3730AD058
S214024BE00C4C2478012C02D030BC002070470A4CB2
S214024BF024788C42F8D8024405EB820223F00F0395
S214024C009373012030BC704743F00F03F3E700BFF5
S214024C10881B002017100020FF0F0020044B00EB1B
S214024C20800003EB8000837B23F00F0383737047BF
S214024C30881B0020044B00EB800003EB8000837B84
S214024C4003F00F0383737047881B0020044B00EBAE
S214024C50800003EB8003587BC0F38010704700BFD0
S214024C60881B0020034B00EB800003EB8003187BBD
S214024C7000017047881B0020034B00EB800003EB0B
S214024C808003587BC0097047881B002070B400253B
S214024C90114900EB8003114A01EB83010B7B104C98
S214024CA0125C245C03FB02F203FB04F30D4C1201BC
S214024CB0A4FB02621B01A4FB03430B4E4C7B52096E
S214024CC026F81020094A04F03F045B094C7322F8C8
S214024CD010308D7370BC7047881B00202310002094
S214024CE0251000201F85EB514A2F00204E2F002052
S214024CF0064B00EB80001B78012B054B0EBF33F8EA
S214024D00200003EB8000408A704700BF1710002087
S214024D10881B0020F8B50446264B274F1B78A600B2
S214024D20012B264906EB0403254A06EB040518BFA9
S214024D3007EB830307EB850531F810C008BF37F889
S214024D40233032F8100018BF5B8A2A8995F90D10B5
S214024D5093420FD99B1A00299BB214DB98420DD8B6
S214024D6007D22046FFF7FAFE18B16B7B63F07F038B
S214024D706B73F8BD00290DDB0028FAD02046BDE88B
S214024D80F840FFF757BF9C4505D22046BDE8F840DD
S214024D90FFF744BF00239C45EBD92046FFF70EFFE2
S214024DA00028E6D0344407EB84077B7B03F07F03BE
S214024DB07B73F8BD17100020881B00204A2F0020A6
S214024DC04E2F002010B40D4B84001B780C4A012B8A
S214024DD004EB000314BF02EB830332F823300444CF
S214024DE018BF5B8A02EB84021089591A89B2814283
S214024DF086BF091A88B2002010BC70471710002020
S214024E00881B002010B504460846FFF72BFF6423D4
S214024E1003FB04F3B3FBF0F080B2FF2828BFFF20A9
S214024E20C0B210BD2DE9F84387003D18274EAD00ED
S214024E3006EB05090446D9F80880FFF707FF20BBF2
S214024E40234B1FFA88F819783B19012914BFB9F8C1
S214024E501200705B06EB8303404593F90F2016D9C8
S214024E600A3252B2DA73642A17DC64320DDA012986
S214024E7007EB04031BD006EB83039A68013A9A6099
S214024E8000233C4406EB8406F373BDE8F883EAD2BB
S214024E900A3A52B2642ADA73E7DD00223C4406EB91
S214024EA08406B368F2730133B360BDE8F883094A37
S214024EB006EB83039968125D588AA1EB520282427E
S214024EC096BF01F1FF3198609960D9E7881B0020F0
S214024ED017100020211000202DE9F84306460BF09B
S214024EE074FD0022082415464FEA8609DFF84C8036
S214024EF009EB060308EB83039A603046EEF756F991
S214024F00013CA4B20544002CF7D10B4FB1443B78C8
S214024F1008EB8908C5F3CF05C8F8085043B12946FF
S214024F203046FFF7E5FD01343B78E4B2A342F6D8FB
S214024F30BDE8F8430BF04ABD00100020881B002095
S214024F400022034B00EB800003EB80035A7370478A
S214024F50881B002038B50D4D00EB800305EB83055A
S214024F602B892C7B03EBC404A4B2A34202D90023F0
S214024F706B7338BDFFF7BCFE6B7BA0428CBF43F061
S214024F80400323F040036B7338BD00BF881B00202C
S214024F90002210B40C4B0D4C00EB800003EB80009B
S214024FA023788168032B4182028207D9202B34BFE3
S214024FB010220822064B1A7010BC70471022044BAF
S214024FC01A7010BC704700BF881B0020011000201A
S214024FD088310020F8B500210546FFF797FD01212C
S214024FE0074628460024FFF791FD67F31F4440B3A7
S214024FF006462846FFF736FEB74266F30F0480B22F
S21402500005D93318BB42BCBF9FB267F31F44BE42EA
S21402501004D9361ABE42C8BF66F31F440B4B05EBD3
S21402502085050B4A03EB850512782B696FF30F048F
S214025030B3FBF2F3B4FBF2F4013A02FB03442C6135
S214025040F8BD2846FFF70EFEE8E700BF881B0020E3
S21402505088310020044A054B1278012A0CBF02222E
S21402506001221A70704700BF642F0020D231002040
S21402507070B50BF000F91F4B1E6C05460EB1EDF72E
S214025080A1F8EDF72BFA1C4C8302A3F5805323609C
S214025090EDF724FA8302A3F50063636000F084FA56
S2140250A020680821043012F0A4FA23681B688342A1
S2140250B002D0206812F0ACFA60680821043012F0C0
S2140250C098FA63681B68834202D0606812F0A0FAFE
S2140250D02268636852685B689342084A94BF00235A
S2140250E0012313700EB1EDF77DF828460BF0C9F8D0
S2140250F0002070BD00000E4064270020181000201B
S2140251002DE9F041164B93F90020164B53F8225026
S2140251100C3506462C46204612F092FAE0B90BF001
S214025120AAF8A17980460431201D12F062FA0746D9
S21402513040460BF0A6F82368BB4202D1A388B342CE
S2140251400BD0A379033303F4FE7308331C4485EAB9
S2140251500403B3F5006FDED300242046BDE8F081D9
S2140251601810002064270020431E2DE9F74F9BB23B
S2140251704FF6FD7293420646884643D8234B93F970
S2140251800020234B53F822500BF075F8214BD3F82E
S21402519040900C350746B9F1000F01D0EDF712F832
S2140251A02C46EA464FF6FF7B204612F049FAE8B94B
S2140251B0A38886EA030218EA020F0CD194E80300D9
S2140251C08AE80300DB43ADF80430ADF806B0019977
S2140251D0201D12F013FAA379033303F4FE73083387
S2140251E01C4485EA0403B3F5006FDDD3B9F1000F62
S2140251F001D0ECF7F7FF38460BF043F8002003B077
S214025200BDE8F08F41F21200F9E700BF1810002047
S2140252106427002000000E402DE9F84FDFF8C49006
S2140252202F4A99F9003052F8238083F0010308F1DF
S2140252300C0A52F823603046EDF75CF806F10C07CC
S214025240D346584612F0FCF9054648BB9BF80610B2
S2140252500BF10400043112F0CCF9DBF80030834283
S2140252600DD09BF80640033404F4FE7408345C4404
S21402527084EA0A03B3F5006F12D2A346E1E75C465E
S214025280384654F8041B12F0B9F99BF8062003328C
S214025290B5EB920F07F1040705F10105F0DDE7E72C
S2140252A0D8F80410341D0131204612F0A7F9012166
S2140252B006F1080012F0A2F90821204612F099F928
S2140252C00146304612F09AF999F80030404683F0CB
S2140252D0010389F8003012F09BF93846BDE8F88FD2
S2140252E064270020181000202DE9F04F9A46431E2E
S2140252F085B016469BB24FF6FD72934281460091E8
S21402530000F2C380624B93F90020624B53F822707E
S2140253100AF0B1FF604BD3F840800C370546B8F16F
S214025320000F01D0ECF74EFF3C46204612F088F9FB
S2140253300190002841D1A17904F1040B04315846AA
S21402534012F057F92368019A98422AD1A388E18875
S214025350994526D1CAB2964212D1324604F10801C4
S2140253605046019313F061F8019B48B9B8F1000F5B
S2140253704FD128460AF085FF002005B0BDE8F08F21
S21402538094E8030002AA82E80300DB43ADF80C307F
S2140253904FF0FF33ADF80E300399584612F02EF94F
S2140253A00246A379033303F4FE7308331C4487EAE8
S2140253B00403B3F5006F1FD302BB002ED6D006F14E
S2140253C0080B04EB0B035F40B7F5006F24D3FFF71F
S2140253D023FFC0F30A0304461BB19B44BBF5006FD0
S2140253E01AD9B8F1000F01D0ECF7FCFE28460AF0F5
S2140253F048FF40F21B40C0E7002A96D0B8F1000FE3
S21402540001D0ECF7EFFE28460AF03BFF40F20340DD
S214025410B3E7ECF7E7FEACE7009BADF80C9046EA84
S2140254200323ADF80E3004F1040B04F108030399CC
S2140254300093584612F0E2F806F10309009B4FEA81
S214025440A9090027B90008B94F4513DB311D584694
S21402545012F0CFF80146204612F0D0F80446B8F112
S214025460000F01D0ECF7BEFE28460AF00AFF002C19
S21402547082D0CBE71A1D18465AF80110009212F095
S214025480BDF8009A01371346DCE7212075E700BF16
S214025490181000206427002000000E400846194617
S2140254A008B580B21346CAB20021FFF71DFF024BB1
S2140254B0002818BF184608BD06E000F073B5084677
S2140254C016461D460DF1030201AB0DF1020180B234
S2140254D012F0C5F8044658B99DF80330AB4209D31A
S2140254E001992A46304612F0E4FF204602B070BD0B
S2140254F0014CFAE7014CF8E70BE000F011E000F08F
S21402550038B588B215461C46FFF7FAFD014620B1AB
S2140255108B7900202860236038BD0148FCE700BF75
S2140255200BE000F02DE9F74F90461D4ABDF830908B
S2140255300D4692F900101B4A52F821600C369FB2B3
S21402554034464FF0000AC24526D2204612F078F8BA
S21402555010BB0AF090FEA17901900431201D12F0D2
S21402556048F8834601980AF08CFE22685A4508D10C
S214025570A388BB4205D34B459CBF45F8043B0AF1C2
S214025580010AA179033101F4FE7108310C4486EA5E
S2140255900403B3F5006FD6D3504603B0BDE8F08FD0
S2140255A0181000206427002001480121EBF740BBB9
S2140255B000650A00084B10B540F201141C609860A2
S2140255C00120586011448A4202D1D869C04310BDF6
S2140255D012F8010B9861F6E700C001401046044A33
S2140255E01368591E033102D800211160184770470C
S2140255F0FC0C0020034B1868034B002808BF184613
S214025600704700BF7427002000A70300014812F06D
S214025610A0B900BF7C27002013B50B4C02292260DC
S21402562005D10A4812F095F9002002B010BD009389
S2140256300A46074B0146054812F06DF9003818BFB6
S21402564001204000F1E700BFFC0C00207C27002070
S214025650DD550200014812F08FB900BF7C270020FA
S2140256600148002112F0AAB97C27002008B5064B93
S2140256701B68013305D0FFF7EDFF80F00100C0B2D2
S21402568008BD0020FCE700BFFC0C0020F8B50D4664
S21402569010B900242046F8BD0E4F3E68002EF8D101
S2140256A000F0A2F804460028F3D0386000F0E8F8CC
S2140256B0204612F02CF838B130463E6000F0E0F892
S2140256C0204612F019F8E4E7002DE3D02046A8475A
S2140256D0E0E700BF78270020024B1868003818BFA2
S2140256E0012070477827002038B50C4605F06CFB81
S2140256F0A3780B4A13705A1E55425541A8420CD045
S214025700012B04D02846BDE8384005F045BB2046AC
S21402571005F014FB0028F5D038BD0020FCE700BFDA
S21402572089310020024B00215B680846184700BFFB
S214025730100D002010B50446FFF75CFF0C4B1A1A3A
S21402574053425341A34201D1012010BD094B1B68AD
S2140257503BB9094A064B002C08BF1346074A13609A
S214025760F2E712F0FDFB0028F3D00020EDE700BFC1
S214025770D8A603007827002000A70300742700207D
S21402578010B512F0DDFC044618B9034B01215B6824
S2140257909847204610BD00BF100D002010B512F02D
S2140257A0D8FC20B9024BBDE810401B68184710BD54
S2140257B0100D002010B512F023F820B9024BBDE8F8
S2140257C010401B68184710BD100D0020431E0333FF
S2140257D006D8044B984228BF1846642838BF64206F
S2140257E0704700BF40420F00F8B505460AF03CFD80
S2140257F00F4B1E68074626B938460AF039FD34466E
S21402580011E0B4688CB194F810C01CF0010F0CD1F2
S21402581095E80F004CF0010C84E80F0084F810C0E5
S21402582038460AF025FD2046F8BD3668E3E700BF95
S214025830040D002038B505460C4641B10B6833B15D
S2140258401B68013303D0CB680BB18B684BB901F0F0
S2140258505FF8BDE838404FF492724121002000F014
S214025860DFB9084601F092F80023044A85F8DC30D6
S214025870C5E92343C2E9003338BD00BF50190020F2
S21402588010B5044618B9054B054A136010BD04F05E
S2140258909BFBD4F89830002BF6D1F4E7E1760300B0
S2140258A0000D0020014B1868704700BF50190020F9
S2140258B010B50C4604F0C6FB054B00215B680320BE
S2140258C098471CB105F044FC0128FBD110BD00BF6F
S2140258D0100D002008B502460868FFF777FF08603B
S2140258E04868FFF773FF48608868FFF76FFF8860B5
S2140258F0C868FFF76BFF0B69C860581C03D00B48DB
S214025900834228BF03460B614B69581C03D00748E5
S214025910834228BF034688694B61FFF757FFBDE8FD
S21402592008408861104605F095B900BF40420F0056
S2140259302DE9F84FD0F8903006460F4613B1038B88
S2140259408B4244D0D6F88CB0BBF1000F42D0DBF8C5
S2140259500830002B3ED0DBF80C1000293AD0D6F8DF
S214025960A0A0BAF1000F38D04FF000094D46C84645
S21402597001E0DBF8083005EBC50203EB82040135D3
S214025980E389BB4214D8238ABB42304610D3B4F90B
S2140259901220B6F924309342A04653DD96F8D01072
S2140259A0EAF77EFE337D834281464BD9DBF80C1044
S2140259B08D42DED3B8F1000F3ED000234246194690
S2140259C03046D0473783C6F8908086F8D9900020B4
S2140259D0BDE8F88F0320BDE8F88FD14654465246FC
S2140259E047F6FF7504EBC40803EB8808B8F80E30D8
S2140259F0BB421BD8B8F81030BB4217D3B8F91220F6
S214025A00AA4207D14FF0FF093783C6F8908086F87E
S214025A10D990DCE796F8D0103046EAF741FE337D9F
S214025A20834281464246EFD9DBF80C100134A1428C
S214025A3004D9DBF80830D5E70120C9E7002AFBD0F5
S214025A409046E1E7A046B8E72DE9F04782B0044663
S214025A508946164605F04AFB3B4D08B100236B60AB
S214025A602B68D4F88CA0D4F890700BB153454BD069
S214025A704FF00008C5F8089005F06AFB012836D1F9
S214025A802B68DAF800103A6813B11868884246D0D4
S214025A90204612F031FBC5E900A7D4F8A0508DF8D5
S214025AA00760002D42D000220DF107031146204662
S214025AB0A847204604F0D8FD0546B8F1000F00D0EE
S214025AC08EB1B5FA85F040F2DE324009332100F09D
S214025AD0A7F83146204604F083FF1C4B05461B6898
S214025AE0394620469847284602B0BDE8F08701208E
S214025AF004F0A8FA164B00215B680320984705F0CD
S214025B0027FB0128FBD1BBE76B68002BB0D0BB425A
S214025B10AED1AB68994514D04FF00108AAE7696880
S214025B2011B109689142B6D05968B1E7217D94F85F
S214025B30D930994228BF19463246204604F068FDFD
S214025B40B7E70025CFE700BF50190020000D002060
S214025B50100D0020F8B505460E460AF085FB3146C4
S214025B6007462846FFF7E4FE044620B138460AF008
S214025B707FFB2046F8BD05F04DF922463146284601
S214025B80FFF762FF04460028F0D195F91030002B8B
S214025B90ECDA284612F06FFB0028E7D02246A97DF1
S214025BA0284612F0E3FA0446E0E700BF13B50446BF
S214025BB0694611F06BFE204612F02FFAFF280246C5
S214025BC006D09DF800102046EAF7EAFD02B010BDA6
S214025BD00048FBE70080FFFF07B54FF400730A4951
S214025BE0ADF806300DF1060211F06CFEBDF8063077
S214025BF0B3F5007F05D1022808BF002003B05DF888
S214025C0004FB0120FAE700BF94270020024B19602C
S214025C10024B1860FEE700BF080D00209429002002
S214025C2008B550B90548064B01601A60054B1A685C
S214025C30054B1A601868FFF7E9FF08BD080D00203B
S214025C40982900207827002094290020054B1B68FD
S214025C500BB918467047834201D01B69F8E701204A
S214025C60704700BFA0290020094A13680BB91846DE
S214025C707047834207D11B691360064A1368013BCB
S214025C8013600120704703F110021B69EEE700BFA4
S214025C90A02900209C2900202DE9F74FDFF830814B
S214025CA0DFF8309106460AF0E6FA98F800B001905E
S214025CB00123BBF1000F06D089F8003003B0BDE81F
S214025CC0F04F0AF0DEBA404F88F8003089F800B08C
S214025CD011F0C2FE08B111F0BDFE3D683B4965B940
S214025CE0DFF8F4A0DAF800203B68AA424FF000047E
S214025CF02FD836484FF0FF313BE06B7D8BB12B68D7
S214025D00B34202D09A1B8A420BD96A6813442B60AC
S214025D10AB68003A18BF0122003B18BF01236A7520
S214025D20AB752D69DBE7907D20B1107D88429CBF64
S214025D30014614461269002AF5D1002CD9D0D4E9BE
S214025D400001A275411AD4E902322046984701356D
S214025D50C8E71A46FF21EEE75A7D4AB11A68B242F0
S214025D6024D0921B824221D8914201D311461C466E
S214025D701B69002BF0D15CB12046FFF775FF38B1E6
S214025D803B682361DAF800303C600133CAF8003021
S214025D903B685A7D6AB911F05BFE064699F80030F8
S214025DA0002B93D1019888F8003087E71C46002123
S214025DB0DEE7186800F0D4F8044611F049FE0646FD
S214025DC0002C83D1EAE700BFA0290020FCFFFFBF1A
S214025DD08B3100208A3100209C29002038B50546E8
S214025DE008B31822002112F04AFB0AF044FA0246CF
S214025DF02846FFF72BFF20B110460AF042FA02208F
S214025E0038BD0A4B1C6854B909491D600B682C61E1
S214025E10013310460B600AF034FA2046F0E704F12C
S214025E2010032469EFE70120EAE700BFA02900205B
S214025E309C29002038B50446FFF708FF0AF01BFA33
S214025E4005462046FFF702FF637D23B928460AF07F
S214025E5018FA032038BD00236375064B1B68A3425D
S214025E6003D111F0F5FDFFF717FF28460AF009FAED
S214025E700020EFE7A02900202DE9F84FDDF8289052
S214025E80DDF830B0984604460D46FFF7DFFE924630
S214025E900AF0F1F9074611F0DBFD06462046FFF749
S214025EA0D5FE637D23B12046FFF7C4FF0023A3750A
S214025EB0BAF1010F23D175B9B8F1000F21D1B9F1AA
S214025EC0000F03D05A4631462046C84738460AF0E5
S214025ED0D8F9002019E035440D4BAA1B9A4210D877
S214025EE0012363759DF82C30C4F80890C4E9005865
S214025EF02375C4F80CB03046FFF7CEFEE6E7AE4296
S214025F00EAD138460AF0BDF90120BDE8F88F00BF95
S214025F10FCFFFFBF2DE9F04107468846FFF796FED5
S214025F200AF0A9F93D68064611F092FD7B7D7BB129
S214025F3085420DD0094B2C1A9C4209D830460AF0ED
S214025F40A0F9B8F1010F08BF25462846BDE8F08142
S214025F5030460AF096F90025F7E700BFFCFFFFBFC0
S214025F6008B50023044A194604F00AFA10B10128BB
S214025F7018BF032008BD00BF1B7A03002DE9F74FA8
S214025F8015460E2200900F462A70EBB11C4C5B6839
S214025F90A3428CBF00240124DFF868904FF000086B
S214025FA04FF0060AD9F800105FFA88F30AFB03F3EB
S214025FB0CA185079012809D92878A0F10E03584248
S214025FC0584103B0BDE8F08F1C46E5E7A042CE5E1E
S214025FD0B2F902B0117902D008F10108E2E700989E
S214025FE00191002211F0FDFC0028F5D001992970DC
S214025FF0B7F90020B242EFDB5A45EDDC0020E0E7BD
S214026000FFC99A3B0C0D0020014911F027BD00BFC5
S21402601019B30200014911F021BD00BFEDB2020022
S21402602070B5164E0328337804460D461ED023FA62
S21402603004F202F00102AA421DD053B10122A2408C
S21402604023EA0203A5402B43DBB233704BB1012097
S21402605070BD2DB10A4B01201B6898473378EDE7D7
S2140260603570074B00201B689847F0E79A07DED08A
S21402607003F0FC03E9E7002070BD00BF8C3100206E
S214026080E029002038B504460D46FFF725FB60B12F
S21402609005F042F848B9012D07D8012012F088F819
S2140260A00D4B1B6823B15B6898470C4B1C7038BDC0
S2140260B009F0EFFB0A4B1A68801A1860E8F7FEFC34
S2140260C0084B1B684FF47A7202FB003011F021FC79
S2140260D0012005F029F8E8E7842A00201A1000209B
S2140260E0D8290020DC290020F8B5124F05460C46B8
S2140260F00AF0BAF83B78064633B1012D04D01CB933
S2140261000D48E8F727FC3C7021462846FFF788FF33
S2140261100A4B1B7804463BB93B782BB912F00EF8B3
S21402612010B1074B1B68984730460AF0A1F8204684
S214026130F8BD00BF8D310020B42900208C3100202C
S214026140100D0020054A0B46117831B1002111705E
S214026150034A187852680121104770478D31002093
S214026160100D0020124B0239012910B518701ED8E6
S214026170FFF7B2FAD8B104F0CFFFC0B104F0EEFDDB
S214026180A8B90C4B1C6834B123689847BDE8104088
S214026190002012F00DB811F0BAFB074B186009F098
S2140261A078FB064B1860204604F0BEFFEEE710BDF3
S2140261B01A100020842A0020DC290020D82900207A
S2140261C038B5044680B10AF04FF801210446084665
S2140261D009F06DFB012108460A4A09F06EFB2046CB
S2140261E0BDE838400AF044B80AF03EF821460546B3
S2140261F0012009F05CFB0120024A214609F05DFB02
S2140262002846EDE74CA70300F0B5324D85B00AF0FC
S2140262102BF82B78044623B12F48E8F79BFB00287F
S2140262204AD1E8F7E5FB02AA03A911F071FF03467B
S214026230002832D011F080FF029B98421ED1002027
S214026240264B03991B68264E9942307021D9C91AEB
S21402625000270123CDE900771F482B70214A3346D9
S21402626009F0CEFA00282FD11F4A1378D90717D47F
S214026270204609F0FDFF002005B0F0BD11F05AFFE0
S214026280029B98421ED0154B154A1B6803930020AA
S21402629010700121FFF7C4FEEAE720462B70E8E7FC
S2140262A031780029E4D103F0FE031370002BDFD10E
S2140262B00E4B1B689847DBE7204609F0D9FF032000
S2140262C005B0F0BD0220BBE7032320462F703370D3
S2140262D0F3E700BF8D310020B4290020D429002026
S2140262E019100020456102008C310020E0290020B0
S2140262F038B5134D09F0B8FF2B780446C3B9114AD6
S21402630011491370114B124A1A601248124A5A6007
S214026310E8F7A2FD11491248E8F79EFD114B124A12
S2140263201A60124B1B68124B02221A6001232B7052
S214026330AFF30080204609F09BFF002038BD00BF67
S2140263408E3100208D31002054A70300100D00204E
S21402635009620200A4290020E96002005CA703008B
S214026360AC290020E0290020C161020000300E4066
S214026370D42900200D4BD3F8E020D20314D50C49C3
S2140263804FF48032C3F8E820C1F8EC209A6BD1B201
S214026390C2F3072299679A6704229A6700229A67CD
S2140263A09A679A679A679A67704700BF0010084014
S2140263B000100846F8B50C4C0D461746064609F07E
S2140263C053FF0123A362042327606660A560C4F816
S2140263D0E830064B4FF48072C3F8802109F048FF7C
S2140263E00DB10223A362F8BD0010084000E100E0F0
S2140263F0054B1860054B01229A6540F6FF72196339
S21402640058635A65704700BFE8290020001008400C
S2140264102DE9F04F042A83B0054639D90B788361FB
S2140264204B7883618B788361CB7883610068D5F87B
S21402643008B06E6800F007000123063003FA00F881
S21402644008F1FF3909EA0B07A2F1040AA8EB0702D2
S214026450924501F1040446F000560DD8F019214683
S214026460524612F026F80AEB0B0248EA09031A40D3
S214026470AA6003B0BDE8F08F2146F019019212F02F
S21402648018F8019AA118AAEB080230463A44E8E73F
S214026490013A032AEDD8DFE802F00B08050211F8EC
S2140264A0013B836111F8013BAB6111F8013BAB6123
S2140264B00B78AB6103B0BDE8F08F00BF38B50C4671
S2140264C0104B1546014668B10122C3F8B8200E48A3
S2140264D02246FFF79DFF1DB10A4B0422C3F8B820DF
S2140264E0002038BD64B1D3F89C20A24284BF0122AA
S2140264F0C3F8B820C3F898400222C3F8B820EAE7E7
S2140265000122FAE7001008409010084010B509F082
S214026510ABFE184B184901229A65C3F888201A6602
S214026520164A5A660722C3F884200A8014490022B3
S2140265300A804FF4A021C3F8E81003F1C0630446B2
S214026540C3F8EC100F4B1A600F4BD3F888305B027F
S2140265500AD50E4B18680E4B4FF48002C3F88820FB
S214026560416BA43001F012FC2046BDE8104009F051
S2140265707FBE00BF00100840462F0020A81A002049
S214026580442F0020E42900200040084078270020FD
S214026590004008440D4B07221A800D4B00221A8039
S2140265A00C4B0121C3F8B810C3F890204FF40052E8
S2140265B0C3F89400C3F8B420074BF0221A6403F120
S2140265C00073A0221A64FFF7A1BF00BF462F002067
S2140265D0442F002000100840000008442DE9F04136
S2140265E0044688B1394E3A4F09F03EFE3388394A9E
S2140265F003F07801032C054603F07F0C114453D1B7
S2140266003C6824B909F034FE0320BDE8F08124F08A
S2140266100104386820F00100A0424AD100223A6004
S21402662022886FEA42426FEA52428C42228036D178
S214026630294CDFF8B8C02788ACF180083A46083AF9
S21402664092B201F10800604528BF4046082A04D9E4
S214026650B0F900E0BEF1000F36DB22803B440C8826
S21402666088781E499B1ADBB2C4F30C04CC6300F094
S21402667007003380CB66C1F88420FFF77BFE042830
S2140266800DD1174BD3F88830164B1868164B4FF4BB
S2140266908002C3F88820416BA43001F077FB2846BD
S2140266A009F0E6FD0020B0E7601E012898BF0C4600
S2140266B0AFE7094862440088A21A48BF8032083809
S2140266C09042ADDC28469DE70146B8E7442F0020FD
S2140266D0E4290020A81A0020462F002000100840B7
S2140266E0004008407827002000400844281B00206D
S2140266F00E490F4B0A881B880E481344073B03F0CB
S214026700780303440832987892B20A8000F00700B1
S21402671009490428C1F8842004D101F540514A6889
S2140267201203FCD4054A1360704700BF462F0020B0
S214026730442F0020A81A002000100840E429002058
S21402674010B5054C206828B1C30701D4FFF746FFF1
S2140267500023236010BD00BFE4290020084B4FF43D
S2140267608032C3F8EC2003F17C43C3F8E420D3F86C
S2140267708030C3F30C03782B01D8FFF7FBBD7047BC
S214026780001008442DE9F84304460E4609F06CFD55
S214026790504B514D1A882D888146504802F0780198
S2140267A0032C02F07F03014417D14D4C24688CB9A8
S2140267B02A44073A02F0780284180344E31A48BFD0
S2140267C08033AB4210DB484609F052FD00242046D7
S2140267D0BDE8F88324F00104EFE7012C02D0022C76
S2140267E0EBD1083D0C46E8E7002E41D08C423D49ED
S2140267F042D1D1F83C800A6B02F00702063201272A
S2140268009740D1F88020C2F30C029A4247DDB4F9D1
S21402681000302588002BD6DBA378C5F30C0503F0E1
S21402682007037A1EA5EB08053A43052B337005EAE3
S21402683002052CD82DB2E84340F236420421C00F9E
S214026840FFF7EEF97580E378274A337412687B1EE9
S21402685003EA0803D118B160A9B213FA85F5BD425E
S21402686089BFFF1A0023B780F2609CBFB180F36035
S214026870484609F0FDFCAAE7A4F10802824238BFA6
S21402688004F17802B2F80080C8F30C08B3E7174B9D
S214026890DB6C003B18BF0123A5EBC305CAE78B6B75
S2140268A07A1EA3EB08033A431A40114B15B25B68F3
S2140268B06AB9C3F30363D91E4B424B41DB00337004
S2140268C00B4B7280D3F89030C3F30723BCE7082340
S2140268D0F5E700BF442F0020462F0020A81A00200C
S2140268E0E429002000100840E829002000000840A3
S2140268F000400840431C08D0044AD2F83C311B0C26
S2140269001B0480B20343C2F83C3170470040084083
S214026910024B10221A7004F07DBA00BF1B10002032
S214026920054A1378102B04D018B123EA010313701A
S2140269307047FFF7EDBF00BF1B100020034BC31AC2
S21402694058424FF001015841FFF7EABF690345EC90
S21402695040B1054B1A88824204D2002018800421D6
S214026960FFF7DEBF0120FAE7482F002010B50446E5
S21402697011F044FA00B1A08B034BBDE8104018801A
S2140269800020FFF7E5BF00BF482F002010B5104CCF
S214026990D4F8B4305B0004D401F040FA0221FFF7C9
S2140269A0BFFFD4F8B430591C0FD05A000DD4094B8F
S2140269B01878012809D9A0F1080358425841BDE8C1
S2140269C01040A6223121FFF72BB90120F7E700BFBE
S2140269D00081E00F1B100020024A137843F00803E0
S2140269E0137070471B100020034B1A689B880260C6
S2140269F083800020704700BFF60F00200F4B06284A
S214026A00D3F8883104D183F40013C3F3405070479F
S214026A10022805D113F4400F0CBF01200020704756
S214026A2050B9074AD2F8D40010F0010005D083F41A
S214026A308003C3F3805070470020704700400E402A
S214026A400081E00F0C4A5288B2F5E16F94BFC8226B
S214026A505A2210B594BF7824502490428CBF172235
S214026A6010220A70054A0346107818B19C422CBFC1
S214026A700020012010BD00BFF60F00201F100020CE
S214026A8013B5234B1B780E2B04463ED00DF107019F
S214026A90FFF7D8FF1E2C8CBF1E4C1F4C9DF80730EC
S214026AA04FF001028CBF01210021C4F8082170B109
S214026AB0194A4DF60174C2F804411B0202F1007233
S214026AC043F44043C2F80431144AA2F8D430134ABD
S214026AD0134C92F8D83023F00103034323F0020349
S214026AE043EA4103DBB282F8D83024786CB923F04B
S214026AF0040343EA800323F00803B2F8D440A2F862
S214026B00D64043EAC10382F8D83002B010BD00BFB7
S214026B10F60F00200040084600400844001F0021EF
S214026B2091310020084B094AD3F88831DB4303F43D
S214026B30FE1343F40053B3FA83F30E33A3EB43136B
S214026B40013B1370704700BF00400E401E1000202D
S214026B5002280CD0062802D020B100207047054B30
S214026B6018787047034B18780430C0B27047072075
S214026B70704700BF1E1000202DE9F7433A4E3B4FE8
S214026B8096F8009015463A4AD2F8C820B9F1020F94
S214026B900446884607EA02071AD147EA006788F8D9
S214026BA00000002372882B60B2F5E16F94BFC82202
S214026BB05A2227F47F57944227F008079ABF380ACA
S214026BC000F47F5043F6C870384303B0BDE8F08344
S214026BD0284A1278904228BF144604EB83030B70AF
S214026BE0F4B1013CE4B24FF030632B606A4601A96F
S214026BF0204611F02DF8DDE9002347EA03671E4B15
S214026C0098F800101B7847EA823747F47F5747F018
S214026C1008073BB90029194B18BF4FF07F43C1E75D
S214026C20164BE2E7164B1748B9F1060F08BF0346A4
S214026C302AB90029114B18BF4FF07F43B2E7B2FAC8
S214026C4082F2C2F11F02D2B29B5CDBB239B15A1E8B
S214026C50D2B2FD2A05D81B0643F00403A2E7074B6F
S214026C60A0E74FF07F439DE7F60F00203F00C0E00D
S214026C70001F00211E100020923100200400000B8D
S214026C80B883E00FB083E00F2DE9F3410446C82035
S214026C90FFF7F6FE2B4B2C4E18780E2801D0FF2C51
S214026CA005D1FF243470204602B0BDE8F0810228E8
S214026CB02DD1072C204628BF072001284FF00003BD
S214026CC001AA0DF1030138BF0120FFF755FF054663
S214026CD01E4B1F4FDDF80480C3F85881C7F8C85012
S214026CE09DF8034034702046FFF7CAFE194A4FEA61
S214026CF0082303F4E063127843EA1863A7F8D03057
S214026D00002AD0D1C7F8CC50A7F8D230CBE7A0B92A
S214026D10052C32BF002701270420201A3B4601AA71
S214026D200DF10301C0B2FFF727FF4FF480030546BB
S214026D3037B1094AC2F80831CAE700273846ECE7F5
S214026D40064AF7E7F60F0020201000200040084011
S214026D50001F0021913100200040084600400844F0
S214026D6008B501F0C9F9094B094A002818BF1A46A6
S214026D70136823F47F115B0803F4FE130B431360BE
S214026D80044B4FF00072DA6108BD00BF00410840B4
S214026D90184108400040084008B501F0ADF9064B1E
S214026DA04FF4001228B1C3F800214FF000621A62B5
S214026DB008BDC3F81821F8E700400844014B1868DC
S214026DC0704700BFEC290020436C012B38BF01231B
S214026DD02DE9F0479A46464B464F9B69464E474D2D
S214026DE003F4E073A3F5C072804645485142514110
S214026DF002685245434A0FD114788C420CD198F857
S214026E00D0C03C78A44507D198F815C03478A4457C
S214026E1002D1A888BDE8F087B3F5C07FC0F800A00D
S214026E2011704AD1D8F8944024B12368082B58D957
S214026E3094F838400F21204610F0ECFEBAFA8AF396
S214026E40002852D0B0FA80F29B1A002BC6BFD84058
S214026E50C3F10F094FF00F09504501D909F1FF3967
S214026E60234B2004C3F8BC0003F1806340F6FF7294
S214026E70C3F8B82003F100734FEA0921C3F8B8102B
S214026E8010F0F9FEA88000F025FE09F01F094FF465
S214026E90FA7304FA09F45C4341F66A03B0FBF3F0B2
S214026EA00A23B4FBF0F45C43174B1C6098F8D0300E
S214026EB03B7098F815303370ABE798F8D030062B55
S214026EC006D1124B1B78002B0CBF9624C824B1E7C0
S214026ED0022B08D00D4B1B78002B0CBFB424F024D9
S214026EE0A8E70024A6E73224A4E74FF00F09B7E785
S214026EF0006008401D1000201C100020F60F002025
S214026F00180D002094310020EC2900209231002038
S214026F1070B506460C46154611F0ADF958B3F27C2C
S214026F20D31E012B1ED9112A03D81D4BD340DB07D3
S214026F3018D41C4B1C4AC3F8502103F100730022DC
S214026F40C3F850210025174B40F2F712C3F8502120
S214026F502B01164A03F4F87305F007052B43C2F813
S214026F6050311AE00F4B104AC3F8502103F1007358
S214026F704FF44402E4E7FF2C0DD00A4B0A4AC3F84A
S214026F80502123042405094A03F4E02304F0F8748C
S214026F902343C2F85031FF2DD5D1002070BD00BF6B
S214026FA084F60300004008440000F701004008464B
S214026FB0F8B5134B134E1F68134D384601F088F888
S214026FC03378C4B2A34201D12B78A3B1092C14D8CA
S214026FD00E4B012C195D05D10D4B1B78022B01D1EE
S214026FE041F0400101F00F0238460909FFF790FF11
S214026FF0002334702B700020F8BD0024FA21F1E73C
S21402700078270020903100208F31002064A70300EB
S214027010F60F002038B5044600F004FD14220021C5
S2140270202E4811F02CFA2E4B25781A782D49521B31
S21402703018BF01220A7022681A60C820A2889A80A5
S214027040FFF71EFD284BD3F8C820284BFF211970E6
S214027050274B2849062D03EA0203274A1AD14FF482
S214027060EE40C2F824014FF48A42C1F824210122DC
S21402707043F08043C1F820211B4AC2F8C8301E4B99
S2140270800322C3F85821FFF793FF1C4B01221A7004
S214027090002038BD022D4FF007000ED1C2F80C01B9
S2140270A00620C1F80C011649C2F808114FF44041F7
S2140270B043F00303C2F80411DEE7C2F80C01052010
S2140270C0C1F80C01C020C2F8080143F080438122B7
S2140270D043F00403C1F80821CEE700BFC81F002111
S2140270E0F60F00208F310020001F00212010002004
S2140270F02800C0A000400846004008449331002003
S214027100C1004000014B1870704700BF923100204A
S21402711073B5264B044618780E2841D0FF2C42D071
S21402712000283AD1052C32BF002301230420201A5E
S21402713001AA0DF10301C0B2FFF71EFD1C4EC6F8F0
S214027140CC00019A96F8D850130203F4E06343EA9F
S2140271501263A6F8D2309DF803400DF102012046D4
S214027160FFF770FC05F0FB051E2C45EA800594BF70
S2140271700023012325F0080545EAC30586F8D85002
S2140271809DF802200B4B43EA0223A6F8D6300123D1
S214027190094A2046137002B070BD00231846C6E79F
S2140271A00023FF24F4E70023F2E700BFF60F0020D7
S2140271B0001F002100C0FFFF91310020104A114B32
S2140271C000201870D2F8C830C2F8CC30B2F8D030EE
S2140271D0A2F8D230B2F8D430A2F8D63092F8D8302C
S2140271E003F0FB03990001F004010B4303F0F703DD
S2140271F0990001F008010B4382F8D830704700BFAF
S214027200001F0021913100202DE9F0472D4C2E4B16
S214027210236000F05FFC4FF4FA7307464FF47A7669
S214027220B0FBF6F629482A4A7343190E1B021818B1
S21402723041F10001002305F047F9A0F580730546E9
S214027240A36220B966222B21FEF7EAFC01254FF441
S2140272507A726A434FF0000A53465008310205F02C
S21402726033F91C4B19601C4BB7F57A7F4FEA056859
S2140272708946044618604FEA152505D276222B2148
S2140272805046FEF7CDFC01264FF47A73A8FB0301A5
S21402729003FB05117308C01841F1000100233246B2
S2140272A005F012F90D4B023419600D4B49F1000935
S2140272B0A408186044EA8974024B013C1C63BDE8CA
S2140272C0F08700BF005008400211010020A107000D
S2140272D040420F00FC290020F8290020F429002053
S2140272E0F0290020044B4FF00052C3F880211A60A8
S2140272F0024B01225A60704700E100E0005008404D
S214027300074B4FF00052C3F88021C3F88020BFF32A
S2140273104F8FBFF36F8F034B04225A60704700BF34
S21402732000E100E00050084010B50446A242A2EB7D
S2140273300000A3EB010104D2034B1B6B013318447C
S214027340013901F0030110BD0050084038B50201B2
S2140273500A4B01259D500A4A4FF4807383405366B8
S214027360044608F081FF074A1378A54023EA05037E
S2140273701370BDE8384008F07BBF00BF00510844D8
S21402738000500840953100202DE9F0471546044686
S21402739088461E4608F068FF022D00F0B8800746B1
S2140273A008F069FF6C4B6D4AD3F8189092F815A056
S2140273B0DA6D5FFA8AFA520744BFD3F818900AF1D8
S2140273C0010A08F05EFF664B664A1B6811684FEAC0
S2140273D08A7CA3FB093213F1004301FB09CCD8F8DF
S2140273E000304CEB020C012D04BF01336344ACEBBE
S2140273F0030C08BFC8F80030BCF1804F0AF0030A3D
S214027400C0F09880584AD2F800C0584AD2F800E035
S214027410514A23F04041106B4FF000480022ECFB2B
S21402742001820EFB012282424FEA937381BF01332F
S2140274300130121A03F00303A3EB0A03914588BF37
S2140274404549DFF848C184BF096B03F1FF3303F0F7
S21402745003030CF80430A2EB0900A3B1F10742BF04
S214027460434B41F61F71D966B30742BF404B4149B1
S214027470D966710742BF384B00211967330742BFEE
S214027480354B00211965344B04F1100103EB041E41
S2140274900901CEF80C2111225A5037499A694FF049
S2140274A0010EA2EB090A0EFA04F8D3F85C900A78E9
S2140274B05FFA88F848EA020282450A7026D34FF439
S2140274C08072A24019EA020F20D11CF8040000289C
S2140274D03FD10DB3F0071A6608D5254B274941F66A
S2140274E01F7240F20110DA66C866DA66B10706D580
S2140274F01F4B22491F4A2248DA66C866DA667207B6
S21402750042BF204B01229A60330719D4384608F04E
S214027510AFFE0120BDE8F0871B48240140F804E0D6
S2140275205A6608F0A1FE14490B7823EA08030B708A
S21402753008F09EFE384608F09BFE0020BDE8F08765
S214027540212000F0A5F9044B4FF480325A603846E9
S214027550DDE71A663846DAE700500840502A00206F
S214027560F0290020F4290020F8290020FC29002018
S2140275700050084400001F1F9531002000500846A6
S21402758000000101004008400051084496310020E6
S214027590024B1878003818BF01207047953100203A
S2140275A01030034B0001185800F00100704700BF6E
S2140275B0005008401030044B01F46001000141F015
S2140275C003011950704700BF0050084038B508F054
S2140275D052FE084B084A9D69547DDA6D520748BF31
S2140275E09D69E4B248BF013408F04BFE284604F019
S2140275F0030138BD00500840502A002038B50B4B16
S21402760003EB001210300001D2F80C411D58FFF7B0
S214027610DDFFAB0706D5844200D90139204601F0CA
S214027620030138BD844238BF0131F7E700500840F5
S21402763008B5222000F02CF9024B4FF480225A6043
S21402764008BD00BF00500840064B1B68434303EBCF
S2140276508171054B1B68A3FB003013F1004341EB1D
S21402766000007047F4290020F02900200D4A10B5CA
S214027670146820F0404301464FF000420020E4FB2D
S2140276800320094A126802FB0300084B1B6B984250
S2140276904FEA917104D901330131C01A01F0030196
S2140276A010BD00BFF8290020FC2900200050084029
S2140276B0F8B5064603F030FD044608B1FFF720FE93
S2140276C0084D094F00232B6130466B61AB617B7519
S2140276D0FFF7CCFFC9B27975A8610CB1FFF702FEBD
S2140276E00020F8BD00500840502A00203B4B0822DC
S2140276F070B501210546C3F8C8203948394CE9F768
S21402770097FA394B1D702378013B012B0CD8237C4A
S214027710E07B01229A400C21302313FB001303F175
S214027720884303F520431A60304B00225A677DB91E
S2140277302F4A4FF6FF71D16702F10072F821D16726
S2140277405D672C4B4FF08042C3F89420002070BD3A
S214027750636853B300F0BEF9626800EB5203B3FBF2
S214027760F2F3013B1B0243F0F80326782049224A33
S214027770022E1CD0032E1D484FF6FF7521D0012E77
S21402778027D143F00203CD67D36707234367237CE1
S214027790E07B01229A400C21302313FB001303F1F5
S2140277A08C4303F520431A6011E0F823DDE743F02B
S2140277B001034FF6FF70C867D3670C4B05225A6762
S2140277C0E5E743F00503CD67D367012343670B4B19
S2140277D0B8E7CD67D3670023F8E700BF00400E4640
S2140277E000350A00002A00209B31002000000840D5
S2140277F000000844004008440000084600400846CE
S214027800F8B5064604460FCE1C4F3D460FC53368F4
S2140278102B601B4B1B480822C3F8C8200121E9F73E
S21402782007FA194A00235367A37BE17A1B0443EA4B
S2140278300123217A0B4393673B78032B1BD8DFE89F
S21402784003F01402080E617B207B00230422EAF771
S214027850D5FB217CE07B00230422EAF7CFFBA17A4A
S214027860607A01230422EAF7C9FB084B1878BDE8C0
S214027870F840FFF73BBF0120F8BD00BF002A0020FA
S21402788000400E4600350A00000008409B310020EA
S214027890044BD3F89430002BBCBF034BC3F88000D4
S2140278A0704700BF00400840000008404FF00063E9
S2140278B018B1034AC2F894307047024AFAE700BF8A
S2140278C0004008460040084408B5074B1B681A6883
S2140278D0064B920019684FF0045010F0EAFDBDE81E
S2140278E0084000F05BBF00BF142A0020182A0020C0
S2140278F007B501A8EAF7CCFD134B144AC3F8442196
S21402790048F2E672C3F838214FF40862C3F834210D
S2140279100F4AC3F8A0200F4A4AF63F41916002F58B
S21402792080424FF0C07191620022C3F8FC200A4ADE
S214027930C3F89C20094B7F225A6203F1007323226C
S2140279405A6203B05DF804FB00400840C0E653519B
S2140279507A27000F00300840806D63030030084429
S214027960064B1B783BB1064B064A1A60064B074A83
S2140279701A60002070470220704700BF9C3100202A
S214027980182A0020A8A70300142A0020A4A7030090
S21402799038B51B4B0022C3F88820C3F88C20C3F8E6
S2140279A09020184A4FF400715162174A0121D160A3
S2140279B05A6812F0706FC2F30365F9D14FF00452A1
S2140279C0DA671249124C0122C3F880201966227027
S2140279D008F0C3FB0F4B2570186820B10E4B1868D1
S2140279E0003818BF012040F27E525421FEF718F9E3
S2140279F00A4B1B6898470A4B0122DA6038BD00BF63
S214027A00004008400000084000400846A01F002131
S214027A109C310020182A0020142A00201C0D002069
S214027A2000400844034BFD22C3F8C8200122C3F8D5
S214027A30CC20704700400E4638B5FFF7F3FF1B4BCD
S214027A401B481C4C1C490222C3F8C8201B4B1A6850
S214027A5042B102EA0005A54204BF5D68156008331C
S214027A608B42F4D1164B0222C3F8C820154B164A95
S214027A70D3F83C111160154AC3F8942000F0DAFBE3
S214027A80FFF736FF124B0322C3F8D820A3F50053A4
S214027A900122C3F894204FF46072DA604FF040720D
S214027AA0C3F8F820C3F8102138BD00BF00400E46C8
S214027AB00000FFFF00000840B081E00F0080E00FEA
S214027AC000400E4400400840200D00200048F00010
S214027AD00060084608B5EAF7D5FE044BD3F8103125
S214027AE0C3F308230133B0FBF3F008BD00400E4099
S214027AF070B5044618B1284D2268531C00D170BDDB
S214027B00C2F30063110C35F8130011F0FE0F93B2A6
S214027B1043EA0043606818D00434CAB2022A2168D5
S214027B2008D9D4E90160033AC3E9001698600C3418
S214027B300C33F3E704D16268C3E900120834DBE7CA
S214027B40012AD9D104341960D6E7120F072AF5D8CC
S214027B50DFE802F00704090D1013181DC04303F1F5
S214027B6080631860EAE71A6842401A60E6E703F1A3
S214027B70C063F6E710F0ADF8E0E70122824003F1B9
S214027B80C063F2E70122824003F18063EDE71A68E0
S214027B9030EA0202FBD1D1E76EA70300024B0122B4
S214027BA0C3F89420704700BF00400846024B0122EB
S214027BB0C3F89420704700BF00400844024B40229E
S214027BC0C3F89420704700BF00400844024B40228E
S214027BD0C3F89420704700BF0040084608B50C4B17
S214027BE01B68D3F8943023B11A68022A01D9186A9E
S214027BF008BDFFF76FFF074B1B6D024698B20028C1
S214027C00F6D0C3F30743D2085343B3FBF0F0EFE7D3
S214027C107827002000600840064B5B68C3F30363C6
S214027C20984206D1044A536B23F0F00343EA01114B
S214027C305163704700400840001F002110B50446FB
S214027C40FFF7CCFF104AD2F830311B040F4B1B6CE7
S214027C5003F4C05348BF4008B3F5805F0ABF136BF6
S214027C60C4F30113C3F34163022B05D0032B09D0DF
S214027C70012B00D1400810BDC4F3C4240134B0FB6C
S214027C80F4F0F8E78008F6E70060084000000840D5
S214027C902DE9F0470E4610F006F8DFF8B090DFF850
S214027CA0B0A08046002508F0DFFAD9F80430C3F306
S214027CB00363012B07460BD1711C1AD00FF0F3FF9A
S214027CC0A0EB0805384608F0D3FAAE42EBD80DE032
S214027CD0052BF1D00B2BEFD0023B012B0CD9013632
S214027CE002D00FF0E0FF384608F0C2FA1648BDE8A8
S214027CF0F08708F0BDFAD6E7DAF808301A04C3F3BC
S214027D0089140FD4013602D00FF0CDFF384608F0A2
S214027D10AFFA24B2A4F1C8006FF4FF739842B8BF5A
S214027D201846E4E7731C03D00FF0BDFFA0EB08056E
S214027D306FEA84546FEA9454384608F099FA14F5B8
S214027D40007FC2D0E6E700BF00FEFFFF004008400B
S214027D5000700840024B012218619A60704700BF0B
S214027D6000200840084910B5D1F8703140B11C46D1
S214027D704A68D1F870319C42F9D1C2F303620270AC
S214027D8003F00F0010BD00BF00400840094BD3F8B7
S214027D90883001F0800103F480030B4309D1064BBF
S214027DA04FF400129A61837F1BB1044B0122C3F881
S214027DB0F82070470040084000600844006008460B
S214027DC010B508F051FA084B1B6804463BB19847B9
S214027DD028B1002200204FF4806100F00BFE2046FE
S214027DE0BDE8104008F044BA1C2A0020094B0A4895
S214027DF0D3F8B41010B521F01F01D3F8FC400904E3
S214027E00090C0FF098FF24F07F41BDE810400FF0F8
S214027E1092BF00BF0081E00FCF13468B2DE9F84FCB
S214027E20044610B90020BDE8F88F00F11703B3F539
S214027E30002FF7D21E4F1F4A3D78002390469D42E0
S214027E4018D8FFF7D3FF21680FF09BFF61680FF089
S214027E5098FFD4F80C9000264FF0240AB14511D1B1
S214027E6023698342DED1062D08D048F82540013525
S214027E703D7003E052F8041BA14201D10120D2E773
S214027E800133DCE7A2680AFB06F312EB030B0CD005
S214027E900BF12301B1F5002F07D2D1580FF071FF75
S214027EA004220BEB02010FF061FF0136D6E700BF9A
S214027EB09D310020202A00202DE9F0411F4CDFF8DA
S214027EC09080069F0646A2FB03502C1960F1000E16
S214027ED09C46A0454FF0000373EB0E0E07D24FF4FC
S214027EE0B4720E211846FDF79BFE02201BE0002905
S214027EF0FBD0C6F3130601EB5C04B4FBFCF4A4FB54
S214027F000646E40C44EA46340D4E34600D4C2260BC
S214027F100D4A914209D10D4AA5FB025302FB0033DA
S214027F209B093B600020BDE8F081C4040A46E804D1
S214027F3044EA553104F0C8FA3860F3E700C9E87637
S214027F40382A00203C2A002000F049020A3BB2DF11
S214027F500046C32338B5164D2B780C4623B9154B6D
S214027F601B6D03F03F032B70134BD3F894305B0565
S214027F701CD5124BB0FBF3F040F24D534343A3F52E
S214027F8046430C3B584300F5C91000F5556028B926
S214027F9040F21B322B21FDF743FE01202B78084AC4
S214027FA05343B3FBF0F30020236038BD0220FCE706
S214027FB0A1310020003008400040084000366E0123
S214027FC08096980070B5374C374B256B374C1B683C
S214027FD02468ED024CBF1B191B1BB3F1804F04D85B
S214027FE0002B3AD1324E1C460AE0B3FA83F4314EE5
S214027FF0C4F10204E340304DAB4201D901345B08C0
S21402800003EB5605B5FBF6F52C4EB34234BF0026FD
S21402801001262403013D44EA86242C430C60D8B191
S214028020B3FBF0F1642400FB11336343984288BF2C
S21402803001F1FF314808013801390728204D214C4B
S2140280404FEA510311D9002129700621C4F8941071
S2140280501B0243EA0013136070BDB3FA83F4D4F133
S2140280600204134EC6D50024C5E71029EBD068B12A
S214028070012129700621C4F89410134909780029B1
S214028080E6D012490224C1F89440E1E7012914BF60
S2140280900121002129704FF00601C4F89410ECD19A
S2140280A0D6E700BF003008403C2A0020382A0020CD
S2140280B0E0673500C0CF6A003FBE4025401B5F1315
S2140280C09E310020004008449F31002000400846B0
S2140280D0084B5B6B03F00700C3F3C20213F0380FC2
S2140280E018BF5043C3F3821213F4E07F18BF504305
S2140280F0704700BF00300840034BD3F8380180F0C9
S2140281001000C0F30010704700400840174B4FF4B1
S214028110002210B5C3F89420154C164BB0F1804FD0
S21402812088BF1C46144BDA6CD2071DD51B6F134A48
S21402813004F5F42404F59074B4FBF2F4033CE4B2C0
S21402814003F00703A34202D02046E9F7CDFE0C4B0C
S2140281501B784BB10B4B4FF47022C3F8942003F1FB
S21402816000732404C3F8944010BD00BF00400846C4
S214028170E0673500C0CF6A0000300E4040420F0074
S214028180A0310020004008447FB50446EAF7B6FB5B
S2140281901C4B06462C3358680093A3792268314656
S2140281A0FFF78AFE054648BBA379012B14BF164982
S2140281B016491022C1F83821206815495843FFF79E
S2140281C0C9FE03AA02A93046FFF7FCFE0F4A43F691
S2140281D0FF53C2F8A4300C4B0299C3F8A4104FF414
S2140281E0EE611163039A1A632068FFF78FFF094B4B
S2140281F0A2881A6203F5405300229A63284604B006
S21402820070BD00BF003008400040084600400844E9
S214028210503008400000084008B5044B01221A708E
S214028220034B1868FFF772FF002008BDA03100203C
S2140282303C2A0020024B4FF48062C3F89420704719
S214028240004008460D4BD3F80421D3F8B030D2B222
S214028250FF2A03D043F30743591C01D19022192366
S214028260074903EBD37302EB6302022381F8423021
S214028270232381F8432081F8413070470081E00FC4
S214028280001F002140B10368012B05D90069034B8A
S214028290002808BF184670470048704774A70300B6
S2140282A0064BD86DDB69C0F3011203F01F03000C06
S2140282B002FB000001331844704700BF006008400C
S2140282C070B504461F480D46FFF7D0F91E4BD3F88B
S2140282D0306116F400464FEAC01015D000F574431C
S2140282E01A4C1B4A2433B3FBF2F32B60194B00EBF8
S2140282F05400B0FBF4F068605B68D9020AD500242B
S21402830006B10334AC6070BD002CEFD1114B5B6834
S214028310D802F7D4104B0F491B68D1F8A820C3F334
S214028320810312F4806403F1010309D1D2B2FF2A59
S214028330E6D0D1F8AC20520548BF04EBC304DFE711
S214028340DC00F3E740420F000060084020A107006F
S21402835048E801000000084000200840084B1A6860
S214028360C117A2FB000310F1807002FB013343F138
S2140283700003400E40EAC310803820EAE0707047DF
S214028380442A0020174B072270B5C3F88420FFF753
S214028390A1FB154B154A164EC408010B0546E0050F
S2140283A0C01841F10001002304F08EF8114B18604A
S2140283B04EF66020FFF7D2FF4042C6F89C000E48F9
S2140283C0FFF754F9024658B1E301500818184FEA6D
S2140283D015714FF0000341F1000104F075F8706763
S2140283E070BD00BF00400840B2E60E0065CD1D001D
S2140283F0001F0021442A002040420F002DE9F047CA
S214028400064608469846FFF73DFF15460746002EE5
S21402841000F0B08018F0050F63D03469002C00F02D
S214028420AB80FEF7CBFC4FF47A735C43201A7B6872
S214028430A0F6AC50C01AFFF791FFB48B6862002C0E
S21402844000F09D80FEF7BAFC4FF47A735C43201A64
S2140284507B68A0F6AC50C01AFFF780FFA861614B9C
S214028460F468D3F80090DFF88CA1002C00F0B080FE
S214028470FEF7A4FC4FF47A735C43241A7B68A4F6D6
S214028480AC54E41A99F81130053B012B7AD8DAF885
S2140284900020A4F53E44EB3CE117A4FB023402FBA9
S2140284A0014413F1807144F10000490E41EAC01103
S2140284B08039E9614C49A2FB01219B1A64EB010455
S2140284C013F1807344F100045B0E43EAC413803B4D
S2140284D02B62B469FEF772FC014620460FF0FEFCE2
S2140284E0286318F0020F29D073684FF47A70584345
S2140284F05BB13B6803F51C5310331844B37F002B63
S21402850046F2A81308BF00231844FFF727FF736933
S214028510E862002B5FD078684FF47A7202FB0300A1
S214028520B37FA0F50350002BA0F1100046F2A8136B
S21402853008BF0023C01AFFF711FFA86218F0040F45
S21402854018D0B068002849D04FF47A735843A0F583
S21402855003501038FFF702FF286133684FF47A7031
S214028560584323B13B6803F51C5310331844FFF7F6
S214028570F5FE6861BDE8F0874CF250305BE74CF2DE
S214028580503069E73B68E41ADAF80020E117A2FBEC
S214028590044314F1807402FB013343F10003640EBA
S2140285A044EAC314803C114BEC61114CD3F884307E
S2140285B02B622368002B8CD048460FF0FAFD002869
S2140285C087D02368D9F848002A463946984780E774
S2140285D04CF25034D8E747F23050ACE747F230500E
S2140285E0B8E700BF78270020101B0200001F0021FA
S2140285F0402A0020442A002008B9FFF751BE03484B
S21402860081420CBF2F20BC20704700BF48E8010003
S214028610E0B5074608461E4615460FF04BFB7B7C28
S214028620053B012B06440DD80C4B4BF6EB61002D97
S21402863018BF19464FF4FA720A44094892FBF0F042
S2140286403044E0BD074B084AD3F8F800FFF71AFE9D
S21402865001680029A8BF4FF4FA72EDE7FBD90200C1
S21402866018FCFFFF001F00210CFEFFFF2DE9F04F54
S214028670384C0A4685B00D46002181460FF0FFFEB3
S214028680D4F8C83043F06C029A4204D0002528463B
S21402869005B0BDE8F08F304BDB68D907F6D4FDF79E
S2140286A001F90028F2D0D4F81061C6F30826002E8D
S2140286B0ECD12A4C2A4BD3F81880D4F88430019394
S2140286C0284B4FF060529A6103F100734FF000623C
S2140286D09A612423C4F88430234B04221A604FF490
S2140286E0804A4FF48053C4F868A0B3466362AB4531
S2140286F012D31E4B04221A60184A019BC2F8843019
S214028700184B4FF06051996108EA010318498B61D2
S2140287104FF480439366BAE7226E5204FCD5226871
S214028720D305F9D5C4F868A00136D4F88820039298
S214028730012EDCD9A5EB0B07042FA8BF04273A4667
S21402874009EB0B0003A95F440FF0B3FE1FFA87FB89
S214028750CDE700BF00400E40004008400000084041
S2140287600060084000600844004008460040084494
S21402877000600846074BD3F8D8304FF604014FF690
S21402878005029BB28B4208BF1346034A012093653B
S214028790704700BF0081E00F0050084070B5194CCA
S2140287A00FCC86B001AD0FC5CC22236816482B60CD
S2140287B000210FF064FE8422002114480FF05FFEB1
S2140287C0134B144AC3F8F020FFF73CFD124B1B78FC
S2140287D02BB101AD0FCD0B4E0FC62B6823600F4B8E
S2140287E00F4AC3F8DC2F0F4AC3F8E02F0E4AC3F82D
S2140287F0E42F02F1957202F24952C3F8E82F06B04E
S21402880070BD00BFC81F0021341F0021B01E00210A
S214028810001F00213F003700933100200010002186
S2140288200200620609C8056E0704DC060A4B1978C0
S21402883001F0FF0229B10021197008499202C1F81D
S214028840A020597801F0FF0229B100215970930245
S214028850024AC2F8A4307047A2310020000008463F
S214028860074BD3F8E00E074BD3F88C301A0103D42B
S214028870054B1B6E1B0401D500F58070704700BFC8
S21402888000100021004008400000084008B507F02C
S214028890EBFC0F4B1A78B2B90E4A126812F4843FF8
S2140288A011D10D4A1021C2F894101B786BB9094BEE
S2140288B01B68DB0509D4084B2022C3F89420BDE8C8
S2140288C0084007F0D5BC054AECE7044BF4E700BFC6
S2140288D0A6310020281B002000400844004008461D
S2140288E010B507F0C1FC0E2104460320FFF794F9E9
S2140288F0044B40F2012220465A62BDE8104007F0BF
S214028900B7BC00BF00000840044B00221A70044B9C
S214028910197811B11A70FFF7B9BF7047A531002058
S214028920A631002008B507F09FFC234B4FF080527B
S214028930C3F88020BFF34F8FBFF36F8F4FF4807260
S214028940C3F88020BFF34F8FBFF36F8F0222C3F8A6
S2140289508020BFF34F8FBFF36F8F1022C3F88020A3
S214028960BFF34F8FBFF36F8F2022C3F88020BFF371
S2140289704F8FBFF36F8F4FF00052C3F88020BFF3C4
S2140289804F8FBFF36F8F8022C3F88020BFF34F8FC5
S214028990BFF36F8F4022C3F88020BFF34F8FBFF321
S2140289A06F8F0122C3F88420BFF34F8FBFF36F8F00
S2140289B0BDE8084007F05CBC00E100E008B507F03F
S2140289C053FC0B4B4FF080521A604FF480721A60C1
S2140289D010221A6020221A604FF000521A6080227B
S2140289E01A6040221A60BDE8084007F041BC00BF8A
S2140289F000E100E070B5084C01232370074B1E68A7
S214028A00074BD3E9005332401940284001F022FABE
S214028A100023237070BD00BFA43100204C2A002022
S214028A20281B00202DE9F047DDF820A003EA010804
S214028A30099B06460D4602EA000703EA0A09BAF14E
S214028A40000F40F04D81031F0B4300F013810528F1
S214028A5071F1000380F0E78050EA010300F06081C4
S214028A60431E0B4300F02181FFF75CFFAD4AD2E9BB
S214028A70004323EA050324EA06043C4343EA0807C4
S214028A80A94BDFF8F8821E6826EA0A0646EA0906B5
S214028A901E60C2E90047FFF7F9FEA44814F02A4F09
S214028AA0C26E14BF48F202034FF40043B50748BF34
S214028AB043F400539E4D83EA020122EA0302EA6669
S214028AC09C4A81660B40D366C4F38042120320039D
S214028AD048BF42F48072E10648BF42F40052A30641
S214028AE048BF42F40072650648BF42F48062200620
S214028AF09148924DD0F80C3248BF42F4006282EAA6
S214028B00030123EA0203C5F80C328D4BC0F80812A3
S214028B10C7F340250A40AD04E10448BF45F480355A
S214028B20C3F80C22A20348BF45F48015A30748BF2A
S214028B3045F4800514F4001F06D0D8F800000FF0A4
S214028B409DFB08B945F40025E00248BF45F4003510
S214028B50F9067C497C4848BF45F40005620248BFD6
S214028B6045F400150A6A730748BF45F0040585EA0E
S214028B70020323F001031A4002621D40CB61734BCD
S214028B8073481D62734B744A16F0010F18BF1A46DB
S214028B90836E7D0748BF42F40012704D82EA0301DD
S214028BA023EA0203AB666E4B41660A4000F50050AC
S214028BB09A66C16B04F0010305F5005581EA0302CB
S214028BC021EA0301E96382631A40664BDA63D8F846
S214028BD00020200248BF644B92F8E92058BF634B3E
S214028BE0610748BF43F4806322B114F4C06F18BF14
S214028BF043F480735E485F4CD0F8EC10320748BFEF
S214028C0043F0004383EA010222F4A0221140C4F892
S214028C10EC101340C0F8E820574ABDE8F047C2F807
S214028C20EC30FFF7CBBEA0F580630B4306D020F4F2
S214028C308063A3F500730B437FF416AF07F014FBB3
S214028C403849D1E9003223EA060322EA050242EA5B
S214028C5008023B43C1E90032484A126892F8E9200A
S214028C600AB313F4C06F1ED0434B4FF48072C3F89E
S214028C70EC2014E007F0F8FA2A4AD2E9003123F091
S214028C8004033B4341EA080157EA0807C2E90031F8
S214028C9014BF394A374A4FF48063C2F8EC30BDE855
S214028CA0F04707F0E5BA334BDFE707F0DDFA1D4A77
S214028CB0D2E9003123F001033B4341EA0801C2E94D
S214028CC000312F4A57EA08074FF0010315BF936396
S214028CD02C4902F1C062CB6314BFD3639363DEE711
S214028CE050EA01037FF4C0AEBAF1010F7FF4BCAEC6
S214028CF007F0BAFA0C4A136823F0010343EA0903A1
S214028D001360134A4FF48063B9F1000F04D0536620
S214028D1002F1C0629366C2E710498B665366BEE7ED
S214028D20BDE8F087281B00204C2A002000000840DF
S214028D30000008440000084600600840006008443E
S214028D4000600846004008400040084400400846CC
S214028D5000500840041C50000418500000500844FC
S214028D6000500846007008460D0A0A09090A0A0950
S214028D70001008400010084400100846782700201B
S214028D800070084000700844024B5868C0F3C000E8
S214028D90704700BF281B0020024B186800F0010035
S214028DA0704700BF281B0020024B5868C0F3C03033
S214028DB0704700BF281B002010B50446FEF73CFE95
S214028DC0FFF7B0FD04F14C00FDF7E4FBFEF7E0FD13
S214028DD0FEF71AFAFEF786FAFFF7D4FA1049114A96
S214028DE0D1F8F810072304F1A400FFF707FB4FF4AD
S214028DF040010020FEF7DEFB4FF400110120FEF7D3
S214028E00D9FBFFF7B7FC20B940F2E7221421FCF7A2
S214028E1007FFFFF701FABDE810400120FEF766BC27
S214028E20001F0021681F0021084B8022C3F88820FB
S214028E3003F17E430822C3F88820054AD2F8B03EE2
S214028E4023F02003C2F8B03E704700BF0040084639
S214028E500010002108B507F007FAFFF7E5FF034BFD
S214028E6001229A60BDE8084007F002BA00400840B6
S214028E70F0B583B00646144602F04EF9002800F01C
S214028E809B80514BDD6815F0060540F0958007F093
S214028E90EBF923790095022B07463ED1237B022B62
S214028EA035D00320FEF77CFB18B9484B5B685B04A1
S214028EB07FD5A37B257B4649A2680192003B18BF5B
S214028EC00123012D0B705DD0424A434C00231370E0
S214028ED02278002A61D13C4E0420FEF737FAF36E60
S214028EE023F0F85323F4F81343F0506343F480332B
S214028EF0F3662A46022301A90420FEF745FA002853
S214028F0052D0364B012130222170C3F894203846C5
S214028F1007F0AEF9002003B0F0BD0320FEF740FBD9
S214028F20002846D12279D6F8AC30012A226838D0F9
S214028F30D51A254B2A4A0095DA6600221A67627B02
S214028F40284B002A0CBF012200221A70264B264A02
S214028F50D3F8B03E0CBF43F0200323F02003C2F840
S214028F60B03E0320FEF7F2F9174B204ADA66227962
S214028F70012369460320FEF707FAF8B11C4B0122CB
S214028F801A708BE72379022B9ED0009BD6F8AC1082
S214028F900B4413440025019396E72370FFF776FCF3
S214028FA099E79A42C5D3C3E70320FEF7CFF90C4BE5
S214028FB0F366384607F05CF90320ACE7384607F05C
S214028FC057F90120A7E700BF0050084000400840BC
S214028FD0A8310020A5310020A63100200040084616
S214028FE000000101A731002000100021010C010041
S214028FF0A93100202DE9F3410D46074607F034F962
S2140290001B4BDFF8788000241C70FFF70DFF194B0E
S214029010C8F86C30C8F8704006466879431E584255
S214029020584101F0D1FC40F60143C8F870302A7965
S2140290302968D7F8B430012A01D1994200D3CC1A54
S21402904004230DEB030103200194FEF79DF950B9AA
S214029050094B88223046C3F8882007F009F9012018
S21402906002B0BDE8F081304607F002F90020F7E7CB
S214029070A9310020000001010040084400500840C9
S214029080F8B5194C05462078B0FA80F040F2064250
S2140290903E214009FCF7C4FD55B96078B0FA80F06D
S2140290A0BDE8F84040F206423E214009FCF7B8BD52
S2140290B00E4F0F4DD7F8A0304FF44066C3F381230E
S2140290C02370C5F8A0606078B0FA80F040F20642DD
S2140290D03E214009FCF7A4FDD7F8A430C3F3812350
S2140290E06370C5F8A460F8BDA231002000000840F5
S2140290F000000844F8B50B4C0B4DD4F888300B4FE3
S2140291000423C5F88830D4F888305B0300D4F8BD51
S2140291100426C7F8886002200EF0DBFDC5F88860DA
S214029120F1E700BF004008400040084600400844FF
S2140291301C4B70B5D3F888601B4D03F18063A822E0
S214029140C3F8882010221A60184A194B93666B6679
S214029150FFF76CFB174B1B7813B90320FEF7F6F8E4
S21402916000242C67FFF7C6FF134A144BD2F8E01E02
S2140291700B40C2F8E03E124B0422C3F88820114B83
S214029180B206C3F8B84008D503F580735B6CB3F536
S214029190817F22BF034B80229A60BDE8704001F0B7
S2140291A019BE00BF00400840005008400050084466
S2140291B010000002A931002000100021DF0000FF8D
S2140291C000400844001E002110B528B971B9174B9B
S2140291D04FF4C0625A6210BD41B9154A53681B0E5D
S2140291E013F00E0FF3D113689A06F0D4FFF778FB4C
S2140291F00F4C0020FEF7B6FD032801D0092806D141
S214029200D4F88C30DB03F4D4636F0C2BF1D9FFF760
S21402921071FF084B4FF400725A62074B0122DA6064
S21402922003F17E430422C3F88820D0E70060084496
S21402923000400840000008400040084608B50321E8
S2140292400920FEF7E9FC024B20229A6008BD00BF07
S2140292500040084038B5054607F006F80446FDF714
S21402926055F935B1FFF750FB2046BDE8384006F009
S214029270FFBF084B1B78002BF6D0074B1D78002D3E
S214029280F2D1FFF741FB2A464FF480400021FFF758
S214029290B1FBE9E7A5310020A43100202DE9F84F03
S2140292A05B4B0646D3F888300D461446002A40F03B
S2140292B0A98013F0A00F14BF4FF001094FF0000968
S2140292C0DFF86881534F01F085FDA023C8F8883087
S2140292D00320FEF73BF80420FEF738F84FF0000AAA
S2140292E0FFF712FB4C4BFB66C7F870A0FFF702FFB6
S2140292F04A4BD3F8B02E42F02002C3F8B02EFF221B
S214029300C8F80020424A4FF480719160D3F8E02EEC
S21402931043494FF0040B1140C3F8E01EC8F888B06A
S214029320C3F8B8AEFB6813F0060F04D0FEF780F958
S2140293305846FEF70BF8B9F1000F08D0394B4FF438
S2140293400062C3F88820384B4FF400425A6666B172
S214029350354B5B6C180701D4FFF7C2FAFFF76EFFB6
S2140293600420FDF7F3FFFFF761FA294BDA68D1070D
S21402937043D55A6812F0706FFBD12C4B2C4AC3F8B7
S21402938088202C4A536B23F0F003536315B1204612
S214029390FFF760FF284BD3F8B4305A1C05D05B00A9
S2140293A003D4264B1B78012B2FD8204B0122DA60E0
S2140293B01CB31D4BDA6E9A66154A136A23F0010334
S2140293C0D3611F4BD3F80C22C3F80822A3F54053EF
S2140293D0DA6F9A67A3F50053D3F8EC20C3F8E820B7
S2140293E003F5C043DA6B9A63A3F50053154A5A662F
S2140293F00E4B4FF60842C3F88820BDE8F84F00200F
S21402940001F0FEBE4FF000095AE7082BD0D1CCE798
S21402941000400840005008400000010100100021F2
S214029420DF0000FF004008460000084000400844F5
S21402943010003000001F00210081E00F1B100020EA
S214029440006008405000F0029A4B196EDA6E2DE961
S214029450F04F01EA0209C3F8689003F5805385B01D
S214029460D3F8E060D3F8EC201640C3F8E86003F5C2
S214029470A043D3F80012D3F80C2201EA020AC3F87A
S21402948008A2A3F5005359691A6A01EA02088A4A31
S21402949008EA0202DA61894BD3F80022910006D468
S2140294A0D3F800319A00C3F3407740F1E18006F02A
S2140294B0DBFE834BDA68DF6D12F0060F9A6E07EA60
S2140294C0020727F4800222F4006214BF4FF0010B59
S2140294D04FF0000B5A667B0704D57A4A537D013358
S2140294E0DBB2537506F0C4FEB9F1000F00F0DF8060
S2140294F019F4004427D006F0B7FE0146FFF7B0F98C
S2140295006F4D0446AA69AB699A42FCD0AA69934297
S214029510FCD0FFF7A5F9A04240F0AC80084606F062
S214029520A7FE694B1C60694BD3F8885015F4E052CD
S21402953040F0A28024F07F4424F0DF040CB9FFF749
S214029540F7FD4FF0807419F0020F4FF0000516D0A9
S2140295505E4B5F49D3F8883003F46042C1F8882036
S214029560002A00F09E801D0400F19E8013F4005F26
S2140295700CBF4FF000534FF000631C430025C9F3A5
S21402958040394FEA4909534B3340002B4AD016F470
S214029590206F0AD040F6050206210020FCF740FBA9
S2140295A00020FFF757FE26F48026F00506D5484B26
S2140295B0FF221A6044F4C064FFF792F916F0090F0E
S2140295C00AD040F61A0208210020FCF729FBFFF712
S2140295D035FE414B01229A6216F0106F0CD040F60F
S2140295E0230209210020FCF71BFBFFF727FE0022BF
S2140295F011461046FCF762FF16F4202F0AD040F6FA
S2140296002B0207210020FCF70BFB0020FFF722FEAF
S21402961026F48026F10301D5FDF7A0F8002EB8BF88
S21402962049F0080972070DD52B4B5B6A13F4005FED
S21402963014BF2A4A2A4A4FF400531ABF536244F40C
S21402964000045362730548BF44F0040416F48026EF
S21402965000F0AA80FDF74CF80138062842D8DFE869
S21402966010F02E0131012E01340137013A013A0180
S214029670BB4639E7044645E70192FFF759FD144B0E
S214029680019AC3F8882015F4805307D115F4806F29
S2140296900CBF4FF080544FF0806454E74FF0804484
S2140296A051E74FF0007368E74FF0004365E74C461A
S2140296B04D4668E7000008400000F7FF00E100E0C2
S2140296C000500840502A0020482A00200040084047
S2140296D000400844090B0B8900100840001008449B
S2140296E00010084640F65C0203210020FCF798FAB8
S2140296F0844A136ED2F8800003F007030633012172
S21402970001FA03F3C0F30C001B1A9BB2072B13D902
S2140297107D4BD3F8883058020ED47C48136B126DFA
S214029720C06C58B103F0070306339940C2F30C032A
S214029730C91A89B2072901D844F40074744B1B78FD
S214029740002B31D06F4BD3F8E03013F4A02F2BD17F
S214029750704B714A1B7893B9F90410D4137873B11D
S214029760E3086E4943EA457383F00103D1F8E01E2D
S21402977003F001035B0021FA03F39B0714D10420D4
S214029780FDF7E4FD664B6749D966FFF7BDF8624A06
S21402979013782BB9644B654A1B682340134201D1E8
S2140297A044F4804427F48057BAF1000F1DD01AF40F
S2140297B0805F18BF44F480241AF4807F18BF44F4F4
S2140297C000241AF4005F18BF44F010041AF4007F55
S2140297D018BF44F020041AF4806F18BF44F0400407
S2140297E01AF4006F18BF44F08004B8F1000F48D096
S2140297F018F4802F18BF45F4007518F4803F18BF80
S21402980044F4805418F4801F18BF44F4003418F44B
S214029810800F18BF44F0020418F4003F09D03A4BF8
S214029820D3F88830580059D5414B1B6898470443F3
S2140298300D4318F4000F18BF45F0100518F4002F5A
S2140298401AD0364BD3F8B03E13F0C00F14D02E4BBE
S2140298505A68C2F30362032A01D0072A07D1D3F853
S2140298608C20D10603D4D3F89020120739D54FF4B2
S2140298700022DA6128F4002818F4001F18BF44F406
S2140298808004002F00F01381380540F18680294AB3
S214029890DFF88CA0D378002B52D0013B4FF4006146
S2140298A0DBB2CAF86410D37033B9234B1B78DBB132
S2140298B0224B40F60142DA66002300226BE044F4B3
S2140298C0803415E744F4006412E744F480640FE73A
S2140298D044F480740CE744F0080409E744F4801466
S2140298E0A7E744F40014C7E7DAF8703013F4A05F71
S2140298F015BF4FF4807340F60143CAF85030CAF8D9
S2140299007030D9E7001008400040084000000840C8
S214029910A6310020A5310020A7310020001000212A
S2140299200050084000000101281B0020088D01009D
S214029930380D002096310020A9310020005008463C
S2140299400320FDF703FDDAF80C30AD48AD4913F0FD
S214029950060F02BFAC4B41F61F72DA664FF4006385
S214029960CAF86430DAF80C3013F0060308BFCAF8F7
S2140299707030C38A13F4006261D023F40063C3829A
S2140299800B7803F0FF0A002B5DD1FDF751FEFFF7BF
S214029990CFFB534620221C431543B9010BD52E207C
S2140299A0FDF776FF984A4FF00073936602F17C4209
S2140299B045F008055366FA0608D52B20FDF768FF22
S2140299C0914A1023936602F17C42536617F4E00F25
S2140299D005D1FB045FD5BBF1000F00F0B780B802DB
S2140299E010D52920FDF754FFFFF7CEF940B187497D
S2140299F0874A884B53668B6687494968490425D44B
S214029A0045F0040517F4800BDFF804A22AD00420E0
S214029A10FDF79CFC2720FDF73BFFFFF789FB4FF481
S214029A208003CAF864307D4BD3F8E02E520600F16C
S214029A3086807B4B02221A6045F0020528E00B78EE
S214029A404FF40053A7E74FF4004336E76E49202051
S214029A508B665366FDF71CFF2D2045F00C05FDF7BF
S214029A6017FFCFE7F80255D50420FDF76FFC282034
S214029A70FDF70EFFDAF87030002B48D1FFF758FBDF
S214029A80614A644B936602F17C4245F001055366D7
S214029A905F4B00221A657A0509D5624A9378002B35
S214029AA000F0A280013B9370002349EA03095B4B56
S214029AB0D3F8B03E1B0603D52046294601F0A8FB84
S214029AC04A4620462946FEF795FF0EB1FCF738FEB9
S214029AD018F4002F00F08D804F4B4FF40022DA610D
S214029AE018F0206F00F0898018F0007F01D0FDF793
S214029AF037F918F0006F01D0FDF74EF9002200206A
S214029B004FF4006105B0BDE8F04FFEF773BFCAF828
S214029B1070B0B5E7F904BBD50420FDF717FC424B3D
S214029B20CAF86C30FDF784FDDAF85C3013F4A00F47
S214029B30AED12A20FDF7ACFEFFF7FAFA73E7D3F8A8
S214029B40B03E98063FF578AF384B73E7354A13793F
S214029B504BB1013BDBB2137113B92C4B344ADA66B4
S214029B6000231C4397E70420FDF7F0FB0320FDF7D4
S214029B70EDFB274B2C4ADA6606F076FB82460DF1A1
S214029B800F00FEF7EFF82B4B1B7883460BB1FEF760
S214029B90A7FEBBF1030F0ED1DFF87CB00020FEF764
S214029BA0E1F8032807D1DBF88C30D903F6D4DBF8CA
S214029BB074300C2BF2D99DF80F30032B06D11E4BB6
S214029BC0012250461A7006F053FBC9E71B4BD3F826
S214029BD0E03013F4A02FF2D1FEF796FE504606F0C0
S214029BE047FB4FF48043BCE70220FDF7AFFB01239F
S214029BF05BE7B8F1000F7FF473AF05B0BDE8F08FF6
S214029C00502A0020A931002000500844005008467F
S214029C1000500840100000020040084000100021DA
S214029C20004008449631002000000101004008462A
S214029C300000010DA8310020A531002000100840C8
S214029C40034A0123136202F17C42D361704700BFCC
S214029C50004008440B4B10B55C691A6A1440A2B265
S214029C60DA61E20704D55868C0F30360FFF7E8FF3D
S214029C70630706D5BDE81040042200200021FEF747
S214029C80B9BE10BD004008400C4A08B5136BD16B34
S214029C900B409363DB070FD5094B18784FF42A6203
S214029CA0122100F00100FBF7BBFFBDE808400022CE
S214029CB001200021FEF79EBE08BD00BF00700840CE
S214029CC0281B0020044BDA6FD207FCD41A6FD96F18
S214029CD00A409A67704700BF0030084070B50D46CC
S214029CE0144606F0C1FA064BD3F8B06E74402C4008
S214029CF07440C3F8B04E06F0BBFA06EA050070BD23
S214029D0000100021034BD3F8B03E99430CBF01204C
S214029D10002070470010002109490A4AD1F8EC00D9
S214029D2010B504230124C2F8EC308C624FF40051C3
S214029D305162410744BF02F10072C2F8EC3010BD16
S214029D40001008400010084437B5204D0C4641B9B3
S214029D500A460721FFF7C2FF1D4BEC625C6003B0A8
S214029D6030BD07221146FFF7B9FF1A4B07225A6089
S214029D70237985F82C3063790193012101A80EF02E
S214029D809FFA019BC2B2D34000F00F0040EA0310D4
S214029D9085F82D00A27985F82E20E27985F82F2005
S214029DA02068286383B1028801218B4205D8237973
S214029DB0013B1344084A9361D1E730F81150AA4296
S214029DC028BF2A460131F0E71A46F0E7001F0021B5
S214029DD02C1F0021000008440000084010B5054C66
S214029DE0237823B101F0B8FC0020207010BD0320B8
S214029DF0FCE700BFAB31002008B501F097FC024B30
S214029E0001221A70002008BDAB310020431C07D087
S214029E10044B6FF0FF029A6103F1007310409861E1
S214029E20704700BF0070084400F01803182B0AD0D1
S214029E3003070AD410F0100040F2011318BF1846A8
S214029E40034B986470470020FAE70120F8E700BF4A
S214029E50001F0021344B2DE9F7431E6801F40079F8
S214029E6000F00103174653EA090205460C462ED0B7
S214029E704FF0000803B30023002201200021CDE9A1
S214029E800088FEF7CFFD41463046FDF701FF41460A
S214029E9070830120FBF70CFD716B06F1A400FDF741
S214029EA075FF22490868FFF7B1FF4FF0FF330B60DA
S214029EB0337C43F004033374B9F1000F07D0012159
S214029EC030460DF0E7FC24F4007405430C43D6E953
S214029ED03E232A40234052EA030103D01449304667
S214029EE009688847FB070FD51249134A08681368A2
S214029EF000211160114A0121117003B19847104BDD
S214029F0000215B680220984717F00E0F08D040F237
S214029F10F3123B21002003B0BDE8F043FBF780BEFE
S214029F2003B0BDE8F08300BF78270020300D002084
S214029F30340D0020782A00207C2A0020AD31002033
S214029F40100D0020F7B50446D4E93EC71046DDE9F9
S214029F5008268CEA020587EA06010540194085EACA
S214029F600C057940C4E93E5123F4004106EA010398
S214029F7020F00100002543F40073024043F0020380
S214029F80CDE90055FEF74EFD237C9A0717D5D4F887
S214029F90FC309B0513D54FF4881120460DF07AFC51
S214029FA0237C65F341032374D4E93E2302400B402D
S214029FB052EA030103D00349204609688847002075
S214029FC003B0F0BD340D002038B10368044A002BFC
S214029FD008BF1346034A13607047014BFAE700BFF7
S214029FE0097F0300340D0020024B586B00F00F006F
S214029FF0704700BF001F00210F2938B505460C46E2
S21402A0000ED801F0A5F801280CD1074A536B23F0AD
S21402A0100F032343536328460EF0CEF8002038BDC4
S21402A0200120FCE70220FAE7001F0021014B986B93
S21402A030704700BF001F0021014B00209963704744
S21402A040001F002103282DE9F7434CD8274B13F8AD
S21402A0500080274B1E5C274B13F8009006F004F98D
S21402A0600746FEF799FE054640B10023CDE90033C8
S21402A0700022002301200021FEF7D4FCFEF794FE06
S21402A08048B10023CDE900330022002300204FF41C
S21402A0900041FEF7C7FC26B3174B5C6C04F00804BD
S21402A0A0164B31465C644046FFF78EF84A46314608
S21402A0B04046FFF7F3F8124B5C6465B1114B186823
S21402A0C0416BA430FDF762FE0F490868FFF79EFE5B
S21402A0D04FF0FF330B60384603B0BDE8F04306F09E
S21402A0E0C7B83446DCE703B0BDE8F08384A70300B4
S21402A0F080A703007CA70300000008400000084475
S21402A1000000084678270020300D0020104AD2F8BA
S21402A110883013F0A00F16D1D2F88C0010F004008D
S21402A12013D10C4BD3F8E03E23F07F4323F0FF031A
S21402A1305BB15368C3F30362092A07D0B2F10C007D
S21402A14018BF01207047002070470120704700BFEB
S21402A150004008400010002170B50D4616460BB1AF
S21402A160FFF7DAFD0A480368026A03F007030633BC
S21402A17001249C40C2F30C03E41AA4B2B44228BFE2
S21402A180344622462946FCF743F9204670BD00BFF6
S21402A1900010084070B50D46064620B9194B1B68DC
S21402A1A0A3B1032011E000F0D3FF012828D1164BFB
S21402A1B093F90040C4F11C04641BC4F11C03002B79
S21402A1C0B8BF5B42232B0CDD012070BD81EAE17330
S21402A1D0A3EBE173DBB2232BF6D80B4B19700020EE
S21402A1E0F3E7B57406F040F8084A5369E40223F42C
S21402A1F0FF2304F4FF241C43546106F039F8EEE70B
S21402A2000220E2E778270020AA31002000700840EA
S21402A21090F8C23053B9074BDA69920208D49B6FA2
S21402A22013F4706F14BF012000207047002070479F
S21402A2300120704700600840F8B5436B02EA01054A
S21402A24023EA01032B434363344A01F00B030C4613
S21402A25023EA0501516402F100722B4061070646AB
S21402A260536411D50121FFF7D3FF68B1FEF742FF11
S21402A27015F0040F14BF2A4A2A4A4FF40073D3611A
S21402A280294B0422C3F88820E20606D515F0100FE3
S21402A290264B14BF00221B22DA6423061DD52F0686
S21402A2A016D51F4B4FF400129A6103F17E4301222A
S21402A2B0C3F8F82005F0D8FF0E2107460320FDF765
S21402A2C0ABFC1A4B40F201225A62384605F0D0FF28
S21402A2D0294606F1A400FDF759FDE00503D5E90578
S21402A2E016D5FDF763FCA20503D5AB0513D5FDF71E
S21402A2F06DFC14F0600F09D0D6F8941030460DF0BD
S21402A30004FE0B4B58640B4B80229A600020F8BD6B
S21402A310FDF744FCE7E7FDF751FCEAE700000844D6
S21402A32000600846006008440040084400000840F8
S21402A330001F002100400840014B1868704700BF0C
S21402A340742A002037B5012300240022CDE9003408
S21402A350002310461946FEF765FB0220FCF7F6FFBF
S21402A360054D064B21461C6002206B6898472B68F9
S21402A37003B0BDE830401847100D00207C2A0020AC
S21402A3802DE9FF41022903900C461546984605D151
S21402A390FFF7D8FF002004B0BDE8F081194E05F0A3
S21402A3A063FF336807463BB1AB4205D005F060FF5A
S21402A3B0002333600120EEE7134B3560C3F80080BC
S21402A3C001230022CDE90033002310461946FEF78A
S21402A3D029FB0E4B002502201D70FCF7B7FF224614
S21402A3E02B4603A90220FCF7CFFF094B039A1A60FB
S21402A3F0084B1B6804469847384605F039FF002C80
S21402A400C8D1D5E77C2A0020782A0020AD3100206A
S21402A410742A0020100D0020044BDB6D5B055ABF2A
S21402A420034B1878012000F00100704700500840E6
S21402A430AD310020014B9869FDF700BC0060084072
S21402A440014B98690DF052BC00600840437C5A1FCD
S21402A450012A01D9082B05D14B7C2BB1012B05D043
S21402A460022B05D00DF08FBD024870470248704798
S21402A4700248704720A1070048E8010040420F004A
S21402A48070B50E4605F0F0FE054600F085FE044661
S21402A49020B1284605F0ECFE204670BDFEF72AFEE7
S21402A4A0114B3278D3F8E03E022A23F0F00316D09E
S21402A4B0101F42424241520043EA02137278022AB5
S21402A4C00FD0111F4A424A41520043EA8213064AFB
S21402A4D0C2F8E03E054B0422C3F88820D9E70122E1
S21402A4E0EAE70122F1E700BF00100021004008441D
S21402A4F070B50E4605F0B8FE054600F065FE044649
S21402A50020B1284605F0B4FE204670BDFEF7F2FDE7
S21402A510104B3278D3F8E03E022A23F00F0315D010
S21402A520101F42424241520013437278022A0FD051
S21402A530111F4A424A41520043EA8203054AC2F8C0
S21402A540E03E054B0422C3F88820DAE70122EBE757
S21402A5500122F1E70010002100400844F8B50E7809
S21402A56090F8D070044630460D46FCF747FA0028AD
S21402A57044D094F8D030B34208D1AA88636C9A4289
S21402A58004D16A88B4F8D2309A4235D084F8D060C2
S21402A590AB88A4F8D4306B88A4F8D230AB88636456
S21402A5A0FF23637530460DF045FB04F1D005207598
S21402A5B02846FCF72FFD10BB2846FCF715FAF0B923
S21402A5C0D4F8903053B194F8D010B94206D0B3F90B
S21402A5D012202046E6F764F884F8D9002046FCF7F5
S21402A5E0F3FB0949A4F8D400084AD1F8F81001236D
S21402A5F004F1A400FDF702FF0020F8BD01200E239F
S21402A60084F8D030F9E700BF001F0021681F002140
S21402A61070B5054690F8D0000E280C461DD0FF29CE
S21402A6201DD01AB10F4B4FF0FF321A600DF002FB2D
S21402A630064695F8D000FCF78BFA844228BF0446FB
S21402A640E4B2B44238BF3446E0B26875FCF71CFB8D
S21402A650A0F1FF035842584170BD0220FCE70120DA
S21402A660FAE700BF180D0020C36B012B01D10020B2
S21402A670704770B5364BD0F89060D3F8F830C0F813
S21402A680943086B03146058B04460DF00EFCB38935
S21402A6908DF80600D6E90121EB1A9BB201FB0322D4
S21402A6A068460021ADF804300092FDF76DFD38B91A
S21402A6B0284B228BDA63FCF77BFC20B106B070BD18
S21402A6C0022006B070BD227C60F3410222740DF0B7
S21402A6D00BFBD4F890305969431EDBB2096802912D
S21402A6E0FD2B02460BD9CD1C09D91B4B01311B6829
S21402A6F00CD0D81C07D802A92046029301E002A972
S21402A70020460DF073FA002006B070BDD91C04D89E
S21402A71002A9204602930DF069FAD4F8FC309B0594
S21402A72004D4237C43F002032374ECE74FF4803115
S21402A73020460DF0AFF8D4E93E2302400B4052EA21
S21402A7400301E0D00549204609688847DBE700BFD9
S21402A750001F002100300840200D0020340D00208C
S21402A76038B590F8DC400546ACB105F07DFD0A4BE5
S21402A7701F22DA61013C03F100731440DC6103F12D
S21402A7807A43D5F8E0201A66D5F8E4205A66BDE882
S21402A790384005F06DBD38BD006008442DE9F74F1E
S21402A7A006461546084619B9012003B0BDE8F08FE3
S21402A7B0002AF9D0032904D80021FBF7E3FF00287A
S21402A7C0F2D082780488037990F805B0C788B0F989
S21402A7D00000002802F00701C0F2D280A1F1070CA7
S21402A7E0DCF1000040EB0C00052928738CBFC2F395
S21402A7F000100020C2F3801C6873900985F810C010
S21402A80000F00200C2F3C00C40EA0C00C2F3401291
S21402A8106874AA74AF820BB996F8CA30013BDBB2F1
S21402A820EB74736BD80600F197800639012900F2A3
S21402A8309380544BDB6C544B5A6B1B6B03F0070331
S21402A84006334FF0010909FA03F909F1FF39083C0A
S21402A85042F0005804EA0904002318F804A0AB608A
S21402A860013404EA0904631D03EA09035A1C02EAD6
S21402A870090218F8037018F80220BAF1800F47EAA6
S21402A8800227727C18BFAAF1320A3BB214BF4FFAF3
S21402A8908AFA6FF07F0AC7F30B079AB30020D6F83E
S21402A8A09C300BB151469847631C03EA0903E873D0
S21402A8B085F80EA018F80310013303EA090318F806
S21402A8C00320013303EA090341EA022118F80320B0
S21402A8D0013303EA090341EA024118F803006A7CDD
S21402A8E0002341EA00613046FDF792FE2860737C41
S21402A8F0042B03D1042FDCBF033028600423AB7182
S21402A900002052E7D90423D5D6F894309BB11A68B2
S21402A910022A10D993F82400FB0008B1B3FBF0F327
S21402A9209B45BBD8002BB9D0CBEB0B20B0FBF3F08A
S21402A930C043C0B2B3E729463046FFF787FD019011
S21402A94030460DF010FB019BB3FBF0F0C0B2E3E71C
S21402A95018F804004000ECE70023EB730B4BDA68B0
S21402A960C2F30723120448BF63F0FF035AB212F180
S21402A970800F1CBF323B5AB20023AA732B60BEE77D
S21402A980022012E70000084000100840007008404D
S21402A99070B50A4B0A4DD3F8EC604FF48064C5F8E4
S21402A9A0EC400020FEF756FC4FF400536B6573052F
S21402A9B044BF044BC3F8EC4070BD00BF0010084013
S21402A9C00010084400100846082318B1024AC2F8CC
S21402A9D088307047014AFAE70040084600400844BB
S21402A9E0F8B504460E4611B9037C5A065FD4464BA8
S21402A9F0A18BD3F88420D4F8947012F4E05F04BFDD
S21402AA002022C3F810224FF6FF73994260D03F4BC4
S21402AA101B68002B5CD03E4D20469847D4F8941015
S21402AA202A688A4207D020460DF06FFA394B5864DE
S21402AA30394B8020986097424FD0384B1B684BB1F9
S21402AA401FB13A68002A58D0BF6839462046984750
S21402AA50D4F8941008460DF070FA002849D0304910
S21402AA60FDF72EFC07272046FCF7AEF9002E36D05F
S21402AA702C4B94F9122093F900302B49D4F8940009
S21402AA80C3F11C039B1A4A69DB0222F4FF2203F479
S21402AA90FF231343254A4B61254B28600621116785
S21402AAA0204601221A700DF087FB0020F8BD61F3E4
S21402AAB08613154A0374D2F88430D0F894704FF691
S21402AAC0FF7113F4E05F818302D12023C2F81032B3
S21402AAD00F4D2A68BA423946A5D10127C3E70D4B66
S21402AAE00F4AD3F8F81004F1A4003B46FDF786FCA3
S21402AAF0BEE720460CF017FEB1E717463946204659
S21402AB009847D4F89410A5E700600840702A002001
S21402AB10682A0020001F0021004008406C2A0020FE
S21402AB20681F0021AA310020007008400000084477
S21402AB30AC310020B1F5007F38B50C461BD200F0D0
S21402AB4007FB0128054618D1E6F724FC0022114629
S21402AB500220E6F753FB0A4B0A4A1A6303F1007314
S21402AB60E40202201C632A462946E6F747FBE6F77C
S21402AB70E1FB002038BD0120FCE70220FAE700BF17
S21402AB8000400E4400F80F000248482200210DF053
S21402AB9076BC00BFE41E0021002373B583746423D1
S21402ABA0C0E92C33C0E92E334FF0FF35C0F8AC3085
S21402ABB0A0F8C0300E264FF6FF73C0E9075580F89E
S21402ABC0D06045648582837504461120E6F7DCF87A
S21402ABD0042834D11B4B5B6813F4403F2FD1204628
S21402ABE0FEF7EAF82046FFF7CFFF94F91210204648
S21402ABF0FFF7D0FA144A6023536402F5805240F6F7
S21402AC00FF7151625165114A5364114B4022C3F8D9
S21402AC108820626B29462046FFF70EFB002240F290
S21402AC20022310461946CDE90066FDF7FBFEFBF748
S21402AC3079FF204602B0BDE87040FAF7CDBF022089
S21402AC4002B070BD00300E4000000840000008460A
S21402AC500040084470B50C68B0F8D4208D680346EE
S21402AC60013404BFD3F8AC400C604C68013404BF16
S21402AC70D3F8B8404C606E1C00F1A40038D1D3F86B
S21402AC80B440CE688C60751C38D1D3F8B0500E69CB
S21402AC90CD60013604BFD3F8A4600E614E6901365A
S21402ACA004BFD3F8A8604E618E69013604BFD3F89C
S21402ACB0BC608E618E693EB34132B24238BF3246C4
S21402ACC00E688A61C3F8B4404C68C3E92E420A692A
S21402ACD0C3F8A4204A690D49C3F8A820C3E92B6526
S21402ACE00B4AD1F8F8100723FDF788FB002070BD49
S21402ACF002F14104AC4238BF2C46C2E702F16405B9
S21402AD00B54238BF3546C2E76422D9E7001F0021A4
S21402AD10681F002138B5084D04462868003818BF59
S21402AD200120621C214600F0F3FC2B68003B18BF92
S21402AD300123A370002038BD802A002038B5054CB8
S21402AD40054B417800782568236000F057FC00B177
S21402AD50256038BD802A002090A7030070B505F054
S21402AD6083FA0C4E054600F0F3F9012804D0284673
S21402AD7005F07EFA022070BD736813F0706FC3F39D
S21402AD800364F0D1F36BDB06EDD5284605F070FAC6
S21402AD902046F0E700400840074B1B684BB10028EE
S21402ADA0064A074B08BF00231360064B18700020A4
S21402ADB070470220704700BF802A0020842A0020A5
S21402ADC088A70300AE310020014B1878704700BFF9
S21402ADD0AE31002038B505F047FA0B4A13884FF615
S21402ADE0FF718B4203D105F043FA032038BD074CAE
S21402ADF0074DE56504F100741B04E365118005F058
S21402AE0037FA0020F2E700BFFC0F0020006008447B
S21402AE100000FFFF08B50E4BD3F8B4305A1C15D00D
S21402AE205B0013D40B4B1B78012B0FD9082B0DD0CC
S21402AE300320FFF707F9084B4FF08062C3F894200F
S21402AE40064A4FF4007151620122DA6008BD00BF63
S21402AE500081E00F1B10002000400846000008405A
S21402AE60064B1A6C092302F00302D34013F0010FBB
S21402AE7040F6E44008BF4FF4E160704700300E40F1
S21402AE802DE9F34105460F461646FFF73FF9A0B1F6
S21402AE90DFF85482D8F80C30DB0704D403242046AB
S21402AEA002B0BDE8F08105F0DFF904460320FCF7A6
S21402AEB077FB20B1204605F0DBF90224EFE7D8F84D
S21402AEC00C3013F0060FF5D1204605F0D1F97A4B77
S21402AED04FF400612846D3F8E08ED3F8B84EFEF75A
S21402AEE011FF40B1754B4FF400720121C3F8882060
S21402AEF00846FAF7DDFC39462846FAF72BFE6E4B73
S21402AF00C3F8B84EC3F8E08E04460028C7D12B7C9F
S21402AF10DF0601D4002E58D0C6F34000FEF7B0F884
S21402AF2016F4807F14BF664A644A4FF002031BBFC2
S21402AF30C2F88830634AC2F8883000211CBFD1604C
S21402AF409362FEF7D7F816F0040F14BF5E4A5F4A04
S21402AF504FF48063D361594B042216F0400FC3F8B6
S21402AF60882014BF5A4A5B4A40233046C2F88030D3
S21402AF70FEF75AFF28460DF057F840B116F0010FBB
S21402AF8014BF4F4A4D4A4FF48073C2F88830B00659
S21402AF9043D56B8C4FF6FF7293420FD04E4A4F4901
S21402AFA0D26D100CC2F30112088001324749B3FB7E
S21402AFB0F2F3454A4A48C8651B04D3652B7C003E1B
S21402AFC018BF012666F304132B7428460DF0F1F819
S21402AFD0C8B328460DF028F8D0B14FF40031284601
S21402AFE0FEF790FE431C9BB20322364801A90CF0E2
S21402AFF0B7FD9DF8042002F00703052B9DF80530E7
S21402B00014D111070CD443F48073364AC2F8C03008
S21402B010FFF726FFFBF79CFC41E7FFF7DBFECDE7D9
S21402B02013F0040F09D19DF80630ECE703F0300266
S21402B030202A05D113F0010FF4E74FF48073E4E7FA
S21402B0409DF80630E1E728460DF015F90028DFD016
S21402B05028460CF0E9FF0028DAD0EB7CA3F10C02BC
S21402B060012A16D82B8B032B19D01E4B93F8C93006
S21402B07003F00703072B16D0124806210CF079FDC1
S21402B080421C3FF40BAF00F00F00164B83F8C800CB
S21402B090BEE70F2BE6D0102BE4D00E2B01D10921F0
S21402B0A002E0112BE0E7082106480CF062FD431C83
S21402B0B03FF4F4AEC0B2E8E70010002100400844B6
S21402B0C00040084600100840006008460060084439
S21402B0D0007008460070084400600840FC0F00201C
S21402B0E00000FFFF001E002100500840054BD3F869
S21402B0F0880003F180634FF40022C3F88820C0F36F
S21402B100C040704700400840014B024A1A60704730
S21402B1106C2A0020499D0200024BD86800F001000C
S21402B120704700BF00500840084BDA68D10707D5C1
S21402B13008B9FCF7E5B8DB68DA0706D4FCF7D2B83C
S21402B140DB68DB0701D40028F8D1704700500840BE
S21402B1500F4B5B68C3F30363013B0B2B0FD8DFE88F
S21402B16003F006060C06060606080A080808022069
S21402B1707047042070470520704703207047054B30
S21402B180DB6813F0060F0CBF01200420704700BFD7
S21402B19000400840005008400A4A5368C3F303635D
S21402B1A00B2B08D06FF49050184100F0010080F08D
S21402B1B0010040007047D2F8880010F48030ECD1CD
S21402B1C0704700BF004008400C4A5368C3F303634D
S21402B1D0062B07D8042BD8B20CD8C31E58425841A7
S21402B1E040007047072B07D1D2F8440110F00050F8
S21402B1F0EBD170470220704700207047004008409D
S21402B200024B1B6803B11847704700BF8C2A002008
S21402B210024B1B6803B11847704700BF882A0020FC
S21402B22070B5174C174D0F2311F0010FE365164B3F
S21402B23019D04AB90122DA65C4F8FC50026CC2F38E
S21402B2401302C3F8FC2070BD0222DA65C4F8FC5073
S21402B250026CC2F31302C3F8FC200C4BC164022238
S21402B260C3F8B820EFE70226DE65C4F8FC50046C8B
S21402B270C4F31304C3F8FC40002AE4D0EDE700BF91
S21402B28000600844FFFF0F000060084600100840F8
S21402B29013B5437C033BDBB2072B96BF104A002153
S21402B2A0D15C0446FEF7C8FE0120FCF7FFFA0D4B00
S21402B2B04FF4F0625A6403F100734FF400725A645A
S21402B2C0637C053B012B08D8074B04211B6E0193B8
S21402B2D001220DEB0100FBF7F1F802B010BD00BF32
S21402B2E09CA703000000084400600840012310B534
S21402B2F080F8C2302823C0F8A83004234374054BD4
S21402B300044619680CF011FA2046FFF7C1FF002028
S21402B31010BD00BF24C60300012310B580F8C2305A
S21402B3202823C0F8A83002234374054B0446196844
S21402B3300CF0FBF92046FFF7ABFF002010BD00BF64
S21402B34028C60300012910B5044604D9023901298A
S21402B35014D9032011E00B4B19680523012284F847
S21402B360C2204FF4BC72C4F8A820637420460CF0C6
S21402B370DCF92046FFF78CFF002010BD024B19684F
S21402B3800623EBE720C603001CC6030030B5134DA8
S21402B390134C07236B63134B69B1442140F0400002
S21402B3A0D9621863012363634FF4804392B1C4F8F1
S21402B3B0A0300A4A07E0D962094A19634FF480436B
S21402B3C06163C4F8A030C2F8A430C2F8A830C2F84C
S21402B3D0AC3030BDC5F8A030EBE700BF0000084433
S21402B3E0000008460000084010B50C4CD4F80032A5
S21402B3F003F00702022A0BD003F00303012B0AD143
S21402B40005F005FAD4F8183203F00303D84010BD4D
S21402B410E7F798FAF6E70020F4E700BF00400E4090
S21402B4202DE9F74FDFF8ECB08146DBF800A00F46B7
S21402B430FCF7CCF84FF0FF35CDE9000100202C4692
S21402B440064606F110031B015BF8033003F00308FF
S21402B450B8F1010F15D13046FCF7D0F802460B467C
S21402B460DDE90001FBF760FFDBF85C3006F108025D
S21402B470D340DB0737D5002F3ED000253E602C4652
S21402B48040460136052EDCD150B3224F396B0131CE
S21402B490A4FB014164190AF4403341F10001B3F5FB
S21402B4A0003F4FF000022FD1FB6A0AF4405A0133E4
S21402B4B042F10006BAF5805F21D1BD6A15F58075A6
S21402B4C042F100026E4303FB0266A5FB03323244DE
S21402B4D0594304FB0212A3FB04341444C9E90034A2
S21402B4E003B0BDE8F08FA84271EB0403C8D207B1DF
S21402B4F03E6005460C46C3E73D463C46C0E7320280
S21402B50042EA13621B02E3E7BB6A13F5807342F159
S21402B5100002DDE7005008402DE9F843264C274D8F
S21402B520DFF89C8004F0A0FE0023A76EA366D4F882
S21402B53000212A612A7B120442F00302C4F8002189
S21402B5406A7B0646501CC0B201218140C8F8101022
S21402B5504FF480716166D8F8041008320131A96090
S21402B56048F82210AA680132D8F80410E06D10F4E8
S21402B570807914D18A42F7D13BB1304604F078FE86
S21402B580C3221A214846FAF74BFB6A7BAB680C4982
S21402B59008320233AB6041F822300123E2E74FF46F
S21402B5A080736366074BA7660122C3F80021304604
S21402B5B0BDE8F84304F05CBE00500840502A002064
S21402B5C00040044000500844024B99685A690A40F9
S21402B5D01A6170470040044008B5FFF7F5FF054BB7
S21402B5E05B7B01330122DBB202FA03F3024A1361E8
S21402B5F008BD00BF502A0020004004400B2870B54A
S21402B60075D8012973D83B4D3B4B287369731B6869
S21402B61058002ED4394B3A4AD3F890400123A1055C
S21402B62013605ED422045ED414F080045DD140F22E
S21402B6301F121B212046FAF7F3FA304AD2F80032DC
S21402B64023F007032343C2F800322E4B0122C3F82D
S21402B6501022A3F5202303221A60294A07235361E6
S21402B66002F17C421361244B4FF08042C3F88021E2
S21402B6701A6001214FF48A40E5F7DAFA6B7B2A7BDF
S21402B68021490133143243F4801343F4805341F8C2
S21402B6902230FCF71FFA4608C407FFF7A5FE002370
S21402B6A002463146204600F00FFF090241EA1061C9
S21402B6B0C0F3C05040EA4100144B2860986A10F567
S21402B6C0807005D14FF4E1722B21FAF7A9FA022015
S21402B6D0024600230020012100F0F6FE68600020EA
S21402B6E070BD0224A9E70524A7E71C46A5E70120AA
S21402B6F0F6E700BF502A002000E100E000400E40BE
S21402B7000040044400400E4600600E4000500840D0
S21402B71028B1054B187B08705B7B137070470723B4
S21402B7200B700123F9E700BF502A002010B504F081
S21402B7309BFD0446FFF7F0FE054B02225A60054BBE
S21402B74001222046BDE810401A7004F091BD00BFE9
S21402B75000500840AF3100200C490B78A3B10C4BC7
S21402B7605A7B0123013293400A4A53610A4B4FF037
S21402B7708042C3F8802100230B70084BD3F80C01DB
S21402B780D3F8041100F0A8B8704700BFAF3100200C
S21402B790502A00200040044400E100E00050084027
S21402B7A010B50446FFF720FE604300F5F420034B75
S21402B7B000F59070B0FBF3F010BD00BF40420F00E2
S21402B7C02DE9F04F85B0FFF7EBFF044604F04CFD81
S21402B7D0DFF8FC90DFF8FC800021054602A889F815
S21402B7E00010FFF71DFE364BD8F804605B6813F0B6
S21402B7F0706F1ED1DFF8CCA0DAF80C7017F00607CF
S21402B80017D1E0B1FCF766F9611DA1FB00B1019109
S21402B810FFF7EAFD3B4602460199584600F054FE01
S21402B820DDE902B3090241EA106100025845994176
S21402B8300ED3284605B0BDE8F04F04F019BDFFF759
S21402B8406BFE204B02225A60012389F80030F0E793
S21402B8500193FFF761FEFFF7C7FD019B4FEA1B222C
S21402B86042EA0362A0FB02B21B0A00FB032101911B
S21402B870FCF730F9019902463B46584600F024FE92
S21402B88011494A7B9300013403F14023361B03F52A
S21402B890802306441E62561CF7B2012202FA07F7FC
S21402B8A0B2400A4EC8F810707261D8F804201B6ABB
S21402B8B0241AD31AA342C4D20B69CAF80031B8E7D5
S21402B8C00040084000500840502A0020004004462D
S21402B8D0AF310020004004402DE9F74F7B4C7C4AF4
S21402B8E0237B01911B0593607A4EDFF8FC814FF4AF
S21402B8F00033936002237360D8F8043005465F1E57
S21402B9004FF00009DB1B002B40F3B28009F101095E
S21402B910B9F1020F46D9DB220D210020FAF780F991
S21402B9206C4E6D4A4FF0807373662369C6F8003119
S21402B930237B1B0543F40033936004F095FCD6F892
S21402B94018C0D6F85CE000210B464FF4807801F16F
S21402B95010021201B25802F00302012A10D108FAAC
S21402B96001F212EA0E0F0BD106EB0117AC45D7F81F
S21402B9700C71C0F08480BD4202D2BC4580F0828049
S21402B98001310529E3D1554E316801297DD923B10C
S21402B990E28A1A43E2824F4A136603B0BDE8F04FCA
S21402B9A004F066BC04F060FC4FF08073009073668F
S21402B9B0637BD8F804700833013748F8237033687D
S21402B9C0D90352D5A36822680198FB1AA3FB02ACDE
S21402B9D0B36A03F5807E6368ACFB0321AAFB03B35C
S21402B9E09B1841F10001AEFB032BBAEB02020EFBE1
S21402B9F001BB6CEB0B0C120A42EA0C620244B2EB7D
S21402BA001E2F4FEA1E2C04D3013341F10001A2EB94
S21402BA100C02ACF1040C624528BF62463261627DBC
S21402BA20D6F818C0EB18D2B241F100016545D6F837
S21402BA3030C084BF02F1FF32D2B2BCF1FF3F0ED05B
S21402BA404FF0000A0CF1010E9C457AEB010B08D26E
S21402BA500132B3EB0E03D2B261F10001F4E70A44FD
S21402BA60D2B202F003026275B361009804F000FCE1
S21402BA70D8F80430F26DD2017FF544AF50E7BD42EC
S21402BA80BFF47BAF1A4393B27AE7154A1578142DA2
S21402BA9001BF0025134F15703D70157801351570DE
S21402BAA0002B3FF47AAFE58A1D43E582094C2366F4
S21402BAB00C4C23780133DBB2022B23707FF46DAF7C
S21402BAC00023013131601370237066E7502A00208C
S21402BAD0005008460050084000500844D429002070
S21402BAE0B1310020B03100200040044081F0004116
S21402BAF002E000BF83F0004330B54FEA41044FEA4C
S21402BB00430594EA050F08BF90EA020F1FBF54EAE6
S21402BB10000C55EA020C7FEA645C7FEA655C00F082
S21402BB20E2804FEA5454D4EB5555B8BF6D420CDD53
S21402BB302C4480EA020281EA030382EA000083EAD6
S21402BB40010180EA020281EA0303362D88BF30BD76
S21402BB5011F0004F4FEA01314FF4801C4CEA1131CC
S21402BB6002D0404261EB410113F0004F4FEA03332B
S21402BB704CEA133302D0524263EB430394EA050FB6
S21402BB8000F0A780A4F10104D5F1200E0DDB02FA25
S21402BB900EFC22FA05F2801841F1000103FA0EF2B9
S21402BBA0801843FA05F359410EE0A5F120050EF17F
S21402BBB0200E012A03FA0EFC28BF4CF0020C43FAB0
S21402BBC005F3C01851EBE37101F0004507D54FF0BD
S21402BBD0000EDCF1000C7EEB00006EEB0101B1F50D
S21402BBE0801F1BD3B1F5001F0CD349085FEA300053
S21402BBF04FEA3C0C04F101044FEA445212F5800F5E
S21402BC0080F09A80BCF1004F08BF5FEA500C50F1FA
S21402BC10000041EB045141EA050130BD5FEA4C0CDD
S21402BC20404141EB0101013C28BFB1F5801FE9D23A
S21402BC3091F0000F04BF01460020B1FA81F308BF5D
S21402BC402033A3F10B03B3F120020CDA0C3208DD29
S21402BC5002F1140CC2F10C0201FA0CF021FA02F104
S21402BC600CE002F11402D8BFC2F1200C01FA02F174
S21402BC7020FA0CFCDCBF41EA0C019040E41AA2BF99
S21402BC8001EB0451294330BD6FEA04041F3C1CDA61
S21402BC900C340EDC04F11404C4F1200220FA04F081
S21402BCA001FA02F340EA030021FA04F345EA03012B
S21402BCB030BDC4F10C04C4F1200220FA02F001FAED
S21402BCC004F340EA0300294630BD21FA04F029466F
S21402BCD030BD94F0000F83F4801306BF81F4801108
S21402BCE00134013D4EE77FEA645C18BF7FEA655C7B
S21402BCF029D094EA050F08BF90EA020F05D054EA4D
S21402BD00000C04BF1946104630BD91EA030F1EBF51
S21402BD100021002030BD5FEA545C05D14000494155
S21402BD2028BF41F0004130BD14F580043CBF01F548
S21402BD30801130BD01F0004545F0FE4141F470012E
S21402BD404FF0000030BD7FEA645C1ABF1946104609
S21402BD507FEA655C1CBF0B46024650EA013406BF0A
S21402BD6052EA033591EA030F41F4002130BD00BFC9
S21402BD7090F0000F04BF0021704730B54FF4806486
S21402BD8004F132044FF000054FF0000150E700BF07
S21402BD9090F0000F04BF0021704730B54FF4806466
S21402BDA004F1320410F0004548BF40424FF0000153
S21402BDB03EE700BF42004FEAE2014FEA31014FEA96
S21402BDC002701FBF12F07F4393F07F4F81F06051E5
S21402BDD0704732F07F4208BF704793F07F4F04BF30
S21402BDE041F40021704730B54FF4607401F000450D
S21402BDF021F000411CE700BF50EA010208BF70476D
S21402BE0030B54FF000050AE050EA010208BF70475D
S21402BE1030B511F0004502D5404261EB41014FF4C6
S21402BE20806404F132045FEA915C3FF4D8AE4FF0CE
S21402BE3003025FEADC0C18BF03325FEADC0C18BFB1
S21402BE40033202EBDC02C2F1200300FA03FC20FA02
S21402BE5002F001FA03FE40EA0E0021FA02F114444F
S21402BE60BDE600BF70B54FF0FF0C4CF4E06C1CEA68
S21402BE7011541DBF1CEA135594EA0C0F95EA0C0FD9
S21402BE8000F0DEF82C4481EA030621EA4C5123EA4C
S21402BE904C5350EA013518BF52EA033541F480117B
S21402BEA043F4801338D0A0FB02CE4FF00005E1FB2E
S21402BEB002E506F00042E0FB03E54FF00006E1FB78
S21402BEC003569CF0000F18BF4EF0010EA4F1FF04BB
S21402BED0B6F5007F64F5407404D25FEA4E0E6D41FB
S21402BEE046EB060642EAC62141EA55514FEAC5200C
S21402BEF040EA5E504FEACE2EB4F1FD0C88BFBCF588
S21402BF00E06F1ED8BEF1004F08BF5FEA500E50F138
S21402BF10000041EB045170BD06F0004646EA0101FE
S21402BF2040EA020081EA0301B4EB5C04C2BFD4EB30
S21402BF300C0541EA045170BD41F480114FF0000E29
S21402BF40013C00F3AB8014F1360FDEBF002001F097
S21402BF50004170BDC4F10004203C35DA0C341BDC11
S21402BF6004F11404C4F1200500FA05F320FA04F0E3
S21402BF7001FA05F240EA020001F0004221F0004117
S21402BF8010EBD37021FA04F642EB06015EEA430E8A
S21402BF9008BF20EAD37070BDC4F10C04C4F12005BA
S21402BFA000FA04F320FA05F001FA04F240EA02006D
S21402BFB001F0004110EBD37041F100015EEA430E3E
S21402BFC008BF20EAD37070BDC4F1200500FA05F25E
S21402BFD04EEA020E20FA04F301FA05F243EA0203DD
S21402BFE021FA04F001F0004121FA04F220EA0200EC
S21402BFF000EBD3705EEA430E08BF20EAD37070BD32
S21402C00094F0000F0FD101F00046400041EB010111
S21402C01011F4801F08BF013CF7D041EA060195F0F3
S21402C020000F18BF704703F00046520043EB0303AD
S21402C03013F4801F08BF013DF7D043EA060370479A
S21402C04094EA0C0F0CEA135518BF95EA0C0F0CD0A5
S21402C05050EA410618BF52EA4306D1D181EA0301EB
S21402C06001F000414FF0000070BD50EA410606BFE5
S21402C0701046194652EA430619D094EA0C0F02D12A
S21402C08050EA013613D195EA0C0F05D152EA03366F
S21402C0901CBF104619460AD181EA030101F000418D
S21402C0A041F0FE4141F470014FF0000070BD41F0D6
S21402C0B0FE4141F4780170BD70B54FF0FF0C4CF4B0
S21402C0C0E06C1CEA11541DBF1CEA135594EA0C0FCF
S21402C0D095EA0C0F00F0A7F8A4EB050481EA030E1C
S21402C0E052EA03354FEA013100F088804FEA033303
S21402C0F04FF0805545EA131343EA12634FEA0222D1
S21402C10045EA111545EA10654FEA00260EF0004191
S21402C1109D4208BF964244F1FD0404F5407402D2E3
S21402C1205B084FEA3202B61A65EB03055B084FEA74
S21402C13032024FF480104FF4002CB6EB020E75EB71
S21402C140030E22BFB61A754640EA0C005B084FEA99
S21402C1503202B6EB020E75EB030E22BFB61A754616
S21402C16040EA5C005B084FEA3202B6EB020E75EB61
S21402C170030E22BFB61A754640EA9C005B084FEAD9
S21402C1803202B6EB020E75EB030E22BFB61A7546E6
S21402C19040EADC0055EA060E18D04FEA051545EAD5
S21402C1A016754FEA06164FEAC30343EA52734FEA7E
S21402C1B0C2025FEA1C1CC0D111F4801F0BD141EAF7
S21402C1C000014FF000004FF0004CB6E711F4801F5C
S21402C1D004BF01430020B4F1FD0C88BFBCF5E06F3C
S21402C1E03FF6AFAEB5EB030C04BFB6EB020C5FEA4C
S21402C1F0500C50F1000041EB045170BD0EF0004EA1
S21402C2004EEA113114EB5C04C2BFD4EB0C0541EAD2
S21402C210045170BD41F480114FF0000E013C90E6CF
S21402C22045EA060E8DE60CEA135594EA0C0F08BF93
S21402C23095EA0C0F3FF43BAF94EA0C0F0AD150EA92
S21402C24001347FF434AF95EA0C0F7FF425AF104625
S21402C25019462CE795EA0C0F06D152EA03353FF44D
S21402C260FDAE1046194622E750EA410618BF52EACA
S21402C27043067FF4C5AE50EA41047FF40DAF52EA9E
S21402C28043057FF4EBAE12E74FF0FF3C06E000BF3B
S21402C2904FF0010C02E000BF4FF0010C4DF804CD48
S21402C2A04FEA410C7FEA6C5C4FEA430C18BF7FEA08
S21402C2B06C5C1BD001B050EA410C0CBF52EA430C36
S21402C2C091EA030F02BF90EA020F0020704710F1B6
S21402C2D0000F91EA030F58BF994208BF90422CBF45
S21402C2E0D8176FEAE37040F0010070474FEA410C3E
S21402C2F07FEA6C5C02D150EA013C07D14FEA430C5C
S21402C3007FEA6C5CD6D152EA033CD3D05DF8040BCC
S21402C310704700BF8446104662468C4619466346FE
S21402C32000E000BF01B5FFF7B7FF002848BF10F1D5
S21402C330000F01BD4DF808EDFFF7F4FF0CBF01201A
S21402C34000205DF808FB00BF4DF808EDFFF7EAFF96
S21402C35034BF012000205DF808FB00BF4DF808ED51
S21402C360FFF7E0FF94BF012000205DF808FB00BF46
S21402C3704DF808EDFFF7CEFF94BF012000205DF8D0
S21402C38008FB00BF4DF808EDFFF7C4FF34BF0120DD
S21402C39000205DF808FB00BF4FEA410212F50012CA
S21402C3A015D211D56FF47873B3EB625212D94FEAF5
S21402C3B0C12343F0004343EA505311F0004F23FADF
S21402C3C002F018BF404270474FF00000704750EA34
S21402C3D0013005D111F0004008BF6FF000407047F1
S21402C3E04FF00000704700BF4A0011D212F500124B
S21402C3F011D20DD56FF47873B3EB62520ED44FEAB6
S21402C400C12343F0004343EA505323FA02F0704735
S21402C4104FF00000704750EA013002D14FF0FF3073
S21402C42070474FF0000070474FEA4102B2F1E04316
S21402C43024BFB3F5001CDCF1FE5C0DD901F0004C04
S21402C4404FEAC0024CEA5070B2F1004F40EB830054
S21402C45008BF20F00100704711F0804F21D113F180
S21402C4603872BCBF01F00040704741F480114FEAB9
S21402C4705252C2F11802C2F1200C10FA0CF320FA42
S21402C48002F018BF40F001004FEAC1234FEAD3235F
S21402C49003FA0CFC40EA0C0023FA02F34FEA4303C9
S21402C4A0CCE77FEA625307D150EA01331EBF4FF052
S21402C4B0FE4040F44000704701F0004040F0FE406D
S21402C4C040F40000704700BF53B94AB9002908BFBC
S21402C4D000281CBF4FF0FF314FF0FF3000F06AB962
S21402C4E0ADF1080C6DE904CE00F006F8DDF804E0C4
S21402C4F0DDE9022304B070472DE9F047089D0C469B
S21402C500002B4ED194468C458646B2FA82F262D908
S21402C5104AB1C2F12003914020FA03F30CFA02FC5E
S21402C520194300FA02FE4FEA1C471FFA8CF6B1FBCB
S21402C530F7F44FEA1E4307FB141143EA014304FBD8
S21402C54006F199420AD91CEB030304F1FF3080F08E
S21402C5501381994240F21081023C6344591A1FFA31
S21402C5608EF3B1FBF7F007FB101143EA014300FB21
S21402C57006F69E420AD91CEB030300F1FF3180F057
S21402C580FD809E4240F2FA80634402389B1B40EADA
S21402C590044000211DB1D3400022C5E90032BDE8A7
S21402C5A0F0878B4205D90DB1C5E900010021084686
S21402C5B0F5E7B3FA83F1002946D1A34202D39042AB
S21402C5C0C0F0F180861A64EB03030120002DE6D04A
S21402C5D0C5E90063E3E7002A40F09180A1EB0C0472
S21402C5E04FEA1C481FFA8CF70121B4FBF8F64FEA13
S21402C5F01E4308FB164443EA044307FB06F0984230
S21402C60008D91CEB030306F1FF3402D2984200F26B
S21402C610CE8026461C1A1FFA8EF3B4FBF8F008FBEF
S21402C620104443EA044300FB07F79F4208D91CEB79
S21402C630030300F1FF3402D29F4200F2B18020468B
S21402C640DB1B40EA0640A5E7C1F120068B4022FA32
S21402C65006F71F4320FA06FC04FA01F343EA0C032A
S21402C660F44000FA01F8380C4FEA1349B4FBF0FE26
S21402C6701FFA87FC00FB1E4449EA04440EFB0CF931
S21402C680A14502FA01F20AD93C190EF1FF3A80F0EE
S21402C6908580A14540F28280AEF1020E3C44A4EBB6
S21402C6A009041FFA83F9B4FBF0F300FB134449EACA
S21402C6B0044403FB0CFCA44507D93C1903F1FF30E4
S21402C6C068D2A44566D9023B3C4443EA0E40A0FB2E
S21402C6D00293A4EB0C049C42CE469C4652D34FD007
S21402C6E055B1B8EB0E0364EB0C0404FA06F6CB4025
S21402C6F0CC401E43C5E900640021BDE8F087C2F1C4
S21402C700200320FA03F10CFA02FC24FA03F3944005
S21402C7100C434FEA1C4800FA02FE1FFA8CF7B3FBE2
S21402C720F8F008FB1031230C43EA014300FB07F143
S21402C730994208D91CEB030300F1FF362CD299422A
S21402C7402AD9023863445B1AA4B2B3FBF8F108FB99
S21402C750113344EA034401FB07F3A34208D91CEB56
S21402C760040401F1FF3613D2A34211D902396444FC
S21402C770E41A41EA004138E70446EFE6084605E7D0
S21402C780C845ADD2B9EB020E63EB070C0138A7E73A
S21402C7903146EDE7034698E73046D4E7D6467EE7CD
S21402C7A0634402384CE70646234608460EE7023E36
S21402C7B063442FE7704700BF024B0A4601461868DB
S21402C7C00BF090BD480D002008B5064B044613B189
S21402C7D00021AFF30080044B1B6803B19847204644
S21402C7E003F0F3F800000000D02B0020024B0146B5
S21402C7F0186800F02DB800BF480D0020024B014615
S21402C800186800F0A5BA00BF480D002070B50F4E9C
S21402C8100C463168054611B900F054FA30602146DC
S21402C820284600F04FFA431C03D14FF0FF3420464F
S21402C83070BDC41C24F00304A042F8D0211A284676
S21402C84000F040FA0130F2D1EFE700BF902A002054
S21402C8502DE9F041CD1C25F0030508350C2D38BF17
S21402C8600C25002D064601DBA94204D90C233360B1
S21402C8700020BDE8F081314F00F062F83B681C46AC
S21402C88044BB29463046FFF7C1FF431C044650D13D
S21402C8903C682146002941D1002C44D0236830460A
S21402C8A004EB030800F00EFA80453CD121686D1AAD
S21402C8B029463046FFF7AAFF013034D023682B44BE
S21402C8C023603B68002B36D05A68A24229D1002248
S21402C8D05A600EE02268521B1DD40B2A16D9611923
S21402C8E0A342256018BF5960636808BF3960625169
S21402C8F04B60304600F02AF804F10B00231D20F0AE
S21402C9000700C21AB5D01B1AA350B2E7A342626848
S21402C910DED13A60EDE723466468B1E70C46496823
S21402C920B8E71346CEE70C233360304600F00EF825
S21402C9309EE70560DDE75B60FFDE00BF942A00200D
S21402C94001480BF0B4BD00BFB231002001480BF025
S21402C950AFBD00BFB2310020002310B50446C0E9C7
S21402C9600033C0E90433836081814366C2818361F8
S21402C970194608225C300BF082FD0D4B63620D4BAC
S21402C980A3620D4BE3620D4B23630D4B24629C4264
S21402C99006D003F16802944202D0D0339C4205D1FD
S21402C9A004F15800BDE810400BF080BD10BD00BF7A
S21402C9B0A5830300C7830300FF83030023840300C9
S21402C9C0982A0020024A034903480BF0CDBC00BF58
S21402C9D03C0D0020D98703004C0D002041680C4B0B
S21402C9E0994210B5044601D00BF0F6FEA168094B39
S21402C9F0994202D020460BF0EFFEE168064B9942C0
S21402CA0004D02046BDE810400BF0E6BE10BD00BFC5
S21402CA10982A0020002B0020682B002010B50B4B14
S21402CA200B4C0C4A1A60204600220421FFF794FFA2
S21402CA3004F1680001220921FFF78EFF04F1D000FD
S21402CA400222BDE810401221FFF786BFD02B00203D
S21402CA50982A0020C5C9020001480BF028BD00BF75
S21402CA60B331002001480BF023BD00BFB3310020D4
S21402CA7010B50446FFF7F0FF236A1BB1BDE810406D
S21402CA80FFF7F0BF044B2362044B1B68002BF5D163
S21402CA90FFF7C4FFF2E700BFDDC90200D02B00207B
S21402CAA02DE9F7431D46574B1F6804460E4690462F
S21402CAB027B13B6A13B93846FFF7DAFFB8F1020F1F
S21402CAC006D0B8F1010F00F29A80002DC0F29780CE
S21402CAD0636ED90705D4A3899A0502D4A06D0BF01C
S21402CAE0E6FC214638460BF077FE616B41B104F155
S21402CAF04403994202D0384600F02AF900236363C1
S21402CB000023A3616360A3891B0603D52169384607
S21402CB1000F01EF9A38923F44A6323F00303B8F155
S21402CB20020FA38161D001AB6A46214638460BF05C
S21402CB307BFEA3891843A0812DBB009D2846FFF7E4
S21402CB4055FE0646002852D1DDF80090A94540D190
S21402CB504FF0FF35B4F90C3043F00202A2810022F6
S21402CB60A26004F147022260226101226261626EC3
S21402CB70D60704D4980502D4A06D0BF099FC28467B
S21402CB8003B0BDE8F083002ED8D03B6A13B938460E
S21402CB90FFF76EFFB8F1010F08BFA389266004BF36
S21402CBA043F00103A381B4F90C3013F00802C4E980
S21402CBB004651ED0D90741BF00226D42A260A5615E
S21402CBC058BFA560626ED20701D49B0513D5002517
S21402CBD0D5E74846FFF70AFE06460028B8D0A389DE
S21402CBE043F08003A3814D46CFE70025B2E7A9466E
S21402CBF0F5E7A260E6E7A06D0BF05AFCE7E74FF018
S21402CC00FF35BCE7480D00200EB400B59CB01DAB46
S21402CC10029006906FF00041094807910491094975
S21402CC2053F8042B05910068019302A900F0DAF884
S21402CC30029B00221A701CB05DF804EB03B070472A
S21402CC40480D00200802FFFF0B460349024608680B
S21402CC50816800F0C3B900BF480D002038B5064D04
S21402CC600023044608462B6002F0ADFE431C02D1A8
S21402CC702B6803B1236038BDD42B002038B5074D8E
S21402CC8004460846114600222A601A4602F0A5FE0D
S21402CC90431C02D12B6803B1236038BDD42B00207D
S21402CCA038B5074D04460846114600222A601A4641
S21402CCB002F095FE431C02D12B6803B1236038BDF7
S21402CCC0D42B002038B5064D0023044608462B60B8
S21402CCD0E5F76EFD431C02D12B6803B1236038BD15
S21402CCE0D42B002038B5074D0446084611460022CC
S21402CCF02A601A4602F081FE431C02D12B6803B159
S21402CD00236038BDD42B002070B50D4D0D4C641B2E
S21402CD10A4100026A64209D10B4D0C4C0CF050FB79
S21402CD20641BA4100026A64205D170BD55F8043B2C
S21402CD3098470136EEE755F8043B98470136F2E786
S21402CD404010002040100020401000204410002018
S21402CD5038B50546002941D051F8043C0C1F002B7B
S21402CD60B8BFE418FFF7ECFD1D4A136833B96360D9
S21402CD7014602846BDE83840FFF7E8BDA34208D94C
S21402CD80206821188B4201BF19685B680918216068
S21402CD90EDE71A465B680BB1A342FAD91168501840
S21402CDA0A0420BD120680144501883421160E0D1A2
S21402CDB018685B68536008441060DAE702D90C23EF
S21402CDC02B60D6E7206821188B4204BF19685B687F
S21402CDD0636004BF091821605460CAE738BD00BF0B
S21402CDE0942A00202DE9F04F98468B891B069DB0A9
S21402CDF007460D46144610D50B6973B94021FFF756
S21402CE0027FD2860286130B90C233B604FF0FF30C5
S21402CE101DB0BDE8F08F40236B61002309932023E9
S21402CE208DF82930CDF80C803023DFF89C818DF800
S21402CE302A304FF0010923469A4613F8012B0AB10D
S21402CE40252AF9D1BAEB040B0BD05B4622462946BB
S21402CE5038460BF04CFB013000F0A780099A5A4482
S21402CE6009929AF80030002B00F09F8000234FF0C2
S21402CE70FF32CDE905230AF1010A049307938DF8E0
S21402CE8053301A935446052214F8011B4E48DFF716
S21402CE9037FD049AD8B9D00644BF20238DF8533004
S21402CEA0110744BF2B238DF853309AF800302A2BF3
S21402CEB015D0079A544600204FF00A0C214611F866
S21402CEC0013B303B092B4BD9B0B1079214E0A0EBE3
S21402CED0080309FA03F313430493A246D2E7039B1B
S21402CEE0191D1B680391002BBBBF5B4242F0020276
S21402CEF007930793B8BF049223782E2B0AD1637840
S21402CF002A2B32D1039B1A1D1B68039243EAE37352
S21402CF1002340593DFF8C0A0217803225046DFF7DB
S21402CF20EFFC38B1049BA0EB0A0040228240134378
S21402CF300134049314F8011B24488DF828100622A5
S21402CF40DFF7DEFC002836D0214B1BBB039B0733E2
S21402CF5023F0070308330393099B334409936AE7D4
S21402CF600CFB02320C460120A8E70023013405938D
S21402CF7019464FF00A0C204610F8012B303A092ABF
S21402CF8003D9002BC6D00591C4E70CFB0121044649
S21402CF900123F0E703AB00932A460E4B04A938465A
S21402CFA0AFF30080421C0646D6D1AB895B063FF53E
S21402CFB02DAF09982CE703AB00932A46054B04A92C
S21402CFC0384600F023F9EDE72CC6030036C6030008
S21402CFD000000000EF84030032C603002DE9F04F84
S21402CFE00D469DB014469846064618B1036A0BB91C
S21402CFF0FFF73EFD6B6ED90705D4AB899A0502D4BE
S21402D000A86D0BF054FAAB891B0701D52B699BB9A7
S21402D0102946304600F026FA70B16B6EDC0704D55E
S21402D0204FF0FF301DB0BDE8F08FAB899805F7D4FE
S21402D030A86D0BF03DFAF3E70023099320238DF841
S21402D0402930CDF80C803023DFF8AC818DF82A30F9
S21402D0504FF0010923469A4613F8012B0AB1252AF6
S21402D060F9D1BAEB040B0BD05B4622462946304672
S21402D0700BF0AFFA013000F0A780099A5A440992E1
S21402D0809AF80030002B00F09F8000234FF0FF320A
S21402D090CDE905230AF1010A049307938DF853306C
S21402D0A01A935446052214F8011B5348DFF728FC4E
S21402D0B0049AD8B9D10644BF20238DF853301307FB
S21402D0C044BF2B238DF853309AF800302A2B15D004
S21402D0D0079A544600204FF00A0C214611F8013BED
S21402D0E0303B092B4BD9B0B1079214E0A0EB0803F2
S21402D0F009FA03F313430493A246D2E7039B191DCE
S21402D1001B680391002BBBBF5B4242F002020793EF
S21402D1100793B8BF049223782E2B0AD163782A2B62
S21402D12032D1039B1A1D1B68039243EAE37302344F
S21402D1300593DFF8D4A0217803225046DFF7E0FB00
S21402D14038B1049BA0EB0A0040228240134301340C
S21402D150049314F8011B29488DF828100622DFF7DD
S21402D160CFFB00283FD0264B1BBB039B073323F085
S21402D170070308330393099B3B4409936AE70CFBB6
S21402D18002320C460120A8E7002301340593194613
S21402D1904FF00A0C204610F8012B303A092A03D920
S21402D1A0002BC6D00591C4E70CFB012104460123DF
S21402D1B0F0E703AB00932A46124B04A93046AFF3BE
S21402D1C000800746781CD6D16B6ED90705D4AB898A
S21402D1D09A0502D4A86D0BF06BF9AB895B063FF596
S21402D1E01FAF09981EE703AB00932A46054B04A916
S21402D1F0304600F00BF8E4E72CC6030036C6030000
S21402D20000000000D385030032C603002DE9FF4765
S21402D2100F7E0C9E782F914680460C469A4601F168
S21402D220430207D8622F0AD8002F00F0DD80582F5D
S21402D23000F0C38004F1420684F842703AE0A7F197
S21402D2406303152BF6D801A151F823F0A5D20200EC
S21402D250B9D2020035D2020035D2020035D202001F
S21402D26035D20200B9D2020035D2020035D202000F
S21402D27035D2020035D20200CFD3020047D30200D5
S21402D28087D3020035D2020035D20200F1D3020063
S21402D29035D2020047D3020035D2020035D2020050
S21402D2A08FD3020033681A1D1B68326004F14206EF
S21402D2B084F842300123A8E031682368081D3060F4
S21402D2C01E0601D50D6803E05D06FBD5B1F90050D8
S21402D2D06168002D78DA2D20002984F84300A160C9
S21402D2E02DDA5E486D420A231646B5FBF3F103FBC0
S21402D2F01157C75D06F8017D2F46BB420D46F4D98D
S21402D300082B0BD12368DF0708D523696168994289
S21402D310DEBF302306F8013C06F1FF36921B22617F
S21402D320CDF800A04B4603AA214640460BF063F90F
S21402D33001306FD14FF0FF3004B0BDE8F08723F024
S21402D34004032360CDE721683368080653F8045BBC
S21402D35002D4490648BFADB26F2F4048336014BFAF
S21402D3600A230823002184F843106668A660002E6C
S21402D370BADB216821F004012160002DB4D1002E11
S21402D380B2D11646BCE7236843F020032360344834
S21402D390782784F84570236831681F0651F8045BC5
S21402D3A002D45F0648BFADB23160D90744BF43F02E
S21402D3B0200323601DB11023D4E72848E9E7236839
S21402D3C023F020032360F6E724480A23CDE73368D8
S21402D3D025686169181D30602E061B6801D5196024
S21402D3E002E06806FBD5198000232361164697E7FC
S21402D3F033681A1D32601E68626800213046DFF705
S21402D4007FFA08B1801B606063682361002384F89A
S21402D410433085E72369324649464046D0470130C5
S21402D42088D023689B0714D4E068039B9842B8BF51
S21402D430184681E70123324649464046D047013026
S21402D4403FF478AF0135E36803995B1AAB42F1DC2F
S21402D450EAE7002504F11906F5E700BF3DC603001A
S21402D4604EC6030038B5294B054618680C4618B157
S21402D470036A0BB9FFF7FCFAB4F90C30190722D489
S21402D480DA0607D409222A6043F04003A3814FF04C
S21402D490FF3033E0580712D5616B41B104F1440303
S21402D4A0994202D02846FFF753FC00236363A38900
S21402D4B023F02403A3810023636023692360A389E6
S21402D4C043F00803A38123694BB9A38903F42073AD
S21402D4D0B3F5007F03D0214628460BF0CBF9B4F90A
S21402D4E00C3013F001020AD00022A2606269524296
S21402D4F0A261226942B913F08000C5D138BD9907EE
S21402D50058BF6269A260F4E70020F7E7480D0020E2
S21402D51038B5074D00230446084611462B6002F034
S21402D52055FA431C02D12B6803B1236038BD00BFF5
S21402D530D42B002038B5064D0023044608462B603F
S21402D54002F049FA431C02D12B6803B1236038BDAE
S21402D550D42B0020C0F3C7537F3B162B07EE900A4E
S21402D56020F000412FDC002B16DB1C491941084233
S21402D57026D09FED1B7A37EE877AB5EEC07AF1EEAB
S21402D58010FA1DDD002804DD4FF4000242FA03F310
S21402D590184420EA010070479FED117A37EE877A29
S21402D5A0B5EEC07AF1EE10FA0ADD002813DBB7EE0C
S21402D5B0007A002914BF17EE100A17EE900A704779
S21402D5C017EE900A7047B1F1FF4FF9D377EEA77ABC
S21402D5D017EE900A70474FF000407047FFFF7F003B
S21402D5E0CAF24971094A5168C84390FAA0F048B194
S21402D5F0B0FA80F0042805DC012383400B43536015
S21402D60040B270474FF0FF30704700BF002C00203A
S21402D610034B044800212822C3E900110AF02FBF59
S21402D620002C0020D82B002038B50546FFF7DAFF7D
S21402D63004460448294600EBC4000BF0ECF92046E9
S21402D64038BD00BFD82B0020C3B2042B10B515D8A6
S21402D6500B4A042303EBC003134453E8002F0A4388
S21402D66043E80024002CF8D101220649824051E802
S21402D670003F134341E800300028F8D110BD00BF38
S21402D680D82B0020002C0020F7B51A4A1A491B4D49
S21402D690012608274FF0040C106800B30B7806FA30
S21402D6A003F420421DD0E04352E8004F044042E813
S21402D6B0004EBEF1000FF7D117FB03C32B4453E80D
S21402D6C0000F43E800E4002CF9D1019048B1087835
S21402D6D00B4901AA05EBC0000BF0D9F9012003B0F3
S21402D6E0F0BD0B78506883423ABF0133DBB20023A9
S21402D6F00B70D1E7002C0020B4310020D82B00207C
S21402D70078563412024B1868003818BF012070474A
S21402D710002C002010B5044602F0ADFD074B1B6836
S21402D7204BB1DB681B1B002BCCBF0024012402F08C
S21402D730A8FD204610BD1C46F9E700BF182C0020A5
S21402D74038B5054602F097FD094B1A684FF0FF34CC
S21402D7501AB902F096FD204638BDD2E903310B44D1
S21402D7605B1B23F000439C42526828BF1C46EFE72F
S21402D770182C00202DE9F84F0C9F9DF82CA00E4681
S21402D78015469946804608B103687BB937B12946E3
S21402D7903046B84740F20340BDE8F88F002DF9D076
S21402D7A0002EF7DB284600F009FCF3E702F063FDE3
S21402D7B08346504600F0F0F90446584602F061FDF2
S21402D7C08CB947B129463046B8470320314600F0A7
S21402D7D0BBFB1A20E0E7002DF7D0002EF5DB28462B
S21402D7E000F0ECFBF1E7C4F80080DFF878800A9BD3
S21402D7F065610025C4E90797A660236184F818A02E
S21402D800D8F800306560984709EB000602F033FD51
S21402D81007461248E6600268114631B1CB689B1B88
S21402D820002B13DBCB689E4210D09DB90C4B626076
S21402D83004601C682CB1D8F800309847FFF780FFC8
S21402D840A047384602F01DFD0020A5E74B680D46AE
S21402D8501946E2E76B6863606C60F2E7182C0020FA
S21402D860082C0020102C00202DE9F74FDFF884B09A
S21402D87081460D4692461E4602F0FDFCDBF800404D
S21402D88001904FF000082CB9019803B0BDE8F04FA4
S21402D89002F0F7BC23684B451CD12DB1A3682A6859
S21402D8A023F00043934215D17EB96368B8F1000FA6
S21402D8B013D1CBF800300D4B1F6887B10C4A1268A3
S21402D8C09047FFF73DFFB84709E060695146B04709
S21402D8D00028EAD0A0466468D5E7C8F8043067682E
S21402D8E020460BF054F83C46CDE700BF082C00203B
S21402D8F0102C0020182C0020014B1860704700BF27
S21402D900082C002070B50B4B04460E4615461978B7
S21402D910094A0A480BF0D0FC094A00231360094A58
S21402D9201660094A2421156007202246BDE8704089
S21402D93000F0B4B8CD31002069C60300B53100202E
S21402D940182C0020102C00200C2C00207FB504463A
S21402D9501846002303930A4B1B680D46164613B956
S21402D960212004B070BD03A998470028F8D1009082
S21402D970039B3246294620460BF03CF8F1E700BFEF
S21402D9800C2C0020F8B5054610200F46164600F06F
S21402D990F7FA0A4B0446187818B1102221460BF003
S21402D9A08EFC44B10123E3602B682360C4E9017650
S21402D9B000202C60F8BD1A20FCE700BFB53100201D
S21402D9C02DE9F843264FDFF8A880264D38603868E0
S21402D9D0FFF7A0FE30B9244B1B689847BDE8F84312
S21402D9E0FFF7AEBE02F047FCD8F800400646ECB1A0
S21402D9F06368C8F800301D4BD3F80090B9F1000FE9
S21402DA000CD102F03EFCA3682C6033F0004311D127
S21402DA1028680AF0BCFF00232B60D8E7124B1B686D
S21402DA209847FFF78DFEC8473046EAE702F029FC22
S21402DA302C60CCE72368002BEAD018680028E7D0D1
S21402DA40A26832F00043E3D0D0E900696369216836
S21402DA508068C8470028DBD1002ED9D03046EFE7D1
S21402DA601C2C0020142C0020102C0020082C002037
S21402DA70182C002038B504460D4602F0FCFB064B77
S21402DA801B683BB1DA6922601B692B60BDE838402F
S21402DA9002F0F7BB2360F8E7142C00202DE9F74FBD
S21402DAA0DFF88C90DFF88CB009EB001503314FEAF3
S21402DAB0001A4FF6FC770F400024DBF800306A802D
S21402DAC029F80A708046EC6002FB07F01646984773
S21402DAD017FB06F292B2034668602A8108B30092E8
S21402DAE01148124A9BF8041052F8282040440BF0C2
S21402DAF0E4FB21462A8968680AF0C1FC21462346CF
S21402DB009E4206DCD1440020A9F8026003B0BDE8BC
S21402DB10F08F6A68E86850505418EC600133394454
S21402DB20EEE71A20F2E700BFB631002068C703000E
S21402DB3010250020202C002070B50B4E06EB001599
S21402DB400446696839B1094B2A89185C0BF0B6FBA2
S21402DB50686800F033FA06EB04101022BDE8704045
S21402DB6000210AF08CBC00BF10250020B631002030
S21402DB70044B19601A7198600201002102480AF0EB
S21402DB807EBC00BF202C002010250020014B185C14
S21402DB90704700BFB631002070B50A4C04EB001384
S21402DBA00601DD68084B185C18B1A25B29460BF02B
S21402DBB086FB2DB134442B68E3606388013B6380A7
S21402DBC0284670BD10250020B6310020024B03EB1C
S21402DBD000139878704700BF10250020094B03EB0E
S21402DBE0001310B45A88DC680C600132D9605A807F
S21402DBF0054B185C18B15DF8044B0BF061BB5DF881
S21402DC00044B704710250020B6310020044A01015B
S21402DC1002EB0013505A10B11B89B3FBF0F07047A9
S21402DC201025002038B5164B164D00241C70164BD6
S21402DC302C601C60154B6C6020461C70AC60FFF7B5
S21402DC40E5FF80B2A0F10E036B80A0F11403013051
S21402DC5068812046EB80FFF799FF0D4D0D4A04467A
S21402DC60014628460BF028FB2146681E0A4A0BF09E
S21402DC7023FB2146681C094ABDE838400BF01CBB52
S21402DC80CB310020522F0020442C0020CA31002025
S21402DC90C8310020ACC70300B5C70300BFC70300E6
S21402DCA070B5044680B302F0E6FA63796FF3820336
S21402DCB06371237913F01006054605D010232371ED
S21402DCC0BDE8704002F0DDBA03F003030F4931F8F5
S21402DCD02320013A21F8232030462146FFF77EFF13
S21402DCE00B4B0C4E1C681CB90A4B28461C70E7E707
S21402DCF0237A1BB933781BB92468F4E7012BFBD1CE
S21402DD00636820469847F7E770BD00BF522F002091
S21402DD10442C0020CB31002010B5044602F0ABFAAA
S21402DD20034B1A6822601C60BDE8104002F0A9BAD4
S21402DD30442C002010B5064B1A78541C1C70054B58
S21402DD4000F0E00003F8320003EBC203596010BD96
S21402DD50CA3100202C2C00202DE9F04F460704463D
S21402DD6089B048BF00F0F704634F049204F003063C
S21402DD70029102F080FA07EB860337F826205B88CA
S21402DD809A4204F0EF0A81464FEA860831D2002012
S21402DD90FFF702FF054640B337F826304846013300
S21402DDA027F8263002F06DFA28460BF0F4F8029BAC
S21402DDB0029AAB71049B85F804A01344EB7102F03F
S21402DDC05AFA4E4B1C680746002C40F08C803846A8
S21402DDD002F057FA4A4B985D18B1452229460BF0D5
S21402DDE06EFA284609B0BDE8F08F464B01221A703B
S21402DDF0484602F046FA25071DD51F2C1BD904F00B
S21402DE00E003039302F037FA07EB080337F826809D
S21402DE105B88DFF8F89098452CBF00230123019316
S21402DE2002F02FFA07EB86034FF0000B0593364BF2
S21402DE301B789B4508D384F004005146C0F380004B
S21402DE4000F082F80025C5E799F80030039A1A42D6
S21402DE5004D0D9F80480D8F8003023B90BF1010BAE
S21402DE6009F10809E3E707935A79D00708D51A7922
S21402DE70510705D5019941B98AEA0202920704D0F0
S21402DE8098461B68002BEFD1E5E740460AF0E8FE0D
S21402DE900579079007A80AF0C5FE2946002000F07B
S21402DEA053F802F0E8F9059B37F826205B889A4279
S21402DEB034BF012300230546019309D20020FFF751
S21402DEC06BFE079058B137F82630013327F8263014
S21402DED0284602F0D6F9079D002DBCD064E7094B10
S21402DEE001221A70F4E7237A012B02D163682046D6
S21402DEF09847246868E700BF522F0020442C002071
S21402DF00C7310020CB310020CA3100202C2C002043
S21402DF10014B00221A607047482C002010B50446B8
S21402DF2002F0A9F9074A13682BB914602360BDE80A
S21402DF30104002F0A6B9A34202D01A461B68F3E7C5
S21402DF4010BD00BF482C0020064B70B51C68054665
S21402DF500E4604B970BD6368314628469847246861
S21402DF60F7E700BF482C0020024B034A1978034803
S21402DF700BF0A2B9CC310020CCC70300CD31002073
S21402DF8038B5C41C24F00304204601F0A8FB0A4B53
S21402DF900546187818B1224629460BF090F92DB995
S21402DFA021460220FFF7D0FF284638BD2246002130
S21402DFB028460AF064FAF7E7CD31002010B5044689
S21402DFC028B1054B187810B121460BF079F9204696
S21402DFD0BDE8104001F0A1BBCD31002038B50B4C96
S21402DFE00B4B206800251D7028B100F0FEFF20684C
S21402DFF0FFF7E4FF2560074C206830B101F060FAB5
S21402E0002068FFF7DBFF0023236038BD502C00207A
S21402E010CF3100204C2C00202DE9F341224F3B78D3
S21402E020002B3FD1214B224E1978224A224C3046F1
S21402E0300BF042F901F08DFB0546FFF7A1FF014602
S21402E0402060307810B12A460BF039F9236883B184
S21402E05001F081FB8046FFF793FF184D01462860CA
S21402E060307810B142460BF02AF92B682BB9FFF72D
S21402E070B5FF1A2002B0BDE8F081206800F0A4FFC8
S21402E0802868E0F78DFA002300932A680C49206876
S21402E09000F0BFFF20B1FFF7A1FF40F20740E9E71B
S21402E0A001233B700020E5E7CF310020CD31002070
S21402E0B0CE310020D6C70300502C00204C2C002066
S21402E0C00BF5020038B50C4B1B7804460D465BB1C7
S21402E0D00A4B22461868294601F03AF8002840F210
S21402E0E0074008BF002038BD05490648FFF794FFE1
S21402E0F00028EDD0F7E700BFCF310020502C0020DB
S21402E100EFBEADDEBEBAFECA0369C26893429CBFCA
S21402E11081685B18013B981A70472DE9F041D0E9F7
S21402E12002840546A8EB04064068964220440F4641
S21402E130144404D90AF0BDF9EC60BDE8F081324619
S21402E140A4EB08040AF0B5F968682246B919F1E7A3
S21402E1502DE9F843C5680646894617464FF000087B
S21402E1603369B46870689D4228BF1B19641BBC42A1
S21402E17003F1FF3328BF3C465B1B9C4228BF1C466C
S21402E1804946284422460AF094F9B3682544AB422D
S21402E19008BF00253F1BA044A144F560E0D14046DD
S21402E1A0BDE8F88310B50B46EFF311844FF020015B
S21402E1B081F311881946DFF783FA84F3118810BDBC
S21402E1C000220123C0E90023704710B5044648B177
S21402E1D0006818B1E188890001F051FA0022012393
S21402E1E0C4E9002310BD42F21073994270B504468A
S21402E1F00D4602D96FF00F0070BDC3888B4201D363
S21402E2000020F9E70421284601F077FA064600289E
S21402E210F0D0216841B1E28892000AF04AF9E1881A
S21402E2202068890001F02BFAE5802660E8E738B519
S21402E23004460D4619B9FFF7C8FF002038BDC2884C
S21402E2408A4207D10068920000210AF018F90123D9
S21402E250A380F2E7FFF7B9FF29462046BDE838401B
S21402E260FFF7C1BF884270B505460E4609D0C98879
S21402E270C28841B92AB101238380920000680AF05D
S21402E280FEF8002070BD4C1E8CB90134B6F904307D
S21402E290AB80A24212D221462846FFF7A4FF0028EE
S21402E2A0F0D131682868A2000AF003F9E9E733687A
S21402E2B053F82430002BE8D1013CE5E72868121B0E
S21402E2C09200002100EB84000AF0D9F8E9E770B565
S21402E2D00C4601210546FFF786FF064688B9EA88FE
S21402E2E00146920028680AF0CAF884EAE472A2EBB1
S21402E2F0E472E40FC4EBC4342B68640001341A6081
S21402E300AC80304670BDC388B1EB431F3FBF036885
S21402E3104A0901F01F0153F822003ABFC84000F034
S21402E320010000207047C188006800F0A9BA70B5E5
S21402E3300E4612F0030118BF012101EB92010546B9
S21402E3401446FFF774FF38B9E98828682346324630
S21402E350BDE8704000F0B6BA70BD13460A46C188E2
S21402E360006800F0D4BA38B504460D46FFF7DBFF66
S21402E370E3882844B0EB431F06D82068E1882A4683
S21402E38000F035FB002038BD10F01F0118BF012138
S21402E39001EB50112046FFF726FF0028EDD0F2E7EA
S21402E3A00A46C18808B511B1006800F0E2FA0020FA
S21402E3B008BD10B5C38823B9CA885AB9ABB10120C3
S21402E3C017E0026802EB830252F8042C002AF3D10B
S21402E3D0013BF0E70C6804EB820454F8044C0CB9D9
S21402E3E0013AEAE79342EAD80FD3013B5A1C01D11D
S21402E3F0002010BD026852F823400A6852F8232013
S21402E4009442DCD803F1FF33F0D24FF0FF30F0E74E
S21402E41030B5C38823B9CA885AB9002B3DD136E035
S21402E420026802EB830252F8042C002AF3D1013B65
S21402E430F0E70C6804EB820555F8045C4DBB013A24
S21402E440EAE7B1F9045003D2B1F90400404226E0EB
S21402E450B0F90420002A03DD002D0CDA01201EE0AC
S21402E460002D08DD3AB14FF0FF3018E003F1FF331C
S21402E4700BD2504213E0013B016851F8235054F886
S21402E48023108D42F2D9104609E0591CF4D100201F
S21402E49005E0002BD8D09342D3D9B0F9040030BDA2
S21402E4A01FB581EAE173A3EBE173C90FC1EBC1317A
S21402E4B04900019301310123ADF80C10ADF80E307E
S21402E4C002A901AB0293FFF7A3FF05B05DF804FBB8
S21402E4D090422DE9F04105460F46144602D0884286
S21402E4E006D127460123FC88AB803CB9002003E016
S21402E4F0FFF7B8FE0028F4D0BDE8F0813B6803EBD6
S21402E50084034FEA840853F8043C0BB9013CECE759
S21402E51021462846FFF767FE0028EDD12E683A68A6
S21402E52023463146304600F098FA06EB08030746C3
S21402E530002FDBD0EA88A24204F1010608D8314651
S21402E5402846FFF750FE0028D6D12B6803EB84033B
S21402E5501A68D21943F8042B2CBF01270027344629
S21402E560E6E72DE9F041D48805460E4690463CB9CA
S21402E570F188A1420ED26FF009073846BDE8F08155
S21402E580D8F8003003EB840353F8043C002BEFD199
S21402E590013CECE72846FFF726FE07460028ECD1AA
S21402E5A0F28894420BD2AE4209D028683168121B18
S21402E5B0920001EB840100EB840009F07AFFEA88FE
S21402E5C0F088824207D92B68121A9200002103EBC8
S21402E5D0800009F054FFD8F80020316828682346E6
S21402E5E000F051FA024610B90123AB80C5E729684C
S21402E5F0EB8801EB84011B1B084600F06DFB00282C
S21402E600F2D0B8E72DE9F843B2F804C0B1F90440F5
S21402E6101CFB04FC6646734381460D4617461CD512
S21402E62011462846FFF7C5FEB0F100080DDB3A4654
S21402E63029464846FFF795FF98B9B8F1000F08BF7C
S21402E6400124A9F8044000200BE02A464846FFF7BA
S21402E65088FF30B9644224B2F3E7FFF739FF002897
S21402E660EFD0BDE8F8830123FFF7CCBF4FF0FF33AE
S21402E670FFF7C8BF1FB582EAE273A3EBE273D20FBD
S21402E680C2EBC2325200019301320123ADF80C20D4
S21402E690ADF80E3002AA01AB0293FFF7E7FF05B012
S21402E6A05DF804FB2DE9F047012386B01646884242
S21402E6B04FF00002CDE90223CDE9042307460D46BA
S21402E6C006D102A8FFF7CEFD0446002833D102ADDC
S21402E6D0B74206D1394604A8FFF7C4FD044650BB2C
S21402E6E004AEB5F80680B8F1000F2ED1B6F8069043
S21402E6F0B9F1000F33D14FF0010A09EB0801384691
S21402E700FFF771FD0446B0B901463846FFF7DFFD54
S21402E710044680B9CDF800903368296838684246C6
S21402E72000F08AFABAF1000F22D1AB88B28813FB46
S21402E73002F31BB2BB8004A8FFF747FD02A8FFF74F
S21402E74044FD204606B0BDE8F0872B6803EB88033D
S21402E75053F8043C002BC9D108F1FF38C3E73368ED
S21402E76003EB890353F8043C23B909F1FF39BFE7E9
S21402E7700123DFE7B8FA88FA4FEA5A1ABDE72DE90D
S21402E780F341CF880546884616463FB1D8F8003092
S21402E79003EB870353F8043C3BB146B900212846F5
S21402E7A002B0BDE8F041FFF792BD013FEDE7791CEC
S21402E7B02846FFF718FD044670B941462846FFF77B
S21402E7C051FD044640B9013E0096D8F80020E9887B
S21402E7D028683B4600F074F9204602B0BDE8F08196
S21402E7E070B504460D46104600211646FFF758FE41
S21402E7F0002824DB2A46334621460020DFF78AF823
S21402E800054638B1284670BD324621462046FFF7F7
S21402E8102AFF90B900212046FFF742FE0028F3DBCC
S21402E82031462046FFF7F4FD0028EBDB3246214650
S21402E8302046FFF71BFF0028F2D00546E2E76FF0FE
S21402E8400905DFE7F7B50E1E044615461F4614DB1C
S21402E8501046FFF725FE00280FDDE9882046FFF761
S21402E860E6FC40B9089BCDE900733146E3882A6886
S21402E8702068DFF763FA03B0F0BD6FF00300FAE733
S21402E8800139002901DA0020704750F82130002BA8
S21402E890F6D0B3FA83F00131C0EB4110704739B1BC
S21402E8A001F18041013900EB81018142034600D229
S21402E8B070471B680A681BBA12BA40F8042B41F864
S21402E8C00439F2E72DE9F0411C4613F0030318BFA2
S21402E8D0012303EB94038B4206460D46904613D85B
S21402E8E079B18F003A46002109F0C9FD2CB1381BD8
S21402E8F022464146304409F0DCFD29463046FFF701
S21402E900CEFF0020BDE8F0816FF00700FAE7B3EB18
S21402E910810F70B504464FEA8105104619D95A1B75
S21402E9208618002109F0ABFD30462B46C21800219E
S21402E9308B4210D1002070BD22F0030102F00306C4
S21402E9406158F600F140C9B281B90132AA42F3D148
S21402E950ECE71A46FAE721F0030001F00305205817
S21402E960ED00E84002F8010D0131E1E76FF0070023
S21402E970E1E7F8B50546500988420C4602F01F0644
S21402E98001D80AD136B1A20028460021BDE8F840D7
S21402E99009F075BD1F2A02D8F8BD1F2A0FD98200BA
S21402E9A005EB8003291F05EB8407BB421AD1201A08
S21402E9B038BF0022002105EB800009F060FD002E22
S21402E9C0EAD005EB84040022C6F12000AC42E3D074
S21402E9D054F8041C21FA06F3134344F8043D01FAE2
S21402E9E000F2F3E753F804CB41F804CFDDE71F2A21
S21402E9F0F8B503460D464FEA521402F01F0613D925
S21402EA006FF0030000FB04300A46944202F1FF3125
S21402EA1013D3621BAC4288BF00222A4418469200D7
S21402EA20002109F02CFD034636B103EB84030021D6
S21402EA30C6F12007AC4206D3F8BD50F8212043F8B1
S21402EA4021200A46E1E7186800FA06F20A4343F86C
S21402EA50042B013420FA07F1ECE7F0B500248446D3
S21402EA6020469C4200D1F0BD51F8245052F8247042
S21402EA702E182CBF01250025BF194CF8247045F12D
S21402EA8000000134EDE7F0B50024064620469C421D
S21402EA9000D1F0BD51F824C052F82470ACEB00054A
S21402EAA0AF4294BF4FF0000E4FF0010EED1B46F83A
S21402EAB0245084452CBF70460EF101000134E6E76F
S21402EAC08B422DE9F04728BF0B469646DE08089A89
S21402EAD00446C91A03F0070875460346B4460020E2
S21402EAE00CF1FF3CBCF1FF3F03F1200305F12005CA
S21402EAF011D104EB46140EEB46164FEA880C06EBD1
S21402EB00880E2546764540F081806444013980F0BF
S21402EB108B80BDE8F08755F8207CA2FB079710EBA8
S21402EB20090953F8200C47F1000710EB090043F8D7
S21402EB30200C55F81C0C47F10007A2FB00093F18F1
S21402EB4053F81C0C49F10009C01943F81C0C55F87F
S21402EB50180C49F10009A2FB000719EB000953F84B
S21402EB60180C47F1000710EB090043F8180C55F88B
S21402EB70140C47F10007A2FB00093F1853F8140CC7
S21402EB8049F10009C01943F8140C55F8100C49F164
S21402EB900009A2FB000719EB000953F8100C47F115
S21402EBA0000710EB090043F8100C55F80C0C47F15F
S21402EBB00007A2FB00093F1853F80C0C49F10009A4
S21402EBC0C01943F80C0C55F8080C49F10009A2FBD1
S21402EBD0000719EB000953F8080C47F1000710EB81
S21402EBE0090043F8080C55F8040C47F10007A2FB8D
S21402EBF0000A17EB000953F8047C4AF1000017EBF1
S21402EC00090740F1000043F8047C69E756F8043B24
S21402EC10A2FB0337C318286847F10007C31845F854
S21402EC20043B47F100006DE723681B1844F8043BD9
S21402EC302CBF0120002069E72DE9F347DDF8289074
S21402EC4015464A440F46920000210646984609F0A9
S21402EC5016FC002405F1010A4C4502D102B0BDE8BB
S21402EC60F08758F82430009306EB84002B463A4689
S21402EC705146FFF725FF0134EEE72DE9F04712F083
S21402EC80030418BF012404EB92048C42064688460D
S21402EC9017461D464FEA840AC2EB840919D84A462B
S21402ECA0002109F0ECFBA8EB04029200002106EB1F
S21402ECB00A0009F0E4FB08983A4606EB0901A84761
S21402ECC0054618B921463046FFF7E9FD2846BDE855
S21402ECD0F0876FF00305F9E730B5054610460022C7
S21402ECE09A4200D130BD51F82240241A45F82240FB
S21402ECF034BF012000200132F2E74822002109F049
S21402ED00BEBB10B5044601F05CF82046BDE81040D4
S21402ED1000F003BD10B52421012000F0EEFC0446ED
S21402ED2008B101F04AF8204610BD01F06EB801F0B5
S21402ED304EB801F0B8B82DE9F04F502ABFB00646DB
S21402ED400C46154600F29F8022AF702200213846FC
S21402ED5009F095FB0DA801F030F82BBA26932A4647
S21402ED603023214628A88DF89F3009F0A2FB05F132
S21402ED70F8036B44802203F8582C05AA002302F8F5
S21402ED80013B0133202BFAD14FF4807205A90DA85E
S21402ED9001F01DF88346002857D11935804601AC8C
S21402EDA010220021204609F06AFBA946BA465246BE
S21402EDB010232146204600F04EFCB9F1100F2346E0
S21402EDC022464FF001010DA894BFA9EB0909A9F14B
S21402EDD0100901F068F80AF1100A8346A8BBB9F1D7
S21402EDE0000FE4D116AB08EB030C94E80F008CE896
S21402EDF00F009DF88B3008F110080133B8F1300F80
S21402EE008DF88B30CCD14FF4807216A90DA800F085
S21402EE10DEFF8346C8B906F1300834461EAB1A46F2
S21402EE2001210DA801F03FF8834670B90DF1780C68
S21402EE302546624603CABA4228606960944605F1CE
S21402EE400805F6D11034A045E8D10DA800F0B9FFA8
S21402EE5070213846DFF742FC302116A8DFF73EFC69
S21402EE60202105A8DFF73AFC102101A8DFF736FCBF
S21402EE70BBF1000F03D030213046DFF72FFC584697
S21402EE803FB0BDE8F08F6FF0370BF8E72DE9F0439F
S21402EE908DB004460E4630220021684609F0EFFA8D
S21402EEA0002704F12009E8460DEB070304F11001E0
S21402EEB0A14206D011F8012D0132D2B20A70002A00
S21402EEC0F6D022460121484600F0EDFF054638B14D
S21402EED068463021DFF702FC28460DB0BDE8F08315
S21402EEE01037302FDFD1731E2F3698F8002013F814
S21402EEF0011F4A40B34208F8012BF6D14FF4807244
S21402EF006946484600F063FF05460028E0D108AA95
S21402EF100CAE134603CBB342206061601A4604F17E
S21402EF200804F6D1D4E72DE9F0418469502C94B058
S21402EF300546884617461E4643D8C4F15003B342D8
S21402EF403FD3C6F150031B1B93423AD350220021F3
S21402EF50684609F094FA6B6CA86C22466946984794
S21402EF6028B16FF03304204614B0BDE8F081AC69D6
S21402EF7046B16B6CA86C32460DEB0401984700282C
S21402EF80EFD13444B8F1000F07D037B10DEB0400CF
S21402EF903A46414609F08DFA3C442246694668469E
S21402EFA0FFF7C9FE044638B969462846FFF76EFFE2
S21402EFB0044608B901232B6150216846DFF78EFB11
S21402EFC0D1E76FF03704CEE710B54C220446002195
S21402EFD009F055FA04F1200000F0EFFE4FF0FF337F
S21402EFE0236142F21073E36110BD10B5044660B1AE
S21402EFF0203000F0E6FE4C212046DFF76FFB42F29F
S21402F0001073E3614FF0FF33236110BD0023FFF757
S21402F0108ABF2DE9F041054688B04FF020080F461A
S21402F02014460021424668461E4609F028FAAB6995
S21402F030C5E911740BB9C5F818802C69002C05DADD
S21402F040AC692F2C9ABF0134640800244FF48072F6
S21402F050694605F1200000F0BAFE28B90E9A23464A
S21402F06031462846FFF75FFF08B0BDE8F0812DE97C
S21402F070F04190B0B2F5806FDDF8588005460F4635
S21402F08016461C465ED8B8F5807F5ED83022002130
S21402F09004A809F0F4F92A69EB699A4201DC6B6963
S21402F0A09BB1214642462846FFF7B0FF044628BBDE
S21402F0B005F1200836BB04A92846FFF7E7FE0446FA
S21402F0C0A0B92B6901332B6110E0B8F1000FEFD025
S21402F0D02146424604A8FFF72EFE044630B904A98C
S21402F0E02846FFF7D3FE04460028E1D0302104A8C4
S21402F0F0DFF7F4FA10216846DFF7F0FA204610B080
S21402F100BDE8F08105F11002AA4206D012F8013DD0
S21402F1100133DBB21370002BF6D06B462A46012170
S21402F120404600F0C0FE04460028DFD1102E3446CA
S21402F13028BF102438462246694609F0BAF9274401
S21402F140361BB7E76FF03504D8E76FF03704D5E71C
S21402F15007B500230093FFF78AFF03B05DF804FBB0
S21402F1602DE9FF41DDF828801D46164643462A460D
S21402F17004460F46DFF7B2F948B9CDE9018000959B
S21402F18004F11C033A4631462046DFF799F904B0EB
S21402F190BDE8F081F7B50D460446083568461646C2
S21402F1A0FFF70EF800212846FFF77AF9211D0746D9
S21402F1B02A466846FFF75AFA044648B9002F0CBF9B
S21402F1C0002206F0010269462846DEF773FB044673
S21402F1D06846FEF7FAFF204603B0F0BD70B50C464F
S21402F1E00546114620461A46FFF73DFA064630B94E
S21402F1F0043529462046FFF70BF9002801DA304687
S21402F20070BD2A4621462046FFF7ABF90028F0D00B
S21402F2100646F4E710B50446FEF7D7FF04F10800E9
S21402F220FEF7D3FF04F11000BDE81040FEF7CDBF95
S21402F23013F07E0F2DE9F0470C4615460CBF4FF033
S21402F240010A4FF0000A07465246294620461E4645
S21402F250C3F34508DEF72EFB48BB04F10809524605
S21402F26005F108014846DEF725FB00BB08F1FF332F
S21402F270D3F1000848EB0308424605F11801204680
S21402F280DEF718FB98B9424605F120014846DEF73C
S21402F29011FB60B9F20921463846FFF77BFF30B909
S21402F2A004F110000121BDE8F047FFF710B8BDE8F1
S21402F2B0F0870346C06920B15B6A002B14BF0120A9
S21402F2C00220704710B50446FEF77AFF04F10800E4
S21402F2D0FEF776FF04F11000BDE81040FEF770BF9F
S21402F2E038B50025044600F8045BFEF769FF04F112
S21402F2F00C00FEF765FF04F11400FEF761FF04F14F
S21402F3001C00FFF7DFFF04F13400FEF759FFC4E9E3
S21402F3100F55C4E91155C4E91355C4E91555E565F9
S21402F32038BD08B1FFF776BF704770B5044658B3CC
S21402F330436C012B11D00C30FEF747FF04F114008A
S21402F340FEF743FF04F11C00FFF7EBFF04F1340065
S21402F350FEF73BFF201DFEF738FFA36D8BB9204654
S21402F3606021BDE87040DFF7B9B906FB0500FFF77C
S21402F370D8FF0135D4E91603AB42F6D800F0CDF932
S21402F380EDE700251826F5E770BD38B504460D46AC
S21402F390FEF768FF70B905F1080104F10800FEF7F0
S21402F3A061FF38B905F1100104F11000BDE83840DC
S21402F3B0FEF758BF38BD08B500211030FFF770F8C9
S21402F3C0B0FA80F0400908BD2DE9F041202B8AB042
S21402F3D00546884617461E460BD90920DFF7FAF877
S21402F3E002AB32463946DFF761F9044628BB02AF64
S21402F3F020262C698DF804808DF8056084B90920D2
S21402F400DFF7E8F8224601462846DFF7F1F8044619
S21402F41098B92846DFF718F9044670B901232B611C
S21402F420022201A92846DFF721F9044628B9324606
S21402F43039462846DFF71AF9044602A82021DFF7E4
S21402F4404DF920460AB0BDE8F0812DE9F0430023CD
S21402F450A3B0064605461F466FF03B0499467269FE
S21402F46097420BDB002B08BF6FF03C0402A88021FA
S21402F470DFF734F9204623B0BDE8F083D5F82880BC
S21402F480AC69E869CDF80490B8F1010F18BF984648
S21402F490802201AB02A9A04704460028E6D1019BC0
S21402F4A053B102AAF9B23046FFF78EFF0028E2D126
S21402F4B02B6A019A13442B62013714354346CEE772
S21402F4C00369013310B504460BD000F0A4F80023FC
S21402F4D06361282104F11800DFF700F94FF0FF33CB
S21402F4E0236110BD30B54569012D0BDC142404FBE5
S21402F4F0050401356362039BA362C4E906124561F3
S21402F500002030BD6FF03D00FBE72DE9F041202AD8
S21402F51088B005460F46164676D840F201186B6943
S21402F520002B6ED02846FFF790FF0446002848D1ED
S21402F530D5F814E002462B460120A6454FDC0028EB
S21402F54047D01F2A45D920220021684608F097FF97
S21402F55069462846DFF79AF8044690BB284600F02C
S21402F5605AF8284600F053F80920DFF733F8224607
S21402F57001462846DFF73CF8044610BB2846DFF76C
S21402F58063F80446E8B9202269462846DFF76EF893
S21402F5900446B0B90920DFF71DF86B4620226946FB
S21402F5A0DFF784F8044660B96A690346142105F158
S21402F5B0200025469A421EDC32466946384608F046
S21402F5C078FF20216846DFF789F8204608B0BDE8B4
S21402F5D0F081B8F10108A2D16FF03B04F1E7D3E95C
S21402F5E008C18C4538BF0020996A012908BF6244C9
S21402F5F001341433A1E701FB03FC013340F80C503D
S21402F600D8E76FF03F04DCE76FF03B04DDE710223B
S21402F610002108F034BF10B50446D8B10368CBB158
S21402F620806838B11B78082B11D0092B0FD0A06840
S21402F63000F073F8E06820B123689978490000F07A
S21402F6401EF820461021BDE81040DFF747B800F04C
S21402F65042FDECE710BDF0B50024261DB34202D2EF
S21402F6609C4206D3F0BD0D5917597D4005513446CC
S21402F670F3E70D5D165D754005550134F0E710B5EC
S21402F680044608B1DFF72AF82046BDE8104000F02D
S21402F69044B8F0B5012B9DB006460F4615461C46EB
S21402F6A01AD801A800F015FD214601A8E0F7C0FF10
S21402F6B0044658B93A46314601A800F00EFD044603
S21402F6C020B9294601A800F00FFD044601A800F063
S21402F6D002FD20461DB0F0BD6FF07304F9E738B5A1
S21402F6E0044600F0C1FD05462046FDF77FF80446B5
S21402F6F0284600F0BDFD204638BD70B504460E46CD
S21402F70000F0B2FD314605462046FDF755F80446A0
S21402F710284600F0ADFD204670BD38B5054600F01F
S21402F720A3FD04462846FDF769F82046BDE83840A2
S21402F73000F09EBD08B501F0AEFBEAF7A1F802F0B4
S21402F7401CFB03F04AF9002008BD2420704748201D
S21402F75070474C2070474020704708B5E3F7E2FA3E
S21402F76001F08EF801F08DF801F098F8BDE8084037
S21402F77001F0A1B808B501F0A0F801F09FF801F079
S21402F7809FF8BDE8084001F09DB82DE9FF410D46FF
S21402F79016461F460446A8B14FF00008C0F81C8063
S21402F7A0DFF7D8F8BDF82C3002939DF82830424691
S21402F7B0CDE90073294633462046DFF731F804B018
S21402F7C0BDE8F0812220FAE7F0B50D4685B0164670
S21402F7D01F46044690B10023C361DFF7BBF8BDF8AD
S21402F7E02C3002939DF828302A46CDE9007329462C
S21402F7F033462046DFF714F805B0F0BD2220FBE7BB
S21402F800F0B587B01F4600230D4616468DF8173012
S21402F8100446A8B1C3610DF11701DFF7CBF89DF8D6
S21402F82017207AB9BDF8343002939DF83030294655
S21402F830CDE9007320463346DEF7F2FF07B0F0BD8F
S21402F8402220FBE70320F9E7F0B587B01F46002326
S21402F8500D4616468DF817300446B0B1C3610DF159
S21402F8601701DFF7A7F89DF8173083B9BDF83430D3
S21402F87002939DF830302A46CDE900732946334676
S21402F8802046DEF7CDFF07B0F0BD2220FBE70220C0
S21402F890F9E738B500F0EFFC0546DFF70FFA044645
S21402F8A0284600F0EEFC204638BDDFF787BA7047E0
S21402F8B000207047704700207047704707B5002346
S21402F8C001A88DF80430E2F78BF903B05DF804FB6B
S21402F8D0013A42EA520242EA920242EA121242EA2A
S21402F8E0122230B542EA12420132B2F5807F38BFA8
S21402F8F04FF480725442044015198D4205D31C60A1
S21402F900039B1D60049B1A6030BD5200F2E708B5E7
S21402F910DFF788FB08BD70B50C46154610B9DFF751
S21402F9209FFB38B143682BB12A4621460068BDE8E2
S21402F93070401847232070BDF7B50D4616461C4684
S21402F94048B103B901AC87685FB1234632462946FF
S21402F9500068B84706E0DFF783FB04B901AC00286D
S21402F960F1D1232003B0F0BDF8B50C461546064685
S21402F97058B9DFF775FB20462946FDF765F90446B8
S21402F980002CD4BF37200020F8BDDFF769FB864283
S21402F9900746F0D03046DFF757FB29462046FDF7EC
S21402F9A053F904463846DFF74FFBE9E70EB403B5D2
S21402F9B003AA52F8041B0192FFF7D6FF02B05DF8C5
S21402F9C004EB03B0704700207047FEE74FF4005385
S21402F9D04B6000207047012070470020704707B533
S21402F9E0002001AB0190FFF7A7FF0198002808BF8F
S21402F9F04FF0FF3003B05DF804FB10B5002014464C
S21402FA00FFF789FF204610BD10B500201C46FEF702
S21402FA10C9FB002820600CBF1B20002010BD08B5C3
S21402FA200020DDF7BFFE002008BD13B50223002428
S21402FA30684600948DF804408DF80530E2F750F8D9
S21402FA40204602B010BD2DE9F74F0E461546044675
S21402FA50002873D059B9002A70D1036803F17E4397
S21402FA60083B012B6DD8002003B0BDE8F08F036879
S21402FA7003F17E43083B012B63D8002AF3D0436888
S21402FA8003F03F079B18436022BF836801338360FD
S21402FA904FB93F2A20D804F12C002A463146384472
S21402FAA008F007FDDFE7C7F140094A45F3D300F146
S21402FAB02C084A4608EB070008F0FBFC01220092DD
S21402FAC004F10C03403D2068424619463D44DFF7E8
S21402FAD0A9FC3F2D4E4410D9B3074FEA951210D118
S21402FAE0009204F10C03206832461946DFF79AFCAE
S21402FAF025F03F031E4405F03F05002DB3D0002736
S21402FB00C9E7374606EB821804F12C0B04F10C0900
S21402FB104FF0010A5B4607F1400257F8041B43F810
S21402FB20041B9742F9D1CDF800A020684B465A46EE
S21402FB304946DFF777FCB845ECD1D9E76FF0860087
S21402FB4092E76FF088008FE708B518B16C220021A3
S21402FB5008F095FC002008BD2DE9F84315468946B5
S21402FB6080461F46DFF72CFB0023436003600446F3
S21402FB7000F07AFBB9F1100F14BF102208220646D5
S21402FB804146204604F1800800F039FC29464046EA
S21402FB9000F0C0FB304600F06BFB00F065FB394618
S21402FBA0064604F1A00000F0B5FB0523A360236916
S21402FBB09B07FCD40899404600F0CBFB304600F089
S21402FBC057FB089B03F1100253F8041B45F8041B6D
S21402FBD09342F9D12046DFF7FDFA0020BDE8F8830C
S21402FBE02DE9F0411C4600230F46164623604FF0CF
S21402FBF0050825682246711B7819DFF743FB236840
S21402FC001D44B542256006D2B8F1010801D000288D
S21402FC10EFD1BDE8F0810020FBE7F0B591B01546C4
S21402FC20169C49228DF8202004F10C060DF12102C3
S21402FC3054F8047B42F8047BB442F9D12478147059
S21402FC404FF48074ADF830409DF85C408DF8324039
S21402FC5004240694189C059410240022049408ACEC
S21402FC60CDE90234CDE900150B461146CDE90D2249
S21402FC708DF82E208DF82F508DF833200F92DFF757
S21402FC800FFF11B0F0BD1FB5079C02949DF81840F7
S21402FC90CDE9003413460A4601460020FFF7BDFFB1
S21402FCA004B010BD1FB5079C02949DF81840CDE91C
S21402FCB0003413460A4601460120FFF7AEFF04B0A1
S21402FCC010BD2DE9F8430746B020914688461E46E9
S21402FCD0DFF79AFA05460023B9F1800F43604146E2
S21402FCE045F8803B14BF1022082204464FF0050850
S21402FCF000F085FB7FB13146284600F00BFBC4F8C6
S21402FD0008800899284600F024FB2046DFF786FA8A
S21402FD100020BDE8F8838C23C4F808803146A3602F
S21402FD20284600F0F7FA0623A360EAE72DE9FF4724
S21402FD308046B020894617461E46DDF830A0DFF71B
S21402FD4063FA0546B9F1800F4FF00003436014BF13
S21402FD501022082245F8843B4146044600F04FFB39
S21402FD600EB33146284600F0D5FA4823A360052391
S21402FD70A3600323394604F1A000A36000F0CAFA88
S21402FD800D9904F1800000F0E4FABAF1000F03D0F6
S21402FD905146284600F0DDFA2046DFF73FFA0020FB
S21402FDA004B0BDE8F08731461022684608F067FBCB
S21402FDB06946284600F0ACFAD7E72422002108F06C
S21402FDC05EBB18B12422002108F059BB704770B5FB
S21402FDD015460E4624220021044608F050FBC02D8C
S21402FDE00DD0B5F5807F01D0802D0BD12046EA08D4
S21402FDF040F8045B314608F05CFB002070BD6FF0F3
S21402FE007100FBE76FF01F00F8E72DE9F04114469A
S21402FE100F4624220021064608F031FBC02C3CD0B7
S21402FE20B4F5807F2CD0802C3AD13460DFF7C8F945
S21402FE30002343600360044600F016FA4FF00808F9
S21402FE40054642463946204600F0D9FA284600F0D2
S21402FE500FFA0523A360256915F00205FBD100F011
S21402FE6003FA4246311D0746204600F026FB384676
S21402FE7000F0FEF92046DFF7ADF92846BDE8F0812E
S21402FE803460DFF79DF9002343600360044600F008
S21402FE90EBF94FF010080546D3E76FF07100EDE777
S21402FEA06FF01F00EAE701292DE9F04705460E46E6
S21402FEB092461F463AD80368802B02D0B3F5807F5D
S21402FEC037D1DFF77DF9002343600360044600F074
S21402FED0CBF92946814651F8043B802B14BF1022E9
S21402FEE00822204604F1800800F089FA514640466E
S21402FEF000F010FA484600F0BBF9012E0CBF0523AD
S21402FF000623A360256915F00205FBD100F0ACF9C3
S21402FF1039460646404600F01CFA304600F0A8F97C
S21402FF202046DFF757F92846BDE8F0876FF0200035
S21402FF30FAE76FF07100F7E703699B07FCD1704799
S21402FF40CA880B68032AF0B50DD803EB82018B42F0
S21402FF5005D100230132082A0360FBD1F0BD53F815
S21402FF60044B0460F3E7072AD3E90076D3E9025488
S21402FF7013D8076003F11001066003EB82030560E5
S21402FF800460994205D100230132082A0360FBD19E
S21402FF90E4E751F8044B0460F3E707600660056087
S21402FFA00460D3E90441D3E90623046001600260D9
S21402FFB00360D3E7F0B5CA88082A89B006460C461D
S21402FFC00DD100F051F921680546304600F0E6F9F9
S21402FFD0284600F04DF90026304609B0F0BD12D989
S21402FFE000F042F921680546304600F0D7F9284667
S21402FFF000F03EF9E2882068083A9200002120309C
S21403000008F03DFAE7E7694600252B460F463068B9
S21403001041F8040B0133002818BF1D46082BF6D100
S214030020AA420EDA29462046FEF7DDF806460028E1
S214030030D2D12068AA00394608F03BFA0123A380F0
S214030040CAE720689200394608F033FAC3E7CA883D
S214030050072A38B50D46044609680DD8920008F0FD
S21403006028FAE888C0F10802920004EB8000002119
S214030070BDE8384008F003BA01F1200351F8042B19
S21403008044F8042B9942F9D138BD0078C31E584270
S2140300905841704700207047704710F1860F12D002
S2140300A010F1850F0ADA10F1930F0FD010F1870FB6
S2140300B00CBF6FF073004FF0FF307047003818BF67
S2140300C00120404270476FF0710070476FF06F0079
S2140300D07047FFF739BDFFF737BD08B5FFF7B3FC29
S2140300E0BDE80840FFF7D9BF07B5002301932022D8
S2140300F001ABDFF733FA03B05DF804EBFFF7CDBFD0
S214030100F7B5074601A81D460E461446E2F7C0F9A2
S2140301109DF80530012B14D19DF80430022B10D81E
S21403012000232B604FF6FF739C4228BF1C46A2B2E7
S21403013031464FF0FF3007F074FB2860002003B011
S214030140F0BD2B46224631463846FFF749FD0028C8
S214030150F4D06FF03B00F2E770474FF0FF3007F044
S214030160D0BAF6F7C5B87047034630B50020D408B2
S2140301701874A01E012898BF04465868C90020FAC0
S21403018001F5EDB2FF2D05D18D4020EA05008C4028
S2140301902043586002F0070250189A6801218140F4
S2140301A00A439A6030BD70B5022383608E780C468E
S2140301B0002231460546E0F773FB217962786079C1
S2140301C00B0243EA026343EA0043E07843EAC003D0
S2140301D0E07908B143F00053207A08B143F00403F2
S2140301E0A07908B143F00203607A08B143F0010333
S2140301F0F3290FD176B9032A03D823F0706343F0AB
S214030200806343EA46132B616E6926F4F21626F0E2
S21403021007060CE03206F4D543F0E0032B616B6966
S21403022023F4F21323F0070326F080061E432378F5
S21403023046EA4346E37A0BB146F480466B0103F184
S2140302408443A27A6E619A60EB6FD5F88030EB68D0
S21403025070BD806EC0F304430B6080B2704708B570
S214030260E0F72CFD013008BDEFF3108072B670473F
S21403027000B962B67047EFF31180602383F31188E9
S214030280704780F31188704784B00B6800934B68FF
S21403029001938B680293CB680393009B0360019BD7
S2140302A00360029B0360039B036000230093019398
S2140302B00293039304B0704784B003680093036803
S2140302C001930368029303680393009B0B60019BEF
S2140302D04B60029B8B60039BCB60002300930193D0
S2140302E00293039304B0704730B5D1E90223D1E9F2
S2140302F00054056004600260036030BD30B50568D5
S214030300046802680368C1E90054C1E9022330BDEA
S214030310FFF7EABF7FB58A0704460B4610D06D4643
S21403032001F11006186859682A4603C20833B34217
S2140303301546F7D169462046FFF7D6FF04B070BDD1
S2140303400091009904B0BDE87040FFF7CDBFFFF7FA
S214030350D5BF30B58B0785B00C4610D06946FFF77E
S214030360CDFF0D46234604AC2A4603CAA2421860B4
S2140303705960154603F10803F6D105B030BD009168
S214030380009905B0BDE83040FFF7B8BF10B5FFF7DA
S214030390ABFFBDE810401031FFF7A6BF10B5FFF75F
S2140303A0ADFFBDE810401031FFF7A8BF10B5FFF74B
S2140303B09BFF0C461031FFF797FF04F12001FFF770
S2140303C093FF04F13001BDE81040FFF78DBF00F145
S2140303D0424303F58013102A10B54FEA43130AD19C
S2140303E001221A6000F58870FFF74EFF1031BDE852
S2140303F01040FFF749BF00221A602430F7E7F0B534
S2140304000B46990789B0044615462DD0082A19D1FC
S2140304106D4603F11006186859682A4603C2083366
S214030420B3421546F7D1082269462046FFF7CFFFA9
S21403043003226B460020013A186003F10403FAD244
S21403044009B0F0BD6E4603F12007186859683246B6
S21403045003C20833BB421646F7D12A4669462046EE
S214030460FFF7B5FF0722E4E70093009909B0BDE85C
S214030470F040FFF7ACBF436823F01F030E290BD8E9
S214030480DFE801F008080808080B0B0B0808080843
S2140304900B0B0B00194341607047194341F01001E1
S2140304A0F9E710B52030FFF707FF102A04D1BDE89F
S2140304B010401031FFF700BF10BD30B58B0789B071
S2140304C00C46154625D06946FFF7EBFF082D6A460E
S2140304D013D104AD134603CBAB42206061601A46CA
S2140304E004F10804F6D103226B460020013A186093
S2140304F003F10403FAD209B030BD08AD134603CBAB
S214030500AB42206061601A4604F10804F6D1072264
S214030510EAE70091009909B0BDE83040FFF7C1BF94
S21403052070B5CB698C688E7891F8225091F82320A9
S21403053023430C881C434B791B0343EA064391F879
S214030540206043EA06232343CC780CB143F480139C
S2140305500C790CB143F400230C7E0CB143F4000376
S214030560046804F0E054234303608B7983638B8928
S21403057003638B7B1B01C3630B6983614B69036254
S21403058091F82140130491F8242043EA04531343BB
S21403059091F8252043EA05230AB143F080534364C8
S2140305A091F8273091F826201B0243EA025391F86C
S2140305B0282043EA0213836470BD70477047704770
S2140305C0704770B505460E461446FFF74DFE2B687A
S2140305D05C4034405C402C60BDE87040FFF748BE8A
S2140305E000EB4000000100F180400A4600F5204081
S2140305F04FF00111FFF7E5BF30B50C783CB98368BF
S214030600DB0704D5436B9D07FCD4022343604B787A
S2140306108D78CA681B0325B93AB143F400730261A7
S21403062003E043F40073002AF9D1CA780AB143F40D
S21403063080730A790AB143F040034A790AB143F05A
S2140306408003CA798D79097A120142EA85020A4340
S214030650134303603CB18368DA0704D4436B9B07F8
S214030660FCD40123436030BDE1F704BE0A7810B51D
S2140306700AB90223436000234362CB788C781B04B9
S21403068043EA04634C7A2343CC7943EA84230C7A03
S21403069043EA04234C7843EA84138C7A43EAC4136C
S2140306A0CC7A43EA44130C7B43EA04138C7B43EA79
S2140306B084334C7B43EAC4030C7943EA44334C79D2
S2140306C0897943EA047343EA417303600AB1012359
S2140306D0436010BD10B5537814781B0643EA846351
S2140306E094792343947843EA0443D47843EA04335F
S2140306F0147943EA8423547943EA0423D47943EAF6
S2140307008473147A43EA4473547A43EA0413947A58
S214030710D27A063143EA8403090143EA027343505B
S21403072010BD0368D90707D583689A0704D483687E
S214030730DB07FCD40123436070474B788A785B0061
S21403074043EA82730A781343CA7843EA82030A7930
S21403075043EAC2034A7943EA42138A7943EA821395
S214030760CA7943EA02130A7A43EA02334A7A43EA25
S21403077002230A7B43EAC2738A7A43EA0243CA7AAB
S21403078043EA026347F231528168C90701D5013A49
S214030790FAD10360704710B588B00C460E990791DE
S2140307A00D9906919DF8301005910B9904919DF8CB
S2140307B0281003910021CDE9013100922346024619
S2140307C00846E1F79BFE08B010BD10B588B0044696
S2140307D00E9807900D9806909DF8300005900B989C
S2140307E004909DF8280003900020CDE90130009284
S2140307F00B4622460121E1F781FE08B010BD002317
S2140308000360704703680B6001607047FEE74FF4B0
S214030810004070474FF47A7070477047704782B055
S21403082002AB03E90300012002B07047ECF78AB974
S21403083008B5DDF775FFBDE80840EEF7DBB810B581
S2140308400446E2F7D3F92046E5F71AFE2046E2F718
S21403085039FB10BD0120704700B5C3B0ECF704F9AF
S21403086003F03CF948B1FFF7F5FF30B101A804F0F7
S2140308702AF810B901A8FFF7E2FF43B05DF804FBBE
S214030880704708B5DEF72CF8DEF70EFCFFF764FCBE
S214030890DEF74CFBBDE80840DEF7EEBB08B5FFF716
S2140308A062FCDFF7EDFFFFF75CFCDFF7D7FEBDE882
S2140308B00840FFF7BDBFE2F76BB97047E2F726B90A
S2140308C0FFF7CABF7047012070470120704738B54D
S2140308D0E2F756F90546ECF7EFF8041E18BF2C4668
S2140308E0FFF7F1FF002818BF204638BD38B5FEF7DE
S2140308F0E2FF0446E2F73AF9042817D002284FF03D
S214030900000508BF012403F02BF9042810D00228A1
S21403091008BF0124FFF7D9FF04280BD0022808BF1D
S2140309200124002D18BF0024204638BD0125EAE720
S2140309300125EFE70024F7E710B5FFF795FC012143
S21403094004460846FEF7B3FF2046FFF791FCE2F79E
S21403095013FF00F048F9E3F739F800210120E2F726
S214030960EBFDE3F733FA40F23B10E4F7DFFF002832
S214030970F9D000210320E2F7DFFDE2F7A3FE002013
S214030980E3F7ACF901460620E5F718FA0028F6D097
S2140309900120E3F7A3F901460620E5F70FFA00283E
S2140309A0F6D0E2F73FFFE2F77DFFF3F7A1FFE2F7AA
S2140309B0C7FF03210720E2F719FEE1F7FDFCE2F784
S2140309C0A9FFBDE81040E1F7F1BC7047E2F7D8BCD9
S2140309D0704708B5FEF7C1FEFFF7AEFFFEF7CAFE87
S2140309E0E2F70EFADEF74AFAF8E70C2828BF0C20DF
S2140309F083F87420002283F86300A3F8761083F844
S214030A007C20704790F87B301BB1013B80F87B302D
S214030A107047142380F87B3090F87A30FBB9B0F82F
S214030A207630A0F8783090F8743090F8802080F80C
S214030A307A300B2A1FD11A2B9ABF03F1FF3303EB2D
S214030A40D373C3F13403C3F3470380F8633001233E
S214030A5080F87C30042380F86230E2F76FBEB0F88B
S214030A6078205208A0F87820013B02F0010280F8B3
S214030A707C20DBB2D9E7704710B590F85B30062BC5
S214030A8004461FD090F880300B2B1BD090F88A209A
S214030A90C36B03EB42036422D88EB3F9423093FB55
S214030AA0F2F39BB2B0FBF2F29A420BD0DCF734FBC4
S214030AB0002384F86230A4F860002046BDE81040A6
S214030AC0E2F73CBE10BD30B4039C9DF8085084F892
S214030AD074200C2828BF0C2084F86300002284F8B6
S214030AE06250A4F8761084F87C20A4F86030204680
S214030AF030BCE2F723BE70B50489012B04F1010470
S214030B00A4B238BF0123A34202D90481C06870BDD2
S214030B100023C5880381838806685C19A21A92FBA2
S214030B20F5F405FB142292B256F8222046F8231059
S214030B300133891AB3FBF5F405FB14338380C160D4
S214030B40E4E770B49DF80C6004460D467EB1C18898
S214030B5000239AB2914205D80020A0802081E0604D
S214030B6070BC7047226842F823500133F1E770BC2B
S214030B70FFF7C1BF81F8950081F88C0001EB4000B8
S214030B80B0F8AA304B87B0F8A0300B87CB8601238A
S214030B9081F88230704781F88100704781F88200BF
S214030BA0704790F88100704790F8820070470228DB
S214030BB0034698BF01EB43014FF000009CBFA1F82A
S214030BC05C000120704708B5024601460020FFF787
S214030BD0EEFF11460120FFF7EAFFBDE80840114685
S214030BE00220FFF7E4BF08B5E4F7B8F9032380F85B
S214030BF0483008BD2DE9F843B0F8048091F89130E9
S214030C00B0F90270C688054608F00F0963B391F879
S214030C108A4091F88B3024031B0203F4E06304F448
S214030C20E0441C4391F88E3044EAC334E4F7A0F959
S214030C3024B2427885F84B7008F0F00844EA0903BA
S214030C4043EA080343EAC2233A1285F84A2085F8A2
S214030C504D30C3F30722330A85F84C2085F84E300F
S214030C6085F84F60BDE8F88391F880804FEA08184E
S214030C70CDE710B5012A91F88C3091F880401CD04E
S214030C80022A1DD10422092C8271C3710BD1B1F83B
S214030C90983043721A0A0272B1F896301A0ADBB217
S214030CA08272C37210BD01EB4303B3F8AA204272EB
S214030CB0110A0172B3F8A030F0E704228271C371FF
S214030CC091F88030092B0CBFB1F898304B8F4372E4
S214030CD01A0A027291F88030A3F10802012A01D998
S214030CE00B2B02D1B1F84C30D8E70B8FD6E7A1F81F
S214030CF05600003818BF012081F88700704791F826
S214030D005B30072B4FF00003A1F856304FF001037A
S214030D1018BF81F85B00A1F886307047B0F85630EC
S214030D201BB1013BA0F85630704790F8872022B1DC
S214030D30012280F8882080F88730704791F85B306E
S214030D40834218BF81F85B00704738B50C460546EA
S214030D50E4F7F0F894F85B30032B07D001D81BB107
S214030D6038BD043B022BFBD8012300E0042384F8A0
S214030D705B3021462846BDE83840E4F76DB90146A6
S214030D8008B50020E4F750FC8B6C13B981F890305B
S214030D9008BD013B8B64FBE710B5E2F79FFF062116
S214030DA004460220E1F764F928B101230022062154
S214030DB00220E1F723F9002384F8833084F8843093
S214030DC010BD08B50020FFF7E7FFBDE80840012087
S214030DD0FFF7E2BF50E8003F0B4340E80032002A2B
S214030DE0F8D17047C94350E8003F0B4040E8003253
S214030DF0002AF8D17047431E032B06D8DFE803F01A
S214030E000204020403207047042070477047CB692E
S214030E101847704770470020704770474FF0000030
S214030E2070470020704770477047002070470020C7
S214030E3070470020704700207047002070477047B7
S214030E4000207047002070477047704700207047A7
S214030E507047704711207047002070474FF0FF30EF
S214030E607047002070477047704700207047002087
S214030E7070474FF0FF3070471120704700207047CF
S214030E8001207047002070470020704700207047FD
S214030E9070477047704701F09AB938B50446FFF7B4
S214030EA0EAF9D4E9101205462046E5F729FBE18C5A
S214030EB0228DE060521A40F2712101FB020303F512
S214030EC09C53083323612846BDE83840FFF7D9B959
S214030ED008B52030FFF77EFFBDE808404FF080508E
S214030EE0EBF73CBE38B504460D460830E7F7D0F8B6
S214030EF029462046E9F796F9E06E0025E56110B12C
S214030F00E6F7F8F9E56604F15000BDE8384007F067
S214030F1089BE38B5044619B390F838208AB190F8DC
S214030F2039300133DBB29A4280F8393009D10121D6
S214030F30FFF7D8FF4FF080712046BDE83840FFF733
S214030F40C7BF236ADA030BD5E36B62689B1A002BD1
S214030F5006DA01212046FFF7C5FF4FF08061EBE775
S214030F60236A1B0426D402F0B1FC1123B0FBF3F36F
S214030F7003EB0313C01A94F9613085B213FA80F0B9
S214030F80102888BFC5F110056DB2083B2B4484F8C2
S214030F90613020460121E9F745F9E28C63682A446B
S214030FA040F2712101FB023363602046BDE83840FE
S214030FB0E9F7EAB80025ECE72DE9F84F1D46C369C3
S214030FC0DDF830809DF838909DF840B09DF850A02D
S214030FD00F4604469DF848101646002B40F0D18075
S214030FE0EB0600F1BE8005F00303032B08BF05F0F4
S214030FF0FD0505F0F705BDF83C30A386A8069DF869
S214031000540048BF05F0FC05FFF7F5FE47F6FF73EF
S2140310101BF0020F84F83600A4F8783040F0A48062
S2140310201BF0040F00F0A28000F0FD00012814BF9F
S2140310300323042394F87F209DF8580063F30302E8
S21403104084F87F20FFF7D7FE47F6FF738A0784F8F6
S2140310503700A4F8883000F18B804B0740F18A8074
S21403106000F0FD00012814BF0321042194F88F30FB
S214031070606E61F3030384F88F30FFF7EAFE216C9A
S21403108000222046E5F73CFA40F271237343984268
S21403109079D804F1200049F6FF71FFF7A3FEFF237A
S2140310A084F85430BAF1000F03D0236A43F4805314
S2140310B02362290705D5236A062643F4841323628D
S2140310C03746236A6A0723F4C04323620CD419F015
S2140310D0010F1CBF43F400532362236A19F0020F67
S2140310E01CBF43F480432362236AA5852B432362F4
S2140310F004F12E03B8F1000F3ED0D8F80020C4F850
S2140311002E20B8F804209A809DF82C30012B03D1AA
S2140311104FF48061FFF75EFE236A9DF8282023F4D0
S214031120407343EA0223236202F0D0FB94F8603054
S2140311309DF84C2084F85F0023F00F03C0F30320D0
S214031140034362F3071384F860309DF83430E78472
S2140311502046268584F82A30FFF79FFE0020BDE848
S214031160F88F01218B4646E7022363E7012361E7F5
S21403117002217BE7012179E7C4F82E80A3F80480D7
S214031180CAE70C20EBE74520E9E72DE9F743894654
S21403119017460193044630B901A807F043FD4220E1
S2140311A003B0BDE8F083012920D0022910D089B905
S2140311B0C369C3B900F140054FF40036236AD90664
S2140311C01ED55A0726D501A807F02CFD0020E7E711
S2140311D0406E20B901A807F025FD0C20E0E719466C
S2140311E0FFF738FEDCE700F14805E5E7C36923B9F6
S2140311F000F144054FF48026E0E700F14C05F9E7DB
S2140312009B0707D5B9F1000F04D101A807F00AFD23
S2140312101220C5E704F1200840463146FFF7E2FDF9
S214031220F80702D5284607F0FDFC019921B12846A8
S21403123007F0DFFD00230193286807F078FD236A93
S214031240D90605D51F2801DC032F16D02846DDE76F
S21403125040F27262904204DD284607F0E3FC072062
S2140312609EE7B9F1000F08D1BF2806DD9A0704D020
S214031270284607F0D7FC452092E7D4E91212204609
S214031280E5F73EF9E3696BB1E38C40F27122534311
S214031290984207D9238D8342EAD300F51C70B0FB2E
S2140312A0F2F0E084FEF7E7FFE36905467BB1BB0790
S2140312B00DD531464046FFF78DFD6368C3F57A7654
S2140312C002F040FBF04202D52046E9F7C7F828466D
S2140312D0FEF7D7FF7AE708B548B1CB0701D400205D
S2140312E008BD4FF400112030FFF774FDF7E74220E6
S2140312F0F6E708B548B1CB0701D4002008BD4FF484
S21403130000112030FFF76EFDF7E74220F6E7E5F71A
S214031310DDBB38B5C36904460D463BB1036A13F01B
S214031320010011D194F82430FE2B0CD004F12000D8
S2140313304FF48001FFF74EFD2B68C4F85530AB8899
S214031340A4F85930012038BD0020FCE7036A10B525
S214031350044613F4602030D09A0307D504F1400006
S21403136007F060FCA36C23640023A364236A5B0377
S21403137007D504F1440007F055FCE36C63640023CF
S214031380E3644FF4602104F12000FFF72BFD2046B1
S214031390FFF783FD94F8602094F85F3002F00F01A6
S2140313A043EA0123013384F85F3022F00F02C3F3CC
S2140313B003231A4384F86020012010BD10B50446A9
S2140313C0503007F016FD20464FF00071BDE8104080
S2140313D0FFF77EBD50E8003F0B4340E80032002A8B
S2140313E0F8D17047C94350E8003F0B4040E800324D
S2140313F0002AF8D1704738B50446D0F8A00010B9D3
S214031400D4F8A40058B194F8375107F03CFC05F023
S2140314100F0581B206312846EAF718F980B2B4F808
S214031420783040F27122534300F548709842B8BFB3
S214031430184638BD38B505460C4602F002FB20B107
S21403144049F640439C4228BF1C46EA68A2420BD298
S214031450B5F87A3040F271214B43934238BF1346B6
S214031460A34228BF23461A462A6138BD03464430A2
S2140314709A6A920404D5D3F82821998FEBF7C2B859
S21403148093F86F10EBF7B4B800207047012070474D
S214031490002070470020704701207047C82070471F
S2140314A00020704700207047704770471120704730
S2140314B0704770470020704770470020704770479A
S2140314C0012070477047704790F88520531C03F03F
S2140314D00F03072B28BF002363F30302034410B54F
S2140314E080F8852083F87E1090F885306F2B4FEABE
S2140314F0131298BF013204469CBF62F3071380F8A9
S2140315008530FFF7E0FF94F83711204601F00F010E
S214031510FFF7CBFF10BD704770477047002070473A
S214031520002070470020704710B101F1B0007047EB
S21403153001F1D4007047F8307047806A704728304E
S214031540FFF748BF2830FFF74DBFC06A70472C30FF
S214031550FFF740BF2C30FFF745BF00F59C70704780
S21403156008B50B79DB0702D4FFF7D5FF08BDBDE846
S214031570084091F90510FFF7A7BF02290346808F9D
S21403158011D0032909D0012906D11A8F5B6B1201EA
S214031590B2FBF3F3184480B270475A6B4FF47A43A6
S2140315A0B3FBF2F3F6E75B8F073000EB4300F2E79B
S2140315B070B540F27126456806FB01F35643826A0E
S2140315C01D441207044645600ED500F1400500F1A0
S2140315D034022946E7F780F9334629462046012296
S2140315E0BDE8704001F02EBA05EB5605456070BDA8
S2140315F0836A590505D4D0F8A03013B15B799A07EE
S21403160008D4D0F8A40000B9704743799B0701D4E7
S2140316100068F8E70120704780F87710704738B500
S214031620836A1B07044613D50246B0F87C3052F88B
S214031630341F4B4340F271214B4300F14001E7F75F
S2140316404BF9236C20469D08FFF7D5FE2844E0603F
S214031650616B40F27125013969432046FFF7EAFEC4
S21403166020460121E8F7DEFD636BB4F87C205A437D
S214031670636805FB023363602046BDE83840E8F73D
S21403168083BDB0F8303110B5A0F834310446E5F721
S21403169087FBC0B2FFF702FF94F8373194F8362180
S2140316A003F00F0304F1440102F0C4F9EAF714F857
S2140316B0B4F93021824205D0A4F83001EAF7BCFC25
S2140316C0A4F83201B4F93421B4F930319A4209D07E
S2140316D0A36A9B0306D520464FF40041BDE810409D
S2140316E0E5F774BB10BDFFF7CCBF836A0A4600F16B
S2140316F04401C3F34030EAF72FBF10B5A0F87810C3
S214031700A0F87A200446FFF776FE2169E0602046BB
S214031710BDE81040FFF78EBE38B504460D463AB90D
S2140317204FF4C0212830FFF75DFE9DB9002038BD79
S214031730FFF7C0FE98B128344FF4C0212046FFF7C8
S21403174051FE1DB14FF40031FFF744FE4FF48021E4
S214031750204601E04FF40031FFF73CFEE6E7112098
S214031760E5E72DE9FF41836A9B0304462CD5B0F9D0
S2140317703081B0F934710020EAF752FD8045CCBFC2
S2140317800025012502F05BF994F83711C82201F011
S2140317900F01EAF74FFD06462046E5F701FBB04585
S2140317A094F83711A8EB0707B4BF002601263FB20B
S2140317B045EA46050023CDE9008502971A4601F05F
S2140317C00F0180B200F0B5FC04B0BDE8F081FFF76E
S2140317D0C8BF86307047F8B504460E4600295AD06F
S2140317E0476B40F271235F43A7F28A277F08394687
S2140317F03046E9F73BFF94F88E30851FADB29D4225
S21403180039463046A8BF1D46E9F730FF94F88F20C7
S214031810B4F88610831F9BB29342A8BF1346F21EEA
S214031820012AB4F888202BD8B1F5296F44F290200A
S214031830B8BF4FF429618142A8BF0146B2F5296FAC
S214031840B8BF4FF429628242A8BF02461B2DB8BF19
S2140318501B251B2BB8BF1B2384F8913084F89050AC
S214031860A4F88A10A4F88C203046E9F7FFFE831FFD
S2140318709BB2AB42A8BF2B46DBB284F89230F8BDCE
S214031880B1F5A47FB8BF4FF4A471B2F5A47FB8BF77
S2140318904FF4A472DAE71B23EFE770B54900466BF3
S2140318A089B28E4204461FBF4068616340F27125C9
S2140318B005FB060018BF05FB1100658F1ABF6060A5
S2140318C0012100219542208F17D08342628700D0E2
S2140318D02387238F94F83711626B204601F00F019C
S2140318E01B01B3FBF2F3A4F89C30FFF774FF20460A
S2140318F00421BDE87040E5F769BA8342E8D1A36ADC
S2140319001B07E6D50029E4D170BDF0B585B00446C3
S2140319100E4600F186036A4600F18E07186859687A
S214031920154603C50833BB422A46F7D11868286014
S2140319309B88AB8031462046FFF74DFF9DF80B2072
S21403194094F891309A4211D1BDF80620B4F88C3041
S2140319509A420BD19DF80A2094F890309A4205D10A
S214031960BDF80420B4F88A309A4207D04FF4814178
S214031970204605B0BDE8F040E5F728BA05B0F0BD4F
S21403198037B50446BDF8180094F88E508D420BD137
S214031990B4F88650954207D194F88F509D4203D1F0
S2140319A0B4F8885085421DD08DF80610ADF8042093
S2140319B084F88E1094F83711019D84F88F30A4F8BC
S2140319C08800C4F84051A4F8862001F00F01204691
S2140319D0FFF79BFFB4F88A30A4F88630B4F88C304F
S2140319E0A4F8883003B030BD90F8373170B503F0F3
S2140319F00F03044616460D46D9B18B4219D0012271
S214031A00FFF756FD294600222046FFF74FFD94F8C0
S214031A10373165F3030384F8373105F00F012046A9
S214031A20FFF773FF20464FF48441BDE87040E5F7A7
S214031A30CDB919462046FFF768FF002EF2D170BDD8
S214031A40F8B51D46C36A5B0704460F46164610D410
S214031A5004212C30FFF7BEFC84F89A70A4F8966035
S214031A60A4F8985020464FF40061BDE8F840E5F727
S214031A70ADB9F8BD10B511B190F89A400C7012B11B
S214031A80B0F89610118013B1B0F898201A80C06A87
S214031A90C0F3800010BD4FF400412830FFF79ABC16
S214031AA000F5A270704790F8370100F00F007047FA
S214031AB070B50446FEF7DFFB6568064601F042FF95
S214031AC02D1AB5F5FA7504D53046BDE87040FEF715
S214031AD0D8BB636B94F8701040F271225343B5FB86
S214031AE0F3F5A38FAAB29B1AA38794F86F3002FB71
S214031AF01133252193FBF1F001FB1033002BB8BF04
S214031B005B1884F86F30B4F89C309B1AA4F89C30AA
S214031B10204600211546E8F785FB636B5D43636843
S214031B2040F2712202FB153363602046E8F72CFB74
S214031B30CAE72DE9F3474E790446B0074FF0000392
S214031B4058BF06F0010608460D46ADF8043054BFEC
S214031B5001360326FFF762F9074607F01F03002B3B
S214031B60E36A15BF4FF001084FF000084FF0030972
S214031B704FF0020999050CD59DF8043066F301036E
S214031B8068F345138DF80430019A2946204600F081
S214031B908EF9284607F0CBF849468246284607F0D2
S214031BA081F89DF80430AA798DF805A066F3010341
S214031BB068F345130C328DF80430BDF80430AB528D
S214031BC09DF80430A9189A066B7948BF8F7043F0C6
S214031BD001036B71FEF74FFB06462046294650F875
S214031BE0A48F07F006F994F84631013384F846319A
S214031BF0A36A1B070CD5B4F87C30012B02D9204608
S214031C00FFF756FF304602B0BDE8F047FEF739BB94
S214031C10656801F097FE0746E8F71AFC8442F1D19F
S214031C20ED1BB5F57A7FEDDDB8F1000F03D0D4F8E0
S214031C30A030002BE6D1E8F7A3FFE3E708B50220C0
S214031C4007F0B5F910B100F043FE012008BD10B54A
S214031C504FF4407104462830FFF7C4FB20460021AA
S214031C60BDE81040E5F754BD012310B5A1F12002ED
S214031C70C1F1200423FA04F403FA02F222438B4050
S214031C80D0E9084123400A40134314BF0120002033
S214031C9010BDC36A10B5044613F0080012D0012322
S214031CA0A1F12002C1F1200023FA00F003FA02F2A8
S214031CB002438B40D4E9080103400A40134314BF90
S214031CC00120002010BD10B50C46C9B2FFF7E1FF96
S214031CD070B1E6F7EDFDC4F12002A4F12003E04065
S214031CE001FA02F2104321FA03F3184300F001004D
S214031CF010BD70B504460E46E6F70CFFFEF7BBFABA
S214031D0084F87760054602212046E5F75FF820460B
S214031D100021E8F787FA2846BDE87040FEF7B1BA17
S214031D2070B504460D46FEF7A6FA0646E8F790FB9E
S214031D30844201D1E8F704FF3046FEF7A2FA2946AB
S214031D402046BDE87040FFF7D4BF0B68C0F84031AB
S214031D50704738B5D0F840310B6040F648059BB263
S214031D60AB420C4604D90B21FFF7ADFF08B925801B
S214031D7038BD44F290232380FAE708B500F0FBF859
S214031D80E5F78EF900F044FB00F008F8E6F7FAFDF5
S214031D90E7F7B6FBBDE80840E7F732BC704770B517
S214031DA015460E461C46FFF7C6FB2B684EB103606E
S214031DB06B6843602368C0F825302368C0F8153085
S214031DC070BD83606B68C3602368C0F829302368DE
S214031DD0C0F81930F4E770B50546FFF7ACFB0446C8
S214031DE0FEF749FA4FF4807106462846FFF7A7FB2D
S214031DF04FF400612846FFF7AAFB3046FEF741FA88
S214031E00002323612375236284F824302846FFF7D2
S214031E1094FB802310F0080F14BF237584F8243036
S214031E2070BD10B50446FFF712FF20461021BDE82B
S214031E301040E4F7CBBF10B54FF460610446FFF7DC
S214031E4089FB2046BDE81040FFF701BF7FB5064675
S214031E500C46FFF770FB4FF4C06105463046FFF7AC
S214031E6076FB4FF400613046FFF774FB4FF4806057
S214031E70E6F7C4FC224670B969462846E6F728F812
S214031E806B4605F1100213F8011B02F8011DAA4266
S214031E90F9D104B070BD6C4602F1100610685168A3
S214031EA0234603C30832B2421C46F7D1E8E7F0B52F
S214031EB087B00D46ADF80C20FFF73DFB04462846D9
S214031EC006F035FF064600B32846E6F73FF89DF8CA
S214031ED00C3005AF03F023032246314600930197E7
S214031EE004F12003FDF7DEFE2846E6F745F8042254
S214031EF03946284607F059F9236A0133236223B982
S214031F0094F82430013384F8243007B0F0BD30B59C
S214031F1085B00391ADF80820FFF70DFB0446039840
S214031F2006F005FF051F002D02DC002005B030BDBE
S214031F300398E6F70BF8431901939DF8083003F06E
S214031F4023030093224604F110032946FDF79BFE64
S214031F500028EAD10398E6F70FF8042103A806F051
S214031F6088FF2369013323610BB10120DEE7237D5C
S214031F7001332375F9E708B54FF40060E6F73EFC36
S214031F8040B94FF48050E6F739FC40B9BDE8084045
S214031F90EAF784BBFFF7C2FA0028F2D008BDFFF7C2
S214031FA0C1FA0028F2D0F9E741F0004141F4E021FC
S214031FB00160704707B501A8019106F033FE0020C3
S214031FC003B05DF804FB704770477047704710B561
S214031FD0DC1D043383734379C47123F0030343F096
S214031FE003030E244371012344738371C373018275
S214031FF0827410BDD31CC3713E234373437982732B
S21403200023F0030343F00303437101238371C17376
S21403201070470F234373042383734379A0F8111087
S21403202023F0030343F00303437140F20173C380B9
S21403203001230374C2737047D31CC371437941737E
S21403204023F0030343F00303437101238273837175
S214032050704708B50023FFF7BAFFBDE80840E6F768
S21403206079B82DE9F84380460220894617461E466E
S21403207006F09DFFD0B14579A0F810800C2343737A
S2140320800823837325F0030540F60133C38045F028
S21403209003059DF82030457180F81290A0F8137060
S2140320A0A0F81560C373E6F755F80120BDE8F8837A
S2140320B008B5022006F07BFF30B101221121FFF79D
S2140320C099FFE6F747F8012008BDF8B50F46164610
S2140320D0132109221D46FFF78DFF837904460C332F
S2140320E01C44A170E77026712B68C4F80530AB88D2
S2140320F0A4F80930BDE8F840E6F72CB870B50646F4
S21403210002200D4606F053FF044668B1142104224C
S214032110FFF770FF83790C331C44A170A4F80360A7
S2140321206571E6F717F8012070BD08B501F06CFD80
S21403213008BD2DE9F041074602200D4690461E468F
S21403214006F035FF0446E0B109222121FFF752FFCE
S21403215083790C331C440A22BDF9183093FBF2F33F
S21403216023729DF81C30637284F80380BDF9203017
S214032170A78093FBF2F3A671E571A372E5F7EAFF76
S2140321800120BDE8F08137B5044606F0D0FDA379FB
S2140321900C33E518C0B23E22E254831E6B700D2347
S2140321A0AB70AB798DF807301C38012BE87609D174
S2140321B000231A46E91D0DF10700FEF754FE9DF8AD
S2140321C00730AB712046E5F7C5FF03B030BD704757
S2140321D010B5E5F7F9FF83790C33C4180021E078CE
S2140321E0E4F7FAF96168FFF776F80446E5F7F2FFD5
S2140321F022460023BDE810404FF61941FFF7E7BE1D
S21403220010B5E5F7E1FF83790C33C4180021E078B5
S214032210E4F7E2F96168FFF76CF80446E5F7DAFFDE
S21403222022460023BDE810404FF61A41FFF7CFBE03
S21403223070B5E5F7C9FF002186790446FE20E4F76A
S214032240CBF90546E7F7A8FB50B10C24E5F7C2FF28
S21403225022460023BDE8704042F20501FFF7B7BEF1
S214032260E7F7E0FB0028F0D134440F342DB12146C4
S2140322702846FFF74EF80028E7D02046E6F70AFA86
S2140322800024E3E72DE9F041E5F79EFF83790C335D
S214032290C4180025E678E5F797FF0768E5F794FF87
S2140322A0A6F1FE035942594105603046E4F794F916
S2140322B022793B462946FEF768FF0446E5F78AFF80
S2140322C02B46224642F23701BDE8F041FFF77FBEB8
S2140322D02DE9F041E5F778FF83790C33C418002520
S2140322E0E678E5F771FF0768E5F76EFFA6F1FE03EC
S2140322F05942594105603046E4F76EF922793B4668
S2140323000121FEF742FF0446E5F764FF2B4622460B
S21403231042F23801BDE8F041FFF759BE2DE9F04718
S214032320E5F752FF83790C33C418277994F80380B2
S21403233027B9B8F1010F27D0E4F7B0FB0534002620
S214032340BE420ADB0025E5F745FF2A460023BDE823
S214032350F04742F23901FFF73ABE2078B4F801504D
S21403236094F80390A0F1FE03594259410434E4F76C
S21403237033F958B12A464B464146E4F78BFA0546ED
S2140323800028E0D10136DBE71225DCE74225DAE751
S21403239010B5E5F719FF83790C33C4180021E078EC
S2140323A0E4F71AF980B1211DFEF7B3FF00280CBF2E
S2140323B00C240024E5F70EFF22460023BDE8104058
S2140323C042F23501FFF703BE4224F3E7FE282DE968
S2140323D0F8430646894690461F4616D0022006F066
S2140323E0E6FD044690B106221221FFF703FEA57907
S2140323F00C3525441223AB7085F803902E71A5F88F
S2140324000580EF712046E5F7A5FE0120BDE8F883B9
S214032410704710B5E7F7C0FA0446FEF717FD2043EA
S214032420C0B210BD38B5E5F7CFFE8379C17903F1A5
S2140324300C020244CB1A02200021B2F8035006F025
S214032440E1FE044640B9E5F7C5FE0722BDE838407D
S21403245042F21901FFF7DDBD2846E4F78DFC38B1DB
S2140324602146E7F761F80446E5F7B4FE2246EDE7B2
S2140324702046FBF715FC0224F6E770B5E5F7A4FE45
S21403248083791844B0F80F60B0B2E4F775FC80B1F6
S214032490002100F06EFE0546E5F79CFE0446022387
S2140324A02A4642F21B01FFF792FDA3791C4466827B
S2140324B070BD0225F0E770B5E5F786FE83790C3329
S2140324C0C418B4F803502846E4F756FCA0B1611DBF
S2140324D000F04FFE0646E5F77DFE0446022332462D
S2140324E042F21A01FFF773FDE37923449D72E37901
S2140324F01C442D0AE57270BD0226ECE710B5E5F71D
S21403250063FE83790C3318444479B0F80300E4F788
S21403251033FC60B12146E6F7E3FD0446E5F75AFED1
S214032520E2B240F20641BDE81040FFF772BD022456
S214032530F4E770B5E5F748FE83791844B0F80F5012
S214032540FDF799FE04462846E4F716FC80B11621EB
S214032550FFF7E6FB00252046FDF793FEE5F73AFE78
S2140325602A460023BDE870404FF60441FFF72FBD0F
S2140325700225F0E7F8B5E5F727FE84790C34044422
S2140325800546B4F80300E4F7F7FB064640B9E5F75B
S21403259021FE0222BDE8F84042F21301FFF739BDDF
S2140325A0AB79E97903F10C022A44CB1A0220002105
S2140325B006F028FE014618B9E5F70CFE0722E9E700
S2140325C08379033383713046B4F80D50B4F80F7033
S2140325D0E6F73AFD3A46044629463046FFF78DF8B5
S2140325E0E5F7F8FD2246D5E738B5FDF744FE044681
S2140325F0FFF70FFF00280CBF0C250025E5F7EAFDC3
S2140326002A4642F20E01FFF724FDE7F7A1FA204619
S214032610BDE83840FDF735BE10B5E5F7D5FD83793F
S2140326201844B0F80F00C0B2E4F716FFE5F7D2FD82
S2140326300023BDE810401A4642F22401FFF7C7BC48
S2140326402DE9F84381460220884617461E4606F0C3
S214032650AEFC044690B10A220321FFF7CBFCA57912
S2140326600C35254400232046EB70A5F80490A5F806
S21403267006802F816E81E5F76DFD0120BDE8F883A6
S2140326802DE9F04385B0814602209DF844808DF8FD
S2140326900F200E461F4606F08AFC0546002844D047
S2140326A022222921FFF7A6FCAC790C342C4404F132
S2140326B00E03002204F11401C4F80E2030469A805B
S2140326C06261228300913A460DF10F01FEF7CCFBBF
S2140326D09DF84030E37006F00103A3719DF80F30B8
S2140326E0A4F80490E3713B68A360BB88A38116F04B
S2140326F0FD0F4FF6FF7304D0032E08BF43464FF07B
S214032700FF08BDF830206283BDF83420A283BDF8ED
S2140327103820E2839DF83C2084F82020284684F85D
S21403272021806384E5F716FD012005B0BDE8F0833C
S214032730F8B50746022016461D4606F038FC044642
S21403274090B10C220421FFF755FCA1799DF81830AF
S2140327500C31214420468F80C1F80660C1F80A5028
S214032760CB70E5F7F7FC0120F8BD70B506460220EE
S2140327700D4606F01CFC044668B103223021FFF721
S2140327805BFCA3790C3323442046A3F803609D70B7
S214032790E5F7E0FC012070BD70B5064602200D4645
S2140327A006F005FC044688B104220821FFF744FC22
S2140327B0A3790C332344B5FA85F252092046A3F8CD
S2140327C003605A719D70E5F7C5FC012070BD2DE9C5
S2140327D0F84381460220884617461E4606F0E7FB66
S2140327E00446B0B10B220721FFF704FCA579BDF818
S2140327F020300C3525442046A5F80390A5F805801F
S214032800A5F80770A5F80960A5F80B30E5F7A2FC54
S2140328100120BDE8F883F8B5074602200E461546A4
S21403282006F0C5FB0446A0B10D220521FFF7E2FB27
S214032830A3790C3323442046A3F80370A3F80D6052
S2140328402A68C3F805206A68C3F80920E5F782FCFE
S2140328500120F8BD2DE9FF410A9C16466A468046CC
S2140328600F4603F1100E1546186859689446ACE8EF
S2140328700300083373456246F6D124B9022006F0F6
S21403288096FB044608B31D22ED212046FFF7B2FB54
S214032890A3790C332344A3F80380A3F80D702EB159
S2140328A03268C3F805207268C3F809200F3304AEF4
S2140328B02A4603CAB24218605960154603F1080354
S2140328C0F6D12046E5F746FC012004B0BDE8F081CA
S2140328D013B5827901900C321321815484184FF476
S2140328E04072C280E5F7CCF9A07020B901A806F0C3
S2140328F099F902B010BD8000013060700198E5F7C9
S21403290029FCF6E770B5064602200D4606F04FFB97
S214032910044678B104220521FFF78EFBA3790C3316
S214032920234400222046A3F803605D719A70E5F7FE
S21403293011FC012070BD13B5837901900C33C418C4
S214032940C05CE4F719FA20B901A806F06BF902B0E7
S21403295010BD6378019913F0300F8B7903F10403EC
S2140329608B714B790CBF0122002262F300034B717B
S214032970E4F7CEFEEBE72DE9F041E5F725FC837996
S2140329800C33C418B4F803801FFA88F0E4F7F4F99C
S214032990054600B3A2796179FEF7BEFE0646E5F763
S2140329A019FC07460223324642F27A01FFF70FFB71
S2140329B0BB793B443846A3F81280E5F7CBFB46B910
S2140329C0A37933B12846FFF76EF801462846FEF78B
S2140329D073FDBDE8F0810226E1E700F05FBE50E834
S2140329E0003F0B4340E80032002AF8D17047704797
S2140329F070B50E461546E4F77FFB044648B93046E5
S214032A00E4F730F9044620B92846E9F76DFD044695
S214032A1040B10020E4F770FB0020E4F723F9002020
S214032A20E9F762FD204670BD4FF40010EAF796B84A
S214032A30E8F754BFE5F710BE4368143B4360A02392
S214032A400B6070471AB94268A2EB530242600A68E9
S214032A5002EB83020A607047884210B518D805282F
S214032A6016D9B1F5486F13D8B3F5FA7F10D2A2F191
S214032A700A0080B240F67644A04209D801339BB2DE
S214032A804B435B00B3EBC20F94BF0120002010BD85
S214032A900020FCE7C94350E8003F0B4040E8003203
S214032AA0002AF8D17047002070472DE9F04104460C
S214032AB00F4600264FF00108214686F00100FEF778
S214032AC033FD4FF48051FFF7E5FF836833B9404683
S214032AD00EB1BDE8F08101268046EDE7028ABA42D0
S214032AE006D100220121204698470028EFD1EFE7C0
S214032AF00268D205EBD500221146F4E708B5FEF7C7
S214032B002CFD00230380436008BD70B506460C46C3
S214032B10FDF7B1FB05463046FEF71FFD30B10378DF
S214032B201C4304704FF40070EAF718F82846BDE813
S214032B307040FDF7A6BBE4F7EBBD07B542798DF809
S214032B40071022F0030242F00302427140F20332FE
S214032B50C2800DF10701012206F047F803B05DF8C5
S214032B6004FBF8B5174606460C461D46FEF7EDFC75
S214032B70020713D502213046FFF776F870B111210C
S214032B802046FFF7DAFF2046E5F76CFF45708770AF
S214032B9021463046BDE8F840E4F7BABD2820C5F123
S214032BA020024FF08861A5F12003E94000FA02F203
S214032BB020FA03F311431943CB07E0D40D21204633
S214032BC0FFF7BBFF2046E5F74DFF4770E0E770B51C
S214032BD00C460546072120461646FFF7AEFF20465D
S214032BE0E5F740FF214646702846BDE87040E4F707
S214032BF08FBD38B50C4600210546FEF7BEFC241AE9
S214032C00A4B247F6FE739C4205D928462821FFF74F
S214032C1070F8002038BD0120FCE738B504460D46A1
S214032C2001460020FEF780FC03689B0505D4294671
S214032C302046BDE83840FFF7DCBF002038BD2DE94D
S214032C40F04115469DF818801F46FEF76DFC0446B6
S214032C50FDF711FBB8F1010F064623D154E8003FF8
S214032C6043F4807344E80032002AF7D105B354E8EE
S214032C70002F42F4007244E80023002BF7D1FF2113
S214032C802046FFF707FF54E8002F48EA020244E80D
S214032C900023002BF7D1A56027823046BDE8F0411C
S214032CA0FDF7EFBA4FF480712046FFF7F3FEDDE73A
S214032CB04FF400712046FFF7EDFEE0E773B50646D6
S214032CC001200C46FEF730FC0023054600931A4607
S214032CD021463046FFF7B3FF6B6863B14FF480714C
S214032CE02046E4F773F855E8003F43F4007345E8DD
S214032CF00032002AF7D1FDF7BEFA05462046FEF756
S214032D002CFC28B103881BB14FF40070E9F726FFAB
S214032D10284602B0BDE87040FDF7B3BA38B505469D
S214032D200C46FEF701FC83684BB1022120460022C5
S214032D30984721462846BDE83840FFF7BFBF38BD51
S214032D40012938B505460C4608D0CC1E012C03D8FD
S214032D5001460120FFF7E2FF012038BD2221FEF7DE
S214032D605BFC20462946FFF7D9FF0020F5E708B5A8
S214032D70FEF7DAFB006800F0F00008BD10B5014668
S214032D8004460120FFF7F3FF20B92146BDE81040B3
S214032D90FFF7EDBF10BD70B506460C460146012091
S214032DA0FEF7C2FB314605460020FEF7BDFB2B6847
S214032DB00268014643EA0200C0051ED49B0502F4DE
S214032DC0007203D49AB94FF0FF3070BD2B8A1B1BD9
S214032DD098B27AB1098A091B89B28842A8BF084605
S214032DE04FF6FF73984208BF4FF0FF30EDE74FF6FC
S214032DF0FF70EFE74FF6FF71EFE70120E5E72DE9F8
S214032E00F34104460191014601201546FEF78CFB6B
S214032E10214606460020FEF787FB80462046FEF73F
S214032E208CFB810606D501A805F0FCFE0C2002B03B
S214032E30BDE8F081FDF71FFA33689A05074603D409
S214032E40D8F800309B0509D50199301D8D6005F033
S214032E50D0FF3846FDF715FA0020E8E7FDF711FA2C
S214032E6001992046A847E2E738B501460446012003
S214032E70FEF75AFB05460C3005F0D4FE281D05F078
S214032E80D1FE21460020FEF74FFB04460C3005F02A
S214032E90C9FE201DBDE8384005F0C4BE70B5014626
S214032EA005460120FEF740FB0646043005F037FFD3
S214032EB0044670B14FF400713046FFF7EBFDA3688C
S214032EC021462846984720B12046BDE87040FAF7C9
S214032ED0E7BE70BD0023C0E900318260704708B5C5
S214032EE00B4601461846FEF71FFB0068C0F340205A
S214032EF008BDFFF725BFCB1E012B70B504460D4654
S214032F00164606D81A21FEF787FB40212046E3F72C
S214032F105DFF324629462046BDE87040FFF710BFE6
S214032F2038B504460D46FEF763FB28B1012D04D1E0
S214032F3022212046FEF770FB002038BDF8B58B79BA
S214032F400B440C46D3F80D60D3F8113032460746CF
S214032F50E4F7C0FB09212046FFF7EFFD2046E5F71F
S214032F6081FDA579E5F7A4FC0C35254466F0FF063C
S214032F700640C5F80160E5F79BFC3846C5F8051022
S214032F802146FFF7D8FD02213846FFF7BEFDF8BD00
S214032F9070B50E46054601460020FEF7C5FA012E1B
S214032FA0044603D0022E11D0012070BDC1688B7970
S214032FB019440D312846FEF798FBE068FAF770FED1
S214032FC00020E0602946FFF779FEEDE7C068FAF7D0
S214032FD067FE0023E360E7E738B50D46044601467F
S214032FE00120FEF7A1FA012D08D100F112012046B7
S214032FF0FEF77BFB21462846FFF760FE012038BD1F
S21403300008B5FEF79AFAC0F3C00008BDF8B50C463B
S2140330100746FFF7F5FF80F00106F6B2394630465D
S214033020FEF782FA0546C068012C837903D0022C8A
S2140330301BD00120F8BD0C33C41838462389E28818
S214033040A188FEF72AFC61886278490089B252009B
S2140330503846FEF7ADFAE868FAF722FE0023EB607F
S21403306039463046FFF72AFEE3E7FAF719FE002350
S214033070EB60DEE708B5FEF768FA00F0010008BD6E
S21403308038B50C4602210546FEF761FA0C212046A8
S214033090FFF753FD2046E5F7E5FC4FF0FF3383705B
S2140330A00223C3700D2343706FF02F0303710523B0
S2140330B0437121462846BDE83840FFF73CBD042946
S2140330C010B5044601D0002010BDFFF799FFC0F1EC
S2140330D00200E5F793FB0028F5D105F068FF0146EB
S2140330E008B90220F0E72046E5F7CCFF0028F8D120
S2140330F00120E9E708B5FEF720FAC0F3C00008BDD3
S2140331002DE9F0410F4604469046FFF7F3FF80F0A3
S2140331100105EDB221462846FEF706FA012F0646BC
S21403312003D0032F0FD001200BE02046FEF783FECB
S21403313022212046FEF770FA28462146FFF7EEFDC9
S2140331400020BDE8F081C068FAF7AAFD0023F3600B
S2140331502046FEF770FE5FFA88F12046FEF75CFA1B
S21403316020462021E3F732FE21462846FFF7D6FD08
S214033170D9E737B504460D46FEF7E7F903054CD500
S214033180022005F014FF0190002848D0204645B3DE
S214033190FFF7B0FF50B105210198FFF7CEFC019869
S2140331A0E5F760FC01992046FFF7C5FC2046294653
S2140331B0FEF74CFE2046FFF79DFF78B94FF40061FB
S2140331C02046FEF7BFF906210198FFF7B6FC0198E3
S2140331D0E5F748FC01992046FFF7ADFC002003B055
S2140331E030BDFFF787FF68B1019903230622204607
S2140331F0FFF7B7FC2046FEF71EFE21462846FFF7DC
S2140332008DFDEBE701A805F00DFD20463D21FEF7F9
S21403321070FD2046FEF70FFEE0E70C20DFE70720F1
S214033220DDE7F7B5014604460020FEF77DF90546BF
S21403323000F112074FF48060E5F7E0FA50B9204634
S214033240E3F7AEFD698B3A4680B203B0BDE8F040C3
S214033250FFF7E1BA2046E3F7A3FD064620466D8B4B
S214033260FEF769F900220346009229463A46B0B2B1
S214033270FFF7F0FA03B0F0BD83781A2B09D81B23A7
S21403328083700288B2F5A47F07D24FF4A473038039
S21403329007E0FB2BF5D9FB23F2E744F290239A428F
S2140332A0F5D87047F0B5CA798B7987B043EA02231D
S2140332B0ADF80C308B888DF80E30CA788B7843EADD
S2140332C002230446ADF8103003A80B888DF812309D
S2140332D0FFF7D2FF04A8FFF7CFFF05A92046FEF7A6
S2140332E038FD0B212046FEF7EEFC40F6480544F277
S2140332F09023002818BF1D469DF80E30BDF81460B5
S214033300BDF81020BDF80C709DF816009DF812103D
S214033310AF42D4BF00970095FB2BA8BFFB23B24256
S214033320A8BF32468142A8BF01462046FEF728FBC7
S21403333007B0F0BD37B5144605461046FFF7FDFB4C
S2140333402046E5F78FFB01A904462846FEF701FD54
S2140333500B212846FEF7B7FC6FF0040363700023C7
S214033360A37044F2902240F64803002818BF134681
S214033370A4F803309DF80630A4F80530BDF80430F1
S214033380A4F8073003B030BDFFF7DABC022973B5E3
S21403339005460C4603D00024204602B070BD052126
S2140333A0FEF762FC0028F6D0E4F75CF81B28F2D997
S2140333B04FF40040E5F722FA0028ECD105F0F7FDBC
S2140333C006460028E8D001A92846FEF7C2FC9DF869
S2140333D00630BDF8042031462846E6F727F90028CC
S2140333E0D9D10124D8E730B190FAA0F00123B0FA7E
S2140333F080F08340D8B2704770B50646FEF7A5F84E
S21403340080F0400402060546C4F3801406D408215F
S2140334103046FEF73EFC08B144F00204EB0506D442
S2140334200B213046FEF735FC08B144F00404204671
S21403343070BD2DE9F843044691460F46FEF785F81E
S214033440C0F340152046FEF72BFB21468046284650
S214033450FEF76AF8494606462046FEF7DDF898F872
S2140334600110384601F00F0100F024FA062814BFB5
S214033470014600212A462046FEF7B6FA214628468C
S214033480FFF71CFC20212046FEF764F856E8003FB1
S21403349043F4805346E80032002AF7D1BDE8F883A8
S2140334A0F8B50E4604461546FEF74FF8032EC0F34E
S2140334B040170DD0042E16D0012E12D122212046FD
S2140334C0FEF7AAF838462146FFF728FC0020F8BD89
S2140334D0EAB200212046FFF7ACFF21463846FFF745
S2140334E01DFC0120F3E70C22F3E7012910B504467F
S2140334F00BD1FEF72AF82146C0F34010FEF714F866
S2140335000022817C2046FFF794FF012010BD2DE9A1
S214033510F7430F460546FEF718F800F02009C0F3F8
S21403352040182846FEF7BCFABB790C333B445E785A
S2140335309B781E400378C3F3030000EA1310304061
S214033540FFF751FF044648B9B9F1000F06D12846E4
S214033550FFF752FF3040FFF746FF04462846FEF7C4
S214033560A2FAE8F797F8A04223D01CB30221284614
S214033570FEF703F8002106462846FEF72CF9182125
S2140335803846FFF7DAFA3846E5F76CFAB6B244700F
S2140335908470A0F8036039462846FFF7CCFA0096F5
S2140335A02346224629464046E6F77AF803B0BDE8A6
S2140335B0F08300242646E2E770B504460D46FFF77F
S2140335C0DDFB28B929462046BDE87040FFF79FBFBC
S2140335D04028294620464FF01603BDE8704014BF26
S2140335E02A222322FFF7BDBA38B505460C46FDF757
S2140335F0ACFF830604D42046BDE83840FAF750BB38
S21403360021462846BDE83840FFF781BF73B58C795D
S2140336100C340C4406460D46FDF797FFA278032AA2
S214033620C0F3401014D0052A28BF00226378032B6A
S21403363010D0052B28BF0023B4F8031000913146A1
S214033640E6F72EF8284602B0BDE87040FAF728BB26
S2140336500022EBE70023EFE708B58B790B441B7BCF
S214033660162B03D0172B05D0002008BDFFF7A4FFA9
S2140336700120FAE7FFF7B8FFFAE708B58B790B44A2
S2140336801B7B162B03D0182B05D0002008BDE6F7AE
S21403369031F80120FAE7FFF7B9FFFAE770471FB5DD
S2140336A04A1E042A03460C465FD8012902D1008825
S2140336B004B010BD022905D100885B88984238BF44
S2140336C01846F5E74A00014601A804F0F2FE032C6B
S2140336D007D10023ADF80A304FF6FF73ADF80C3070
S2140336E001E0042CF8D0BDF80620BDF80430934260
S2140336F084BFADF80630ADF80420BDF80A30BDF837
S2140337000C20934288BFADF80A20BDF80A2088BF74
S214033710ADF80C30BDF80430934288BFADF80A30DC
S214033720BDF80620BDF80C309A4288BFADF80630C7
S214033730BDF80820BDF80630934284BFADF80830C4
S214033740ADF80620BDF80A30BDF808209A4288BFB7
S214033750ADF80830BDF80820BDF806309A4238BFE9
S214033760ADF80830BDF80800A2E74FF6FF709FE7F4
S214033770012804D0022804D030B9E7F7EDBBE7F7F9
S214033780DBBB0020E6F756B9704710B1012803D01B
S21403379070470120E6F74EB90020FBE7F7B51F4652
S2140337A08B1E012B05460C46164613D8FDF756FB13
S2140337B00023CDE90005F01A18BF01201A46394642
S2140337C0FDF75AFB80B1022C0BD12846E4F73CFFE9
S2140337D0002004E00029F8D0012902D0FF2003B01E
S2140337E0F0BD2846E4F774FF0120F8E770B59DF8AE
S2140337F010600D4600210446817106F10C014173E9
S214033800111E03F00F00237B18BF012140EAC110ED
S21403381003F04003184320732B469DF8141004F15D
S2140338200E00FFF7BBFF237B60F3861323732B681F
S2140338306361AB882383A3790E363344E37170BD8B
S21403384010B541898389C28904460846FFF704F9FF
S214033850E0B1E279531E072B19D86389934216D930
S21403386022899A4213D8237C43B9637C33B9A37C59
S21403387023B9E07C10B9237D0F2B07D9607D1B305D
S21403388000F01F000B288CBF0020012010BD002075
S214033890FCE708B5E8F7DAF9BDE808400020E8F7E2
S2140338A0C5BBC94350E8003F0B4040E80032002A3E
S2140338B0F8D17047022808D0042803D0012818BF7F
S2140338C00620704701F00101C81C7047E8F710BFD7
S2140338D00A2802D80130C0B27047242801D8023023
S2140338E0F9E7252805D0262805D0272818BFFF2066
S2140338F07047002070470C20704708B5E7F746FF6F
S214033900BDE808404FF00060E9F728B908B5E8F7C6
S214033910F5FE20B1BDE808401020FFF7EEBF08BD56
S214033920704770477047704770470020704770476E
S2140339307047704770477047104619467047002017
S2140339400021704703F0E3BFF2F764BB04F097B8B7
S21403395008B5E8F71FF920B1BDE808400420FFF7D3
S214033960CCBF08BDF0B585B00D468DF807001646EA
S21403397002B983B39DF807002946FDF783FA044688
S21403398090B99DF807002946FDF780FA20BBF6B1EB
S2140339909DF80700003818BF01202946E8F76CFD9C
S2140339A0441C18BF012417E002AF012239460DF16B
S2140339B00700FDF769FA024604464EB19DF8073044
S2140339C0181E18BF0120002A18BF3D46E5E701244C
S2140339D0FDF747FA00B90124204605B0F0BD37B518
S2140339E002460846136A03F4007403F40015DB0565
S2140339F005D47CB9E4F728FE204603B030BD4CB9A5
S214033A00D2F855100160B2F859208280B5FA85F4D1
S214033A106409F1E7019092F95430009300231A46A3
S214033A2019461846B5FA85F4FDF726FA6409E3E75E
S214033A3070477047024619460020E8F7FBBB002094
S214033A4070470020704707B500214FF0FF336A46E2
S214033A50084600938DF80430E8F77EFD03B05DF862
S214033A6004FB38B50546006804F07EFF0446287953
S214033A7000F01F0004F078FF2044C0B2012894BF72
S214033A800020012038BD70477047914270B50D463F
S214033A9014461E4609D2FFF719FF641B013490FB38
S214033AA0F4F303FB14000544ACB23480FFF70EFFB7
S214033AB033880133B0FBF3F202FB1300049B188038
S214033AC070BD7047704770470120704708B52020C7
S214033AD000F068FF003818BF012008BD08B5FFF7DF
S214033AE0F5FF20B1BDE80840202000F063BF08BD05
S214033AF073B506460D461446D2B100F050FFA842F1
S214033B0018D8304600F060FF01460190A0B10023AC
S214033B102A46204605F07CF801A805F083F82246DD
S214033B20022052F8041B00F0FCFE002002B070BD19
S214033B302220FBE72120F9E72D20F7E708B5F9F760
S214033B40E1FD08B1012008BD00F060F8F9F7E2FDD9
S214033B500028F7D1EBF7AAFA003818BF0120F2E7DE
S214033B6008B5E8F7A9FF00280CBF0420012008BD0C
S214033B70E8F7B0BF0020704730B5044687B0084664
S214033B801546FEF757FF122200210DF1060004F03A
S214033B9076FCA3680293E3680393E38BADF81030D7
S214033BA0238CADF81230ADF80450FFF7E3FF029B09
S214033BB08DF8140043F41053029300F05FFE18B11F
S214033BC0029B43F00403029301A8E4F729FE10F0D6
S214033BD0FF0516D1A38CADF800300DF10201E38C7E
S214033BE0ADF80230684600F034FDE9F70FF8FEF74B
S214033BF01FFF012103F05FFDEAF758FB284607B0D5
S214033C0030BD40F20C40FAE7E9F710B8FBF741BEC7
S214033C10DAF7F4BE0120704770B50C460646114627
S214033C201D46E9F7CBF858B144EA06206FEA404050
S214033C306FEA50402A4680B2BDE87040E9F712B8F2
S214033C4040F2064070BD83791A07014603D5062263
S214033C500020E9F7D7B89B0602D506220120F8E72D
S214033C604FF0FF3070478379532B01D1E9F7FCB847
S214033C70FFF7E9BF70B5064614461D46E9F79EF8FA
S214033C8010B90024204670BD41EA06206FEA404082
S214033C906FEA50402A46214680B2E9F701F8002829
S214033CA0F0D0EEE713B50446E9F788F810B900201C
S214033CB002B010BD08226B4611462046FFF7DAFF16
S214033CC00828F4D19DF80230002BF0D09DF90300AC
S214033CD0013018BF0120EBE77047002070475328D8
S214033CE038B505460C4604D1BDE838400846EDF71E
S214033CF0A1BB0620FAF7E6F968B96379142D03F039
S214033D003F03637104D0722D08D163F03F036371E0
S214033D10A571002038BD40F20740FBE72120F9E7F4
S214033D201FB550F80C4BADF8061094F870408DF89C
S214033D300820ADF80A3001AA069B8DF8044040F22D
S214033D400351039304F0A3FE10B906A804F06AFF18
S214033D5004B010BD2DE9F04186B04FF000080446CC
S214033D600E46CDF80C8000F14407154612B303A89F
S214033D7004F058FF384604F055FF84F81C800023EF
S214033D80009332462B461821204600F095FF05F592
S214033D908855204604AA50F80C3B059593F87030D6
S214033DA08DF8103040F2055104F071FE002006B085
S214033DB0BDE8F08143691A0710D4A846384604F0D4
S214033DC04FFF03460390C0B903A804F02BFF384601
S214033DD004F028FF0023237755B1D0E723F0080328
S214033DE0436103A804F01EFF384604F01BFF257743
S214033DF0204600F0DDFF0025CBE7997901F10C02A0
S214033E001A440531B2F80160B2F8032099712046CE
S214033E10314601F0FBFCCDF80C800028CED00546D9
S214033E20D2E72DE9F84F0E469DF828B091469A46FC
S214033E30054610B1037C012B60D0284601F0FDF93E
S214033E40304601F076FB002231468046284601F0D4
S214033E50E3FB0746304601F065FE42F6052398422B
S214033E601CD118F0300F26D1BBF1000F33D018F059
S214033E70200F3FD0BA073FD5EB8B002B38D15346E4
S214033E804A463146284600F0C7FF0446E8B9EE83A3
S214033E9040F20A41284601F0DEF916E0284601F012
S214033EA081FA0028DDD0284601F091FA0028D8D000
S214033EB041F2121409E0B907D6D03146284601F07C
S214033EC047FC0028D0D000F58854284601F0BAF9FC
S214033ED02046BDE8F88F18F0100F0BD0FB070BD564
S214033EE053464A463146284600F071FF0446ECE73F
S214033EF00524EAE72124E8E70224E6E70724E7E7C0
S214033F002DE9F04786B000259DF8389090F81CA060
S214033F100F9E057704460F469046B9F1000F09D069
S214033F200A4600964B46514600F0C6FE284606B0A3
S214033F30BDE8F087BAF1080FADF8169026D145898B
S214033F40043DADB29D4232464FF002014FF00900E8
S214033F50A8BF1D4600F041FE0222814605A9304651
S214033F60ADF8147005F021F92A464146304605F0AF
S214033F701CF9831C054689F8013031462046EBF7C9
S214033F80A7FAADF81650BDF81600D0E7BAF10A0F37
S214033F900DF11602CDE9016200930CBF0B210D2132
S214033FA04346012200F0ACFE1A28ECD1CDF800906F
S214033FB011233A4651462046ADF8169000F07CFE93
S214033FC0E1E7F0B589B017460025012204460E4600
S214033FD00393ADF8165001F04EFB8DF8150000283C
S214033FE046D1304601F0BFF910B1304601F07DFAF4
S214033FF0304601F0AEFAB8B103A804F013FE20462B
S214034000237F50F80C2BADF81A6092F870208DF8C9
S214034010182040F2025106AA8DF81C30ADF81E7027
S21403402004F035FD09B0F0BD0DF115030DF11602D0
S2140340303146204601F0BCFB9DF8153002465BB9BD
S214034040BDF81630BB4235BF0723DB1B8DF8153092
S214034050D21928BFADF81630039B01939DF815308F
S21403406000933146BDF816302046FFF749FFD9E7DF
S2140340702A46F1E770B504460D46164601F073F975
S21403408040B933462A46214601F0C0FB08B100F585
S214034090885070BD41F20310FBE71FB550F80C4B78
S2140340A0ADF8061094F870408DF80820ADF80A3085
S2140340B001AA069B8DF8044040F20151039304F0D5
S2140340C0E6FC10B906A804F0ADFD04B010BD1FB59C
S2140340D050F80C4BADF8061094F870408DF8082095
S2140340E0ADF80A3001AABDF818308DF8044040F246
S2140340F00451ADF80C3004F0CAFC04B010BDF0B5A2
S21403410085B0122703920777022205460E4601F072
S214034110B2FA044668B103A804F084FD00232B77A3
S21403412000230093324623461221284600F0C4FD9E
S2140341300FE0039A937903339371304601F009FA3B
S21403414048B1039B00933A46234631462846FFF779
S214034150E7FD05B0F0BD42F6293001F04AFCB04257
S21403416020D1039830B903A804F05CFD00232B7715
S2140341700D24D5E704F0DBFD80B20128F3D1039BC1
S2140341809A7913442846197B01F047F9044603A895
S21403419004F048FD00232B77002CC1D1284600F0FD
S2140341A0CEFDD6E72246039B3146284601F02EFB7A
S2140341B00446EFE72DE9FF410392042204460D4629
S2140341C001F059FA074628B103A804F02BFD04B002
S2140341D0BDE8F081039A93794FF052080333937145
S2140341E0284684F81C8001F0B4F9064640B1039BC8
S2140341F0009342463B4629462046FFF791FDE6E7F5
S21403420042F6293001F0F5FBA842039B0BD19A79BD
S21403421013442046197B01F000F903A804F002FDBD
S21403422000232377D3E732462946204601F0EEFAE9
S214034230F6E72DE9FF418B790C330B440446B3F8BC
S2140342400170B3F8038038460E4601F06AF9002879
S21403425058D002223946204601F00DFA0546E8B941
S214034260384601F076F968B116222277B37905331A
S214034270B3713946009643462046FFF751FD04B016
S214034280BDE8F081F9F7A2FC33461B680135EDB2B1
S214034290002BFAD10635A8421DDC092504F144009B
S2140342A004F0C0FC00962B463A461621204600F042
S2140342B003FD092DE3D1204602AA50F80C3B93F8E0
S2140342C070308DF8083040F2055141F2091303931C
S2140342D004F0DDFBD3E70121304604F031FF01464D
S2140342E00028DAD004F1440004F083FDB3790533E3
S2140342F0B371424633463946204604B0BDE8F04122
S21403430000F02CBD0125C9E713B5044641B9443076
S21403431004F088FC204602B0BDE8104000F048BD1B
S2140343204369182213F00803027706D0002300938C
S2140343301946FFF7F5FC02B010BD1A46194602B03F
S214034340BDE81040FFF706BD7FB5C58B04462DB309
S21403435042F6052001F04DFBA84207D10021204676
S21403436001F03CF8636923F00103636140F20A41FC
S214034370204600F076FF00260DF10E022946204661
S214034380ADF80E6001F048F9BDF80E200092034622
S214034390022229462046FFF79AFEE68304B070BD44
S2140343A02DE9F0470E46BDF8209090461F4604467A
S2140343B018B941F20110BDE8F087084601F0B1F8DC
S2140343C00028F6D06589033DADB24D4509D3CDF837
S2140343D020804B463A4631462046BDE8F047FFF775
S2140343E020BD4920E7E7F7B504461F460E461546A7
S2140343F000F023FF237C012B58D0237F182B2CD0CF
S21403440063691B0713D5217F16292DD008D81229D7
S21403441014D00225204600F015FF284603B0F0BD51
S21403442018291AD05229F4D10023237713E03046F3
S21403443001F08FF80028E6D12125EBE70023237748
S21403444035B1009332462B46204600F035FC02E099
S214034450204600F074FC0025DCE72A463146204659
S214034460FFF778FC0546D5E700232377002DE8D130
S214034470BDF82430089A00950521172000F0D1FBDB
S21403448020B90095112332461221DDE700F086FBA2
S214034490626942F0080262618279053203468271DC
S2140344A031463A46204600F059FCD4E70725B1E7E3
S2140344B02DE9F041054688B042F6052001F099FA49
S2140344C0064604A8ECF7B8F8102205F121010DEB17
S2140344D0020003F0AAFF50B10121284600F07EFF38
S2140344E0284601F038FB6B6923F001036B6142F643
S2140344F0030303A90220ADF80C30ECF7ABF9012453
S21403450007464FF0000820463A464FF6FF7101F083
S21403451035FA044610B908B0BDE8F08101F001F899
S2140345200134A4B20028EED0A64203D13146284671
S214034530E8F7E2FF0DF10E0221462846ADF80E809D
S21403454001F06AF803460028DDD0BDF80E2000927D
S214034550214601222846FFF7BAFDD4E708B5ECF753
S21403456059F80020E9F756FC002008BD10B90120D1
S214034570E9F744BD70470220E9F736BD0020E9F7A6
S21403458033BD38B50C460546E3F71EFE4379C475BE
S21403459023F0030343F0030343710923837104F1F8
S2140345A00C03C371A0F81550153038BD2DE9F3413F
S2140345B00D4616468046E3F707FE05F10C03C37166
S2140345C04379019023F0030343F003034371092364
S2140345D083710446A0F8158000F11507304604F0F1
S2140345E0A6FB0544E57533463BB901A8314604F0FE
S2140345F000FC384602B0BDE8F0815A7922F0030287
S21403460042F002025A711B68EEE708B5E3F7E2FDD3
S21403461083790C33184408BD08B5E9F73DFCECF77D
S214034620B1FCE8F755FEEBF7BFFEBDE80840FFF721
S214034630A5BF10B50446E9F7DBFD20B92046BDE863
S2140346401040F9F7BDB92046F9F7BAF9FFF793FF1B
S214034650F1E773B50E4604F053FE044610BB42F66C
S214034660072001F0C6F90546E0B1B6F90030002B85
S214034670CCBF0533053B4FF00A02CCBFB3FBF2F3C6
S21403468093FBF2F35BB28DF8073001230DF10702BB
S2140346900021184604F0B6FD0022034629461046BC
S2140346A001F0B4F8204602B070BD430803F055038A
S2140346B0C01A00F03303C0F3850000F0330018443B
S2140346C000EB101000F00F00704710B5421D441E9B
S2140346D0002114F8010FFFF7E8FF94420144F8D1D4
S2140346E0084610BD0E2070470E2070470E207047F8
S2140346F00E2070470078EAF767BF13B50C460DF136
S21403470007020DF10601EBF74FF830B19DF80600EE
S214034710031B5842584102B010BD0120FBE7704707
S2140347202DE9F04383780D2B91B00D464FD109AC9C
S214034730821C00F11A03264610685168274603C7F1
S21403474008329A423C46F7D113883B801C21284600
S21403475004F068FBBDF826402F6814F00C043ED125
S214034760384604F0E4FAA0F10208A0450DDA4FF04B
S214034770FF3400239C428DF81C301EDBA31C012251
S214034780394607A804F044FA17E0631C01223946A9
S21403479005A804F03DFA9DF81430012BE9D0234612
S2140347A00122394607A804F033FA9DF81C3013B1EA
S2140347B001331C44D9E78DF81C30EBF73BFB01288B
S2140347C008D002283FD050B9284604F02BFA11B07F
S2140347D0BDE8F0839DF81C3013F0010FF4D09DF86C
S2140347E02F00EAF759FA80469DF83000EAF754FAA4
S2140347F00DF11C099DF8282004460DF1290105A892
S214034800E8F740FE9DF836200DF137014846E8F7F5
S21403481039FE05A8FFF727FA05ABCDE901050746DC
S214034820CDF80090224641463046E9F7D1FD2B6885
S214034830002BC9D0CDE9007505AB2246414630466C
S21403484002F093FDC0E79DF81C3013F0030FC5E795
S214034850EBF7E0BA704708B5ECF74AF9002008BD55
S214034860ECF7F2BCEAF7DAB9EAF7B8BC7047704778
S21403487070477047E8F7C0BA704770470020704724
S214034880704770477047F8B513681D0A04460F460D
S214034890164604350A46002103F0F1FDEDB2212247
S2140348A02046394604F00CF92046294604F091F9CF
S2140348B0A27933681444E360F8BD704770477047C5
S2140348C070477047704702464FF482712020FFF707
S2140348D00FB9FFF7C9BF08B5014600F03800EAF77D
S2140348E019FB78B1D0E90132407810F0020F08BF07
S2140348F01346C1F30741043B53F8040F10B1027883
S2140349008A42F9D108BD38B505460C4604B938BD08
S214034910013C55F824301B69002BF7D09847F5E780
S21403492070477047F8B54378DB07054601D4EAF7C6
S21403493033FB6B786F6823F00C0343F002036B7052
S214034940002657F826402CB905F10C012020F9F76C
S214034950F1F90FE0A3680136002BF2D0984704461E
S2140349600028EED031463846FFF7CDFF6B7823F0AC
S21403497002036B702046F8BD4078C0F340007047D2
S214034980437813F00E0F0CBF01200020704710B5BC
S214034990EAF76CFB0446EAF781FB204610BD4FF4AA
S2140349A08270704708B5EAF7B5FAC068003818BFD2
S2140349B0012008BD08B5EAF7ADFA20B1BDE8084006
S2140349C0C06804F060B908BD38B5EAF7A3FA044630
S2140349D050B1FBF750FC054604F10C0004F040F917
S2140349E004462846FBF74DFC204638BD37B5837989
S2140349F0019003440446D86800F03800EAF78AFAC0
S214034A00054628B901A804F00DF9022003B030BD0D
S214034A10204604F011F9FBF72EFC0199044605F134
S214034A200C0004F0E6F92046FBF72BFCE8F752F8F7
S214034A300020EBE72DE9F041044625021F4605F466
S214034A40E065C4F3072324F47F441D4324F0C7041E
S214034A508B79EE1944F0800444EA162436020C33AC
S214034A60B6B23443CC50084601EB03081146FFF7B1
S214034A70BDFF20B94544EF704046BDE8F0814FF0D6
S214034A800008F9E7427810B50432044601F0040042
S214034A90D2B2002140F0290004F04AFB18B1837912
S214034AA022680344DA6010BD10B50021FFF7EAFF61
S214034AB0044608B9002010BD0179FFF797FF0028C8
S214034AC0F8D1A3790C33E018F5E72DE9F041174642
S214034AD01A4603681C0204F4E064C3F307231C436A
S214034AE001F0040141F02905043406463B462146FD
S214034AF0284604F087FB804650B1E1B204F0D2F8B2
S214034B0030683B462A464146BDE8F041FFF792BF70
S214034B10BDE8F0812DE9F34101F0040141F02905D8
S214034B20002407682946064610681460019004F0BE
S214034B3083F8019804F0FBF8390201F4E061C7F347
S214034B400727394380460122043101A804F06CFA92
S214034B5030B101A804F066F8204602B0BDE8F08143
S214034B600199306843462A46FFF764FFF5E70020BD
S214034B707047A0F86E10704701238B4090F87110B1
S214034B80194380F87110704708B50120F9F73EF80D
S214034B90C0B208BD83790C33184470471438704785
S214034BA010B50446A1F1140004F0C1F8201A20EA57
S214034BB0E07080B210BD70B51C460D461646FFF772
S214034BC0EFFFA04207D322463146A5F1140004F0B6
S214034BD0ECFA012070BD0020FCE770B506460D46D2
S214034BE014467AB90A462046082104F0A1FA044678
S214034BF090B92A460821292004F09AFA044658B99F
S214034C00204670BD104604F00DF8204604F0C3F9A4
S214034C1008231D44A371E571A3790C331C44267045
S214034C20EEE72DE9F0411646069A074688461D46E6
S214034C30FFF7D3FF0446F0B114382A4631460690F0
S214034C4004F0B3FA854217D9069B1C7906A804F02C
S214034C50200403F0E7FF74B942460821292004F034
S214034C6067FA2A463146069004F09FFA854206D92B
S214034C7006A803F0D7FF00242046BDE8F081069A75
S214034C8093790C33D418D754F6E711B11439EAF7ED
S214034C901FBC1A20704738B5002204460D46022072
S214034CA00321FFF79AFF014608B1A0F801502046FA
S214034CB0BDE83840FFF7E9BFF8B504460F46164689
S214034CC00521069A01201D46FFF787FF014638B1E6
S214034CD04770468005712046BDE8F840FFF7D5BF0C
S214034CE0F8BD38B50D46032104460846FFF775FFA1
S214034CF0A0F8015001462046BDE83840FFF7C5BF7F
S214034D0073B5054608466C89089E1146641A1A460A
S214034D10BDF81830A4B29C4228BF1C46079B0093DC
S214034D202346FFF77EFF014630B12846348002B0A3
S214034D30BDE87040FFF7A9BF1A2002B070BD10B5DA
S214034D400121044600221320FFF747FF014620B146
S214034D502046BDE81040FFF798BF10BDF7B544895D
S214034D600193054618460F46164603F0E0FF053C3A
S214034D70A4B2844203DA011B01A804F07AF80521E1
S214034D80019804F018F9014628B901A803F04AFF70
S214034D901A2003B0F0BD83790C33C2181720C85409
S214034DA0A2F80170A2F803602846EAF791FBF0E741
S214034DB010B50121044600221920FFF70EFF014615
S214034DC020B12046BDE81040FFF75FBF10BD73B5A6
S214034DD04489033CA4B2A3420E464FF0000100915F
S214034DE005464FF0030128BF23461B20FFF719FF94
S214034DF0014670B110F80F3CA0F80160012262F37F
S214034E00071300F80F3C284602B0BDE87040FFF7D2
S214034E103CBF1A2002B070BD73B54489033CA4B2EC
S214034E20A3420E464FF00001009105464FF00301E2
S214034E3028BF23461D20FFF7F4FE014638B1A0F82D
S214034E400160284602B0BDE87040FFF71EBF1A2077
S214034E5002B070BD4B88042B07D1836C08885B892E
S214034E6098428CBF0020012070470020704710B581
S214034E700446806920B10021EAF766FA0023A3619D
S214034E8010BD38B5A0224FF4A073C0E90723002550
S214034E900723044680F83130C5818571103003F04E
S214034EA0C1FE04F1140003F0BDFE2046FFF7DFFF4A
S214034EB040F20113E3857F2384F83230A5626562EE
S214034EC02046BDE83840FEF707BF07B501228DF838
S214034ED007100DF1070104F068F903B05DF804FB51
S214034EE0F7B505464FF428500C4600F082FD0646FB
S214034EF000F017FBB0B3022C02D8002003B0F0BDBD
S214034F0000270DF105030DF1060231463846ADF8CC
S214034F10067000F04DFCBDF80620631E934206465D
S214034F201EDC072C1AD9023CADF806400824BDF84F
S214034F300630002BE1D00133D9B22846FFF7C5FF70
S214034F4021462846FFF7C1FFBDF80620314628460E
S214034F5004F02BF9BDF806000230CFE7ADF8067073
S214034F600924E4E74FF0FF30C8E702292DE9F341AF
S214034F7004460D461746184603D8002002B0BDE87F
S214034F80F08100F036FD064600F0CBFA0028F4D098
S214034F904FF000080DF105030DF1060231464046B9
S214034FA0ADF8068000F004FCBDF80630BDF82020FE
S214034FB0934228BF13460646AB429DF8050028BF1A
S214034FC02B46ADF80630C0B9002BD7D001339AB2C2
S214034FD09542D3D9D9B22046FFF777FF3946204604
S214034FE0FFF773FFBDF806203146204604F0DDF8D0
S214034FF0BDF806000230C0B2C0E74046BEE738B58B
S2140350000446EAF713FB38B1022905D820460022E6
S214035010BDE83840EAF798BC212038BD91F839300E
S2140350205B0773B506460C4615462DD40846EAF7C5
S2140350309BFA6B1E042B16D8032D14D0A379142BBE
S21403504024D0A3697BB90093ADF804308DF80630FD
S214035050E8F7D2F96946EAF7EDF818B91A252846AB
S21403506002B070BDA061636AE57343F01603636222
S214035070E8F768F93046EAF7BDFB05460028EED0A8
S2140350802046FFF7F4FEEAE70225E8E72125E6E7F0
S214035090002337B580F8723040F6FF73A0F86E3001
S2140350A08368C160DA0404460D4610D443F4806373
S2140350B0A3606A4640F203212046CDE9004503F08B
S2140350C0E6FC00212046EAF73FF903B030BD90F82E
S2140350D07600EAF795FDA36823F48053E8E773B5F3
S2140350E06E4604464A7930460D460631E8F7CAF955
S2140350F096E80300A4F85010090C11F0800FE06442
S21403510084F8521004F1530312D0012205F1120160
S2140351101846E8F7B7F90C352846FFF7D6FA28B14C
S2140351200122294604F15A00E8F7ACF902B070BD33
S214035130B4F8501094F85220C4F8530099809A712A
S214035140E9E71FB590F87420019002F001030446C6
S2140351508DF808300BB102F002038DF809302046B3
S21403516094F875308DF80A30039101F002FC01AA19
S2140351704FF40171204603F08AFC2046EAF770F9E3
S21403518004B010BD10B50446E8F736F92146BDE86D
S2140351901040EAF74FB8EAF7AFB8FFF7F5BC0A4690
S2140351A00021EBF7B9BC13220121EBF7B5BC8268EB
S2140351B038B5C2F380320446B0F86E000D46EBF7FE
S2140351C051FD20B9A3681DB143F40053A36038BD55
S2140351D023F40053FAE783791A0705D413F0100F64
S2140351E00CBFFF2001207047002070470020704747
S2140351F010B5044660B1806C50B1EBF7E9F8A06CCB
S2140352000028FAD120460321BDE81040EAF79CB8EF
S21403521010BD43898B4207B50CD050F80C2BADF864
S214035220063092F870208DF8042040F2014101AA5E
S21403523003F02DFC03B05DF804FB436943F004035D
S21403524043617047436923F0040343617047406931
S214035250C0F380007047006847F230530022F8F727
S21403526075BB006803F0B0BB38B543699B070446BB
S2140352700D4603D540F20941FFF7F3FFEAF746F977
S21403528008B1A3691D70204640F20941BDE83840C5
S214035290FFF7E1BF07B5027C012A09D00122027499
S2140352A040F20942914206D040F20A4291420ED0A1
S2140352B003B05DF804FB50F80C3B93F870308DF8A0
S2140352C0043001AA4FF4816103F0E1FBF0E750F8E4
S2140352D00C3B93F870308DF8043001AAF4E738B528
S2140352E022F000430D46114640F203229342044641
S2140352F01AD0B3F5017F09D240F20122934213D0AC
S21403530040F20222934209D0002038BD6FF4816236
S2140353101344012BF8D8FFF7BDFFF5E700F022F999
S2140353202046FFF7C5F8EFE763699B0704D540F20D
S21403533009412046FFF795FF2846FFF759FFE3E7A5
S21403534008B5E9F7C3FF00B1806C08BD08B500B126
S2140353500068E9F7C9FF08B9034602E0836C002B2F
S214035360F7D0184608BD10B5044642F62A3000F0BA
S21403537040FB031B5842584110BD022806D108883B
S21403538042F62A33C31A58425841704700207047E2
S21403539010B5044642F6293000F02BFB031B584297
S2140353A0584110BD90F8200000F0010070471FB56B
S2140353B004466846EBF740F91022694604F12100DB
S2140353C003F033F8B0FA80F0400904B010BD08B516
S2140353D0FFF7EDFFB0FA80F0400908BD70B504464C
S2140353E000F1210591B92846EBF726F9236893F9CE
S2140353F07500FEF757FC78B120682B4690F97500C8
S214035400BDE8704010220D21FEF706BC10220021D5
S214035410284603F034F8E9E770BD38B590F8202045
S2140354200446002341FA03F0C50703D442FA03F007
S214035430C0071ED40133082BF4D101F001052368FD
S2140354402A4384F8202093F97500FEF72BFC40B11D
S2140354502346012253F8200B0C2190F97500FEF722
S214035460DBFB0DB9002038BD00212046FFF7B6FF51
S214035470F8E71320F7E768B13F290AD800EBA10045
S21403548001F0030190F831004900084100F00300E1
S21403549070470020704710B50368044693F97500FB
S2140354A0431C0DD0FEF7FEFB50B12346102253F8E3
S2140354B0310BBDE8104090F975000B21FEF7ACBB2D
S2140354C010BD10B590F87430DB0706D490F975302C
S2140354D0013314BF0F20052010BD847CEBF77CFE40
S2140354E0844234BF0C200020F6E730B585B004466E
S2140354F06846EBF7A1F81021684603F098FE2046AD
S214035500EBF772FAC2686B46063204AD1C4603CC50
S214035510AC4210605160234602F10802F6D105B092
S21403552030BD08B5EBF760FA08B1EBF731FAC0B255
S21403553008BD013810B580B2EBF756FA044608B931
S214035540002010BD408800F07FFB0028F8D0207BA9
S214035550F7E708B5EBF748FA18B1007AC31F5842C5
S214035560584108BD70B50546044655F8213B93F9E6
S2140355707500431C04D12846BDE87040EBF75CB8C1
S214035580FEF790FB0028F6D02346102253F8310B83
S2140355900B2190F97500FEF76DFB2346012253F8A5
S2140355A0200B0C2190F97500FEF764FB20682B4650
S2140355B090F97500BDE8704010220D21FEF75ABB26
S2140355C001302DE9F04185B228460E46EBF70CFA7A
S2140355D042F60217044642F603089CB12046EBF750
S2140355E0D7F978B1204600F03EFBB84205D10EB19C
S2140355F023883380607BBDE8F081204600F033FBD0
S214035600404502D14FF0FF30F5E70135ADB22846ED
S214035610EBF7EAF90446E0E72DE9F04707460E46BE
S21403562090460D4642F6021942F6030A0135ADB21C
S2140356302846EBF7D9F9044678B1EBF7A9F960B138
S214035640204600F010FB484505D1237A072B04D1EA
S2140356500320BDE8F0875045E8D141463046FFF7C2
S214035660AFFF431C014604D03846BDE8F047FFF7BA
S21403567002BF0020EDE770B5054608461646EBF771
S214035680B3F9044608B9012070BDEBF781F9002889
S214035690F9D0F00713D4B10734D4720702D5A38820
S2140356A05B0732D516F0060F31D116F40060EBD047
S2140356B0A38813F4006F14BF00200620E4E7A38832
S2140356C0DA0743D513F0700F0AD1980610D458069C
S2140356D0E1D52B6893F975300133DCD10820D3E785
S2140356E02868FFF7EEFEA388990608D50028CBD1D5
S2140356F02A6892F874209207E9D40520C4E70028A4
S214035700C2D1E4E7A3889907C7D40320BCE7A388DC
S21403571013F4E06F09D198050FD45B05C5D52B6844
S21403572093F975300133C0D1D8E72868FFF7C9FE6F
S214035730A388990507D50028A6D12A6892F874206D
S2140357409207EAD4D9E700289ED1E6E702209BE732
S21403575038B504460846EBF747F9054608B901206D
S21403576038BDEBF715F90028F9D0AB8813F4E04FF2
S2140357700CD1980412D413F48040F1D0236893F923
S2140357807500431C58425841C000E9E72068FFF7FC
S21403579098FEAB88990408D50028E1D1226892F8D0
S2140357A074209207E7D40520DAE70028D8D1E2E789
S2140357B02DE9F0474FF0000983F800900446A2F85D
S2140357C000900846884616461D46EBF70DF9074631
S2140357D020B901232B700020BDE8F08774B1EBF7E6
S2140357E0D7F80028F5D04046FFF7D2FD30B10123A5
S2140357F085F8009004F120003380EDE72B4632460F
S21403580039462046BDE8F047EAF7A2BE2DE9FF4138
S21403581007460846884616460393EBF7E5F804461C
S21403582038B903A803F0FEF90125284604B0BDE8FD
S214035830F0811FB1EBF7ACF80028F2D0237A072BE0
S21403584005D8DFE803F017262F381C17172126BBC9
S2140358500398002835D13246257A022D62D0032DCF
S21403586064D0012D3BD0002F7FD1002503A803F081
S214035870D9F9DAE703A803F0D5F90325D5E703A892
S21403588003F0D0F90625D0E703A803F0CBF980256B
S214035890CBE7E3685D88B54209DA03A803F0C2F9EB
S2140358A00725C2E7E3689A88B242F6D35D88039871
S2140358B040B9024609E0022EEFDC039868B90246B7
S2140358C0CAE7354603F033FA82B29319AB42C3DD17
S2140358D003A803F0A7F90D25A7E70225F2E7E0687A
S2140358E0039906300023304403F092F9002FBCD00E
S2140358F0237A032B39D103A803F094F90021204619
S214035900EBF72CF868B30588617B3846FFF7B3FDE1
S21403591001220346CDF8008029463846FEF7D7FB1A
S214035920002582E7E068B3188380D9E7039B9A795A
S214035930D979891AC9B2481E012810D813440229F6
S2140359401A7B04BF5B7B42EA0322237B32EA030310
S2140359508CD1617B01233846EAF7D0FDC6E70D25D7
S21403596084E708F1FF35ADB2CEE7039B00933A7F99
S214035970334641463846FEF790FBD1E7884270B57A
S21403598004460D46164611D8012838BF0124204682
S214035990EBF72AF810B14388B34208D00134A4B217
S2140359A02046EBF705F808B1A542F0D200242046BE
S2140359B070BD70B50C4616461D460146B8B1B3B168
S2140359C0022C01D0102C12D1E0B2EAF743FF4FF6B7
S2140359D0FF718842024602D141F20A1070BD30467A
S2140359E0FFF7CCFF0028F7D028800020F6E7212019
S2140359F0F4E707B50023ADF80400ADF8063001223E
S214035A000DF10603022101A8FFF7D3FFBDF8060038
S214035A1003B05DF804FBF8B5441C0F461646A4B263
S214035A202046EAF7E1FF10B9013CA0B2F8BD00F04A
S214035A301AF90546304600F0F2F820B1284600F081
S214035A40EEF80028F0D1304600F0E2F820B1284600
S214035A5000F0DEF80028E7D10134A4B22046EAF7C6
S214035A60A7FF08B1BC42DBD94FF6FF70DEE72DE98E
S214035A70F04F87B00D460C8881469A4602208B88E5
S214035A80ADF8103004A99046EAF7E4FEAB68009040
S214035A90A888AF89059300F0BBF838B1102F05D15D
S214035AA005A8EAF7BDFE022808BF02274FF6FF7BCC
S214035AB033E0009A2046FFF761FF064680B3AA88C4
S214035AC06988FFF7A8FF04463046FFF72AFD00B3B0
S214035AD00DF10F030DF1120231464846FFF768FE3B
S214035AE09DF80F302BB1A8F80060184607B0BDE844
S214035AF0F08FBDF81220BA420BD1059901933A46AE
S214035B0002F093FC019B20B9A8F80060AAF80040B5
S214035B10EBE75C4504D00134A4B26988A142C8D837
S214035B200A23E2E708B5EAF75FFFBDE8084000F09E
S214035B309AB838B505460846EAF756FF044610B93C
S214035B404FF6FF7038BD0DB96088FBE7EAF720FF14
S214035B500028F9D1F4E770B5044642F60520FFF7AE
S214035B6048FFB0B10021FFF72BFD0546014620464E
S214035B70FFF781FC10220646002104F1310002F0F3
S214035B807EFC3246294620460023BDE87040EAF7ED
S214035B90B5BC70BD7FB504460D461022002168468D
S214035BA002F06DFC0026AB575A1C1BD0314620462C
S214035BB0FFF761FC002B194604AAB8BFD91C02EBF9
S214035BC0A10100F00302584200F0030003F00303B0
S214035BD058BF43425B0002FA03F311F8102C134339
S214035BE001F8103C0136402EDDD16B4604F1310539
S214035BF004AE1A4603CAB24228606960134605F12A
S214035C000805F6D1204604B0BDE87040FFF743BC54
S214035C10A0F5205001288CBF00200120704742F6D3
S214035C200303C31A58425841704708B5030409D4FE
S214035C30EAF7DCFDA0F5205080B201288CBF0020D7
S214035C40012008BD0020FCE7020408B507D4EAF7E4
S214035C50CDFD42F60303C31A5842584108BD00203F
S214035C60FCE7C00B704703464088B3F90230002BAD
S214035C7001DBEAF7BBBD0020704708B5FFF7F3FF6B
S214035C80A0F5205080B201288CBF0020012008BD5B
S214035C9013B58B7901910B4404461B7B13F001006B
S214035CA00A460AD01D2B0AD101211E20FEF795FFB6
S214035CB001462046FEF7E9FF012002B010BD01A809
S214035CC002F0B0FFF8E710B504468069143002F01E
S214035CD0A9FFA069BDE81040183002F0A3BF2DE964
S214035CE0F04105460F4614461E46FFF7ECFF2346D3
S214035CF03A4608210020D5F8188003F083FAAA69EB
S214035D00C8F81400536923B1548116820020BDE8F5
S214035D10F0811A20FBE770B50446084603F007F83F
S214035D20A1698A894D8986B212B1521B96420CDA52
S214035D306389581E80B225B90A78082A04BF043B33
S214035D4098B2831B5842584170BD0020FCE730B51B
S214035D5004468DB054F80C0B9DF8405090F8700034
S214035D608DF8040042EA0142029219462A4603A825
S214035D70079502F09EFB01AA40F20241204602F07C
S214035D8086FE0DB030BD10B550F80C4B86B094F8B7
S214035D907040ADF80E10ADF8102040F2064103AA8D
S214035DA001938DF80C40059302F071FE10B901A81B
S214035DB002F038FF06B010BD37B504460D46FFF7B0
S214035DC082FF204640F20941FFF74BFAA3692046BB
S214035DD000221A7050F80C3B019593F870308DF83A
S214035DE000306A4640F2074102F051FE03B030BD70
S214035DF013B501910021044601F098FB0422002309
S214035E000DEB02012046FFF76AFF02B010BDF0B5A6
S214035E10044685B00F461E46154652B983691B785D
S214035E20072B30D0082B14BF15460925002E18BFA4
S214035E300D250A9802F07BFFA3699A894AB15B890C
S214035E4081B2D21A914204DD92B2891A0AA803F0EB
S214035E5010F8204601AA50F80C3BADF8067093F8EC
S214035E6070308DF8043040F205410A9B8DF80850D7
S214035E70ADF80A60039302F00AFE10B90AA802F00E
S214035E80D1FE05B0F0BD0B25D0E7B0F80AC0ACF1E3
S214035E90020C9C452DE9F04105460E4617461C4666
S214035EA003DDBDE8F04101F0ECBA836922461981AF
S214035EB000233946FFF713FF044658B9AB69024679
S214035EC00E333146284601F0F7FA044610B1284649
S214035ED0FFF7F9FE2046BDE8F0812DE9F0438FB0C9
S214035EE0202A0546039117461C460BD941F2041493
S214035EF021462846FFF760FF03A802F093FE0FB083
S214035F00BDE8F083002B46D10846A2F1060802F04E
S214035F100EFF5FFA88F81FFA80F94FF6FF764C45B6
S214035F2010D3AB69DA88B24239D942F60203ADF828
S214035F301430711C0223009389B205AB284601F086
S214035F4049FA25E023463A46039906A802F060FE7E
S214035F50AB69BDF818609A88B242C7D8DA88B242ED
S214035F60C4D3BDF81A10BDF81C20B8F1000F09D031
S214035F70CDF800800DF11E0328463C44FFF7E7FEEC
S214035F80A4B2CCE79E8019815A81284601F03BFAD9
S214035F9004460028B0D041F20A139C42A8D100243C
S214035FA0A6E72DE9F04796B01C46836901921B7855
S214035FB0062B064603D0102B60D001A81CE001294F
S214035FC01046039214BF4FF010084FF00208002C3F
S214035FD04CD102F0ACFE08F1020987B24FF6FF750A
S214035FE0A7420ED8B369DA88AA4237D800242146D6
S214035FF03046FFF7E1FE03A802F014FE16B0BDE834
S214036000F08723464A46039904A802F001FEB369C3
S214036010BDF810509A88AA422DD8DB88AB422AD303
S2140360209DF81330282BE1D0B24642465AF80C3B73
S2140360300DF1120193F870308DF830300DA8ADF8DD
S2140360403250CDF844804C4402F033FA0CAA40F2A6
S2140360500441504602F01BFDA4B2C1E7691C89B295
S214036060304601F087F904460028C4D041F20A13EB
S2140360709C42BBD0BBE741F20414B8E701291046A3
S214036080049214BF1227042784BB02F050FE42F684
S214036090021885B24FF6FF71A5420DD8B369DB88A7
S2140360A08B4221D901314FF6FF7289B2304601F097
S2140360B061F90446A0B119E0049923463A460CA8B0
S2140360C002F0A6FDBDF83220BDF830109DF833303F
S2140360D0424507D1B26902230A323046FFF7D5FE9E
S2140360E004A889E7282B06D141F20A142146304634
S2140360F0FFF762FEF4E73C44A4B2CDE7F0B587B001
S214036100836903911B78022B0546144653D1084630
S2140361100491002A47D102F00AFE4FF6FF7687B2B3
S214036120A7420DD8A869C288B2422BD800242146BC
S2140361302846FFF741FE04A802F074FD07B0F0BD41
S21403614004990422234605A802F062FDAA69BDF855
S21403615014109088BDF81660814229D3D3889942DB
S21403616026D8864224D39E4222D85069927A8379CF
S21403617000920C330344324628460434FFF7E7FD07
S214036180A4B2CDE743694089019098790C30034463
S214036190711C009389B24FF42053284601F0FEF891
S2140361A004460028C7D041F20A139C42BFD1BDE77C
S2140361B041F20414BBE703A8BEE7F0B587B0054673
S2140361C0039117461C4653B9FFF7A5FD38B103994B
S2140361D001232246284600F084F807B0F0BDA969DB
S2140361E00B78082B05D8062B44D8032B0FD003A80F
S2140361F03DE00E2BFBD1039B0593002C6DD1002BAA
S2140362006BD0098922462846FFF7BDFD59E003985F
S214036210059018B3ECB983794A8909890C3310269B
S214036220034400962846FFF792FDAB699988DA88FF
S214036230914217D242F60203ADF810300131022321
S214036240009389B20DEB0603284601F0C3F8044613
S21403625060B141F20A139C4204D101E0002CF8D14C
S21403626041F21F0421462846FFF7A6FD05A802F0C3
S214036270D9FCB2E7039805907CBB70B302F057FDD8
S2140362800FB386B2B7421ED2394605A802F02CFFDA
S21403629038B905A802F0C6FC1A212846FFF78CFD7C
S2140362A09BE78379C218023391898371AB69F61B26
S2140362B05B89009000222846B6B2FFF7A8FDB742D6
S2140362C0E2D92146E9E7AA6953891189059A00921A
S2140362D028460022FFF79BFDF3E705A802F0A2FC81
S2140362E0EFE7F0B585B0064603911F46144632BB6A
S2140362F0084602F01CFD054608B3B1690B784A89C7
S214036300082B0BD8062B0BD9039B09890093304621
S21403631013462246FFF77BFD039401E00E2B19D0AC
S214036320B1694B89EA1892B2B2F5007F4A8117D851
S2140363302FB10989304601F077F8044628B10022C8
S214036340234611463046FFF738FF03A802F06AFCDF
S21403635005B0F0BD039B09893046FFF714FDDBE764
S21403636041F20414EBE773B5836901911B78082B9C
S214036370044615460ED8062B0ED9019E20463146F6
S214036380FFF7C9FC2A46034631462046FFF7A9FF16
S21403639002B070BD0E2BF0D001A802F043FCF7E765
S2140363A030B587B0836903911B78092B05461446DD
S2140363B011D105915AB90091134621460F22FFF7D2
S2140363C026FD21462846FFF7F7FC07B030BD05A893
S2140363D002F028FCF5E703A802F024FCF5E72DE914
S2140363E0F04F9FB0876903913F78052F0546164601
S2140363F01C4604D8032F16D810D003A867E0082F2E
S214036400FBD108461391002B00F0C28013A802F0BC
S21403641009FC21462846FFF7CFFC01E0FFF75DFDA8
S2140364201FB0BDE8F08F202A0846049148D8002BF9
S21403643040F0A880571F02F07AFCFFB21FFA80FADA
S2140364404FF6FF780DF11C0BA24506D8AB69DA8828
S214036450424500F28780002434E0234632460499FE
S2140364600BA802F0D5FBAB69BDF82C809A88424591
S21403647026D8DA88424523D35969F1B9A946BDF827
S2140364802F2059F80C1B9DF82E3091F870108DF8BC
S2140364904C10ADF84E200DF131013A4615A88DF893
S2140364A05030199702F005F813AA40F20341484604
S2140364B002F0EDFA3444A4B2C6E75A89102A09D981
S2140364C041F2041421462846FFF776FC04A802F09E
S2140364D0A9FBA5E70023584602F09AFBAB690DF12A
S2140364E03101102FCDE9051B93F80A902BD1B9F192
S2140364F0020F34D105A8EAF793F90228DAD14A46FF
S214036500DDE9051001F091FF0028D3D12B46BDF835
S2140365102F1053F80C0B9DF82E2090F870008DF872
S2140365204C00ADF84E108DF8502059464A4615A833
S2140365300293CDF8649001F0BCFF029B13AA40F2CD
S21403654003411846B4E7022F09D1B9F1100F06D15B
S21403655006A8EAF765F90228ACD13A46D0E73A46E8
S2140365605846CFE742F60303ADF84C3008F1010175
S2140365700223009389B213AB284600F02BFF044690
S2140365800028A3D041F20A139C423FF464AF99E774
S21403659059B90021AA690023938153811181139964
S2140365A032462846FFF709FE3AE702F0C0FB16B16B
S2140365B080B28642EDD1139A9379D1180233898932
S2140365C09371E7E72DE9F0438FB01C468369039187
S2140365D01B78012B054617465BD10846059102F04A
S2140365E0A6FB202F0BD941F2041421462846FFF7B9
S2140365F0E3FB05A802F016FB0FB0BDE8F083002C02
S21403660042D1059802F093FBA7F104081FFA88F815
S2140366101FFA80F94FF6FF765FFA88F8A14505D88A
S214036620AB69DA88B24220D80024DEE70599234610
S2140366303A4606A802F0ECFAAB69BDF818109A8839
S214036640BDF81A609142CED3DB889942CBD89642E6
S214036650C9D39E42C7D8CDF8008007AB324628463A
S2140366603C44FFF774FBA4B2D8E74FF42053ADF8CD
S2140366701030711C0223009389B204AB284600F045
S214036680E7FE04460028B4D041F20A139C42CBD05E
S214036690ABE703A8AEE783691B780A2B02D00F3B50
S2140366A0012B01D8FFF788BB7047F0B585B01746B6
S2140366B0019383690A9E1A780A3A0446072A42D83F
S2140366C0DFE802F004413041410441290198039078
S2140366D002F02DFB85B203A802F0A4FA26B13146D8
S2140366E02046FFF785FB0FE0A1697A194B8992B222
S2140366F093420BD90A8201F10E032046098900F062
S214036700DBFE01460028EBD105B0F0BD0121204693
S21403671000F00CFFF5E72EB91A8A0198BA420BD09F
S2140367204FF48166019B039303A802F07BFA31467C
S2140367302046FFF741FBE7E7DA89596902F002FBD7
S2140367400028EDD1EEE701A802F06CFADCE738B5D5
S214036750826913780D2B04460D4612D00F2B01D0F9
S2140367600A2B12D1536933B199790B4402F1140001
S214036770DD6802F057FA29462046BDE83840FFF7A1
S2140367808ABFBDE83840FFF717BB38BD07B50023FF
S21403679000921B22FFF73BFB03B05DF804FB07B533
S2140367A083695980009200231D22FFF730FB03B054
S2140367B05DF804FB4B88052B05D108880E288CBF93
S2140367C000200120704700207047F8B505460F46A5
S2140367D0164604210A22002002F0AAFC0246B8B19B
S2140367E084790C340319052100204FF0060CD87069
S2140367F0997002F804C013241C715F710224587048
S214036800D8719C711E812846BDE8F840E7F76EBC38
S214036810F8BD73B50546104601920C4602F087FA9A
S214036820042186B2019802F0C6FB024628B901A8E5
S21403683002F0F8F91A2002B070BD837901900C3388
S214036840C1184C80C65221462846E7F74FFC002065
S214036850F1E72DE9F04106468846174604210A2249
S214036860002002F065FC0246B8B185790C35431961
S2140368700024052106209970DC70505501201871FC
S214036880022098715C70304683F80580DC711F81A6
S214036890E7F72CFC2046BDE8F0811A20FBE7002032
S2140368A070470020704707B501A8019202F0BAF9B5
S2140368B003B05DF804FB7047002070470F20704755
S2140368C00F207047704710B588B0E8F7FFFC044602
S2140368D000284AD090F87200022848D1A36813F41F
S2140368E0407F2AD094F87320012A32D194F9750098
S2140368F0421C01D1D9052CD594F8743013F001034A
S21403690027D1CDE90133CDE90433CDE90633ADF81C
S2140369100C30FDF7C7F9A36888B9DA0519D5A06A5C
S214036920E16A228E01AB03C31A80BDF8042004ABD0
S2140369300DF106012046EAF765F908B010BDDB0540
S214036940EDD494F9750001AB0A220221FDF792F902
S214036950EBE7002345F217021946204600F0B4F988
S214036960B0FA80F040094000E7E72120E5E702207F
S214036970E3E738B545F21B020C460B4600210546F5
S21403698000F0A2F930B92CB121462846BDE83840BC
S214036990EAF7AEBC38BD00F0FEB900F0C7BC00F0A5
S2140369A0D0BC10B504464C30FDF75DF984F875008D
S2140369B02046BDE8104000F094BC10B50446FDF731
S2140369C029F902280DD194F8733094F97000012B3D
S2140369D014BF0521032184F83210BDE8104000F0EF
S2140369E0C8BCA36843F40073A36010BD00F08EB95F
S2140369F038B503783E2B04460D4604D18378052B21
S214036A0002D0ED2B0FD038BDB0F80300E8F750FCEA
S214036A1020B1B4F80D10621D00F018FA2846BDE840
S214036A20384002F0FFB8B0F80300E8F741FC00284E
S214036A30F4D0B4F80D1004F10F03621D00F009FA48
S214036A40ECE72DE9F04188B06B4614460D46024646
S214036A5000F1100C1E46106851681F4603C7083223
S214036A6062453B46F7D11021304602F0E0FB04AB0B
S214036A70224604F110079846106851681C4603C462
S214036A800832BA422346F7D11021404602F0CFFB24
S214036A901020F7F781F80746F9F78FF98022414669
S214036AA03846F9F794F9044610BB2B4632460121C3
S214036AB03846F9F7F8F90446D0B91021284602F00B
S214036AC0B6FB1021304602F0C0FB3846F9F779F9D9
S214036AD04046102102F0B9FB3046102102F0B5FB08
S214036AE039461020F7F77AF8204608B0BDE8F0815B
S214036AF0214640F20740EAF719FCE2E708B51046DC
S214036B00F7F7E0FA003818BF012008BD10B545F2C4
S214036B101A01044601F058FF204647F23053BDE8F9
S214036B201040002245F21A01F6F710BFF7B50446E7
S214036B300D4616461F460220D7F74AF92146CDE9E9
S214036B4000672B468022D9F733FD044620B1014661
S214036B5040F20740EAF7EAFB204603B0F0BD10B563
S214036B600A4604460821002002F0E2FA10B18379AF
S214036B7003441C7310BD38B505460C460D20112181
S214036B80FFF7EDFF024688B18379034421460D33B0
S214036B9004F1100051F8044B43F8044B8142F9D139
S214036BA028460621BDE83840FFF733BE38BD38B562
S214036BB005460C4604201121FFF7D1FF024688B193
S214036BC08379034421460D3304F1100051F8044B36
S214036BD043F8044B8142F9D128460621BDE83840E4
S214036BE0FFF717BE38BD38B505460C4603201121FE
S214036BF0FFF7B5FF024688B18379034421460D3378
S214036C0004F1100051F8044B43F8044B8142F9D1C8
S214036C1028460621BDE83840FFF7FBBD38BD37B52B
S214036C20002205460821104602F082FA0446C0B147
S214036C300C2301220DF107018DF8073002F0B5FA97
S214036C40296C20225431204602F0AFFA296C202208
S214036C507431204602F0A9FA224606212846FFF799
S214036C60D8FD03B030BD08B5D0B2E8F72FFB28B186
S214036C7090F8773003F07F0380F87730012008BD63
S214036C8070B50546EAF796FC0C4606460A462846BD
S214036C9045F20101B0472B6C03B11C60324628460F
S214036CA023464FF4A041BDE87040184770B515461B
S214036CB0044638B1EAF77EFC2A4603462046BDE87A
S214036CC070401847022070BD114608B51A4621F0D9
S214036CD00041FFF7EBFFB0FA80F0400908BD08B5A6
S214036CE00B4601461846F7F7EDF9003818BF0120A2
S214036CF008BD10B50446006838B11A2102F0A5FA9B
S214036D002068F7F75BF90023236010BD10B504462F
S214036D10EAF796FB04F13400FFF7EBFFA3685A0685
S214036D2006D523F04003A36000212046E7F7ACF91D
S214036D30206C38B1042102F088FA206CF7F73EF98C
S214036D400023236410BDFF2838B50C4615460BD028
S214036D500B461022062140B2FCF78CFF102815D1F3
S214036D60002005B1286038BD0A4637201021E5F714
S214036D7097FF0028F4D010212046FFF7B0FF38B95C
S214036D80224610213720E5F76DFFEAE72120E8E7E2
S214036D9040F20740E5E730B58DB00D46002208A95E
S214036DA0FFF7D1FF044648BB01460D220DF1030051
S214036DB001F065FBB5F803206B79ADF8002004A954
S214036DC008AA68468DF80230FFF73BFE40F20343FD
S214036DD0BDF810202A80002818BF1C469DF81230E4
S214036DE0AB701021684602F030FA10210DEB01005B
S214036DF002F02BFA102108A802F027FA20460DB05D
S214036E0030BD38B50446C51C03212846FFF767FF87
S214036E10C8B9E27863797AB922791A43F4D003F0D1
S214036E207F0343F0400363715323A3712146FF207E
S214036E30BDE83840FFF7AFBFFF2AF0D122791A40EA
S214036E40FF2AE1D0EBE740F2074038BD0021E7F721
S214036E501BB9F8B51D4683685B0604460F461646FF
S214036E602DD41A2002F02DFA0146606320B920467D
S214036E70BDE8F840E7F708B9034605F1100123F823
S214036E80027B3268C0F8022072685A60636B2A4637
S214036E900A3352F8040B43F8040B8A42F9D1102143
S214036EA0284602F0D2F9A36843F0400213F4407F69
S214036EB0A26004D02046BDE8F840EAF71DBCF8BD42
S214036EC02DE9F0419CB01546239F08AA1C460646AA
S214036ED00B4601F1200E9046186859689446ACE8B4
S214036EE00300083373456246F6D12021404602F07C
S214036EF09EF910AB2A4605F1200E9C461068516891
S214036F001D4603C5083272452B46F7D1604620213D
S214036F1002F08DF9229B18AA03F1100E9446186806
S214036F205968154603C5083373452A46F7D16046A4
S214036F30102102F07CF904AA234604F1100C15462E
S214036F4018685968144603C4083363452246F7D1C4
S214036F501021284602F06BF96B465022414628461C
S214036F60FFF7E4FD10210446284602F06EF950218F
S214036F70404602F06AF934B108213046EAF780FC4D
S214036F801CB0BDE8F081039B3B603846042102F049
S214036F904EF96846102102F058F9224645F21401CC
S214036FA03046FFF783FEEBE72DE9F04796B0DDE9C1
S214036FB022971D46DDF8908005AB06460C4602F187
S214036FC0100A9E46106851689C46ACE803000832D7
S214036FD052456346F6D17046102102F028F909AAF5
S214036FE02B4605F1100E944618685968154603C5D6
S214036FF0083373452A46F7D16046102102F017F985
S2140370001E9B0DAA03F1100E944618685968154680
S21403701003C5083373452A46F7D16046102102F0AC
S21403702006F99DF87C308DF844309DF880308DF855
S21403703045309DF884308DF8463099F80630D9F8F7
S2140370400000129083F00803C3F3C0038DF84730A3
S2140370500621B9F80430ADF84C3012A802F0E7F870
S214037060BB7983F00803C3F3C0038DF84E303B6847
S214037070CDF84F300621BB88ADF853300DF14F00E5
S21403708002F0D5F801AA234604F11007154618683E
S2140370905968144603C40833BB422246F7D110216D
S2140370A0284602F0C4F84346412205A92846FFF7BE
S2140370B03DFD10210446284602F0C7F8412105A8E5
S2140370C002F0C3F834B108213046EAF7D9FB16B00C
S2140370D0BDE8F0874046102102F0A9F8224645F2A3
S2140370E013013046FFF7E2FDF1E72DE9F0411D46B7
S2140370F0069B90F8738004460F46164653B110213C
S2140371001046FFF7ECFD28B120460821BDE8F04104
S214037110EAF7B6BB236C013EDA1C681E133312F87B
S214037120011F16F801CF9A4281EA0C0100F8011FED
S214037130F5D13A4629462846FFF783FC0028E3D1D3
S214037140B8F1020F0CBF002306232B4404F15902A7
S21403715004F15F0012F8016F1978904281EA060184
S21403716003F8011BF6D1B8F1020F14BF0023062360
S2140371702B4404F1520204F1580012F8016F1978F7
S214037180904281EA060103F8011BF6D13A462946E6
S2140371902846FFF756FC02460028B5D1204645F29E
S2140371A01001BDE8F041FFF781BD2DE9F04196B02F
S2140371B015461D9F05AA1C4606460B4601F1200EE2
S2140371C09046186859689446ACE80300083373453C
S2140371D06246F6D12021404602F029F80DAB2A4636
S2140371E005F1200E9C46106851681D4603C50832FB
S2140371F072452B46F7D12021604602F018F8AEB34D
S214037200336C93F87931013B022B2FD89DF87030FD
S21403721043F0800301AA8DF8543004F1100C234682
S214037220154618685968144603C40833634522464E
S214037230F7D11021284601F0FAFF3B46412241468A
S2140372402846FFF773FC10210446284601F0FDFF8D
S2140372504121404601F0F9FF54B11EB108213046E2
S214037260EAF70EFB204616B0BDE8F0810023D1E70F
S2140372701021384601F0DBFF002EF3D0224645F2FC
S21403728011013046FFF712FDECE7ECF7C3B8B1F592
S214037290A04F70B504460D4616460AD045F20603BF
S2140372A0994216D0324629462046BDE87040EBF791
S2140372B019B9836843F08003836090F87330012B19
S2140372C003D1BDE87040EAF72BBFBDE87040EBF78B
S2140372D05BB993791344597C41F49051EAF708F863
S2140372E0E0E710B500230364044690F97500431CD9
S2140372F013D0E5F7C3FF082204F1100394F97500D1
S2140373001146FCF7B7FC94F91330012B07D194F818
S214037310743043F0020384F87430002010BD022B4F
S214037320FBD194F8743043F00A03F4E74B88062B3A
S21403733005D1088841288CBF002001207047002013
S214037340704707B58B7901910B440A46197C4B1E8F
S2140373500D2B04D801F5A0410131FFF7A7FC01A8C6
S21403736001F060FC03B05DF804FB70470020704733
S2140373707047704770B504460E4615460521002231
S2140373800420FDF72AFC014618B1A0F80160A0F816
S21403739003502046BDE87040FDF777BCF7B51D46A1
S2140373A0002300930446BDF824300F4616460721F3
S2140373B0089A0620FDF735FC014628B1A0F80170AF
S2140373C0A0F80360A0F80550204603B0BDE8F040DF
S2140373D0FDF75BBC73B515461A46002300930446B7
S2140373E09DF818300E4608200521FDF71AFC0146C5
S2140373F018B1A0F80160A0F80350204602B0BDE81B
S2140374007040FDF742BC38B5002204460D460A20FC
S2140374100321FDF7E2FB014608B1A0F80150204620
S214037420BDE83840FDF731BC70B504460E46154638
S214037430052100220C20FDF7D0FB014618B1A0F869
S2140374400160A0F803502046BDE87040FDF71DBC60
S21403745073B515461A460023009304469DF8183064
S2140374600E4610200521FDF7DCFB014618B1A0F8F7
S2140374700160A0F80350204602B0BDE87040FDF757
S21403748004BC73B54489033CA4B2A3420E464FF032
S2140374900001009105464FF0030128BF2346122042
S2140374A0FDF7BFFB014608B1A0F80160284602B00D
S2140374B0BDE87040FDF7E9BB2DE9F34198468369C3
S2140374C0054658690F46164601F031FC6C89053CA3
S2140374D0A4B280B2844228BF0446A8692146143069
S2140374E001F002FE009048B105220821002001F0B9
S2140374F01FFE019030B9684601F094FB1A2002B0D3
S214037500BDE8F081009901A801F073FC019A937914
S2140375100C33D1181620D054A8F800402846A1F8FA
S2140375200170A1F80360FDF7B0FBE8E738B5002269
S21403753004460D4618200221FDF74FFB014600B115
S21403754045702046BDE83840FDF79FBB70B585798A
S21403755004460C35461901F0EAFB625D431E013A08
S2140375609BB21C2A10D8DFE802F0110F160F180F73
S214037570290F2F0F400F400F400F330F250F0F0F0C
S214037580390F250F3E0F3E00002070BD042B14BF9D
S21403759001200320F9E7022BF9E743B37278022AA6
S2140375A00AD0012A23D10222013B0232B3FBF2F1B5
S2140375B002FB1133002BEAE71022F5E713F0030F63
S2140375C014BF01200320E0E78BB17278013BEDE79F
S2140375D06BB17278032A0AD9013BE7E7042B34BF61
S2140375E001200320D1E7022BF9E70320CDE7012092
S2140375F0CBE702464FF0FF30EDF7DCBF07B50422BA
S21403760001910DEB0201F9F72FF803B05DF804FBC7
S21403761038B50446251DDAF76DFE00212846FFF728
S214037620EDFF012104F10800FFF7E8FF08212846D3
S214037630FFF7DFFF01462046FFF7E0FF002038BDD7
S214037640C0F30A030833B3F5006F06D280884FF6FB
S214037650FF73C31A58425841704701207047F8B564
S2140376600D4617461E46EDF74BFD044638B905B1E1
S2140376702870002340F21C403B703460F8BD15B1FF
S214037680C3881B0A2B70A37900200834F4E708B5D7
S214037690084680B24FF6FF71EDF766FD002008BD81
S2140376A00220704700207047012070470020704773
S2140376B000207047704737B5044601A80D46F3F718
S2140376C029FB01A8FFF7F6FF01A920468DF806500F
S2140376D0EEF70AF803B030BD08461146EEF7E8B8F1
S2140376E07047431E012B03D9031F58425841704766
S2140376F001207047EFF722B94FF4A472002100F07F
S214037700BEBE013001D1F0F72BB90120704710B58A
S2140377100021044600F083F82046BDE81040F3F746
S2140377203BBAF2F787BEF2F78BBEF8B505460E46B0
S214037730EEF780F8D5F88C307BB15B696BB1F0F768
S214037740C9F9D5F88C305B691B1A584240F26B12A4
S2140377504FF042015841EEF763FAF76800224FF6FE
S214037760FF734FF0240CD0B2B84208D31C46214610
S2140377702846EEF7EFF9EFF72FF92046F8BDB16884
S2140377800CFB0011CC899C4202D2002CEFD023467E
S2140377900132E8E7EEF7DEB9008B70470A7838B5B2
S2140377A005461046FFF79DFF60B14C782046FFF76D
S2140377B098FF38B12243530704D42846BDE838401F
S2140377C0F2F75EBE012038BDFFF7E8BF10B50446EA
S2140377D00878FFF786FF58B14A781046FFF781FF0F
S2140377E030B1042A04D02046BDE81040F2F780BE2C
S2140377F0012010BDFFF7EABFF2F7A4BBF2F71CBDEA
S21403780070B504460D461646EEF7A4F930B932466F
S21403781029462046BDE87040F1F72ABB70BDF3F752
S21403782073BC70B516460C46F8F71EFD3146054682
S2140378302046F0F71BFF04462846F8F719FD2046B6
S21403784070BD38B504460D46F3F70AFBEFF780F82C
S214037850D4F8A0302BB929462046BDE8384000F0BE
S2140378609FBB022038BD38B5044648880D46EFF75F
S2140378706FF8D4F8A0302BB929462046BDE8384027
S214037880F2F76CBE022038BDEFF770B800F0BCBB51
S214037890EFF738BC38B505460C46F8F7E5FC2B6B16
S2140378A01C40EB6A2343EB62F8F7E2FC211E18BF89
S2140378B001210020490238BDF3F73CB9F2F74CBC6E
S2140378C000F0D9BB00F0F8BB08461146EEF75ABFE6
S2140378D0F2F764BF00F0ACBB38B50446154609B1F1
S2140378E000F008FC25B12046BDE83840F3F750B851
S2140378F038BD0846EFF784BF10B5044600F08BF892
S21403790020B92046BDE81040EEF768BA10BD00F077
S214037910CAB9EFF7CDBE2DE9FF41984604460E4699
S2140379201746F8F7A8FC05462046FFF7E5FF0A9B2F
S21403793002930023CDE900833A4631462046EEF70C
S2140379409BFA04462846F8F79CFC204604B0BDE89C
S214037950F08138B50446F8F78EFC05462046FFF757
S214037960CBFF2046EEF766FA04462846F8F789FC6E
S214037970B4FA84F0400938BD38B50446F8F77BFC02
S21403798005462046FFF7B8FF204600F053F80446A6
S2140379902846F8F776FC204638BD38B50446F8F78F
S2140379A06AFC05462046FFF7A7FF204600F048F886
S2140379B004462846F8F765FC204638BD70B50446ED
S2140379C00E46F8F758FC05462046FFF795FF314666
S2140379D02046EEF79FFA04462846F8F752FC204660
S2140379E070BD07B513468DF80710002219460DF132
S2140379F0070000F0D9F803B05DF804FB084611460B
S214037A001A4600F0D1B8012070470120704700F0F5
S214037A102DBC00207047EEF719B910B5F8F72BFC0C
S214037A20044600F015F8EEF737F92046BDE8104097
S214037A30F8F727BC08B50246EEF708F9507D08BDEF
S214037A4008B50246EEF702F9507D80F0010008BD46
S214037A5000F029B9F2F776BC00F082BA437C03B192
S214037A6008470220704710B5044600F0C6FB2046C0
S214037A700321BDE81040F2F7BFBAFFF7F4BF437C1B
S214037A800BB1F3F75FBC02207047437C0BB100F0E9
S214037A90B2BB0220704738B5447C0D46BCB1053CEA
S214037AA0012C8CBF002401244968224600F0AEFB5B
S214037AB0286890FAA0F0000AF0F74CF9A97A28890A
S214037AC0224681F00101F3F761FC002038BD022055
S214037AD0FCE71FB5CDE90012ADF8083069469DF8FE
S214037AE018308DF80A30FFF7D6FF05B05DF804FBB3
S214037AF000207047002070472DE9F74F1C469DF87D
S214037B0030300193036803F00703063301259D40D5
S214037B100646174605F1FF380B46A1B1416804EA4D
S214037B20080BA5EB0B0A41F00059524509EB0B0174
S214037B3014D95246184600F0BCFC7A1B5A444946F0
S214037B40504400F0B6FC019B2BB13C4448EA0508C0
S214037B5004EA0804F46003B0BDE8F08F1846F0E7C3
S214037B6037B5002500951446FFF7C6FF204603B039
S214037B7030BD026802F00702063201239340026A10
S214037B80C2F30C028A4210B584BF4468C26803F18C
S214037B90FF3388BF89189BB285BF44F00050194055
S214037BA04FF0FF30405C10BD70B50E4615460446D8
S214037BB008B9002070BD0078EEF720FF58B11EB15B
S214037BC02078EEF7C5FF30701DB1207800F032F84C
S214037BD028700120EEE723780E2BEAD10EB1FF239F
S214037BE03370002DF5D0FF232B70F2E738B50D6800
S214037BF004462846EEF77EFED4F8903043B15B6920
S214037C0033B1013504BF6FF001020A600A681A60D7
S214037C10002038BD38B50D460446EFF75BFFAC4091
S214037C2042F2107364095C436423B0FBF3F0B4FBC5
S214037C30F0F038BD022807D0062807D0003818BF52
S214037C4001204042C0B270470120704700207047B1
S214037C5030B51F23B0FBF3F35D1CEDB24FF0FF34DA
S214037C60C3EB4313AC40C01AE4430130E4B2C0B2E2
S214037C701460086030BD70B505460E46C0B201F00C
S214037C800F01FFF7C7FFC6F303110446C5F307202A
S214037C90FFF7C0FFC6F303210444C5F30740FFF70D
S214037CA0B9FF204470BD08B5EFF790FCBDE8084067
S214037CB0EFF7CABC10B50446EFF788FC844288BFCA
S214037CC001F1FF31204601F00301BDE81040EFF754
S214037CD0BBBC38B50446FFF7E6FF0546FFF7E3FFF0
S214037CE0431BA342FAD338BD0020704700F030038D
S214037CF0202B10B513D110F4E02FC0F302440AD0A2
S214037D0010F4C01FC0F3C423B3FBF4F418BF64001D
S214037D10052C0ED86408EFF791FF604310BDC0F33F
S214037D2082136FF012041C4104F00104C4F1020430
S214037D30F1E70424EFE700EB8023C0EB831353FA49
S214037D4081F303EB8322C3EB8213C1F307221344AD
S214037D5003EB8322C3EB8213C1F30742134403EB03
S214037D608322C3EB821303EB1160704738B50D46CD
S214037D70144604B938BD55F8041BFFF7DCFF013C75
S214037D80F7E72DE9F0470C4669B1CB1CB3F5002F96
S214037D9009D24FF0000841F6F87654F828104B1C29
S214037DA04FEA880901D1BDE8F087FFF7C4FFC1F3A6
S214037DB00263012B08F10107C1F30745844614D17A
S214037DC08BB2F31AB5EB930F4FEA930A0DD909F169
S214037DD0040152462144FFF7C9FF08F10208013D9A
S214037DE0844608EB0A07A5EB0A052A4604EB870137
S214037DF06046FFF7BBFF07EB0508CEE7F8B504467A
S214037E00002850D000F11F03B3F5002F05464AD2D1
S214037E10EFF7ECFF217FA28B00EB8023C0EB8313ED
S214037E200B4403EB8321C3EB811303EB122304F10F
S214037E30180618462968FFF77EFF2A7803469AB97C
S214037E40696861B1CA1CB2F5002F08D26A7852007D
S214037E500132FFF78BFF03460835B542E9D1A06927
S214037E60C31A58425841F8BD012AF8D16868002859
S214037E70F5D0421CB2F5002FF1D2E978AA78891A18
S214037E8001310029E8D030F8027B03EB8322C3EBF1
S214037E90821353FA87F303EB8322C3EB821303EBBA
S214037EA017230139EDE70020DDE710B5044651B18D
S214037EB00B6843B15B6833B11A68032A03D99C6A1B
S214037EC0640E204610BDF8F7CFF901462046F0F7BA
S214037ED0FFF804460846F8F7CBF9F2E738B14FF453
S214037EE07A735843A0F6AC50401AF0F737BA4CF200
S214037EF05030FAE7F1F7A8BAF1F7A6BAF1F7A4BA41
S214037F00F1F7A2BAF1F7A0BA7047436B03F0600328
S214037F10402B0DD0602B03D0203B5842584170476E
S214037F2049B10B68012B06D9486940F00100704738
S214037F3040F20110704700207047034670B1026894
S214037F40022A0BD9426A12F47F4FC2F3072006D0E7
S214037F501B6AD2B25A43B2FBF0F070470020704758
S214037F600220EFF71DBBD0F894304BB11A68022AF3
S214037F7006D993F8250028B11B6AB3FBF0F07047C7
S214037F80FFF7CFBB704708B50146D0F89400FFF75C
S214037F90D4FF20B9BDE808400846FFF7C4BB08BDB8
S214037FA010B590F8D0300E2B04462BD00175D0F8C0
S214037FB0900020B3D4F8A0304BB994F8D9308B4254
S214037FC00BD320460022BDE81040F2F721BBB4F9DC
S214037FD02420B0F912309A42F3DD94F8D910002227
S214037FE02046F2F715FB60B9C4F890002046FFF769
S214037FF0D3FB01462046BDE81040EDF7ABBDFF239B
S214038000637510BD0220FCE70346D0F8D000086075
S214038010B3F8D4308B800020704790F8D0300E2B06
S21403802014BF407DFF2070474FF48071F1F76ABE9E
S21403803070B50D460646F2F709FA0446707C053815
S214038040012821468CBF00200120F0F7D5FA02460E
S2140380500220A87174B1B2F5803F0BD863094FF2C2
S214038060244101FB02302B682409B0FBF4F01B1AF1
S2140380702B60002070BD3F2B084610B5114619D95A
S214038080B3FA83F3C3F11902D2B2062A01D8192B25
S2140380900ED0062A28BF0622931DDBB201249C407D
S2140380A0A4B2A14228BF2146EEF784F9204610BDAC
S2140380B00022F1E70024F9E713883F2B10B50846A2
S2140380C016D9B3FA83F3C3F11901C9B2062901D845
S2140380D0192B0BD0062928BF06218C1DE4B20123D9
S2140380E0A3401380EEF784F9002010BD0021F4E7C7
S2140380F00120FAE7F1F710BE10B508461446012131
S214038100EFF7F6FC20460121BDE81040EFF7F0BC80
S214038110F8B504460E461746F8F7A6F83A46054657
S2140381203146204600F0ACF804462846F8F7A0F897
S2140381302046F8BD0220704703207047EFF728BAA1
S21403814010B5F2F79DFE044608B9F0F783FE204605
S21403815010BD38B504461D46F2F792FE28B92946E7
S2140381602046BDE83840F0F745BF38BD38B504466D
S214038170817515464AB100F07EF808B9002016E06E
S214038180237C43F080032374F8E70846EEF7C0FF2A
S214038190FF28A07508D0204600F06DF80028EDD023
S2140381A0237C65F3C713EEE7EFF708F8012038BD25
S2140381B070478021F1F7A6BD38B50546F1F736FFBF
S2140381C004462846F1F710FF072811D1D5F890305A
S2140381D0DB6924F47F4121F0080103B15B7841EAAF
S2140381E0032141F020012846BDE83840F1F724BFBB
S2140381F024F02001F7E70320704710B50446F3F791
S2140382008BF82046BDE81040F3F742B8D0F8E030CC
S2140382108B4270B504460D46164603D190F8DC3003
S214038220202B1AD0EA071FD5002E14BFAA235523E6
S21403823093FAA3F31B0B03F4702395FAA5F243EA10
S21403824012432364202384F8DC300023C4F8E05070
S214038250C4F8E4302046F2F783FA3246294620462D
S214038260BDE87040F2F7DCBFAA23E1E701207047C0
S2140382700020002170474021F1F744BD00207047DD
S214038280F7B505460F4668461146F3F7C9F806469E
S21403829098B197B1DDE900311B0A43EA0163A5FBF8
S2140382A00343090A05FB0135EFF714FC00230246D6
S2140382B029462046F4F708F93860304603B0F0BD87
S2140382C000228A4202D14FF0FF30704750F8223026
S2140382D093FAA3F30BB90132F3E7B3FA83F000EB97
S2140382E04210704770B5A1FB02543CB92946F4F717
S2140382F0AFFA064628B90026304670BD0C22026047
S214038300F9E72A46214600F0BAF8F5E72DE9F041E9
S214038310804615460C4621B9BDE8F0411146F4F7F0
S21403832097BA2AB9F4F714FD00242046BDE8F08175
S21403833000F0D5F88542064602D8B5EB500FF4D8C0
S21403834029464046F4F784FA07460028ECD0B5429F
S2140383502A46214628BF324600F0ABF8214640465F
S214038360F4F7F6FC3C46E0E72DE9F8430746884673
S21403837014460026D4E90195B9F1010905D5246808
S214038380002CF7D13046BDE8F883AB89012B07D91B
S214038390B5F90E30013303D029463846C0470643A5
S2140383A06835E9E710B50C46B1F90E10F4F778FC1A
S2140383B00028ABBF636DA3891B1823F48053ACBF9F
S2140383C06365A38110BD2DE9F0411F468B89DB054C
S2140383D005460C46164605D5B1F90E1002230022B3
S2140383E0F4F74CFCA389B4F90E1023F48053A3814D
S2140383F032463B462846BDE8F041F4F773BC10B559
S2140384000C46B1F90E10F4F739FC431CA38915BFCB
S214038410606523F4805343F48053A38118BFA3817C
S21403842010BDB1F90E10F4F719BC10B501390244AA
S214038430904201D1002005E0037811F8014FA342D2
S21403844001D0181B10BD0130F2E7884210B501EBCE
S214038450020402D98442234607D8431EA14208D009
S21403846011F8012B03F8012FF8E7024401468A426C
S21403847000D110BD13F8014D02F8014DF7E7024491
S2140384800346934200D1704703F8011BF9E710B582
S2140384900246147813460132002CFAD1013B11F838
S2140384A0012B03F8012F002AF9D110BD704770473E
S2140384B070470A44914200F1FF3300D1704710B56C
S2140384C011F8014B03F8014F9142F9D110BD034651
S2140384D013F8012B002AFBD1181A0138704751F8FC
S2140384E0043C181F002BBCBF0B58C01870472DE95F
S2140384F0F0478E681F46BE420B6882460C4690467F
S2140385002DD8B1F90C2012F4906F26D0656909694D
S21403851005EB4505A3EB010905EBD5757B1C4B4421
S2140385206D109D4238BF1D46530527D52946F4F7DF
S2140385308FF9064660B321694A46FFF7BAFFA38957
S21403854023F4906343F08003A381266165614E4460
S214038550A5EB09052660A5603E46BE4200D93E4609
S214038560206832464146FFF770FFA3689B1BA36053
S2140385702368334423600020BDE8F0872A46FFF7CC
S214038580C5FE06460028E0D121695046F4F7E0FB15
S2140385900C23CAF80030A38943F04003A3814FF0AD
S2140385A0FF30E9E79368013B002B10B4936008DAC9
S2140385B09469A34201DB0A2903D15DF8044B00F05A
S2140385C095B91368581C1060197008465DF8044B7B
S2140385D07047F8B506460F461446D518AC4201D187
S2140385E0002007E014F8011B3A463046FFF7DAFF8F
S2140385F0431CF3D1F8BD2DE9F047164698468A6822
S2140386000B69DDF820909342B8BF1346336091F8A8
S214038610432007460C460AB10133336023689906A4
S21403862042BF336802333360256815F0060506D16A
S21403863004F1190AE36832689B1AAB4226DC94F805
S21403864043302268003B18BF012392062BD404F163
S214038650430241463846C84701301ED02368226984
S21403866003F00603042B02BFE5683368ED1AA3681C
S2140386700CBF25EAE57500259342C4BF9B1AED1887
S21403868000261A34B5421AD1002008E001235246C8
S21403869041463846C847013003D14FF0FF30BDE8A6
S2140386A0F0870135C6E7E1185A1C302081F84300ED
S2140386B0224494F8451082F843100233C7E7012397
S2140386C0224641463846C8470130E6D00136D9E748
S2140386D0B1F90C202DE9F041170705460C4656D490
S2140386E04B68002B02DC0B6C002B3DDDE66A002E8C
S2140386F03AD0002312F480522F68216A2B6025D0CB
S214038700626DA389580705D56368D21A636B0BB1EC
S214038710236CD21A216AE66A00232846B047411C16
S21403872024D00023636023692360A389DA0400D579
S2140387306065616B2F60B9B104F14403994202D0BE
S2140387402846F4F705FB002363630DE00123284660
S214038750B047461C0246D4D12B68002BD1D01D2B24
S21403876001D0162B2BD12F6000202FE02A68B4F9F6
S2140387700C3042B11D2A01D0162A22D10023636091
S21403878023692360D5E7626022692260CEE70F691A
S214038790002FE9D093070E6808BF4B690F6018BF18
S2140387A00023A6EB07088B60B8F1000FDCDD216A17
S2140387B0A66A43463A462846B047002808DCB4F97A
S2140387C00C3043F04003A3814FF0FF30BDE8F08147
S2140387D00744A8EB0008E7E738B50B6905460C46DF
S2140387E013B90025284638BD18B1036A0BB9F4F748
S2140387F03FF9B4F90C30002BF3D0626ED00704D4E3
S214038800990502D4A06DFFF752FE28462146FFF7CE
S2140388105FFF636EDA070546E4D4A3899B05E1D4BC
S214038820A06DFFF745FEDDE770B50C46B1F90E10F7
S214038830002996B015461E460DDAA38913F0800F5D
S2140388404FF0000114BF40234FF4806300203160D3
S2140388502B6016B070BD6A46F4F75AFE0028ECDBB0
S214038860019901F47041A1F50053594259414FF45F
S2140388708063EBE78B89F7B59D0706460C4607D55D
S21403888004F14703236023610123636103B0F0BD52
S21403889001AB6A46FFF7C8FF009F054639463046D8
S2140388A0F3F7D6FF48B9B4F90C309A05EED423F0A3
S2140388B0030343F00203A381E2E7A389206043F0A6
S2140388C08003A381019BC4E904075BB1B4F90E10CE
S2140388D03046F4F72FFE28B1A38923F0030343F0B1
S2140388E00103A381A3891D43A581CFE7F8B50E46EF
S2140388F01446054618B1036A0BB9F4F7B9F8A36929
S214038900A360A3891A0701D5236943B921462846DC
S214038910F4F7A8FD18B14FF0FF373846F8BD2368C3
S2140389202269981A6369F6B28342374605DC214604
S2140389302846FFF751FF0028EDD1A368013BA3604B
S21403894023685A1C22601E706269431C9A4204D034
S214038950A389DB07E1D50A2EDFD121462846FFF798
S2140389603BFF0028D9D0D6E7430803F05533C01A97
S21403897000F03333800800F03330184400EB101057
S2140389804FF0013300F00F305843000E704710B518
S214038990044678B1036A41696BB180689847207EC4
S2140389A0002310286361636004D82146F5F716F99F
S2140389B01123237610BD0029F1D08368002BEEDB4C
S2140389C00846F5F7FBFAEAE707B5002301911A46CE
S2140389D001A9F4F749FF03B05DF804FB1FB50024B3
S2140389E002949DF81C400194069C0094F4F7C2FE82
S2140389F004B010BD13B507240194049C0094FFF73C
S214038A00EDFF02B010BD07B500230093FFF7F2FF9A
S214038A1003B05DF804FB03680B60016070472DE943
S214038A20F041054600680E461746002408B9BDE81F
S214038A30F081D0E90083B3420BD18368BB4208D1EF
S214038A4054B9C5F80080C368DB0701D5F5F7B6FA55
S214038A50204604464046E9E7C4F80080F3E7D1E938
S214038A600112FFF7DCBF002370B51A4619460468E7
S214038A700546F4F7F9FE0CB92C6070BDE36826686A
S214038A80DB0702D52046F5F799FA3446F3E72DE9D6
S214038A90F8430E461746054610B90020BDE8F8838E
S214038AA00468002CF9D0D4E90089A0683B46324616
S214038AB02946C8470028F1D14446F2E724207047E8
S214038AC038B5054614460A460021FFF7D8FC24F0BD
S214038AD01C046B7944F0100443F004032C716B718F
S214038AE038BD2DE9F74F1F469DF8303000938A4670
S214038AF08046002850D0002967D00C68002C66D02A
S214038B004FF0000BE679A179761AF6B2BE4208D387
S214038B100C31394408EB02092144F61B4546C84587
S214038B2037E02068BF1BA346002835D00446E9E794
S214038B30AB19994538BFA9EB050632462846FFF719
S214038B40B8FC009B002B3DD0E279A079F3B237BB8B
S214038B501844A071E279A37927689A4232D1DAF8E9
S214038B600030A34208BFCAF80070BBF1000F01D063
S214038B70CBF800702046F5F793F83C4635444CB1E5
S214038B80A379E67903F10C01F61A2144F6B200271D
S214038B904D45CDD3A5EB080003B0BDE8F08F121A00
S214038BA0D2B2F918914209DA0C302044D21BD21AF9
S214038BB0014438440193FFF748FC019BE279D31A3A
S214038BC0E371C7E7A3462468D8E70846E4E72046E8
S214038BD0E2E710B5C479C4F145030246D8B2884229
S214038BE028BF08460444D47110BD38B50546C0797D
S214038BF0C0F14504E4B2944288BFD4B20C30224696
S214038C002844FFF756FCEB792344EB71204638BD26
S214038C101FB503910021009103A9FFF762FF05B07A
S214038C205DF804FB38B50446206800B938BD05680E
S214038C30F5F736F82560F7E710B501F0EC010346C3
S214038C4003B910BD1A7902F013020A431A711A1AED
S214038C50544254415A7964F300025A711B68EFE791
S214038C6010B558B1016802685AB1136823B15C792C
S214038C70E40704D5002414600360084610BD0360AF
S214038C80F1E71346F8E7034658B10020DA799979F5
S214038C901B68521A50FA82F01BB15A79D207F5D5DF
S214038CA07047704770B50D460446E8B186798E4224
S214038CB003D3751A8571012070BDC27906F1450389
S214038CC09B1ADBB299420FD806F10C010144921BA2
S214038CD0A81BD2B20844FFF7B8FB0023A371E379BD
S214038CE01D44AD1BE571E6E70020E5E710B50C462D
S214038CF098B191B18979E279C379521AC3F14503E0
S214038D00D2B2DBB2934208D30C312144FFF76DFF96
S214038D102046F4F7C5FF012010BD0020FCE70346FC
S214038D20006818B102681A600023036070470346A0
S214038D30002003B97047DA7999791B68521A50FAFA
S214038D4082F0F6E72DE9F84F894614468246FFF788
S214038D50EEFF05464846FFF7EAFFA542074601D35E
S214038D60A04208D2BD4208D10024A346A046264608
S214038D7047B9384604E02746F6E738D24FF0FF30C7
S214038D80BDE8F88F5EB99AF806809AF80760A6EBF6
S214038D90080608F10C08D044DAF800A0F6B2BBF1D6
S214038DA0000F0BD199F8064099F807B0ABEB040B0C
S214038DB00C344C44D9F800905FFA8BFB5E4535467D
S214038DC028BF5D46BD4228BF3D462A46214640464B
S214038DD0FFF72BFB0028D3D1A8442C447F1BEDB20E
S214038DE0761BABEB0505F6B25FFA85FBC0E7012001
S214038DF0C6E703680BB9016070471A461B68002B69
S214038E00FBD111607047036803B10B6001607047C4
S214038E1039B10B461A461B68002BFBD10368136057
S214038E200160704770B5046806460D4644B1204697
S214038E30FFF77DFFA84211D8236813B9E379A3711E
S214038E4070BD20463360F4F72BFF3468F4E7ED1A61
S214038E50236833602046F4F723FF3468002DEFD0F1
S214038E60A279E3799B1ADBB2AB42F0D92A44A2710A
S214038E70E6E7F8B5066805460C4646B13046FFF702
S214038E8056FFA0421DD8336813B9F379B371F8BD02
S214038E9030462B60F4F704FF2E68F4E706463846A0
S214038EA00768002FFAD1C2798379D31ADBB2A342BB
S214038EB002D9121BC271EAE7E41AF4F7F1FE3EB1D7
S214038EC03760002CE3D028680028E0D00026E7E7C8
S214038ED02E60F6E7F8B504460F46BC4200D1F8BD4F
S214038EE0A179E5796D1AEDB2C5F14506B6B20EB9AC
S214038EF02468F2E749B10C312A46214404F10C00F8
S214038F00FFF7A3FA0023E571A3712368BB42EFD0F2
S214038F105A79D207ECD49979DD79A079E2796D1A7A
S214038F20EDB2B54200F10C0028BF354610440C31B3
S214038F302A4619442044FFF7BCFAE379206853FA1B
S214038F4085F3E3718379761B53FA85F5C379EDB21E
S214038F50AB42B6B2857103D103682360F4F7A0FE73
S214038F60002ED2D1C4E738B50C46016809B90460AF
S214038F7038BD0D4609680029FBD1236823B1204676
S214038F80FFF7A8FF2C60F3E721462846FFF7AEFE5F
S214038F900028EDD1F6E748B1002302794360036069
S214038FA083604379027143F00403437170470022E0
S214038FB01146F4F7D1BE38B504460D46FFF772FEE8
S214038FC098B984B12079FFF7F2FF58B163794279F3
S214038FD00460C3F3400363F3410245235D1B427100
S214038FE0C371857138BD0120EDE72046FAE738B531
S214038FF0036804460D469BB11879FFF7D8FF88B17E
S214039000236803605B794279C3F3400363F3410249
S21403901045235D1B4271C37185712060002038BDF6
S2140390200120EAE71920FAE738B50C46054640B3AF
S214039030006830B309B9002038BD4AB9C9B2FFF792
S21403904031FE0028F7D12B689A799871A41A06E0A6
S214039050452918D8C9B2FFF725FE0028EBD1442CC2
S21403906007D8002CE7D0E1B22846BDE83840FFF722
S214039070BEBF45212846FFF7BAFF0028DCD1453C92
S214039080EDE72220D8E72120D6E72DE9F84390F82C
S214039090078090F80690A8EB0907FFB2B94204468A
S2140390A00D4602D30020BDE8F8830079FFF77FFF63
S2140390B006460028F6D0A17980790C317F1B294417
S2140390C00C30BAB221443044FFF7F3F9F3793B444A
S2140390D0F371E37999444D442368A5EB0805E571DC
S2140390E0012033602660DEE7F8B5076806460D46BE
S2140390F03C46002305B12CB90BB100221A6034603C
S2140391003846F8BDE379A2799B1ADBB2AB4207D89F
S214039110E379A2799B1ADBB2ED1A23462468E9E7C2
S214039120E9B22046FFF7B1FF0028F1D10746E7E78B
S2140391305318452B02DCC9B2F4F70EBE0020704765
S214039140F7B5002605460F4601960DB9019C09E0C2
S214039150002211463846F4F7FFFD044628B901A855
S214039160FFF760FD204603B0F0BDAB798371EA7963
S214039170C2716879617960F3000161716979607918
S214039180C1F3400161F34100D21A607103F10C0090
S2140391902918D2B22044FFF78CF9019B03B9019436
S2140391A006B134602D682646CFE72DE9F8430D4611
S2140391B01446064610B319B3DAB1034699461B683C
S2140391C0002BFBD12746C8463A4629464046FFF7BA
S2140391D00CFDC145A7EB0007054418BFC9F800807E
S2140391E037B1B17930790022F4F7B6FDC14618B924
S2140391F0E41B2046BDE8F8838046E5E70446F8E727
S2140392000C46F6E737B51546C9B200221C46F4F7F6
S214039210A3FD019040B122462946FFF7C6FF8442CC
S21403922002D901A8FFF7FEFC019803B030BD10B5C4
S214039230013903461A1A914200D810BD445C1A78C5
S21403924003F8014B42540139F4E7014400238842F2
S21403925000D1704700F8013BF9E738B505460C46E0
S21403926004B938BD013C55F834305B68002BF7D0A1
S2140392709847F5E72DE9F0410446002654F83630C2
S2140392802BB904F10408B34203D100250FE00136DD
S214039290F4E754F8332012685F1C5AB158F83300C9
S2140392A09047054630B139462046FFF7D6FF284695
S2140392B0BDE8F0813B46E6E7704770477047704766
S2140392C07047F4F75DBE38B50446FAF7B8FB0546B3
S2140392D058B9C820E2F7EEFFC82202212846E2F773
S2140392E0A9FF8442A8BF044624B22046E2F7E2FF61
S2140392F0FAF7A5FBBDE83840C8220221E2F79ABF79
S214039300B0F90020B1F900309A422DE9F04704463F
S2140393100D4648DCF6F7AFFF8046DDF78FFF0028E3
S2140393203ED1E2F77DFF8246FAF789FBC822022187
S214039330E2F780FFB5F9002047F6FF739A428146AD
S21403934002D1E2F791FF2880B4F9002047F6FF73B5
S2140393509A4202D1E2F782FF2080B5F90000FFF7B8
S214039360B2FFB4F900308342C8BF20800746B4F981
S2140393700000E2F77FFFF8F793F8064658B1504629
S214039380E2F778FF4846E2F795FF4046F6F779FF9F
S2140393903046BDE8F087E2F743FF20802F80F4E7EE
S2140393A041F20C06F1E72126F2E700000000000078
S2140393B000000000000000000000000000000000A5
S2140393C0F8B500BFF8BC08BC9E467047F8B500BFAA
S2140393D0F8BC08BC9E4670475FF800F029100020D2
S2140393E00000000000000000000000000000000075
S2140393F00000000000000000000000000000000065
S2140394005465726D696E616C0000000000000054C4
S21403941054522052454747455300000002000000BF
S2140394207094030003000000689403000400000027
S2140394306094030000000000000000004145532D27
S2140394403235362D454342004145532D3139322DB1
S214039450454342004145532D3132382D45434200A2
S2140394603C940300101404004894030010130300F4
S21403947054940300101202000200000033ED0200B1
S2140394802FED02002BED020015ED020003ED0200A6
S214039490512563FCC2CAB9F3849E17A7ADFAE6BC8E
S2140394A0FFFFFFFFFFFFFFFF00000000FFFFFFFFC0
S2140394B0F551BF376840B6CBCE5E316B5733CE2BF4
S2140394C0169E0F7C4AEBE78E9B7F1AFEE242E34F23
S2140394D096C298D84539A1F4A033EB2D817D037746
S2140394E0F240A463E5E6BCF847422CE1F2D1176BE1
S2140394F04B60D2273E3CCE3BF6B053CCB0061D6540
S214039500BC86987655BDEBB3E7933AAAD835C65AC8
S214039510FFFFFFFFFFFFFFFFFFFFFFFF000000004F
S214039520000000000000000001000000FFFFFFFF36
S214039530092040081C4000007CA3030044A303004A
S21403954058A30300B8A20300D8A20300ECA20300AA
S214039550A4A3030028A3030014A303000000000031
S21403956090A30300000000006CA3030000000000AB
S2140395704CA203000000000000A30300000000004C
S21403958008A3030000000000CCA20300D09503004C
S214039590B8A30300D29503003CA303000000000019
S2140395A00000000000000000000000004E0C000059
S2140395B00000000000000000A09703000000000069
S2140395C0000000000400000000000000E2FF50005E
S2140395D001000400FB00010000000500000000027B
S2140395E000000300000001041040000108070F00FC
S2140395F00A00C8002000A000010000000000A00030
S21403960068010A200706020A040700000002070092
S21403961000000F400000000000040F40010000009F
S214039620C1059ED8367CD5073070DD17F70E59393D
S214039630FFC00B316858151164F98FA7BEFA4FA403
S214039640006A09E667BB67AE853C6EF372A54FF505
S2140396503A510E527F9B05688C1F83D9AB5BE0CDD6
S2140396601900800000000000000000000000000059
S21403967000000000000000000000000000000000E2
S21403968000000000000000000000000000000000D2
S21403969000000000000000000000000000000000C2
S2140396A000000000000000000000000000000000B2
S2140396B0000000E100030103030302000002800030
S2140396C00800020020000001400004000100100012
S2140396D008060200040907030105000040787D011F
S2140396E000000000005A620200010000C0CF6A00BA
S2140396F002000000809FD50002010000002D31010A
S2140397000202000001000000000000000400000048
S2140397100100000008000000010000001000000027
S2140397200100000000010000010000000008000026
S2140397301D000000000200001D00000000040000E1
S2140397401D000000000001001D00000007000003CC
S21403975013B779FAC925DDB7ADF3CFE0F1B614B880
S2140397600102000000000000FFFFFFFF20000000D2
S21403977001000000000000000000000000000000E0
S21403978000000000000000000000000000000000D1
S21403979000000000000000000000000000000000C1
S2140397A0C09703003B003B006C9D030015001500AB
S2140397B02C9D0300040004000200FFFFFFFF0000CF
S2140397C0010000000108FFFF00000000709B03007B
S2140397D0020002000108FFFF050000002000110040
S2140397E0030011000008FFFF01000000AA0D00207F
S2140397F0040014000308FFFF03000000020000003B
S214039800050002000108FFFF050000000200120029
S214039810060012000108FFFF01000000B40D00203F
S214039820070002000108FFFF050000000A001300FE
S214039830080013000308FFFF01000000CA0D002004
S214039840090000000108FFFF00000000749B0300EE
S2140398500A0002000108FFFF050000000A000300DB
S2140398600B0003000308FFFF02000000D20D0020D8
S2140398700C0002000108FFFF0500000002000400C0
S2140398800D0004000108FFFF00000000789B0300A2
S2140398900E0000000108FFFF000000007C9B030091
S2140398A00F0002000108FFFF05000000020005008C
S2140398B0100005000108FFFF00000000809B030066
S2140398C0110002000108FFFF050000000200060069
S2140398D0120006000108FFFF02000000F60D00203C
S2140398E0130007000108FFFF00000000A09B030011
S2140398F0140002000108FFFF050000000200080034
S214039900150008000108FFFF01000000000E0020FC
S214039910160007000108FFFF00000000DA9B0300A3
S214039920170002000108FFFF0500000002000900FF
S214039930180009000108FFFF02000000080E0020BF
S214039940190007000108FFFF000000000E9C03003B
S2140399501A0002000108FFFF0500000002000A00CB
S2140399601B000A000108FFFF01000000180E00207C
S2140399701C0002000108FFFF0500000002000B00A8
S2140399801D000B000108FFFF02000000260E00204A
S2140399901E0007000108FFFF000000003C9C0300B8
S2140399A01F0002000108FFFF0500000002000C0074
S2140399B020000C000108FFFF02000000440E0020F8
S2140399C0210002000108FFFF0500000002000D0051
S2140399D022000D000108FFFF01000000500E0020CA
S2140399E0230002000108FFFF0500000002000E002E
S2140399F024000E000108FFFF01000000580E00209F
S214039A00250000000108FFFF00000000669C03001D
S214039A10260002000108FFFF050000000A000F00F1
S214039A2027000F000308FFFF01000000660E00205A
S214039A30280000000108FFFF000000006A9C0300E6
S214039A40290002000108FFFF0500000004000F00C4
S214039A502A000F000408FFFF010000006E0E00201E
S214039A602B0000000108FFFF000000006E9C0300AF
S214039A702C0002000108FFFF050000000200100092
S214039A802D0010000108FFFF01000000760E0020E5
S214039A902E0000000188FFFF00000000729C0300F8
S214039AA02F0002000108FFFF0500000008000080E9
S214039AB0300000800208FFFF010000007E0E002039
S214039AC0310007000108FFFF00000000849C03002C
S214039AD0320002000108FFFF0500000008000180B5
S214039AE0330001800208FFFF020000008A0E0020F8
S214039AF0340007000108FFFF00000000B29C0300CB
S214039B00350002000108FFFF050000001200028076
S214039B10360002800108FFFF02000000D00E00207E
S214039B20370014000308FFFF0300000001010000D4
S214039B30380007000108FFFF00000000E89C030050
S214039B40390000000108FFFF000000001A9D030013
S214039B503A0002000108FFFF05000000080003802A
S214039B603B0003800208FFFF070000000000000020
S214039B7002000118020000180200000002000A1882
S214039B801E00506F727461626C6520456E65726765
S214039B90792053797374656D732C20436F72702E1E
S214039BA03700322D332063686172207073657564E5
S214039BB06F206E616D65732061737369676E65648C
S214039BC0206279205553455F20636F6D70696C651D
S214039BD07220646566696E652E003200436F6E748C
S214039BE0726F6C6C657220626F6172642072657648
S214039BF06973696F6E206E756D626572202865786D
S214039C003A207B7266687472322D7D3235292B00BA
S214039C1078782E78782E787878203C737461636B26
S214039C202064657369676E3E2E3C75706772616467
S214039C30653E2E3C7570646174653E0028003C6D7D
S214039C406F64656C49643E2D3C79796D6D64643E42
S214039C502D3C303132333435363E20657820435040
S214039C60203D2030303302000318020002180200A1
S214039C70041810000032A82E6A17E78CE8428961A0
S214039C807990F4FE2B0052656365697665732063ED
S214039C906F6D6D616E6420686561646572732066BE
S214039CA0726F6D204E65766572666C616D65417088
S214039CB07000330052656365697665732073657457
S214039CC074696E677320616E6420736574757020A3
S214039CD0696E666F2066726F6D204E657665726676
S214039CE06C616D6541707000300053656E6473205F
S214039CF06576656E747320616E6420726574757222
S214039D006E732073746174757320746F204E65765A
S214039D106572666C616D654170701000F01921B450
S214039D20478FA4BFA14F63FDEED6141D0032A82EA5
S214039D306A17E78CE84289617A90F4FE07C3D27CFF
S214039D40EDB789A68A438EE889C3101F0032A82E72
S214039D506A17E78CE84289617B90F4FE636032E021
S214039D60375EA488534E6DFB6435BFF70028012881
S214039D700328002A012A292A242A0129272A262AEF
S214039D80232A252A282A2A2A502A062A072A052A7F
S214039D902A2B292B02290D0A2573205B4D41494E98
S214039DA05D2043534C494220496E697469616C696E
S214039DB07A65642066726F6D2066697273742068B4
S214039DC061726477617265207363616E2072657376
S214039DD0756C74732E0A000D0A2573205B4D41497A
S214039DE04E5D2043534C494220464F5243452D5324
S214039DF04E41503A20426173656C696E6573206DFF
S214039E00616E75616C6C7920616C69676E65642040
S214039E10746F2068617264776172652028256C759B
S214039E202C20256C75292E0A002021222324252682
S214039E302728292A2B2C2D2E2F3031323334353632
S214039E403738393A3B3C3D3E3F6061626364656642
S214039E506768696A6B6C6D6E6F7071727374757612
S214039E607778797A7B7C7D7E7F0000000001000096
S214039E70000000040506070C0D0E0F00100002017B
S214039E8000030000000000000000000000000000C7
S214039E900003000000000000000040000303040667
S214039EA080000400070000006801040600000000AC
S214039EB00000000000000000000000000100010098
S214039EC00000011400000000000000000000030072
S214039ED00001010001000100010003000000000072
S214039EE0A3000000010000020708436F6D70616362
S214039EF0742050616E200020332E302E32340048FA
S214039F00002033314A756C3236005265626F6F74C7
S214039F10696E6720696E746F204F5441204D6F64DD
S214039F206520284170706C6F61646572292E2E2E31
S214039F300A0004200400000206200600000208208F
S214039F40080000020A200A0000020C200C0000028F
S214039F50262026000002023002000201043004001C
S214039F6002020630060002020830080002020A3027
S214039F700A0002020C300C0002020E300E0002022F
S214039F800011000003020211010003020411020083
S214039F9003020611030003020811040003020A1158
S214039FA005000302024802000401034803000401FB
S214039FB00448040004010548050004010648060099
S214039FC0040107480700040108480800040109487B
S214039FD0090004010A480A0004020C480C000402A3
S214039FE00E480E000402104810000402222022002D
S214039FF00001232023000001242024000002323322
S21403A00031323136414141313233343536412C2DEC
S21403A0102D2D2D2D2D2D2D2D2D544F2042452044F5
S21403A0204546494E4544202D2D2D2D2D2D2D2D2DC8
S21403A0302D2D2D2C00627579657220636F64652C57
S21403A0402072656E74616C20636F64652C206D6F7F
S21403A05072652073616C657320636F6465732C206F
S21403A06064617465732C206574632C0030302C3067
S21403A070302C30302C30302C30302C30302C3030EC
S21403A0802C30302C30302C30302C30302C30302CE0
S21403A09030302C30302C30302C30302C30302C30CC
S21403A0A0302C00303030302C303030302C303030E4
S21403A0B0302C303030302C30303030302C2D2D2DAD
S21403A0C02D2D2D2D544F20424520444546494E45BF
S21403A0D044202D2D2D2D2D2D2D00280000000807A2
S21403A0E0BC029E072C0114001C022C01B40078004D
S21403A0F07800E204AA05720608079E070601000018
S21403A1000000280101000807BC029E072C0114006A
S21403A1101C022C01B40078007800E204AA0572063B
S21403A12008079E07060100000000253033752E251C
S21403A1303033752000637353686F7756626174001B
S21403A1406373456E6453657100637353796E63532B
S21403A1507461746549640063734F66660063735382
S21403A160686F7753746570006373536574537465CF
S21403A1707000637345766E743000637345766E7451
S21403A1803100637345766E743200637345766E747E
S21403A190330063735761697452656C656173650058
S21403A1A0756E6B6E6F776E00342E342E330000019F
S21403A1B00102010202030102070B0B0701160C0042
S21403A1C0000108080000050108FFFF02FFFF08085A
S21403A1D0020204FF010022FFFFFFFFFFFF03040448
S21403A1E0FFFFFFFF2AFFFF1419191B011C1512049A
S21403A1F000480C14131510801A80128080000F0E6E
S21403A2000C080C080D18100102040400F4010000E9
S21403A210FA00000096000000640000004B000000F7
S21403A220320000001E0000001400000000000000C2
S21403A2300101500040000800500024000400900173
S21403A240500240009001AE011000000041D1010011
S21403A250000000000049725314497207FF00010210
S21403A260030405FF145300724907CDF62147030084
S21403A27065E301000DFD01001F470300C548030009
S21403A280BF480300A9000200F169030079480300F0
S21403A290C1480300C34803006D480300BB480300DE
S21403A2A079DE01006D450300CDDF010001020C00DD
S21403A2B00000040000000800040000000000000086
S21403A2C0000000000000000000000000F546030048
S21403A2D000000000A001040156000000000000007A
S21403A2E00000000000000000000000000500000061
S21403A2F00000000000000000000000000000000056
S21403A30000000000000000005148030000000000A9
S21403A310A01305000A000000000000000000000073
S21403A320000000000000000009000000000000001C
S21403A3300000000000000000000000005748030073
S21403A340000000000D0000000000000000000000F8
S21403A35000000000000000000F00000000000000E6
S21403A3600000000000000000000000006148030039
S21403A37000000000000000000000000001000000D4
S21403A38000000000000000000000000000000000C5
S21403A390E5E5010000000000A0010107A00001049C
S21403A3A00204080006000000000000000000000091
S21403A3B005E70100CDE6010035E7010000000000D7
S21403A3C0A0030601A0090609A0020608A0050607C1
S21403A3D0A0050606A0070605A0020604A0010610AF
S21403A3E0A00A0602A00D06000000040205030601EB
S21403A3F007010108090A0000A0015C02A0035C0132
S21403A400A0025C00A0020F09A0030F04A0030F0321
S21403A410A0050F02A0010F01A0050F00A00401086C
S21403A420A0020105A0030106A01201000101020417
S21403A430200C0403E5E201002000040111E30100FF
S21403A44020025602B5E301002002560189E301000B
S21403A450200106057DE9010020000D0101E501004C
S21403A46020020D04CDE5010020020D035DE5010089
S21403A47020030D0235E5010020040A0FCDE4010098
S21403A48020040A0499E4010020050A0269E4010095
S21403A4902000011591E6010062676170692062750C
S21403A4A0666665727300010002000000000000008B
S21403A4B0030000000D0003000200010005006761B1
S21403A4C0747420636F6E6E656374696F6E0000004C
S21403A4D000FB349B5F80000080001000000000003B
S21403A4E000000000B5670300554E03009B69030098
S21403A4F09F680300E69D350E480103CCDBFDF4ACF4
S21403A5001191F4EFB9A5F9E9A7832C5E2CBE97F257
S21403A510D203B020008BD28915D08E1C742430ED64
S21403A5208FC24563765C15525ABF9A32636DEB2A27
S21403A53065499C80DC003F49F6D4A3C55F3874C9DF
S21403A540B3E3D2103F504AFF607BEB40B79958996C
S21403A550B8A6CD3C1ABD006C888391AAF5A53860D1
S21403A560370BDB5A6083BE000000010001000501C3
S21403A57000050202030002000000000002050100BD
S21403A58005000001000100000100010202030002B1
S21403A59000000000000202010002BF01FB9D4EF313
S21403A5A0BC36D874F5394138684C8BD28915D08EB1
S21403A5B01C742430ED8FC24563765C15525ABF9ADD
S21403A5C032636DEB2A65499C80DCE69D350E4801B7
S21403A5D003CCDBFDF4AC1191F4EFB9A5F9E9A7833D
S21403A5E02C5E2CBE97F2D203B0200000A0010A0511
S21403A5F0A0030A04A0080A03A0070A02A0060A0189
S21403A600A0070A00A0030906A0060905A007090477
S21403A610A0040903A0050902A0060901A003090076
S21403A620000800FC94A603000100010784A60300AB
S21403A630000800F840A603004CD18DAD08070000C3
S21403A6409600FCFEF8006D23441FEEFFC700F20ED3
S21403A6508E37FAFF5C00A40324A7FFFF3200D6015F
S21403A660AD3400001F003001004D00001200C00092
S21403A670CA4A00000B006E00F73C000005001F00EE
S21403A6802F20000083FFBFFFE2FFF1FFF9FFFEFF6D
S21403A690000000008C00FCFEFFFF0000000000002E
S21403A6A0FC00D2104C06FAFF75009B05F132FFFF43
S21403A6B03E0062020B35000025004B01885F000058
S21403A6C01700E0005E5D00000E008C006A4F00007D
S21403A6D00700250083280000195602006156020071
S21403A6E00D5602006D5602005556020017790300F8
S21403A6F053790300797903009B790300BD7903003E
S21403A70081A3020039A3020045A3020019A4020094
S21403A710617F0300A1760300A5760300B1760300EC
S21403A720A9760300AD760300000000004801000090
S21403A7306019002083FF000002000080FF7F0000F6
S21403A7400080FF7F06010080FF7F0E025241494CC6
S21403A75000000000A000000085600200500000001A
S21403A76065610200FA04FA000033330A0A0A084055
S21403A77000210000000000000000000000000001AF
S21403A7800000010100010101F99D0200DD9D0200A8
S21403A790FDB50200C1B7020059B70200010102036A
S21403A7A0000000019D07000048700E0E44709A0DCD
S21403A7B03070DA123C70DA163870F60D34701C0EF0
S21403A7C03070700F2C70700F2870521124706A113D
S21403A7D02070000E1C70F611187068121470FC0DB1
S21403A7E0B110076001D80A7108B87F78020C7E782A
S21403A7F0641000C6A01F00218CB8707801B00768EB
S21403A8000F305CB30F330111C048069846022FB0D1
S21403A81006D80C7109DD087100B853A809BB1110DE
S21403A820076801682148076004100112FF322150AF
S21403A83007605148076000880698841300C43C1FCD
S21403A840002103DD087214BA281400A000BA03DF3F
S21403A850107109DF06720298E8058CB8507800A0DC
S21403A8604413281441158110076002D81471108808
S21403A8700698F61B00C00C7008400698501E009100
S21403A88006985C020060B83020D8067190BC637CE2
S21403A890084D5412F03240DE0472404804DB08725E
S21403A8A00DDD0C72044BEF30144806989E0700C467
S21403A8B0E01008404412076201322140084C287C0D
S21403A8C0811140D91C72B1123032CF4A013AB1DA43
S21403A8D0107208D8067104D80871B04C237C3E70F9
S21403A8E0684C4412FF328722047580B8D84C81D84E
S21403A8F0307140D90472237C084B06989E0704BA2D
S21403A90088B9767900C1186008403579E04900793E
S21403A91006B904A901D86C72BC4C307C02982E028E
S21403A92008D83C7100C14C000840141110D930718E
S21403A930104C00C11400084014111814076100C518
S21403A940206008405415FF35047110491814A84CAC
S21403A950441207620132067102981201B84C08D8F5
S21403A9600C7107BA24D8047106BA187004D80C718F
S21403A97001BA40D80E7102BA0A7005BA20D804721A
S21403A98003BA604C4411404C181407611814911113
S21403A990383111429111076910D90472EF3200C1A0
S21403A9A00060084014111031016911422814A111E6
S21403A9B0076118140698361E181400C10060084074
S21403A9C014110769FF31181400C13C3008401411F4
S21403A9D0181407611814308802480698480600932E
S21403A9E008DB047101F800A05CB00F3000A01088EB
S21403A9F0B111076980D90A7100C1800008400811A7
S21403AA00009100A000C400010840441000A000C04C
S21403AA1020300E40041104101050F47200A0541598
S21403AA20504512710698A8070698380718B8707824
S21403AA3000B8417806983C0390BA5B7A5C7A5D7AF4
S21403AA4000C218500840241200C14C1F00212811D0
S21403AA500698001C2088008800C5401F0021541556
S21403AA605112FF350762FF320698660201595129D3
S21403AA70047511590090212920750698FA04069842
S21403AA802A050698F602009203D80C728111076114
S21403AA9002D90472FF0FBA7018B8727800F804D897
S21403AAA042710088308800C0FC1F0021041000C1DA
S21403AAB04C1F00211412012A215A00C318500840C3
S21403AAC03413312A1A7500C000600840041007309A
S21403AAD0FE200C76381108B87F78020C7E78009337
S21403AAE0009000A000C0F41F0021041000BB1DB49A
S21403AAF000A000C1DC1F002114111088FF3100C51F
S21403AB00FFFF0000311207620762513A513B0E7293
S21403AB100698160D1159011201131E703114008880
S21403AB2031100698160D1159415C41280698180DE8
S21403AB30513801130090012B009020880760011400
S21403AB400760FF30215D411207620762312D0876E8
S21403AB50FF34415C4128015D31100698180DFF3023
S21403AB603088011300C0E01F00210410512B0C761F
S21403AB70076801150768FF356070315BFF32212BCC
S21403AB800C75076001150760FF354E7000C5E41F9E
S21403AB9000215415076507655112FF35FF30012B59
S21403ABA0087521100760327021100768FF30012BEB
S21403ABB00A75211007600760207000C2E81F002195
S21403ABC02412211007600760FF30012B087521103F
S21403ABD00768067021100760FF300093009200C1DB
S21403ABE00060084014142C490734FE242A761415F2
S21403ABF0F0BC076C513C076803680154107100C42D
S21403AC00FF0FFFFF513C01444811311200C5E81FF6
S21403AC1000215415FF350762076221435449141275
S21403AC202155FF355152281100A000DF067201138B
S21403AC3014703111312B112B016300C1FF07000083
S21403AC40113B012B00C278FEFFFF05B86EBD312A0B
S21403AC50207505B8C8BDE8221875DCBD06B8DC2229
S21403AC60107507B8F0220A7508B8E822047509B803
S21403AC7000C10060084014122C490732FE221676E3
S21403AC800768036800C2FF0FFFFF1414213C01444A
S21403AC90481150BD544914122155FF3551522811FD
S21403ACA000A001D82C71008800C00470084004106E
S21403ACB08020FF301A7100C1B01E002114110761F5
S21403ACC020D9087106988204067006984A030090F5
S21403ACD000A002D8047200A00088069838071DB4A6
S21403ACE028B9112C408800C3EC1F002134144044BB
S21403ACF05A7144130698A805411500C00060084021
S21403AD0004100730FD20447500C208700840241064
S21403AD100760FF3080DC34710698520D01591C4AD7
S21403AD20241007600260FF300698520D0158B220C7
S21403AD300129541331100698520D11280A7504255B
S21403AD4054155045EE720698A8050094009000A08E
S21403AD507FB9066100C01C60084006988A13041574
S21403AD605153113B3155581002988413EBBD00C064
S21403AD703C1F00210411113D10D91271FF33076BDC
S21403AD8000C190400846381118B97479581000A0CD
S21403AD9006985C028024E4240D300472044800C143
S21403ADA01C510840141100C3D81E00219115043508
S21403ADB01A72181388BB08D804716C7B04D8047104
S21403ADC06A7B8CBB2F7C5B7B1670044B181388BB8B
S21403ADD008D804716F7B04D804716D7B217C0C301A
S21403ADE001600698240706980C0C0698D40700B84A
S21403ADF0B111076940D906720298080701BC00C260
S21403AE000060084000DC0A7124150165604A0A7078
S21403AE101C4A241507657C4A043508D9207120246A
S21403AE20512A241200C180000840320C2811076200
S21403AE3028110762281107622811500C00C1341F1D
S21403AE400021141200DC347120D8067101B80C708E
S21403AE50F0DA0C720CDB087102B806982C0748244B
S21403AE6000C3306108403413076380DB0E7102B9F8
S21403AE70911308DB047203B906700C49141100C35E
S21403AE8080000840FFB801201141087101411813E2
S21403AE900824014200C12000084014110141036D3B
S21403AEA0514191152035016D51411813281348134C
S21403AEB000C37C000840341003D80C71073005DC4F
S21403AEC00671084B227B8CB8507800B800C1341F3B
S21403AED00021141203682150F0300152281100A0FB
S21403AEE04024066400C0FFFF0100013C1DB00220A1
S21403AEF00158402806751EAC01EC00A0208800C04F
S21403AF001850084004121DB4211304123052F8716D
S21403AF10066C402400C3741F0021341014110698D5
S21403AF20820D0669009211592129067600BB115934
S21403AF3006983A0D80B80158013A0662313B04720E
S21403AF40215A412A00A000C200010840317A00A01D
S21403AF50308880B9076900C30000C0FF311031286C
S21403AF6000BC002D0C7511541EAC01EC312DF47091
S21403AF70066C51134155312C009300A000C02840A5
S21403AF800E400413315107610C3107691153381011
S21403AF9000A00698EC0800C0F41F002104110698D0
S21403AFA0D407217A237A00C30000100006981408F9
S21403AFB000C0541F00211DB1181000A000C0501F70
S21403AFC000211DB1181000C09C1F00210410002D85
S21403AFD0067500B826A80698A80700C09C1F00217F
S21403AFE00410012C06750698380728B010B91159B5
S21403AFF011380EB9114028A880B800C14430084063
S21403B000081100C1F01F00211410303B06710760C1
S21403B010076000C40830084044111150FF30015146
S21403B02018146FB8076826A8217A050C2110204843
S21403B030267800C063EF0000314026A8050C20ECFC
S21403B040B11140D90872247A20EC217A184826A830
S21403B05028B00AB901510F31115028A8050C207ADF
S21403B06020EC0F0C98B8467841780698660200C222
S21403B070401F002124100151FF311150081200A077
S21403B0800698EC0800B826A800C0581F00211DB17A
S21403B090181000A030B840780DB101D9FC72427880
S21403B0A000C074300E4004114CBA407A181014488D
S21403B0B004115C7A1810A4BB707B4E7B4F7B00C2D6
S21403B0C00430084000A00698EC08217A227A00BBD8
S21403B0D00698140800C0641F00211DB11810A4BBF5
S21403B0E000C040300E400411033101492872B112EA
S21403B0F0076207623048041121510F3118726E7BC4
S21403B1006F7B104804114CBA7C7A1810144804114B
S21403B110607A1810B11002D81071707B30B862785C
S21403B12060780DB001D8FC7100C0F86008400411C7
S21403B13001D90C7100C01800084002B9181008B8ED
S21403B1406E780EB84EB110D90C723EA8140C0FB818
S21403B1503EA8107044A8140C01B800C1AC300E40D1
S21403B160081100C077801F003DB201423DAA00C00F
S21403B170FFFFFFFC013A3DAA140C00C077E01F0056
S21403B18001423DAAFFB845207D7808B87E7800C105
S21403B19024600840141107610631087100B9069847
S21403B1A0D01006988A13B11101D90E7106985C1E49
S21403B1B002D906720698520C069884135114069800
S21403B1C03807F4B845780A0C00C0601F00211DB18B
S21403B1D018100298AA10FFB845205D7803B80760D8
S21403B1E044A83EA800C1AC300E40081110B807684A
S21403B1F03DB101393DA908B86F7800A046A800C044
S21403B200FFFF0000013B076356AB94BA437A01D9AC
S21403B2101471013C47B300C0FE20FFFF013B3144DD
S21403B22047AC637AFFB82120407802D9047160786E
S21403B23000A0C8BC066C415C512C067506983807FE
S21403B2400698300EB110076805D8367140BA0698CE
S21403B2505A138CBC7F7C08B86578911004D8187193
S21403B26088B86E78577800C064000840217806983E
S21403B270F81001400872427C069896130298E40B75
S21403B28008B86C7820B859785B7800C0F44008405A
S21403B2907878797800C1C81F0021141040A818498F
S21403B2A014130449408814140C4914118112076AB4
S21403B2B0006A01DA187188B8577800C0CC1F0021DD
S21403B2C00410016107630763076407640698540A5A
S21403B2D000944EB010D842724DB161B8015811387F
S21403B2E040B102D90A72604804BB41540870204832
S21403B2F002BB02BC4DA8F8B87078190C3EB14141A8
S21403B3003EA9F4B973797378717800C4F84008409D
S21403B31000C200410840227000C20000010044AA97
S21403B320230C00C200000B0044AA00C410410840CE
S21403B33000C21841084004BB587C050C597C0C24F9
S21403B3400F0C2FAB050CB11008D81471647A657A0C
S21403B3501CB879787B7820B879787B78607CF4247D
S21403B360411306989E0751144044067506983807FD
S21403B370727BFFB84D20050C687840EC00C05C1F5C
S21403B38000211DB11810911004D8147100C0B01E0E
S21403B3900021041080D806711CB8737800F818B81A
S21403B3A000C1D41E002100C21850084024122811E0
S21403B3B0777800F800C0B860084004110761076199
S21403B3C080D9047240EC00C4F84008404EB010D850
S21403B3D00471182441130C23527C407B11512FA96E
S21403B3E0050C797C0A0C00C0000001020814787C66
S21403B3F0050C507C08B86D7800A000C02870084083
S21403B4000411108800C100180040181044480411A5
S21403B410108878480411108800884CBA757A18107A
S21403B4203DB11088F4B8427844207278284873787F
S21403B430F8B873784FB200C4FFFF8080413A4FAA32
S21403B44001BC01644113076300C06C70084003B974
S21403B45018100110011001B9181001100110011085
S21403B460011068480411076101B80160003A0471CD
S21403B470044904D9047241520760003A047108492A
S21403B48008D9047231520460003B0E7200630064F4
S21403B490314241424FAAB2704FAAF8B853781820E7
S21403B4A053782848527800913DA9009000911810CF
S21403B4B000917848181000914448181000A01159BC
S21403B4C010D906710760076008D90471076004D9AC
S21403B4D00471036002D90471016001D9047100602C
S21403B4E000A000BA01D806710148112A006900605D
S21403B4F001D8F6720138F67200A08020FF30FF48AC
S21403B500812000A002EC00CA02EC00C8076A0142D0
S21403B51002EC00C8076A014202EC00C8076A01424F
S21403B52000A000C218500840241211592129127392
S21403B53000210E7100C23050084024120121212937
S21403B54000A00698EC0888B8577800C57C1F002131
S21403B5505088044D88BC00C0BC1E0021811101D94F
S21403B5601E71407C009501157C4D5088044DFFBB31
S21403B570076B315B041106987A0D3129F875069826
S21403B5804A1D541506985C1E01D9087206981E09B2
S21403B59006700698800988BB547B009500F80698C9
S21403B5A02E0A0E7006980C0C06982E0A0698D611CC
S21403B5B00698D8089112211900C0246008400A781A
S21403B5C0097800F810B901BA069850130698AA101D
S21403B5D000C57C1F002100F89112033288B900C30E
S21403B5E0B01E0021341300C4A81008408CB842785B
S21403B5F0707903DE0671447872707179A11020D8D1
S21403B6000A7106981E0902987C0F80DB507102D8D7
S21403B6104C7205B830880763076302DB2A7100C3E0
S21403B620AC0008403413066380DB0472804800C312
S21403B630102008403413315B047240483128312807
S21403B64002600814076800930814A110103002481B
S21403B650081400B808149110076008148CB86278B0
S21403B660A11000DC0676517900BA80DB3A7100C07F
S21403B67000000200003B307150884110344803DE5E
S21403B68004719048041508200411F82058101C2053
S21403B690217800C0A40008400E7810D904722E78D2
S21403B6A00698A0160095911120310269911004D8CE
S21403B6B00E7200C1481F0021141101D90A71208897
S21403B6C00698D010009200C1180008400533054BB9
S21403B6D01872184C03DE0471904C441400C3FF1F09
S21403B6E00000413BFF233811B84900C330610840CE
S21403B6F03413076380DB0E7103BA076A0698640F78
S21403B70000BA0870076A0698640F0449087909792D
S21403B71014102140081100A000BD0698400210B97D
S21403B72003DC047100B901BA0698501302D90671F6
S21403B73000404E7201B107690F310698F810FFD822
S21403B7402872811008D8187106DD0A71069840021F
S21403B75003DC0C7206983E11069896130C7006DDF1
S21403B760107106984411487020B802A806DD1072BE
S21403B77006982E0A0698D80801F840B802A800F8DA
S21403B78000C0B01E00210413076301DB2271911071
S21403B7900111076911388CB910D8087144790298D9
S21403B7A07C0F02DBFA72A11328DBF47203BD069842
S21403B7B09E1006982E0A00C5801F00210698400298
S21403B7C000BA03DC4A72044DA11002D804710C4D72
S21403B7D000C0140008400410026800C3701F002154
S21403B7E03411112800C1306108401411076180D953
S21403B7F00C71911108D90671FC230C4DFC233411EE
S21403B80006983A0D00C10C51084006985407541583
S21403B810212D00C0F8600840041101D9227100C030
S21403B820381F00210410033001DC147200C014001A
S21403B83008400411FB21087607BA076A212D0698EB
S21403B840EA0702988A0A91100155033551500119E7
S21403B85000A000C1441F0021141001D84271014802
S21403B8600760FE200E75811020D8087100C1481F9E
S21403B8700021141101D9287100C024600840041265
S21403B880215107610F3107691152281000C000606B
S21403B890084004119112215120311152211900A0A0
S21403B8A0811380DB067201B800A000C30C50084069
S21403B8B03410063030727C4B34122C4B3410076035
S21403B8C0076040302072811080D8DC713410014A42
S21403B8D007620360803021508C480A717F2355230A
S21403B8E03410013000A000BD06989E1088B8477833
S21403B8F04578437800B8447800A006982E0A069840
S21403B9003E1100C58C1F002154150698EA070298BD
S21403B9108A0A00C374000840027B06988A1350BA4A
S21403B92006985A130698F810FFD84A71911004D84F
S21403B9304872811007601CD8407220D938721112E1
S21403B940FF322151347180218021111400C0E01E82
S21403B95000210413FFBA3151113A215111538CB906
S21403B96038107B7940440E7200B900C2B81E00211D
S21403B9701812067008B860780698841300F800B9A1
S21403B98000C29C1008401812244A0AB9181288BA32
S21403B990507A517A577A8CB942795F7900A0069823
S21403B9A0400207DC1072911000200A750698D61123
S21403B9B00298280E0698D80801B9911004D8047185
S21403B9C000B910BA0698501300BA00402A7100C096
S21403B9D0B01E00210411076101D9127104D9E27265
S21403B9E08110076001D8DA718CB8647800C11C51E5
S21403B9F00840069854070698D61100C5901F0021E4
S21403BA005415212D06981E0900C5941F002100F821
S21403BA1000BC811108D9167280D9207201B910BAF8
S21403BA200698501300400E7101BC107006983E1124
S21403BA300698961320B802A800F80698D611811126
S21403BA400231127100B900C20C1008401812244AC1
S21403BA5002B9181206983E1100C5981F0021541506
S21403BA600698D41D02988A0A04110121147188BA13
S21403BA70737A042004122811042004110121F4729D
S21403BA8000A006989E0701F8911010D83471069806
S21403BA903C030698FA0406982A0500C51C5108407C
S21403BAA0541106987A0D00C5D01E0021541551294D
S21403BAB0E27518B876788CB8447801B802A800F80E
S21403BAC0B110076810D82E7100C04810084000C394
S21403BAD0000008403114884C44113411076101D921
S21403BAE0FA714412281007622810076228100762AA
S21403BAF02810E8700298760206985C0211380472E1
S21403BB00016A00BB00C1E01E0021141120390C722B
S21403BB10911210DA0672417B00A006988A1300C2BF
S21403BB20B01E0021241220DA0472617B88BA527A8E
S21403BB3000A088BA727A811204DAFC7200A088B870
S21403BB406B78577800C0640008402F7800A00698EA
S21403BB50E4100763076390B9637900B902DB2271C7
S21403BB6002EC00C909B801D9507200C2AC00084003
S21403BB700E7A10D904722E7A0698A016E031076161
S21403BB8002EC00CD114502EC00CC01DB087100BBD2
S21403BB900298FE1703B841110731FA211C760621D5
S21403BBA0911210DA087102DD10721E7020B8069822
S21403BBB0160D3038147208B80698240700C02400FF
S21403BBC008402978207800F8046020D80671029887
S21403BBD0581502EC00CA05B823DA187104DBDA71CB
S21403BBE020DAD67110DAD27290B8617800B801DA2A
S21403BBF0067202EC00C8911110D9267100C1C01E4E
S21403BC00002114111150FF300C720661A11011505F
S21403BC1002300A7180DB0A720AB89E708CB97C798E
S21403BC200768911111402111C0311140011990B8D4
S21403BC30411108D90471667820D904726578A11079
S21403BC4002D80672C0DA1E7190B8273123DD087257
S21403BC5010DB1072607825DD0A7121DD087208DBBF
S21403BC600471627803B8411107310872A1152035B3
S21403BC70AA7102DD3272A11120D9A07102D92872ED
S21403BC80CCDA9872411140D9927206B802DB107171
S21403BC90046500C1102008401411112D112D054D07
S21403BCA05C720298E61321114049C0D94E71A03147
S21403BCB041154035016551410361076308DA1E7279
S21403BCC004DA38721049A1150235067110DB0E72BC
S21403BCD001340A7108DB247190B86778CC321110EE
S21403BCE01A300ADC0872CCDE0471FD3100C00D0F79
S21403BCF00C0D0698180D01D8607207B80298101438
S21403BD0000BA411108D90C7102EC00CA05B830DA42
S21403BD10EC720734F031026101DA0471014900C0A4
S21403BD20F300A3E30698180D01D8D07100C0981449
S21403BD3040680698180D4030014440DA0471204CE0
S21403BD4004320162204A111006300068014218319D
S21403BD500269114202982E14204A00C005170850A3
S21403BD600698180D113001422088FFBB0DDA50717A
S21403BD7000C1DE1B250180BC04DA107208DA0A72E1
S21403BD8000C120841000E024A0240763414301641B
S21403BD9001DA06711E49024B00C0281F0021076303
S21403BDA03810BC2002DA127101B91159A11380DBD5
S21403BDB0087100C100FCFF01181002988A1700C41E
S21403BDC0B01E0021441080D87C710092D0DA067130
S21403BDD00DDA0C7190BD437DEFBD0698C605036270
S21403BDE00DDA8672A11105D95C7100C238100840BD
S21403BDF024120C24281401D9067202D9327140D9B0
S21403BE001E7102EC00CA211018320471FA2220D8DF
S21403BE1004720822FE22087502EC00C8F87001D9E5
S21403BE200E7102EC00C802D9067204DC187200C058
S21403BE30B01E00210410026801D8067190B8647819
S21403BE4018B873780298FE1700C50020084000C093
S21403BE500417000008D904720A480815104D00B8E4
S21403BE6008D90472FF200815084D00C00884000096
S21403BE7008D9087200C02083B8ED0815104D207D40
S21403BE8000A000B8011A00C07400084002789110A0
S21403BE901030011905BA06985A1302D9067101B86B
S21403BEA002A800C0B01E0021041380DB06710298AE
S21403BEB0A61340DB067102983E198CBA7C7A01DB26
S21403BEC06C7100C22C1F002124111114FF3402ECE4
S21403BED000C8FF24FA7607610698260D0361113819
S21403BEE00F3003611114011141100698260D01D875
S21403BEF0087203B8029810141C4A02DB247124103B
S21403BF00112811280412023006710762076200C066
S21403BF10FFFF0000213800C218000840FF20081267
S21403BF20411007600698260D01D87C7120BC10339B
S21403BF30767100BB00C1281F00211415C021112CE7
S21403BF405112076A0F320E7140885114069854181E
S21403BF504143009451120765036A0F320E71411173
S21403BF60511406985418036C41430765513B00C1AE
S21403BF70E41E00211411111231100F30127100BA91
S21403BF80046101D80471114200600FD8F4723110B5
S21403BF9002601E30047201B8003A087204B80298B0
S21403BFA010140298161600C1306108401411076178
S21403BFB080D91A7102EC1DB002EC1DB1015811288C
S21403BFC0A0B91159112806758CBA637A00C0341FBC
S21403BFD0002104110F3103DD1A7200C0006008400F
S21403BFE0041007D80E7200C01040084004B9181099
S21403BFF000F80698E4100698C40500F830885088C0
S21403C000FF34087102ECFF24F87002EC00CD141024
S21403C01001BB5150FFD8047131440760006B10DB3D
S21403C020F2710421FF22E4720F4C0095009300A0E6
S21403C03000C01860084004100560073000A00CB864
S21403C04002983A1902EC00CAFFBC80BD069888180D
S21403C0500448187202EC00C92115F03500650F324A
S21403C060076A114200C4FF0F000000C1C01E002172
S21403C070141031110113413B02EC10D9087121143D
S21403C08000CA2C70305206714052B47221140760F5
S21403C0900760FF3055DC187100CA005212710ADEC1
S21403C0A00E714ADE0A7155DE06713052927200C175
S21403C0B0C41E002110880698361E073111450765F1
S21403C0C00765414500C30C70084034130763FF330C
S21403C0D007633145009158110849281118B8757837
S21403C0E00BB8029810140763076302EC00CA02DB5E
S21403C0F0127155DE067202989C1854DE0672029878
S21403C1009C1801DB12710698600D06985C0D02EC14
S21403C11000CA0298FE1700C1BC1E002114147C49F5
S21403C1200698600D40522E7204DBE07190B8637877
S21403C1300698881804486E7200BA0698600D211394
S21403C140141000C1FF0F0000113A1052547101522F
S21403C150113A067104B88C7000BA0698600D211166
S21403C160FF3207611114911010D82271073103DDD5
S21403C1701C7200C1C81E00211411FF311152067132
S21403C1800AB8D4708CB97C790298FE1741108130B6
S21403C19081DC0E72076A034A076A0F4A0698181B61
S21403C1A00298FE171410FFBC013C0698BE1B02EC57
S21403C1B000CA02EC00C902EC00CB076A3142076AE8
S21403C1C021410F3302EC00CD02EC00CA0040087296
S21403C1D0211302EC00CA07621142911110D92A7189
S21403C1E021110F3103DD227200C1C81E0021141174
S21403C1F0FF31076A00230C71115308710AB80298BD
S21403C200AE198CB97C79147021110F31076A02DDDF
S21403C2105A7101DD067103DD4A7200880AB9069871
S21403C220021B00902111FF32FFDE38712054387252
S21403C230FC25187202EC00CA01DE107202EC00CA7A
S21403C24018DE087288B877781A70066100400472A0
S21403C250006180D90E714CBA477A06985A1B90B87B
S21403C26043780298FE1704B89670FF32FF24F875D9
S21403C2700BB90698021B2110E03001584128E875D7
S21403C280F83002601F32215A0125212DDA75012A62
S21403C290D67602EC00CAFF20FA764111073101B8C0
S21403C2A00698160D003AC071BA70004008710698D9
S21403C2B0921B0470022106B81159112DAC7500A00B
S21403C2C000C5A81008403110036008150111076067
S21403C2D0076007690F30F0311140081507630363E1
S21403C2E03815281507622815076228157FBA2815FA
S21403C2F000BA28157FBA281590B8437818B873780B
S21403C30000A00698CE1B11140CB900400A710064F5
S21403C3100AB90698921B03BD514400C5A8100840ED
S21403C320202A047528154815076448151815004073
S21403C330047238150764481500A00088408800C0BA
S21403C340C81E002104100760073000C42000084000
S21403C3504414412C047201244138405004720121D4
S21403C3600094009000A000C0C81E002104100760BF
S21403C3700730074800A000C2C01E00212412211463
S21403C380076AFF320CDE12710DDE0E710FDE0A71C4
S21403C39010DE0671215A00A0FF34411200A000C12E
S21403C3A0B41E0021141100A0308806980C1E8111BB
S21403C3B0076102D906720298E81C88BB557B0761A1
S21403C3C020D906710298D81C0088A1100768069821
S21403C3D0F61B08211415FC2590BB5C7B5D7B00C116
S21403C3E00060084014110731FE21307608D82A72FF
S21403C3F05113FC23341304DB2071076BFF33315BCB
S21403C40000C1087008401411076180490C71FF31A0
S21403C4103029607590BB7B7B1C707B7B7C7B00DD4F
S21403C42004717D7B01BB38158113076B403306719E
S21403C43018BB717BEC25541300DF5471042505DF0C
S21403C440547154152111208806987A0D00925129AB
S21403C4503E7500C100600840141102DB0C71073101
S21403C460315B31292A760C7004DF0872006180D9AB
S21403C4701E720698F61B00C0087008400698501EE9
S21403C4800698F61B1411FFD9607202982E1D0090B1
S21403C490009300A05415A111076910D9A6720825A8
S21403C4A008D8A071082510D89A71208821110698FB
S21403C4B07A0DFC255412112AF82554110C2520D880
S21403C4C00871F025541110252029047621591815D2
S21403C4D0009202989A1C18B97179811010D80A71C3
S21403C4E088B8447800B8417888B9747908B9677908
S21403C4F000F88110A0D8087188B9497900A00760B0
S21403C50002D8FA710698F61B108806988A130762F3
S21403C510076210DA087108211415F025541100C2B9
S21403C5200020FEFF2029127506985C1E01D90A72A8
S21403C53006982E0A0698D80800941CBB41100C20B7
S21403C5400698C0124111082114100698C01231280B
S21403C550441111120761FF31FF320122105210728B
S21403C5600769181404244413042438140C70076948
S21403C57021411814082408140298841340441471A3
S21403C58000C1B81E002114155113036B0FDB0C7288
S21403C590066D0698A807411500A00698D8080698C1
S21403C5A08A1308BB51140698941D4415FC2554158C
S21403C5B00298EA0788B900C3B01E00213413076344
S21403C5C008DB1A718113A0DB06714979107069794B
S21403C5D0076302DB087208B9677900F800A08111C7
S21403C5E0076102D9107188B975790698F61B14117C
S21403C5F0FF3100A0FFB900A0041008211411F42194
S21403C600081100A081110761076110310E710698A9
S21403C610F61B08211411F821141100A0FCC703000F
S21403C620E4C7030014C803002CC80300232D302BD3
S21403C6302000686C4C00656667454647003031321B
S21403C6403334353637383941424344454600303172
S21403C65032333435363738396162636465660000D1
S21403C66001020304050607282962675F6D65737375
S21403C67061676520726563656976657273006267D4
S21403C6806275660061636C006C6C5F636F6E6E65EB
S21403C6906374696F6E006C6C5F6164765F73657458
S21403C6A0006761705F636F6E74657874006C6C5FAF
S21403C6B076616C696461746F72006D6573685F7030
S21403C6C0726F765F64620062675F6D65737361673E
S21403C6D06500736F66745F74696D65725F6D65730D
S21403C6E07361676500666F756E646174696F6E5F0C
S21403C6F0636D64006C6C5F6164765F73796E630070
S21403C7006C6C5F7363616E5F73796E6300676170F1
S21403C7105F706572696F6469635F61647600676101
S21403C720705F706572696F6469635F73796E6300C7
S21403C7306C326361705F636F635F6368616E6E65BF
S21403C7406C006D6573685F70726F765F64625F61BD
S21403C75070706B6579006D626564746C735F636F8C
S21403C7606E746578740000007EC6030084C60300FA
S21403C77088C6030096C60300A1C60300ADC6030021
S21403C780BAC60300C7C60300D2C60300E5C6030045
S21403C790F4C6030000C703000DC703001EC703004B
S21403C7A030C7030042C7030056C7030062676275BB
S21403C7B0665F696E0062676275665F6F75740062B6
S21403C7C0676275665F6E6F666C6F770062675F6D34
S21403C7D0616C6C6F630062675F72616E646F6D5F3E
S21403C7E06165730054CD03000000000044C80300D5
S21403C7F0010000005D9E0EDB00F0490254CD0300ED
S21403C8000000000068C80300010000002CFACDBE3B
S21403C81000F0490254CD0300000000008CC803005A
S21403C82001000000481E85EB00F0490254CD0300CA
S21403C83000000000B0C8030001000000CA059DBD4B
S21403C84000F04902D4C80300809C2B8F80841E000E
S21403C8500000000027006800980D0020000000007C
S21403C8600000000000000000F4C90300809C2B8F2A
S21403C87080841E000000000027006800980D00203A
S21403C88000000000000000000000000014CB0300BE
S21403C890809C2B8F80841E00000000002700680009
S21403C8A0980D0020000000000000000000000000BB
S21403C8B034CC0300809C2B8F80841E000000000075
S21403C8C027006800980D002000000000000000000C
S21403C8D000000000F81F01018CCE030034000100A5
S21403C8E0100000004000010020070000480001007F
S21403C8F000040000540002000D0F000001010000B8
S21403C900A000010003C0010030300100F93D100013
S21403C910B840010000C0830040410100E9008800E0
S21403C92018600400300000461F08040000200010B2
S21403C93000500A005060040018000500000A0000BA
S21403C9400A00800011000A0078600C000F04000043
S21403C95000000000140012005B948C1B0000000013
S21403C96001040B192C404C59605B534736251B11A9
S21403C9704AF338966745231211090000E46007005E
S21403C9808208BA8C0000000064048207AC0DCB0C4E
S21403C99090200600F9541C0082940AC70461030021
S21403C9A0C7EF1100A01B00000A88000030610700D3
S21403C9B04CD4E83B04196F00080E141A20262C32B8
S21403C9C0383E10325476980A1D5F0000147001102A
S21403C9D000F8070014700130F80000001870020019
S21403C9E0000300006000A5837070010006010200CA
S21403C9F0FFFFFFFFF81F0101DCCE03003400010038
S21403CA00100000004000010020170000480001004D
S21403CA1001040000540002000D0F00000101000095
S21403CA20A000010003C0010030300100F93D1000F2
S21403CA30B840010000C0830040410100E9008800BF
S21403CA4018600400300000461F0804000020001091
S21403CA5000500A005060040018000500000A000099
S21403CA600A00800011000A0078600C000F04000022
S21403CA7000000000140012005B948C1B00000000F2
S21403CA8001040B192C404C59605B534736251B1188
S21403CA904AF338966745231211090000E46007003D
S21403CAA08208BA8C0000000064048207AC0DCB0C2D
S21403CAB090200600F9541C0082940AC70461030000
S21403CAC0C7EF1100A01B00000A88000030610700B2
S21403CAD04CD4E83B04196F00080E141A20262C3297
S21403CAE0383E10325476980A1D5F00001470011009
S21403CAF000F8070014700130F800000018700200F8
S21403CB00000300006000A5837070010006010200A8
S21403CB10FFFFFFFFF81F01012CCF030034000100C5
S21403CB200000000040000100A007000048000100CC
S21403CB300000000054000200000000000000000097
S21403CB40A0000100FF4C0000303001001149100026
S21403CB50B840010000C0E30040410100EA0088003D
S21403CB6018600400000000C61FC00000005000004C
S21403CB7000D0320050600400FC006900410C000045
S21403CB80000000001100080078600C000804000094
S21403CB9000000000BE031A000000000000000000B2
S21403CBA001040C1A2F46536168625849352014074E
S21403CBB0C491A0635644332322529224E4600700B0
S21403CBC08108A1CB00000000198407059411CB4807
S21403CBD099200600016120008294EA87046103001D
S21403CBE065B611001E37000089BB000030610700E0
S21403CBF0E853FA00000000000000000000000000F8
S21403CC000000000000000000000000001470011087
S21403CC1000F8070014700130F802000018700200D4
S21403CC20000300006000278470700100C30000004A
S21403CC30FFFFFFFFF81F01017CCF03003400010054
S21403CC400000000040000100A007000048000100AB
S21403CC500000000054000200000000000000000076
S21403CC60A0000100FF4C000030300100E338100044
S21403CC70B840010000C08300404101006D008800F9
S21403CC8018600400000000C61FC00100005000002A
S21403CC90008000005060040018000500410C0000EE
S21403CCA0080000009100040078600C008C000C0063
S21403CCB00000000014001A0000000000000000003E
S21403CCC001040B192C404C59605B534736251B1146
S21403CCD04AF338966745231211090000E4600700FB
S21403CCE08F0846CB0000000023086404D007CB4817
S21403CCF091200600F9541C008294EA87046103001D
S21403CD0051551100B01B000089BB000030610700BD
S21403CD10E853FA00000000000000000000000000D6
S21403CD200000000000000000000000001470011066
S21403CD3000F8070014700130F800000018700200B5
S21403CD40000300006000A583707001000541000029
S21403CD50FFFFFFFFDC1F04010000000000000000CF
S21403CD600000000000000000F01F02013F00370033
S21403CD7000000000FC1F0101000000000400020088
S21403CD8001810100000100001800020000000000FD
S21403CD90010000002800030000000000000000005F
S21403CDA0000000003800020000000000542C0020A1
S21403CDB0A4000300FF4C0000FF4D0000FF4D0000E1
S21403CDC0002001000807000010200100AAAAAA00FC
S21403CDD0182001000060DA000830010013AC0001DF
S21403CDE03430010001000000403001000000000064
S21403CDF0A04001007A27000FF44001002010000035
S21403CE003441020080080000E68700004441010028
S21403CE10C0E6524D60410400000000000000000020
S21403CE200600000006000000146001001000000069
S21403CE30286003000000000300000000000000005C
S21403CE406060020029417671000000002061010045
S21403CE50FFDF00004C6101000100000020700400A9
S21403CE60000000008200000000008001D5000000E2
S21403CE70487002003C3D0000BC19000074700200BC
S21403CE800F9C030006E04900FFFFFFFF10000000B1
S21403CE900000800000000000ECCF0300CCCF0300AE
S21403CEA000000000201089000048E80140420F00FF
S21403CEB001080000F93D0002000000000000000029
S21403CEC0000000000000000000000000E9410F0021
S21403CED0000000000000000000000000100000003A
S21403CEE00000800000000000ECCF0300D4CF030056
S21403CEF000000000201089000048E80140420F00AF
S21403CF0001020000F93D00020000000000000000DE
S21403CF10000000000000000000000000E9410F00D0
S21403CF2000000000000000000000000010000000E9
S21403CF30388EE30000000000ECCF0300DCCF0300D4
S21403CF4000000000E070720080DE800280841E0015
S21403CF50010100001149000200000000000000006B
S21403CF6000000000000000000000000041841E00D6
S21403CF700000000000000000000000001000000099
S21403CF801CC7710000000000ECCF0300E4CF0300D1
S21403CF900000000018CC660080DE800240420F00CE
S21403CFA001010000E338000200000000000000005A
S21403CFB00000000000000000000000005B420F00BD
S21403CFC0000000000000000000000000FBD9020083
S21403CFD0E7180000EBBE0000E7180000B45F00008F
S21403CFE05F05000028A00000C4090000193F0106E1
S21403CFF0041001000001010600102700000C0000C9
S20C03D000000000000000000020
S20C03D008DC05FD7F01000000BA
S21003D0101CD00300C00A00208C030000A4
S21403D01C7894030000000000010000007F840300E6
S21403D02C000000001FFA020009FA0200C0EA210100
S21403D03CD8310020C0EA2101C0EA2101008000009B
S21403D04C00F04902E8030000100002010003000090
S21403D05C00000000000000000000000000030000B9
S21403D06C00000000000040000303040680000400D8
S21403D07C070000001000020100030000000000007F
S21403D08C0000000000000000000300000000000089
S21403D09C00004000030304068000040007000000A1
S21403D0ACA41D00200000160064000000C20100004E
S21403D0BCFC1D00200000160064000000C2010000E6
S21403D0CCC2010000C2010000C2010000C201000040
S21403D0DCC2010000C2010000C2010000C201000030
S21403D0ECC2010000C2010000C2010000C201000020
S21403D0FCC2010000C2010000C2010000C201000010
S21403D10CC2010000C2010000C2010000C2010000FF
S21403D11CC2010000C2010000C2010000C2010000EF
S21403D12CC2010000C2010000C2010000C2010000DF
S21403D13CC2010000C2010000C2010000C2010000CF
S21403D14CC2010000C2010000C2010000C2010000BF
S21403D15C00000000C20100400040008000000000F8
S21403D16C0000C201C201C201C201C201C201000019
S21403D17C000000000000000000000000000000009B
S21403D18C000000000000941194119411000000009C
S21403D19C000000000000000000000000A0A1030037
S21403D1AC200000000000000000000000000000004B
S21403D1BC000000000000000015EA0100000000005B
S21403D1CC000000000000000099CB010000000000E6
S21403D1DC000000000000000091D3010000000000D6
S21403D1EC00000000000000003DE20100000000000B
S21403D1FC000000000000000065480300000000006B
S21403D20C71E60100000000000000000000000000B2
S21403D21C21E60100000000000000000000000000F2
S21403D22C6DE701000000000000000000DDF00100C7
S21403D23C0000000000FFFFFFFF000000B9680300BA
S21403D24CBD680300C1680300C5680300FFFFFFFF4A
S21403D25CE176030028A70300FFFFFFFF34A70300B4
S21403D26CF57A0300F17A0300FFFFFFFFC97802008B
S21403D27CFFFFFFFFFFFFFFFFFFFFFFFFFFFFFFFFAA
S21403D28CFFFFFFFF097F030071820300000000000D
S21403D29C03000000982A00204C0D0020000000001C
S21403D2AC982A0020002B0020682B0020000000008A
S21403D2BC000000000000000000000000000000005A
S21403D2CC000000000000000000000000000000004A
S21403D2DC000000000000000000000000000000003A
S21403D2EC0000000000000000FFFFFFFF000000002E
S21403D2FC000008070A00FFFFFFFF200004000000E1
S21403D30C00000000020010000000000000000000F7
S21403D31C000000000000000000000A0001000000EE
S21403D32C00000A001E001D004E65766572666C6171
S21403D33C6D652043504820332E302E323420333143
S21403D34C4A756C3236000200030003004350480053
S21403D35C02000200000032350200090007003033D9
S21403D36C2E302E32310000000200080000000000B0
S21403D37C0000000000000200180012003030332DAD
S21403D38C3236303833312D303030303030300000D8
S21403D39C00000000020006000500342E342E330075
S21403D3AC020001000000000002000700000000015C
S21403D3BC0203040506000A00010000000000040036
S21403D3CC010000000000020001000000000008003D
S21403D3DC06000000000000000000080040000100EA
S21403D3EC0000000000000000000000000000000029
S21403D3FC0000000000000000000000000000000019
S21403D40C0000000000000000000000000000000008
S21403D41C00000000000000000000000000000000F8
S21403D42C1200640001000000000000000000000071
S21403D43C00000000000000000000000000000000D8
S21403D44C00000000000000000000000000000000C8
S21403D45C00000000000000000000000000000000B8
S21403D46C00000000000000000000000000000000A8
S21403D47C0000000000000000000000000000000098
S21403D48C00000000000000000000FF7FB8203828D2
S21403D49CC230533AC844F34FAC5BC167F073018098
S21403D4ACC78B0E97AEA19FABC8B425BDB7C468CBCC
S21403D4BC5CD1AED664DB8CDF32E36EE649E9C7EBB0
S21403D4CCF8EDE3EF9CF119F3610EA312D717121EB6
S21403D4DC6425D22D5337CF411F4D10596665E17124
S21403D4EC3E7E3D8AB9958CA09BAAD7B33BBCCBC3D7
S21403D4FC63CB8ECA94D0EBD5A4DACEDE79E2B3E551
S21403D50C89E808EB3CED2CEF64F2BAF3E8F4F5F596
S21403D51C00400040004000400040004000400040F7
S21403D52C00800080008000806A950D0200000000D9
S21403D53C000003FBC31ED007D007AA050500060090
S21403D54CA000960017000E0000000000FFFF010469
S21403D55C02021F0401FFBF8FAF7F8700370F101027
S21403D56C0004040F05140A01FF03010FFF0EFE014E
S21403D57CFF282832324B4B00044AD2F84C3143F086
S21403D58C004330BFC2F84C31704700BF00300E402A
S21403D59CC1D5000099D50000000000000000000073
S21403D5AC0000000000000000000000000000000067
S21403D5BC0000000000000000000000000000000057
S21403D5CC0000000000000000000000000000000047
S21403D5DC0000000000000000000000000000000037
S21403D5EC0000000000000000000000000000000027
S21403D5FC0000000000000000000000000000000017
S21403D60C0000000000000000000000000000000006
S21403D61C00000000000000000000000000000000F6
S21403D62C00000000000000000000000000000000E6
S21403D63C00000000000000000000000000000000D6
S21403D64C00000000000000000000000000000000C6
S21403D65C00000000000000000000000000000000B6
S21403D66C00000000000000000000000000000000A6
S21403D67C0000000000000000000000000000000096
S21403D68C0000000000000000000000000000000086
S21403D69C0000000000000000000000000000000076
S21403D6AC0000000000000000000000000000000066
S21403D6BC0000000000000000000000000000000056
S21403D6CC0000000000000000000000000000000046
S21403D6DC0000000000000000000000000000000036
S21403D6EC0000000000000000000000000000000026
S21403D6FC0000000000000000000000000000000016
S21403D70C0000000000000000000000000000000005
S21403D71C00000000000000000000000000000000F5
S21403D72C00000000000000000000000000000000E5
S21403D73C00000000000000000000000000000000D5
S21403D74C00000000000000000000000000000000C5
S21403D75C00000000000000000000000000000000B5
S21403D76C00000000000000000000000000000000A5
S21403D77C0000000000000000000000000000000095
S21403D78C0000000000000000000000000000000085
S21403D79C0000000000000000000000000000000075
S21403D7AC0000000000000000000000000000000065
S21403D7BC0000000000000000000000000000000055
S21403D7CC0000000000000000000000000000000045
S21403D7DC0000000000000000000000000000000035
S21403D7EC0000000000000000000000000000000025
S21403D7FC0000000000000000000000000000000015
S21403D80C0000000000000000000000000000000004
S21403D81C00000000000000000000000000000000F4
S21403D82C00000000000000000000000000000000E4
S21403D83C00000000000000000000000000000000D4
S21403D84C00000000000000000000000000000000C4
S21403D85C00000000000000000000000000000000B4
S21403D86C00000000000000000000000000000000A4
S21403D87C0000000000000000000000000000000094
S21403D88C0000000000000000000000000000000084
S21403D89C0000000000000000000000000000000074
S21403D8AC0000000000000000000000000000000064
S21403D8BC0000000000000000000000000000000054
S21403D8CC0000000000000000000000000000000044
S21403D8DC0000000000000000000000000000000034
S21403D8EC0000000000000000000000000000000024
S21403D8FC0000000000000000000000000000000014
S21403D90C0000000000000000000000000000000003
S21403D91C00000000000000000000000000000000F3
S21403D92C00000000000000000000000000000000E3
S21403D93C00000000000000000000000000000000D3
S21403D94C00000000000000000000000000000000C3
S21403D95C00000000000000000000000000000000B3
S21403D96C00000000000000000000000000000000A3
S21403D97C0000000000000000000000000000000093
S21403D98C0000000000000000000000000000000083
S21403D99C0000000000000000000000000000000073
S21403D9AC0000000000000000000000000000000063
S21403D9BC0000000000000000000000000000000053
S21403D9CC0000000000000000000000000000000043
S21403D9DC0000000000000000000000000000000033
S21403D9EC0000000000000000000000000000000023
S21403D9FC0000000000000000000000000000000013
S21403DA0C0000000000000000000000000000000002
S21403DA1C00000000000000000000000000000000F2
S21403DA2C00000000000000000000000000000000E2
S21403DA3C00000000000000000000000000000000D2
S21403DA4C00000000000000000000000000000000C2
S21403DA5C00000000000000000000000000000000B2
S21403DA6C00000000000000000000000000000000A2
S21403DA7C0000000000000000000000000000000092
S21403DA8C0000000000000000000000000000000082
S21403DA9C0000000000000000000000000000000072
S21403DAAC0000000000000000000000000000000062
S21403DABC0000000000000000000000000000000052
S21403DACC0000000000000000000000000000000042
S21403DADC0000000000000000000000000000000032
S21403DAEC0000000000000000000000000000000022
S21403DAFC0000000000000000000000000000000012
S21403DB0C0000000000000000000000000000000001
S21403DB1C00000000000000000000000000000000F1
S21403DB2C00000000000000000000000000000000E1
S21403DB3C00000000000000000000000000000000D1
S21403DB4C00000000000000000000000000000000C1
S21403DB5C00000000000000000000000000000000B1
S21403DB6C00000000000000000000000000000000A1
S21403DB7C0000000000000000000000000000000091
S21403DB8C0000000000000000000000000000000081
S21403DB9C0000000000000000000000000000000071
S21403DBAC0000000000000000000000000000000061
S21403DBBC0000000000000000000000000000000051
S21403DBCC0000000000000000000000000000000041
S21403DBDC0000000000000000000000000000000031
S21403DBEC0000000000000000000000000000000021
S21403DBFC0000000000000000000000000000000011
S21403DC0C0000000000000000000000000000000000
S21403DC1C00000000000000000000000000000000F0
S21403DC2C00000000000000000000000000000000E0
S21403DC3C00000000000000000000000000000000D0
S21403DC4C00000000000000000000000000000000C0
S21403DC5C00000000000000000000000000000000B0
S21403DC6C00000000000000000000000000000000A0
S21403DC7C0000000000000000000000000000000090
S21403DC8C0000000000000000000000000000000080
S21403DC9C0000000000000000000000000000000070
S21403DCAC0000000000000000000000000000000060
S21403DCBC0000000000000000000000000000000050
S21403DCCC0000000000000000000000000000000040
S21403DCDC0000000000000000000000000000000030
S21403DCEC0000000000000000000000000000000020
S21403DCFC0000000000000000000000000000000010
S21403DD0C00000000000000000000000000000000FF
S21403DD1C00000000000000000000000000000000EF
S21403DD2C00000000000000000000000000000000DF
S21403DD3C00000000000000000000000000000000CF
S21403DD4C00000000000000000000000000000000BF
S21403DD5C00000000000000000000000000000000AF
S21403DD6C000000000000000000000000000000009F
S21403DD7C000000000000000000000000000000008F
S21403DD8C000000000000000000000000000000007F
S21403DD9C000000000000000000000000000000006F
S21403DDAC000000000000000000000000000000005F
S21403DDBC000000000000000000000000000000004F
S21403DDCC000000000000000000000000000000003F
S21403DDDC000000000000000000000000000000002F
S21403DDEC000000000000000000000000000000001F
S21403DDFC000000000000000000000000000000000F
S21403DE0C00000000000000000000000000000000FE
S21403DE1C00000000000000000000000000000000EE
S21403DE2C00000000000000000000000000000000DE
S21403DE3C00000000000000000000000000000000CE
S80401281DB5
