S017000062745F6E65766572666C616D655F43532E7333378E
S21400000000000120F9340000F5340000F53400004B
S214000010591B0000F5340000F5340000F5340000EC
S214000020F5340000F5340000F5340000F534000027
S214000030F5340000F5340000F5340000F534000017
S214000040F534000015740000F5340000F5340000A7
S2140000501D6C000059740000217400002574000017
S21400006019740000F5340000F5340000F534000083
S214000070F5340000F5340000F5340000F5340000D7
S214000080F5340000F5340000F5340000F5340000C7
S214000090F5340000F5340000F5340000F5340000B7
S2140000A0F5340000F5340000F5340000F5340000A7
S2140000B05D7400001D740000818B0000F5340000A4
S2140000C099740000F5340000F1560000F534000085
S2140000D0F5340000F5340000F5340000F534000077
S2140000E0F5340000F5340000F5340000F534000067
S2140000F0F5340000F5340000F53400000348044BE6
S214000100834202D0034B03B118477047C400002057
S214000110C4000020000000000548064B1B1AD90F3B
S21400012001EBA301491002D0034B03B118477047F7
S214000130C4000020C40000200000000010B5064CDB
S214000140237843B9FFF7DAFF044B13B10448AFF343
S21400015000800123237010BDC800002000000000AE
S21400016010C0000008B5054B1BB105490548AFF3A4
S2140001700080BDE80840FFF7CFBF00BF00000000CA
S214000180CC00002010C00000A3F5803A704700BFE6
S214000190174B002B08BF134B9D46FFF7F5FF0021BA
S2140001A08B460F461348144A121A09F0B7FA0E4B3C
S2140001B0002B00D098470D4B002B00D0984700200E
S2140001C0002104000D000D48002802D00C48AFF3B3
S2140001D0008009F071FA2000290002F075FA09F093
S2140001E059FA00BF000008000000000000000000F0
S2140001F000000120C80000205C190020000000005C
S21400020000000000BFF34F8F0549064BCA6802F492
S214000210E0621343CB60BFF34F8F00BFFDE700BF24
S21400022000ED00E00400FA0510B50246F8B1114BE7
S2140002301968888890421AD39888904281BF0968C6
S21400024099600120988099889868002420B904B1A4
S21400025098604FF6FF7203E08A4203D10CB19860B3
S2140002609A8010BD0131006889B20124EEE70020B3
S214000270F7E700BF8C100020114A916A01F1704325
S21400028003F5F813B3F5006F0CD2D2F82838A3F1B3
S2140002907E62A2F58432B2F5605F03D20968094A2D
S2140002A0914203D000230370836070471968064AA2
S2140002B09142F7D1012202709A6842609B69F3E787
S2140002C00000E10FAD1007B007B0CD5E1FB50C46BD
S2140002D040B901A8FFF7D0FF044B029A1A602360CA
S2140002E00423A380002004B010BD00BF78020020C5
S2140002F0064BD3F82828A2F17E63A3F58433B3F522
S214000300605F01D2536A1847002070470000E10F73
S2140003100D4B10B4D3F82848A4F17E63A3F58433BC
S214000320B3F5605F0BD2246BA4F17E63A3F5843330
S214000330B3F5605F03D2A36B5DF8044B184740F239
S21400034001105DF8044B70470000E10F0B4BD3F82B
S2140003502828A2F17E63A3F58433B3F5605F09D243
S214000360126BA2F17E63A3F58433B3F5605F01D20E
S214000370D36B184740F20110704700BF0000E10F32
S2140003807FB50E4A03466D4602F1100610685168A6
S2140003902C4603C40832B2422546F7D15A1E04A999
S2140003A00F3311F8014D12F8010F844204D19A421E
S2140003B0F7D1012004B070BD0020FBE7389900009B
S2140003C0F8B5184E306848BB174B184C184FE41A4F
S2140003D0184B1C4424F4FF6424F00704D7F8F830C4
S2140003E09BB2B4EB832F18D2656BC5B1D7F8F83043
S2140003F09BB2B5EB832F12D2D7F8F82005F1500345
S21400040092B2B3EB822F0AD82846FFF7B9FF30B175
S214000410EB6933F0080302D034603068F8BD04F5A9
S2140004200064DBE77002002010000020C4000020FB
S2140004300081E00F67C8000010B50C4648B9FFF70A
S214000440BFFF054B10B1426B126A1A60236004238B
S214000450A380002010BD00BF74020020084B40F2AD
S21400046001121A604FF0FF329A6001225A6001446E
S21400047010F8012B9A618842FAD1D869C0437047B8
S21400048000C00140034B044A9979117500221A6096
S214000490704700BF400B0020D80A002030B500226D
S2140004A08BB01346D91003F00704415C2141CC07FA
S2140004B041BF02F128016944013201F8283C0133AA
S2140004C0252BEFD10D4C0023D91003F00705415C16
S2140004D02941C9075FBFB3FBF2F102FB1131283196
S2140004E0694448BFD9B203F1010358BF11F8281C6C
S2140004F004F8011F252BE7D10BB030BD010B0020FF
S21400050008B50348FFF7CAFF002340F8063C08BDBD
S214000510460B0020084A10B5136840F2E2446043D8
S21400052000F5807004FB013303EB5003136053683F
S2140005300344536010BD00BFD80A0020D0B50C4C51
S214000540E38C0A20584308F009FE0646A08C0F46A6
S21400055008F004FE074B002208F06AFE02460B462F
S2140005603046394608F08EFF09F074F82083D0BD77
S214000570D80A00200000F43F70B5094CB4F8071004
S214000580A079B4F80960B4F80D50FFF7C3FF054B27
S2140005909E84DD84FFF7D2FF0023236070BD00BF7A
S2140005A0400B0020D80A0020837DDB0701D5808A17
S2140005B07047D0E901239B1A44BF828A9B1898B2E1
S2140005C070470000084BD3F8F020D3F8F4300270E0
S2140005D0110A120C82701A0AC2701A0C1B0E417095
S2140005E002714371704700BF0081E00F034BD86B68
S2140005F080F04000C0F38010704700BF00300E400F
S21400060008B5FFF7F3FF20B1024AD2F8C830002B36
S214000610FBD108BD0000C64308B5FFF7F1FF024B4B
S2140006205868C0F3014008BD00300E400C4B98429D
S21400063005D90C4B984210D80122012301E0002274
S214000640134609490B640949D1F8003123F0807339
S21400065043EA0263C1F8003170470222EDE700BFAB
S2140006600048E8010090D0030000C84300400E4058
S2140006700F4B5B680F4B30B500221C46C9B21D7984
S2140006808D4202D11D6885420DD20132052A03F142
S2140006900803F4D10321064A536823F0407343EA63
S2140006A00163536030BD04EBC2046179F3E700BF19
S2140006B000000E40EC99000038B5074C0748256C42
S2140006C041F6713323640021ADB2FFF7D1FF0DB1BF
S2140006D00023236438BD00BF00000E4000F049022E
S2140006E038B5064C256C41F671332364ADB2FFF77E
S2140006F0BFFF0DB10023236438BD00BF00000E40CD
S21400070042EA0322B2F5007F10B5194C29D00AD868
S214000710B2F5807F22D040F201139A4215D062B91A
S214000720D4F81C320BE0B2F5407F1DD040F2013306
S2140007309A4210D0D4F8283201E0D4F82432C3F319
S2140007400722DBB203600A6010BDD4F824321A0E0A
S214000750C3F30743F6E7D4F82832F8E7D4F81C3298
S214000760F5E7D4F82032EAE7D4F82032EFE700BF06
S2140007700081E00F2F4B1A6FD96C11F0010F02F0B9
S214000780060242D0002A40D013284FD91438132826
S2140007908CBF102308232749013BCA6C180322F498
S2140007A07F4240EA03231343CB64234BCA6C1B8867
S2140007B0C2F303222833013202EB820003EB530319
S2140007C0B3FBF0F3C86C013B072B28BF072320F0D0
S2140007D0EE6040EA036343F48013CB64174BB3F92F
S2140007E00030002B10DB2833500800EB420203EBEE
S2140007F05303B3FBF2F30A6D072B28BF072322F03F
S214000800700242EA03130B657047D96C01F00101D0
S214000810114304D1092809D90A380928B8E7DB6C3E
S21400082013F00103B7D01AB92728B1E70423B2E7BB
S2140008300023B0E700300E405A0B0020580B002073
S21400084070B51D4DD5F82828A2F17E63A3F5843334
S214000850B3F5605FE0B001D2136B23B94FF40174B7
S214000860204660B070BD5B6A4FF4C07269460020D7
S214000870984704460028F3D140F20126D5F82828E8
S214000880A2F17E63A3F58433B3F5605FE6D2126B04
S214000890A2F17E63A3F58433B3F5605FDED2936A7C
S2140008A0002168469847B042E8D040F203239842B9
S2140008B018BF0446D4E700BF0000E10F104A0B46FD
S2140008C0D2F82818A1F17E62A2F58432B2F5605FF4
S2140008D010B40FD2096BA1F17E62A2F58432B2F594
S2140008E0605F07D20C69074A0146A44600205DF8FF
S2140008F0044B60474FF481705DF8044B704700BFAF
S2140009000000E10FD006002037B50446684680E8B0
S214000910060003C8251D85E805002373069B0B4AC1
S2140009202361BDF81C30A38200232360136853B1F3
S21400093019461B68002BFBD10C609088013080B2F2
S214000940908003B030BD1460F7E700BF4C13002062
S21400095037B50D461446FFF767FC70B1036973B1EF
S214000960818A4FF6FE72914209D10095ADF8044097
S21400097069460120984703B030BD0120FBE70E20F2
S214000980F9E7036937B514460D46828A63B14FF618
S214000990FE718A4208D100200090ADF80400694636
S2140009A0984728B103B030BD2B6000202280F9E7BD
S2140009B0009B2B60BDF804302380F3E738B50D4666
S2140009C01446FFF731FC40B122462946FFF7D9FF0F
S2140009D010B92B6803B9208038BD0120FCE7000061
S2140009E007B503790193054A0368009306CA0223F4
S2140009F00830FFF789FF03B05DF804FBD8990000C4
S214000A00034B5A6D12B95865A3F85810704700BFCB
S214000A10D80A00200C4BD3F82838A3F17E62A2F542
S214000A208432B2F5605F10B50CD21968074A91425D
S214000A3008D1074C2278012A04D11B6A984708B9C6
S214000A400223237010BD00BF0000E10F07B0CD5E8B
S214000A50E40000200C4BD3F82838A3F17E62A2F500
S214000A608432B2F5605F10B50DD21968074A91421C
S214000A7009D1074C227812F0FD0F04D1DB699847A4
S214000A8008B90123237010BD0000E10F07B0CD5E4A
S214000A90E400002008B50F4B0F4C1B784FF00055B4
S214000AA06BB1FFF7D7FF0D4B2B600123A3602368C4
S214000AB023F4E06343F480632360FFF7A3FB2B601B
S214000AC00123A360236823F4E06343F48063236078
S214000AD0FFF798FBBD06002000500E4002020FF004
S214000AE0054A08B5937E43F040039376034B0022F5
S214000AF01A70FFF7CFFF00BFD80A0020541300205B
S214000B002DE9F04105460E461146FFF74DFD884299
S214000B1028BF084687B2B846B8F1000F09D12FB1F2
S214000B20AB7DDA0744BF23F00103AB753846BDE85A
S214000B30F081AA8A2B6869689C18641AA4B2444596
S214000B4028BF44462246304608F0DAFD6B6829681E
S214000B50AA8A23440A442644934228BF0B46A8EB9D
S214000B6004041FFA84F86B60D6E7F8B51F46038ABC
S214000B7004461646EBB9C57DDDB10123013D0B7079
S214000B800222C57500F11001FFF7BAFFE37D9BB1A5
S214000B90228ABA4228BF3A4631462046FFF7B0FFBF
S214000BA0238A1B1A2382E37D13B9638A1B1A638286
S214000BB0F8BD00230B70EBE7638A2382E8E72DE994
S214000BC0F041868A04460F461146FFF7EDFC361ABA
S214000BD0B6B28E4228BF0E46B046B8F1000F0BD113
S214000BE03EB1D4E901329A4202BFA37D43F001032D
S214000BF0A3753046BDE8F081A28A2368A0689D18D8
S214000C002D1AADB2454528BF45462A46394608F056
S214000C1077FDA3682168A28A2B440A442F44934296
S214000C2028BF0B46A8EB05051FFA85F8A360D4E796
S214000C30F8B5044616461F4611B3858AFFF7B4FC7E
S214000C402D1AADB2012D29D9E37D63B1658AE0681E
S214000C5005702D0A07D02268A38A013013449842F3
S214000C6028BF1046057000236382A368E360022253
S214000C7004F112012046FFF7A2FFE37D0133E3757E
S214000C803A4631462046FFF79AFF638A034463825A
S214000C90E37D13B9238A03442382F8BD0020FCE7D2
S214000CA013B50379124A03330446019300F1440353
S214000CB0009306CA02231430FFF726FE238A019308
S214000CC0E368009394E80600237A04F12C00FFF70B
S214000CD01BFE237A22792168A4F8450004F1470018
S214000CE084F8443002B0BDE8104008F009BD00BFEB
S214000CF0E499000070B50C4C0C4B06460D4694E883
S214000D00030083E803001846FFF76AFE084BD4E9A1
S214000D10020102221A7283E80300DE601D82184672
S214000D20BDE87040FFF7BCBFA09A0000400100205D
S214000D30E80000202DE9F347DDF82880BDF82C9068
S214000D4004460E4617461D46FFF76EFA8246BAF16F
S214000D50000F01D0B44205D94FF6FF74204602B00A
S214000D60BDE8F0879AF80830DAF804009D421AD1F8
S214000D702A46394608F09AFDA8B9B8F1000FEDD01A
S214000D800DF1020201A95046FFF7FBFD58B9019983
S214000D9049B1BDF802304B4505D14A46404608F0F9
S214000DA085FD0028DAD00134DAF800A0A4B2CEE738
S214000DB038B50C4611462568AD1A2A46014408F097
S214000DC085FD256038BD000001282DE9F34704D0D5
S214000DD00024204602B0BDE8F0878B88012B40F047
S214000DE03C810B681B78FBB99E4A9F4C13609F4A58
S214000DF013709F4A13609F4A13609F4A13609F4A6E
S214000E0013609F4A13709F4A13609F4A13609F4A5D
S214000E1013702378022B01D1FFF7FCFD012323700A
S214000E209B4B00221A70D3E7032B40F003818F4BB5
S214000E308D4E1C78002C4FD13378002B00F0F280BA
S214000E408F4B1B78082B02D0402B40F08A80DFF8AF
S214000E501482D8F800305BB98E4DD5F82838A3F147
S214000E607E63A3F58433B3F5605F55D3802433E007
S214000E7013F003071CBFC7F10407FFB203EB070A12
S214000E80BAF5806F00F2D2808348DFF8F8913A46D0
S214000E901844FF2108F042FC804BD9F800501B682C
S214000EA0C8F800A00AEB05029A4200F29480704B44
S214000EB01B681D445544DFF8C4A125F4FF65DAF825
S214000EC0000025F00705854210D9291A00F50060B4
S214000ED0FFF73CFA40B185243378022B01D1FFF7A7
S214000EE099FD0023337074E7CAF80050D8F8001054
S214000EF0D9F80000FFF7E2FCD9F80030D8F8002057
S214000F00584913440546DB1B6348C9F80030FFF711
S214000F104FFF002DA0D0DEE7FFF792FCD8B9D5F83A
S214000F2028280190A2F17E63A3F58433B3F5605FB1
S214000F30D1D2126BA2F17E63A3F58433B3F5605F62
S214000F40C9D29369012101A898470028C3D14F4B05
S214000F5001221A70C0E741F20803984286D186241F
S214000F60BAE7002B60D04A4B1B78002B3FF47EAFCD
S214000F70454F3B6843B9404B494918681022FFF774
S214000F80C7F90028A8D0A6E713F003021CBFC2F1D9
S214000F900402D2B29D18B5F5806F47D84148DFF8F5
S214000FA0D480FF21184408F0B9FB3F4A3F4BD8F8DD
S214000FB000103D609B1A3E4A13443E4A13408B4243
S214000FC036D83D4BD3F8F8309BB29B020D44A3F5C0
S214000FD08053AB4201D283247EE7DFF8A090D9F895
S214000FE000001540854209D9291A00F50060FFF770
S214000FF0ADF900287FF46FAFC9F800503A68294968
S214001000D8F80000FFF784F9D8F800303A681E498F
S214001010054613442348C8F80030FFF7C9FE002DE4
S214001020A9D058E7812457E7842455E7822453E75C
S214001030872451E7042B12D1204813230221437042
S2140010400170FFF7DDFC1E4A1E4B128905329A809E
S2140010501D4A1A6042789A71BAE60D24B9E606244B
S214001060B7E600BFD00A0020D50A0020D60A002026
S214001070C4060020B4020020B0020020C0060020F3
S214001080D40A0020CC060020B8060020BD060020AA
S214001090BC0600200000E10FD0060020C806002095
S2140010A0A0020020B802002010000020C40000208B
S2140010B067C8000000F8FFFF0081E00F340B002037
S2140010C0D80A0020400B0020E10A00002DE9F84F66
S2140010D0DFF85091494BD9F80050DFF84C81471B98
S2140010E082464748C8F800701B1A4648034423F453
S2140010F0FF6323F007039F42144678D3424BD3F88E
S214001100F8309BB29B020AEB0206A3F580539E4280
S21400111070D82C44B4F5806F03D93C4B82221A70E9
S21400112063E0DFF8FCB00BEB050008F0E9FA384B9B
S214001130C9F800401A6822B9332C56D9DBF8342097
S2140011401A601B689F421FD89E421DD903F11002E9
S21400115096424AD31D44A5EB0A055D442D4A2B460C
S21400116005F1100153F8040B42F8040B8B42F9D139
S2140011702848FFF705F910B9244B8422CFE7102240
S214001180FF21284608F0CAFA234D244B286804F0AD
S2140011900304361B1E4058B907EA0300C0F5006179
S2140011A03144FFF7D3F82E6040B1184B8522B6E7DE
S2140011B0864203D9311A00F50060F2E7D9F800201C
S2140011C01749D8F80000121BFFF7A2F8D9F800203C
S2140011D0D8F800301349121B054613441048C8F8C7
S2140011E00030FFF7E5FD002DDFD1BDE8F88F074B97
S2140011F0872294E7054B832291E700BFC4000020B6
S2140012001000002067C800000081E00FD60A00200A
S214001210B0020020A0020020C006002000F8FFFF59
S214001220B8020020B8060020B402002037B5124CE1
S214001230002360600093437AD0E90021206802F022
S2140012402BFD238CDB050CD563680C4D1B7A2A78A6
S2140012509A4206D0012B06D0022B08D063681B7A70
S2140012602B7003B030BD206802F0ECFCF6E7206877
S21400127002F0EEFCF2E700BF9810002060020020AB
S21400128013B50D4B0D4C1B8AADF804300128ADF894
S214001290003004BF02238DF8043001A908BF0423E0
S2140012A0206808BF8DF8003002F0F5FB206869461C
S2140012B002F007FC02B010BDA09A000098100020B3
S2140012C0034B00221A6118680122032102F06AB952
S2140012D09810002010B5164CA37E5B0626D4FFF7A8
S2140012E0EFFFA28C236840F2E24101FB0233236049
S2140012F094F84F10A37A0B442521B3FBF1F001FBC1
S2140013001033A37223890133238163680A2101FB0A
S21400131002336360238B5A1E22833BB9A27E42F0BF
S2140013204002A276034A1370FFF7B4FB10BD00BF5D
S214001330D80A0020541300207FB502238DF806300B
S214001340064B5A8B596918680332ADF804206A4672
S21400135002F036FC009807B05DF804FB98100020F9
S21400136010B51E4C1946236986B023B3A2F10800B7
S214001370084322D101AA0321206802F01DFC6368FD
S21400138060615B7A23769DF80430DA1F534253413E
S214001390627E63F30002039BE361BDF8063062766B
S2140013A0638304F11801022023699847206801220C
S2140013B0002102F007FC06B010BD02F17F40084392
S2140013C005D10021012006B0BDE81040184712F4F0
S2140013D0A0411ABF00210320FF20F4E79810002048
S2140013E02DE9FF41194C1A4D637A0133DBB2282BE5
S2140013F028BF252320466372FFF718FF627D154934
S2140014002868D4F80C80667C4FF40073023202F031
S214001410B5FB6B68104A5B7A06F001063046D75C6F
S214001420FFF72EFF00220123009203932868CDF8D1
S214001430088002AB394602F0B9F810B1FFF740FF5A
S214001440D2E7064B2B6104B0BDE8F081BC1000204B
S21400145098100020D01000201B9A000015150000E0
S2140014602DE9FF41254CA37E5A0640D4244A218903
S21400147023F0070343F00103A37613681BB1928899
S2140014808A4200D19847A37A1E48234493F82A300C
S2140014906375FFF7CBFED4E900561B4C1B4A636806
S2140014A05B7A4FEA5608D75CA5EB56060120FFF795
S2140014B0E7FE643500964FF4807300264544ADF889
S2140014C00C306A4639462068029533468DF804602B
S2140014D08DF80E6002F076F8012205463146206847
S2140014E002F070FB35B1FFF7F5FEFFF7B9FF04B069
S2140014F0BDE8F081064B2361F9E700BFD80A00205B
S214001500400B0020E40A0020981000201B9A0000E0
S2140015107D16000002282DE9F0411DD002D80128D2
S21400152007D0FEE7032800F09E80FF2800F09B808F
S214001530F7E74E4C637C990707D5FFF7C1FEFFF728
S2140015404FFF637C6FF341036374637CDA0768D4F0
S214001550BDE8F041FFF744BF4B78DB0740F18380DE
S2140015604C68227802F00F08B8F1030F5BD0B8F190
S214001570050F78D13E498B7B03F00103B3EBD21FF6
S2140015804FD10622083104F1080008F08FF906460C
S214001590002846D1FFF794FEFFF7CEFE354D3146C4
S2140015A007465C22284608F0B9F8AB7EA5F81880F6
S2140015B043F02003AB76627E237E43EA0223AB84AD
S2140015C0627F237F43EA0223EB8494F82330C3F33D
S2140015D0040385F84F3094F82330C3F3421385F89C
S2140015E0503004F11E001B232B85FEF757FFD4F85E
S2140015F00E30E27CEB60A37C2F6043EA0223227D60
S214001600607D43EA02432B61012695F84F30AB72AA
S2140016102E75E18A3144FEF77DFFFFF721FF164B5A
S2140016201E70BDE8F081124DAB7B03F00103B3EBF7
S214001630D21FF6D1062205F1080104F1080008F0D1
S21400164035F90028EDD1094C286894F83D204FF470
S2140016500073023204F13C0102F090FA637C43F01E
S21400166002036374DDE7FFF72BFE71E7BC10002072
S21400167098100020D80A00205413002002282DE9D4
S214001680F74F0F460BD003D8012800F0D781FEE7AE
S214001690032800F0DB81FF2800F0D881F7E74E78BA
S2140016A04A68B34D16F0010661D10026AB7EB14CF8
S2140016B013F0200F12D0696D6FF34513AB76002937
S2140016C000F0C580237895F85820627043F0030335
S2140016D0A01C237008F014F800236B65A648A549E3
S2140016E0FEF762FFAB7E003818BF012060F34103AF
S2140016F0C3F3C002AB76C3F300139B0043EAC203F6
S214001700227843EA001322F01C0213436278237007
S2140017109A4C02324FF400732068D2B202F02EFACE
S214001720AB7E7F68D90709D56FF30003AB7600233D
S2140017306B60FFF701FE2860FEF700FF002E00F04A
S214001740F9803B7803F00303022B00F05F81032B44
S21400175000F09480012B40F0ED8089487D78818AE6
S214001760FEF722FF081ABC1C80B200265BE1137845
S214001770AC7EC3F3001363F382041378AC76C4F331
S2140017800011C3F3C00C8C45E0B2C3F3800AC4F367
S214001790C0040CD0544588D0AB7E84F00104E4002D
S2140017A044F0200423F028031C43AC767DE703F0C6
S2140017B00303022B18D0032B04D0012BEAD14FF0E1
S2140017C0000B12E0544508D084F00104E40044F015
S2140017D0200420F028031C43AC76AB7E81F0010188
S2140017E061F30413AB7661E7B34692F80180B8F173
S2140017F0000F0ED1544501D10026EEE7AB7E84F0F3
S2140018000104E40044F0200423F028031C43AC76D3
S214001810F2E75B48B0F81490FEF7C6FEA9EB0000AE
S21400182080B2BBF1000F03D00228B3D9023880B2D1
S214001830544509D0AB7E84F00104E40044F0200453
S21400184023F028031C43AC768045C6D92DE795F8CF
S21400185028304948A21C0DF10701FFF786F910F061
S214001860FF0018BF9DF80730227860701ABF01335A
S214001870DBB2012363F3010222702FE7BB780C2B47
S2140018800AD80C2B0AD8DFE803F03F2B58090909C1
S2140018900909600909091800142B7FD0394A127803
S2140018A02AB1162B00F09680182B00F0A28036483E
S2140018B007220270437002210DE033480C234FF0DC
S2140018C0FF320370012343708270037102220023EB
S2140018D0C2704371062103B0BDE8F04FFFF790B821
S2140018E0797A3B7A294A43EA0123938013462849AA
S2140018F043F8061BD7F80310C2F80610B7F80720FF
S2140019009A807A7A9A7115E07A7B3B7B1F4943EA84
S21400191002238B800B461F4A43F8062BD7F803207A
S214001920C1F80620D7F807205A60B7F80B201A81AE
S2140019307A7B9A7203B0BDE8F08F2A89134B053282
S2140019409A80154A1A60FA78DCE7D7F80330228CBA
S2140019500D48134003F0FF0322F0FF021343024634
S214001960092102F8011BC0F8013000235360B2E7DA
S214001970D80A002060010020A00D0020981000204A
S214001980341300205E0B0020340B0020400B002098
S2140019900105000079050000E10A0000B7F80530EF
S2140019A0B7F803202D48DB08934228BF13462B8543
S2140019B0152300216FF004046FF02702037007233D
S2140019C0817081714470C27003714471C271037278
S2140019D0092180E73A79FB782048134003F0030397
S2140019E0022B18BF01231722027043708370032155
S2140019F071E77A79B9791A4B42EA01229A80194A34
S214001A001A60D7F80320C3F8062093E716487D78B7
S214001A10818AFEF7C9FD081A80B2022838BF022064
S214001A200238BC1C80B2854284D80F482B4622461A
S214001A30314603B0BDE8F04FFFF7FAB80B4B9B7E7C
S214001A409A073FF577AF5B073FF574AFFFF742FCA9
S214001A5003B0BDE8F04FFFF703BD00BF340B002016
S214001A60400B00208504000034130020D80A002014
S214001A70EFF3108072B670470048704700F04902D6
S214001A800E49D1F8942002F00702042A0BD8022A45
S214001A900FD811D00A4BD1F80001C0F30420013052
S214001AA0B3FBF0F07047074B0548052A18BF0346FE
S214001AB0F1E74FF40043EEE7034BECE700400E403F
S214001AC0C0EA210160F5900000F0490208B5FFF772
S214001AD0D7FF044BD3F80831C3F308230133B0FB18
S214001AE0F3F008BD00400E4038B502460D46FEF73E
S214001AF07DFDE8B122B90F4BD3F80031FFF7C0FFE8
S214001B00FEF774FDA0B1FEF787FD88B1094BD3F848
S214001B100031FFF7B5FF084B402204461A610DB1AD
S214001B20FEF76EFD20460021BDE83840FEF7D8BD22
S214001B3038BD00BF00400E4000300E40044B054A42
S214001B409A60D3F8882042F47002C3F88820704761
S214001B5000ED00E00000000008B5FEF753FB7047FC
S214001B6047F6FF739A42F0B56CD006296CD8374B0F
S214001B705B5C022B68D8364D05EBC304DE00A1780B
S214001B8015F83330012938BF0121012B13D1E07835
S214001B900025401A854202D30844C0B2F0BD431B5C
S214001BA0A0EB5303666836F913609642CCBF03F188
S214001BB0FF301D46EEE760680028EFD0B0F9004021
S214001BC0A24204DCB0F902409442B8BF14468388AF
S214001BD0FF2B04BFB0F90630B0F9087035440FBFCC
S214001BE001220022C82328276E781B1B93FBF7F3DD
S214001BF013441BB29E4201DD002B01DA731E1BB29A
S214001C004FF47A7C00EBC3055F1CEA88AD6814FBD2
S214001C1002521D463BB222EAE2729E4202F15C028A
S214001C20B2FBFCF204DD00EBC307BF88BA42E9D979
S214001C3000EBC5039888904228BF1046884238BFFC
S214001C400846AAE7FF20A9E70020A7E7149A0000A5
S214001C50600B002038B5C0F30323013B04460D4655
S214001C60092B11D8DFE803F0053611103A312C1095
S214001C701D191C4BC0F3043403F1424303F58013D3
S214001C8004EBC304A400256038BDFFF71FFFFEF772
S214001C90CDFCC4F30434144BEEE7144BC0F3043409
S214001CA0EAE7134BC0F304344FF480320D49D1F801
S214001CB04401C007E0D4D1F840011042FBD1DBE775
S214001CC00C4BC0F304341022F0E70B4BC0F3043483
S214001CD00122EBE7094BC0F30434CDE7084BC0F311
S214001CE00434C9E700400E40B8400E4050410E4054
S214001CF0F0400E40E8400E40E0400E40C0400E402F
S214001D00B0400E402DE9F74FDFF82C91464E99F87B
S214001D100040019107461546002C41D1434ADFF8A2
S214001D2014A1D2F8F83042489BB29B02A3F5805328
S214001D30CAF80030D2F8F8309BB29B02A3F50063D5
S214001D400121CAF80430FFF785FFDAF80000082101
S214001D500430FEF783FBDAF800301B68984208BFB1
S214001D60DAF80030DAF8040008BFD3F804B04FF011
S214001D70080100F104000CBF0124A346FEF76EFB29
S214001D80DAF804301B6898423CD1DAF804305C6814
S214001D905C4594BF002401240123347089F8003088
S214001DA096F900305A1C29D0224A52F8233003F103
S214001DB00C094C464FF6FF7AC4F30A030833B3F512
S214001DC0006F1BD2A688564518D094F806B0201D82
S214001DD00BF10401FEF742FB22689042D84601D17F
S214001DE0B74212D008F1030808F4FE7808F1080894
S214001DF0444489EA0403B3F5006FDDD34FF0000BCB
S214001E0058460CE0013C64B2C6E72B785B45F5D338
S214001E1001985A4604F1080107F072FC012085F883
S214001E2000B003B0BDE8F08F100000200081E00F86
S214001E3000650A00640200206C0200202DE9F04FC5
S214001E40012891B004D00024204611B0BDE8F08FE0
S214001E508A88002A00F01282A54F97F800A0BAF1EF
S214001E60000F00F00D82A34D2C78002CECD1A24B75
S214001E7009681C78002CE6D1A04E306802EB0008FA
S214001E80B8F5806F02D982242C70DDE7DFF88492E3
S214001E90484407F035FCBAF1020FC6F8008039D086
S214001EA0B8F1030FCFD99648FEF7E6F90178D9F8CE
S214001EB000204368012945D1190E012903D1C3F337
S214001EC007430A2B46D98F4B9A4240F0DD80836841
S214001ED0DA033DD502233B70FEF7BCFD8A4BD3F8F0
S214001EE02828A2F17E63A3F58433B3F5605F0BD296
S214001EF0126BA2F17E63A3F58433B3F5605F03D261
S214001F00936809A900209847804B099A1A60804B6D
S214001F100A9A1A60DFF80C92336899F80020082AAB
S214001F2001D0402A4ED1DFF8F0817948D8F8001069
S214001F30006803F0030ACA18A2EB0A0282420BD911
S214001F408324A1E76F4CA2420CBF862484249BE71F
S214001F50862499E7882497E76C4ADFF8CCB117689F
S214001F60DBF800001F440F44A7EB0A0727F4FF67BF
S214001F7027F00707874209D9391A00F50060FEF7EF
S214001F80E5F908B185247FE7CBF800703168D8F80A
S214001F900000A1EB0A01FEF791FC3268D8F8003089
S214001FA05649A2EB0A02074613445A48C8F80030BE
S214001FB0FEF7FEFE002FE5D199F80030002B7FF4E7
S214001FC042AF01E0002A61D133687F2B7FF63BAF3A
S214001FD0DFF84881DFF854B1D8F80000F0B94A4B72
S214001FE0D3F82878A7F17E63A3F58433B3F5605F52
S214001FF00ED20A9009A8FEF73FF90A9B1A0E74D073
S214002000012A03D1C3F307430A2B6ED9BB6B98474B
S214002010CBF8000007F042FCC8F800003A4FD8F8AA
S2140020200000D7F82828DBF80010A2F17E63A3F59D
S2140020308433B3F5605FA5D2936A98470028A1D190
S214002040D7F828783268D8F800A00392A7F17E6304
S214002050A3F58433B3F5605F16D2079006A8FEF7A3
S2140020600BF9079B190E0FD00129039A03D1C3F36E
S21400207007430A2B08D905AB00937F6B254909ABAC
S2140020805046B847002853D08424FDE622490A6803
S2140020901A440A60214A10681B4AD2F82818A1F18F
S2140020A07E62A2F58432B2F5605F05D31349194803
S2140020B01A46FEF77DFE16E0CF6A164A1849B8475C
S2140020C032680E4907461348FEF772FE40F20323B5
S2140020D09F4203D1084A01231370B4E640F201235D
S2140020E09F423FF469AF8024CEE64FF4C0708FE77E
S2140020F0D50A0020D60A0020BC060020D00A002000
S2140021007C020020EB17A6030000E10FC4060020A7
S214002110C8060020D0060020CC0600209C02002026
S2140021208C020020D40A0020C0060020880200206E
S2140021309DF8243089F8003023B9059B13B140235D
S21400214089F80030FEF73CF9074658B3D0F834A0BB
S21400215099F80030002B3FF476AE00220692042257
S2140021608DF8132006A90DF1130235200393FFF70F
S214002170C9FD069AD30719D5039B082B14D0BAF1CC
S214002180000F13D0534610220CA903F12800039326
S21400219007F08CFB20B9039B0A9A1B6A9A4205D863
S2140021A0892471E68246D3E7364BECE797B14FF4C5
S2140021B000613846FEF7CAF800287FF4E3AE2AF43A
S2140021C0FF604FF4006120F00700FEF7BFF800281C
S2140021D07FF4D8AE99F80030082B01D0402B0FD1F1
S2140021E0294B2A4A186820F4FF6323F007034FF4AC
S2140021F000611360FEF7AAF800283FF424AEC1E69B
S214002200234F244BDFF89C907B60D9F82828D8F819
S2140022100000DBF80010A2F17E63A3F58433B3F56B
S214002220605FBFF4AFAE936A984700287FF4AAAE0B
S214002230D9F82828D8F800003368A2F17E61A1F505
S2140022408431B1F5605FBFF431AF3946D2F82C80E7
S214002250114AC0473268114907460F48FEF7A8FDE5
S21400226040F203239F4203D10D4A01231370EBE58E
S21400227040F201239F423FF4E6AD34E70D24E3E548
S2140022808124E1E5449A0000C4060020C006002030
S2140022908C020020CD100000D0060020D00A0020BE
S2140022A0BC0600200000E10F00F00F0001380728F0
S2140022B052D8DFE800F004152251313951412C4B39
S2140022C0D3F8943003F00703023B052B06D8DFE86B
S2140022D003F04B29410305450B2070470520704746
S2140022E0234BD3F8803003F00703013B042B17D8A9
S2140022F0DFE803F01830163638001D4BD3F884306C
S21400230003F00703013B042B0AD8DFE803F00B2396
S21400231003292B0006207047154BD3F88830E2E7D8
S2140023200120704703207047114B1B6F13F0010FFD
S2140023300CBF0720092070470D4BD3F85C3103F023
S2140023403003202B10D0302B10D0102B0CBF0720C2
S2140023500120704702207047002070470C2070470D
S2140023600A2070470D2070470420704708207047E9
S21400237000400E4000B962B6704700002DE9F041FB
S2140023800D4F06460D4614460CB9BDE8F081EFF336
S214002390108872B623462A4631463846FEF748FC71
S2140023A003464046FFF7E6FF002BEDD0E41AA4B242
S2140023B01D440026E8E700BFA00D002013B500234B
S2140023C001F10804ADF80430ADF8060021461A46BF
S2140023D051F8080C083170B90BB1ADF8042004228E
S2140023E00DEB020101200834FFF7C8FF54F8101C5B
S2140023F039B902B010BD51F80C3C1A4492B2012310
S214002400E6E734F80C2C0020EDE700007FB501303D
S214002410002380B2CDE90101CDE904336946044BBF
S214002420009304200392FFF7C9FF07B05DF804FB92
S21400243020110020EFF3108072B67047FFF79ABFA6
S214002440064A074BD3F88039136F23F0070303437C
S2140024501367044B1888FEF78DB900BF00300E4096
S2140024600000C6435C0B00200D4AD2F8E430D2F8D8
S214002470E0109B0003F03C03C1F381110B43837013
S214002480D2F8E03003F03F034370D2F8E830D2F8D9
S214002490EC2003F0F003C2F30312134303707047FB
S2140024A000FF0FE0F7B507460C461546072800F272
S2140024B0B180DFE800F02B3341463AAFAF0401A805
S2140024C0FFF7D2FF9DF80530012B03D89DF80430A6
S2140024D0022B1AD9002C40F09F804FF400410E24A6
S2140024E00F235F4801220166A240D0F890101142E7
S2140024F0FBD1002D00F08E800122594902FA03F329
S214002500D1F890201A42FBD184E0FEE7002940F083
S21400251089804FF4007108240923E2E7002940F07F
S2140025208680802106240723DBE7002940F083808D
S214002530202104240523D4E741B9082102240323DB
S214002540CFE700297BD102210123CAE7444A536A18
S21400255013F0300F77D1434BDB6B536AD80741BF7C
S214002560536A23F0300343F0100353620426022319
S21400257003213B4A16663C4A13449B001868002811
S214002580FCD0002D46D011448D002B68002BFCD0CB
S214002590022F3FD1002C3DD0314B5A6AD10756D579
S2140025A04FF48062C3F8A82020225A665A6A12F0B6
S2140025B0300F0CBF4FF440024FF40002D3F89010D7
S2140025C032EA0101FAD1520201D5D3F8A030244CE8
S2140025D0012200210220D4F89C70FFF763FFD4F894
S2140025E09030636A23F0300343F010036362C7F34E
S2140025F00A07216B1D4BFA0903320F2A03EA01036F
S21400260028BF0F223B4343EA0273236326662B68E8
S214002610002BFCD003B0F0BD4FF480460E230F21F4
S2140026200024A6E74FF4807608230921F8E7402621
S21400263006230721F4E7102604230521F0E70126E8
S21400264000233146ECE7042602230321E8E75A6A12
S214002650D3F8902002F44002B2F5400FF8D1B4E768
S21400266000400E4000300E408004F21000F8FF0FCD
S21400267010B500211048FFF737FA1048FDF7D6FFCF
S214002680012211460220FFF70DFFFEF715F8FDF7B1
S214002690B7FF0B4B02225A67FFF7F2F9FDF7C6FFAA
S2140026A0FFF714FA0446FDF7B7FF01462046BDE8DB
S2140026B01040FEF715B800BF00F049020148E801D7
S2140026C000400E40000000002DE98048144B5B6877
S2140026D05E05A3B028D44FF0005300221A601AA853
S2140026E0FDF7CAFDFDF76CFE28B3446BFEF7B2F9A2
S2140026F01C9B5D0740F1E881FDF762FEFDF7F8FDE3
S2140027000446FEF787F9B4B1FDF75AFE0446FDF716
S21400271057FE044B986023689D46636898470AE016
S21400272000500E4000ED00E04FF000531A68022AF9
S214002730D1D100221A60BFF35F8FC94B5A6A22F4C8
S21400274080325A62D3F8942022F00102C3F8942013
S214002750BFF34F8FBFF36F8FC249C34F0A68C34D95
S214002760C3F898204FF00050C3F89C00C048C3F848
S214002770A000AF4202F1010008604FD07E1E731B1E
S21400278043EA530343EA930343EA131343EA132348
S21400279043EA13430133B3F5807F38BF4FF48073A9
S2140027A05C422C4003EB040C674500F2AF81072B1C
S2140027B0ACEB07074FF0010C8CBF4FEAD30E4FF07F
S2140027C0200EB7FBFEF70CFA07F7013FFFB2361BE9
S2140027D02D1BB3FA83F3B5FBFEF5B6FBFEF6664497
S2140027E00CFA05FC07FA06F60CF1FF3CC3F11E03D3
S2140027F04CEA060C5B000CF0FF0C03F03E0343EAC9
S2140028000C23974D43F0407343F001130232C5F892
S2140028109800C5F89C40C5F8A0300A60BFF35F8FEB
S2140028208F4B0522C3F894205A6A42F480325A62CB
S214002830BFF34F8FBFF36F8FBFF34F8FBFF36F8F13
S2140028408C4B01225A641A681AAF42F480721A60DE
S2140028503846FFF709FE9DF86930012B03D89DF82E
S2140028606830022B0DD9844B4FF41872C3F88C22B3
S214002870824AC3F89022824AC3F8F022814AC3F8FB
S214002880F822814BD3F8A42142F4F842C3F8A421DD
S21400289002229A639A6B02F00F02022A40F04C81E1
S2140028A0DA6C22F0405222F0010242F00102DA64B1
S2140028B0D3F8E02042F44072C3F8E020734A0F21B8
S2140028C01180DA6E42F08072DA66714BD3F88009B6
S2140028D000B10420FFF7B4FD6E4B6B4EDFF8C081ED
S2140028E0C8221A806C4BA0220F204FF0000B1A80D3
S2140028F0FDF740FF694BB365CDE912BBCDF868B074
S214002900C7F804B0D8F818325FFA83FAC3F3072979
S214002910CDF850A0CDF87090F56CC5F301752B4638
S2140029205A46394612A8FDF7EBFED6F8E040C4F347
S21400293001245A461BA913A82346FDF7E1FEA9EB7E
S2140029400A024FF4167C0CFB02F2B2FBFCF2524475
S2140029509145DDF868E01299DDF86CA01398C0F098
S214002960EB80AAEB00030CFB03F3B3FBFCF3C018ED
S2140029702CBF01235B468245C0F0DE80002B40F072
S214002980DB80AEEB01030CFB03F3B3FBFCF3C918CF
S2140029902CBF01235B468E45C0F0CE80002B40F056
S2140029A0CB80F36D23F4FE4323F0020343EA0223B5
S2140029B0F365022DD8F8302200F0AA80032D00F02F
S2140029C0AA80012D14BFD2B2C2F30722120312F45A
S2140029D0702F40F0B1802C4DEB6E23F47043134300
S2140029E0EB662F4B022CD3F8302200F09680032C97
S2140029F000F09680012C14BFD2B2C2F30722120355
S214002A0012F4702F40F098801F4BD3F8E04024F467
S214002A1070442243C3F8E0205A6E814238BF014614
S214002A20E72922F4FF7228BFE72122F0010242EADA
S214002A3041025A66DA6B42F48062DA634AF6E8527A
S214002A40596B5A639A6FD407FCD41B6C104A13F068
S214002A5003036BD00123C2F8B43A0B4B22E000BF4D
S214002A6000ED00E0540B0020BC000020BC0000205D
S214002A703900011300000E4000400E409A6F05001A
S214002A80180100040084320800300E405C0B002061
S214002A900000C6435A0B0020580B0020372110B701
S214002AA00081E00F9A6FD007FCD41A6C22F0030264
S214002AB01A649A6F12F00102FBD11A480129C0F875
S214002AC0B42A08BF5A6333E014B9FDF7A3FF32E611
S214002AD0154AD2F8F8309BB2B4EB832FF5D2D2F871
S214002AE0F82004F1500392B2B3EB822FEDD82046C3
S214002AF0FDF746FC0028E8D0636913B9FDF78AFFA6
S214002B0002E69DF86830012BF8D1F5E55B0047E654
S214002B10C2F307425AE7120E58E7C2F307426EE7BF
S214002B20120E6CE70000C6430081E00FC2F8B43A0C
S214002B30C74B0122C3F89427C64CC74E1120FFF797
S214002B40B3FB002102200122FFF7ACFC636A23F0EE
S214002B5001036362C14B0025C3F8A054A36A23F0A7
S214002B60070343F00603A362BD4BE362226BBD4B33
S214002B7002F07F6213432363BB4B6363FFF778FD6A
S214002B80BA4B304601211B68FEF7AEFFFDF744FD49
S214002B9001463046FDF7A4FDD4F80001C0F304203A
S214002BA00130B6FBF0F0FDF741FD01221146022090
S214002BB0FFF778FC636AAE4E43F040536362D4F886
S214002BC0C83043F00103C4F8C830AA4BD3F8D83055
S214002BD0B365042404AA06A935208DF8104006958E
S214002BE0FFF790F806238DF80F30069B8DF80E4001
S214002BF013F4803F07AC00F0548205232246B16DE3
S214002C0002F8011B013BFAD29DF8213063F03F0326
S214002C108DF821309DF8223043F001038DF82230E4
S214002C20954B5C60954B964A9A604FF000084FF4BF
S214002C3080715961C3E90022A3F81080914A924B33
S214002C409248934DA3F81080C3E900229A60596118
S214002C5000F0DDFC8E488F4C8F4E00F05AFF0FCDF3
S214002C600FC495E80F0084E80F008C488C4B036077
S214002C7041468C4B436000F06FFC73A3D3E90023FE
S214002C803060CDE900234FF0FF334FF0FF3200F005
S214002C901AFF02224FF0FF313068774C00F015FF24
S214002CA094223C23CDE91A321C9339469623306889
S214002CB01D93CDE91E88CDF8808000F02FFDB0462C
S214002CC07949306800F014FF306800F0B8FFB4F9B6
S214002CD0001058F8080B00F020FF6468002C40F045
S214002CE0F9814046FDF76EFCB37B64F30003B373D3
S214002CF06E4BDFF8F0A16E4D4FF0200983F801937C
S214002D0083F8049383F8069383F8079383F8059370
S214002D1083F8089383F81D93664B5A2200211846C1
S214002D2006F0FCFCA0F10A04634B636042F21072EA
S214002D30E26042F20153614A40F80A2C2381604A5D
S214002D404FF490733384012313700022CAF80020D6
S214002D501B222A800DF10D0103AA3E208DF80C30AF
S214002D60FEF7D0FF11230DF10B020DA936208DF8CA
S214002D700B30FEF7C7FF0DF10A02394639208DF8F1
S214002D800A90FEF7BFFF002835D14E4B9DF80B206A
S214002D9018681B791A903B71002A00F0A4811B2A40
S214002DA028BF1B22531D8DF80A300DA9531C0DF1A8
S214002DB06D008DF86B3006F0A3FC12A8FDF702FC40
S214002DC0414A9DF80A301288FA5222A99A1C51FAF2
S214002DD082F21298BDF84C1042F8200C22F81C1C07
S214002DE003F1080222A951FA82F20933002102F8FF
S214002DF0201C8DF80A3020230DF1090212A93A2072
S214002E008DF80930FEF77EFF48B9304B5A8A1B7D95
S214002E108DF84A300323ADF848208DF809302C4B46
S214002E202C4800224FF00209C3E900222A4B036017
S214002E3080F80490FDF7D4FD2848294B0360102342
S214002E40037280F804904FE008550051000000001F
S214002E500000C64300400E4000F049020000C84390
S214002E602000050007450BD047A0020000300E40AA
S214002E70005008400081E00F58130020A00D0020ED
S214002E80A00C0020A00B002034130020690345ECA2
S214002E90C49A0000600B002098100020900B0020C1
S214002EA061130000800B00201200002000E100E00B
S214002EB028110020C610002055555500D6BE898E14
S214002EC05E0B00204999000053990000A09A00006C
S214002ED04C1300203C0E002056990000E40D002004
S214002EE05999000030130020FDF7DAFEB448B54BC0
S214002EF00360B54B80F80490C36080F80890A0F893
S214002F001090CDE900394B4690E806001430FDF7E6
S214002F10FBFC9DF80B10002900F0F0800DA8FDF7D3
S214002F20E9FEAA48AA4B03604FF0100980F8049007
S214002F30FDF756FDA748A84BA84A03604FF6FE7B50
S214002F4008230372C260A0F810B080F80490FDF762
S214002F50A7FEA348A34A02600C220272A24AC260DD
S214002F60A0F810B080F80490FDF79AFE9F48A04A9B
S214002F7002604FF0020B9F4AC2600823038280F86B
S214002F80049080F808B0FDF78BFE9B489B4B0360CF
S214002F909B4BC3600123038280F8049080F808B03E
S214002FA0FDF77EFE9748984B0360984BC3604FF63C
S214002FB0FE73038280F8049080F808B0FDF770FE78
S214002FC09348944B0360944BC3604FF6FE730382A2
S214002FD080F8049080F808B0FDF762FE8F4B904AA8
S214002FE01A604FF6FF729A809DF80A20202A05D8AC
S214002FF0931D8C486375394606F082FB9DF80920C0
S214003000202A06D8931D884884F83D3012A906F079
S21400301077FBFEF755F9227C617CB2FA82F35B09F6
S21400302063F30001237D617462F30303B27B02F055
S214003030010262F386132375637D0BB9062363755D
S2140030407A4BB8F80410B068C4F81600998094F863
S2140030503C30042161F3030362F3861384F83C30AA
S21400306094F83D3013B9062384F83D30704BB068B1
S214003070B8F80420C4F83E009A80FEF7B1F96D4E09
S2140030806D4B1B7833B1DFF8C0814046FDF78CFAF4
S214003090002836D1694A136923F00403136130BF50
S2140030A0EEE70DF10F0221462C20FEF72BFE00283E
S2140030B03FF4B8AD0DF10E0205A93C20FEF722FE46
S2140030C018B19DF8140000F001009DF8223060F35E
S2140030D00003A3E52068B060A288A37988F80630CC
S2140030E0A8F8042004E608238DF80A30544B1A8802
S2140030F09B78ADF86D208DF86F305EE65048032162
S2140031000DE7EFF3108472B600231A460DF1110195
S2140031104046FDF72AFD2046FFF72CF99DF81130B2
S21400312013B10023CAF80030DAF80020EFF3108459
S21400313072B6C2F501739BB232440DF111014046DE
S214003140FDF713FD03462046FFF714F9DAF80020D2
S2140031501A44032ACAF8002097D93488231D9A42B5
S21400316093D307D8708804284FF0000306D00628AB
S21400317000F0AC810023CAF8003086E732796B8015
S21400318004F1FF39122A1FFA89F95FD8012A60D99B
S214003190931E2C4F102B5CD8DFE813F05D005B000D
S2140031A073005B008C005B0023015B00C0005B00CB
S2140031B05B005B005B005B0050015B00F00000BF43
S2140031C0B80D00205C990000B69A00006C10002034
S2140031D05F9900001410002070990000C90D0000CF
S2140031E0BC0F0020819900003D1E0000640F0020E7
S2140031F092990000959A00000C0F0020A3990000F9
S214003200949A0000B40E0020B4990000CD0200008D
S2140032105C0E0020C5990000390400008C100020C8
S2140032204C130020D810002000110020D2100020DF
S214003230FA1000202C1100205413002000ED00E0AE
S2140032404F9900002011002034130020522A00F06D
S214003250B580062289E0B9F1020F40F03581B6F854
S21400326005400022B4F5007F28BF4FF40074032306
S214003270114648463B70A7F80140FFF7C7F82C8078
S21400328078E7B9F1040F70D1B6F80540A0B2FCF7A4
S214003290CBFF60B1027A7C80022A4FF005010CBF9A
S2140032A001230223397041687B70032057E06C804D
S2140032B00A225AE0073CDFF838B2CDF800B0A4B2D4
S2140032C00194B6F80710B6F805000223ABF1020227
S2140032D0FDF730FD4FF6FF794845044604D1736884
S2140032E0C3F30F236B80E3E700230130CDE90033FF
S2140032F0ABF102020223494680B2FDF71BFD4845AA
S2140033001CBF00F1FF3080B207233B70A7F80140D6
S214003310A7F8030000221146042020E0B9F1020FAE
S21400332040F0D280B6F805B01FFA8BF42046FCF7C2
S2140033307BFF002839D0037B990713D52B880DF126
S2140033401202013B09A92046ADF81230FDF736FB04
S214003350024670BB0B23BDF8122009993B70FFF79D
S21400336055F807E74A46A5F802B05D4B30796988FC
S214003370587001241C7059801A71CBE7B6F805B056
S2140033801FFA8BF94846FCF74FFF70B1037B1A070C
S2140033900DD5E21E92B253494846FDF7D9FA0246C9
S2140033A038B913233B700146D9E70122DBE7032235
S2140033B0D9E77368C3F30F236B80D6E7B6F80570BA
S2140033C03846FCF731FF00283FF4D4AE037B5B079A
S2140033D07FF5D0AEE21E434992B23846FDF7B8FA02
S2140033E0C8E6631F9BB2022B01D0102B6CD10022C3
S2140033F0CDE90022DBB23C4AB6F80710B6F8050065
S214003400FDF798FC4FF6FF73984204463FF467AF0B
S2140034102B880DF11202043B09A9ADF81230FDF716
S214003420CDFA024608B16C809FE7BDF812200999D4
S2140034307C8009233B70931C7B7036E7053CA4B266
S214003440022C01D0102C3FD14FF0000BCDE900BB71
S214003450E4B2B6F80710244AB6F805002346FDF78E
S21400346069FC4FF6FF71884281463FF438AF013061
S21400347023461D4ACDE900BB80B2FDF75BFC2B88D6
S2140034804FF6FF7188420446A3F1060318BF00F109
S214003490FF340DF1120209A9484618BFA4B2ADF8D0
S2140034A01230FDF78BFA024610B1A5F802905CE7E1
S2140034B0BDF812200999A7F8029011233B70131D3E
S2140034C07B70BC8005204AE704224EE7CDE90B332B
S2140034D0064B099309A902230A93FEF76FFF49E6F4
S2140034E02011002033110020351100201800002084
S2140034F037110020FEE7000008B5FEF71FFB124B51
S21400350012498B4212D3124B124900208B4218D319
S214003510FCF73EFE186850F82240586840F82240F3
S214003520013298688242F5D30C33EAE70022F8E7C6
S2140035301C6844F8220001325C68A242F8D30833C3
S214003540E4E70022F8E700BF1CC0000028C0000027
S21400355028C0000028C00000F8B50D4610B90024A9
S2140035602046F8BD0E4F3E68002EF8D100F052F807
S21400357004460028F3D0386000F0A8F8204600F093
S21400358074F838B130463E6000F0A0F8204600F0EF
S21400359067F8E4E7002DE3D02046A847E0E700BF41
S2140035A0601300200846114600F0A2B810B505F0DA
S2140035B003F920B9024BBDE810401B68184710BD40
S2140035C02800002010B500F082FA20B9024BBDE8B2
S2140035D010401B68184710BD2800002070470000E8
S2140035E0431E033306D8044B984228BF1846642867
S2140035F038BF6420704700BF40420F00431E012BB7
S21400360003D9031F5842584170470120704700F005
S21400361093BE0000F8B50546FEF72AFA0F4B1E6863
S214003620074626B93846FEF7A5FE344611E0B468CC
S2140036308CB194F810C01CF0010F0CD195E80F0067
S2140036404CF0010C84E80F0084F810C03846FEF7F2
S21400365091FE2046F8BD3668E3E700BF2000002054
S2140036604FF4A472002106F059B810B500210446A4
S21400367000F03CFA2046BDE8104004F089BE000089
S21400368038B505460C4641B10B6833B11B680133AB
S21400369003D0CB680BB18B684BB900F04BFEBDE88E
S2140036A038404FF492724121002000F0A3BA084639
S2140036B000F045FE0023044A85F8DC30C5E92343C4
S2140036C0C2E9003338BD00BF6813002010B50446B9
S2140036D018B9054B054A136010BD04F075F8D4F808
S2140036E09830002BF6D1F4E7DD3500001C000020F2
S2140036F010B50C4604F0A6F8054B00215B680320C5
S21400370098471CB105F0A6F80128FBD110BD00BFF4
S2140037102800002004F0F2B904F006BA08B5024604
S2140037200868FFF75DFF08604868FFF759FF4860C4
S2140037308868FFF755FF8860C868FFF751FF0B6978
S214003740C860581C03D00B48834228BF03460B6151
S2140037504B69581C03D00748834228BF0346886934
S2140037604B61FFF73DFFBDE808408861104604F056
S2140037706DBE00BF40420F002DE9F84FD0F89030E4
S21400378006460F4613B1038B8B4246D0D6F88CB054
S214003790BBF1000F44D0DBF80830002B40D0DBF83C
S2140037A00C1000293CD0D6F8A0A0BAF1000F3AD0F1
S2140037B04FF000094D46C84601E0DBF8083005EB3F
S2140037C0C50203EB82040135E389BB4216D8238A7F
S2140037D0BB42304612D3B4F91230B6F924109942DF
S2140037E0A04603EAE37255DD96F8D010FEF7B8F966
S2140037F0337D834281464DD9DBF80C108D42DCD3F5
S214003800B8F1000F40D00023424619463046D04754
S2140038103783C6F8908086F8D9900020BDE8F88FE8
S2140038200320BDE8F88FD1465446524647F6FF754A
S21400383004EBC40803EB8808B8F80E30BB421DD86A
S214003840B8F81030BB4219D3B8F91220AA4202EADF
S214003850E27207D14FF0FF093783C6F8908086F8EA
S214003860D990DAE796F8D0103046FEF779F9337D2E
S214003870834281464246EFD9DBF80C100134A14260
S21400388004D9DBF80830D3E70120C7E7002AFBD0CD
S2140038909046E1E7A046B6E72DE9F04782B0044639
S2140038A08946164604F096FF3B4D08B100236B6030
S2140038B02B68D4F88CA0D4F890700BB153454BD03D
S2140038C04FF00008C5F8089004F0C4FF012836D170
S2140038D02B68DAF800103A6813B11868884246D0A8
S2140038E0204604F097FCC5E900A7D4F8A0508DF850
S2140038F00760002D42D000220DF107031146204636
S214003900A847204604F070FA0546B8F1000F00D02C
S2140039108EB1B5FA85F040F2DE324009332100F070
S21400392069F93146204604F081FC1C4B05461B68AD
S214003930394620469847284602B0BDE8F087012061
S21400394003F080FF164B00215B680320984704F0C5
S21400395081FF0128FBD1BBE76B68002BB0D0BB42D0
S214003960AED1AB68994514D04FF00108AAE7696854
S21400397011B109689142B6D05968B1E7217D94F833
S214003980D930994228BF19463246204604F0C2F97B
S214003990B7E70025CFE700BF681300201C00002013
S2140039A028000020F8B505460E46FEF761F83146B9
S2140039B007462846FFF7E0FE044620B13846FEF7E5
S2140039C0D9FC2046F8BD04F004FF224631462846BE
S2140039D0FFF762FF04460028F0D195F91030002B5F
S2140039E0ECDA284605F0BFF80028E7D02246A97D85
S2140039F0284604F005FF0446E0E700BFF8B5054694
S214003A000E46FFF73DFED5F88C307BB15B696BB197
S214003A1001F0D2FCD5F88C305B691B1A584240F294
S214003A206B124FF04201584100F0E4F8F7680022AC
S214003A304FF6FF734FF0240CD0B2B84208D31C46A2
S214003A4021462846FFF7AEFF00F07EFC2046F8BD74
S214003A50B1680CFB0011CC899C4202D2002CEFD03E
S214003A6023460132E8E7008B70470A7838B50546EA
S214003A701046FFF7C3FD60B14C782046FFF7BEFD49
S214003A8038B12243530704D42846BDE8384004F032
S214003A9079B8012038BDFFF7E8BF10B504460878AE
S214003AA0FFF7ACFD58B14A781046FFF7A7FD30B1D6
S214003AB0042A04D02046BDE8104004F09BB801203C
S214003AC010BDFFF7EABF03F03DBE03F097BF70B529
S214003AD004460D461646FFF765FF30B932462946BE
S214003AE02046BDE8704002F0C1BD70BD04F080BE47
S214003AF038B5044648880D4600F01FFCD4F8A030C0
S214003B002BB929462046BDE8384004F0A9B8022063
S214003B1038BD00F013BC04F05DB973B50446002050
S214003B200D4600F00AFCD4F8A06069462046FFF770
S214003B30F2FF5EB99DF800102A462046FEF710F800
S214003B400146204604F012F902B070BD00231A4662
S214003B5029462046B047F7E738B505460C46FDF738
S214003B6087FF2B6B1C40EB6A2343EB62FEF702FCDD
S214003B70211E18BF01210020490238BD04F0E0BA1A
S214003B8004F0FFBA07B54FF400730A49ADF80630E3
S214003B900DF10602FFF7F4FFBDF80630B3F5007F1F
S214003BA005D1022808BF002003B05DF804FB012001
S214003BB0FAE700BFC01400200846114600F0E0BA3D
S214003BC004F0AABA38B50446154609B104F0F7FA67
S214003BD025B12046BDE8384004F0F4BA38BD0000F0
S214003BE0024B1960024B1860FEE700BF240000205D
S214003BF0C016002008B550B90548064B01601A608B
S214003C00054B1A68054B1A601868FFF7E9FF08BDF0
S214003C1024000020C416002060130020C0160020D8
S214003C20437C03B108470220704710B5044604F0F1
S214003C302FFF20460321BDE8104003F0DDBDFFF74F
S214003C40F4BF00000149FFF7EBBF00BF658A000024
S214003C500149FFF7E5BF00BF398A000038B5447C4C
S214003C600D46BCB1053C012C8CBF002401244968DC
S214003C70224604F016FF286890FAA0F0000A01F029
S214003C8001FDA97A2889224681F0010104F03AFF55
S214003C90002038BD0220FCE71FB5CDE90012ADF8C4
S214003CA0083069469DF818308DF80A30FFF7D6FFC1
S214003CB005B05DF804FB00207047002070472DE932
S214003CC0F74F1C469DF830300193036803F0070356
S214003CD0063301259D400646174605F1FF380B467C
S214003CE0A1B1416804EA080BA5EB0B0A41F00059A4
S214003CF0524509EB0B0114D95246184605F000FD53
S214003D007A1B5A444946504405F0FAFC019B2BB1F5
S214003D103C4448EA050804EA0804F46003B0BDE839
S214003D20F08F1846F0E700000D4BD3F8E020D203E2
S214003D3014D50C494FF48032C3F8E820C1F8EC20C3
S214003D409A6BD1B2C2F3072299679A6704229A67E0
S214003D5000229A679A679A679A679A67704700BFC1
S214003D600010084000100846F8B50C4C0D461746E3
S214003D700646FDF77DFE0123A362042327606660E6
S214003D80A560C4F8E830064B4FF48072C3F8802173
S214003D90FEF7F0FA0DB10223A362F8BD001008404A
S214003DA000E100E0054B1860054B01229A6540F6DD
S214003DB0FF72196358635A65704700BF501700209A
S214003DC0001008402DE9F04F042A83B0054639D983
S214003DD00B7883614B7883618B788361CB788361C2
S214003DE00068D5F808B06E6800F0070001230630BA
S214003DF003FA00F808F1FF3909EA0B07A2F1040AF2
S214003E00A8EB0702924501F1040446F000560DD8CF
S214003E10F0192146524605F073FC0AEB0B0248EAFD
S214003E2009031A40AA6003B0BDE8F08F2146F019D6
S214003E30019205F065FC019AA118AAEB080230462B
S214003E403A44E8E7013A032AEDD8DFE802F00B0827
S214003E50050211F8013B836111F8013BAB6111F8D3
S214003E60013BAB610B78AB6103B0BDE8F08F00BFE0
S214003E7037B5002500951446FFF721FF204603B00E
S214003E8030BD026802F00702063201239340026A40
S214003E90C2F30C028A4210B584BF4468C26803F1BC
S214003EA0FF3388BF89189BB285BF44F00050194085
S214003EB04FF0FF30405C10BD38B50C46104B154631
S214003EC0014668B10122C3F8B8200E482246FFF723
S214003ED079FF1DB10A4B0422C3F8B820002038BD74
S214003EE064B1D3F89C20A24284BF0122C3F8B82054
S214003EF0C3F898400222C3F8B820EAE70122FAE79E
S214003F00001008409010084010B5FDF7B1FD184BA2
S214003F10184901229A65C3F888201A66164A5A6616
S214003F200722C3F884200A80144900220A804FF42E
S214003F30A021C3F8E81003F1C0630446C3F8EC10F0
S214003F400F4B1A600F4BD3F888305B020AD50E4B26
S214003F5018680E4B4FF48002C3F88820416BA430DB
S214003F6001F0ACFB2046BDE81040FEF703BA00BFE8
S214003F7000100840CE160020D0160020CC160020D8
S214003F80C816002000400840601300200040084487
S214003F900D4B07221A800D4B00221A800C4B012174
S214003FA0C3F8B810C3F890204FF40052C3F894003A
S214003FB0C3F8B420074BF0221A6403F10073A02262
S214003FC01A64FFF7A1BF00BFCE160020CC16002053
S214003FD000100840000008442DE9F041044688B16E
S214003FE0394E3A4FFDF744FD3388394A03F07801DD
S214003FF0032C054603F07F0C114453D13C6824B9CA
S214004000FEF7B8F90320BDE8F08124F00104386813
S21400401020F00100A0424AD100223A6022886FEACE
S21400402042426FEA52428C42228036D1294CDFF857
S214004030B8C02788ACF180083A46083A92B201F137
S2140040400800604528BF4046082A04D9B0F900E0B9
S214004050BEF1000F36DB22803B440C8888781E4970
S2140040609B1ADBB2C4F30C04CC6300F00700338069
S214004070CB66C1F88420FFF757FE04280DD1174BF6
S214004080D3F88830164B1868164B4FF48002C3F8E6
S2140040908820416BA43001F011FB2846FEF76AF930
S2140040A00020B0E7601E012898BF0C46AFE709481D
S2140040B062440088A21A48BF803208389042ADDCBD
S2140040C028469DE70146B8E7CC160020C816002013
S2140040D0D0160020CE1600200010084000400840F1
S2140040E06013002000400844501700200E490F4B74
S2140040F00A881B880E481344073B03F078030344E2
S2140041000832987892B20A8000F00700094904281D
S214004110C1F8842004D101F540514A681203FCD44A
S214004120054A1360704700BFCE160020CC1600204C
S214004130D016002000100840C816002010B5054C08
S214004140206828B1C30701D4FFF746FF0023236089
S21400415010BD00BFC8160020084B4FF48032C3F8CD
S214004160EC2003F17C43C3F8E420D3F88030C3F39B
S2140041700C03782B01D8FFF7D7BD70470010084412
S2140041802DE9F84304460E46FDF772FC504B514DA0
S2140041901A882D888146504802F07801032C02F0D8
S2140041A07F03014417D14D4C24688CB92A44073A42
S2140041B002F0780284180344E31A48BF8033AB4207
S2140041C010DB4846FEF7D6F800242046BDE8F88304
S2140041D024F00104EFE7012C02D0022CEBD1083DBD
S2140041E00C46E8E7002E41D08C423D4942D1D1F83A
S2140041F03C800A6B02F00702063201279740D1F88E
S2140042008020C2F30C029A4247DDB4F900302588BC
S214004210002BD6DBA378C5F30C0503F007037A1E44
S214004220A5EB08053A43052B337005EA02052CD8A2
S2140042302DB2E84340F236420421C00FFFF7DAFC05
S2140042407580E378274A337412687B1E03EA0803F6
S214004250D118B160A9B213FA85F5BD4289BFFF1A1D
S2140042600023B780F2609CBFB180F3604846FEF73B
S21400427081F8AAE7A4F10802824238BF04F1780266
S214004280B2F80080C8F30C08B3E7174BDB6C003BB2
S21400429018BF0123A5EBC305CAE78B6B7A1EA3EBF9
S2140042A008033A431A40114B15B25B686AB9C3F368
S2140042B00363D91E4B424B41DB0033700B4B7280BD
S2140042C0D3F89030C3F30723BCE70823F5E700BF15
S2140042D0CC160020CE160020D0160020C8160020CF
S2140042E0001008405017002000000840004008401A
S2140042F0431C08D0044AD2F83C311B0C1B0480B285
S2140043000343C2F83C3170470040084038B50D689A
S21400431004462846FFF7ECFFD4F8903043B15B69BB
S21400432033B1013504BF6FF001020A600A681A60F3
S214004330002038BD04F04DBA704770477047A6227B
S21400434031210120FFF756BC704738B50D460446AC
S21400435001F032F8AC4042F2107364095C43642307
S214004360B0FBF3F0B4FBF0F038BD0000034B1A6866
S2140043709B88026083800020704700BF3A000020C0
S2140043800F4B0628D3F8883104D183F40013C3F307
S21400439040507047022805D113F4400F0CBF01208F
S2140043A00020704750B9074AD2F8D40010F0010038
S2140043B005D083F48003C3F3805070470020704715
S2140043C000400E400081E00F0C4A5288B2F5E16FC3
S2140043D094BFC8225A2210B594BF78245024904225
S2140043E08CBF172210220A70054A0346107818B1AF
S2140043F09C422CBF0020012010BD00BF3A000020C8
S2140044003300002013B5234B1B780E2B04463ED0FA
S2140044100DF10701FFF7D8FF1E2C8CBF1E4C1F4C5A
S2140044209DF807304FF001028CBF01210021C4F82F
S214004430082170B1194A4DF60174C2F804411B02F6
S21400444002F1007243F44043C2F80431144AA2F861
S214004450D430134A134C92F8D83023F001030343A8
S21400446023F0020343EA4103DBB282F8D830247813
S2140044706CB923F0040343EA800323F00803B2F880
S214004480D440A2F8D64043EAC10382F8D83002B03E
S21400449010BD00BF3A000020004008460040084417
S2140044A0001F002156170020084B094AD3F8883110
S2140044B0DB4303F4FE1343F40053B3FA83F30E33E3
S2140044C0A3EB4313013B1370704700BF00400E4040
S2140044D03200002002280CD0062802D020B100208E
S2140044E07047054B18787047034B18780430C0B2F5
S2140044F070470720704700BF32000020022807D010
S214004500062807D0003818BF01204042C0B27047C6
S214004510012070470020704730B51F23B0FBF3F32F
S2140045205D1CEDB24FF0FF34C3EB4313AC40C01A32
S214004530E4430130E4B2C0B21460086030BD00004D
S2140045402DE9F7433A4E3B4F96F8009015463A4A07
S214004550D2F8C820B9F1020F0446884607EA0207D7
S2140045601AD147EA006788F80000002372882B609B
S214004570B2F5E16F94BFC8225A2227F47F579442BF
S21400458027F008079ABF380A00F47F5043F6C87031
S214004590384303B0BDE8F083284A1278904228BF1B
S2140045A0144604EB83030B70F4B1013CE4B24FF005
S2140045B030632B606A4601A92046FFF7ADFFDDE9B0
S2140045C0002347EA03671E4B98F800101B7847EA5B
S2140045D0823747F47F5747F008073BB90029194B45
S2140045E018BF4FF07F43C1E7164BE2E7164B17485C
S2140045F0B9F1060F08BF03462AB90029114B18BFA8
S2140046004FF07F43B2E7B2FA82F2C2F11F02D2B293
S2140046109B5CDBB239B15A1ED2B2FD2A05D81B0606
S21400462043F00403A2E7074BA0E74FF07F439DE764
S2140046303A0000203F00C0E0001F002132000020AA
S214004640571700200400000BB883E00FB083E00F7C
S2140046502DE9F3410446C820FFF7D4FE2B4B2C4E21
S21400466018780E2801D0FF2C05D1FF243470204680
S21400467002B0BDE8F08102282DD1072C204628BFC5
S214004680072001284FF0000301AA0DF1030138BFEF
S2140046900120FFF755FF05461E4B1F4FDDF804802F
S2140046A0C3F85881C7F8C8509DF8034034702046B8
S2140046B0FFF7A8FE194A4FEA082303F4E0631278CE
S2140046C043EA1863A7F8D030002AD0D1C7F8CC50F8
S2140046D0A7F8D230CBE7A0B9052C32BF00270127B8
S2140046E00420201A3B4601AA0DF10301C0B2FFF7D1
S2140046F027FF4FF48003054637B1094AC2F8083150
S214004700CAE700273846ECE7064AF7E73A000020F3
S2140047103800002000400840001F002156170020E7
S214004720004008460040084408B501F031F9094B3E
S214004730094A002818BF1A46136823F47F115B083D
S21400474003F4FE130B431360044B4FF00072DA6160
S21400475008BD00BF0041084018410840004008401E
S21400476008B501F015F9064B4FF4001228B1C3F84E
S21400477000214FF000621A6208BDC3F81821F8E75E
S21400478000400844014B1868704700BF5C170020C3
S21400479070B505460E46C0B201F00F01FFF7D5FD15
S2140047A0C6F303110446C5F30720FFF7CEFDC6F394
S2140047B003210444C5F30740FFF7C7FD204470BD3E
S2140047C0436C012B38BF01232DE9F0479A46464B30
S2140047D0464F9B69464E474D03F4E073A3F5C072FF
S2140047E0804645485142514102685245434A0FD1DE
S2140047F014788C420CD198F8D0C03C78A44507D1E8
S21400480098F815C03478A44502D1A888BDE8F0878A
S214004810B3F5C07FC0F800A011704AD1D8F8944014
S21400482024B12368082B58D994F838400F21204625
S214004830FFF78BFDBAFA8AF3002852D0B0FA80F25E
S2140048409B1A002BC6BFD840C3F10F094FF00F09C3
S214004850504501D909F1FF39234B2004C3F8BC00A9
S21400486003F1806340F6FF72C3F8B82003F10073CB
S2140048704FEA0921C3F8B810FFF78AFFA88000F0B6
S2140048809BFD09F01F094FF4FA7304FA09F45C4320
S21400489041F66A03B0FBF3F00A23B4FBF0F45C4382
S2140048A0174B1C6098F8D0303B7098F81530337072
S2140048B0ABE798F8D030062B06D1124B1B78002BAE
S2140048C00CBF9624C824B1E7022B08D00D4B1B78EA
S2140048D0002B0CBFB424F024A8E70024A6E732245B
S2140048E0A4E74FF00F09B7E700600840310000204A
S2140048F0300000203A000020340000205917002025
S2140049005C1700205717002070B506460C46154663
S21400491004F029F958B3F27CD31E012B1ED9112AB4
S21400492003D81D4BD340DB0718D41C4B1C4AC3F8D6
S214004930502103F100730022C3F850210025174BC5
S21400494040F2F712C3F850212B01164A03F4F8730D
S21400495005F007052B43C2F850311AE00F4B104AFA
S214004960C3F8502103F100734FF44402E4E7FF2C30
S2140049700DD00A4B0A4AC3F8502123042405094ADD
S21400498003F4E02304F0F8742343C2F85031FF2DFB
S214004990D5D1002070BD00BF84F603000040084457
S2140049A00000F70100400846F8B5134B134E1F6889
S2140049B0134D384600F0BEFF3378C4B2A34201D18F
S2140049C02B78A3B1092C14D80E4B012C195D05D1F8
S2140049D00D4B1B78022B01D141F0400101F00F0274
S2140049E038460909FFF790FF002334702B7000202B
S2140049F0F8BD0024FA21F1E76013002055170020C7
S214004A0054170020889B00003A00002038B5044662
S214004A1000F07AFC142200212E4804F07FFE2E4B74
S214004A2025781A782D49521B18BF01220A70226871
S214004A301A60C820A2889A80FFF7E4FC284BD3F8B7
S214004A40C820284BFF211970274B2849062D03EA5A
S214004A500203274A1AD14FF4EE40C2F824014FF45D
S214004A608A42C1F82421012243F08043C1F8202164
S214004A701B4AC2F8C8301E4B0322C3F85821FFF762
S214004A8093FF1C4B01221A70002038BD022D4FF0F8
S214004A9007000ED1C2F80C010620C1F80C01164919
S214004AA0C2F808114FF4404143F00303C2F8041162
S214004AB0DEE7C2F80C010520C1F80C01C020C2F8E0
S214004AC0080143F08043812243F00403C1F8082123
S214004AD0CEE700BFC81F00213A0000205417002070
S214004AE0001F0021380000202800C0A00040084613
S214004AF00040084458170020C100400073B5264BFC
S214004B00044618780E2841D0FF2C42D000283AD10F
S214004B10052C32BF002301230420201A01AA0DF120
S214004B200301C0B2FFF70CFD1C4EC6F8CC00019A7C
S214004B3096F8D850130203F4E06343EA1263A6F82B
S214004B40D2309DF803400DF102012046FFF73CFCF1
S214004B5005F0FB051E2C45EA800594BF00230123C3
S214004B6025F0080545EAC30586F8D8509DF80220CA
S214004B700B4B43EA0223A6F8D6300123094A204607
S214004B80137002B070BD00231846C6E70023FF244A
S214004B90F4E70023F2E700BF3A000020001F0021E0
S214004BA000C0FFFF56170020104A114B0020187057
S214004BB0D2F8C830C2F8CC30B2F8D030A2F8D23032
S214004BC0B2F8D430A2F8D63092F8D83003F0FB030F
S214004BD0990001F004010B4303F0F703990001F07C
S214004BE008010B4382F8D830704700BF001F002131
S214004BF0561700202DE9F0472D4C2E4B236000F071
S214004C00DBFB4FF4FA7307464FF47A76B0FBF6F602
S214004C1029482A4A7343190E1B02181841F100014D
S214004C20002303F0D1FFA0F580730546A36220B9E8
S214004C3066222B21FEF7DEFF01254FF47A726A43C7
S214004C404FF0000A53465008310203F0BDFF1C4BDC
S214004C5019601C4BB7F57A7F4FEA0568894604460B
S214004C6018604FEA152505D276222B215046FEF70E
S214004C70C1FF01264FF47A73A8FB030103FB05115D
S214004C807308C01841F100010023324603F09CFF70
S214004C900D4B023419600D4B49F10009A408186049
S214004CA044EA8974024B013C1C63BDE8F08700BFF0
S214004CB0005008400211010020A1070040420F00EA
S214004CC0701700206C17002068170020641700205B
S214004CD0044B4FF00052C3F880211A60024B0122A9
S214004CE05A60704700E100E00050084038B5020105
S214004CF00A4B01259D500A4A4FF480738340536641
S214004D000446FCF7B5FE074A1378A54023EA0503D8
S214004D101370BDE83840FDF72DBB00BF00510844B6
S214004D2000500840601700202DE9F047154604465D
S214004D3088461E46FCF79CFE022D00F0B88007460B
S214004D40FDF778FB6C4B6D4AD3F8189092F815A0D7
S214004D50DA6D5FFA8AFA520744BFD3F818900AF160
S214004D60010AFDF76BFB664B664A1B6811684FEA43
S214004D708A7CA3FB093213F1004301FB09CCD8F867
S214004D8000304CEB020C012D04BF01336344ACEB46
S214004D90030C08BFC8F80030BCF1804F0AF0030AC5
S214004DA0C0F09880584AD2F800C0584AD2F800E0BE
S214004DB0514A23F04041106B4FF000480022ECFBB4
S214004DC001820EFB012282424FEA937381BF0133B8
S214004DD00130121A03F00303A3EB0A03914588BFC0
S214004DE04549DFF848C184BF096B03F1FF3303F080
S214004DF003030CF80430A2EB0900A3B1F10742BF8D
S214004E00434B41F61F71D966B30742BF404B414939
S214004E10D966710742BF384B00211967330742BF76
S214004E20354B00211965344B04F1100103EB041EC9
S214004E300901CEF80C2111225A5037499A694FF0D1
S214004E40010EA2EB090A0EFA04F8D3F85C900A7871
S214004E505FFA88F848EA020282450A7026D34FF4C1
S214004E608072A24019EA020F20D11CF80400002824
S214004E703FD10DB3F0071A6608D5254B274941F6F2
S214004E801F7240F20110DA66C866DA66B10706D508
S214004E901F4B22491F4A2248DA66C866DA6672073E
S214004EA042BF204B01229A60330719D43846FDF7DB
S214004EB061FA0120BDE8F0871B48240140F804E0B1
S214004EC05A66FCF7D5FD14490B7823EA08030B70E5
S214004ED0FDF750FA3846FDF74DFA0020BDE8F0879A
S214004EE0212000F03FF9044B4FF480325A603846D8
S214004EF0DDE71A663846DAE700500840D01700208B
S214004F0064170020681700206C1700207017002018
S214004F100050084400001F1F60170020005008467D
S214004F2000000101004008400051084474170020AA
S214004F301030034B0001185800F00100704700BF06
S214004F40005008401030044B01F46001000141F0AD
S214004F5003011950704700BF0050084038B5FDF7F0
S214004F6069FA084B084A9D69547DDA6D520748BFB6
S214004F709D69E4B248BF0134FDF760FA284604F0A4
S214004F80030138BD00500840D017002008B5222085
S214004F9000F0E8F8024B4FF480225A6008BD00BFCC
S214004FA000500840064B1B68434303EB8171054BDA
S214004FB01B68A3FB003013F1004341EB0000704771
S214004FC0681700206417002008B5FFF7C7FFBDE884
S214004FD00840FFF7E7BF10B50446FFF7BFFF84425F
S214004FE088BF01F1FF31204601F00301BDE8104003
S214004FF0FFF7D8BF0D4A10B5146820F040430146AD
S2140050004FF000420020E4FB0320094A126802FB2E
S2140050100300084B1B6B98424FEA917104D9013389
S2140050200131C01A01F0030110BD00BF6C1700204B
S214005030701700200050084038B50446FFF7C4FF3C
S2140050400546FFF7C1FF431BA342FAD338BD000055
S2140050503B4B082270B501210546C3F8C8203948E5
S214005060394CFCF7F7FD394B1D702378013B012BBB
S2140050700CD8237CE07B01229A400C21302313FBC2
S214005080001303F1884303F520431A60304B0022D7
S2140050905A677DB92F4A4FF6FF71D16702F1007249
S2140050A0F821D1675D672C4B4FF08042C3F89420FF
S2140050B0002070BD636853B300F07EF9626800EBB1
S2140050C05203B3FBF2F3013B1B0243F0F8032678CE
S2140050D02049224A022E1CD0032E1D484FF6FF758B
S2140050E021D0012E27D143F00203CD67D3670723D3
S2140050F04367237CE07B01229A400C21302313FB7C
S214005100001303F18C4303F520431A6011E0F823E3
S214005110DDE743F001034FF6FF70C867D3670C4B1B
S21400512005225A67E5E743F00503CD67D3670123F9
S21400513043670B4BB8E7CD67D3670023F8E700BF9C
S21400514000400E4600350A007C1700207917002024
S21400515000000840000008440040084400000846DC
S21400516000400846044BD3F89430002BBCBF034BDA
S214005170C3F88000704700BF0040084000000840A9
S2140051804FF0006318B1034AC2F894307047024AE1
S214005190FAE700BF00400846004008440020704779
S2140051A008B5074B1B681A68064B920019684FF043
S2140051B0045004F0A5FABDE8084000F0FBBE00BFAE
S2140051C0941700209817002007B501A8FDF74CF9A2
S2140051D0134B144AC3F8442148F2E672C3F8382148
S2140051E04FF40862C3F834210F4AC3F8A0200F4AD0
S2140051F04AF63F41916002F580424FF0C0719162DD
S2140052000022C3F8FC200A4AC3F89C20094B7F22E0
S2140052105A6203F1007323225A6203B05DF804FB5E
S21400522000400840C0E653517A27000F003008407F
S214005230806D630300300844064B1B783BB1064B79
S214005240064A1A60064B074A1A600020704702207A
S214005250704700BF9017002098170020B89B0000EA
S21400526094170020B49B000008B5FFF7E5FF002068
S21400527008BD000038B51B4B0022C3F88820C3F8D1
S2140052808C20C3F89020184A4FF400715162174AD8
S2140052900121D1605A6812F0706FC2F30365F9D12C
S2140052A04FF00452DA671249124C0122C3F88020EC
S2140052B019662270FFF7D8FF0F4B2570186820B1CB
S2140052C00E4B1868003818BF012040F27E52542159
S2140052D0FEF790FC0A4B1B6898470A4B0122DA60DF
S2140052E038BD00BF004008400000084000400846A7
S2140052F0A01F002190170020981700209417002068
S2140053004000002000400844034BFD22C3F8C8209C
S2140053100122C3F8CC20704700400E4638B5FFF790
S214005320F3FF1B4B1B481C4C1C490222C3F8C82029
S2140053301B4B1A6842B102EA0005A54204BF5D682D
S214005340156008338B42F4D1164B0222C3F8C820EE
S214005350154B164AD3F83C111160154AC3F8942031
S21400536000F0B4FBFFF730FF124B0322C3F8D8203F
S214005370A3F500530122C3F894204FF46072DA605C
S2140053804FF04072C3F8F820C3F8102138BD00BFB4
S21400539000400E460000FFFF00000840B081E00F0E
S2140053A00080E00F00400E4400400840440000200B
S2140053B00048F0000060084608B5FCF761FB044BA7
S2140053C0D3F81031C3F308230133B0FBF3F008BD64
S2140053D000400E4070B5044618B1284D2268531C94
S2140053E000D170BDC2F30063110C35F8130011F044
S2140053F0FE0F93B243EA0043606818D00434CAB282
S214005400022A216808D9D4E90160033AC3E90016E4
S21400541098600C340C33F3E704D16268C3E90012D9
S2140054200834DBE7012AD9D104341960D6E7120F15
S214005430072AF5D8DFE802F00704090D1013181D37
S214005440C04303F180631860EAE71A6842401A60B6
S214005450E6E703F1C063F6E7FFF7EEFDE0E70122BB
S214005460824003F1C063F2E70122824003F18063C9
S214005470EDE71A6830EA0202FBD1D1E7929B000002
S214005480024B0122C3F89420704700BF0040084634
S214005490024B0122C3F89420704700BF0040084426
S2140054A0024B4022C3F89420704700BF00400844D7
S2140054B0024B4022C3F89420704700BF00400846C5
S2140054C008B50C4B1B68D3F8943023B11A68022A2F
S2140054D001D9186A08BDFFF76FFF074B1B6D024620
S2140054E098B20028F6D0C3F30743D2085343B3FB61
S2140054F0F0F0EFE76013002000600840064B5B68A2
S214005500C3F30363984206D1044A536B23F0F003B7
S21400551043EA01115163704700400840001F002114
S21400552010B50446FFF7CCFF104AD2F830311B0402
S2140055300F4B1B6C03F4C05348BF4008B3F5805FA5
S2140055400ABF136BC4F30113C3F34163022B05D0E8
S214005550032B09D0012B00D1400810BDC4F3C4248E
S2140055600134B0FBF4F0F8E78008F6E70060084086
S2140055700000084000F03003202B10B513D110F4C3
S214005580E02FC0F302440AD010F4C01FC0F3C423B7
S214005590B3FBF4F418BF6400052C0ED86408FFF7BC
S2140055A0BFFF604310BDC0F382136FF012041C41AE
S2140055B004F00104C4F10204F1E70424EFE700005C
S2140055C02DE9F0470E46FFF7FFFCDFF8B090DFF856
S2140055D0B0A080460025FCF74BFAD9F80430C3F398
S2140055E00363012B07460BD1711C1AD0FFF7ECFCA6
S2140055F0A0EB08053846FCF7BDFEAE42EBD80DE042
S214005600052BF1D00B2BEFD0023B012B0CD901362A
S21400561002D0FFF7D9FC3846FCF7ACFE1648BDE8CA
S214005620F087FCF7A7FED6E7DAF808301A04C3F3CB
S21400563089140FD4013602D0FFF7C6FC3846FCF7B3
S21400564099FE24B2A4F1C8006FF4FF739842B8BF65
S2140056501846E4E7731C03D0FFF7B6FCA0EB08057A
S2140056606FEA84546FEA94543846FCF783FE14F5C8
S214005670007FC2D0E6E700BF00FEFFFF0040084004
S21400568000700840024B012218619A60704700BF04
S21400569000200840084910B5D1F8703140B11C46CA
S2140056A04A68D1F870319C42F9D1C2F303620270A5
S2140056B003F00F0010BD00BF00400840094BD3F8B0
S2140056C0883001F0800103F480030B4309D1064BB8
S2140056D04FF400129A61837F1BB1044B0122C3F87A
S2140056E0F820704700400840006008440060084604
S2140056F010B5FCF7BDF9084B1B6804463BB198474C
S21400570028B1002200204FF4806100F07FFD204683
S214005710BDE81040FCF72EBE9C1700202DE9F04196
S2140057201F4CDFF89080069F0646A2FB03502C19FC
S21400573060F1000E9C46A0454FF0000373EB0E0E82
S21400574007D24FF4B4720E211846FEF753FA022021
S2140057501BE00029FBD0C6F3130601EB5C04B4FB88
S214005760FCF4A4FB0646E40C44EA46340D4E3460D2
S2140057700D4C22600D4A914209D10D4AA5FB0253F9
S21400578002FB00339B093B600020BDE8F081C404A7
S2140057900A46E80444EA553103F016FA3860F3E79F
S2140057A000C9E876A4170020A817002000F04902D8
S2140057B00A3BB2DF0046C32338B5164D2B780C469D
S2140057C023B9154B1B6D03F03F032B70134BD3F817
S2140057D094305B051CD5124BB0FBF3F040F24D53F2
S2140057E04343A3F546430C3B584300F5C91000F568
S2140057F0556028B940F21B322B21FEF7FBF9012039
S2140058002B78084A5343B3FBF0F30020236038BDDF
S2140058100220FCE7A31700200030084000400840A4
S21400582000366E018096980070B5374C374B256B66
S214005830374C1B682468ED024CBF1B191B1BB3F1C9
S214005840804F04D8002B3AD1324E1C460AE0B3FAF9
S21400585083F4314EC4F10204E340304DAB4201D92B
S21400586001345B0803EB5605B5FBF6F52C4EB34248
S21400587034BF002601262403013D44EA86242C4337
S2140058800C60D8B1B3FBF0F1642400FB1133634322
S214005890984288BF01F1FF314808013801390728CE
S2140058A0204D214C4FEA510311D9002129700621C1
S2140058B0C4F894101B0243EA0013136070BDB3FAD9
S2140058C083F4D4F10204134EC6D50024C5E710298C
S2140058D0EBD068B1012129700621C4F89410134951
S2140058E009780029E6D012490224C1F89440E1E77D
S2140058F0012914BF0121002129704FF00601C4F8C8
S2140059009410ECD1D6E700BF00300840A81700205E
S214005910A4170020E0673500C0CF6A003FBE4025D0
S214005920401B5F13A017002000400844A11700206A
S21400593000400846084B5B6B03F00700C3F3C20247
S21400594013F0380F18BF5043C3F3821213F4E07FEE
S21400595018BF5043704700BF0030084010B50446DB
S21400596051B10B6843B15B6833B11A68032A03D997
S2140059709C6A640E204610BDFCF77AF80146204665
S214005980FFF7D8FF04460846FCF7F4FCF2E70000F1
S214005990034BD3F8380180F01000C0F300107047B6
S2140059A000400840174B4FF4002210B5C3F894206F
S2140059B0154C164BB0F1804F88BF1C46144BDA6C62
S2140059C0D2071DD51B6F134A04F5F42404F5907412
S2140059D0B4FBF2F4033CE4B203F00703A34202D0A4
S2140059E02046FCF72DFD0C4B1B784BB10B4B4FF4B0
S2140059F07022C3F8942003F100732404C3F8944083
S214005A0010BD00BF00400846E0673500C0CF6A0002
S214005A1000300E4040420F00A2170020004008440D
S214005A207FB50446FCF728F81C4B06462C3358680E
S214005A300093A37922683146FFF770FE054648BBFF
S214005A40A379012B14BF164916491022C1F8382134
S214005A50206815495843FFF7AFFE03AA02A930464F
S214005A60FFF7E2FE0F4A43F6FF53C2F8A4300C4B92
S214005A700299C3F8A4104FF4EE611163039A1A63F7
S214005A802068FFF78FFF094BA2881A6203F5405380
S214005A9000229A63284604B070BD00BF003008405C
S214005AA000400846004008445030084000000840C7
S214005AB008B5044B01221A70034B1868FFF772FFF3
S214005AC0002008BDA2170020A8170020024B4FF4A4
S214005AD08062C3F894207047004008460D4BD3F808
S214005AE00421D3F8B030D2B2FF2A03D043F30743E1
S214005AF0591C01D190221923074903EBD37302EBFB
S214005B006302022381F84230232381F8432081F880
S214005B10413070470081E00F001F002140B103684C
S214005B20012B05D90069034B002808BF18467047AB
S214005B3000487047989B0000064BD86DDB69C0F3A1
S214005B40011203F01F03000C02FB0000013318448F
S214005B50704700BF0060084070B504461F480D46F9
S214005B60FFF748FA1E4BD3F8306116F400464FEAAA
S214005B70C01015D000F574431A4C1B4A2433B3FBEF
S214005B80F2F32B60194B00EB5400B0FBF4F06860A6
S214005B905B68D9020AD5002406B10334AC6070BD38
S214005BA0002CEFD1114B5B68D802F7D4104B0F498D
S214005BB01B68D1F8A820C3F3810312F4806403F1B4
S214005BC0010309D1D2B2FF2AE6D0D1F8AC205205A3
S214005BD048BF04EBC304DFE7DC00F3E740420F00F6
S214005BE00060084020A1070048E8010000000840C7
S214005BF000200840084B1A68C117A2FB000310F1EA
S214005C00807002FB013343F10003400E40EAC310EC
S214005C10803820EAE0707047B0170020174B072244
S214005C2070B5C3F88420FFF7C7FB154B154A164E10
S214005C30C408010B0546E005C01841F10001002329
S214005C4002F0C2FF114B18604EF66020FFF7D2FF3D
S214005C504042C6F89C000E48FFF7CCF9024658B101
S214005C60E301500818184FEA15714FF0000341F190
S214005C70000102F0A9FF706770BD00BF0040084039
S214005C80B2E60E0065CD1D00001F0021B0170020F3
S214005C9040420F0038B14FF47A735843A0F6AC5028
S214005CA0401AFFF7A7BF4CF25030FAE72DE9F0474D
S214005CB0064608469846FFF731FF15460746002E6B
S214005CC000F0B08018F0050F63D03469002C00F0A7
S214005CD0AB80FEF757FD4FF47A735C43201A7B685F
S214005CE0A0F6AC50C01AFFF785FFB48B6862002C94
S214005CF000F09D80FEF746FD4FF47A735C43201A51
S214005D007B68A0F6AC50C01AFFF774FFA861614B21
S214005D10F468D3F80090DFF88CA1002C00F0B08077
S214005D20FEF730FD4FF47A735C43241A7B68A4F6C2
S214005D30AC54E41A99F81130053B012B7AD8DAF8FE
S214005D400020A4F53E44EB3CE117A4FB023402FB22
S214005D50014413F1807144F10000490E41EAC0117C
S214005D608039E9614C49A2FB01219B1A64EB0104CE
S214005D7013F1807344F100045B0E43EAC413803BC6
S214005D802B62B469FEF7FEFC01462046FFF782FF51
S214005D90286318F0020F29D073684FF47A705843BE
S214005DA05BB13B6803F51C5310331844B37F002BDC
S214005DB046F2A81308BF00231844FFF71BFF7369B9
S214005DC0E862002B5FD078684FF47A7202FB03001B
S214005DD0B37FA0F50350002BA0F1100046F2A813E5
S214005DE008BF0023C01AFFF705FFA86218F0040FCB
S214005DF018D0B068002849D04FF47A735843A0F5FD
S214005E0003501038FFF7F6FE286133684FF47A70B7
S214005E10584323B13B6803F51C5310331844FFF76F
S214005E20E9FE6861BDE8F0874CF250305BE74CF263
S214005E30503069E73B68E41ADAF80020E117A2FB65
S214005E40044314F1807402FB013343F10003640E33
S214005E5044EAC314803C114BEC61114CD3F88430F7
S214005E602B622368002B8CD0484602F04BFD00289E
S214005E7087D02368D9F848002A463946984780E7ED
S214005E804CF25034D8E747F23050ACE747F2305087
S214005E90B8E700BF60130020101B0200001F00219F
S214005EA0AC170020B017002010B5044611B38B794C
S214005EB003B3052B0FD0062B0FD0032B01D10223E3
S214005EC08B718B79013B062B0CD8DFE803F00D08AD
S214005ED0080D0D2121000423F2E70723F0E7FFF762
S214005EE02BFE44B900238B7100208B7913B10B680D
S214005EF003440B6010BDB0F5803FF3D863094FF242
S214005F00244202FB00302409B0FBF4F04042ECE7E8
S214005F108A88002CE6D0B2F5005FE3D80348630910
S214005F2000FB02332409B3FBF4F0DEE720A10700F0
S214005F30E0B5074608461E461546FFF74CF87B7C3C
S214005F40053B012B06440DD80C4B4BF6EB61002DA0
S214005F5018BF19464FF4FA720A44094892FBF0F04B
S214005F603044E0BD074B084AD3F8F800FFF7D6FDEB
S214005F7001680029A8BF4FF4FA72EDE7FBD90200CA
S214005F8018FCFFFF001F00210CFEFFFF074BD3F895
S214005F90D8304FF604014FF605029BB28B4208BF7D
S214005FA01346034A01209365704700BF0081E00F47
S214005FB00050084070B5194C0FCC86B001AD0FC527
S214005FC0CC22236816482B60002103F0A7FB84220E
S214005FD00021144803F0A2FB134B144AC3F8F02028
S214005FE0FFF77CFD124B1B782BB101AD0FCD0B4E8E
S214005FF00FC62B6823600F4B0F4AC3F8DC2F0F4ADF
S214006000C3F8E02F0E4AC3F8E42F02F1957202F2AD
S2140060104952C3F8E82F06B070BD00BFC81F002164
S214006020341F0021B01E0021001F00213F00370052
S21400603058170020001000210200620609C8056EED
S2140060400704DC060A4B197801F0FF0229B100218B
S214006050197008499202C1F8A020597801F0FF0291
S21400606029B1002159709302024AC2F8A430704741
S214006070B817002000000846074BD3F8E00E074B81
S214006080D3F88C301A0103D4054B1B6E1B0401D5C4
S21400609000F58070704700BF0010002100400840E7
S2140060A00000084008B5FBF7E3FC0F4B1A78B2B9BE
S2140060B00E4A126812F4843F11D10D4A1021C2F81C
S2140060C094101B786BB9094B1B68DB0509D4084B89
S2140060D02022C3F89420BDE80840FCF74BB9054AD7
S2140060E0ECE7044BF4E700BFBC170020C8170020FD
S2140060F0004008440040084610B5FBF7B9FC0E21E6
S21400610004460320FFF7FAF9044B40F2012220462A
S2140061105A62BDE81040FCF72DB900BF00000840E9
S214006120044B00221A70044B197811B11A70FFF74D
S214006130B9BF7047BB170020BC17002008B5FBF797
S21400614097FC234B4FF08052C3F88020BFF34F8F4D
S214006150BFF36F8F4FF48072C3F88020BFF34F8F6A
S214006160BFF36F8F0222C3F88020BFF34F8FBFF3B9
S2140061706F8F1022C3F88020BFF34F8FBFF36F8F4F
S2140061802022C3F88020BFF34F8FBFF36F8F4FF0EE
S2140061900052C3F88020BFF34F8FBFF36F8F80226B
S2140061A0C3F88020BFF34F8FBFF36F8F4022C3F832
S2140061B08020BFF34F8FBFF36F8F0122C3F8842078
S2140061C0BFF34F8FBFF36F8FBDE80840FCF7D2B820
S2140061D000E100E008B5FBF74BFC0B4B4FF080529C
S2140061E01A604FF480721A6010221A6020221A6019
S2140061F04FF000521A6080221A6040221A60BDE8F2
S2140062000840FCF7B7B800BF00E100E070B5084CE6
S21400621001232370074B1E68074BD3E90053324017
S2140062201940284001F016FA0023237070BD00BF05
S214006230BA170020C0170020C81700202DE9F04725
S214006240DDF820A003EA0108099B06460D4602EA8F
S214006250000703EA0A09BAF1000F40F04D81031F58
S2140062600B4300F01381052871F1000380F0E780EE
S21400627050EA010300F06081431E0B4300F02181C9
S214006280FFF75CFFAD4AD2E9004323EA050324EAA0
S21400629006043C4343EA0807A94BDFF8F8821E6869
S2140062A026EA0A0646EA09061E60C2E90047FFF724
S2140062B0F9FEA44814F02A4FC26E14BF48F2020337
S2140062C04FF40043B50748BF43F400539E4D83EA9E
S2140062D0020122EA0302EA669C4A81660B40D36604
S2140062E0C4F380421203200348BF42F48072E106E2
S2140062F048BF42F40052A30648BF42F40072650647
S21400630048BF42F4806220069148924DD0F80C3285
S21400631048BF42F4006282EA030123EA0203C5F89A
S2140063200C328D4BC0F80812C7F340250A40AD0466
S214006330E10448BF45F48035C3F80C22A20348BFE9
S21400634045F48015A30748BF45F4800514F4001FE4
S21400635006D0D8F8000002F009FC08B945F400257C
S214006360E00248BF45F40035F9067C497C4848BF42
S21400637045F40005620248BF45F400150A6A730733
S21400638048BF45F0040585EA020323F001031A40DE
S21400639002621D40CB61734B73481D62734B744A97
S2140063A016F0010F18BF1A46836E7D0748BF42F4E9
S2140063B00012704D82EA030123EA0203AB666E4BBD
S2140063C041660A4000F500509A66C16B04F001036E
S2140063D005F5005581EA030221EA0301E9638263B9
S2140063E01A40664BDA63D8F80020200248BF644B98
S2140063F092F8E92058BF634B610748BF43F48063B7
S21400640022B114F4C06F18BF43F480735E485F4C2B
S214006410D0F8EC10320748BF43F0004383EA01028D
S21400642022F4A0221140C4F8EC101340C0F8E82073
S214006430574ABDE8F047C2F8EC30FFF7CBBEA0F5F0
S21400644080630B4306D020F48063A3F500730B43F0
S2140064507FF416AFFBF70CFB3849D1E9003223EA8C
S214006460060322EA050242EA08023B43C1E900327B
S214006470484A126892F8E9200AB313F4C06F1ED097
S214006480434B4FF48072C3F8EC2014E0FBF7F0FAAD
S2140064902A4AD2E9003123F004033B4341EA0801CB
S2140064A057EA0807C2E9003114BF394A374A4FF4A1
S2140064B08063C2F8EC30BDE8F047FBF75BBF334BB8
S2140064C0DFE7FBF7D5FA1D4AD2E9003123F00103D6
S2140064D03B4341EA0801C2E900312F4A57EA080760
S2140064E04FF0010315BF93632C4902F1C062CB63E2
S2140064F014BFD3639363DEE750EA01037FF4C0AEB4
S214006500BAF1010F7FF4BCAEFBF7B2FA0C4A13687F
S21400651023F0010343EA09031360134A4FF4806330
S214006520B9F1000F04D0536602F1C0629366C2E769
S21400653010498B665366BEE7BDE8F087C817002093
S214006540C01700200000084000000844000008466D
S21400655000600840006008440060084600400840AC
S214006560004008440040084600500840041C500004
S21400657004185000005008440050084600700846B2
S2140065800D0A0A09090A0A09001008400010084402
S2140065900010084660130020007008400070084491
S2140065A0024B5868C0F3C000704700BFC8170020F1
S2140065B0024B186800F00100704700BFC8170020A3
S2140065C0024B5868C0F3C030704700BFC8170020A1
S2140065D010B50446FEF7A2FEFFF7B0FD04F14C002E
S2140065E0FDF7D6FCFEF746FEFEF704FBFEF770FB53
S2140065F0FFF714FB1049114AD1F8F810072304F1ED
S214006600A400FFF753FB4FF440010020FEF79AFC6E
S2140066104FF400110120FEF795FCFFF7B7FC20B9F8
S21400662040F2E7221421FDF7E5FAFFF741FABDE84C
S21400663010400120FEF70CBD001F0021681F00213E
S214006640084B8022C3F8882003F17E430822C3F853
S2140066508820054AD2F8B03E23F02003C2F8B03EA8
S214006660704700BF0040084600100021F0B583B018
S2140066700646144602F0E6F8002800F09B80514BD0
S214006680DD6815F0060540F09580FBF7F1F92379F3
S2140066900095022B07463ED1237B022B35D00320E4
S2140066A0FEF746FC18B9484B5B685B047FD5A37BB6
S2140066B0257B4649A2680192003B18BF0123012DA5
S2140066C00B705DD0424A434C002313702278002A98
S2140066D061D13C4E0420FEF709FBF36E23F0F8531D
S2140066E023F4F81343F0506343F48033F3662A46EA
S2140066F0022301A90420FEF717FB002852D0364BD0
S214006700012130222170C3F894203846FBF732FE70
S214006710002003B0F0BD0320FEF70AFC002846D197
S2140067202279D6F8AC30012A226838D0D51A254B03
S2140067302A4A0095DA6600221A67627B284B002AEE
S2140067400CBF012200221A70264B264AD3F8B03E10
S2140067500CBF43F0200323F02003C2F8B03E032012
S214006760FEF7C4FA174B204ADA66227901236946F7
S2140067700320FEF7D9FAF8B11C4B01221A708BE7FA
S2140067802379022B9ED0009BD6F8AC100B44134402
S2140067900025019396E72370FFF784FC99E79A4259
S2140067A0C5D3C3E70320FEF7A1FA0C4BF3663846C1
S2140067B0FBF7E0FD0320ACE73846FBF7DBFD0120E6
S2140067C0A7E700BF0050084000400840BE17002062
S2140067D0BB170020BC17002000400846000001013F
S2140067E0BD17002000100021010C0100BF1700207B
S2140067F02DE9F3410D460746FBF73AF91B4BDFF848
S214006800788000241C70FFF71BFF194BC8F86C300B
S214006810C8F8704006466879431E5842584101F051
S214006820EDFC40F60143C8F870302A792968D7F89D
S214006830B430012A01D1994200D3CC1A04230DEBBF
S214006840030103200194FEF76FFA50B9094B882222
S2140068503046C3F88820FBF78DFD012002B0BDE866
S214006860F0813046FBF786FD0020F7E7BF170020D3
S214006870000001010040084400500840F8B5194CDB
S21400688005462078B0FA80F040F206423E214009E4
S214006890FDF7B0F955B96078B0FA80F0BDE8F84079
S2140068A040F206423E214009FDF7A4B90E4F0F4DB7
S2140068B0D7F8A0304FF44066C3F381232370C5F8A1
S2140068C0A0606078B0FA80F040F206423E214009AF
S2140068D0FDF790F9D7F8A430C3F381236370C5F8A9
S2140068E0A460F8BDB8170020000008400000084467
S2140068F0F8B50B4C0B4DD4F888300B4F0423C5F875
S2140069008830D4F888305B0300D4F8BD0426C7F876
S21400691088600220FEF790FBC5F88860F1E700BFAC
S2140069200040084000400846004008441C4B70B534
S214006930D3F888601B4D03F18063A822C3F8882033
S21400694010221A60184A194B93666B66FFF77AFB9B
S214006950174B1B7813B90320FEF7C8F900242C67E1
S214006960FFF7C6FF134A144BD2F8E01E0B40C2F8DE
S214006970E03E124B0422C3F88820114BB206C3F83F
S214006980B84008D503F580735B6CB3F5817F22BFF2
S214006990034B80229A60BDE8704001F0B7BD00BF8F
S2140069A00040084000500840005008441000000214
S2140069B0BF17002000100021DF0000FF0040084441
S2140069C0001E002110B528B971B9174B4FF4C062EC
S2140069D05A6210BD41B9154A53681B0E13F00E0FCC
S2140069E0F3D113689A06F0D4FFF786FB0F4C00200D
S2140069F0FEF750FE032801D0092806D1D4F88C30C3
S214006A00DB03F4D4636F0C2BF1D9FFF771FF084B4F
S214006A104FF400725A62074B0122DA6003F17E439C
S214006A200422C3F88820D0E70060084400400840ED
S214006A30000008400040084608B503210920FEF77C
S214006A405DFD024B20229A6008BD00BF0040084052
S214006A5038B50546FBF70CF80446FDF755FA35B190
S214006A60FFF75EFB2046BDE83840FBF783BC084BCB
S214006A701B78002BF6D0074B1D78002DF2D1FFF7C0
S214006A804FFB2A464FF480400021FFF7BFFBE9E7A3
S214006A90BB170020BA1700202DE9F84F534B0546C8
S214006AA0D3F888300E461446002A40F09C8013F037
S214006AB0A00F14BF4FF001094FF00009DFF848811E
S214006AC04B4F01F023FDA023C8F888300320FEF7C3
S214006AD00DF90420FEF70AF94FF0000AFFF720FB35
S214006AE0444BFB66C7F870A0FFF702FF424BD3F893
S214006AF0B02E42F02002C3F8B02EFF22C8F80020C5
S214006B003A4A4FF480719160D3F8E02E3B494FF03B
S214006B10040B1140C3F8E01EC8F888B0C3F8B8AE3E
S214006B20FB6813F0060F04D0FEF730FA5846FEF75F
S214006B30DDF8B9F1000F08D0314B4FF40062C3F80E
S214006B408820304B4FF400425A6665B12D4B5B6C83
S214006B50190701D4FFF7D0FAFFF76EFF0420FEF7FF
S214006B60C5F8FFF76FFA214BDA68D20736D55A68B0
S214006B7012F0706FFBD1244D244B254AC5F888309F
S214006B80536B23F0F003536316B12046FFF760FF04
S214006B900123EB6014B31B4BDA6E9A66134A136A32
S214006BA023F00103D3611B4BD3F80C22C3F8082251
S214006BB0A3F54053DA6F9A67A3F50053D3F8EC2099
S214006BC0C3F8E82003F5C043DA6B9A63A3F50053D5
S214006BD0114A5A664FF60843C5F88830BDE8F84FA4
S214006BE0002001F093BE4FF0000967E70040084020
S214006BF0005008400000010100100021DF0000FFE7
S214006C0000400846000008400040084410003000DD
S214006C10001F0021006008405000F0029A4B196ED9
S214006C20DA6E2DE9F04F01EA0209C3F8689003F521
S214006C30805385B0D3F8E060D3F8EC201640C3F854
S214006C40E86003F5A043D3F80012D3F80C2201EA5B
S214006C50020AC3F808A2A3F5005359691A6A01EAA2
S214006C6002088A4A08EA0202DA61894BD3F800224F
S214006C70910006D4D3F800319A00C3F3407740F170
S214006C80E180FAF7F5FE834BDA68DF6D12F0060F47
S214006C909A6E07EA020727F4800222F4006214BF05
S214006CA04FF0010B4FF0000B5A667B0704D57A4A6B
S214006CB0537D0133DBB25375FBF75CFBB9F1000F74
S214006CC000F0DF8019F4004427D0FAF7D1FE014621
S214006CD0FFF7D2F96F4D0446AA69AB699A42FCD019
S214006CE0AA699342FCD0FFF7C7F9A04240F0AC80F7
S214006CF00846FBF73FFB694B1C60694BD3F888508E
S214006D0015F4E05240F0A28024F07F4424F0DF0423
S214006D100CB9FFF70BFE4FF0807419F0020F4FF01E
S214006D20000516D05E4B5F49D3F8883003F4604206
S214006D30C1F88820002A00F09E801D0400F19E8085
S214006D4013F4005F0CBF4FF000534FF000631C437A
S214006D500025C9F340394FEA4909534B3340002B0D
S214006D604AD016F4206F0AD040F60502062100200D
S214006D70FCF740FF0020FFF76BFE26F48026F005A8
S214006D8006D5484BFF221A6044F4C064FFF7B4F9F6
S214006D9016F0090F0AD040F61A0208210020FCF768
S214006DA029FFFFF749FE414B01229A6216F0106F49
S214006DB00CD040F6230209210020FCF71BFFFFF74A
S214006DC03BFE002211461046FDF776F816F4202FFB
S214006DD00AD040F62B0207210020FCF70BFF00200C
S214006DE0FFF736FE26F48026F10301D5FDF7B4F949
S214006DF0002EB8BF49F0080972070DD52B4B5B6A09
S214006E0013F4005F14BF2A4A2A4A4FF400531ABFED
S214006E10536244F400045362730548BF44F004040C
S214006E2016F4802600F0AA80FDF760F901380628DF
S214006E3042D8DFE810F02E0131012E01340137016F
S214006E403A013A01BB4639E7044645E70192FFF7A7
S214006E506DFD144B019AC3F8882015F4805307D1B2
S214006E6015F4806F0CBF4FF080544FF0806454E7E9
S214006E704FF0804451E74FF0007368E74FF000434F
S214006E8065E74C464D4668E7000008400000F7FFFF
S214006E9000E100E000500840D0170020B4170020A2
S214006EA00040084000400844090B0B8900100840C9
S214006EB0001008440010084640F65C02032100203B
S214006EC0FCF798FE844A136ED2F8800003F007039E
S214006ED00633012101FA03F3C0F30C001B1A9BB220
S214006EE0072B13D97D4BD3F8883058020ED47C4834
S214006EF0136B126DC06C58B103F00703063399404C
S214006F00C2F30C03C91A89B2072901D844F40074E5
S214006F10744B1B78002B31D06F4BD3F8E03013F452
S214006F20A02F2BD1704B714A1B7893B9F90410D45B
S214006F30137873B1E3086E4943EA457383F001039F
S214006F40D1F8E01E03F001035B0021FA03F39B0770
S214006F5014D10420FDF7CAFE664B6749D966FFF7D1
S214006F60DFF8624A13782BB9644B654A1B682340E6
S214006F70134201D144F4804427F48057BAF1000F3D
S214006F801DD01AF4805F18BF44F480241AF4807F62
S214006F9018BF44F400241AF4005F18BF44F010042D
S214006FA01AF4007F18BF44F020041AF4806F18BF4C
S214006FB044F040041AF4006F18BF44F08004B8F19F
S214006FC0000F48D018F4802F18BF45F4007518F449
S214006FD0803F18BF44F4805418F4801F18BF44F450
S214006FE0003418F4800F18BF44F0020418F4003F71
S214006FF009D03A4BD3F88830580059D5414B1B6816
S214007000984704430D4318F4000F18BF45F01005C9
S21400701018F4002F1AD0364BD3F8B03E13F0C00F3A
S21400702014D02E4B5A68C2F30362032A01D0072AF3
S21400703007D1D3F88C20D10603D4D3F890201207BA
S21400704039D54FF40022DA6128F4002818F4001F1E
S21400705018BF44F48004002F00F01381380540F177
S2140070608680294ADFF88CA0D378002B52D0013BCB
S2140070704FF40061DBB2CAF86410D37033B9234B07
S2140070801B78DBB1224B40F60142DA660023002271
S2140070906BE044F4803415E744F4006412E744F4EB
S2140070A080640FE744F480740CE744F0080409E7B2
S2140070B044F48014A7E744F40014C7E7DAF8703005
S2140070C013F4A05F15BF4FF4807340F60143CAF86F
S2140070D05030CAF87030D9E7001008400040084029
S2140070E000000840BC170020BB170020BD1700207A
S2140070F0001000210050084000000101C8170020C1
S214007100088D01006000002074170020BF170020C3
S214007110005008460320FDF7E9FDDAF80C30AD48CC
S214007120AD4913F0060F02BFAC4B41F61F72DA668C
S2140071304FF40063CAF86430DAF80C3013F0060334
S21400714008BFCAF87030C38A13F4006261D023F413
S2140071500063C3820B7803F0FF0A002B5DD1FDF7B6
S21400716015FFFFF7E3FB534620221C431543B901E6
S2140071700BD52E20FDF7F6FF984A4FF00073936666
S21400718002F17C4245F008055366FA0608D52B2026
S214007190FDF7E8FF914A1023936602F17C4253669E
S2140071A017F4E00F05D1FB045FD5BBF1000F00F02C
S2140071B0B780B80210D52920FDF7D4FFFFF7F0F905
S2140071C040B18749874A884B53668B66874949682A
S2140071D0490425D445F0040517F4800BDFF804A213
S2140071E02AD00420FDF782FD2720FDF7BBFFFFF71E
S2140071F09DFB4FF48003CAF864307D4BD3F8E02E35
S214007200520600F186807B4B02221A6045F002058A
S21400721028E00B784FF40053A7E74FF4004336E717
S2140072206E4920208B665366FDF79CFF2D2045F0A7
S2140072300C05FDF797FFCFE7F80255D50420FDF7BC
S21400724055FD2820FDF78EFFDAF87030002B48D168
S214007250FFF76CFB614A644B936602F17C4245F093
S214007260010553665F4B00221A657A0509D5624A06
S2140072709378002B00F0A280013B9370002349EA2C
S21400728003095B4BD3F8B03E1B0603D520462946C0
S21400729001F044FB4A4620462946FEF7B7FF0EB1EA
S2140072A0FCF74CFF18F4002F00F08D804F4B4FF486
S2140072B00022DA6118F0206F00F0898018F0007F55
S2140072C001D0FDF731FA18F0006F01D0FDF748FA4B
S2140072D0002200204FF4006105B0BDE8F04FFEF735
S2140072E095BFCAF870B0B5E7F904BBD50420FDF722
S2140072F0FDFC424BCAF86C30FDF748FEDAF85C300D
S21400730013F4A00FAED12A20FDF72CFFFFF70EFBDB
S21400731073E7D3F8B03E98063FF578AF384B73E77F
S214007320354A13794BB1013BDBB2137113B92C4BC1
S214007330344ADA6600231C4397E70420FDF7D6FCA0
S2140073400320FDF7D3FC274B2C4ADA66FAF790FBAE
S21400735082460DF10F00FEF79DF92B4B1B788346F6
S2140073600BB1FEF7C9FEBBF1030F0ED1DFF87CB000
S2140073700020FEF78FF9032807D1DBF88C30D903FD
S214007380F6D4DBF874300C2BF2D99DF80F30032BB3
S21400739006D11E4B012250461A70FAF7EBFFC9E7DA
S2140073A01B4BD3F8E03013F4A02FF2D1FEF7B8FE53
S2140073B05046FAF7DFFF4FF48043BCE70220FDF7A4
S2140073C095FC01235BE7B8F1000F7FF473AF05B0BF
S2140073D0BDE8F08FD0170020BF17002000500844EB
S2140073E000500846005008401000000200400840C8
S2140073F0001000210040084474170020000001011E
S214007400004008460000010DBE170020BB170020F4
S21400741000100840FFF702BCFFF700BCFFF7FEBBFA
S214007420FFF7FCBB0B4B10B55C691A6A1440A2B29E
S214007430DA61E20704D55868C0F30360FAF78FFBF9
S214007440630706D5BDE81040042200200021FEF7A1
S214007450DDBE10BD00400840FFF7E0BB0C4A08B593
S214007460136BD16B0B409363DB070FD5094B187872
S2140074704FF42A62122100F00100FCF7BBFBBDE8C6
S2140074800840002201200021FEF7C0BE08BD00BF54
S21400749000700840C8170020044BDA6FD207FCD4EF
S2140074A01A6FD96F0A409A67704700BF00300840CD
S2140074B070B50D461446FAF7DBFA064BD3F8B06EF5
S2140074C074402C407440C3F8B04EFAF753FF06EAF7
S2140074D0050070BD00100021034BD3F8B03E994361
S2140074E00CBF012000207047001000217047436B3E
S2140074F003F06003402B0DD0602B03D0203B584296
S2140075005841704749B10B68012B06D9486940F0CD
S2140075100100704740F201107047002070470000DD
S21400752009490A4AD1F8EC0010B504230124C2F830
S214007530EC308C624FF400515162410744BF02F1B7
S2140075400072C2F8EC3010BD00100840001008446D
S21400755037B5204D0C4641B90A460721FFF7A8FF6C
S2140075601D4BEC625C6003B030BD07221146FFF78E
S2140075709FFF1A4B07225A60237985F82C306379CF
S2140075800193012101A801F00DFB019BC2B2D3407B
S21400759000F00F0040EA031085F82D00A27985F868
S2140075A02E20E27985F82F202068286383B1028890
S2140075B001218B4205D82379013B1344084A936185
S2140075C0D1E730F81150AA4228BF2A460131F0E729
S2140075D01A46F0E7001F00212C1F00210000084477
S2140075E000000840431C07D0044B6FF0FF029A616E
S2140075F003F1007310409861704700BF00700844A4
S214007600034670B10268022A0BD9426A12F47F4F11
S214007610C2F3072006D01B6AD2B25A43B2FBF0F080
S214007620704700207047000000F01803182B0AD09F
S21400763003070AD410F0100040F2011318BF1846D2
S214007640034B986470470020FAE70120F8E700BF74
S214007650001F0021344B2DE9F7431E6801F4007922
S21400766000F00103174653EA090205460C462ED0E1
S2140076704FF0000803B30023002201200021CDE9CB
S2140076800088FEF7DBFD41463046FDF799FF414690
S21400769070830120FCF72CF8716B06F1A400FEF74E
S2140076A00DF822490868FFF79DFF4FF0FF330B6087
S2140076B0337C43F004033374B9F1000F07D0012183
S2140076C03046FCF749FA24F4007405430C43D6E927
S2140076D03E232A40234052EA030103D01449304691
S2140076E009688847FB070FD51249134A08681368CC
S2140076F000211160114A0121117003B19847104B07
S21400770000215B680220984717F00E0F08D040F261
S214007710F3123B21002003B0BDE8F043FCF76ABA41
S21400772003B0BDE8F08300BF6013002058000020BF
S2140077305C000020F8170020FC170020001800202E
S21400774028000020F7B50446D4E93EC71046DDE918
S21400775008268CEA020587EA06010540194085EAF4
S2140077600C057940C4E93E5123F4004106EA0103C2
S21400777020F00100002543F40073024043F00203AA
S214007780CDE90055FEF75AFD237C9A0717D5D4F8A5
S214007790FC309B0513D54FF488112046FCF7DCF926
S2140077A0237C65F341032374D4E93E2302400B4057
S2140077B052EA030103D0034920460968884700209F
S2140077C003B0F0BD5C00002038B10368044A002B0B
S2140077D008BF1346034A13607047014BFAE700BF21
S2140077E0ED7400005C000020024B586B00F00F00A8
S2140077F0704700BF001F00210F2938B505460C460C
S2140078000ED801F027F801280CD1074A536B23F055
S2140078100F0323435363284601F088F8002038BD41
S2140078200120FCE70220FAE7001F0021014B986BBD
S214007830704700BF001F0021014B0020996370476E
S214007840001F002103282DE9F7434CD8274B13F8D7
S2140078500080274B1E5C274B13F80090FAF708F9B8
S2140078600746FEF7A5FE054640B10023CDE90033E6
S2140078700022002301200021FEF7E0FCFEF7A0FE18
S21400788048B10023CDE900330022002300204FF446
S2140078900041FEF7D3FC26B3174B5C6C04F00804DB
S2140078A0164B31465C644046FFF78CF84A46314634
S2140078B04046FFF7F1F8124B5C6465B1114B18684F
S2140078C0416BA430FDF7FAFE0F490868FFF78AFE01
S2140078D04FF0FF330B60384603B0BDE8F043FAF7CD
S2140078E049BD3446DCE703B0BDE8F083A89B000042
S2140078F0A49B0000A09B0000000008400000084475
S214007900000008466013002058000020104AD2F8F5
S214007910883013F0A00F16D1D2F88C0010F00400B7
S21400792013D10C4BD3F8E03E23F07F4323F0FF0344
S2140079305BB15368C3F30362092A07D0B2F10C00A7
S21400794018BF01207047002070470120704700BF15
S214007950004008400010002170B50D46064620B9CC
S214007960194B1B68A3B1032011E000F073FF012838
S21400797028D1164B93F90040C4F11C04641BC4F1D3
S2140079801C03002BB8BF5B42232B0CDD012070BD0F
S21400799081EAE173A3EBE173DBB2232BF6D80B4B42
S2140079A019700020F3E7B574FAF762F8084A5369CD
S2140079B0E40223F4FF2304F4FF241C435461FAF783
S2140079C0D9FCEEE70220E2E760130020F017002063
S2140079D00070084090F8C23053B9074BDA6992023B
S2140079E008D49B6F13F4706F14BF012000207047FB
S2140079F0002070470120704700600840F8B5436BD0
S214007A0002EA010523EA01032B434363344A01F0EB
S214007A100B030C4623EA0501516402F100722B4069
S214007A2061070646536411D50121FFF7D3FF68B1FD
S214007A30FEF75EFF15F0040F14BF2A4A2A4A4FF4D9
S214007A400073D361294B0422C3F88820E20606D5CA
S214007A5015F0100F264B14BF00221B22DA642306F3
S214007A601DD52F0616D51F4B4FF400129A6103F151
S214007A707E430122C3F8F820F9F7FAFF0E210746E5
S214007A800320FDF73BFD1A4B40F201225A623846AE
S214007A90FAF770FC294606F1A400FDF70FFEE00594
S214007AA003D5E90516D5FDF7F3FCA20503D5AB050E
S214007AB013D5FDF7FDFC14F0600F09D0D6F894102E
S214007AC03046FFF714FD0B4B58640B4B80229A6030
S214007AD00020F8BDFDF7D4FCE7E7FDF7E1FCEAE798
S214007AE0000008440060084600600844004008445F
S214007AF000000840001F002100400840014B986924
S214007B00FDF70EBD00600840D0F894304BB11A68FF
S214007B10022A06D993F8250028B11B6AB3FBF0F0B9
S214007B207047FBF7F7BD7047014B9869FDF722BD1C
S214007B300060084008B50146D0F89400FFF760FDE5
S214007B4020B9BDE808400846FBF7E6BD08BD0000C2
S214007B50437C5A1F012A01D9082B05D14B7C2BB137
S214007B60012B05D0022B05D0FFF7E4BF0248704773
S214007B70024870470248704720A1070048E8010005
S214007B8040420F0070B50E46F9F772FF054600F04A
S214007B9085FE044620B12846FAF7ECFB204670BD69
S214007BA0FEF7A6FE114B3278D3F8E03E022A23F009
S214007BB0F00316D0101F42424241520043EA02131D
S214007BC07278022A0FD0111F4A424A41520043EAF5
S214007BD08213064AC2F8E03E054B0422C3F888200A
S214007BE0D9E70122EAE70122F1E700BF00100021F1
S214007BF00040084470B50E46F9F73AFF054600F017
S214007C0065FE044620B12846FAF7B4FB204670BD50
S214007C10FEF76EFE104B3278D3F8E03E022A23F0D1
S214007C200F0315D0101F4242424152001343727890
S214007C30022A0FD0111F4A424A41520043EA8203E9
S214007C40054AC2F8E03E054B0422C3F88820DAE76E
S214007C500122EBE70122F1E7001000210040084472
S214007C60F8B50E7890F8D070044630460D46FCF70E
S214007C7087FB002844D094F8D030B34208D1AA88B5
S214007C80636C9A4204D16A88B4F8D2309A4235D0EE
S214007C9084F8D060AB88A4F8D4306B88A4F8D230CF
S214007CA0AB886364FF2363753046FCF727FC04F15A
S214007CB0D00520752846FCF7A9FE10BB2846FCF721
S214007CC055FBF0B9D4F8903053B194F8D010B942BF
S214007CD006D0B3F912202046F9F742FF84F8D900FF
S214007CE02046FCF76DFD0949A4F8D400084AD1F8EF
S214007CF0F810012304F1A400FDF7D8FF0020F8BD1A
S214007D0001200E2384F8D030F9E700BF001F0021C1
S214007D10681F002170B5054690F8D0000E280C4666
S214007D201DD0FF291DD01AB10F4B4FF0FF321A603D
S214007D30FCF7E4FB064695F8D000FCF7CBFB844244
S214007D4028BF0446E4B2B44238BF3446E0B2687591
S214007D50FCF77EFCA0F1FF035842584170BD02209C
S214007D60FCE70120FAE700BF3400002010B590F8C9
S214007D70D0300E2B04462BD00175D0F8900020B3DF
S214007D80D4F8A0304BB994F8D9308B420BD32046A8
S214007D900022BDE81040FFF7BDBFB4F92420B0F9BB
S214007DA012309A42F3DD94F8D91000222046FFF7ED
S214007DB0B1FF60B9C4F890002046FBF754FE0146B8
S214007DC02046BDE81040FBF7EDBDFF23637510BDF0
S214007DD00220FCE70346D0F8D0000860B3F8D430A1
S214007DE08B80002070470000C36B012B01D1002060
S214007DF0704770B5364BD0F89060D3F8F830C0F8BE
S214007E00943086B03146058B0446FDF7A7FDB3894E
S214007E108DF80600D6E90121EB1A9BB201FB03227E
S214007E2068460021ADF804300092FDF7F9FD38B938
S214007E30284B228BDA63FCF7B7FD20B106B070BD85
S214007E40022006B070BD227C60F341022274FDF76A
S214007E50A5F9D4F890305969431EDBB2096802913F
S214007E60FD2B02460BD9CD1C09D91B4B01311B68D3
S214007E700CD0D81C07D802A92046029301E002A91C
S214007E802046FCF743FA002006B070BDD91C04D883
S214007E9002A920460293FCF739FAD4F8FC309B0579
S214007EA004D4237C43F002032374ECE74FF48031C0
S214007EB02046FBF751FED4E93E2302400B4052EA2F
S214007EC00301E0D00549204609688847DBE700BF84
S214007ED0001F002100300840440000205C00002005
S214007EE04FF48071FFF7F8BA38B590F8DC400546D5
S214007EF0ACB1F9F7BDFD0A4B1F22DA61013C03F174
S214007F0000731440DC6103F17A43D5F8E0201A666A
S214007F10D5F8E4205A66BDE83840FAF72BBA38BDE3
S214007F20006008442DE9F74F06461546084619B97D
S214007F30012003B0BDE8F08F002AF9D0032904D849
S214007F400021FCF71DF90028F2D082780488037916
S214007F5090F805B0C788B0F90000002802F00701C5
S214007F60C0F2D280A1F1070CDCF1000040EB0C005F
S214007F70052928738CBFC2F300100020C2F3801CB2
S214007F806873900985F810C000F00200C2F3C00CB8
S214007F9040EA0C00C2F340126874AA74AF820BB9B0
S214007FA096F8CA30013BDBB2EB74736BD80600F16F
S214007FB097800639012900F29380544BDB6C544BB2
S214007FC05A6B1B6B03F0070306334FF0010909FADF
S214007FD003F909F1FF39083C42F0005804EA0904A5
S214007FE0002318F804A0AB60013404EA0904631DFA
S214007FF003EA09035A1C02EA090218F8037018F883
S2140080000220BAF1800F47EA0227727C18BFAAF155
S214008010320A3BB214BF4FFA8AFA6FF07F0AC7F3F0
S2140080200B079AB30020D6F89C300BB15146984700
S214008030631C03EA0903E87385F80EA018F803101A
S214008040013303EA090318F80320013303EA09039E
S21400805041EA022118F80320013303EA090341EA42
S214008060024118F803006A7C002341EA00613046AA
S214008070FDF75EFF2860737C042B03D1042FDCBF62
S214008080033028600423AB71002052E7D90423D5BF
S214008090D6F894309BB11A68022A10D993F82400B7
S2140080A0FB0008B1B3FBF0F39B45BBD8002BB9D05F
S2140080B0CBEB0B20B0FBF3F0C043C0B2B3E72946CE
S2140080C03046FFF745FD01903046FFF71DFD019B4A
S2140080D0B3FBF0F0C0B2E3E718F804004000ECE7AA
S2140080E00023EB730B4BDA68C2F30723120448BF76
S2140080F063F0FF035AB212F1800F1CBF323B5AB234
S2140081000023AA732B60BEE7022012E70000084097
S2140081100010084000700840F8B5977906461446E7
S214008120FFF700FF054648B9A3793BB12146A77182
S2140081303046FFF70DFD2146FDF7B6FE2846F8BD92
S2140081403F2B084610B5114619D9B3FA83F3C3F18D
S2140081501902D2B2062A01D8192B0ED0062A28BF39
S2140081600622931DDBB201249C40A4B2A14228BF84
S2140081702146FBF7F9FD204610BD0022F1E700245A
S214008180F9E713883F2B10B5084616D9B3FA83F3E0
S214008190C3F11901C9B2062901D8192B0BD006293B
S2140081A028BF06218C1DE4B20123A3401380FBF7F1
S2140081B0F9FD002010BD0021F4E70120FAE7FFF7E3
S2140081C0AFB9000070B50A4B0A4DD3F8EC604FF417
S2140081D08064C5F8EC400020FEF73AFC4FF40053EC
S2140081E06B65730544BF044BC3F8EC4070BD00BF1D
S2140081F0001008400010084400100846082318B174
S214008200024AC2F888307047014AFAE7004008463A
S2140082100040084410B5084614460121FDF7DAF878
S21400822020460121BDE81040FDF7D4B8F8B5044655
S2140082300E4611B9037C5A065FD4464BA18BD3F881
S2140082408420D4F8947012F4E05F04BF2022C3F8B0
S21400825010224FF6FF73994260D03F4B1B68002BED
S2140082605CD03E4D20469847D4F894102A688A423F
S21400827007D02046FFF73BF9394B5864394B80202E
S214008280986097424FD0384B1B684BB11FB13A6885
S214008290002A58D0BF68394620469847D4F894102C
S2140082A00846FFF7ADF9002849D03049FDF754FCE1
S2140082B007272046FCF784FA002E36D02C4B94F97C
S2140082C0122093F900302B49D4F89400C3F11C0314
S2140082D09B1A4A69DB0222F4FF2203F4FF231343AE
S2140082E0254A4B61254B286006211167204601224E
S2140082F01A7000F01BFB0020F8BD61F38613154AC8
S2140083000374D2F88430D0F894704FF6FF7113F4EB
S214008310E05F818302D12023C2F810320F4D2A6815
S214008320BA423946A5D10127C3E70D4B0F4AD3F809
S214008330F81004F1A4003B46FDF7B8FCBEE7204663
S214008340FBF7EAF9B1E71746394620469847D4F8CE
S2140083509410A5E700600840F4170020E8170020F6
S214008360001F002100400840EC170020681F002175
S214008370F01700200070084000000844F1170020A5
S21400838002484822002101F0C9B900BFE41E0021BE
S214008390002373B583746423C0E92C33C0E92E33FD
S2140083A04FF0FF35C0F8AC30A0F8C0300E264FF6C0
S2140083B0FF73C0E9075580F8D060456485828375F1
S2140083C004461120F9F770FF042834D11B4B5B6874
S2140083D013F4403F2FD12046FEF7FAF82046FFF769
S2140083E0CFFF94F912102046FFF7B6FA144A60231E
S2140083F0536402F5805240F6FF7151625165114A8E
S2140084005364114B4022C3F88820626B29462046ED
S214008410FFF7F4FA002240F2022310461946CDE98F
S2140084200066FDF70BFFFCF73FF8204602B0BDE8FC
S2140084307040FBF7A7BB022002B070BD00300E40B4
S21400844000000840000008460040084470B50C686C
S214008450B0F8D4208D680346013404BFD3F8AC408E
S2140084600C604C68013404BFD3F8B8404C606E1CF6
S21400847000F1A40038D1D3F8B440CE688C60751CE7
S21400848038D1D3F8B0500E69CD60013604BFD3F8AA
S214008490A4600E614E69013604BFD3F8A8604E6131
S2140084A08E69013604BFD3F8BC608E618E693EB318
S2140084B04132B24238BF32460E688A61C3F8B440D1
S2140084C04C68C3E92E420A69C3F8A4204A690D49DC
S2140084D0C3F8A820C3E92B650B4AD1F8F810072388
S2140084E0FDF7E4FB002070BD02F14104AC4238BF4A
S2140084F02C46C2E702F16405B54238BF3546C2E7EE
S2140085006422D9E7001F0021681F002138B5F9F75B
S214008510AFFA0B4A13884FF6FF718B4203D1F9F777
S21400852029FF032038BD074C074DE56504F10074AC
S2140085301B04E3651180F9F71DFF0020F2E700BF7A
S21400854054000020006008440000FFFF2DE9F341BE
S21400855005460F461646FFF7D9F9A0B1DFF8548254
S214008560D8F80C30DB0704D40324204602B0BDE85C
S214008570F081F9F77DFA04460320FCF7D9FC20B118
S2140085802046F9F7F7FE0224EFE7D8F80C3013F090
S214008590060FF5D12046F9F7EDFE7A4B4FF4006151
S2140085A02846D3F8E08ED3F8B84EFEF795FF40B1D4
S2140085B0754B4FF400720121C3F888200846FBF77C
S2140085C097F839462846FBF7EDF96E4BC3F8B84ED8
S2140085D0C3F8E08E04460028C7D12B7CDF0601D402
S2140085E0002E58D0C6F34000FEF748F916F4807FF8
S2140085F014BF664A644A4FF002031BBFC2F88830B5
S214008600634AC2F8883000211CBFD1609362FEF72F
S2140086106FF916F0040F14BF5E4A5F4A4FF480638A
S214008620D361594B042216F0400FC3F8882014BFBC
S2140086305A4A5B4A40233046C2F88030FEF7F4FFC1
S2140086402846FFF74DFC40B116F0010F14BF4F4A05
S2140086504D4A4FF48073C2F88830B00642D56B8C12
S2140086604FF6FF7293420FD04E4A4F49D26D100C10
S214008670C2F30112088001324749B3FBF2F3454AC0
S2140086804A48C8651B04D3652B7C003E18BF0126EC
S21400869066F304132B74284600F034F9C0B328465A
S2140086A0FFF71EFCD0B14FF400312846FEF714FF4A
S2140086B0431C9BB20322364801A9FBF7D9FB9DF861
S2140086C0042002F00703052B9DF8053013D111078F
S2140086D00BD443F48073364AC2F8C0300020FBF750
S2140086E02CFE42E7FFF712FFCEE713F0040F09D186
S2140086F09DF80630EDE703F03002202A05D113F08E
S214008700010FF4E74FF48073E5E79DF80630E2E7E3
S214008710284600F028FA0028E0D02846FFF7E0FBBD
S2140087200028DBD0EB7CA3F10C02012A16D82B8B99
S214008730032B19D01E4B93F8C93003F00703072B01
S21400874016D013480621FBF79CFB421C3FF40CAFE7
S21400875000F00F00164B83F8C800BFE70F2BE6D0DB
S214008760102BE4D00E2B01D1092102E0112BE0E7FB
S21400877008210748FBF785FB431C3FF4F5AEC0B263
S214008780E8E700BF0010002100400844004008460B
S2140087900010084000600846006008440070084664
S2140087A00070084400600840540000200000FFFFEE
S2140087B0001E00210050084038B504461D46FFF74D
S2140087C0C5FE28B929462046BDE83840FEF710B851
S2140087D038BD7047054BD3F8880003F180634FF42B
S2140087E00022C3F88820C0F3C0407047004008400D
S2140087F0014B024A1A607047EC17002051750000C2
S21400880038B50446817515464AB100F0ACF908B98A
S214008810002016E0237C43F080032374F8E7084624
S214008820FCF76CF9FF28A07508D0204600F09BF9ED
S2140088300028EDD0237C65F3C713EEE7FCF7B4F908
S214008840012038BD024BD86800F00100704700BF19
S214008850005008400F4B5B68C3F30363013B0B2BD0
S2140088600FD8DFE803F006060C06060606080A0818
S2140088700808022070470420704705207047032030
S2140088807047054BDB6813F0060F0CBF0120042071
S214008890704700BF00400840005008400A4A53682E
S2140088A0C3F303630B2B08D06FF49050184100F00D
S2140088B0010080F0010040007047D2F8880010F4F4
S2140088C08030ECD1704700BF004008400C4A536827
S2140088D0C3F30363062B07D8042BD8B20CD8C31EE9
S2140088E05842584140007047072B07D1D2F8440140
S2140088F010F00050EBD17047022070470020704700
S214008900004008408021FEF7E7BD0000024B1B68D0
S21400891003B11847704700BF08180020024B1B68B9
S21400892003B11847704700BF0418002038B5054645
S214008930FEF77CFF04462846FEF756FF072811D1AF
S214008940D5F89030DB6924F47F4121F0080103B1AB
S2140089505B7841EA032141F020012846BDE8384013
S214008960FEF76ABF24F02001F7E7000070B5174C49
S214008970174D0F2311F0010FE365164B19D04AB9B6
S2140089800122DA65C4F8FC50026CC2F31302C3F885
S214008990FC2070BD0222DA65C4F8FC50026CC2F3FB
S2140089A01302C3F8FC200C4BC1640222C3F8B820A3
S2140089B0EFE70226DE65C4F8FC50046CC4F313042B
S2140089C0C3F8FC40002AE4D0EDE700BF006008448E
S2140089D0FFFF0F00006008460010084013B5437CF8
S2140089E0033BDBB2072B96BF104A0021D15C04463E
S2140089F0FEF722FF0120FCF7C3FB0D4B4FF4F0629D
S214008A005A6403F100734FF400725A64637C053BAA
S214008A10012B08D8074B04211B6E019301220DEB96
S214008A200100FBF749FA02B010BD00BFAC9B000086
S214008A300000084400600840012310B580F8C230EA
S214008A402823C0F8A83004234374054B044619684D
S214008A50FAF7D4FF2046FFF7C1FF002010BD00BF85
S214008A602CBA0000012310B580F8C2302823C0F8C5
S214008A70A83002234374054B04461968FAF7BEFF74
S214008A802046FFF7ABFF002010BD00BF30BA000045
S214008A9010B50446FFF7E6FF2046BDE81040FFF796
S214008AA09DBFD0F8E0308B4270B504460D461646A2
S214008AB003D190F8DC30202B1AD0EA071FD5002E01
S214008AC014BFAA23552393FAA3F31B0B03F47023B6
S214008AD095FAA5F243EA12432364202384F8DC3097
S214008AE00023C4F8E050C4F8E4302046FFF7FCF951
S214008AF0324629462046BDE87040FFF737BFAA2316
S214008B00E1E7000030B5134D134C07236B63134B9E
S214008B1069B1442140F04000D962186301236363C1
S214008B204FF4804392B1C4F8A0300A4A07E0D962F5
S214008B30094A19634FF480436163C4F8A030C2F851
S214008B40A430C2F8A830C2F8AC3030BDC5F8A030AA
S214008B50EBE700BF0000084400000846000008409D
S214008B600020002170474021FEF7B6BC0020704769
S214008B70024B99685A690A401A61704700400440DF
S214008B8008B5FFF7F5FF054B5B7B01330122DBB22F
S214008B9002FA03F3024A136108BD00BFD017002093
S214008BA00040044000228A4202D14FF0FF30704756
S214008BB050F8223093FAA3F30BB90132F3E7B3FA75
S214008BC083F000EB4210704753B94AB9002908BF3A
S214008BD000281CBF4FF0FF314FF0FF3000F06AB99D
S214008BE0ADF1080C6DE904CE00F006F8DDF804E0FF
S214008BF0DDE9022304B070472DE9F047089D0C46D6
S214008C00002B4ED194468C458646B2FA82F262D943
S214008C104AB1C2F12003914020FA03F30CFA02FC99
S214008C20194300FA02FE4FEA1C471FFA8CF6B1FB06
S214008C30F7F44FEA1E4307FB141143EA014304FB13
S214008C4006F199420AD91CEB030304F1FF3080F0C9
S214008C501381994240F21081023C6344591A1FFA6C
S214008C608EF3B1FBF7F007FB101143EA014300FB5C
S214008C7006F69E420AD91CEB030300F1FF3180F092
S214008C80FD809E4240F2FA80634402389B1B40EA15
S214008C90044000211DB1D3400022C5E90032BDE8E2
S214008CA0F0878B4205D90DB1C5E9000100210846C1
S214008CB0F5E7B3FA83F1002946D1A34202D39042E6
S214008CC0C0F0F180861A64EB03030120002DE6D085
S214008CD0C5E90063E3E7002A40F09180A1EB0C04AD
S214008CE04FEA1C481FFA8CF70121B4FBF8F64FEA4E
S214008CF01E4308FB164443EA044307FB06F098426B
S214008D0008D91CEB030306F1FF3402D2984200F2A6
S214008D10CE8026461C1A1FFA8EF3B4FBF8F008FB2A
S214008D20104443EA044300FB07F79F4208D91CEBB4
S214008D30030300F1FF3402D29F4200F2B1802046C6
S214008D40DB1B40EA0640A5E7C1F120068B4022FA6D
S214008D5006F71F4320FA06FC04FA01F343EA0C0365
S214008D60F44000FA01F8380C4FEA1349B4FBF0FE61
S214008D701FFA87FC00FB1E4449EA04440EFB0CF96C
S214008D80A14502FA01F20AD93C190EF1FF3A80F029
S214008D908580A14540F28280AEF1020E3C44A4EBF1
S214008DA009041FFA83F9B4FBF0F300FB134449EA05
S214008DB0044403FB0CFCA44507D93C1903F1FF301F
S214008DC068D2A44566D9023B3C4443EA0E40A0FB69
S214008DD00293A4EB0C049C42CE469C4652D34FD042
S214008DE055B1B8EB0E0364EB0C0404FA06F6CB4060
S214008DF0CC401E43C5E900640021BDE8F087C2F1FF
S214008E00200320FA03F10CFA02FC24FA03F3944040
S214008E100C434FEA1C4800FA02FE1FFA8CF7B3FB1D
S214008E20F8F008FB1031230C43EA014300FB07F17E
S214008E30994208D91CEB030300F1FF362CD2994265
S214008E402AD9023863445B1AA4B2B3FBF8F108FBD4
S214008E50113344EA034401FB07F3A34208D91CEB91
S214008E60040401F1FF3613D2A34211D90239644437
S214008E70E41A41EA004138E70446EFE6084605E70B
S214008E80C845ADD2B9EB020E63EB070C0138A7E775
S214008E903146EDE7034698E73046D4E7D6467EE708
S214008EA0634402384CE70646234608460EE7023E71
S214008EB063442FE7704700BF81F0004102E000BF27
S214008EC083F0004330B54FEA41044FEA430594EA85
S214008ED0050F08BF90EA020F1FBF54EA000C55EAC0
S214008EE0020C7FEA645C7FEA655C00F0E2804FEA91
S214008EF05454D4EB5555B8BF6D420CDD2C4480EA73
S214008F00020281EA030382EA000083EA010180EAA2
S214008F10020281EA0303362D88BF30BD11F0004FF0
S214008F204FEA01314FF4801C4CEA113102D0404226
S214008F3061EB410113F0004F4FEA03334CEA133361
S214008F4002D0524263EB430394EA050F00F0A78079
S214008F50A4F10104D5F1200E0DDB02FA0EFC22FA74
S214008F6005F2801841F1000103FA0EF2801843FA68
S214008F7005F359410EE0A5F120050EF1200E012A59
S214008F8003FA0EFC28BF4CF0020C43FA05F3C01897
S214008F9051EBE37101F0004507D54FF0000EDCF110
S214008FA0000C7EEB00006EEB0101B1F5801F1BD3B9
S214008FB0B1F5001F0CD349085FEA30004FEA3C0CBD
S214008FC004F101044FEA445212F5800F80F09A80B3
S214008FD0BCF1004F08BF5FEA500C50F1000041EBB7
S214008FE0045141EA050130BD5FEA4C0C404141EBBB
S214008FF00101013C28BFB1F5801FE9D291F0000FB6
S21400900004BF01460020B1FA81F308BF2033A3F164
S2140090100B03B3F120020CDA0C3208DD02F1140C5B
S214009020C2F10C0201FA0CF021FA02F10CE002F196
S2140090301402D8BFC2F1200C01FA02F120FA0CFC8F
S214009040DCBF41EA0C019040E41AA2BF01EB0451D8
S214009050294330BD6FEA04041F3C1CDA0C340EDCD6
S21400906004F11404C4F1200220FA04F001FA02F319
S21400907040EA030021FA04F345EA030130BDC4F1D7
S2140090800C04C4F1200220FA02F001FA04F340EACC
S2140090900300294630BD21FA04F0294630BD94F07D
S2140090A0000F83F4801306BF81F480110134013D64
S2140090B04EE77FEA645C18BF7FEA655C29D094EAD5
S2140090C0050F08BF90EA020F05D054EA000C04BF53
S2140090D01946104630BD91EA030F1EBF002100203E
S2140090E030BD5FEA545C05D14000494128BF41F0DD
S2140090F0004130BD14F580043CBF01F5801130BD41
S21400910001F0004545F0FE4141F470014FF00000CB
S21400911030BD7FEA645C1ABF194610467FEA655C7C
S2140091201CBF0B46024650EA013406BF52EA03351E
S21400913091EA030F41F4002130BD00BF90F0000F0C
S21400914004BF0021704730B54FF4806404F1320448
S2140091504FF000054FF0000150E700BF90F0000F01
S21400916004BF0021704730B54FF4806404F1320428
S21400917010F0004548BF40424FF000013EE700BFF8
S21400918042004FEAE2014FEA31014FEA02701FBF88
S21400919012F07F4393F07F4F81F06051704732F0BA
S2140091A07F4208BF704793F07F4F04BF41F4002111
S2140091B0704730B54FF4607401F0004521F000416F
S2140091C01CE700BF50EA010208BF704730B54FF0F9
S2140091D000050AE050EA010208BF704730B511F0FA
S2140091E0004502D5404261EB41014FF4806404F132
S2140091F032045FEA915C3FF4D8AE4FF003025FEAB8
S214009200DC0C18BF03325FEADC0C18BF033202EB3B
S214009210DC02C2F1200300FA03FC20FA02F001FA95
S21400922003FE40EA0E0021FA02F11444BDE600BF38
S21400923070B54FF0FF0C4CF4E06C1CEA11541DBFE7
S2140092401CEA135594EA0C0F95EA0C0F00F0DEF8B2
S2140092502C4481EA030621EA4C5123EA4C5350EA97
S214009260013518BF52EA033541F4801143F48013E8
S21400927038D0A0FB02CE4FF00005E1FB02E506F079
S2140092800042E0FB03E54FF00006E1FB03569CF0CE
S214009290000F18BF4EF0010EA4F1FF04B6F5007FD4
S2140092A064F5407404D25FEA4E0E6D4146EB060646
S2140092B042EAC62141EA55514FEAC52040EA5E50CF
S2140092C04FEACE2EB4F1FD0C88BFBCF5E06F1ED879
S2140092D0BEF1004F08BF5FEA500E50F1000041EBB0
S2140092E0045170BD06F0004646EA010140EA02005D
S2140092F081EA0301B4EB5C04C2BFD4EB0C0541EA7F
S214009300045170BD41F480114FF0000E013C00F393
S214009310AB8014F1360FDEBF002001F0004170BDB7
S214009320C4F10004203C35DA0C341BDC04F11404D0
S214009330C4F1200500FA05F320FA04F001FA05F25C
S21400934040EA020001F0004221F0004110EBD37029
S21400935021FA04F642EB06015EEA430E08BF20EA55
S214009360D37070BDC4F10C04C4F1200500FA04F3F8
S21400937020FA05F001FA04F240EA020001F000418A
S21400938010EBD37041F100015EEA430E08BF20EAFD
S214009390D37070BDC4F1200500FA05F24EEA020E45
S2140093A020FA04F301FA05F243EA020321FA04F074
S2140093B001F0004121FA04F220EA020000EBD3702B
S2140093C05EEA430E08BF20EAD37070BD94F0000F2B
S2140093D00FD101F00046400041EB010111F4801F5F
S2140093E008BF013CF7D041EA060195F0000F18BF10
S2140093F0704703F00046520043EB030313F4801F4C
S21400940008BF013DF7D043EA0603704794EA0C0F05
S2140094100CEA135518BF95EA0C0F0CD050EA41061B
S21400942018BF52EA4306D1D181EA030101F0004198
S2140094304FF0000070BD50EA410606BF10461946C0
S21400944052EA430619D094EA0C0F02D150EA0136CC
S21400945013D195EA0C0F05D152EA03361CBF10460D
S21400946019460AD181EA030101F0004141F0FE41AC
S21400947041F470014FF0000070BD41F0FE4141F430
S214009480780170BD70B54FF0FF0C4CF4E06C1CEA30
S21400949011541DBF1CEA135594EA0C0F95EA0C0FE5
S2140094A000F0A7F8A4EB050481EA030E52EA0335A0
S2140094B04FEA013100F088804FEA03334FF08055C1
S2140094C045EA131343EA12634FEA022245EA1115EE
S2140094D045EA10654FEA00260EF000419D4208BF9F
S2140094E0964244F1FD0404F5407402D25B084FEA4C
S2140094F03202B61A65EB03055B084FEA32024FF4F8
S21400950080104FF4002CB6EB020E75EB030E22BF54
S214009510B61A754640EA0C005B084FEA3202B6EB14
S214009520020E75EB030E22BFB61A754640EA5C00C3
S2140095305B084FEA3202B6EB020E75EB030E22BF53
S214009540B61A754640EA9C005B084FEA3202B6EB54
S214009550020E75EB030E22BFB61A754640EADC0013
S21400956055EA060E18D04FEA051545EA16754FEA75
S21400957006164FEAC30343EA52734FEAC2025FEA93
S2140095801C1CC0D111F4801F0BD141EA00014FF022
S21400959000004FF0004CB6E711F4801F04BF0143F3
S2140095A00020B4F1FD0C88BFBCF5E06F3FF6AFAE0F
S2140095B0B5EB030C04BFB6EB020C5FEA500C50F19F
S2140095C0000041EB045170BD0EF0004E4EEA113122
S2140095D014EB5C04C2BFD4EB0C0541EA045170BD29
S2140095E041F480114FF0000E013C90E645EA060E6D
S2140095F08DE60CEA135594EA0C0F08BF95EA0C0F9B
S2140096003FF43BAF94EA0C0F0AD150EA01347FF4E2
S21400961034AF95EA0C0F7FF425AF104619462CE7B9
S21400962095EA0C0F06D152EA03353FF4FDAE10461C
S214009630194622E750EA410618BF52EA43067FF46D
S214009640C5AE50EA41047FF40DAF52EA43057FF4FD
S214009650EBAE12E74A0011D212F5001211D20DD568
S2140096606FF47873B3EB62520ED44FEAC12343F023
S214009670004343EA505323FA02F070474FF00000CD
S214009680704750EA013002D14FF0FF3070474FF07C
S2140096900000704708B5064B044613B10021AFF32F
S2140096A00080044B1B6803B19847204600F036F94B
S2140096B0000000004419002070B50D4D0D4C641BD1
S2140096C0A4100026A64209D10B4D0C4C00F028F938
S2140096D0641BA4100026A64205D170BD55F8043BB5
S2140096E098470136EEE755F8043B98470136F2E70F
S2140096F0BC000020BC000020BC000020C0000020F1
S2140097000A44914200F1FF3300D1704710B511F8BA
S214009710014B03F8014F9142F9D110BD02440346B4
S214009720934200D1704703F8011BF9E77047704772
S21400973070B50F4E0C463168054611B900F09EF81C
S21400974030602146284600F099F8431C03D14FF0BC
S214009750FF34204670BDC41C24F00304A042F8D099
S214009760211A284600F08AF80130F2D1EFE700BF50
S214009770501900202DE9F041CD1C25F003050835D1
S2140097800C2D38BF0C25002D064601DBA94204D956
S2140097900C2333600020BDE8F081314F00F062F802
S2140097A03B681C4644BB29463046FFF7C1FF431CB6
S2140097B0044650D13C682146002941D1002C44D0B3
S2140097C02368304604EB030800F058F880453CD187
S2140097D021686D1A29463046FFF7AAFF013034D0BB
S2140097E023682B4423603B68002B36D05A68A2427D
S2140097F029D100225A600EE02268521B1DD40B2A83
S21400980016D96119A342256018BF5960636808BF5E
S214009810396062514B60304600F02AF804F10B00C4
S214009820231D20F00700C21AB5D01B1AA350B2E7BA
S214009830A3426268DED13A60EDE723466468B1E78A
S2140098400C464968B8E71346CEE70C23336030462B
S21400985000F00EF89EE70560DDE75B60FFDE00BF08
S214009860541900200148FFF761BF00BF48190020C7
S2140098700148FFF75CBF00BF4819002038B5064D09
S2140098800023044608462B6000F03AF8431C02D139
S2140098902B6803B1236038BD4C190020024B0146EB
S2140098A01868FFF767BF00BF6C00002010B50139CD
S2140098B00244904201D1002005E0037811F8014FE0
S2140098C0A34201D0181B10BD0130F2E7884210B544
S2140098D001EB020402D98442234607D8431EA14264
S2140098E008D011F8012B03F8012FF8E702440146CF
S2140098F08A4200D110BD13F8014D02F8014DF7E77A
S214009900044A05491368002B08BF0B46184410602C
S21400991018467047581900205C190020FEE700BF63
S214009920F8B500BFF8BC08BC9E467047F8B500BF47
S214009930F8BC08BC9E467047B814B6F1E0CFF3AD4D
S214009940B7DD25C9FA79B713000201060409004FEE
S214009950544100081B00011800052A00022900F0E7
S2140099601921B4478FA4BFA14F63FDEED6141D0086
S214009970636032E0375EA488534E6DFB6435BFF7F4
S2140099800053A1811F582CD0A54540FC34F3274234
S21400999098009F3EE22E0ECFFFBF1E45CA8C68235E
S2140099A04A4F0016531EC44CBAAD9D324B6808CFC2
S2140099B07BC04C00FE5A24E12BAAA5B2E94617E963
S2140099C00A5CF02500F8927AAC96CDA9BFF249C1A0
S2140099D04A11CC770D000000B99A00000200000082
S2140099E003280000E09900000200000040787D0196
S2140099F000000000005A620200010000C0CF6A00AA
S214009A0002000000809FD50002010000002D3101F9
S214009A10020200000003010303030201020304051F
S214009A20060708090A0B0D0E0F101112131415164F
S214009A301718191A1B1C1D1E1F2021222324252639
S214009A40000C270013B779FAC925DDB7ADF3CFE0D0
S214009A50F1B614B80102000000000000000000008B
S214009A6008000000000101070000000000000000E0
S214009A7000000000000000000000000000000000E1
S214009A8000000000000000000000000000000000D1
S214009A900000000003070001000100F400000000C1
S214009AA0BF9A000002000000BC9A000002000000FE
S214009AB00101020A0000000000002800002A000041
S214009AC018000000000800FC389B00000100010799
S214009AD0E49A0000000800F8F49A00000000000075
S214009AE00000000083FFBFFFE2FFF1FFF9FFFEFF6B
S214009AF0000000009600FCFEF8006D23441FEEFFF9
S214009B00C700F20E8E37FAFF5C00A40324A7FFFFFF
S214009B103200D601AD3400001F003001004D0000B9
S214009B201200C000CA4A00000B006E00F73C00009E
S214009B3005001F002F2000008C00FCFEFFFF000029
S214009B4000000000FC00D2104C06FAFF75009B05D2
S214009B50F132FFFF3E0062020B35000025004B018C
S214009B60885F00001700E0005E5D00000E008C00BD
S214009B706A4F000007002500832800000000000050
S214009B804801000078130020FA04FA000033330A74
S214009B900A0A084000210000000000000000000043
S214009BA000000001000001010001010101010203A3
S214009BB0000000019D07000048700E0E44709A0DCC
S214009BC03070DA123C70DA163870F60D34701C0EEF
S214009BD03070700F2C70700F2870521124706A113C
S214009BE02070000E1C70F611187068121470FC0DB0
S214009BF0B110076001D80A7108B87F78020C7E7829
S214009C00641000C6A01F00218CB8707801B00768E9
S214009C100F305CB30F330111C048069846022FB0D0
S214009C2006D80C7109DD087100B853A809BB1110DD
S214009C30076801682148076004100112FF322150AE
S214009C4007605148076000880698841300C43C1FCC
S214009C50002103DD087214BA281400A000BA03DF3E
S214009C60107109DF06720298E8058CB8507800A0DB
S214009C704413281441158110076002D81471108807
S214009C800698F61B00C00C7008400698501E0091FF
S214009C9006985C020060B83020D8067190BC637CE1
S214009CA0084D5412F03240DE0472404804DB08725D
S214009CB00DDD0C72044BEF30144806989E0700C466
S214009CC0E01008404412076201322140084C287C0C
S214009CD0811140D91C72B1123032CF4A013AB1DA42
S214009CE0107208D8067104D80871B04C237C3E70F8
S214009CF0684C4412FF328722047580B8D84C81D84D
S214009D00307140D90472237C084B06989E0704BA2B
S214009D1088B9767900C1186008403579E04900793D
S214009D2006B904A901D86C72BC4C307C02982E028D
S214009D3008D83C7100C14C000840141110D930718D
S214009D40104C00C11400084014111814076100C517
S214009D50206008405415FF35047110491814A84CAB
S214009D60441207620132067102981201B84C08D8F4
S214009D700C7107BA24D8047106BA187004D80C718E
S214009D8001BA40D80E7102BA0A7005BA20D8047219
S214009D9003BA604C4411404C181407611814911112
S214009DA0383111429111076910D90472EF3200C19F
S214009DB00060084014111031016911422814A111E5
S214009DC0076118140698361E181400C10060084073
S214009DD014110769FF31181400C13C3008401411F3
S214009DE0181407611814308802480698480600932D
S214009DF008DB047101F800A05CB00F3000A01088EA
S214009E00B111076980D90A7100C1800008400811A5
S214009E10009100A000C400010840441000A000C04B
S214009E2020300E40041104101050F47200A0541597
S214009E30504512710698A8070698380718B8707823
S214009E4000B8417806983C0390BA5B7A5C7A5D7AF3
S214009E5000C218500840241200C14C1F00212811CF
S214009E600698001C2088008800C5401F0021541555
S214009E705112FF350762FF320698660201595129D2
S214009E80047511590090212920750698FA04069841
S214009E902A050698F602009203D80C728111076113
S214009EA002D90472FF0FBA7018B8727800F804D896
S214009EB042710088308800C0FC1F0021041000C1D9
S214009EC04C1F00211412012A215A00C318500840C2
S214009ED03413312A1A7500C0006008400410073099
S214009EE0FE200C76381108B87F78020C7E78009336
S214009EF0009000A000C0F41F0021041000BB1DB499
S214009F0000A000C1DC1F002114111088FF3100C51D
S214009F10FFFF0000311207620762513A513B0E7292
S214009F200698160D1159011201131E70311400887F
S214009F3031100698160D1159415C41280698180DE7
S214009F40513801130090012B0090208807600114FF
S214009F500760FF30215D411207620762312D0876E7
S214009F60FF34415C4128015D31100698180DFF3022
S214009F703088011300C0E01F00210410512B0C761E
S214009F80076801150768FF356070315BFF32212BCB
S214009F900C75076001150760FF354E7000C5E41F9D
S214009FA000215415076507655112FF35FF30012B58
S214009FB0087521100760327021100768FF30012BEA
S214009FC00A75211007600760207000C2E81F002194
S214009FD02412211007600760FF30012B087521103E
S214009FE00768067021100760FF300093009200C1DA
S214009FF00060084014142C490734FE242A761415F1
S21400A000F0BC076C513C076803680154107100C42B
S21400A010FF0FFFFF513C01444811311200C5E81FF5
S21400A02000215415FF350762076221435449141274
S21400A0302155FF355152281100A000DF067201138A
S21400A04014703111312B112B016300C1FF07000082
S21400A050113B012B00C278FEFFFF05B86EBD312A0A
S21400A060207505B8C8BDE8221875DCBD06B8DC2228
S21400A070107507B8F0220A7508B8E822047509B802
S21400A08000C10060084014122C490732FE221676E2
S21400A0900768036800C2FF0FFFFF1414213C014449
S21400A0A0481150BD544914122155FF3551522811FC
S21400A0B000A001D82C71008800C00470084004106D
S21400A0C08020FF301A7100C1B01E002114110761F4
S21400A0D020D9087106988204067006984A030090F4
S21400A0E000A002D8047200A00088069838071DB4A5
S21400A0F028B9112C408800C3EC1F002134144044BA
S21400A1005A7144130698A805411500C0006008401F
S21400A11004100730FD20447500C208700840241063
S21400A1200760FF3080DC34710698520D01591C4AD6
S21400A130241007600260FF300698520D0158B220C6
S21400A1400129541331100698520D11280A7504255A
S21400A15054155045EE720698A8050094009000A08D
S21400A1607FB9066100C01C60084006988A13041573
S21400A1705153113B3155581002988413EBBD00C063
S21400A1803C1F00210411113D10D91271FF33076BDB
S21400A19000C190400846381118B97479581000A0CC
S21400A1A006985C028024E4240D300472044800C142
S21400A1B01C510840141100C3D81E00219115043507
S21400A1C01A72181388BB08D804716C7B04D8047103
S21400A1D06A7B8CBB2F7C5B7B1670044B181388BB8A
S21400A1E008D804716F7B04D804716D7B217C0C3019
S21400A1F001600698240706980C0C0698D40700B849
S21400A200B111076940D906720298080701BC00C25E
S21400A2100060084000DC0A7124150165604A0A7077
S21400A2201C4A241507657C4A043508D92071202469
S21400A230512A241200C180000840320C28110762FF
S21400A24028110762281107622811500C00C1341F1C
S21400A2500021141200DC347120D8067101B80C708D
S21400A260F0DA0C720CDB087102B806982C0748244A
S21400A27000C3306108403413076380DB0E7102B9F7
S21400A280911308DB047203B906700C49141100C35D
S21400A29080000840FFB801201141087101411813E1
S21400A2A00824014200C12000084014110141036D3A
S21400A2B0514191152035016D51411813281348134B
S21400A2C000C37C000840341003D80C71073005DC4E
S21400A2D00671084B227B8CB8507800B800C1341F3A
S21400A2E00021141203682150F0300152281100A0FA
S21400A2F04024066400C0FFFF0100013C1DB00220A0
S21400A3000158402806751EAC01EC00A0208800C04D
S21400A3101850084004121DB4211304123052F8716C
S21400A320066C402400C3741F0021341014110698D4
S21400A330820D0669009211592129067600BB115933
S21400A34006983A0D80B80158013A0662313B04720D
S21400A350215A412A00A000C200010840317A00A01C
S21400A360308880B9076900C30000C0FF311031286B
S21400A37000BC002D0C7511541EAC01EC312DF47090
S21400A380066C51134155312C009300A000C02840A4
S21400A3900E400413315107610C3107691153381010
S21400A3A000A00698EC0800C0F41F002104110698CF
S21400A3B0D407217A237A00C30000100006981408F8
S21400A3C000C0541F00211DB1181000A000C0501F6F
S21400A3D000211DB1181000C09C1F00210410002D84
S21400A3E0067500B826A80698A80700C09C1F00217E
S21400A3F00410012C06750698380728B010B91159B4
S21400A40011380EB9114028A880B800C14430084061
S21400A410081100C1F01F00211410303B06710760C0
S21400A420076000C40830084044111150FF30015145
S21400A43018146FB8076826A8217A050C2110204842
S21400A440267800C063EF0000314026A8050C20ECFB
S21400A450B11140D90872247A20EC217A184826A82F
S21400A46028B00AB901510F31115028A8050C207ADE
S21400A47020EC0F0C98B8467841780698660200C221
S21400A480401F002124100151FF311150081200A076
S21400A4900698EC0800B826A800C0581F00211DB179
S21400A4A0181000A030B840780DB101D9FC7242787F
S21400A4B000C074300E4004114CBA407A181014488C
S21400A4C004115C7A1810A4BB707B4E7B4F7B00C2D5
S21400A4D00430084000A00698EC08217A227A00BBD7
S21400A4E00698140800C0641F00211DB11810A4BBF4
S21400A4F000C040300E400411033101492872B112E9
S21400A500076207623048041121510F3118726E7BC2
S21400A5106F7B104804114CBA7C7A1810144804114A
S21400A520607A1810B11002D81071707B30B862785B
S21400A53060780DB001D8FC7100C0F86008400411C6
S21400A54001D90C7100C01800084002B9181008B8EC
S21400A5506E780EB84EB110D90C723EA8140C0FB817
S21400A5603EA8107044A8140C01B800C1AC300E40D0
S21400A570081100C077801F003DB201423DAA00C00E
S21400A580FFFFFFFC013A3DAA140C00C077E01F0055
S21400A59001423DAAFFB845207D7808B87E7800C104
S21400A5A024600840141107610631087100B9069846
S21400A5B0D01006988A13B11101D90E7106985C1E48
S21400A5C002D906720698520C0698841351140698FF
S21400A5D03807F4B845780A0C00C0601F00211DB18A
S21400A5E018100298AA10FFB845205D7803B80760D7
S21400A5F044A83EA800C1AC300E40081110B8076849
S21400A6003DB101393DA908B86F7800A046A800C042
S21400A610FFFF0000013B076356AB94BA437A01D9AB
S21400A6201471013C47B300C0FE20FFFF013B3144DC
S21400A63047AC637AFFB82120407802D9047160786D
S21400A64000A0C8BC066C415C512C067506983807FD
S21400A6500698300EB110076805D8367140BA0698CD
S21400A6605A138CBC7F7C08B86578911004D8187192
S21400A67088B86E78577800C064000840217806983D
S21400A680F81001400872427C069896130298E40B74
S21400A69008B86C7820B859785B7800C0F440084059
S21400A6A07878797800C1C81F0021141040A818498E
S21400A6B014130449408814140C4914118112076AB3
S21400A6C0006A01DA187188B8577800C0CC1F0021DC
S21400A6D00410016107630763076407640698540A59
S21400A6E000944EB010D842724DB161B8015811387E
S21400A6F040B102D90A72604804BB41540870204831
S21400A70002BB02BC4DA8F8B87078190C3EB14141A6
S21400A7103EA9F4B973797378717800C4F84008409C
S21400A72000C200410840227000C20000010044AA96
S21400A730230C00C200000B0044AA00C410410840CD
S21400A74000C21841084004BB587C050C597C0C24F8
S21400A7500F0C2FAB050CB11008D81471647A657A0B
S21400A7601CB879787B7820B879787B78607CF4247C
S21400A770411306989E0751144044067506983807FC
S21400A780727BFFB84D20050C687840EC00C05C1F5B
S21400A79000211DB11810911004D8147100C0B01E0D
S21400A7A00021041080D806711CB8737800F818B819
S21400A7B000C1D41E002100C21850084024122811DF
S21400A7C0777800F800C0B860084004110761076198
S21400A7D080D9047240EC00C4F84008404EB010D84F
S21400A7E00471182441130C23527C407B11512FA96D
S21400A7F0050C797C0A0C00C0000001020814787C65
S21400A800050C507C08B86D7800A000C02870084081
S21400A8100411108800C100180040181044480411A4
S21400A820108878480411108800884CBA757A181079
S21400A8303DB11088F4B8427844207278284873787E
S21400A840F8B873784FB200C4FFFF8080413A4FAA31
S21400A85001BC01644113076300C06C70084003B973
S21400A86018100110011001B9181001100110011084
S21400A870011068480411076101B80160003A0471CC
S21400A880044904D9047241520760003A0471084929
S21400A89008D9047231520460003B0E7200630064F3
S21400A8A0314241424FAAB2704FAAF8B853781820E6
S21400A8B053782848527800913DA9009000911810CE
S21400A8C000917848181000914448181000A01159BB
S21400A8D010D906710760076008D90471076004D9AB
S21400A8E00471036002D90471016001D9047100602B
S21400A8F000A000BA01D806710148112A006900605C
S21400A90001D8F6720138F67200A08020FF30FF48AA
S21400A910812000A002EC00CA02EC00C8076A0142CF
S21400A92002EC00C8076A014202EC00C8076A01424E
S21400A93000A000C218500840241211592129127391
S21400A94000210E7100C23050084024120121212936
S21400A95000A00698EC0888B8577800C57C1F002130
S21400A9605088044D88BC00C0BC1E0021811101D94E
S21400A9701E71407C009501157C4D5088044DFFBB30
S21400A980076B315B041106987A0D3129F875069825
S21400A9904A1D541506985C1E01D9087206981E09B1
S21400A9A006700698800988BB547B009500F80698C8
S21400A9B02E0A0E7006980C0C06982E0A0698D611CB
S21400A9C00698D8089112211900C0246008400A7819
S21400A9D0097800F810B901BA069850130698AA101C
S21400A9E000C57C1F002100F89112033288B900C30D
S21400A9F0B01E0021341300C4A81008408CB842785A
S21400AA00707903DE0671447872707179A11020D8CF
S21400AA100A7106981E0902987C0F80DB507102D8D6
S21400AA204C7205B830880763076302DB2A7100C3DF
S21400AA30AC0008403413066380DB0472804800C311
S21400AA40102008403413315B047240483128312806
S21400AA5002600814076800930814A110103002481A
S21400AA60081400B808149110076008148CB86278AF
S21400AA70A11000DC0676517900BA80DB3A7100C07E
S21400AA8000000200003B307150884110344803DE5D
S21400AA9004719048041508200411F82058101C2052
S21400AAA0217800C0A40008400E7810D904722E78D1
S21400AAB00698A0160095911120310269911004D8CD
S21400AAC00E7200C1481F0021141101D90A71208896
S21400AAD00698D010009200C1180008400533054BB8
S21400AAE01872184C03DE0471904C441400C3FF1F08
S21400AAF00000413BFF233811B84900C330610840CD
S21400AB003413076380DB0E7103BA076A0698640F76
S21400AB1000BA0870076A0698640F0449087909792C
S21400AB2014102140081100A000BD0698400210B97C
S21400AB3003DC047100B901BA0698501302D90671F5
S21400AB4000404E7201B107690F310698F810FFD821
S21400AB502872811008D8187106DD0A71069840021E
S21400AB6003DC0C7206983E11069896130C7006DDF0
S21400AB70107106984411487020B802A806DD1072BD
S21400AB8006982E0A0698D80801F840B802A800F8D9
S21400AB9000C0B01E00210413076301DB2271911070
S21400ABA00111076911388CB910D8087144790298D8
S21400ABB07C0F02DBFA72A11328DBF47203BD069841
S21400ABC09E1006982E0A00C5801F00210698400297
S21400ABD000BA03DC4A72044DA11002D804710C4D71
S21400ABE000C0140008400410026800C3701F002153
S21400ABF03411112800C1306108401411076180D952
S21400AC000C71911108D90671FC230C4DFC233411EC
S21400AC1006983A0D00C10C51084006985407541582
S21400AC20212D00C0F8600840041101D9227100C02F
S21400AC30381F00210410033001DC147200C0140019
S21400AC4008400411FB21087607BA076A212D0698EA
S21400AC50EA0702988A0A91100155033551500119E6
S21400AC6000A000C1441F0021141001D84271014801
S21400AC700760FE200E75811020D8087100C1481F9D
S21400AC800021141101D9287100C024600840041264
S21400AC90215107610F3107691152281000C000606A
S21400ACA0084004119112215120311152211900A09F
S21400ACB0811380DB067201B800A000C30C50084068
S21400ACC03410063030727C4B34122C4B3410076034
S21400ACD0076040302072811080D8DC713410014A41
S21400ACE007620360803021508C480A717F23552309
S21400ACF03410013000A000BD06989E1088B8477832
S21400AD004578437800B8447800A006982E0A06983E
S21400AD103E1100C58C1F002154150698EA070298BC
S21400AD208A0A00C374000840027B06988A1350BA49
S21400AD3006985A130698F810FFD84A71911004D84E
S21400AD404872811007601CD8407220D938721112E0
S21400AD50FF322151347180218021111400C0E01E81
S21400AD6000210413FFBA3151113A215111538CB905
S21400AD7038107B7940440E7200B900C2B81E00211C
S21400AD801812067008B860780698841300F800B9A0
S21400AD9000C29C1008401812244A0AB9181288BA31
S21400ADA0507A517A577A8CB942795F7900A0069822
S21400ADB0400207DC1072911000200A750698D61122
S21400ADC00298280E0698D80801B9911004D8047184
S21400ADD000B910BA0698501300BA00402A7100C095
S21400ADE0B01E00210411076101D9127104D9E27264
S21400ADF08110076001D8DA718CB8647800C11C51E4
S21400AE000840069854070698D61100C5901F0021E2
S21400AE105415212D06981E0900C5941F002100F820
S21400AE2000BC811108D9167280D9207201B910BAF7
S21400AE300698501300400E7101BC107006983E1123
S21400AE400698961320B802A800F80698D611811125
S21400AE500231127100B900C20C1008401812244AC0
S21400AE6002B9181206983E1100C5981F0021541505
S21400AE700698D41D02988A0A04110121147188BA12
S21400AE80737A042004122811042004110121F4729C
S21400AE9000A006989E0701F8911010D83471069805
S21400AEA03C030698FA0406982A0500C51C5108407B
S21400AEB0541106987A0D00C5D01E0021541551294C
S21400AEC0E27518B876788CB8447801B802A800F80D
S21400AED0B110076810D82E7100C04810084000C393
S21400AEE0000008403114884C44113411076101D920
S21400AEF0FA714412281007622810076228100762A9
S21400AF002810E8700298760206985C0211380472DF
S21400AF10016A00BB00C1E01E0021141120390C722A
S21400AF20911210DA0672417B00A006988A1300C2BE
S21400AF30B01E0021241220DA0472617B88BA527A8D
S21400AF4000A088BA727A811204DAFC7200A088B86F
S21400AF506B78577800C0640008402F7800A00698E9
S21400AF60E4100763076390B9637900B902DB2271C6
S21400AF7002EC00C909B801D9507200C2AC00084002
S21400AF800E7A10D904722E7A0698A016E031076160
S21400AF9002EC00CD114502EC00CC01DB087100BBD1
S21400AFA00298FE1703B841110731FA211C760621D4
S21400AFB0911210DA087102DD10721E7020B8069821
S21400AFC0160D3038147208B80698240700C02400FE
S21400AFD008402978207800F8046020D80671029886
S21400AFE0581502EC00CA05B823DA187104DBDA71CA
S21400AFF020DAD67110DAD27290B8617800B801DA29
S21400B000067202EC00C8911110D9267100C1C01E4C
S21400B010002114111150FF300C720661A11011505E
S21400B02002300A7180DB0A720AB89E708CB97C798D
S21400B0300768911111402111C0311140011990B8D3
S21400B040411108D90471667820D904726578A11078
S21400B05002D80672C0DA1E7190B8273123DD087256
S21400B06010DB1072607825DD0A7121DD087208DBBE
S21400B0700471627803B8411107310872A1152035B2
S21400B080AA7102DD3272A11120D9A07102D92872EC
S21400B090CCDA9872411140D9927206B802DB107170
S21400B0A0046500C1102008401411112D112D054D06
S21400B0B05C720298E61321114049C0D94E71A03146
S21400B0C041154035016551410361076308DA1E7278
S21400B0D004DA38721049A1150235067110DB0E72BB
S21400B0E001340A7108DB247190B86778CC321110ED
S21400B0F01A300ADC0872CCDE0471FD3100C00D0F78
S21400B1000C0D0698180D01D8607207B80298101436
S21400B11000BA411108D90C7102EC00CA05B830DA41
S21400B120EC720734F031026101DA0471014900C0A3
S21400B130F300A3E30698180D01D8D07100C0981448
S21400B14040680698180D4030014440DA0471204CDF
S21400B15004320162204A111006300068014218319C
S21400B1600269114202982E14204A00C005170850A2
S21400B1700698180D113001422088FFBB0DDA507179
S21400B18000C1DE1B250180BC04DA107208DA0A72E0
S21400B19000C120841000E024A0240763414301641A
S21400B1A001DA06711E49024B00C0281F0021076302
S21400B1B03810BC2002DA127101B91159A11380DBD4
S21400B1C0087100C100FCFF01181002988A1700C41D
S21400B1D0B01E0021441080D87C710092D0DA06712F
S21400B1E00DDA0C7190BD437DEFBD0698C60503626F
S21400B1F00DDA8672A11105D95C7100C238100840BC
S21400B20024120C24281401D9067202D9327140D9AE
S21400B2101E7102EC00CA211018320471FA2220D8DE
S21400B22004720822FE22087502EC00C8F87001D9E4
S21400B2300E7102EC00C802D9067204DC187200C057
S21400B240B01E00210410026801D8067190B8647818
S21400B25018B873780298FE1700C50020084000C092
S21400B2600417000008D904720A480815104D00B8E3
S21400B27008D90472FF200815084D00C00884000095
S21400B28008D9087200C02083B8ED0815104D207D3F
S21400B29000A000B8011A00C074000840027891109F
S21400B2A01030011905BA06985A1302D9067101B86A
S21400B2B002A800C0B01E0021041380DB06710298AD
S21400B2C0A61340DB067102983E198CBA7C7A01DB25
S21400B2D06C7100C22C1F002124111114FF3402ECE3
S21400B2E000C8FF24FA7607610698260D0361113818
S21400B2F00F3003611114011141100698260D01D874
S21400B300087203B8029810141C4A02DB2471241039
S21400B310112811280412023006710762076200C065
S21400B320FFFF0000213800C218000840FF20081266
S21400B330411007600698260D01D87C7120BC10339A
S21400B340767100BB00C1281F00211415C021112CE6
S21400B3505112076A0F320E7140885114069854181D
S21400B3604143009451120765036A0F320E71411172
S21400B370511406985418036C41430765513B00C1AD
S21400B380E41E00211411111231100F30127100BA90
S21400B390046101D80471114200600FD8F4723110B4
S21400B3A002601E30047201B8003A087204B80298AF
S21400B3B010140298161600C1306108401411076177
S21400B3C080D91A7102EC1DB002EC1DB1015811288B
S21400B3D0A0B91159112806758CBA637A00C0341FBB
S21400B3E0002104110F3103DD1A7200C0006008400E
S21400B3F0041007D80E7200C01040084004B9181098
S21400B40000F80698E4100698C40500F830885088BE
S21400B410FF34087102ECFF24F87002EC00CD141023
S21400B42001BB5150FFD8047131440760006B10DB3C
S21400B430F2710421FF22E4720F4C0095009300A0E5
S21400B44000C01860084004100560073000A00CB863
S21400B45002983A1902EC00CAFFBC80BD069888180C
S21400B4600448187202EC00C92115F03500650F3249
S21400B470076A114200C4FF0F000000C1C01E002171
S21400B480141031110113413B02EC10D9087121143C
S21400B49000CA2C70305206714052B47221140760F4
S21400B4A00760FF3055DC187100CA005212710ADEC0
S21400B4B00E714ADE0A7155DE06713052927200C174
S21400B4C0C41E002110880698361E073111450765F0
S21400B4D00765414500C30C70084034130763FF330B
S21400B4E007633145009158110849281118B8757836
S21400B4F00BB8029810140763076302EC00CA02DB5D
S21400B500127155DE067202989C1854DE0672029876
S21400B5109C1801DB12710698600D06985C0D02EC13
S21400B52000CA0298FE1700C1BC1E002114147C49F4
S21400B5300698600D40522E7204DBE07190B8637876
S21400B5400698881804486E7200BA0698600D211393
S21400B550141000C1FF0F0000113A1052547101522E
S21400B560113A067104B88C7000BA0698600D211165
S21400B570FF3207611114911010D82271073103DDD4
S21400B5801C7200C1C81E00211411FF311152067131
S21400B5900AB8D4708CB97C790298FE1741108130B5
S21400B5A081DC0E72076A034A076A0F4A0698181B60
S21400B5B00298FE171410FFBC013C0698BE1B02EC56
S21400B5C000CA02EC00C902EC00CB076A3142076AE7
S21400B5D021410F3302EC00CD02EC00CA0040087295
S21400B5E0211302EC00CA07621142911110D92A7188
S21400B5F021110F3103DD227200C1C81E0021141173
S21400B600FF31076A00230C71115308710AB80298BB
S21400B610AE198CB97C79147021110F31076A02DDDE
S21400B6205A7101DD067103DD4A7200880AB9069870
S21400B630021B00902111FF32FFDE38712054387251
S21400B640FC25187202EC00CA01DE107202EC00CA79
S21400B65018DE087288B877781A700661004004729F
S21400B660006180D90E714CBA477A06985A1B90B87A
S21400B67043780298FE1704B89670FF32FF24F875D8
S21400B6800BB90698021B2110E03001584128E875D6
S21400B690F83002601F32215A0125212DDA75012A61
S21400B6A0D67602EC00CAFF20FA764111073101B8BF
S21400B6B00698160D003AC071BA70004008710698D8
S21400B6C0921B0470022106B81159112DAC7500A00A
S21400B6D000C5A81008403110036008150111076066
S21400B6E0076007690F30F0311140081507630363E0
S21400B6F03815281507622815076228157FBA2815F9
S21400B70000BA28157FBA281590B8437818B8737809
S21400B71000A00698CE1B11140CB900400A710064F4
S21400B7200AB90698921B03BD514400C5A8100840EC
S21400B730202A047528154815076448151815004072
S21400B740047238150764481500A00088408800C0B9
S21400B750C81E002104100760073000C420000840FF
S21400B7604414412C047201244138405004720121D3
S21400B7700094009000A000C0C81E002104100760BE
S21400B7800730074800A000C2C01E00212412211462
S21400B790076AFF320CDE12710DDE0E710FDE0A71C3
S21400B7A010DE0671215A00A0FF34411200A000C12D
S21400B7B0B41E0021141100A0308806980C1E8111BA
S21400B7C0076102D906720298E81C88BB557B0761A0
S21400B7D020D906710298D81C0088A1100768069820
S21400B7E0F61B08211415FC2590BB5C7B5D7B00C115
S21400B7F00060084014110731FE21307608D82A72FE
S21400B8005113FC23341304DB2071076BFF33315BC9
S21400B81000C1087008401411076180490C71FF319F
S21400B8203029607590BB7B7B1C707B7B7C7B00DD4E
S21400B83004717D7B01BB38158113076B403306719D
S21400B84018BB717BEC25541300DF5471042505DF0B
S21400B850547154152111208806987A0D00925129AA
S21400B8603E7500C100600840141102DB0C71073100
S21400B870315B31292A760C7004DF0872006180D9AA
S21400B8801E720698F61B00C0087008400698501EE8
S21400B8900698F61B1411FFD9607202982E1D0090B0
S21400B8A0009300A05415A111076910D9A6720825A7
S21400B8B008D8A071082510D89A71208821110698FA
S21400B8C07A0DFC255412112AF82554110C2520D87F
S21400B8D00871F025541110252029047621591815D1
S21400B8E0009202989A1C18B97179811010D80A71C2
S21400B8F088B8447800B8417888B9747908B9677907
S21400B90000F88110A0D8087188B9497900A00760AE
S21400B91002D8FA710698F61B108806988A130762F2
S21400B920076210DA087108211415F025541100C2B8
S21400B9300020FEFF2029127506985C1E01D90A72A7
S21400B94006982E0A0698D80800941CBB41100C20B6
S21400B9500698C0124111082114100698C01231280A
S21400B960441111120761FF31FF320122105210728A
S21400B9700769181404244413042438140C70076947
S21400B98021411814082408140298841340441471A2
S21400B99000C1B81E002114155113036B0FDB0C7287
S21400B9A0066D0698A807411500A00698D8080698C0
S21400B9B08A1308BB51140698941D4415FC2554158B
S21400B9C00298EA0788B900C3B01E00213413076343
S21400B9D008DB1A718113A0DB06714979107069794A
S21400B9E0076302DB087208B9677900F800A08111C6
S21400B9F0076102D9107188B975790698F61B14117B
S21400BA00FF3100A0FFB900A0041008211411F42192
S21400BA10081100A081110761076110310E710698A8
S21400BA20F61B08211411F821141100A034BA0000E6
S21400BA304CBA00002CBE00000000000064BA0000F3
S21400BA400600000000000000000000002CBE000001
S21400BA50000000003CBB00000400000000000000E6
S21400BA6000000000CCBB0000809C2B8F80841E0052
S21400BA70000000002200FF7F64000020000000009D
S21400BA800000000000000000CCBB0000809C2B8F54
S21400BA9080841E00000023002300B60064000020FF
S21400BAA0000000000000000000000000CCBB00000A
S21400BAB0809C2B8F80841E000000240024009D00A4
S21400BAC064000020000000000000000000000000ED
S21400BAD0CCBB0000809C2B8F80841E0000002500BD
S21400BAE025007D006400002000000000000000002B
S21400BAF000000000CCBB0000809C2B8F80841E00C2
S21400BB00000026002600530064000020000000000D
S21400BB100000000000000000CCBB0000809C2B8FC3
S21400BB2080841E00000027002700FF7F640000209E
S21400BB30000000000000000000000000FCBC000048
S21400BB40809C2B8F80841E00000000002400FF7F56
S21400BB50640000200000000000000000000000005C
S21400BB60FCBC0000809C2B8F80841E0000002500FB
S21400BB702500B40064000020000000000000000063
S21400BB8000000000FCBC0000809C2B8F80841E0000
S21400BB900000260026009900640000200000000037
S21400BBA00000000000000000FCBC0000809C2B8F02
S21400BBB080841E00000027002700FF7F640000200E
S21400BBC0000000000000000000000000F81F010157
S21400BBD04CBF00003400040000000000000000001D
S21400BBE000000000A0070000480001000000000060
S21400BBF0540002000000000000000000A000010049
S21400BC00FF4C00003030010011491000B840010020
S21400BC1000C0E30040410100EA008800186004000C
S21400BC20000000C61FC000000050000000D0320018
S21400BC3050600400FC006900410C00000000000099
S21400BC401100080078600C000804000000000000E6
S21400BC50BE031A00000000000000000001040C1AD9
S21400BC602F4653616862584935201407C491A06373
S21400BC705644332322529224E46007008108A1CB65
S21400BC8000000000198407059411CB48992006008F
S21400BC90016120008294EA870461030065B6110002
S21400BCA01E37000089BB000020610100FFDF000096
S21400BCB030610700E853FA000000000000000000B2
S21400BCC0000000000000000000000000000000006F
S21400BCD01470011000F8070014700130F80200001C
S21400BCE018700200000300006000278470700200D5
S21400BCF0C30000000F9C0300FFFFFFFFF81F0101B9
S21400BD0098BF00003400040000000000000000009F
S21400BD1000000000A007000048000100000000002E
S21400BD20540002000000000000000000A000010017
S21400BD30FF4C000030300100E3381000B84001002E
S21400BD4000C08300404101006D00880018600400B8
S21400BD50000000C61FC00100005000000080000068
S21400BD605060040018000500410C000008000000A8
S21400BD709100040078600C008C000C0000000000AD
S21400BD8014001A00000000000000000001040B1957
S21400BD902C404C59605B534736251B114AF33896A6
S21400BDA06745231211090000E46007008F0846CBA0
S21400BDB00000000023086404D007CB48912006004A
S21400BDC0F9541C008294EA8704610300515511005F
S21400BDD0B01B000089BB000020610100FFDF0000EF
S21400BDE030610700E853FA00000000000000000081
S21400BDF0000000000000000000000000000000003E
S21400BE001470011000F8070014700130F8000000EC
S21400BE1018700200000300006000A5837070020026
S21400BE20054100000F9C0300FFFFFFFFDC1F04011D
S21400BE3000000000000000000000000000000000FD
S21400BE40F01F02013F00370000000000FC1F010148
S21400BE500000000004000200018101000001000053
S21400BE601800020000000000010000002800030087
S21400BE70000000000000000000000000A400030016
S21400BE80FF4C0000FF4D0000FF4D000000200100A9
S21400BE900807000010200100AAAAAA001820010026
S21400BEA00060DA000830010013AC000134300100F5
S21400BEB0010000004030010000000000A04001002A
S21400BEC07A27000FF44001002010000034410200E1
S21400BED080080000E687000044410100C0E6524D9D
S21400BEE060410400000000000000000006000000A2
S21400BEF00600000014600100100000002860030027
S21400BF000000000300000000000000006060020067
S21400BF1029417671000000004C610100010000001C
S21400BF202070040000000000820000000000800175
S21400BF30D5000000487002003C3D0000BC1900001F
S21400BF407870010006E04900FFFFFFFF0D000000CB
S21400BF50388EE30000000000F4BF0000E4BF0000DD
S21400BF6000000000E070720080DE800280841E0008
S21400BF70010100001149000200000000000000005E
S21400BF8000000000000000000000000041841E00C9
S21400BF9000000000000000000D0000001CC771003B
S21400BFA000000000F4BF0000ECBF0000000000002E
S21400BFB018CC660080DE800240420F0001010000BF
S21400BFC0E33800020000000000000000000000004F
S21400BFD000000000000000005B420F0000000000B0
S21400BFE000000000B45F00005F05000028A000000D
S21400BFF0C4090000193F01060410010000010106F3
S21400C00000102700000C00000000000000000000E8
S21400C010000000007441FF7F0100000028C00000FF
S21400C020100000202D000000FF000000E40C0A00B5
S21400C03005050000DD3500007C9B0000FFFFFFFFCC
S21400C040BB3C0000B73C0000FF0EFE01FFFFFFFFF9
S21400C050FF000E0000000000A1510000FFFFFFFFE0
S21400C060FFFFFFFFFFFFFFFFFFFFFFFFFFFF0000D9
S21400C070FFFFFFFFED740000618B0000FFFFFFFF76
S21400C0800000000070000020000000000C180020D7
S21400C09074180020DC1800200000000000000000DB
S21400C0A0000000000000000000000000000000008B
S21400C0B0000000000000000000000000000000007B
S21400C0C0000000000000000000000000000000006B
S21400C0D000000000650100003D010000FFFFFFFFBB
S21400C0E0FFFFFFFFFFFFFFFFFFFFFFFFFFFFFFFF5B
S21400C0F0FFFFFFFFFFFFFFFFFFFFFFFFFFFFFFFF4B
S21400C100FFFFFFFFFFFFFFFFFFFFFFFFFFFFFFFF3A
S21400C110FFFFFFFFFFFFFFFFFFFFFFFFFFFFFFFF2A
S21400C120FFFFFFFFFFFFFFFFFFFFFFFFFFFFFFFF1A
S21400C130FFFFFFFFFFFFFFFFFFFFFFFFFFFFFFFF0A
S21400C140FFFFFFFFFFFFFFFFFFFFFFFFFFFFFFFFFA
S21400C150FFFFFFFFFFFFFFFFFFFFFFFFFFFFFFFFEA
S21400C160FFFFFFFFFFFFFFFFFFFFFFFFFFFFFFFFDA
S21400C170FFFFFFFFFFFFFFFFFFFFFFFFFFFFFFFFCA
S21400C180FFFFFFFFFFFFFFFFFFFFFFFFFFFFFFFFBA
S21400C190FFFFFFFFFFFFFFFFFFFFFFFFFFFFFFFFAA
S21400C1A0FFFFFFFFFFFFFFFFFFFFFFFFFFFFFFFF9A
S21400C1B0FFFFFFFFFFFFFFFFFFFFFFFFFFFFFFFF8A
S21400C1C0FFFFFFFFFFFFFFFFFFFFFFFFFFFFFFFF7A
S21400C1D0FFFFFFFFFFFFFFFFFFFFFFFFFFFFFFFF6A
S21400C1E0FFFFFFFFFFFFFFFFFFFFFFFFFFFFFFFF5A
S21400C1F0FFFFFFFFFFFFFFFFFFFFFFFFFFFFFFFF4A
S21400C200FFFFFFFFFFFFFFFFFFFFFFFFFFFFFFFF39
S21400C210FFFFFFFFFFFFFFFFFFFFFFFFFFFFFFFF29
S21400C220FFFFFFFFFFFFFFFFFFFFFFFFFFFFFFFF19
S21400C230FFFFFFFFFFFFFFFFFFFFFFFFFFFFFFFF09
S21400C240FFFFFFFFFFFFFFFFFFFFFFFFFFFFFFFFF9
S21400C250FFFFFFFFFFFFFFFFFFFFFFFFFFFFFFFFE9
S21400C260FFFFFFFFFFFFFFFFFFFFFFFFFFFFFFFFD9
S21400C270FFFFFFFFFFFFFFFFFFFFFFFFFFFFFFFFC9
S21400C280FFFFFFFFFFFFFFFFFFFFFFFFFFFFFFFFB9
S21400C290FFFFFFFFFFFFFFFFFFFFFFFFFFFFFFFFA9
S21400C2A0FFFFFFFFFFFFFFFFFFFFFFFFFFFFFFFF99
S21400C2B0FFFFFFFFFFFFFFFFFFFFFFFFFFFFFFFF89
S21400C2C0FFFFFFFFFFFFFFFFFFFFFFFFFFFFFFFF79
S21400C2D0FFFFFFFFFFFFFFFFFFFFFFFFFFFFFFFF69
S21400C2E0FFFFFFFFFFFFFFFFFFFFFFFFFFFFFFFF59
S21400C2F0FFFFFFFFFFFFFFFFFFFFFFFFFFFFFFFF49
S21400C300FFFFFFFFFFFFFFFFFFFFFFFFFFFFFFFF38
S21400C310FFFFFFFFFFFFFFFFFFFFFFFFFFFFFFFF28
S21400C320FFFFFFFFFFFFFFFFFFFFFFFFFFFFFFFF18
S21400C330FFFFFFFFFFFFFFFFFFFFFFFFFFFFFFFF08
S21400C340FFFFFFFFFFFFFFFFFFFFFFFFFFFFFFFFF8
S21400C350FFFFFFFFFFFFFFFFFFFFFFFFFFFFFFFFE8
S21400C360FFFFFFFFFFFFFFFFFFFFFFFFFFFFFFFFD8
S21400C370FFFFFFFFFFFFFFFFFFFFFFFFFFFFFFFFC8
S21400C380FFFFFFFFFFFFFFFFFFFFFFFFFFFFFFFFB8
S21400C390FFFFFFFFFFFFFFFFFFFFFFFFFFFFFFFFA8
S21400C3A0FFFFFFFFFFFFFFFFFFFFFFFFFFFFFFFF98
S21400C3B0FFFFFFFFFFFFFFFFFFFFFFFFFFFFFFFF88
S21400C3C0FFFFFFFFFFFFFFFFFFFFFFFFFFFFFFFF78
S21400C3D0FFFFFFFFFFFFFFFFFFFFFFFFFFFFFFFF68
S21400C3E0FFFFFFFFFFFFFFFFFFFFFFFFFFFFFFFF58
S21400C3F0FFFFFFFFFFFFFFFFFFFFFFFFFFFFFFFF48
S21400C400FFFFFFFFFFFFFFFFFFFFFFFFFFFFFFFF37
S21400C410FFFFFFFFFFFFFFFFFFFFFFFFFFFFFFFF27
S21400C420FFFFFFFFFFFFFFFFFFFFFFFFFFFFFFFF17
S21400C430FFFFFFFFFFFFFFFFFFFFFFFFFFFFFFFF07
S21400C440FFFFFFFFFFFFFFFFFFFFFFFFFFFFFFFFF7
S21400C450FFFFFFFFFFFFFFFFFFFFFFFFFFFFFFFFE7
S21400C460FFFFFFFFFFFFFFFFFFFFFFFFFFFFFFFFD7
S21400C470FFFFFFFFFFFFFFFFFFFFFFFFFFFFFFFFC7
S21400C480FFFFFFFFFFFFFFFFFFFFFFFFFFFFFFFFB7
S21400C490FFFFFFFFFFFFFFFFFFFFFFFFFFFFFFFFA7
S21400C4A0FFFFFFFFFFFFFFFFFFFFFFFFFFFFFFFF97
S21400C4B0FFFFFFFFFFFFFFFFFFFFFFFFFFFFFFFF87
S21400C4C0FFFFFFFFFFFFFFFFFFFFFFFFFFFFFFFF77
S21400C4D0FFFFFFFFFFFFFFFFFFFFFFFFFFFFFFFF67
S21400C4E0FFFFFFFFFFFFFFFFFFFFFFFFFFFFFFFF57
S21400C4F0FFFFFFFFFFFFFFFFFFFFFFFFFFFFFFFF47
S21400C500FFFFFFFFFFFFFFFFFFFFFFFFFFFFFFFF36
S21400C510FFFFFFFFFFFFFFFFFFFFFFFFFFFFFFFF26
S21400C520FFFFFFFFFFFFFFFFFFFFFFFFFFFFFFFF16
S21400C530FFFFFFFFFFFFFFFFFFFFFFFFFFFFFFFF06
S21400C540FFFFFFFFFFFFFFFFFFFFFFFFFFFFFFFFF6
S21400C550FFFFFFFFFFFFFFFFFFFFFFFFFFFFFFFFE6
S21400C560FFFFFFFFFFFFFFFFFFFFFFFFFFFFFFFFD6
S21400C570FFFFFFFFFFFFFFFFFFFFFFFFFFFFFFFFC6
S21400C580FFFFFFFFFFFFFFFFFFFFFFFFFFFFFFFFB6
S21400C590FFFFFFFFFFFFFFFFFFFFFFFFFFFFFFFFA6
S21400C5A0FFFFFFFFFFFFFFFFFFFFFFFFFFFFFFFF96
S21400C5B0FFFFFFFFFFFFFFFFFFFFFFFFFFFFFFFF86
S21400C5C0FFFFFFFFFFFFFFFFFFFFFFFFFFFFFFFF76
S21400C5D0FFFFFFFFFFFFFFFFFFFFFFFFFFFFFFFF66
S21400C5E0FFFFFFFFFFFFFFFFFFFFFFFFFFFFFFFF56
S21400C5F0FFFFFFFFFFFFFFFFFFFFFFFFFFFFFFFF46
S21400C600FFFFFFFFFFFFFFFFFFFFFFFFFFFFFFFF35
S21400C610FFFFFFFFFFFFFFFFFFFFFFFFFFFFFFFF25
S21400C620FFFFFFFFFFFFFFFFFFFFFFFFFFFFFFFF15
S21400C630FFFFFFFFFFFFFFFFFFFFFFFFFFFFFFFF05
S21400C640FFFFFFFFFFFFFFFFFFFFFFFFFFFFFFFFF5
S21400C650FFFFFFFFFFFFFFFFFFFFFFFFFFFFFFFFE5
S21400C660FFFFFFFFFFFFFFFFFFFFFFFFFFFFFFFFD5
S21400C670FFFFFFFFFFFFFFFFFFFFFFFFFFFFFFFFC5
S21400C680FFFFFFFFFFFFFFFFFFFFFFFFFFFFFFFFB5
S21400C690FFFFFFFFFFFFFFFFFFFFFFFFFFFFFFFFA5
S21400C6A0FFFFFFFFFFFFFFFFFFFFFFFFFFFFFFFF95
S21400C6B0FFFFFFFFFFFFFFFFFFFFFFFFFFFFFFFF85
S21400C6C0FFFFFFFFFFFFFFFFFFFFFFFFFFFFFFFF75
S21400C6D0FFFFFFFFFFFFFFFFFFFFFFFFFFFFFFFF65
S21400C6E0FFFFFFFFFFFFFFFFFFFFFFFFFFFFFFFF55
S21400C6F0FFFFFFFFFFFFFFFFFFFFFFFFFFFFFFFF45
S21400C700FFFFFFFFFFFFFFFFFFFFFFFFFFFFFFFF34
S21400C710FFFFFFFFFFFFFFFFFFFFFFFFFFFFFFFF24
S21400C720FFFFFFFFFFFFFFFFFFFFFFFFFFFFFFFF14
S21400C730FFFFFFFFFFFFFFFFFFFFFFFFFFFFFFFF04
S21400C740FFFFFFFFFFFFFFFFFFFFFFFFFFFFFFFFF4
S21400C750FFFFFFFFFFFFFFFFFFFFFFFFFFFFFFFFE4
S21400C760FFFFFFFFFFFFFFFFFFFFFFFFFFFFFFFFD4
S21400C770FFFFFFFFFFFFFFFFFFFFFFFFFFFFFFFFC4
S21400C780FFFFFFFFFFFFFFFFFFFFFFFFFFFFFFFFB4
S21400C790FFFFFFFFFFFFFFFFFFFFFFFFFFFFFFFFA4
S21400C7A0FFFFFFFFFFFFFFFFFFFFFFFFFFFFFFFF94
S21400C7B0FFFFFFFFFFFFFFFFFFFFFFFFFFFFFFFF84
S21400C800C00A00201D2801001508030015080300B3
S21400C81017F90200150803001508030015080300A1
S21400C8201508030015080300150803001508030083
S21400C8301508030050970300350803001508030089
S21400C84015080300FD7E0300150803001508030005
S21400C850519402000D7F0300097F03005D9C0200D7
S21400C860017F030041270100150803001508030097
S21400C870150803001508030015080300E556010017
S21400C8801508030015080300150803001508030023
S21400C8901508030015080300150803001508030013
S21400C8A01508030015080300150803006D55010060
S21400C8B0919C0200057F0300E1B5020081ED0000B7
S21400C8C0CD9C020015560100C97D02001508030024
S21400C8D015080300150803001508030015080300D3
S21400C8E01508030015080300CD34010015080300E1
S21400C8F015080300150803001508030000000000D3
S21400C90001F0FF01102A2BDB10F0070F08D010F8FB
S21400C910013B013A8B422DD010F0070F42B3F6D1FF
S21400C920F0B441EA012141EA014122F007047FF018
S21400C93000070023F0E80256083C85EA010586EA6F
S21400C940010685FA47F5A3FA87F586FA47F6A5FAAB
S21400C95087F68EB9EED1F0BC01F0FF0102F00702B7
S21400C96032B110F8013B013A83EA010313B1F8D162
S21400C9700020704701387047002D06BF3546033843
S21400C980073815F0010F07D1013015F4807F02BF7C
S21400C990013015F4C03F0130F0BC0138704700BFCD
S21400C9A02DE9F84305462DED048B10461E460C4631
S21400C9B01FF0E2F9B24B9FEDB39A002280468946FB
S21400C9C01FF054FA1FF034FDAF4B002208EE100A99
S21400C9D0494640461FF04AFA1FF02AFDAB4B09EEC7
S21400C9E0900A0022404649461FF040FA1FF020FDFC
S21400C9F007EE905A08EE900AF8EE677A39EE488A03
S21400CA0079EE699A79EE688A17EE907A042E00F22B
S21400CA108480DFE816F00500ED0141025C036F0339
S21400CA2038461FF0CBF986A3D3E9002306460F4607
S21400CA301FF08EFCB8B3FCEEC87AC4ED007ADFEDCA
S21400CA40947A77EEC87A17EE900A1FF0B7F9324656
S21400CA503B461FF00BFA7CA3D3E900231FF030FB04
S21400CA60804618EE100A89461FF0A8F902460B46C3
S21400CA70404649461FF044F81FF0BAFC74A3D3E9B9
S21400CA8000236060394630461FF062FC002840D123
S21400CA9071A3D3E90023304639461FF059FC00281D
S21400CAA000F07A819DE06AA3D3E900233046394638
S21400CAB01FF04EFCA8B362A3D3E9002330463946E4
S21400CAC01FF01CF8DFED727A77EEC87A064617EE8E
S21400CAD0900A0F461FF072F902460B46304639465A
S21400CAE01FF0C4F95EA3D3E900231FF0E9FA064657
S21400CAF018EE100A0F461FF061F90B46024639463B
S21400CB0030461EF0FDFF1FF073FC40F2CF2320607E
S21400CB106360BCEEC88A84ED028ABDEC048BBDE877
S21400CB20F8834DA3D3E90023304639461FF010FCA6
S21400CB30002840F035814CA3D3E90023304639461F
S21400CB401FF006FC002800F0A98032463B4646A1AE
S21400CB50D1E900011EF0D2FF4E4B00221FF086F9ED
S21400CB6043A3D3E900231FF0ABFA4B4B00221EF081
S21400CB70C7FF1FF03DFC206037A3D3E900233046F3
S21400CB8039461FF0E5FB002800F00D8132463B4693
S21400CB9031A1D1E900011EF0B1FFDFED3D7A77EE5D
S21400CBA0C87A804617EE900A89461FF007F90246B3
S21400CBB00B46404649461FF059F92FA3D3E90023F8
S21400CBC01FF07EFA804618EE100A89461FF0F6F827
S21400CBD002460B46404649461EF092FF1FF008FCF0
S21400CBE060601BA3D3E90023304639461EF086FF5B
S21400CBF0DFED277A77EEC87A064617EE900A0F46DC
S21400CC001FF0DCF802460B46304639461FF02EF978
S21400CC1019A3D3E900231FF053FA064618EE100AAC
S21400CC200F461FF0CBF802460B46304639461EF03C
S21400CC3067FF1FF0DDFBA0606FE700BFAFF300806B
S21400CC40EFEEEEEEEEEE6740EFEEEEEEEECE674087
S21400CC50ABAAAAAAAAEA6D403333333333F3714042
S21400CC60F0EEEEEEEE6E4740E17A14AE4785734086
S21400CC70E07A14AE47213840ECEEEEEEEE6E47401A
S21400CC8000004E400040344400003E4000002E406D
S21400CC9000C03344007086400000F03FB5F5B37F17
S21400CCA061D8D1A3D3E90023304639461EF026FFCB
S21400CCB0F7EE007A78EE677A804617EE900A894695
S21400CCC01FF07CF802460B46404649461FF0CEF859
S21400CCD0C7A3D3E900231FF0F3F9CD4B00221EF0C3
S21400CCE00FFF1FF085FBBEA3D3E900232060394663
S21400CCF030461FF02DFB00287FF448AFBAA3D3E9D7
S21400CD000023304639461FF023FB002853D1B6A334
S21400CD10D3E90023304639461EF0F0FEDFEDBD7A3B
S21400CD2077EEE87A064617EE900A0F461FF046F8AA
S21400CD3002460B46304639461FF098F8ACA3D3E9B6
S21400CD4000231FF0BDF9064618EE900A0F461FF0A6
S21400CD5035F802460B46304639461EF0D1FE1FF027
S21400CD6047FB606018E0FCEEC87A9DA3D3E9002379
S21400CD70C4ED007A304639461FF0EAFA00287FF400
S21400CD8005AF99A3D3E90023304639461FF0E0FAF1
S21400CD9088B940F2CF23636040F2CF23A360BCE69D
S21400CDA040F2CF20E7E690A3D3E900233046394689
S21400CDB01FF0CEFAC0B18AA3D3E900233046394625
S21400CDC01EF09CFE78EEC87A804617EE900A8946DA
S21400CDD01EF0F4FF02460B46404649461FF046F852
S21400CDE085A3D3E9002339E6B5F5B37FD1D88EE71E
S21400CDF0082D3AD8DFE805F0050F17202A3939390B
S21400CE003200FCEEC87A40F2CF23C4ED007AC4EDBF
S21400CE10027A636081E640F2CF23BCEEC88A2360C4
S21400CE2084ED028AF5E740F2CF23BCEEC88A236081
S21400CE30A36084ED018A70E60123236040F2CF23CD
S21400CE40FCEEE88AA360C4ED018A66E6BCEEC88AFA
S21400CE5040F2CF2384ED008AA360DAE7FCEEE87A9E
S21400CE600123236017EE903AF6E76B4B002240460C
S21400CE7049461EF0FBFF1FF0DBFA07EE900A39EE7C
S21400CE80679AFCEEC97AFCEEE99AC4ED007AC4ED26
S21400CE90027AC4ED019A40E63B2D1CD8FCEEC87A17
S21400CEA040F2CF23C4ED007ADFED5A7A636077EE66
S21400CEB0C87A17EE900A1EF081FF804638468946EB
S21400CEC01EF07CFF02460B46404649461EF0CEFF4B
S21400CED0524B00229FE6772D47D838461EF06EFF4D
S21400CEE002460B4606460F4600204C491EF006FE3C
S21400CEF0F7EE007A78EE677A804617EE900A894653
S21400CF001EF05CFF02460B46404649461EF0AEFF4A
S21400CF10424B00221FF0D4F8804618EE100A8946CD
S21400CF201EF04CFF02460B46404649461EF0E8FD02
S21400CF301FF05EFA32463B46206031A1D1E900017F
S21400CF401EF0DCFDDFED337A77EEE87A064617EE64
S21400CF50900A0F461EF032FF02460B463046394610
S21400CF601EF084FF2D4B0022EBE6B32D5CD838462E
S21400CF701EF024FF2A4B002206460F461EF0BEFD7A
S21400CF80284B00221EF072FF244B00221FF098F858
S21400CF901F4B00221EF0B4FD1FF02AFA32463B4615
S21400CFA0206019A1D1E900011EF0A8FD78EEC87A2C
S21400CFB0064617EE900A0F461EF000FF02460B4686
S21400CFC0304639461EF052FF144B00221FF078F808
S21400CFD006460F4618EE100AB9E600BFAFF300800B
S21400CFE03333333333F37140E17A14AE47857340FD
S21400CFF0F8285C8FC2D54640E07A14AE4721384008
S21400D0000000000000C05D400000000000606640B8
S21400D0100000F03F00C033440080464000804D4092
S21400D02000005E4000708640FCEEC87A40F2CF20DA
S21400D030EF2D17EE906A20601AD8C4ED017A3846B4
S21400D0401EF0BCFE02460B4630A1D1E900011EF0E0
S21400D05055FDDFED2B7A77EEC87A064617EE900A76
S21400D0600F461EF0ABFE02460B46304639462DE70D
S21400D070B5F5967F28D238461EF0A0FE214B00223A
S21400D0801EF03CFDDFED1E7A77EEC87A804617EE7E
S21400D090900A89461EF092FE02460B4640464946D6
S21400D0A01EF0E4FE184B00221FF00AF8804618EE29
S21400D0B0100A89461EF082FE02460B464046494646
S21400D0C01EF01EFD1FF094F9C4E9010625E5B5F52E
S21400D0D0967F40F2CF233FF6A0AE962D3FF6A5AE44
S21400D0E03C2D02D901222260AAE6BCEEC88A84ED55
S21400D0F0008AB1E6FCEEC87AC5E600BFAFF3008052
S21400D10000C0334400006E4000804D400000000028
S21400D11000E06D400000000007EE900AF8EE677A27
S21400D12008B517EE900A1EF049FE1D4B00221EF0B1
S21400D130C7FF1FF05DF980B2B0F5E17F20D3B0F5F0
S21400D140FA6F1FD8A0F5E17007EE900AF8EEE77ABE
S21400D15017EE900A1EF032FE0DA3D3E900231EF050
S21400D16085FE0DA3D3E900231EF0AAFF1FF060F989
S21400D17007EE900AFCEEE77A17EE903A98B208BDF2
S21400D1800020FCE74FF4B470F9E700BFAFF300806F
S21400D1900000000000707640000000000038984054
S21400D1A0000024400000000038B5174BD3F81C419F
S21400D1B005F09CF9F3210546002006F003FAC4F3B7
S21400D1C00B14A4EB101420B207EE900AF8EEE77AE0
S21400D1D017EE900A1EF0F2FD09A3D3E900231EF015
S21400D1E045FE1FF0DDF805FA80F0143000EB8000F5
S21400D1F0400000B220EAE07080B238BDAFF3008095
S21400D2009F88EA52C83AC53F0081E00F0000000040
S21400D21040F2E633984210B504463CD81EF0BCFDFA
S21400D220952C4FF000020AD81F4B1EF049FF1F4BEB
S21400D23000221EF01BFE1FF0DBF880B210BDB4F516
S21400D240617F15D91A4B1EF059FC184B00221EF0B0
S21400D2500DFE154B00221EF033FF1FF0C9F880B2FA
S21400D2601EF09AFD0EA3D3E900231EF049FCE2E768
S21400D2700D4B1EF043FC0F4B00221EF021FF0E4B01
S21400D28000221EF0F3FD1FF0B3F880B21EF084FDFE
S21400D290064B0022E9E740F26710CFE7AFF30080C5
S21400D2A00000000000C072400000594000004E40E0
S21400D2B000208C400000894000006E400000000006
S21400D2C0F8B505462DED088B144608EE901A002A90
S21400D2D06ED090F88B00DFED4CAADFED4C9A9FEDF8
S21400D2E04C9A9FED4C8A06F003FD83880AEE103AAE
S21400D2F0B4F5FA7FF8EE688AB8EE4AAA3ED207EE90
S21400D300904AF8EE677A17EE900A1EF057FD02462E
S21400D3100B46002040491EF0F1FB3F4B00221EF05A
S21400D320CFFE1FF085F80BEE100A1AEE100A1EF05C
S21400D33045FD06461BEE100A0F461EF03FFD30A3C5
S21400D340D3E900231EF092FD02460B4630463946CE
S21400D3501EF0D4FB1FF06CF8DFED307A4BEE67AAB8
S21400D360DFED2F7A4BEE679ADFED2E7A0BEE679A9B
S21400D370DFED2D7A0BEE278A0AEE100A95F88B0061
S21400D38006F0B6FCF4EEEA8AF1EE10FA14DD78EE5A
S21400D390EA8A3AEE6AAADFED257A88EE8A7A77EE8E
S21400D3A0C97A07EE279ABCEEC99A19EE103A9CB2D3
S21400D3B0BDEC088B2046F8BDF4EEE98AF1EE10FAD3
S21400D3C011D8438907EE903AF8EE677A79EEE88A44
S21400D3D079EEE79AC8EEA97A07EEC88ABCEEC88A44
S21400D3E018EE103AE3E778EEE98A7AEEE9AA39EE23
S21400D3F0489AC8EEAA7A07EE898AEFE7AFF300806C
S21400D40000000000806FD04000176047009D2E4748
S21400D410000075440000484200407F400088D14527
S21400D42000D06845000002430000C84200007A446D
S21400D43070B5414C00238AB0E363054618B10088F6
S21400D44023600EF0E1FD3D4E3D482AF057F93D4B76
S21400D450336030463C4B736026F06AFA0021304653
S21400D46018F018F932A3D3E90023A062C4E9062312
S21400D47026F069FAD4E9062319431043C4E90601E5
S21400D480CDE900014FF0FF334FF0FF32A06A2AF0DB
S21400D490B7F902224FF0FF31A06A2AF0B3F9012053
S21400D4A00EF044FA2949A06A4FF4007300222AF0CD
S21400D4B00BFAB0F5007F38D10023CDE90733099386
S21400D4C094223C23CDE903320593A06A962303A950
S21400D4D0069318F003FA35B3287C0EF035FE0546A1
S21400D4E0F0B9A06A2AF0CDFA0EF0DCFD0EF000FAD4
S21400D4F020B14FF4807000210BF08AF90EF008FA84
S21400D50020B14FF4006000210BF082F926F0DFFA1C
S21400D510012018F013F90E4A0E49A06A26F006FA02
S21400D52028460AB070BDFF20D7E70725F8E700BFFA
S21400D5300DD501552000000010190020CC24002035
S21400D540690345ECB1B70100DC240020CC220020A2
S21400D550D5380300153903000348044B834202D034
S21400D560034B03B118477047F0180020F01800204E
S21400D570000000000548064B1B1AD90F01EBA3015B
S21400D580491002D0034B03B118477047F01800202B
S21400D590F01800200000000010B5064C237843B9B0
S21400D5A0FFF7DAFF044B13B10448AFF30080012302
S21400D5B0237010BD5E2F00200000000008D003007E
S21400D5C008B5054B1BB105490548AFF30080BDE81B
S21400D5D00840FFF7CFBF00BF00000000301B002050
S21400D5E008D00300A3F5803A704700BF174B002B06
S21400D5F008BF134B9D46FFF7F5FF00218B460F46ED
S21400D6001348144A121A2AF03EFF0E4B002B00D085
S21400D61098470D4B002B00D09847002000210400AF
S21400D6200D000D48002802D00C48AFF300801FF014
S21400D6306FFB2000290023F0D0F91FF0C9F800BFC7
S21400D640000008000000000000000000C00A0020E3
S21400D650F0180020D4310020000000000000000078
S21400D66008B5124BA822002118462AF00CFF032208
S21400D6700346026142610E480E4A98614FF480618B
S21400D680DA61002219629A625A62DA6218660A48F9
S21400D6905866996609491A67DA665A6711F8010DDD
S21400D6A098540132102AF9D108BD00BF481800204E
S21400D6B0009403004814002048100020199403002A
S21400D6C02DE9F84FDFF8808098F80030532B82461B
S21400D6D08946164601D0FFF7C3FF182707FB0A87BF
S21400D6E03D6FD7F86CB05D452BD9BC6E796E641B68
S21400D6F0B44228BF34462944484622462AF0DDFE76
S21400D700BB6E2544A144361BAB4208BF0025ABEBDD
S21400D710050B5E4528BF5E4656B1182303FB0A83F9
S21400D7203246596E484629442AF0C7FE34443544EA
S21400D73024B1182303FB0A88C8F870502046BDE8B9
S21400D740F88F0024E3E700BF48180020F8B5144B14
S21400D750182700FB07751D4407FB00330E46DB6ADF
S21400D760012B14460AD0022B14D023B9284620F0E9
S21400D770CFFC844208D900242046F8BD284620F075
S21400D780C7FC844228BF044622463146284620F07D
S21400D790C8FCF1E72846BDE8F84020F0DDBC00BF35
S21400D7A048180020F8B50B4B1B78532B04460D4643
S21400D7B0164601D0FFF754FFEFF311874FF0200114
S21400D7C081F31188324629462046FFF7BFFF87F3CC
S21400D7D01188F8BD481800202DE9F041164C1E4669
S21400D7E02378532B05468846174601D0FFF738FFA7
S21400D7F0022D1DD8EFF3118C4FF0200181F3118814
S21400D80065B1182005FB0003E21844F80380576052
S21400D81000FB05420023166293625362182303FB43
S21400D8200544069BE3628CF311880020BDE8F08176
S21400D8304FF0FF30FAE700BF481800202DE9F84304
S21400D840154E1F463378532B05468946904601D021
S21400D850FFF706FF022D1BD8EFF311824FF02001D1
S21400D86081F3118855B1182404FB05640023C4F81D
S21400D8706090C4F86480A7662367E366182303FBFA
S21400D8800566089B736782F311880020BDE8F8835D
S21400D8904FF0FF30FAE700BF48180020044B1B6823
S21400D8A0584043085B4240421843C017704700BFC9
S21400D8B0481B0020F8B50E46C9880546144620F0D9
S21400D8C096FC0746D0B92046FFF7E8FF104B3168B4
S21400D8D01A68B5F90430424023EA0203B6F9042078
S21400D8E0024013430446AB80F2880346286800F0E3
S21400D8F00DFAF388E888E443834201D33846F8BD3E
S21400D900296851F82320224041F823200133F3E709
S21400D910481B00202DE9F04F99B083460F46184665
S21400D92000211646049320F0BFFD002800F08781F2
S21400D930784B14930024012515AB049913933046B5
S21400D940CDE90B45CDE90D45CDE90F45CDE91145AE
S21400D95020F033FDA04228DABBF1000F05D1E7B96D
S21400D9600024204619B0BDE8F08F2146584620F026
S21400D970B2FC04460028F2D00BA820F02AFC0DA822
S21400D98020F027FC0FA820F024FC11A820F021FC92
S21400D9900C2115A800F0A2FEE3E73146384620F039
S21400D9A065FC04460028E7D1DAE731460BA820F0EC
S21400D9B05DFC04460028DFD104990DA820F056FC33
S21400D9C004460028D8D1F188ADF8385002310FA8A7
S21400D9D0ADF8305020F00BFC04460028CCD10146B0
S21400D9E00FA820F078FC04460028C5D1F18811A8BD
S21400D9F0023120F0FCFB04460028BDD10DA820F023
S21400DA0096FC00F01F001F2873D0C0F11F031946B4
S21400DA100BA8019320F0ABFC04460028ACD101997A
S21400DA200DA820F0A4FC04460028A5D1BDF832506D
S21400DA30BDF83A80A5EB080A4FEA4A1949460DA8F0
S21400DA4020F095FC0446002896D14FEA8A0A0DA9D4
S21400DA500BA820F0E1FC00284DDA49460DA820F07E
S21400DA60A3FC0446002887D108F1FF3302939B00ED
S21400DA7005F1FF3A069305F1804508F18043023B25
S21400DA80013D9B00A5EB08050993AB000393029BA1
S21400DA909A4541D8BBF1000F0DD00FA9584620F08B
S21400DAA0E5FB002840F0C780049AB388928813FBF1
S21400DAB002F3ABF80430002F3FF45EAF01990BA8D9
S21400DAC020F072FC002840F0B680B388ADF8303005
S21400DAD00BA9384620F0CAFB0146002840F0AD806E
S21400DAE0384620F0E1FC00287FF446AF0123BB80D7
S21400DAF042E701949AE70F9A52F80A300BA90133CD
S21400DB0042F80A3008460DAA20F0B4FD0446002864
S21400DB109DD031E7010003000D9B069A0593134440
S21400DB20DDF82C900893059B59F82A109A580F9DFB
S21400DB304FEA8A08A8F104030793039B91421D4409
S21400DB4074D20798002359F800001EF0C1FC002983
S21400DB5014BF4FF0FF330346BAF1010F2B6016BF18
S21400DB6009EB0803002353F8083C1593079B099A12
S21400DB7059F80330169359F8083017932B68013379
S21400DB802B60059B134498462B68013B2B600021B5
S21400DB9011A820F0A0FB00284DD1029B002B48D0F6
S21400DBA0D8F80020119B1A60089A12685A6011A9CA
S21400DBB02A68084620F0E7FD00283CD113A911A8E2
S21400DBC020F02AFC0028DFDC2A680DA911A820F026
S21400DBD0DAFD80BB039B4FEAC308414611A820F03C
S21400DBE0C6FB40BB0BA9084611AA20F043FD014620
S21400DBF018BB0BA820F058FC002812DA0DA911A8B3
S21400DC0020F034FBB8B9414611A820F0B0FB90B91B
S21400DC100BA911AA084620F02AFD60B92B68013B23
S21400DC202B60039B0AF1FF3A043B2FE74FF0FF33CC
S21400DC3092E7029AB6E704469EE60C469CE66FF02C
S21400DC400B048EE6044B1B68584043085B42404278
S21400DC501843C017704700BF481B002010B50B4C78
S21400DC60226823684240594081EA0200C00FFFF74D
S21400DC70E9FF2368521A434022EA03020840104391
S21400DC80BDE81040C00FFFF7DDBF00BF481B0020F7
S21400DC90F8B50D46014628681746FFF7DFFF084B24
S21400DCA01E68C1430124BC4202D346EA0100F8BD07
S21400DCB055F82400FFF7C6FF01340643F3E700BF1C
S21400DCC0481B0020104B2DE9F0471E68884619684F
S21400DCD01D680746541E631C02D13046BDE8F08717
S21400DCE058F824A057F8249050464946FFF7B6FF48
S21400DCF0514605434846FFF7B1FF20EA05031E4399
S21400DD000543013CE7E700BF481B00208842F0B50A
S21400DD1004D0094F04380025AA4200D1F0BD3E6861
S21400DD2050F8044F5E4024EA060451F825601E4071
S21400DD30344304600135EFE7481B00202DE9F04F1F
S21400DD4085B0DFF8889003911C46064621461046AB
S21400DD50D9F80030D9F8003020F096FDC51D272DE3
S21400DD604FEAD50325F00705904602938CBF4FF087
S21400DD701E0A4FF0FA0A2D1A0F9B0093029A0E9B6A
S21400DD802146304620F07DFF0746C0B92A46214688
S21400DD90304620F0F2FDBAF1010A14D02246314690
S21400DDA00398FFF775FF2246834641463046FFF745
S21400DDB089FFD9F800200BEA00039A42DCD03846E7
S21400DDC005B0BDE8F08F6FF00D07F8E7481B0020A0
S21400DDD0044B0246586800B9704719789142FBD048
S21400DDE00833F7E71C94030010B50446A8B1006C8E
S21400DDF010B14C2121F047FCE06B40B12368074A84
S21400DE00DB79C3F3840352F823305B6998472046D6
S21400DE104821BDE8104000F061BC10BDC00A0020DB
S21400DE2038B505460C4681B1482200212AF02BFB66
S21400DE30E379084AC3F3840352F823301B699847F2
S21400DE40E86320B12C60002038BD0348FCE7034897
S21400DE50FAE700BFC00A0020009FFFFF809EFFFF7A
S21400DE60F0B58BB0044604A817461E460D4621F0B2
S21400DE702DFA00230293119B0193109B00932046DA
S21400DE803B46324604A900F01BFB044640B904A8F2
S21400DE9021F095FA50B904A9284620F0E7F904467F
S21400DEA004A821F042FA20460BB0F0BD004CF7E77C
S21400DEB080B0FFFF70B50C460646114620461A464F
S21400DEC020F0F4FB0546A0B9B36C33B9321D2146E9
S21400DED02046BDE8704020F087BCB4F90430002B23
S21400DEE009DB204620F023FAF36BB0EB430F09D989
S21400DEF0184D284670BD0146204620F0D5FA002869
S21400DF00EFD0F5E7B36C2046984705460028F0D1D9
S21400DF100436B4F90430002B04DA0021204620F041
S21400DF20C3FA68B93146204620F076FA0028E0DBCE
S21400DF3032462146204620F018FB0028F2D006E0A4
S21400DF4032462146204620F092FB0028E1D00546C6
S21400DF50CFE700BF80B0FFFF38B50D46044600216E
S21400DF6005F1100020F0A0FA50B1204622F091F8FA
S21400DF7028B129462046BDE8384002F02BBA0148B1
S21400DF8038BD00BF80B1FFFF2DE9FF410E460546B4
S21400DF90012106F1100020F087FA044650B9284601
S21400DFA021F08BF901287AD12146304620F07CFA00
S21400DFB0002801DA3B4C6EE006F108082146404690
S21400DFC020F072FA0028F5DB2F1D3946304620F087
S21400DFD023FA0028EEDA3946404620F01DFA0028DB
S21400DFE0E8DA684620F0F0F802A820F0EDF843469C
S21400DFF0424669462846FFF75DFF0446002844D19E
S21400E0003346324602A92846FFF754FF0446002846
S21400E0103BD1EB687BBB02A90322084620F02EFB0F
S21400E020044690BBBDF90C30002B04DA002102A890
S21400E03020F03AFAC8B902AA334611462846FFF736
S21400E04039FF044608BB02AA05F114031146284608
S21400E05021F0C8F80446C0B902A9684620F0DCF9E9
S21400E060104B041E18BF1C460FE002A93A4608468D
S21400E07020F0FDFAD4E702AA05F10C031146284663
S21400E08021F0B0F804460028D5D0684620F0A1F864
S21400E09002A820F09EF8204604B0BDE8F081024CAD
S21400E0A0F9E700BF80B3FFFF80B0FFFF38B5054635
S21400E0B021F003F901280C4601460DD1204620F038
S21400E0C0F3F9002806DB05F13401204620F0A4F918
S21400E0D0002803DB024838BD0248FCE70020FAE7C8
S21400E0E080B3FFFF80B0FFFF2DE9F04FB5B00546C7
S21400E0F001919246994621F0CCFF0290A0B12846A5
S21400E10021F0CCFF044658B951462846FFF7CEFF0B
S21400E110044628B949462846FFF736FF044698B114
S21400E120284621F0BDFF81E151462846FFF7BEFF95
S21400E1300446002840F07A8149462846FFF724FF27
S21400E1400446002840F07281284621F0B6F80128DF
S21400E15040F0AD812B6C1821013302204FEA5308A2
S21400E16021F0CFFA0646002800F09F8106F1180736
S21400E17021F0ACF8384621F0A9F8002413AB1819A2
S21400E180083420F021F8202CF8D14946304621F0FA
S21400E19000F90446002841D18346D84520D13946A7
S21400E1A02846FFF7D9FE0446C0BB284621F071FF7B
S21400E1B030B33B4632463946284601F05DFF0446FA
S21400E1C060BB39462846FFF7C7FE044630BB06F15B
S21400E1D010001FF0FEFF06F128001FF0FAFF1DE0FA
S21400E1E00123BBFBF8F103FA01F2D2B2182308FBB5
S21400E1F011B103FB026929B1284621F04AFF50BB42
S21400E200AC4C0BE002F0FE0101EB520106EBC10143
S21400E210484621F0BEF804460028EDD04FF000092D
S21400E22013AB03EB090009F108091FF0D2FFB9F19F
S21400E230200FF5D1D4B1AB6D9E4208D0304621F008
S21400E24074F8384621F071F8304621F06AFA0198E1
S21400E25021F06BF8E6E04A464946284602F004F804
S21400E26004460028DAD10BF1010B96E705A81FF04B
S21400E270ABFF05F1340B0BA81FF0A6FF214658464E
S21400E28020F045F8012840F0D8802146504620F07E
S21400E2903EF85146814605A81FF0E8FF044630B117
S21400E2A00BA81FF096FF05A81FF093FFC3E7524682
S21400E2B059460BA820F0DEF904460028F0D1B9FA3A
S21400E2C089F94FEA59194A460BA905A8FFF7F2FA49
S21400E2D004460028E4D1014608F1010213A80DF116
S21400E2E04C0B2AF0D0F8A2465B46D045039300F0CC
S21400E2F0A180514605A820F00AF8039B1C7808EB7D
S21400E3000A01044305A820F002F8E4B2039B44EA9D
S21400E310400403F8014B0AF1010AE6E79BF8010006
S21400E3209BF8003080EA020C6FEA0C0101F0010154
S21400E33013FB01F3104003EA0C0283EA0C030BF80C
S21400E340013F1BF8013C43EAC11302430BF8013CB2
S21400E3500134A245E2D20BA81FF03BFF05A81FF030
S21400E36038FF05A820F0B2FF00240BAB18190834BC
S21400E3701FF02AFF202CF8D10AF1D0036B44019934
S21400E38013F8843C3246284620F056FF044648B927
S21400E3903E9B002B00F08480284621F07AFE002861
S21400E3A04DD1444C05A820F039FF4FF000080BABC8
S21400E3B003EB080008F108081FF00BFFB8F1200F68
S21400E3C0F5D1002C7FF437AF01994A46284620F055
S21400E3D0E5FE044600287FF42EAF3E9B73B1284628
S21400E3E021F057FE00285ED0DDE93E23019928463D
S21400E3F001F090FD044600287FF41DAF01992846E1
S21400E400FFF7AAFDAB6D9E42044608D0304620F0CA
S21400E4108CFF384620F089FF304621F082F9002C28
S21400E4207FF415AF029B002B7FF47AAE204635B002
S21400E430BDE8F08F002201248BE71F4CFBE6DDE9E8
S21400E4403E230199284601F065FD48B30446A9E736
S21400E45028460AF1FF3A21F01CFE0028A1D0019AB6
S21400E4602846114601F000FF0028EFD118F80A30C0
S21400E470324605A9284620F0DFFE0028E6D12846C9
S21400E48021F007FE00288CD0019A05AB11462846DD
S21400E49001F0F2FD0028D9D1BAF1000FD8D181E7FA
S21400E4A00DF14C08F8E7034CC5E6044CCFE6024CE9
S21400E4B0B8E700BF80B1FFFF80B0FFFF80B2FFFF6C
S21400E4C030B4DDE9024524B1CDE9024530BCFFF7A2
S21400E4D00BBE014830BC704780B0FFFF73B50546E1
S21400E4E01E4620F0EAFE01280C4601460ED11346D1
S21400E4F0009605F13402204620F0A8F9044B10F1EE
S21400E5000E0F18BF0346184602B070BD014BFAE75F
S21400E51000B3FFFF80B0FFFF38B504460D4620F07D
S21400E52008FF204620F0E0FE032D257023D1144B73
S21400E530144AA3606260A361134AA3632362A362C2
S21400E540124B62616362124A62634FF00113114A12
S21400E5502363114BE362E261201D1FF0E8FEE063D7
S21400E56004F134001FF0E3FE20640020C4E9160026
S21400E5700123636438BD002308482370FAE700BF10
S21400E5800100080010950300F0940300B094030007
S21400E59090940300D0940300C80A002080B1FFFFC7
S21400E5A037B504460025294645612822183029F04B
S21400E5B06AFF2046256121F02EF8012300930449C6
S21400E5C020232A46204620F091FF03B030BD00BF2E
S21400E5D009010300082804D00928034818BF0020B2
S21400E5E070470248704700BF30950300339503001C
S21400E5F070B50D461646044600B109B9104870BD00
S21400E6000023C0E9023301600B78082B01D0092BE8
S21400E610F4D16C21012021F074F8A06070B121F0D3
S21400E6205CFD0EB90020EAE7A978022021F069F81F
S21400E630E0600028F6D1204620F0F1FF0148DEE732
S21400E64000AFFFFF80AEFFFF30B1036823B11B7839
S21400E650082B03D0092B05D003487047012180689A
S21400E66001F0E6BF0021FAE700AFFFFF30B1036814
S21400E67023B11B78082B03D0092B01D00248704722
S21400E680806821F02EBD00BF00AFFFFF30B10368E9
S21400E69023B11B78082B03D0092B01D00248704702
S21400E6A0806821F025BD00BF00AFFFFF10B4044610
S21400E6B0084611461A4624B12378082B05D0092BA4
S21400E6C008D005485DF8044B704701235DF8044BFD
S21400E6D020F0E3BF0023F9E700AFFFFF10B50A46BE
S21400E6E0044619B1024B00211B68984710BD00BFB5
S21400E6F0CC0A00204FF0005302221A60BFF34F8F5F
S21400E7000549064BCA6802F4E0621343CB60BFF3C8
S21400E7104F8F00BFFDE700BF00ED00E00400FA05E4
S21400E720024A034903480EF017B800BF38950300A5
S21400E73060950300A895030038B500F0BFFA094CB1
S21400E740094B1A6823680025C31A2AB123B15169F8
S21400E750994203D3C91A5161206038BD55615B1ACE
S21400E7609268F2E7501B0020541B0020C38870B547
S21400E77004460D463BB921F09FF88542064602D274
S21400E78021F09CF835460E4965610B688BB90C6024
S21400E790A3600DE0AD1A9A68656118466AB1134623
S21400E7A05A69AA42F6D930B18460521BA3605A61F6
S21400E7B070BD0020F4E70C60F7E79C60A260F7E706
S21400E7C0541B002038B5134D2B685B6993B1124A71
S21400E7D0146802201C4400F0A5FA204600F074FAE3
S21400E7E00E492A6800230B70D088800709D50123BC
S21400E7F00B7038BD022000F095FA022000F0B8FA3F
S21400E800EEE79268002AF4D050690344012BEBD956
S21400E810EFE700BF541B0020501B0020602F002095
S21400E82070B516469DF814200271049A0260C0E97D
S21400E83003360022BDF81830826004460D46C380B9
S21400E840EEB900F03BFA2844A0619DB12E4621F0B7
S21400E8500FFD0546FFF770FF31462046FFF786FF9F
S21400E860104B1B68A34201D1FFF7ACFF284621F0EE
S21400E87003FD02E0E36865617BB9002070BD00F02F
S21400E8801DFA3044A061002DE0D1E3686561002BDD
S21400E890DDD0216820469847D9E72168204698476A
S21400E8A0EBE700BF541B00200C490B6800227BB12D
S21400E8B083420AD183687AB1936083681BB15A6930
S21400E8C041690A445A61002070471A469B68EEE781
S21400E8D00028EFD0022070470B60EEE7541B0020A4
S21400E8E070B5154E21F0CBFC34780546FCB9134BB9
S21400E8F01C60134B1C60134B1C8000F09BF901201E
S21400E90000F010FA00F054FA0F4B0246186020B9D7
S21400E910284621F0BAFC232070BD23460B4840F25F
S21400E920E7311DF0D5FD0A4B1860012333702846E9
S21400E93021F0ABFC0020EFE7612F0020541B0020E5
S21400E940501B0020942C0020581B002018FCFFFFB2
S21400E9504C1B002070B5044640B321F089FC144ED1
S21400E9600546FFF7E9FE3068A04209D02046FFF7CB
S21400E9709BFF0446B0B1284621F07EFC204670BDC1
S21400E980FFF792FF04460028F5D133683BB9022012
S21400E99000F0D6F9284621F06FFC0024EEE7FFF7DA
S21400E9A011FFF7E73368002BF4D1F0E72224E5E700
S21400E9B0541B002038B50C460546A8B1A1B100236B
S21400E9C00B7021F05CFC094B1B68012133B921F068
S21400E9D05CFC002038BD9D4204D121702278002ABC
S21400E9E0F9D0F4E79B68F1E72220F3E7541B0020F8
S21400E9F0014B1868704700BF581B0020F8B50C4B39
S21400EA001B68834205460E460FD30A4B00241F6838
S21400EA1040F2E73021464FF47A720023E5FB070107
S21400EA201DF056FD30602046F8BD2120FCE700BFF3
S21400EA304C1B0020581B0020F0B587B01F46002353
S21400EA400C4616468DF81330054650B30DF11301EB
S21400EA50FFF7B0FF9DF813302BBB05A92046FFF744
S21400EA60CDFFE0B9114BE8831B685C434FF47A7323
S21400EA70B4FBF3F203FB1244191B89B2994208BF98
S21400EA800021BDF83430A983059A02939DF83030F2
S21400EA901146CDE9007328463346FFF7C1FE07B09E
S21400EAA0F0BD2220FBE70220F9E700BF581B00203C
S21400EAB0014B1868704700BF4C1B00200F4B1A68AC
S21400EAC010B59AB1531E4FF47A711342A0FB0101A0
S21400EAD00ED1B2FA82F2C2F11F04531CE040D243B8
S21400EAE001FA03F3184321FA02F20243104610BD5E
S21400EAF000231DF0EDFC0246F8E700BF581B00207F
S21400EB00C2072DE9F04704460BD5474A1388013360
S21400EB109BB21380FFF710FE444B1B680BB1FFF748
S21400EB2051FEA3077ED521F0AAFB0546FFF704FE9B
S21400EB304FF000093D4F4E46C8463C680CB163692D
S21400EB408BB13B4B0022012E1A7003D119F0020F35
S21400EB5018BF1E70002C61D0FFF734FE2846BDE8B3
S21400EB60F04721F092BB23465A693AB91A792179BF
S21400EB70914288BF1C469B68002BF5D1284621F0A1
S21400EB8084FB2569DDB100F099F8A269A0EB0209C3
S21400EB904FEAE9734D4578EB030311DA2369134412
S21400EBA0A361E368B4F80690013613B121682046E5
S21400EBB0984721F064FB0546FFF7BEFDBDE7A94672
S21400EBC021F05DFB82462046FFF76EFE504621F0A0
S21400EBD05CFB2369002BE4D0A38BB5EB090533B1AE
S21400EBE0E28B13449BB2B3F57A7F0FD2E38321F016
S21400EBF046FB294681462046FFF7B8FDA3692269F1
S21400EC001344A361484621F040FBCAE7A3F57A7394
S21400EC10E383A369013B013DA361E8E7022000F01E
S21400EC208FF89BE7BDE8F087942C0020541B00204B
S21400EC305F2F002010B51D4B86B01868596803AAD0
S21400EC4003C2197AD3F8090011700190B3F80D20A9
S21400EC501748DB7BADF8082001218DF80A30002428
S21400EC6001F0E6FF03A88DF80C408DF8104003F085
S21400EC70F1FB01A901208DF8044003F0CBFB0D4AFF
S21400EC80536A23F4FF6323F00703536240F2FF73D3
S21400EC9013620120946003F0D7FB074B4FF000424D
S21400ECA0C3F880211A6006B010BD00BFD6950300D9
S21400ECB0A00914000020044000E100E0014B986821
S21400ECC0704700BF0020044010B5044621F0D0FA7B
S21400ECD0124A9368516D9269520704D4CA1A032ADD
S21400ECE001D899420DD1E21A022A98BFDC1C0B4BC0
S21400ECF0B4F1FF3F38BF013C5C655A6A42F004023B
S21400ED005A6221F0B9FA064A137833B103490B6DFB
S21400ED1043F002030B650023137010BD002004406F
S21400ED20FE0F00208207054A00F00103516A48BF23
S21400ED3043F004030B435362704700BF00200440B7
S21400ED40820700F0010309D5074A0121117007491F
S21400ED500A6D22F0030243F004030A6503494A6A77
S21400ED6022EA03034B627047FE0F00200020044097
S21400ED70830742BF014B0422DA617047002004403B
S21400ED8010B521F07CFA094A93690446590703F046
S21400ED90010003F0070348BF40F002001362FFF7CC
S21400EDA0AFFE2046BDE8104021F06FBA00200440B8
S21400EDB0014802F08FB800BFA0091400014802F015
S21400EDC06BB900BF05002400F8B5114B05465C5C26
S21400EDD00F46032805D8DFE800F002080B0E44F0C3
S21400EDE002040C4B1E684EB9F8BD44F00804F8E760
S21400EDF044F02004F5E744F08004F2E773681A68EC
S21400EE00144203D05B683946284698473668EAE7D6
S21400EE10E69503005C1B002070B50D4E21F028FA25
S21400EE20337805465BB9FFF75BFD044620B12846FC
S21400EE3021F022FA204670BD064821F0E4FC20F0BE
S21400EE4041FD012328463370002421F015FAF1E72E
S21400EE50632F00205C1B002038B54160044621F07B
S21400EE6007FA21460546044821F0D0FC2846BDE8AE
S21400EE70384021F001BA00BF5C1B0020F8B5EFF364
S21400EE80108672B6AFF3008021F025FD20B9AFF3EF
S21400EE900080F6B962B61CE00E4D012100202970F4
S21400EEA0FFF792FF012000F017F806B962B6EFF3FD
S21400EEB010873E4672B621F01DFD04460028F1D1AB
S21400EEC001462878FFF780FF2C70AFF30080002FF4
S21400EED0E0D0F8BD622F002002280AD003280BD00D
S21400EEE001280CD1064A136923F00403136130BFCE
S21400EEF07047002002F060BD002002F0A1BD704700
S21400EF0000ED00E0BFF35F8F074B5A6A22F48032B1
S21400EF105A62D3F8942022F00102C3F89420BFF37B
S21400EF204F8FBFF36F8F704700ED00E0F0B5374DA1
S21400EF3037493848002387B0CDE90333FFF7E2FFAF
S21400EF402C68354B4FF00052C3F89840661CC3F847
S21400EF509C208142314AC3F8A0202E6041D005ABE8
S21400EF60019304AB0A1A009303AB20F0B5FCDDE96D
S21400EF700372059BDFF8A8E0072BA2EB01024FF017
S21400EF8001018CBF4FEAD30C4FF0200CB2FBFCF211
S21400EF9001FA02F2013AD2B2AEEB070EC01BB3FA88
S21400EFA083F3BEFBFCFEB0FBFCF08E44814002FA0D
S21400EFB00EF20139C3F11E0311435B0001F0FF019D
S21400EFC003F03E0343EA0123134A43F0407343F041
S21400EFD001130234C2F89860C2F89C70C2F8A030E0
S21400EFE02C60BFF35F8F0C4B0522C3F894205A6A3F
S21400EFF042F480325A62BFF34F8FBFF36F8FBFF376
S21400F0004F8FBFF36F8F07B0F0BD00BF601B0020AF
S21400F010401000202810002000ED00E03900011309
S21400F0203F100020BFF34F8F0549064BCA6802F415
S21400F030E0621343CB60BFF34F8F00BFFDE700BF16
S21400F04000ED00E00400FA0510B5044621F010F9C2
S21400F050024B1C6021F010F9002010BD641B00203C
S21400F06010B521F005F9034B1C6821F005F9204680
S21400F07010BD00BF641B002013B5002301241A46F0
S21400F080194600941846FEF7A7FB00231A461946B1
S21400F09018460094FEF7D2FB0248FFF7D5FF002083
S21400F0A002B010BDD00A0020034B18680023806809
S21400F0B0022219461DF0F8BC480D00207FB5094B0A
S21400F0C06A4603F11006154618685968144603C4C4
S21400F0D00833B3422246F7D1284602F019FF002033
S21400F0E004B070BDEA95030070B5194B86B001AA4E
S21400F0F003F11006154618685968144603C4083309
S21400F100B3422246F7D11B882380124BD3F8B42093
S21400F110120317D5A3F500434FF6FF721B889342E0
S21400F12008BF4FF48D730C48ADF80A3003F0ECFBC3
S21400F130284602F087FA4FF4FA7001F0BFFF00206D
S21400F14006B070BDD3F8B830C3F30803EBE700BFD2
S21400F150FA9503000081E00F00F0490207B5084B5E
S21400F16018680190202301A88DF8043002F0AAFA4E
S21400F170642001F09DFF002003B05DF804FB00BF93
S21400F1800C96030010B50C480C4C6FF00403A0213D
S21400F19013F0800F03F1010207D123442F2A83F8CE
S21400F1A000131346F4D1002010BD03F00F03043BF8
S21400F1B0034419761346EBE700ED00E000E100E0BB
S21400F1C0024B03480122C3F8002670470010C843CC
S21400F1D000000F40094B98420ED003F5806398421A
S21400F1E009D10122064B03EBC2035A68054B1344B0
S21400F1F09B0000221A6070470022F3E700000F40D1
S21400F200109603008005F210024B03480122C3F853
S21400F210002670470010C84300000F40044B984279
S21400F22003D003F58063984201D1FFF7D3BF704740
S21400F23000000F4070B5114C114E0A25236843F4A8
S21400F240807223F4807322603046236001F042FE11
S21400F2500023800A62680AB983420AD1636853B9F8
S21400F260013DEBD1236823F0010323606FF0920089
S21400F27070BD0133EEE70020FAE700BF00D0014082
S21400F280700002002DE9F04F85B0634D0092634A8E
S21400F290D2F8C03043F40043C2F8C0302B68DC0715
S21400F2A081468A4616D500245B4D4E46D0462746F4
S21400F2B04FF00A0BB8F1000F2BD144B114F1940FA4
S21400F2C005D042460021484629F0DDF80027009B7D
S21400F2D01F601AE040F271632B60FFF7ABFF044635
S21400F2E098B96B68032BFCD9D5F800312B61D5F89B
S21400F2F000316B61D5F80031AB61D5F80031EB61B8
S21400F300FFF798FF04460028CDD0204605B0BDE89C
S21400F310F08F6C68A40005D02B6B13F45C7F12D1C1
S21400F320002437E03E4801F0D5FDC00A844205D1EE
S21400F3306B68002BF0D16FF09304C8E76B68002B66
S21400F340F6D10134F2E7D80514D523F480732B6385
S21400F3506B6853B9BBF10107EDD04E46D0466FF04F
S21400F36093040022BB461746A4E7D5F80031039362
S21400F370039BEDE70193FFF75DFF044620B9019B71
S21400F38013F41C7FCCD0E5E710F1930F99D010F161
S21400F390940FDFD06B686A689B00434528BF4346DE
S21400F3A0B107324634D123F003013144914212D1E1
S21400F3B003F0030149B11848D0F80001114402F8DF
S21400F3C0010B8A424FEA1020F9D1FA181E44A8EB26
S21400F3D003085F46C6E7D5F8000142F8040BE5E7E8
S21400F3E0DCF8001102F8041C4FEA112E02F803ECB8
S21400F3F04FEA114E090E02F802EC02F8011C04381E
S21400F400032802F10402EBD823F003023244CFE7CC
S21400F410DFF804C01846F3E700D0014000400E4075
S21400F420700002002DE9F04788B00746884615466A
S21400F4301E46FFF7C5FE044607F17E400838012841
S21400F44050D80423236000236360E364626822F4D8
S21400F450406262606A46236391466363A8F10403D0
S21400F46008F11C0853F8041F09BA434542F8041B68
S21400F470F8D120F0FDFE4946074604F5827020F0DC
S21400F48089FF384620F0F8FE184B2365109BDFF8FE
S21400F490609005EB831704F5D27A20F0E9FE294642
S21400F4A08046504620F086FF4035404620F0E4FE79
S21400F4B0BD42C4F85090F0D120F0DAFE3146054641
S21400F4C004F5807020F06EFF284620F0D5FE20461A
S21400F4D0FFF780FE331F1C3653F8042F12BAB342D0
S21400F4E01A60F9D108B0BDE8F08700BF888AC80165
S21400F4F0070D810138B50D46044630B36C22002155
S21400F50028F0C1FF124B9D4205D001339D4210D01A
S21400F5106FF0850038BD0F4B04F10C0203F120019B
S21400F52053F8040B42F8040B8B42F9D125600020F7
S21400F530F0E7094B04F10C0203F1200153F8040B29
S21400F54042F8040B8B42F9D1F0E76FF08600E1E752
S21400F5500800000220960300419603002DE9F341BF
S21400F5600E461F46054600285FD083B9002A5CD1A8
S21400F5702B68324A93425ED0013293420CBF6FF042
S21400F58089046FF08804204602B0BDE8F0810029A7
S21400F590ECD0036829498B4244D001318B4247D1D5
S21400F5A04FF02008904546D86A68D3008DF807309B
S21400F5B053098DF80630530B8DF80530530D8DF832
S21400F5C00430AB68D90001EB52718DF8031002F0DD
S21400F5D03F025909372A8DF802104FEA53318DF849
S21400F5E001104FEA535316498DF8003094BFC2F10C
S21400F5F03802C2F17802284620F029FA044600288C
S21400F600C1D108226946284620F021FA044600287F
S21400F610B9D1C7F80080424605F10C01304628F003
S21400F6204CFFB0E74FF01C08BCE76FF08604AAE773
S21400F6306FF08804A7E76FF08904A4E708000002CB
S21400F640629603002DE9F04F91B00546BDF8709024
S21400F6509DF8747092469B460E46002900F0BB80CB
S21400F66001F1FF384FEA1818FFF7AAFD09F1FF333A
S21400F6700F2B044600F2D880BAF1000F00F0D480B9
S21400F680BBF1100F03D0BBF1200F40F0CD8020F06F
S21400F690EFFD0023236023636363654B23656549A1
S21400F6A0029004F1840020F037FEBBF1100F14BF67
S21400F6B0102308231A4651462046019320F0A3FE45
S21400F6C05D4B23655D4B63655D4BA3655D4BE365F5
S21400F6D04FF4C173236623699A07FCD106F00F0323
S21400F6E0C3F110035FFA83FBBBF1100F04A901D12D
S21400F6F0002E72D104F1800020F02DFE029820F03A
S21400F700BBFD1022002108A828F0BDFE4FEA081312
S21400F710A6EB081205EB081108A8029328F0CDFE08
S21400F720BBF1100F5CD010ABA3EB0B028021BBF13A
S21400F730010F02F8101C08D0CBF1110008AB0BF13A
S21400F740FF320021184428F09EFE08AA04A80423CD
S21400F750116850F8046B013B81EA060142F8041B6D
S21400F760F6D120F085FD236B019A039043F0100339
S21400F77023635146204604F1800820F044FE1A997F
S21400F780404620F0CBFD029B2B449A4604F1A00B8A
S21400F79040F20516AA452ED108A9584620F0BCFD11
S21400F7A040F20513236523699B07FCD10CA940464C
S21400F7B020F0D1FD37B31B984A460CA928F07DFEF1
S21400F7C00025039820F058FD2046FFF703FD284645
S21400F7D011B0BDE8F08F884646E704F188008BE755
S21400F7E0002EB2D15A46314608A828F04CFE802397
S21400F7F08DF82030A9E72946584620F08FFD1035B1
S21400F8002665C7E71B9B0CAA994413F8011B12F840
S21400F810010B994581EA000147EA0107F5D1002F5F
S21400F820CED06FF09405CCE76FF08605CFE700BF2B
S21400F83030820100A4960300F50536F024FC31FE64
S21400F84036833624FC31FE362DE9F04389B00E4669
S21400F850DDF84080149FDDE91291002839D0002E93
S21400F86037D0B8F1000F34D0B9F1000F31D081B3E2
S21400F8707FB30488B4F5105F2ED14488E408182CB2
S21400F8802AD0202C01D0102C23D1944221D1154A05
S21400F89023F47E1090421FD113F47C1FC3F305455A
S21400F8A008BF10258D421AD804AB10220021184636
S21400F8B028F0E9FD0122CDE90252CDE900091199AF
S21400F8C0234632464046FFF7BDFE3D6009B0BDE820
S21400F8D0F0836FF08600F9E76FF08500F6E76FF0CB
S21400F8E08900F3E70002C0032DE9F041DDF8188037
S21400F8F00C4617461E46054630B329B302B91BBB55
S21400F9004C220021284628F0BEFD2388B3F5105F60
S21400F91009D108F0FE43B3F1407F15D1104B28F40F
S21400F9207E129A4203D06FF08500BDE8F0816488AD
S21400F930C5F80080E208B2426A6205D8182AF2D0FA
S21400F940202A04D0102A02D06FF08600EDE7B242DB
S21400F950FAD13946281D28F0B0FD0020E5E700BFA3
S21400F9600002C0032DE9F74F0D4616460446002850
S21400F9705DD051B9002A5AD103682E4A23F47E136B
S21400F980934244D06FF088001DE00368294A23F4B0
S21400F9907E139342F6D1002E39D0806CE8B1C0F1C8
S21400F9A01002B24219D23830204428F086FD04F105
S21400F9B028020092616A04F13803201D20F0D0F876
S21400F9C020B16FF0920003B0BDE8F08FA36CA06486
S21400F9D0C3F11002103E15441E4406F10F084FEA0C
S21400F9E018182F464FF0010904F1280A04F1040BF9
S21400F9F0C1450ED33544ED1B09D0A06C38302A46DD
S21400FA003946204428F059FDA36C2B44A3640020FB
S21400FA10D9E7CDF800A0616A3B465246584620F02A
S21400FA209FF80028CDD1103709F10109E0E76FF003
S21400FA308600C8E70002C0037FB51D4608B301B3C1
S21400FA40FAB1F3B10368154C23F47E16A6421BD117
S21400FA5013F47C1FC3F3054408BF1024944216D841
S21400FA600123CDE9024300F1280301910093436A84
S21400FA70816C021D3830FFF7E5FD58B92C6004B0E4
S21400FA8070BD6FF08600FAE76FF08800F7E76FF05A
S21400FA908900F4E76FF09200F1E700BF0002C003B0
S21400FAA02DE9F74F0F9D0190F520164695F800B00A
S21400FAB0DDF834900F469A46FFF7A6FB002304466F
S21400FAC00360082243600E9904F1800820F09BFC36
S21400FAD02946404620F020FC0BF0070B2A780BF155
S21400FAE0010B002302F00702CBF1100019462A7022
S21400FAF028445A4628F0C7FC294604F1840020F022
S21400FB000BFC0523A360109BF34200F08780102BAC
S21400FB1011D086B1C3F11002B24228BF32460F336D
S21400FB2039462B44D01911F801CB03F801CF814296
S21400FB30F9D11744B61A05F1100104F18C0020F033
S21400FB40EBFB5923A3600523A3604623A360B6B14D
S21400FB50002326636363514B2365012363650F2EE1
S21400FB6053D80023C5E90033C5E90233FA5CEA54EA
S21400FB7001339E42FAD82946404620F0CDFB0023AA
S21400FB80C4F830906363019B002B4AD0444B236536
S21400FB90444B6365444BA365444BE36501232366EE
S21400FBA00026B9F1000F1ED0B9F10F0F4BD8C5E9EA
S21400FBB00066C5E9026600231AF80320EA540133FA
S21400FBC09945F9D12946404620F0A6FB29464046ED
S21400FBD020F0C1FB0C9B33B100230C99EA5CCA549D
S21400FBE001339945F9D12946404620F0B4FB20461A
S21400FBF0FFF714FB019B002B47D11A4612998B4244
S21400FC0045D1002A3DD02C203CE03946404620F025
S21400FC1085FB103E07F11007A1D1B0E74623A3608D
S21400FC20ADE7234B236503F1BC4303F5262303F618
S21400FC304D43636503F12243A3F5C053A3651D4BF3
S21400FC40E3651D4BABE75146404620F067FB0C9B37
S21400FC50A9F110090AF1100A3BB11946404620F0F6
S21400FC607CFB0C9B10330C939BE72946404620F008
S21400FC7072FB96E71199EA5CCA540133129A9342D2
S21400FC80F8D1002003B0BDE8F08F0023F6E7119806
S21400FC90E95CC05C41400A430133AFE77059054652
S21400FCA0F870455905460348055163FB0448055955
S21400FCB0F803480546FB04480559010000230C4A92
S21400FCC00360032910B50263044643630ED1052181
S21400FCD020F0D5FB636823F4407343F4007363603D
S21400FCE0636823F4406343F40063636010BD00BFA1
S21400FCF0200010002DE9F04F1E4604468946924625
S21400FD001F460FCE8BB001AD0FC596E80F0085E8F5
S21400FD100F000025099520F0ABFA5146064604F57B
S21400FD20827020F037FB494604F5847020F032FBE1
S21400FD30394604F5867020F02DFB304620F09CFAFC
S21400FD405F4E604BDFF8BC91DFF8BCA12365DFF89F
S21400FD50BCB120F08DFAC4F850B0D4F8148020F06E
S21400FD608BFA18F0807F19D0574B236520F080FA65
S21400FD70C4F850B0656920F07FFAEB0140F1888046
S21400FD8020F076FA1499054604F5887020F00AFBF0
S21400FD90284620F071FA0BB0BDE8F08F18F4807F8B
S21400FDA01CD14A4B2365013D9023A360636913F47D
S21400FDB0807F474B23650ED020F05AFA394683469B
S21400FDC004F5807020F0E6FA584620F055FA414BCC
S21400FDD02365414B63658823A360B8E7002D13DADB
S21400FDE03E4BC4F850A0636520F042FA01A9834652
S21400FDF004F5807020F0D6FA63695846C3F30343CF
S21400FE00099320F039FA6D42354B23656369DFF8B4
S21400FE1000C113F4407F4FF08803A3604FF0010148
S21400FE206269266561656369C4F850C00ABF01202F
S21400FE304FF0FF3005F1FF358842C3F30723C2F3C6
S21400FE4000220BD132B1D90704D5264B2365264BA9
S21400FE506365A9E7254B2365254BF9E79AB9DA07C9
S21400FE6011D5244B2365244B6365A16501A904F5D0
S21400FE70807020F08FFA099B03F00F03C4F8483116
S21400FE808323A36090E71D4BC4F850906365EDE7AD
S21400FE9020F0EEF904F5807639460546304620F027
S21400FEA079FA284620F0E8F9154B236520F0E0F9AA
S21400FEB014990446304620F075FA204669E700BFDC
S21400FEC0C93E81983084880198390100C93E810175
S21400FED0D23E8201C024D0340982010099830100F9
S21400FEE0D9080100C8340981E20C8201C80881E201
S21400FEF00C82010083D9341181E21482E21482015B
S21400FF00E010010083D9108190A284883539380129
S21400FF10DB3E01002DE9F04F89B081460D461646BE
S21400FF200021202268461F4628F0ADFA4FF00A0A44
S21400FF3099F80030022B40D0032B07D0012B44D079
S21400FF406FF0710B584609B0BDE8F08F2022694665
S21400FF503846B0478346BBF1000FF3D1FFF730F9C0
S21400FF6099F800100446FFF7A9FE20F081F96946CB
S21400FF70804604F5827020F00DFA404620F07CF9A9
S21400FF80374B236520461FF0DBFF20F071F904F5A0
S21400FF90807883466946404620F004FA584620F0AA
S21400FFA06BF9009B012B18D82046FFF713F9BAF11E
S21400FFB0010ABDD1DFF8BCB0C4E71C22694638464A
S21400FFC0B047002383460793C5E71822694638469C
S21400FFD0B047002383460693F5E720F049F905F17C
S21400FFE008070646294604F584701FF0ADFF05F1A4
S21400FFF01009394604F586701FF0A6FF494604F539
S21401000088701FF0A1FF304620F036F9154B2365A6
S21401001020461FF095FF494640461FF0CFFF834616
S214010020C8B9114B2365114B636520461FF088FF45
S214010030294640461FF0C2FF834660B90C4B236534
S2140100404FF48E73636520461FF07AFF39464046AB
S2140100501FF0B4FF83462046FFF7BCF872E700BFE7
S21401006030C80C0181E11C018CE11C81D11C01000E
S214010070E11C81D900B3FFFF2DE9F843064610467F
S2140100800F4690461D461FF09AF928B12946384674
S214010090BDE8F8431FF07DB92B69002B40F0AD8019
S2140100A0FFF78EF831780446FFF708FE20F0E0F8F7
S2140100B004F5807608F11001814630461FF044FFB2
S2140100C0484620F0D9F8574B236540F28113636503
S2140100D020461FF035FF20F0CBF8294681463046F2
S2140100E01FF032FF484620F0C7F84F4B2365012327
S2140100F0204663651FF024FF4C4B23651FF020FF4D
S21401010020F0B6F805F10801814630461FF01CFFC5
S214010110484620F0B1F8464B236520461FF010FFF5
S21401012020F0A6F808F108094946054604F582704C
S2140101301FF00AFF284620F09FF83E4B2365204615
S2140101401FF0FEFE20F094F84146054630461FF0AB
S214010150FBFE284620F090F8374B2365374B636546
S21401016020461FF0EDFE07F1100130461FF026FF76
S214010170054600283BD1324B236520461FF0E0FEA2
S214010180304B23651FF0DCFE2F4B23651FF0D8FE96
S2140101902E4B23654FF48A7363651FF0D1FE2C4BFB
S2140101A023651FF0CDFE394630461FF007FF054692
S2140101B0E8B9284B2365284B636520461FF0C0FE2F
S2140101C020F056F84946054630461FF0BDFE284643
S2140101D020F052F8214B2365214B636520461FF022
S2140101E0AFFE07F1080130461FF0E8FE054620463F
S2140101F0FEF7F0FF2846BDE8F88328461FF0DFF833
S21401020008B1414643E72B69002B3FF449AF012172
S21401021005F110001EF048F900283FF441AF114DDA
S214010220E8E700BF8184E11C83D91C83E11C8101BE
S21401023082D11C01C81482019983D91481E11C0161
S2140102408CE11C01811C8401D91C830191D11CE025
S214010250D814140181CB1481D11C820181E11C8444
S214010260E214010080B0FFFF2DE9F04788B0904608
S21401027005460F46FEF7A4FF2978DFF85491044699
S214010280FFF71CFD1FF0F4FF04F5807608F110015E
S214010290054630461FF058FE28461FF0EDFF40F297
S2140102A08313C4F85090204663651FF049FE1FF083
S2140102B0DFFF08F10801054630461FF045FE2846D7
S2140102C01FF0DAFF4FF0010A354B23652046C4F8CC
S2140102D054A01FF035FE07F1100130461FF06EFEE8
S2140102E00546002854D12F4B23654FF4867363656A
S2140102F020461FF025FE1FF0BBFF4146054604F5CC
S21401030088701FF021FE6946304620F04BF82846DB
S2140103101FF0B2FF244B2365244B6365244BA36572
S21401032020461FF00DFE234B2365234B63651FF00C
S21401033007FE224B2365224B6365C4F858A01FF0C5
S214010340FFFD394630461FF039FE054600BB1D4B02
S21401035023651D4B636520461FF0F2FD1FF088FFE5
S21401036069460546304620F015F828461FF084FFFA
S214010370164BC4F8509063654FF48A73A365204604
S2140103801FF0DEFD07F1080130461FF017FE054697
S2140103902046FEF71FFF284608B0BDE8F08700BFDD
S2140103A0821CC00C91D11CC0C00C81E11C82DC0CEB
S2140103B081148401E11C81C80C0C8101D20C848B50
S2140103C0D91CE01484E21482D11C8301C00C82D3B0
S2140103D08182D11C2DE9F047A2B00E460546FEF7F4
S2140103E0EFFE15F8041B044606F11007FFF766FC3E
S2140103F01C22002103A828F046F84FF001083946D0
S2140104000AA80DF16809CDF808801FF024FE2946D8
S21401041012A81FF020FE12AB0AAA02A9CDF800907E
S2140104202046FFF767FC1FF023FF4946054604F503
S214010430867904F582701FF0ADFF06F1080A314691
S21401044048461FF081FD514604F588701FF07CFD7B
S21401045028461FF011FF134B236520461FF070FD41
S214010460114B23651FF06CFD104B23651FF068FDD3
S2140104700F4B23651FF064FD514604F580701FF095
S2140104809DFD58B9314648461FF098FD30B92046C3
S214010490FEF7A0FE414638461DF01DFF22B0BDE81E
S2140104A0F08700BF8AD11C0181D91C0183D11C01B0
S2140104B081E11C0110F1860F06D038B19330044853
S2140104C008BF6FF06F0070476FF07100704700BF94
S2140104D0009FFFFF70B58CB004460D4616460021FE
S2140104E022220DF10E0027F0CEFF4FF41053ADF887
S2140104F00C302CB323681BB315B39B79022B1AD08F
S214010500042B20D14FF48073206CADF80E304C21B3
S21401051098B901201FF0F5F8C0B120640C4B009388
S214010520206CF3082A4603A9FFF7DEF90CB0BDE8F4
S2140105307040FFF7BFBF8023E6E7FEF7CFF8EDE791
S21401054004480CB070BD6FF07100FAE70248F8E796
S2140105500002C003009FFFFF809EFFFF10B550B151
S214010560046844B139B1006C28B1FFF7FBF9BDE866
S2140105701040FFF79FBF014810BD00BF009FFFFF5F
S21401058007B578B102686AB1006C58B151B1002361
S2140105900193102201ABFFF74FFA03B05DF804EBAD
S2140105A0FFF788BF014803B05DF804FB009FFFFF1B
S2140105B02DE9F04190B0DDE916870D4614461E463A
S2140105C080B379B373B36FB38379022B06D0042B50
S2140105D025D06FF0710010B0BDE8F081802A21D1DE
S2140105E0202200210DEB0200069127F04CFF4FF46C
S2140105F01053ADF81C3006AB04931023CDE90273FB
S214010600CDE90068084BADF81E40E208294607A868
S214010610FFF71AF910B0BDE8F041FFF74BBFB2F58E
S214010620807FDCE70148D6E70002C003009FFFFF9A
S214010630012908B50BDC074B074A00290CBF1146F8
S2140106401946FEF757FFBDE808401FF02ABD6FF0B8
S214010650730008BD08000002090000027FB51422DD
S214010660002101A827F00FFF044B029301A94FF0C8
S214010670FF3027F042F907B05DF804FB006A180066
S21401068038B5044627F004F90FCC044D0FC594E89D
S2140106900F0085E80F00002038BD00BF681B002052
S2140106A047F6FF739A42F0B572D0062972D83A4BD4
S2140106B05B5C022B6ED8394D05EBC304DF00A178D5
S2140106C015F83330012938BF0121012B13D1E07809
S2140106D00025401AA84202D80844C0B2F0BD431B08
S2140106E0A0EB5303666836F913609642CCBF03F15C
S2140106F0FF301D46EEE760680028EFD0B0F90040F5
S214010700944204DBB0F902409442B8BF1446838891
S214010710FF2B04BFB0F90620B0F908C03D440FBF57
S21401072001260026C8224FF0280C131B93FBFCF36E
S21401073033446E781BB29E4201DD002B01DA731E34
S2140107401BB201339BB24FF47A7C071D5D1E2DB29E
S2140107504FEAC50E00EBC5059E42EA88AD6814FB5C
S214010760025222EAE27202F15C02B2FBFCF205DD01
S21401077037F83350954203F10103E7D200EB0E033D
S2140107809888904228BF1046884238BF0846A4E79A
S214010790FF20A3E70020A1E7B4960300681B002012
S2140107A00629F0B561D8324B595C02295DD8314B28
S2140107B013F83100012816D103EBC1039C78D878D1
S2140107C05B68012C214638BF0121904294BFC1EBE2
S2140107D00001C1EB0201CAB2001B8242C8BF00225F
S2140107E033F91200F0BD002A3DD003EBC10359686E
S2140107F000293AD09878904202D3B1F90200F1E785
S214010800DC78B1F900009442ECD95C788B88A3F1CE
S214010810FF06013C734201F10405E4B2734101F1A4
S2140108200C07DEB2B44216D805EBC3034FF47A7553
S214010830B3F902405B686A43D21A04EBD47302EB45
S214010840630292FBF4F29042CCDBB1F902009042D3
S214010850C8DC10B2C6E737F833C0944503F1010689
S214010860E2D33346DDE70448BCE70448BAE700BFF5
S214010870B4960300681B00200CFEFFFF0080FFFFFC
S21401088008B50448FFF7FCFEBDE80840012027F044
S21401089003B800BF20A6030000487047A00D002043
S2140108A02F4B002A30B52F4C426B18BF1C462E4BDF
S2140108B00CBF00251025984232D1062907D80629F3
S2140108C007D8DFE801F00817402E06063600812912
S2140108D039D000231FE0254BD3F81012D3F81002AD
S2140108E0D3F8103201F4FE4100F00F00014303F08B
S2140108F0F0030FE01D49D1F81032D1F81002D1F8FB
S21401090010121B0C090C01F0F00103F4FE430B431B
S214010910C0F303410B432240AB401343124A5363D7
S21401092030BD1249D1F81432D1F81402D1F814129C
S214010930E7E70E49D1F81832D1F8181203F00F0381
S21401094001F0F001E6E7094BD3F81412D3F81402CC
S214010950D3F8143201F4FE4100F00F000143C6E75C
S214010960FFFF00800080FFFF002000400080E00FB6
S21401097070B5082383608E780D4601223146044601
S214010980FFF78EFFEB786A78DB0043EA02636A7C46
S2140109900AB143F00053AA7C0AB143F004032A7C4F
S2140109A00AB143F00203EA7C0AB143F0010316F0F0
S2140109B0800F144A1FD043F0E003A361E36926F0D9
S2140109C0800613401E432B7846EA43466B7D0BB1E7
S2140109D046F48046630103F184432A7DE661DA60CA
S2140109E06B686362AB682362EB68A362E36FD4F85B
S2140109F08030E36870BD43EA4613A361E66916409A
S214010A00E1E700BFF8BFE1FF0E4BB0F5FA4F38BF84
S214010A104FF4FA40984210B5044628BF1C4619B94F
S214010A20094800F057FA0146631E0B44A342B3FB84
S214010A30F4F028BF00F1FF307F2828BF7F20C0B226
S214010A4010BD00BF0024F4004041050070B5CD780C
S214010A5004460E46002D36D129461F48FFF7D4FF1F
S214010A6005460A23A3603278737843EA0263B278B4
S214010A70120402F4FE0213432D02327905F4FE45F8
S214010A802B430AB143F010032268520748BF43F0D4
S214010A900403236075791FF0EBFB23685D4005F0C6
S214010AA0C0055D4025601FF0E7FB23681B0611D5D6
S214010AB00A4800F00FFA0A4B9C420BD1BDE8704081
S214010AC0084800F007BA03681906CAD4064800F0B9
S214010AD001FAC6E770BD00BF0024F400B80032007A
S214010AE00020004000B204004041050008B528B9C6
S214010AF0074800F0EFF9012838BF012000F57420FF
S214010B00044B00F23F20B0FBF3F00138C0B208BD41
S214010B104041050040420F000C4B984205D90C4B52
S214010B20984210D80122012301E000221346094908
S214010B300B640949D1F8003123F0807343EA02635C
S214010B40C1F8003170470222EDE700BF0048E80116
S214010B500090D0030000C84300400E400F4B5B6876
S214010B600F4B30B500221C46C9B21D798D4202D109
S214010B701D6885420DD20132052A03F10803F4D11E
S214010B800321064A536823F0407343EA0163536026
S214010B9030BD04EBC2046179F3E700BF00000E40EC
S214010BA0DC96030038B5074C41F67133256C236497
S214010BB001F064FEADB20021FFF7D0FF0DB10023B6
S214010BC0236438BD00000E40044BDB6B5B0604D487
S214010BD0034AD2F8C830002BFBD1704700300E40D4
S214010BE00000C64308B5FFF7EFFF024B5868C0F395
S214010BF0014008BD00300E40044BD3F84421D20713
S214010C0003D4D3F840211042FBD1704700400E4078
S214010C1038B5064C256C41F671332364ADB2FFF747
S214010C209DFF0DB10023236438BD00BF00000E40B8
S214010C3038B5C0F30323013B092B11D8DFE803F0D5
S214010C40052710102B221D101511154DC0F3043465
S214010C5005F1424505F5801504EBC50080000160ED
S214010C6038BD104DC0F30434F2E70F4DC0F3043421
S214010C704FF48030FFF7C0FFEAE7C0F304340B4DB2
S214010C801020F7E7C0F30434094D0120F2E7094DBF
S214010C90C0F30434DCE7084DC0F30434D8E700BFE2
S214010CA000400E4050410E40F0400E40E8400E40DD
S214010CB0E0400E40C0400E40B0400E40C0F303136B
S214010CC0013B092B2AD8DFE803F0050B0F19292968
S214010CD01F23374B274BD3F80001C0F3042070477E
S214010CE0244BD3F81401F8E7224BD3F80031C3F3B1
S214010CF00063013301209840013870471D4BD3F83B
S214010D000C01C0F3082070471A4BD3F80801F8E726
S214010D10194B984204D0194B984207D000207047CF
S214010D20144BD3F8203103F00F03E3E7114BD3F84C
S214010D302031C3F30113DDE7114B98420CD003F5C4
S214010D40B01303F580539842E8D10A4BD3F8283103
S214010D50C3F301230433CDE7064BD3F82831E8E784
S214010D60084B9842DAD1034BD3F8300100F0030068
S214010D70704700BF00400E408006160080162E0009
S214010D8090171A00A009140000F00F000138072878
S214010D9050D8DFE800F00415244F34384F402B4B71
S214010DA0D3F8943003F00703023B052B06D8DFE89F
S214010DB003F049243F0305430B2070470520704785
S214010DC0224BD3F8800000F0070002283DD004280B
S214010DD036D0012808BF032018BF012070471B4BDF
S214010DE0D3F8843003F00703013B032B03D8DFE875
S214010DF003F0041F25270120704703207047134B7B
S214010E00D3F88800DFE7114B1B6F13F0010F0CBFFF
S214010E100720092070470D4BD3F85C3103F03003EF
S214010E20202B0FD0302B0FD0102B08BF0720D3E775
S214010E3002207047002070470C207047062070473C
S214010E400A207047042070470820704700400E4073
S214010E5008B50146FFF798FF1A4B994211D01A4B75
S214010E60994212D0194B994204D1194BD3F88000FC
S214010E7000F007000138032821D8DFE800F00A0E49
S214010E801612134BD3F88400F2E7114BD3F88800FF
S214010E90EEE7BDE808401FF0BEBCBDE8084001F023
S214010EA051BDBDE808401FF0B9BC01F0EBFC084B92
S214010EB0D3F80031C3F300630133D84008BD0020E6
S214010EC0FCE700BF030020000500240002001E000E
S214010ED000400E4000F47813B3F5B01F10B5044679
S214010EE074D025D8B3F5402F5ED010D8B3F5802F37
S214010EF049D005D83BB1B3F5003F4FD0002010BD17
S214010F00B3F5202FFAD1BDE8104001F0BBBCB3F514
S214010F10801F00F08480B3F5A01F4DD0B3F5602F7D
S214010F20ECD14A48FFF730FF072878D00928E9E7CF
S214010F30B3F5381F53D013D8B3F5001F58D00AD8CD
S214010F40B3F5D01F56D0B3F5F01FD7D14048BDE852
S214010F501040FFF77DBFB3F5101FCFD13D48F6E730
S214010F60B3F5481F4DD0B3F5781F65D0B3F5401FD4
S214010F70C4D13948FFF76CFF384BD3F82831C3F397
S214010F800123043320E001F07DFC344BD3F80C310F
S214010F90C3F308230133B0FBF3F0B0E701F072FCB2
S214010FA02E4BD3F80831F3E701F06CFC2B4BD3F84A
S214010FB01431C3F30423EDE72648FFF749FF274B17
S214010FC0D3F8303103F00303D84098E72048FFF701
S214010FD03FFF224BD3F8203103F00F03F4E71C4800
S214010FE0FFF736FF1D4BD3F82031C3F30113EBE7B0
S214010FF01948ACE71848FFF72BFF184BD3F82831F0
S214011000F3E71748FFF7C0FE072808D0082809D0DD
S21401101004287FF473AFBDE8104001F06FBC114B9C
S21401102018686CE701F02EFC0C4BD3F80031C3F3C3
S214011030042303FB000062E701F024FC014620467E
S2140110401FF011F9B1FBF0F059E700BF06000E00E2
S21401105002001E00050024000300200000400E4090
S214011060B8003200DC0A002010B5FFF79BFD094BE3
S21401107007225A6701F006FCFFF74EFD01F02CFC33
S2140110800446FFF7AFFD01462046BDE81040FFF7D6
S214011090BFBD00BF00400E4008B5FFF775FE022831
S2140110A00ABF024B4FF6FF70188808BDA80D002036
S2140110B0014B1880704700BFA80D0020014B188017
S2140110C0704700BFA60D002010B5042813D8DFE82E
S2140110D000F047032F132100294AC1F30801D2F873
S2140110E06838002BFBD1274A136A23F4FF7323F0D9
S2140110F001030B43136210BD214A01F07F01D2F8B0
S2140111006038002BFBD11F4A136923F07F030B4382
S2140111101361F0E71A4A01F07F01D2F86438002B18
S214011120FBD1184A936923F07F030B439361E2E7EF
S214011130144AD2F89030536A23F0300343F0100378
S2140111405362146B104BC1F3C31003300F2803EA2C
S214011150040328BF0F200B4343EA00731363CAE757
S2140111604F29074A28BF4F21D2F87438002BFBD1EC
S214011170044A936B23F07F030B439363BBE700BFE3
S2140111800020C84300400E4000F8FF0F104A536A83
S21401119013F0300F18D0202913D0302914D000298D
S2140111A00C4B08BF4FF44003D2F8901033EA01010C
S2140111B0FAD15B0246BFD2F8A000C0F3802001201E
S2140111C070474FF40003EFE74FF44003ECE700BF2E
S2140111D000400E40FF33E13F02280AD129B1064BF9
S2140111E04FF48060C3F8A800596612B10220FFF7D9
S2140111F0CDBF0120704700BF00400E400428F8B55F
S21401120048D8304B13F800C02F4B1D5C2F4B33F8DA
S21401121010702F4B33F810402E4B002940D0022877
S21401122039D15C6A14F0300F35D12B4CE46B5C6A13
S214011230E40705D55E6A26F0300646F010065E62C3
S214011240264C244B25441F66AD002B68002BFCD092
S21401125002B36444A4002368002BFCD0022819D1F1
S214011260C1B11C4D696A11F0010116D0012220217D
S214011270FFF7B2FFD5F89C60012200210220FFF79C
S214011280BDFFC6F30A010220FFF71EFF2F66236883
S214011290002BFCD0F8BD0021D2E7FFF777FFE9E786
S2140112A001211C66A940D3F890000842FBD1002A10
S2140112B0F0D00123074903FA0CF3D1F890201A4223
S2140112C0FBD1E7E7D5960300D0960300C696030048
S2140112D0BC96030000400E4000300E408004F21021
S2140112E010B50246B8B901221146FFF787FFFFF78E
S2140112F059FC0F4B04225A6701F0C4FAFFF70CFCA5
S21401130001F0EAFA0446FFF76DFC01462046BDE807
S2140113101040FFF77DBC012807D10146FFF76EFF9D
S214011320FFF740FC024B0322E5E7FFF73BFCE3E750
S21401133000400E4038B501F0E1FA0021044600F005
S21401134029FC1248FFF7E8FB012211460220FFF7AD
S21401135055FFFFF727FC0CB1FFF736FC0C4B0222BA
S2140113605A6701F08FFAFFF7D7FB01F0B5FA054689
S214011370FFF738FC01462846FFF74AFC2CB9204601
S2140113800121BDE8384000F005BC38BD0148E80140
S21401139000400E401C4B70B51C681C4B9C4221D86B
S2140113A01B48FFF7B9FB012211460320FFF726FF72
S2140113B0FFF7F8FB0024174B01265E6701F062FA7F
S2140113C0FFF7AAFB01F088FA0546FFF70BFC01467A
S2140113D02846FFF71DFCB4B931462046BDE87040EB
S2140113E000F0D8BB0021204600F0D4FB0848FFF7E8
S2140113F093FB012211460320FFF700FFFFF7D2FB04
S214011400FFF7E2FBD7E770BDE40A0020002D3101AB
S2140114100148E80100400E40012210B511460320A4
S214011420FFF7ECFEFFF7BEFB084B05225A6701F0FB
S21401143029FAFFF771FB01F04FFA0446FFF7D2FBDA
S21401144001462046BDE81040FFF7E2BB00400E40D3
S214011450112838B52AD1042917D101F04FFA0446CC
S21401146000285ED0002100F095FB6E48FFF754FB84
S2140114700220054601221146FFF7C0FEFFF792FB48
S214011480002C38D0FFF7A0FB35E0052924D1664BA8
S2140114901C68664B9C4246D90021204600F07AFB28
S2140114A06048FFF739FB01250320E3E700F00F0052
S2140114B0013807285DD8DFE800F00F58045C56773E
S2140114C05C825B4C0139092953D8DFE801F050539F
S2140114D05A5252615252526B02390A2949D8DFE8F0
S2140114E001F03824202248484848482E0600FFF7D5
S2140114F059FB002407254F4B5D6701F0EDF90546C2
S21401150001F0C0F9FFF708FBFFF76CFB0146284620
S214011510FFF77EFB6CBB20460121BDE8384000F09A
S21401152039BB0024A1E70024BAE701221146104680
S214011530FFF764FE0024FFF735FB0325DBE70122F6
S21401154011460320FFF75AFE0024FFF72BFB052563
S214011550D1E7012211460020FFF750FE0024FFF7D5
S21401156021FB0425C7E7344CACE7344CAAE700233B
S214011570236038BD012211460020FFF73FFE0223FB
S214011580F6E7012211461046FFF738FE0123EFE782
S21401159001F078F9FFF7C0FA294B0122C3F80826B3
S2140115A00323E5E70423E3E7072904D00929E0D16B
S2140115B0204B012201E01F4B00221A67D9E70139AF
S2140115C00729D6D801A353F821F000BFED15010075
S2140115D07315010073150100111601007315010042
S2140115E073150100031601001F16010000221149A0
S2140115F0D1F85C3123F0300343EA0213C1F85C31C1
S214011600B7E7012211460420FFF7F8FD0122EEE7B5
S214011610012211460220FFF7F1FD0222E7E703222D
S214011620E5E700BF0148E801E40A0020002D31018A
S21401163084400E4000400E4088400E4080400E40E0
S2140116400010C84310B504461120FFF79DFB00218A
S21401165001220220FFF7D2FD184A217C536A23F0AB
S2140116600103022908BF43F001035362144B21789A
S214011670C3F8A014637AA18843EAC123D362136B2B
S214011680A07A217A03F07F630343E08843EAC0230C
S21401169043EAC11303310F2928BF0F2143EA01731F
S2140116A01363A37B617B1B0143EA0133E17B0B439D
S2140116B0217B43EA0143536310BD00BF00400E4047
S2140116C00000C84338B50E4D0E4C01461120FFF7F9
S2140116D05BFBAA6B4B7814400A78144344EAC32494
S2140116E08B7844EA0364CB7844EA0324AB6BA342C9
S2140116F005D0002101220846FFF780FDAC6338BD06
S21401170000400E4080E4FFF8034B5868C0F3080021
S214011710003818BF0120704700ED00E043790A4AFF
S21401172003F03F0353604378C1785B0043EA8103CB
S21401173001780B43017943EA41131360034B827826
S214011740C3F88021704700BF00E0014000003C4222
S2140117500A78CB7810B54C78002A0E4A08BF4FF4A9
S21401176040320CB142F000628C780CB142F08062DB
S21401177002600A791B0443EA02234A791343436051
S2140117808B790361D1F80730C361D1F80B3043621E
S21401179010BD00BF00000310034BD86B80F0400063
S2140117A0C0F38010704700BF00300E4042EA0322AB
S2140117B0B2F5007F10B5194C29D00AD8B2F5807F52
S2140117C022D040F201139A4215D062B9D4F81C32E5
S2140117D00BE0B2F5407F1DD040F201339A4210D0A3
S2140117E0D4F8283201E0D4F82432C3F30722DBB25E
S2140117F003600A6010BDD4F824321A0EC3F30743FF
S214011800F6E7D4F82832F8E7D4F81C32F5E7D4F82E
S2140118102032EAE7D4F82032EFE700BF0081E00F7C
S21401182008B5FFF7B9FF20B1024AD2F8C830002B3D
S214011830FBD108BD0000C64308B5FFF7ADFF80B178
S214011840FFF7EEFF074B19685A68C1F30121C2F38F
S214011850014291421A688CBF42F0100222F0100237
S2140118601A6008BD00300E40064B1B68DB0608D523
S214011870054B1B69C3F30443082B02BF034B044A01
S2140118801A60704700300E4000400E40E40A002007
S214011890C0EA210170B5FFF77FFF38B12D4B1A78EA
S2140118A01023C2F1020293402B4A13612B492C4D9F
S2140118B0D1F8804145F60E03C1F880312B6823F03C
S2140118C0AA03DB05DB0D0B66FFF7AAFF224B1B689D
S2140118D0D80604F0010415D5D1F84031DA01FBD45D
S2140118E0204B1B680B61204B1B78052B0AD11F4B25
S2140118F01E68FFF795FF184B59683046C1F3014142
S214011900FFF786F9184B1B78023B0A2B0AD8DFE84B
S21401191003F00615170909090909091A1D0000200F
S214011920FFF7DEFC2B68DB075EBF0C4B02221A6654
S2140119301CB10A4B0022C3F8802170BD0120EFE7DD
S214011940FFF7F8FCEEE7FFF767FDEBE7FFF78CFB29
S214011950E8E700BF652F002000300E4000400E4033
S214011960B41B0020B01B0020662F0020E40A0020D4
S21401197010B50B4C0B4BD4F890201A601120FFF7D2
S21401198003FA094B1870FFF74BFF084B084A5B68D0
S214011990C3F301431370074B22691A6010BD00BFE1
S2140119A000400E40B41B0020662F002000300E4081
S2140119B0652F0020B01B002038B5054608B1FFF79B
S2140119C0D7FFFFF739FF1A4A136943F0040313617F
S2140119D01EF0F7FD1EF0F6FD164B174AC3F8242439
S2140119E003F559231B68DB0614D51EF041FC27F0CE
S2140119F0F3FC1EF041FC1EF0E7FD104C1EF0E3FD6B
S214011A0055B1FFF747FFD4F84C3123F00043C4F833
S214011A104C3138BD30BFEEE7FFF726FFD4F84C3126
S214011A2023F00043C4F84C31BDE8384000F054BF01
S214011A3000ED00E000A000400000FFFF00300E4077
S214011A4038B5054608B1FFF793FFFFF7F5FE1F4BC4
S214011A501F4CD3F8802145F60E01D207C3F880113A
S214011A6048BF00224FF42071196648BFC3F8802191
S214011A70184A136943F004031361174B174AC3F856
S214011A8024241EF09EFD2368DB0611D51EF0F0FB14
S214011A9027F0A2FC1EF0F0FB1EF095FD55B1FFF7F6
S214011AA0F9FED4F84C3123F00043C4F84C3138BD6C
S214011AB030BFF1E7FFF7D8FED4F84C3123F00043EE
S214011AC0C4F84C31BDE8384000F006BF00400E4077
S214011AD000300E4000ED00E000A000400000FFFFD7
S214011AE00E4A0379916921F03F010B43017843EADD
S214011AF08103417843EA4103817843EAC103C1780F
S214011B00012908BF43F0010393611368417923F467
S214011B10403343EA01431360704700BF00300E4074
S214011B202DE9F04104460D46FFF736FE60B3DFF8B7
S214011B306080FFF775FED8F80430C3F301439C427A
S214011B4022D0124BD3F8003100F09CFE022C07463F
S214011B504FF0100609D12146FFF75AF8C8F8106071
S214011B6095B1BDE8F041FFF75BBEC4F102039E40AC
S214011B70C8F810600DB1FFF753FE2CB92146384660
S214011B80BDE8F041FFF744B8BDE8F08100400E40E3
S214011B9000300E4038B505460C46FFF7FDFDB8B1DE
S214011BA045B90C4BD3F8005100F06CFEC5F3042583
S214011BB005FB0005084B1B7821463BB1074B9D42B0
S214011BC004D80220BDE83840FFF7AABF0020F9E795
S214011BD038BD00BF00400E40672F0020002D3101A8
S214011BE0034B02781A7001210020FFF7D3BF00BF14
S214011BF0672F0020174B4AF6E85210B5596B5A6307
S214011C009A6FD407FCD41B6C13F0030306D0124A58
S214011C1001249842C2F8B44A05D110BD18B90E4B3A
S214011C20C3F8B40AF9E70B4B9A6FD207FCD41A6CC7
S214011C3022F0030202431A649A6F12F00102FBD1EA
S214011C400038054C18BF01200129C4F8B40A08BFA2
S214011C505A63E2E700300E400000C6432DE9F04F1C
S214011C6000238BB0CDE90433CDE90633CDE9083343
S214011C70A0F5E163B3F5966F05460191934603D946
S214011C8000200BB0BDE8F08F624BDFF88C81D3F8F3
S214011C901842B0F5E16F15BF4FEA146AC4F3072A7C
S214011CA0C4F30744E4B20694CDF824A0D8F84C60F7
S214011CB0C6F301768CBF01220022334607A904A889
S214011CC015BF4FF4E1674FF496674FF496694FF4EA
S214011CD016790392FFF76AFDD8F8E030039AC3F34A
S214011CE0012308A905A80293FFF760FDA5EB070CE1
S214011CF0AAEB04020CFB02F2B2FBF9F214445445BF
S214011D00079F0498089A0599BAD8A2EB010E0CFB16
S214011D100EFEBEFBF9FE11EB0E012CBF4FF0010EBD
S214011D204FF0000E8A42ABD3BEF1000FA8D13A1A8B
S214011D300CFB02F2B2FBF9F280182CBF0122002242
S214011D4087429DD3002A9BD1029BBBF1000F0FD087
S214011D50D8F85C20B5F5E16722F4FE4218BF0127EA
S214011D6022F0020242EA470242EA0422C8F85C2054
S214011D70019A0AB9012084E7264A022ED2F83022B7
S214011D803ED0032E3FD0012E14BFD2B2C2F307229B
S214011D90120312F4702F7FF473AF1F4EF46E24F407
S214011DA070442243F2661B4A022BD2F830222CD012
S214011DB0032B2DD0012B14BFD2B2C2F3072212037C
S214011DC012F4702F7FF45CAF134CD4F8E03023F498
S214011DD070431343C4F8E030636E884238BF084648
S214011DE023F4FF73E72823F0010328BFE720B5F5A6
S214011DF0E16F18BF43F0010343EA40036366B9E7A6
S214011E00C2F30742C4E7120EC2E7C2F30742D6E79F
S214011E10120ED4E70081E00F00300E402F4B1A6FF0
S214011E20D96C11F0010F02F0060242D0002A40D010
S214011E3013284FD9143813288CBF10230823274999
S214011E40013BCA6C180322F47F4240EA0323134382
S214011E50CB64234BCA6C1B88C2F30322283301329E
S214011E6002EB820003EB5303B3FBF0F3C86C013BB8
S214011E70072B28BF072320F0EE6040EA036343F4F4
S214011E808013CB64174BB3F90030002B10DB2833DB
S214011E90500800EB420203EB5303B3FBF2F30A6D67
S214011EA0072B28BF072322F0700242EA03130B65B3
S214011EB07047D96C01F00101114304D1092809D9F1
S214011EC00A380928B8E7DB6C13F00103B7D01AB952
S214011ED02728B1E70423B2E70023B0E700300E401D
S214011EE09A2C0020962C0020064A074BD3F88039FE
S214011EF0136F23F0070303431367044B1888FFF798
S214011F008DBF00BF00300E400000C643982C002055
S214011F102DE9F041C288B0F808808588B0F90C60D8
S214011F2047784A2A04464FD9B2F5FA7F4ED340F68F
S214011F30C3139A428CBF4FF040524FF000522849CB
S214011F40CB6C23F0405323F00103002EA8BF43F0CF
S214011F5001031343CB64D1F8E03043F44073C1F876
S214011F60E030204B1D80CB6E43F08073CB661E4B5A
S214011F70D3F8800900B10420FFF7B6FF1B4BA3F886
S214011F8000801B4B28461E80FFF748FFA37B03B348
S214011F90012B22D0012260881146FFF75FFE05461D
S214011FA078B10F4AD36B43F48063D3633846FFF7A7
S214011FB021FEA37AA3F12002534253410A4AC2F8F2
S214011FC094372846BDE8F0810022B8E74FF08052EA
S214011FD0B5E7034B074A9A65DCE7014B064AFAE781
S214011FE000300E40982C00200000C6439A2C00209A
S214011FF0962C002077402057372110B700EB400081
S214012000F8B50D461F46040116463AB11548012398
S2140120108B402044C7B100F1C0600360072D4FF02C
S2140120200F0114D8AB00104806FA03F29940204479
S2140120301EF0CBFA3EB90B4A0123AB40224477B1DE
S21401204002F1C0621360F8BD00F18060E5E7A5F11A
S21401205008039B00054806FA03F29940E7E702F1F8
S2140120608062EFE70CA0004004A0004008A00040FA
S214012070064B302202FB0033072992BF5868986846
S21401208008398900C84000F00F00704700A00040E2
S21401209010B5044601214FF4AA40FEF7C9FDB4F875
S2140120A0013022785BBA9BB243EA02630B4A1360A3
S2140120B000231362D36253634FF00043D3664FF09D
S2140120C0FF339366064A4FF40071C2F88011E37835
S2140120D05B01DBB282F80933116010BD00200E40AF
S2140120E000E100E0F8B5254D8F7AD1F800C0C3B203
S2140120F001269E404FF0300ECB7A0EFB00500C4668
S2140121001B05097BAE6643EA0743C0F880C094F816
S2140121100DC0C0F888C043EA415322F00302C0F85C
S2140121208430C0F898201EF0AAF8EB6E3343EB66B5
S214012130237A13B16B6B33436B63637A13B1EB6A28
S2140121403343EB6223792A6823B1DB431B0263F432
S2140121507F431A4063790BB142EA0322A3790BB19C
S21401216022EA0302E3791343044A1360044B9E6296
S214012170D663BDE8F8401EF088B800BF00200E40C8
S21401218000200E44064B984204D1012907D829B9EC
S214012190026170470029FBD0012900D142617047D6
S2140121A000600440064B984204D1012907D829B99A
S2140121B0826170470029FBD0012900D1C2617047B6
S2140121C000600440054B5A685B68054B41F6713266
S2140121D01A649A6822F001029A60704700300E4035
S2140121E000000E40034B9A6822F001029A6000221A
S2140121F01A64704700000E40094A0A4BD969C9079C
S21401220005D512B96FF002007047013AF6E7002AC9
S214012210F8D001221861DA60D86940F3800070476F
S2140122208096980000000E4070B509B9002070BD78
S2140122300E4A0023082550F8234094610C4CD560C3
S2140122400133D669F60705D514B96FF00200EEE73B
S214012250013CF6E7002CF8D0D469A40702D49942D1
S214012260E9D1E3E76FF00100E1E700BF00000E40AF
S214012270809698002DE9F8431C4B0D4641F67131C6
S2140122801E6C19641A49804648684968996841F085
S2140122900101B6B2996097084FF00009B94501D31C
S2140122A0002005E008EB89042046FFF7A5FF48B1AA
S2140122B00E4B9A6822F001029A600EB100221A644F
S2140122C0BDE8F883C4F30A01C1F500618908A7EBEC
S2140122D00903994228BF19462846FFF7A5FF00289B
S2140122E0E6D1894405EB8105D8E700BF00000E4022
S2140122F000300E40234B41F671311A6C10B519644B
S21401230021494C684968996841F0010199600121A9
S2140123101861D960D9694C0792B209D5996821F03C
S214012320010199600AB100221A644FF0FF3010BD16
S2140123300221D9601549D869C00700D569B9D8699D
S21401234010F002000BD0996821F0010199600AB1E2
S21401235000221A646FF00100E9E70139EBE741B9A1
S214012360986820F00100986002B119646FF00200CD
S214012370DDE7996821F0010199600AB90020D6E7E6
S2140123801864FBE700000E4000300E40809698006F
S21401239002F0070242EA035201F4FE41024B1430F6
S2140123A00A4343F82020704700600E40014B01228B
S2140123B09A60704700500E40134B1449F0B5002246
S2140123C05D68134E1046D6F8E8714C680B687F07B7
S2140123D00BD4B3F5006F06D012D8B3F5007F02D048
S2140123E0B3F5806F01D144F480742B4202D02C42A5
S2140123F008BF18430132092A01F10801E3D1F0BDF3
S214012400B3F5803FEEE700BF00500E40049703008F
S2140124100040E00F8B784A789B0143EA82030A78F2
S2140124201343CA7843EA02130A7943EAC2234A7974
S21401243043EA02338A79043043EA42430001014AFF
S2140124401350704700200440014B1860704700BFCE
S21401245000008442437882789B0043EA02130278A4
S2140124601343C27843EA4213027943EA02234279CC
S21401247043EA0233827943EAC233C27943EA02432A
S214012480027A43EA4243014A13607047002004403F
S2140124900D4AD2F8E430D2F8E0109B0003F03C037A
S2140124A0C1F381110B438370D2F8E03003F03F0390
S2140124B04370D2F8E830D2F8EC2003F0F003C2F310
S2140124C0031213430370704700FF0FE0024BD3F86B
S2140124D0F000D3F8F41070470081E00F024BD3F8F8
S2140124E0F80080B2704700BF0081E00F024BD3F8BE
S2140124F0B000C0F3074070470081E00F2DE9F04FB0
S2140125009A46554B85B01B78DDF83C909DF844B053
S214012510DDF8508006460F461546002B00F09680E3
S214012520072A00F295800E9B002B00F09180B9F1EE
S214012530000F00F08D80129BB3F5006F00F38880CA
S214012540012803D1109B002B00F08280434B03EB44
S21401255005131B7B002B7DD0414C102200216846C1
S21401256025F091FF04EB451410229FBB3946204607
S21401257025F089FF43F210036380BBF1000F03D1FE
S214012580E37843F00303E370354A0E9BCDF800A0D1
S21401259002EB451CCCE90193129B581E9DF84C306A
S2140125A0690103F00303C0F30A009B0643EA001E19
S2140125B053582C4818404EEA0003012E535017D0AA
S2140125C0B8F1000F2ED19CF8023068F304138CF892
S2140125D0023027E00021204625F055FF4FF44473D2
S2140125E06380BBF1000FCFD1E37843F03003CAE735
S2140125F01323CCF80C309CE80F000CF1100E8EE87B
S2140126000F00DCF81C20109BCCF814306FF003018F
S21401261061F39F02012FCCF81C2003D1CCF818904F
S214012620CCF804300D4A290102EB051342F801806B
S214012630159A5A6000272846224669469F605E73AF
S214012640FFF750FD384605B0BDE8F08F0648FAE7BB
S2140126500648F8E70648F6E7682F0020B81C002071
S214012660B81B00200F80FFF3028000F0018000F00D
S214012670078000F038B5124B1B780546DBB1E0B198
S2140126801DF0FDFD0F4A00231146147B54B92B6043
S2140126901A0101EB031301258C501D731DF0F5FD86
S2140126A0204638BD0133082B02F11002EDD11DF092
S2140126B0ECFD0548F5E70548F3E70548F1E700BFF7
S2140126C0682F0020B81C0020048000F0028000F073
S2140126D0018000F013B5164B1868019000238DF8A1
S2140126E004301DF0CCFD134B1C7824B11DF0CDFD3C
S2140126F0114802B010BD01221A701DF0C6FD0F4B25
S2140127001C731C7783F82C4083F83C4083F84C40BC
S21401271083F85C4083F86C4083F87C4004230DEB1F
S21401272003008DF80730FFF7B3FC2046E1E700BF52
S2140127304C970300682F0020038000F0B81C00208F
S2140127402DE9F041DFF86480D8F86070D8F86C3075
S2140127501F4000D5FEE7134C01260025374218D04E
S2140127602368C8F86860A3B1A16862680131A160F6
S21401277028469847637B012B0BD150B90A4B03EBD4
S21401278045131A7B60F341021A731A7F60F3410204
S2140127901A770135082D4FEA460604F11004DDD1FB
S2140127A0BDE8F081B81C0020B81B002000200E40B8
S2140127B0054A06490346106803448B4294BF1360DA
S2140127C04FF0FF30704700BFE00A002000000120F4
S2140127D00F4BD3F82838A3F17E62A2F58432B2F506
S2140127E0605F10B511D219680A4A91420DD10A4CA0
S2140127F0227812F0FD0F01D0002010BDDB6998474A
S2140128000028FAD101232370F6E74FF48170F4E72C
S2140128100000E10F07B0CD5E692F002008B500F07B
S21401282083F8124B12498B4212D3124B12490020E5
S2140128308B4218D3FAF7DAFE186850F82240586827
S21401284040F82240013298688242F5D30C33EAE719
S2140128500022F8E71C6844F8220001325C68A242B4
S214012860F8D30833E4E70022F8E700BF10D00300EE
S2140128701CD003001CD003001CD003000048704786
S21401288000F04902104AD2F8943003F00703023BE5
S214012890032B13D8DFE803F00C14020E0B4B1B6856
S2140128A0D2F80001C0F304200130B3FBF0F070470A
S2140128B0074BF4E7074B1B685B08F1E7054BEEE7B0
S2140128C04FF40043ECE700BF00400E40EC0A002046
S2140128D0F00A0020E40A002008B5FFF7D3FF054BF5
S2140128E0D3F80831C3F308230133B0FBF3F0024BEE
S2140128F0186008BD00400E40E80A0020014B186829
S214012900704700BFF00A0020054B1860054BD3F84E
S214012910943003F00703022B01D1FFF7DDBF7047A8
S214012920F00A002000400E40044B054A9A60D3F896
S214012930882042F47002C3F88820704700ED00E05A
S21401294000C80000014B1868704700BFEC0A002061
S21401295038B505461DF093FC0B4A146800235CB19C
S214012960AC4206D1A96A6BB199621DF08EFC0120BA
S21401297007E02346A46AF2E7002DF3D01DF085FC9C
S214012980204638BD1160F0E7381D002010B504461A
S21401299098B1FBF7DFFF2046FFF7DAFF10B194F896
S2140129A02C300BB9002010BD1DF069FC044A1368D9
S2140129B0013B13601DF069FCF4E72220F3E700BF3A
S2140129C03C1D00202DE9F04385B005469DF830708A
S2140129D0914698460E4609B9002F5CD12846FFF766
S2140129E0D5FF0446002836D185F82C006863FCF72D
S2140129F05FF8864233D9FBF7FBFF2146844640F257
S214012A00E7304FF47A720023E6FB0C0119F060FD03
S214012A104FF0FF32002319F05BFD2B46E886114686
S214012A20CDE900441D4A28461CF012FF044690B921
S214012A30C5E9089885F82D702E631DF020FC184A0C
S214012A40136833B31A469B6A002BFBD195620023A9
S214012A50AB621DF01AFC204605B0BDE8F08347B115
S214012A60CDE900440D4A2B4631462846FBF7E4FFE4
S214012A70DCE703A93046FBF7C1FF04460028EAD18C
S214012A80CDE90077054A03992B4628461CF0BCFE83
S214012A90CCE71560DBE72124DDE700BFA52A0100AE
S214012AA0381D002091F82C3013B50C4683B98B8E57
S214012AB0CA8E93420ED243B9CDE90033114A0B4672
S214012AC020464FF0FF311CF083FEA38E0133A38610
S214012AD002B010BD52B191F82D307BB101230093A5
S214012AE0D1E908232046096BFFF76CFF064A01234C
S214012AF084F82C30136801331360E9E70846FBF7C6
S214012B0029FFF3E7A52A01003C1D00202DE9F0412D
S214012B10144E336823B3144F4FF000081DF0AFFB7B
S214012B203C68054624B92846BDE8F0411DF0ADBB1A
S214012B3094F82C3093B1336884F82C80013B3360D1
S214012B4094F82D3013B92046FFF702FF28461DF0F2
S214012B509CFBD4E9083120469847DFE7A46AE1E701
S214012B60BDE8F0813C1D0020381D0020034B1B688A
S214012B70002B14BF04200120704700BF3C1D00201D
S214012B80024B1868B0FA80F0400970473C1D0020DF
S214012B9008B5084B01221A70074B00221A70074B22
S214012BA004221A70064B1F221A70FCF759FA054BBD
S214012BB0186008BD041000206A2F002003100020B2
S214012BC002100020401D002008B5064B834207D1A5
S214012BD0054B1B7823B1C8B20CF0CCF800B1FEE768
S214012BE008BD00BF441D00206B2F002030B50368D0
S214012BF0354A23F47F4385B023F00703002593422B
S214012C0004460295ADF80C5033D002F5802293426B
S214012C100CD0A2F18272934253D12C4B1B78002B1D
S214012C204FD005B0BDE83040FBF764BDB0F80530C5
S214012C303B2B46D1FF2304A91A4611E903001DF0D8
S214012C40F2FD01280ABF214B41F2FC15187005F070
S214012C50FC0220793B210CF015F900B1FEE71C4976
S214012C60009023791B4A09681B48FFF7ABFE40B367
S214012C70FEE7B0F8053007EE903AB0F80730F8EE08
S214012C80677A0133B7EE047A67EE877A07EE103A71
S214012C90B8EEC77A67EE877AB1EE047A67EE877A7E
S214012CA017EE900A1AF05AFC07EE900AFCEEE77A45
S214012CB0074A17EE903AB3F57A7F38BF4FF47A7326
S214012CC0136005B030BD00BFA00006026B2F0020C8
S214012CD0F40A0020C92B0100441D002038B5FEF778
S214012CE029FB0E480E4C0121FDF7A2FF01221146D9
S214012CF00020FEF783FA022501221146C4F880500F
S214012D000020FEF77BFA0122C4F884501146002009
S214012D10FEF774FAC4F88850002038BD30253E000E
S214012D2000400E401D4B07B501225A641A6842F452
S214012D3080721A6001A8FFF7ABFB9DF80530012BE6
S214012D4003D89DF80430022B0DD9154B4FF4187299
S214012D50C3F88C22134AC3F89022134AC3F8F02210
S214012D60124AC3F8F822124AD2F8A43143F4F843BF
S214012D70C2F8A431FCF706FAFCF7A0F9FCF7EEF965
S214012D80FCF7B2F9FFF7AAFF1CF053FEFFF720FD90
S214012D9003B05DF804EBFCF73FB800BF00000E403F
S214012DA000400E409A6F05001801000400843208A6
S214012DB000300E4082B0734600230B4A0193019BFC
S214012DC093420DDD72B6BFF34F8F0849084BCA68B0
S214012DD002F4E0621343CB60BFF34F8F00BFFDE701
S214012DE0019B01330193EAE73F420F0000ED00E04B
S214012DF00400FA05014B1878704700BF73300020B5
S214012E0070B52E481DF091FC00F05CFF00F046FF07
S214012E1000F05EFF044602F0F7FB064600F05EFF98
S214012E200546002848D0002C46D000F0F1FA10B133
S214012E30204602F027FA284603F090F9284602F0C9
S214012E40ABFC284601F066F9304602F0D1FB1C4B7C
S214012E501B78204603F0FF05EBB101F0D3FF2046B7
S214012E601DF0A3FE38B12146032001F0EDFF2146F7
S214012E7000201DF094FE20461DF09AFE38B1214632
S214012E80062001F0E1FF214600201DF08BFEBDE883
S214012E90704001F0A7BF1DF08BFE18B121462846F1
S214012EA01DF080FE20461DF083FE28B1214600203D
S214012EB0BDE870401DF076BE70BD00BF0024054021
S214012EC0743000200368484A23F47F4323F0070345
S214012ED0934273B5044670D009D8A2F510229342E6
S214012EE02BD002F5A022934258D002B070BD3F4AC3
S214012EF09342FAD100201DF053FF01201DF050FF30
S214012F003B4BA2881A803B4A002111701A8841F275
S214012F10130192B28A4203D01A8892B202B11B8878
S214012F20354C022120780BF0FDFE78B9207802217D
S214012F300BF00CFF0028D8D008E02F4C01F014FA53
S214012F4000F090FE20460BF0B3FE08B1FFF732FF0B
S214012F50207802210BF0E6FE03460028F6D1009009
S214012F60A022207811460BF0BBFE0028EED1207877
S214012F7002210BF0EBFE04460028E7D100F0AEFE7E
S214012F800146204600F0BCFF012000F0A7FE0146E6
S214012F90204602B0BDE8704000F0B2BF174B027B7E
S214012FA01A70174B42681A6002899A80154B827A0A
S214012FB01A70104B01221A7097E7857AB0F80560EF
S214012FC000F10B012A46104825F077FA302E07D17A
S214012FD000220D48294602B0BDE8704001F054BAFF
S214012FE0332E82D10122F4E7A0000A00A0000601D8
S214012FF09C2C002074300020051000207330002027
S2140130006C300020723000206C2F00202DE9F04734
S214013010054601F08FFF4A4B4A4C1B68AB4204BF82
S21401302001232370484B1B68AB4202BF474B01226A
S2140130301A70474A237812689502DBB204D52378C2
S214013040002B54D0414B1B78002B50D0DFF83CC1ED
S2140130509CF8002002F0FF03002A48D13D4FDFF81C
S21401306030E1DFF830813C4D394E40F2E639B9683F
S2140130705EF82320B1F57A7F13D9501A00F2F310C7
S21401308048450ED8354810F803A001EB0A1000EBAE
S2140130908A008242A1EB910128BF02468A4238BFCC
S2140130A00A4648F8232045F823203068591C800238
S2140130B048BF01F00103022945F8232007F1140750
S2140130C04FF00103D3D13368204A25499B0244BF00
S2140130D06B68336400232370137001238CF800306F
S2140130E00A681A440A601F4A13801F4A13701F4B4E
S2140130F01F4A1B88122B20D913780133DBB2082B09
S21401310001D8137014E0002313701A4A13780133A0
S21401311003F007031370184AD35C184A82F8263066
S214013120174A82F8263011F03FFC164B02221A701D
S214013130154B01201870BDE8F0870023E1E700BFBA
S2140131409C1D00207D300020981D00207C30002032
S21401315000F00140881B00207C1D0020211000206B
S214013160941D00209E2C00207E300020D0310020AF
S21401317078300020793000205FC60300240B002041
S214013180F80A002017100020753000207B30002040
S2140131908C1D0020841D0020034B01229A605A6D6D
S2140131A09207FCD55869704700F001402DE9F041BF
S2140131B0274B90B001AA064603F108051746186882
S2140131C05968144603C40833AB422246F7D1214D51
S2140131D0186899889B792060A180A3710FCD05ACF2
S2140131E00FC40FCD0FC495E807001B4BDFF87C809A
S2140131F09B5D84E80700194A194CD35C19488DF881
S214013200223000250121ADF814508DF81750FDF736
S2140132100FFDC8F80450636DE36539462046FEF796
S21401322097FA204605A91DF07FF90123C8F8043056
S214013230FFF7B2FF01360C4AC8F8045006F0010643
S21401324042F826005368236410B0BDE8F08100BF41
S2140132506C9E03007C9E030067C60300299E030044
S21401326000F0014000D204007C1D002000003E4218
S21401327070B5064618480D46FDF786FD012804463A
S2140132800BD102460146FDF7B9FF224621462046EC
S214013290FDF7B4FF114BC3F8844001211048FDF738
S2140132A0C7FC0F48FDF716FE4FF47A7370430121F1
S2140132B0B0FBF3F00023B0FBF1F2FE2A04D8D2B241
S2140132C0DBB22A716B7170BD0133072B4FEA4101E6
S2140132D0F1D10022F5E700BF0300200000400E40B8
S2140132E0902730002DE9F043DFF89090194E1A4FE1
S2140132F01A481F23C9F85C30194B87B04FF4806217
S21401330001250224C3F884213570CDE901444FF02C
S2140133100008CDF8108003970095124B124A0068FA
S2140133204FF448111DF055FAD9F800309B020BD521
S214013330CDE90378CDE901440C4800950C4B0D4AC4
S2140133400D4900681DF02BFA0023337007B0BDE865
S214013350F08300BF7F3000200D3001009C1D00204F
S21401336000E100E014F001408C1D0020981D0020B3
S2140133707C1D002040F001400100320000F00140B9
S21401338070B51E4B90B001AA03F1080516461868E1
S2140133905968144603C40833AB422246F7D1184D88
S2140133A0186899889B792060A180A3710FCD05AC20
S2140133B00FC40FCD0FC495E8070084E80700114C31
S2140133C031461520FFF754FF0F480121FDF730FC69
S2140133D031462046FEF7BCF905A920461DF0A4F8A3
S2140133E001214FF4AA40FDF723FCFFF77BFF074AB4
S2140133F001235360A36010B070BD00BF6C9E030034
S214013400F80A002000F0014000D2040000003E420D
S21401341013B5234C2378002B3CD001F0D1FD0028B6
S21401342038D1204B20701A786AB901221A7011F02F
S2140134306BFA1DF0F6F91DF0F5F91B4B1B4A1C49FA
S21401344018681CF0B7FA1B4B1B68312B1A4B05D9B1
S2140134501A490A7812B901220A701A701A78A2B1AA
S214013460174C00221A70174B22689A606268DA615C
S2140134701DF0D7F91DF0D6F923680B486268009253
S21401348011490A4A00681CF095FA11F05FFA01200A
S21401349001F090FD02B0BDE8104001F091BD00BF03
S2140134A07B30002077300020401D00209230002025
S2140134B0969D0300941D00207A300020763000206F
S2140134C08C1D0020881B0020D79D030008B50B4BE0
S2140134D05A6DDA650A4B4FF48062C3F88420BFF355
S2140134E04F8FBFF36F8F0020C3F88421FFF75EFE76
S2140134F0BDE808400120FFF759BE00BF00F00140BB
S21401350000E100E010B5FFF7E5F8044638B90146DA
S2140135100648FFF7AFF806482146FFF7ABF8FFF776
S2140135202FFF044B01221A8010BD00BF9C1D0020F6
S214013530981D0020A02C002013B502238DF8000052
S21401354000200C468DF80130FDF7D0FA00218DF8E9
S21401355002000A48FDF758FA00238DF803000121FE
S21401356007488DF805308DF80440FDF761FB0548E6
S2140135706946FDF76BFA02B010BD00BFC0CF6A0006
S21401358000B20400002000401FB58DF80730FF236D
S21401359000248DF806008DF808108DF809300848CB
S2140135A09DF818308DF8044001A98DF805208DF896
S2140135B00A408DF80B3003941CF0F9FD04B010BDE1
S2140135C00020004007B50023009307220323FFF7DE
S2140135D0DBFF054B01229A60DA68D207FCD4986CAF
S2140135E080B203B05DF804FB002000402DE9F043F3
S2140135F0DFF8CC804FF4004989B006460F46C8F87C
S2140136008090BFF34F8FBFF36F8F01210320FFF729
S21401361093FF00254FF0FF33CDE9033543F6E4125F
S2140136204FF48073CDE90523022429468A2202A895
S2140136308DF80A408DF808508DF809608DF80B70EA
S214013640ADF81C501CF094FD4922012102A81CF083
S2140136508FFD21462A22184C02A81CF089FD48221B
S214013660012102A81CF084FD02A92046FDF780F97D
S2140136700123009332463B4628468B21FFF784FF01
S214013680E36943F44053E361636963612A462B4669
S2140136904FF460612846FEF77BFE0523A360074BC7
S2140136A02364636C43F003036364C8F88091C8F82D
S2140136B0009009B0BDE8F08300200040000F033FF2
S2140136C000E100E00E4B4FF4006210B5DA660D4AD9
S2140136D0002414630B22DA660821234622460220C0
S2140136E0FEF78CFC234622460A210220FEF786FCC2
S2140136F0234622460921BDE810400220FEF77EBC83
S21401370000A000440080014008B5042201230821DE
S2140137100220FEF773FC012304220A210220FEF791
S2140137206DFC0123042209210220FEF767FC024BEF
S21401373007221A6308BD00BF0080014038B590F823
S214013740635090F86230044600F164012A46B0F8EE
S2140137506000F9F725F925B940F2CF23C4E91933FA
S214013760E366044B626EDA66A26EDA67E26EC3F84F
S2140137708C2038BD0080014008B525480121FDF7A1
S21401378057FA01214FF48A40FDF752FA21480121E8
S214013790FDF74EFA20480121FDF74AFA00230422DC
S2140137A00B210220FEF72AFC01230022062102201B
S2140137B0FEF724FC0123002207210220FEF71EFC4F
S2140137C00023042207210520FEF718FC002304220B
S2140137D006210520FEF712FC002304220321052002
S2140137E0FEF70CFC0D4B4FF4E062C3F888200F2265
S2140137F09A62002102201CF0F7FE094A136E23F09C
S214013800701343F040131366BDE80840FFF77CBF12
S21401381000A204004041050000350A0000A0004651
S21401382000A0004070B588B01B4C0F22002104A8F0
S21401383024F029FE002503230226184803950121BA
S214013840CDE901558DF812608DF80A30FDF7F0F9D3
S21401385004A920461CF00EFF40F2CF23236201AAE2
S214013860294620464FF4B4751CF038FF01AA2046BD
S214013870E56601211CF032FFE56701AA31462046C4
S2140138801CF02CFF064BC4F88C506363072323639C
S2140138900123636008B070BD00800140000204008F
S2140138A00D0E0C0010B588B00F22002104A824F0DC
S2140138B0EAFD154A154C1068516802238DF812303E
S2140138C001AB03C39068186001211148FDF7B0F9F8
S2140138D004A920461CF0CEFE40F2CF23236201AAA3
S2140138E0204600211CF0FAFE01AA012120461CF008
S2140138F0F5FE1DF06AFA40F60B3363630323236378
S2140139000123636008B010BDC89E03000084014017
S214013910001204001FB5084B08480122CDE9002318
S21401392040F601430293694600238DF80C301CF0E3
S21401393008FF05B05DF804FB000101000024054006
S21401394030B51B481B4C85B00221FDF781FD1A4896
S2140139500121FDF76DF919480121FDF769F91848AC
S2140139600121FDF765F9204606220121FEF70AFC32
S214013970204601220021FEF715FC012220461146B1
S214013980FEF710FC0F4B0FCB6D4685E80F0029465E
S21401399020461CF035FEE36A43F00603E3620A4B59
S2140139A04FF00062C3F880211A6005B030BD00BF39
S2140139B002001E000060044030253E00800616000E
S2140139C000350A00D49E030000E100E007B50D4B68
S2140139D0186900909B8A0C48ADF804300121FDF768
S2140139E027F90A4B01229A61DA6942F00102DA618B
S2140139F0074B02225A606846FDF790FE03B05DF859
S214013A0004FB00BFD49E030000A2040000E00140B6
S214013A1000E100E0014B33F810007047A22C0020B3
S214013A20F0B5524BA9B014AC03F12806224618682B
S214013A305968254603C50833B3422C46F7D12821D9
S214013A4044F220000BF0A8F9494B1EAD044603F1E1
S214013A5028072A46186859682E4603C60833BB420B
S214013A603546F7D12CB9282144F221000BF094F900
S214013A700446404B404F414E414DCDE90437CDE918
S214013A80066534B904AA102144F230000BF084F91B
S214013A9004463C4BCDE90A65CDE9083734B908AA96
S214013AA0102144F231000BF077F90446364BCDE98C
S214013AB00E65CDE90C3734B90CAA102144F2320058
S214013AC00BF06AF90446314BCDE91265CDE91037A2
S214013AD01CB101F051FA29B0F0BD10AA102144F230
S214013AE033000BF059F9054601F046FA002DF2D1E4
S214013AF001F03EFA1221024644F248000BF04CF95E
S214013B00CDE9014403940028E5D101AA0C2144F231
S214013B1011000BF041F90028DDD11D4A382144F28D
S214013B2050000BF039F90028D5D11A4A382144F251
S214013B3051000BF031F90028CDD1174A382144F253
S214013B4052000BF029F90028C5D1144A382144F255
S214013B5053000BF021F9182300930028BBD16A46C5
S214013B6004214FF480400BF017F9B4E7DAA0030004
S214013B7002A103001000640003FB9EB65BA46A95D5
S214013B802823A406100164001002640010036400D8
S214013B90A3A003006CA0030035A00300FE9F030052
S214013BA010B501F0E5F90849084A83780B700379E6
S214013BB01370074B84791C70C4784C70417951702E
S214013BC0C2795A7010BD00BF2510002023100020B6
S214013BD021100020214BDFED226A03EB0010C38980
S214013BE007EE903A838807EE103AF8EE677AB8EE59
S214013BF0477A27EE277A87EE266ABCEEC66A16EE65
S214013C00103A8380438907EE103AB8EE477A27EEDA
S214013C10277A87EE266ABCEEC66A16EE103A43810C
S214013C20C38807EE103AB8EE477A27EE277A87EE72
S214013C30266ABCEEC66A16EE103AC380038907EE02
S214013C40103AB8EE477A67EE277A87EEA67ABCEE88
S214013C50C77A17EE103A0381704700BFAE2C0020DA
S214013C600080D4440A4A92F89400042808B528BF74
S214013C700020FFF7AFFF92F85001042828BF00206C
S214013C80FFF7A8FF034B00211970034B1A6008BD0C
S214013C90541E002080300020A01D002001289FBF58
S214013CA0054B1870054BBC229DBF00FB0230044B30
S214013CB018600020704700BF80300020541E00208E
S214013CC0A01D0020014B1878704700BF80300020EF
S214013CD0014B1868704700BFA01D002001289DBF3A
S214013CE0024BBC2200FB023000207047541E00200D
S214013CF003460328024898BF00EB0310704700BF35
S214013D00AE2C0020012813D80A4BBC2202FB00333C
S214013D1093F8932082420BD193F8951083F88C1078
S214013D2093F8941083F88B1083F88A20012070474B
S214013D3000207047541E0020012830B524D8134BAC
S214013D40BC2202FB003292F8931081421CD192F8F9
S214013D508C1092F895408C4218BF82F89510BC21C1
S214013D6001FB003201FB003392F88B4092F894502D
S214013D70A54218BF82F8944093F88A20824218BF61
S214013D8083F89320012030BD0020FCE7541E00205C
S214013D9090F88A3073B1094B00221A70084B094A11
S214013DA01A60094B0822C3F8FC20012380F88130F1
S214013DB080F8823090F88100704700BF8030002084
S214013DC0A01D0020541E002000A000462DE9F84F3B
S214013DD01CF0FBFF002001F0C5F8002001F008FCF4
S214013DE0AE2200214148424C24F04DFB4148AE2210
S214013DF0002124F048FB4FF00008A1464CF25A7B04
S214013E00454641F2824A64233B4FE3834FF4E17314
S214013E1063870FCF04F16006C4E90355C4E9125560
S214013E20A4F800B06580A580E5802581658184F8C9
S214013E308950E5822583A5826584A584A586E586C5
S214013E402587A4F81AA0A583258484F82E50A4F803
S214013E505050A4F852500FC697E80F0086E80F009E
S214013E6020461CF0B4FE052384F85B30032384F857
S214013E7080305FFA88F384F88A3084F88B3040F219
S214013E809E7384F8855084F88650A4F85450A4F89C
S214013E90585084F85A50A4F8565084F8875084F83D
S214013EA0885084F88C5084F88E5084F8815084F8B9
S214013EB08250A4F8463084F8835084F8915084F8F0
S214013EC0845084F88F5084F8905001F047F8BC3441
S214013ED044F8800CB8F1000F04D0084BC3F80090EA
S214013EE0BDE8F88F4FF001088DE700BF4A2E00208D
S214013EF0541E00209C2D0020A89E0300A01D00201B
S214013F002DE9F34791F8833091F88A8007460C46ED
S214013F1093B1002384F883300B2F1FD8DFE817F006
S214013F2018001E001800230041001E001E0052004B
S214013F30A400C5001E00E70091F88430002BEBD0EA
S214013F4040461CF02DFF94F88330002BE4D0E0E7C8
S214013F5000212346012208461CF04BFD84F88070A0
S214013F6002B0BDE8F087002384F85B302146C82004
S214013F701CF0C1FE94F88C3004EB43030321B3F824
S214013F80A0202287E286B3F8AA3063870223E3647F
S214013F900423009301940523012206201CF097FDBB
S214013FA0DCE7584D208B2B88E364F9F731F90321C0
S214013FB0034601940091012209201CF088FD02238A
S214013FC02B80CBE7E66B5048002506EB480384F8C8
S214013FD02E50B3F81890A5864FF0010A84F883A0F6
S214013FE084F891502A46A3F8129049462B46CDF8FC
S214013FF000A01CF0AAFD2A4649462B464348CDF8A8
S21401400000A01CF0A2FDB38BF3826423E3834FF47C
S2140140106173E36494F88C3006EB4306F08EF9F78F
S2140140207BF806220346A4F8600007210C20CDE9A0
S21401403000541CF04CFD9222BC2313FB0823344A87
S21401404008F580401A44282120300AF0A5FE2046B3
S2140140501CF0BDFD214602201CF055FE00F088FF35
S214014060038AA4F8583079E7012384F8833094F85A
S2140140709530228F04EB4303B3F8A030934218BF68
S214014080E286E38E94F88C20E364E36B03EB420351
S214014090D88EF9F741F80022A4F860000346009292
S2140140A001940A2207210C2078E7012384F8833043
S2140140B0B4F8963094F88C20E386E364E36B03EB64
S2140140C04203D88EF9F728F800220346A4F86000C8
S2140140D00721009206200A2201941CF0F8FC2146D2
S2140140E002201CF010FE3C23A4F8543036E70123CE
S2140140F084F883300423009301940523342203219A
S214014100D1E700BFEC0F0020600B0020500B002011
S214014110541E00202DE9F041044690F88A5000F024
S21401412009FF94F880300B2B00F2F080DFE813F0E3
S2140141300C00EE00180025004900EE00EE005800C5
S214014140AA00D500EE00E7001CF03FFE754B1A787A
S2140141500AB901221A7021460320FFF7D1FE3CE07E
S214014160BFF34F8F7049714BCA6802F4E062134384
S214014170CB60BFF34F8F00BFFDE71CF026FE694BF7
S2140141801B7853B3E56C45BB20461CF020FD238805
S21401419094F88A20A380E36B03EB420228469587B6
S2140141A09A8BDA82A3F8405000F0BEFE21462846DC
S2140141B01CF0C8FD2146022000F04EFF21460420D7
S2140141C0CBE7E36C4BB994F85B3033B92146012059
S2140141D01CF099FD3C23A4F854300120BDE8F08181
S2140141E020461CF04DFCE36C1BB9012384F891308A
S2140141F0F3E7E36B05F10C0733F817608DBB00F0AE
S214014200B7FE057A00F0B4FE437A49482A4631469D
S2140142101CF075FCB4F83480054600F0A9FE037A5C
S214014220628F43450CD26FF491631E444E2E1DD807
S2140142300235042D1AD894F82E30013384F82E3026
S21401424094F82E30172B14D9E38E3C33E3860023E3
S21401425084F82E3040F2EB439A420AD821460820D1
S2140142607BE73448642316223146D1E7002384F8DD
S2140142702E30E36B33F817309342EFD8204601F027
S214014280B5FBAAE720461CF0FBFBE36C0BBB628F79
S214014290B4F898309A4218D921460920FFF730FE23
S2140142A0E26B94F88A1002EB41020023B2F93C203B
S2140142B0A4F842309A4284F84430C2BF0A2392FBE3
S2140142C0F3F293B2A4F8403087E7012384F89130E3
S2140142D0E6E7204601F08AFBE2E720461CF0D0FB29
S2140142E094F88B20144B03EB0213E2881B899A4245
S2140142F07FF67BAFE36C002B3FF477AFBEE7E36C52
S214014300002B7FF46AAF2146072026E723460122C9
S214014310032104201CF06DFB03202146FFF7F0FD6E
S21401432000205BE78130002000ED00E00400FA0584
S214014330600B0020500B0020AE2C002001280CD86A
S214014340074BBC2202FB003393F89430032B04D8AE
S21401435001EB0311034B585A70470020704700BF0A
S214014360541E0020AE2C00202DE9F34100230193BA
S2140143706A4601AB04214FF480400AF023FD28B9B8
S214014380019B182B02D1009B042B04D00AF058FD88
S21401439008B9FFF745FB354D44F2300444F23406C4
S2140143A0204601342B466A461021A4B20AF00AFDC3
S2140143B0B44205F11005F3D12D4C2E4F002644F2E0
S2140143C0200823466A46282108EB06000AF0FAFC74
S2140143D080BB009B282B2DD13046FFF793FC0C2188
S2140143E014F8080CFFF7AAFF234B18801B8834F833
S2140143F07A0C9DB217F0D0FC204B002217F060FE1D
S21401440018F016F807EE905A07EE100AF8EE677ADB
S21401441067EE277A17EE900A17F0D0FC184B0022A9
S21401442017F04EFE17F0BCFF164B80B218801B88A3
S21401443024F86E3C3B466A460C2144F211000AF011
S214014440C1FC00F095FD6A460346122144F248007D
S2140144500AF0B8FCBC34FFF7A3FB10F055FA16B10E
S21401446002B0BDE8F0810126ABE700BFAE2C00200C
S214014470E61E0020A22C0020FA2E00200000244078
S21401448000005940F82E0020052970B50D46164645
S21401449021D91AB1A1F10803382B1CD803885BBABD
S2140144A01AB2002AD4BF0D4C0D4C22789AB96380FB
S2140144B043885BBAA38083885BBA2A460146E380B9
S2140144C004F1090023F0F9FF002E08BF062501209C
S2140144D02572207070BD0020FCE700BF9C2D0020D7
S2140144E04A2E00202DE9F04FAC4CB4F804802DED97
S2140144F0028B4FEA183717F0060983B040F04C815B
S21401450008F00F08B8F1010FB4F806A040F03F819B
S214014510AAF12003012B00F23A81A14E07F007070A
S214014520BC257D43AB190E219B885BBAA4F8563097
S2140145307319384633F80C3C5BBAA4F85830A6F128
S214014540180305EB030B5B5B5BBAA4F85A307319CF
S214014550303E33F8043C5BBAA4F85C30FFF7EEFE5D
S214014560354408EE100A688907EE900AF8EE677A75
S21401457017EE900A17F022FC8A4B002217F076FC01
S214014580F8EE487ACDE9000117EE900A17F016FC0E
S21401459002460B46DDE9000117F092FD17F028FFF1
S2140145A040BAA4F85E00288907EE900AF8EE677A0A
S2140145B017EE900A17F002FC7A4B002217F056FC11
S2140145C0794B002217F07CFD17F012FF40BAA4F8D1
S2140145D06000BBF80630E86B5BBAA4F8623000EB0B
S2140145E047034946DA8E120A84F86420DA8E84F884
S2140145F0652093F93D2084F866209B8F84F8673008
S214014600C08801F017FBEB6B40BAA4F86800188964
S214014610494601F00FFBEB6B40BAA4F86A005889D3
S214014620414601F007FBEB6B40BAA4F86C0093F926
S214014630412084F86E20B3F8403084F86F30BAF128
S214014640210F40F0A18095F85C3084F87030484620
S21401465095F85D3084F8713010F0FCFA95F85B300F
S21401466084F87200484684F8733010F045FB40BA6F
S2140146704946A4F87400484610F0A8FB95F85E3049
S21401468084F8783040BA95F85F30A4F87600404652
S21401469084F8793010F0DEFA95F85A3084F87A000A
S2140146A0404684F87B3010F027FB40BA4946A4F810
S2140146B07C00404610F08AFB40BAA4F87E0000F069
S2140146C057FC837884F8803000F052FCC37884F875
S2140146D0813000F04DFC037984F8823000F048FC0C
S2140146E0437984F8833000F043FC837984F884307E
S2140146F000F03EFCC37984F88530B5F8B4302B4D14
S214014700A4F886302B885BBAA4F888306B885BBA2D
S214014710A4F88A3000F02CFC438984F88C3000F031
S21401472027FC838984F88D3000F022FCC38984F845
S2140147309630AB885BBAA4F88E30EB885BBAA4F8E7
S21401474090302B895BBAA4F892306B895BBAA4F8D7
S21401475094304D224523BC21154884F8492007FB97
S21401476001660022314684F850301CF086FA4A3839
S21401477031461CF043FA4FF480732380012003B0C6
S214014780BDEC028BBDE8F08F26221E23E3E706234D
S21401479084F84930002323800020F0E79C2D002078
S2140147A0841E00200000594000688040A22C002092
S2140147B0E62D00202DE9F04FBF4CB4F804909DB0D3
S2140147C04FEA193515F00603009340F0FC8209F014
S2140147D00F030193B4F81130DFF818C3B4F813804F
S2140147E0B649E6885BBAACF80030B54BBC2005F09C
S2140147F0070598FA98F815FB00F2A3F8008000FB6D
S2140148000518019898F88C8000F1FF3AC9F3022E3A
S2140148105718BAF1070F00F2D182DFE81AF0080044
S214014820F600CF02EF00CF022F0247024702382ED2
S21401483016D8362E00F2DF80242E40D006D8222E3F
S21401484067D0232E00F09B8006235FE0343E022EC5
S214014850FAD8042384F8503084F851800122CEE03F
S21401486044F230039E4200F0AA8015D844F21103A8
S2140148709E4200F0B28044F220039E42E4D192327E
S2140148800A44904B02F1280152F8040B43F8040B3A
S2140148908A42F9D12E2339E044F248039E42D3D10D
S2140148A000F066FB874B00F1100250F8041B43F83A
S2140148B0041B9042F9D102881A80182326E00523AA
S2140148C084F8503040F20313A4F852304FF40173C9
S2140148D0A4F854307C4A84F8518041F61803A4F8B1
S2140148E056307A49536DB1F88600D2F8FC2101336F
S2140148F04FF6FF7118BF0123884218BF43F0020329
S2140149000AB943F0040384F858300F2384F8493079
S21401491029E000256022294604A8039523F0B3FD6B
S2140149206B4903A823F0B7FD6A4903A823F0B3FD3A
S214014930694903A823F0AFFD684903A823F0ABFD3E
S21401494003A823F0C8FDC3B284F850305A2803F1F7
S2140149500803024684F8518084F8493004D8604838
S21401496003A923F0AAFD0125534839461CF046F950
S2140149704FF48073238028461DB0BDE8F08F0823CE
S21401498084F8503084F85180FDF7A0FDDFF868C147
S2140149903823C3F12006A3F1200520FA03F201FA19
S2140149A006F6324321FA05F5083B2A4313F1080FB0
S2140149B00CF8012FEDD194F850300833A6E7494B97
S2140149C0404A03EB0E1303F1100153F8040B42F8AF
S2140149D0040B8B42F9D1162398E7434A40490C232E
S2140149E0A4F850301368C4F8523053684B6093688B
S2140149F08B6014238AE70423A4F8503002223B4834
S214014A0039461CF03AF90C2380E7303EC9F3031A05
S214014A100B2E3FF619AFDFE816F0360045007100A1
S214014A200C00AD00C200CD000601D800770093004F
S214014A308600BAF1070F0ED1BC2606FB051696F8BE
S214014A408330CBB939465046FFF75AFA338F86F88A
S214014A5080A0F386F8E6BAF1020F0DD14FF480403C
S214014A600AF0DCF900287FF4EFAE214B39461870C6
S214014A705046FFF745FAE7E6BC2303FB0513012280
S214014A8083F89120E0E6BC2303FB05134FEAD932F5
S214014A9019F4004F83F88E203FF4D6AE28461CF05A
S214014AA07FF9D1E63846FFF773F9BC2303FB0513FC
S214014AB083F88A00C8E600BF4A2E0020541E002054
S214014AC0F82E00209A2E00200040E00F0042E00F52
S214014AD0EA9E0300F79E0300FF9E0300019F03006A
S214014AE09C2E0020AE2C0020A22C0020942E00200C
S214014AF081300020FA2E00209B2E0020BC2303FBD1
S214014B00051383F88BE09FE600F032FAC9F3C0295B
S214014B1080F8019000F02CFA1221024644F2480077
S214014B200AF03AF990E61BF07CFE1BF07BFEA74BE1
S214014B30A74918681AF03EFF02201FF0CEFE12E7C2
S214014B40E27B042A7FF48AAEBAF10B0F7FF486AEBD
S214014B50BC2202FB051292F8831000297FF47EAE78
S214014B601B8806219BB24B4350463946D364FFF758
S214014B70C7F973E6E27B042A7FF470AEBC2202FB1F
S214014B80051292F88010083901299BBF19881B88E5
S214014B901B88D1869ABF9BB2D36413875EE6E37BFC
S214014BA0042B7FF45BAEBC2303FB0513BCF800208B
S214014BB05A8753E6E27B042A7FF450AEBC2202FBFE
S214014BC00512BCF800005087DBE7E07B04287FF481
S214014BD015AFBC2000FB051090F8836026B190F855
S214014BE0800009287FF40AAFBC2000FB0510BCF842
S214014BF00060A0F898601E88A0F8966090F8806023
S214014C00092E07D1BCF8006046871E881B88C68619
S214014C109BB2C36405F5804092320A4420302821B5
S214014C200AF0BAF8EAE6E07B04287FF4E7AEBC2097
S214014C3000FB051090F88360002E7FF4DFAEBCF811
S214014C400060B0F84600B6B2B0424FF05E0628BF2C
S214014C50BCF8000006FB058801EB480628BF80B2B9
S214014C60A6F8AA00BC2606FB051601EB48087087C5
S214014C7018881B883087A8F8A030CBE7BC2303FB35
S214014C80051090F88330002B7FF4E8AD5E2303FB1C
S214014C90056301EB430201EB4303B2F8A020B3F82E
S214014CA0AA3080F88C6002874387D7E5DFF830A109
S214014CB04FF0000B062202FB0BF303EB0A003AF857
S214014CC00330B34209D190F80480B8F1040F4ED8EE
S214014CD0DFE808F0094D354047000BF1010BBBF149
S214014CE0220FE8D13FE6BC2303FB05154FF0280948
S214014CF095F88A5003FB051592350122062303FB1E
S214014D000BAA0198BAF802309AF8051007282B4426
S214014D1032D102290CBF1B881B7884F8512002BFB0
S214014D20190ADBB2009184F853300223009984F803
S214014D305030002384F85210A4F8543063E6BC23A4
S214014D4003FB0511234D91F88B304FF0100905EB4D
S214014D500315D2E7204DF3B205EB43054FF00209E8
S214014D60CBE700F005F94FF012090546C5E71A4DE5
S214014D704FF002090022C1E70229A27C1CD1B4F837
S214014D80112052BA1A80300A2A46494640F4804019
S214014D900AF002F830B9B8F1040F03D1FEF700FFAC
S214014DA00FF0B2FD4A460D48294609F1060923F0DF
S214014DB084FB84F84990D6E51A70E4E7062384F864
S214014DC049300025D0E50025D5E500BF401D00206F
S214014DD00A9F0300AE2C0020A22C00209A2E002051
S214014DE0329F0300054B1B780BB1FFF7E3BC044B66
S214014DF01B780BB1FFF776BB704700BF4A2E002029
S214014E009C2D002010B50D4C63785BB1FDF7F2FFC9
S214014E1094F8492004F14A0336210AF04BF860B9A8
S214014E2060700AE0064C63781BB190F89130002B55
S214014E30ECD0044C6378002BE8D110BDEE2C00209A
S214014E404A2E00209C2D002070B5194C63780D4623
S214014E500BB1002070BD0029FBD0164AA080B2F924
S214014E6000606680731E1BB2002B138000F00F01DA
S214014E70BCBF47F6FF731380032915D00629E8D176
S214014E8001220D4829461BF0F8FE95F88C200C23CC
S214014E90074884F849302946E2801BF0AFFE4FF4FC
S214014EA0807323800120D5E731220623F0E700BF77
S214014EB0EE2C00203A0F0020382D002070B5164A3F
S214014EC0164D282144F2200009F066FF144A2821D5
S214014ED044F2210009F060FF44F2300444F2340643
S214014EE0204601342A461021A4B209F055FFB442E7
S214014EF005F11005F4D100F03BF81221024644F208
S214014F00480009F049FFBDE87040064A0C2144F20A
S214014F10110009F041BF00BFE61E0020AE2C0020A4
S214014F20A21F0020A22C0020014B1860704700BF72
S214014F30EC1F0020064B07481B684FF47A7103EB01
S214014F408303B3FBF1F201FB1233034917F060BE92
S214014F50EC1F0020923000202AA103000048704771
S214014F60000C0020014B1870704700BF91300020E4
S214014F7000487047002F00200C4B12221A8044F67E
S214014F804B325A8043F232229A804FF43262DA80F0
S214014F9040F216321A8178225A81B4229A81DA8135
S214014FA0A7221A82024B16221A707047002F002081
S214014FB090300020014B1870704700BF8B300020E6
S214014FC0014B1878704700BF8B3000200C280BD897
S214014FD0DFE800F0070B1114170E1A260A0A1D2027
S214014FE02300114B114A1A6070470F4B104AFAE71B
S214014FF00D4B104AF7E70C4B0F4AF4E70A4B0F4AE2
S214015000F1E7094B0E4AEEE7074B0E4AEBE7064B74
S2140150100D4AE8E7044B0D4AE5E7034B0C4AE2E785
S214015020014B0C4ADFE700BF4C0C002035A1030002
S21401503040A1030049A1030057A103005DA103009D
S21401504068A1030072A103007AA1030082A10300F4
S2140150508AA1030092A1030073B505460C46FFF72B
S21401506069FF94F85B30062B70D8DFE803F0086F11
S2140150700C25420A5600062384F85B30EFE7544BB2
S2140150801B6802B070BD05F12C0304EB430300223C
S2140150905A7194F88330002BEDD13DB1012DF0D13A
S2140150A094F88C3084F88D300323E5E794F88C303F
S2140150B084F88D300423DFE7464E737893B9012DCB
S2140150C002BF94F88D30A4F8603084F862500194E1
S2140150D094F862300093B4F86030012203210C206A
S2140150E01BF0F5FC7089214602B0BDE870401BF04C
S2140150F002BE384D6B786BB9012294F88D3084F876
S2140151006220A4F86030CDE90024032211460C2069
S2140151101BF0DDFCA8892146E6E72E4D6B7893B996
S21401512094F88C20E36B03EB4203D88EF7F7F4FF79
S21401513004230322A4F8600011460093019405237A
S2140151400C201BF0C4FCE8892146CDE794F88C209E
S214015150E36B03EB4203D88EF7F7DEFF94F880206B
S214015160A4F86000073A0346042A2AD8DFE802F0CA
S21401517003161B2922000022009201940622072111
S2140151800C201BF0A4FC20461BF021FD94F85B309C
S214015190072B1CBF072384F85B3072E700220092BE
S2140151A001940A22EBE70022009201940A220721C9
S2140151B00620E6E704230093019405233422032105
S2140151C0F6E700212346012208461BF012FCDAE727
S2140151D0EC1F0020002F002038B50C460546FFF7CF
S2140151E0A9FE94F85B30023B042B38D8DFE803F0C5
S2140151F042031A373800012D31D194F88D30204AF8
S214015200032B98BF0133527894BFDBB2002384F896
S2140152108D300AB9A4F8603021460120BDE8384037
S214015220FFF71ABF012D1AD82C3504EB45050023CC
S2140152306B713C23A4F85430114B5B7863B994F836
S2140152408D0021461BF09AFC21460720FEF758FEEA
S21401525094F85B30072B02D0072384F85B3038BD07
S2140152603C23A4F85430064B5B78002BF4D121463E
S2140152700320EBE794F88330002BF0D0F7E700BF6C
S214015280002F00202DE9F843AB4B1A7804465AB19B
S21401529000221A70A94B1A70B0F8583033B1013B8E
S2140152A0A0F8583080F88620BDE8F88390F883305F
S2140152B06BB390F85B30022B14BF02232D23A04A58
S2140152C01370FFF737FE94F85B00FFF77FFE0FF0D1
S2140152D02BFC94F883509DB310B39A4B1A7882F046
S2140152E001021A701A7894F85A3092B9772B19D9A4
S2140152F0954A01231370002284F85A2084F88520E9
S21401530094F85B209A42CFD084F85B30CCE7022336
S214015310D5E7FF2BECD00133DBB284F85A30E5E752
S21401532084F85A0094F85B30072B2FD10FF0FCFB62
S2140153300028B9D194F85B30022BB5D00223E3E7FD
S21401534084F85A500028EDD028460FF083FC002838
S214015350E8D001200FF07EFC0028E3D07B4A1388BA
S21401536001339BB2B3F5A67F1380DBD9158009F014
S21401537067FDBFF34F8F7649764BCA6802F4E06249
S2140153801343CB60BFF34F8F00BFFDE794F8863021
S2140153904BB3B4F854301BB1013BA4F8543083E747
S2140153A094F883306C4D5BB10FF0BEFB40B16B4A95
S2140153B02B88128892B2934202D201332B8073E774
S2140153C00023614A2B8084F886300123137094F8F9
S2140153D05B20022A07D09A4218BF84F85B30214628
S2140153E00220FFF739FE20461BF09CFCDFF8749183
S2140153F0DFF874812546002686F001000FF040FC98
S214015400003818BF0120F7B289F8000038460FF0BF
S21401541037FC94F88830003818BF012088F800005F
S21401542013B3002304EB460684F8883086F85D3013
S21401543096F85C3013B994F885307BB194F88330D4
S21401544063B994F85B30012B1CBF012384F85B30F1
S21401545021460220BDE8F843FFF7FEBD2146384647
S214015460BDE8F8431BF075BC94F85B20CAB194F80C
S2140154708530002B53D194F88330C3B998F80030A7
S214015480CBB199F80030B3B995F85C309BB995F873
S2140154905D10012319B384F8853021463846FFF79D
S2140154A09BFE96B32E4B94F883201A70FCE698F870
S2140154B00030002BE8D198F8003003F0FF02002BF3
S2140154C0EFD195F85C30002BEBD0B4F8563085F868
S2140154D05C20002BE5D0012385F85D30E1E7BEB9FD
S2140154E0032A0CD194F85F204AB184F85C30042377
S2140154F084F85F6084F85B3021463046AAE785F879
S2140155005C3021463846FFF7A7FD0235012673E7D2
S21401551085F85C3021463846FFF79EFDC1E798F8CE
S2140155200030002BBDD199F8003003F0FF02002BAC
S214015530B7D184F88520B4E78B3000208D30002069
S214015540FF0F0020883000207A300020FE2E002039
S21401555000ED00E00400FA05FC2E0020F00F00200C
S214015560D2300020893000208A3000201B4B10B535
S2140155701C6A9C62A20710D5FEF7A4FB000100F18D
S214015580804000F5C2300023C366154B1A68154BE0
S214015590DAB902221A70FEF795F8630714D5124A93
S2140155A01368013313600D4B9C62104B4FF48062FD
S2140155B0C3F88420BFF34F8FBFF36F8F5A60084B39
S2140155C01A683AB905221A6010BD1A78002AE2D183
S2140155D00122DFE71A68013AF5E700BF00600440E0
S2140155E0CC1F00208D300020EC1F002000E100E0E1
S2140155F0034B00221A70034B197801B11A707047D9
S2140156008430002085300020014B1878704700BF99
S21401561084300020034A01239361034A1370034A2E
S2140156201370704700E0014086300020873000206C
S21401563004281FD8DFE800F003090F142000CB6C04
S214015640C3B1013BCB6401207047114A13888BB16B
S214015650013B1380F7E78B6C63B1013B8B64F2E788
S214015660B1F850301BB1013BA1F85030EBE70123F4
S214015670A1F8503000207047B1F852301BB1013B01
S214015680A1F85230DFE70523A1F85230F2E700BF58
S214015690000C0020114B023133F81130834206D83A
S2140156A092F890309BB9012382F88F3007E00C4BBB
S2140156B033F8113083420AD992F890303BB901236E
S2140156C082F890300523D3830A239364704700231E
S2140156D082F88F3082F89030F7E700BFE20F0020A3
S2140156E0D80F002073B5254C254E636CA26B134072
S2140156F0336033689A071CD501A920461AF0ADFD20
S214015700204D01A9286020461AF0A7FD01A92861AD
S21401571020461AF0A2FD01A9A86020461AF09DFDB8
S2140157200223E8602364D4F8903043F00103C4F800
S21401573090303368DB071CD5104B124A996C5160C8
S214015740D3F88C2042F00102C3F88C200E4A1A646A
S214015750FEF7BEFA04461BF059F9FDF7D5FF94F89B
S2140157607C204FF4006332B1084AD366084B01220D
S2140157701A7002B070BD074AF7E700BF002000406C
S214015780E41F0020D01F0020000F033F00A00046AA
S2140157908330002000A00044F8B5624B90F88010DA
S2140157A01B7809290CBFB0F89820428F044603F0F5
S2140157B0FF065BB990F88A50C38B90F8890030B128
S2140157C02D0105F1804505F5C235EE66F8BD94F864
S2140157D09160E6B12B0103F1804303F5C23307392B
S2140157E0022984F89100D8660BD82846FEF7A4FA59
S2140157F038B105F5804004F192022821203009F0E5
S214015800CBFA21460320BDE8F840FEF779BB94F8B1
S2140158105B000628DAD044480778002FD6D00670F9
S21401582094F89000002875D107290ED16188628B03
S214015830914205D240F2A13293426DD8043302E080
S214015840022B4AD9023B9BB247E00839012944D8CA
S214015850B4F89E10B4F8406034480A4492B205F198
S2140158600C07911B022B30F8170089B210D9B4F837
S21401587002C0678BBC4501D2814211D8012284F84F
S2140158804420B4F84220824238BFA4F84200D9E747
S2140158900539884243DA94F8441039B93233D2E7ED
S2140158A0053988423BDA94F8441079B1002184F82E
S2140158B04410B4F84210914223D9891AC1F34E011B
S2140158C03144A4F840100022A4F8422040F2A1324C
S2140158D09342E3D9B3F5747FB0D3226BE38340F2EE
S2140158E0E73101FB02324FF47A71B2FBF1F2226327
S2140158F00F4AD06902EB05124343B3FBF1F3D366BB
S21401590064E70A3A9142DEDA022E84BFB21EA4F898
S2140159104020D8E70523E0E74FF47573DDE7002361
S214015920DBE700BF8D3000208C300020000C00200B
S2140159300084014010B5E02104460320FDF742FE35
S2140159404FF4FA734343C3F38F33034AA34253809E
S21401595034BF0020012010BD000C002038B52DED0D
S214015960028B0B4608EE900A0E2193F88A00FEF78A
S214015970E5FCF8EE687A08EE100A17EE900A16F0C3
S2140159801DFA0C4B002216F071FAF8EE487A04461E
S21401599017EE900A0D4616F011FA02460B462046FF
S2140159A0294616F08DFB16F023FDBDEC028B80B266
S2140159B038BD00BF0000594007EE900AF8EE677A3E
S2140159C008B517EE900A16F0F9F9064B002216F004
S2140159D04DFA054B002216F073FB16F009FD80B256
S2140159E008BD00BF000059400068804070B590F8BF
S2140159F0842090F88A3004461AB3002B14BF07257A
S214015A000625012680F8836029460220FCF730FB34
S214015A1094F88E308BB9A0B90A4BE28BD9694A4308
S214015A204FF47A71B2FBF1F2DA6633460822294660
S214015A300220BDE87040FCF7E1BA10B133460022FF
S214015A40F5E770BD0084014070B52DED028B05466B
S214015A5090F88A60408900B9E8882946FFF77EFFFA
S214015A60B5F89C3008EE103A16F096F9314B002244
S214015A7016F026FB16F0DCFCB8EE488A07EE900A14
S214015A80C8EE277A17EE900A16F098F92A4B0022EC
S214015A9016F0ECF916F0ACFC022184B23046FEF7A3
S214015AA04DFC844228BF044695F88B00FEF720F98A
S214015AB0C68895F88B00FEF71BF9EA884389B2423F
S214015AC0A4B21FD89A4233D907EE903A6B89B8EE42
S214015AD0677A06EE903A07EE906AF8EE666AF8EE96
S214015AE0677A76EEC76A77EEC77A86EEA77A07EE0A
S214015AF0904AF8EE677A67EE277AFCEEE77A17EEB9
S214015B00903A9CB207EE904AF8EE677A17EE900A42
S214015B1016F054F9094B002216F0A8F916F068FCA5
S214015B20074BBDEC028B80B21880188880B270BD1E
S214015B300024E7E7000059400000244000404A40A6
S214015B40122F0020F8B590F88A70384E022F0446BE
S214015B5028BF0027FFF778FF608396F848C0002328
S214015B6040F26B7E183687B1BCF1060F56D9D9B212
S214015B70022936F813200DD140F213518A420BD96F
S214015B8040F214514FF4AF652BE0D9B2022936F832
S214015B90132006D0724520D8A28B82423DD800221F
S214015BA034E0BCF1010FF5D040F213518A42E7D838
S214015BB0A28B824203F1010334D9A083032BE4D1E3
S214015BC041F28243984288BF6383638BA28B9A42D9
S214015BD09ABF9B1A6383A383F8BD40F26C714FF49E
S214015BE0FA65954214D9511A07EE901ADFED106A3C
S214015BF0F8EEE77A87EEA67A07EE900AF8EE677A6D
S214015C0067EE277AFCEEE77A17EE902AA28305E084
S214015C10A18B814201D89542C1D2A0830133032BC7
S214015C20A1D1CDE70022A283C8E700BF000C002067
S214015C300000C84210B5002943D14FF2F5539842EF
S214015C4028BF184640F66163984238BF1846374B5E
S214015C501C4633F8022B824202D81A88824203D8A5
S214015C600131C9B22229F4D14B1C34F8112034F881
S214015C701330801A9B1A07EE103A07EE900AB8EE18
S214015C80C77AF8EEE77AC7EE876A07EE901AF8EE5B
S214015C90677A76EEA77A17EE900A16F08FF8244BFD
S214015CA0002216F0E3F8234B002215F029FF16F028
S214015CB0BFFB07EE900AFCEEE77A17EE903A98B231
S214015CC010BD4FF21933984228BF18461A4A42F2BD
S214015CD0B803984238BF18461446002332F8021B10
S214015CE0814202D81188814203D80133DBB21C2BD2
S214015CF0F4D15A1C34F8131034F81220401A521AF0
S214015D0007EE102A07EE900AF8EEC76AF8EEE77A71
S214015D1087EEA67A07EE903AF8EE677A77EE277A5C
S214015D209FED067A67EE877AC5E700BF780F0020F9
S214015D3000C08240000079403C0F00200000FA437A
S214015D40012A38B52ED8184D184B2C7804EB810251
S214015D50012923F8120033F8310003EBC1035A88F6
S214015D6010449A88DB880244134407EE903AFAEE10
S214015D70CF7AFCEEE77A17EE903A98B20C4B03EB2B
S214015D804103D88004D8BDE838400021FFF752BF50
S214015D900121FFF74FFF631CDBB2042B28BF002352
S214015DA02B7038BD0020FCE782300020C00F002099
S214015DB0000C0020024B0021D888FFF73BBF00BF34
S214015DC0000C0020F8B58E8891F88A7005460C46BE
S214015DD002208A2126B9FDF7F5FBA0800020F8BD38
S214015DE0FDF7F0FB2E4140FA05F5F6B2EDB2AE42F4
S214015DF0A080F3D1E080208049210220FDF7E2FB5C
S214015E00114D2A21E8800220FDF7DCFB482128817C
S214015E100220FDF7D7FB68813846FFF7CBFF0C372A
S214015E200A23B0FBF3F025F81700F7F7BDF90023B6
S214015E300246A880A188A3862046F7F741FAE082A9
S214015E4020830120CBE700BF000C00202DE9F8439A
S214015E50664B2DED028B00220446A3F10A0115467E
S214015E6033F8020F90B1D1ED007ADE885E82F8EE4B
S214015E70676A07EE900AF8EE677A86EEA77ABCEEB6
S214015E80C77A17EE100AD8800D601D800132D2B293
S214015E90032A01F10401E3D194F88A30544803F14E
S214015EA00C0230F81280534A1788BFB2012F2ED940
S214015EB0122F28BF12275049DFF850C1CD5C12229D
S214015EC05A43154400EB430E5CF8255011F8039035
S214015ED0BEF83660BEF936E04A44761B4CF822E03E
S214015EE0CA5C0132B2FBF7FC07FB1C22D2B2CA54D1
S214015EF01C3300EB430594F8833036B2AE801BB1F9
S214015F0094F88030092B04D10023A38534E00627BA
S214015F10D1E7214660899FED398AFFF71FFD07EE1D
S214015F20900AF8EE677A2089C7EE888AFFF744FD63
S214015F3094F88030072B07EE900AF8EE677AD4EDD6
S214015F40136A9FED2F6A87EE887AF5EE005A27EEE0
S214015F50287A15D1A38EBB4212D2F8EE666A27EED6
S214015F60257A66EE876AC6EE867AFCEEE77A17EE43
S214015F70903AA3850023AB80BDEC028BBDE8F88385
S214015F80638FA3EB08031BB2002B2CDD96FBF7F601
S214015F9007EE906AF8EEE77ADFED1A4A87EE885A3E
S214015FA007EE903AB4EEE45AF1EE10FAF8EEE77A1C
S214015FB0C3BFB2EE044AC7EE844AC7EE057AB2EE14
S214015FC00E5ACCBF64EEA77A67EE857A27EE257A5D
S214015FD0F8EE666A46EE877A87EE867ABCEEC77A70
S214015FE017EE103A91E7DFED087AEFE72E0C002066
S214015FF0000C0020EE0F00208E3000200000C8426A
S214016000000004420AD7233C00000000700B002069
S214016010F8B504460220FDF7FDFC20B10220FDF78D
S214016020F9FC4A4B18800320FDF7F4FC20B103204D
S214016030FDF7F0FC464B18800420FDF7EBFC20B181
S2140160400420FDF7E7FC434B188094F8833033B106
S21401605094F880300B2B1EBFA38E0133A386A38A30
S214016060002B72D007EE903AB8EE677AD4ED037A39
S214016070F8EE676A0025C6EE877AA582FCEEE77A17
S21401608017EE903AD4ED047A6381F8EE676AC4E9B4
S2140160900355C6EE877AFCEEE77A17EE903A98B289
S2140160A007EE900AF8EE677A208117EE900A15F04F
S2140160B085FE294B002216F003F80646A06A0F4615
S2140160C015F07CFE02460B463046394615F018FDA3
S2140160D016F0AEF907EE900AB7EE007AF4EEC77A3C
S2140160E0F1EE10FAA0620FDBBCEEE77AA28C17EE97
S2140160F0103AB8EE477A9A4277EEC77A84BFD21A38
S21401610095B2A584C4ED0A7A94F88A000C21FEF7AC
S21401611015F9E38A07EE903AA38C07EE103A06EEDD
S214016120900AB8EE477AF8EE677AF8EE666A67EE96
S214016130877A204687EEA67ABCEEC77A17EE103A23
S2140161402383BDE8F840FFF781BEF8BDF20F0020BB
S214016150F00F0020EE0F0020006880402DE9F74F79
S214016160B74B90F88A601A780446002A00F0F0804F
S21401617004214FF00009304683F80090FEF7DEF860
S214016180B04BDFF8FC8218800A213046FEF7D6F8BD
S214016190AD4B1880012384F88430AC4BAC491FFA10
S2140161A089F21A801A8892B231F82220A8F80020C3
S2140161B01A8892B2002A00F09780012A00F0138113
S2140161C01A88DFF8C0A292B2012A88BF1D88B8F8E3
S2140161D00020B8F8000086BF023DADB200250AEBEC
S2140161E0450329469A8180B23246FFF7A9FD07EE9C
S2140161F0900AF8EE677A8346074617EE900A15F07E
S214016200DDFD944B002215F05BFF16F0F1F8012D31
S21401621083B201933FD8B4F8B6700A2317FB03B7CD
S21401622094F88330ABB3226B002A00F0FD808A48D5
S214016230B4F89E30018889B299420AEB450138BF0D
S2140162400388B1F93C1038BF9BB2002940F3E980BE
S21401625007EE901ADFED816AF8EEE77A87EEA67A06
S214016260F7EE007AB4EE677AF1EE10FAC8BFB0EE38
S214016270677A53434FF47A72B3FBF2F307EE903A20
S214016280F8EEE77A67EE877AFCEEE77A17EE903A51
S2140162909BB2FF1ABFB205F10C0B0AEB4B0307EEDC
S2140162A0907ADF8005F108030AEB8303F8EE677A3C
S2140162B05A683A445A6005F1180217EE900A3AF8FD
S2140162C0123001332AF8123015F078FD614B0022A6
S2140162D015F0F6FE16F08CF822462AF81B00294621
S2140162E00198FFF7D7F90FE0B8F80020198855484C
S2140162F0228089B2B8F8002030F8111092B291428B
S2140163005AD230461AF04CFD09F10109B9F1050FD0
S2140163107FF443AF62882369514D13442361228879
S214016320E3681344E360A38A0133A3824D4B1A78D2
S21401633032B12EB91E70204601232B701AF023FDB0
S2140163402B782BB12046FFF763FE2046FFF7FAFBBA
S214016350454D2B78022B69D1E38BDFED446A07EEBE
S214016360103AB8EE477A424BC7EE267A93ED007A9A
S21401637077EE877AB6EE007AF4EEC77AF1EE10FA87
S214016380A2BFB7EE007A77EEC77A4FF47A72C3ED02
S214016390007A4FEA061303F1804303F5C233B8BF10
S2140163A00022DA66FCF79EFF324A012393602B70C7
S2140163B0304603B0BDE8F08F1A882349B8F800309C
S2140163C092B29BB231F812209A429DD930461AF009
S2140163D0E7FCA3880F2B01D9FEF770FD21460320A9
S2140163E0FDF78EFD90E7B8F8002062801A881549FF
S2140163F0B8F8003092B29BB231F812209A420ED809
S21401640094F88930022B03D8013384F889307BE76E
S21401641030461AF0C5FC21460320FDF771FD002326
S214016420F3E79FED157A24E7134632E72B78012B25
S214016430DAB201BF00232B70104B1A70B8E700BF09
S21401644083300020E20F0020D80F0020142F0020F8
S214016450D01F002000002440F20F00200000484218
S21401646085300020873000208D30002000007A44DF
S214016470E81F002000F00140000000008C300020E2
S214016480162F0020000C00207FB503681C4A23F459
S2140164907F4323F0070393422ED11A4B0522002196
S2140164A0182008F0D9FC00B1FEE70DF1070102A89B
S2140164B008F016FD014600B1FEE7BDF80C305BBAE8
S2140164C0ADF810309DF80B308DF81230FF238DF8A3
S2140164D01330FE238DF814309DF80A308DF81530F0
S2140164E0BDF808305BBAADF81630082204AB1B20A5
S2140164F008F0B2FC00B1FEE707B05DF804FB00BF90
S214016500A0000100A8A10300F7B51646174A0546E4
S2140165100C46106851686B4603C395F82A30083359
S2140165206B4413F8087CAB8DDA0609D43346224651
S214016530394628461AF08AFC00F5FA7003B0F0BD19
S214016540204622F0F8FBAB8D00F10A049B074FEAC8
S214016550C40405D0304622F0EEFB04F50C74044466
S214016560781EE823584304FB0700E5E7AEA10300C5
S214016570174B10B51C68902202FB004400212046F0
S21401658021F081FF134B1B68DB78637604F108006A
S21401659000211BF00DFD4FF40063E38423850723E0
S2140165A084F82A301323A385236AFF2243F01303BA
S2140165B084F82420236284F85420074B074A204697
S2140165C0C4E91C32C4E92032BDE810401AF069BCA7
S2140165D0F01F0020C4210020D6BE898E55555500D7
S2140165E0F0B5104B1E6893F804C0024635464FF0CE
S2140165F0FF3400239C4508DC91B1631C10D0902326
S21401660003FB046080F82420F0BD95F824709742BF
S2140166102846F9D0FF2F08BF1C4690350133E9E71D
S2140166200020F1E7F01F002070B5244D0446002835
S21401663042D0083001F030FD0026FF2384F82430D4
S21401664004F14000E66122F0F1FA04F1440022F080
S214016650EDFA04F1480022F0E9FA04F14C0022F0C8
S214016660E5FA04F1500022F0E1FA2868144B201AEA
S21401667000115843C0B21AF0E0FB014630461AF04A
S214016680D7FBE06E10B100F039FEE666606E18B119
S2140166901AF0E6FB00236366A06E1AF0DDFB00230A
S2140166A0A36670BD286806FB0400FFF7BDFF013432
S2140166B02B79A342F6DCF4E79026F9E7F01F0020D9
S2140166C0398EE338F7B504461DF004F9C0F30F23FD
S2140166D0542B3ED9AA2B34BF01230223C0B27E28F5
S2140166E08CBF0222012203218DF804301344B3FB30
S2140166F0F1F000EB40001B1A8DF805301344B3FB94
S214016700F1F202EB42029B1A13498DF80630002380
S2140167104B7501AF18461D461A4617F8016B44FA29
S21401672006FC1CF0010F06D053009E403043013298
S214016730C0B2D2B201230135EDB2032DEDD103B1C2
S21401674048754B7D43EA82134B75FF230B7503B0E7
S214016750F0BD0023C2E700BFF01F0020064B1B68F8
S214016760D97ADA78437E5B1A9342A8BFDAB24276C8
S21401677000211AF0D2BB00BFC4210020B0F862305D
S2140167802BB9836813F4601F08BFA0F8623011B1FB
S214016790012911D070474369417E23F010034361FC
S2140167A0064B1A68D37A92780B449342D8BFDAB272
S2140167B0427601211AF0B1BBFFF7D0BFC4210020F9
S2140167C02DE9F041344E8AB000253379AB4203DC23
S2140167D001200AB0BDE8F0813468902303FB05442C
S2140167E094F82430FF2B0DD0236A980106D504F1C6
S2140167F05008404622F097FA074628B9226A12F056
S214016800A06F1ED10135E0E7BB790C333B4408A9E4
S2140168109A7AD8681B8AADF82430C2F38012002316
S2140168208DF81F2008901A460DF11F001AF01FFB65
S2140168309DF81F2094F8241008AB38461BF049FC3D
S214016840D7E7A38D1D2B18D13C23FF210020CDE9CE
S2140168500431CDE90200CDE9000004F12E03C2F3B4
S214016860802201211BF010FF0028B2D04FF0A0615A
S21401687004F120001AF0BAFAC4E712F0807F94F807
S214016880393094F824004FF000020CBF3C2143211C
S2140168901BF0A0FDE8E700BFF01F00202DE9F04146
S2140168A01F46C36904460D4616468BB169B919F0F1
S2140168B0E6FC29460646A06E1AF0CAFA2046294684
S2140168C01AF014FB304619F0E0FC0020BDE8F08118
S2140168D00029FAD0036A03F01203022B00F0BA80F3
S2140168E0236ADD0700F1BE8094F82430FE2B0CD11C
S2140168F004F1550001F0F0FE01F0E6FE28B14FF478
S214016900800104F120001AF069FA256A614B2B40D8
S214016910B3F5807F00F0B980A8052FD5C5F3802593
S21401692004F12E080022414628461AF0A6FA002154
S21401693084F854001AF0B2FA4146002228461AF0AA
S214016940A1FAA18D20B194F95400002880F2968016
S2140169504FF4007104F120001AF048FAA28D02F0FB
S2140169600302012A0AD1414628461AF08BFA28B1B9
S2140169704FF4006104F120001AF030FA236AD906B8
S21401698000F18180D4E910122046FFF7BDFD012FEA
S2140169900ED0E28C40F271235A43904208D9228DE0
S2140169A05A43904273D800F51C70B0FBF3F0E084B4
S2140169B0394BE361002384F83930236AB4F8625016
S2140169C0E16884F8387023F48032226221613DB98F
S2140169D013F0100F0CBFC8253C25257605F2B3151C
S2140169E04EB1238D40F27121C3EB06134B4342F4A3
S2140169F08032E3632262236A43F400232362274B37
S214016A001B68DB78637619F03AFC636943F0100380
S214016A100746636104F1080029461BF0C9FA012004
S214016A2003F0ACFB28B963691A075CBF43F00403A3
S214016A30636126B11CF08AFFE36B0344E3632046DF
S214016A4003F0A6FB384619F020FCA06E01211AF0CF
S214016A50FFF93AE7406C22F06EF900287FF440AF68
S214016A600C2033E7E36E002B7FF43EAF00F0F0FB23
S214016A70E06600287FF438AF092027E701F001011E
S214016A801AF00CFA6AE7064B93E712201EE7452038
S214016A901CE700BF00014000150E0300C4210020C2
S214016AA0D96B010070B50A4D002490262B79A342BC
S214016AB000DC70BD286806FB040090F82430FF2B2C
S214016AC004D000231A461946FFF7E8FE0134EDE725
S214016AD0F01F00202DE9F04F91F806B08DB00BF1B4
S214016AE00C0B04460E4601EB0B0501220AA90DF11B
S214016AF027001AF0CDF9824668B19DF827100AAF33
S214016B00384600F043FC60B1304617F0CDF800205F
S214016B100DB0BDE8F08FA97A05F10C07C1F380111D
S214016B20EEE7E36EE06695F807900793236A2989F6
S214016B3056F80BB0484603F0100804F08BFD83446A
S214016B40B8F1000F39D1A9F10303012B94BF032338
S214016B5002235B0040F2712202FB03B21D4B1B684D
S214016B605B79637605F11803BAF1000F27D09DF81B
S214016B70271094F824E0B8F1000F24D0A87A4FF03B
S214016B80010CC0F3401095F90550CDE902E0CDE9BE
S214016B900071CDE904C50798012100F06DFCB8F13C
S214016BA0000F05D01CF079FE012120461AF09EF94F
S214016BB0304617F079F80120AAE70123C9E7A97A38
S214016BC0C1F38011D5E794F88FC001200CF00F0CAB
S214016BD0D9E700BFC4210020012810B50C461CD0FF
S214016BE0022822D030BB08461AF0B4FBE38C228D73
S214016BF094F82A00D21AE36803F59C5340F27121F7
S214016C00083301FB02332361FFF75CFD0A4B204684
S214016C109968BDE8104003F00FBD03F01DFC8442E7
S214016C2008D1BDE810401CF038BEBDE8104008464B
S214016C30FFF794BD10BD00BFF01F002038B50A4D08
S214016C400020FFF7F1FCAB6813B100221A60DA806E
S214016C501BF0C1FA00242B79A34200DC38BD204684
S214016C60FFF786FC0134F6E7F01F002070B52A4CCA
S214016C700546A06818B117F017F80023A360FFF7C0
S214016C80DDFF00201AF0DDF855B9032025712560D7
S214016C90E58216F055FF20791AF0D3F828B970BDB1
S214016CA0022022F088F9A06048B9A0680025257165
S214016CB0256060BB00201AF0C4F80720EFE7002625
S214016CC0032025712660E68216F03AFFB542E2DD22
S214016CD005EBC5010901334689B20122032016F0EE
S214016CE0E1FE06460028E0D1032016F059FF206099
S214016CF00028DAD090226A43314621F0C4FB23797A
S214016D00B342C8DD3046FFF733FC0136F7E716F02D
S214016D10CBFFA560CEE700BFF01F002030B5174BB4
S214016D20826A1B681206597925D51C79028F436B36
S214016D301203B2FBF3F2631AB2FBF3F2B0F89C3023
S214016D4003B1013BD0F8A05005B15B101B02B3FBA9
S214016D50F2F35B180BD090F895200F2A07D9120989
S214016D60B3EB820F4FEA8201ACBF5B1A00239C4251
S214016D70A8BF1C46E1B2417630BD00BFC421002049
S214016D80084B9A7E82420AD91B684FF4A47202FB12
S214016D900030836A13F0100F08BF002070470020F0
S214016DA0704700BF08200020084A09491368C31A23
S214016DB0D810002B01FB00F005DB937E8342D8BF81
S214016DC04FF0FF3070474FF0FF307047082000202B
S214016DD0199C8FC170B504460E4619F050FA31461B
S214016DE0054604F130001AF0F9FA2046FFF7DCFFF9
S214016DF00121814005481AF0F1FA4FF4807005F040
S214016E00B1FE2846BDE8704019F03FBA2C2000209C
S214016E10F329F8B5744E04460D4626D1338D6BB969
S214016E20A36813F4601F00F0BB80238F626BF32D01
S214016E304FEA0313B3FBF2F39FB22DD120461AF0AB
S214016E406FFBB4F89C70002F40F0B380A36A13F078
S214016E50800F0CBF3E23082384F877302046FFF7C7
S214016E605DFFF32D36D1012057E07369590640F1D5
S214016E708F80836A1A0740F18B803369436000F183
S214016E8040011BF0DDFD338D002BC9D0238F626BD3
S214016E901B01B3FBF2F39FB2618FB4F89C209BB247
S214016EA05B1A9A427EDC736994F836019B074CBFE5
S214016EB0002102211CF0C1FD726940F202239343B6
S214016EC0BCD1A4F89C7020461AF02BFB2046FFF795
S214016ED025FF0127A36A1807C5D5628F002AC2D0ED
S214016EE013F4C05FBFD1726912F00C0FBBD140F230
S214016EF002239343B7D1D4F8A430002BB3D1A18F8A
S214016F0020461BF04CFF002855DD638F0133984265
S214016F1051DC0128A7D0013880B2236BA4F87C008D
S214016F20590409D54FF4804104F130001AF05EFA95
S214016F3000212046FFF74EFFB4F87C20A38F94F87B
S214016F4070101344A387B4F89C309B1AA4F89C30A5
S214016F5094F86F3002FB01332522B3FBF2F102FBFA
S214016F60113384F86F304FBBA36A1A0702D41F4B44
S214016F701B689847204608211BF0CBFD20460221BE
S214016F80FFF728FF20460121BDE8F84003F04EB97F
S214016F90318D238F626B00293FF442AF1B0178E7E6
S214016FA0338542E7737F002B86D094F836010321A0
S214016FB080E7012752E7608F0130ADE7204619F0E0
S214016FC030FFA18F20461BF074FDA36A1B07054600
S214016FD002D4064B1B689847002DCBD02046BDE84F
S214016FE0F8401AF020BB00BF082000203C200020FB
S214016FF0074B002210B55A77202204465A611AF030
S21401700039FA84F8360120461AF071FB10BD00BF2C
S21401701008200020012810B50C462AD0022830D0BE
S21401702000283DD191F8953060F3071381F895302B
S2140170300846FFF7DDFFA36A1B07204616D503F0B7
S2140170408FFD042001F0DEFB50B3164A937F3BB35D
S214017050D37F0133DBB2D37792F821209A421FD82F
S214017060BDE810404FF0806005F07CBD03F04CFF9A
S214017070E7E703F0F1F9844212D1BDE8104003F0CE
S21401708063BD91F89530C3F30312013262F307131F
S21401709081F895302046F321BDE81040FFF7B8BED1
S2140170A010BD00BF0820002010B501F00BFC124BEC
S2140170B0FB2210F0020F1A770CBF012203224107B0
S2140170C0197E48BF42F0040262F3030119761A7E64
S2140170D0C2F3030161F307121A764FF441710022DD
S2140170E0DA76DA8319845A621A611A85034BBDE887
S2140170F010401B68184700BF0820002034200020DD
S2140171002DE9F8434B4C0546A06818B116F0CCFDA6
S2140171100023A360022016F013FD5FFA85F8002015
S21401712019F08DFE40461AF0C1F90646002867D1CF
S21401713040461AF0C6F90746002861D1002D74D0E2
S21401714005EB850105EBC101C90089B23346012271
S214017150022016F0A7FC00284FD102204FF4A47994
S21401716084F81A8016F01CFD09FB05F73A463146ED
S214017170206021F088F92368324603EB0901681E76
S214017180824232DB002DA7F5A472D8BF002200216F
S21401719099502846636019F052FE88BB40461AF0A3
S2140171A077F968BB40461AF079F9074640BB002DCF
S2140171B016DD022021F0FFFE0223A060C371837951
S2140171C0C3F102020C33D2B23946184421F05BF9FE
S2140171D0A3689A79134401211A7B61F301021A7399
S2140171E0FFF762FF3046BDE8F88309FB02FC013277
S2140171F043F80C1001F5A471C2E7C4E90077A7763D
S214017200002000251AF052F900201AF05AF92846F3
S214017210C4E90055A5761AF03BF9284619F00FFE89
S214017220022016F08DFC0726DCE7A57625602B46A6
S214017230AFE700BF08200020014B987E704700BFD3
S21401724008200020014BD87E704700BF0820002090
S214017250F8B5284D19F013F86C681CB919F015F833
S2140172602046F8BD23686B60EB7E4FF4A4760133AD
S214017270EB76012719F009F832460021204621F065
S21401728002F904F12800676140211AF0A7F82B8B58
S214017290A4F8443194F83731A4F8866067F3030301
S2140172A084F837314FF6FF73A4F87A302B7F84F8D1
S2140172B0423144F29023A4F8403194F885300722F5
S2140172C062F3030384F885300B4BC4F8883003F16E
S2140172D0CE5303F59813C4F88C3041F61B33A4F84B
S2140172E090301B2384F89230002104F108001AF034
S2140172F05FFEB5E70820002048014801F8B50446BE
S2140173001BF0B6FD04F1A40021F090FC04F1A800E6
S21401731021F08CFC04F1AC0021F088FC04F108009B
S21401732000F0BAFE04F1A00021F080FC154B2046C7
S2140173301B6800269847C4E90A662046FFF734FD15
S214017340C5B2284619F075FD0746284619F073FDA3
S2140173500146384619F06CFD18F091FF4FF4A472FF
S21401736005463146204621F08EF8074B5A682260C2
S214017370DA7E5C60013ADA762846BDE8F84018F015
S21401738084BF00BF38200020082000202DE9F041EE
S21401739006464FF480400F4601F034FA044630B9F1
S2140173A00E4B1D6893F81A807135A04502D800204F
S2140173B0BDE8F08155F8493CDA0609D5C3F38003E8
S2140173C0BB4205D106222946304621F032F818B1D3
S2140173D0013405F5A475E8E70B20E9E7082000204D
S2140173E008B5B0F894305A1C62F30B03A0F8943039
S2140173F0042001F007FA70B1074A937F0133DBB22C
S214017400937792F820209A4205D8BDE808404FF0BD
S214017410806005F0A7BB08BD0820002038B58B7931
S2140174200B4405469B7D03F00303032B0C4609D151
S21401743001212C3019F0D2FF4FF4006105F128002C
S21401744019F0CCFF0548A560214621F0D6FCBDE821
S21401745038404FF0005005F085BB00BF14200020D7
S214017460014B1877704700BF08200020014B187F9A
S214017470704700BF082000202DE9F74F1D4616462D
S2140174809DF8383080F89B302A469DF83C8052F8AB
S214017490103BC0F8283104460F4600F14401B8F10C
S2140174A0000018BF0120DDF830A09DF840909DF83F
S2140174B034B005F055F820461BF024FB20461AF0A0
S2140174C002F81CF0C0FA49460246204619F0F5FFBC
S2140174D0C8230DF106012046ADF8063019F0E0FF8D
S2140174E047F6FF73A4F83031AB88A4F82C31AB799A
S2140174F084F82E31DAF80030C4F87130BAF8043066
S214017500A4F8753004F1280ABBF1000F03D004215A
S214017510504619F063FFB8F1000F04D04FF4005144
S214017520504619F05BFF4FF4607001F06BF9C0F341
S214017530C018C3054FEA881848BF48F0800881057F
S21401754048BF48F4807818F09AFE4FF4826183466B
S214017550504619F043FF414604F12C0019F03EFF56
S214017560584618F092FEBB1E012B7AD84FF4002124
S214017570504619F033FF01212046FFF72BFC04216A
S21401758020461BF0C6FA6B7DC3F3040384F8703003
S2140175906A8952006263697B2A7B42EA012262871A
S2140175A0E97BAA7B42EA012222876A7D84F86F3052
S2140175B0C2F3421284F83E2000220523A28701224C
S2140175C0A4F87C20A4F89C309DF94410204619F0BC
S2140175D07FFF01F071F920F40060C4E9080120463C
S2140175E0FFF79CFB3B4A3C4BB2F8288007F0FD07AF
S2140175F0B8F1000F68D1002F38D16660E36140F220
S214017600C7182046166119F0FAFEB9F1010FE060BD
S2140176100AD094F8373169F3030384F8373109F057
S2140176200F0120461AF0DBF804F1080041461AF073
S214017630BFFC012002F0A2FD28B963691A075CBFEE
S21401764043F0040363616B8940F27121013B5943A6
S214017650204619F0F3FE204602F09AFD03B0BDE87D
S214017660F08F012F87D140F2014185E7E3614FF4A6
S214017670D7782B8940F271275B0007FB03666660AB
S21401768040F6080104F14006504619F0A7FE3146BF
S21401769020461BF0D5F92B8901335B0031467B432D
S2140176A004F13402204601F01BF9EB795B00314608
S2140176B07B43012220461BF0C9F9236C20469E0815
S2140176C019F09DFE3044A0E76660E361002FD0D13B
S2140176D097E700BF082000201570010070B51D4611
S2140176E0C36A1B070446164613D408212C3025F41A
S2140176F0105519F073FE25F01005064B2D04334086
S2140177002D0CC4E9083520464021BDE87040FFF73E
S21401771061BB70BD2FCF87F72DE9F04F85B00446CA
S2140177200191084689B34B799A071FD421F003FBD0
S214017730019D70B96B79DB0705D54FF4803104F1F3
S214017740280019F04BFE01A821F070FA05B0BDE83B
S214017750F08FA36ADF0309D54FF4803104F12800C6
S21401776019F044FE6B7943F001036B71019E18F02A
S21401777086FD737931469E0705461ED504F1AC0099
S21401778021F04AFB284618F080FDDFF8909118F0AA
S21401779076FDA36ADD05074614D5D4F8AC3043B1AF
S2140177A09A7913441B7B392B03D829FA03F3D8079C
S2140177B011D4384618F069FDC8E704F1A80021F095
S2140177C01CFBDFE794F94631022BF2DCD4E92A23CD
S2140177D072B9002BEDD004F1AC0021F045FA054654
S2140177E0384618F052FD294620461AF0A6F9CEE78B
S2140177F0002BF0D194F89280039304F1A80BD4F8EF
S214017800A86096F807A0B379AAEB030A5FFA8AFA8A
S214017810C24527DC584621F086FAA8EB0A08054639
S2140178206B796FF3C3036B71294603A821F0E5FA60
S214017830D4F8A8302BB15B79990702D1B8F1000FC3
S214017840DDD1039B002BB4D09B79022B40D80020BE
S21401785021F0B1FB014670BB039904F1A80021F0A9
S214017860DBFAA6E7002021F0A6FB054630B903990E
S21401787004F1A80021F0D0FA03959AE78079B1794E
S2140178800C300C3142463144284420F016FEEB7988
S21401789053FA88F3EB71B379727953FA88F3B371BB
S2140178A06B7962F300036B7173796FF30003737185
S2140178B04FF00008B4E7039B4A79587960F3000259
S2140178C04A715A796FF300025A7103A821F09FFAA0
S2140178D0E36A9A0512D50398034600680028FBD18F
S2140178E0DB79C3F14503DBB2032B07D821F063FB39
S2140178F001460028B0D003A821F07FFAD4F8A830BA
S21401790013B15B79DB0704D5039A537943F0080377
S2140179105371384618F0B9FC039965E77C2C0200D0
S21401792070B5036BDA0786B0044633D5866A33072B
S21401793023D516F4002F14BF032501252046FFF793
S21401794033FA94F89B3005930023049394F83E3061
S2140179500393238F0293638F0193636BC3F34F03E8
S2140179600093C6F3800204F17103294680B21AF02F
S2140179708BFE30B9002006B070BDB50C05F00205CF
S214017980DCE7012104F1300019F030FD4FF400511D
S21401799019F024FD236B980410D52046FFF704FA4E
S2140179A0A16AC0B2C1F340311AF0ACFB0028E1D0A5
S2140179B04FF4005104F1300019F018FD236BD9047F
S2140179C009D500212046FFF7A7FE4FF4805104F1A8
S2140179D0300019F00BFD236B5A0512D52046FFF730
S2140179E0E3F994F89B500023C2B2194628461AF0D0
S2140179F0F1FC0028BED04FF4806104F1300019F08C
S214017A00F5FC236B5B0711D52046FFF7CDF9616BBB
S214017A10238F628FC1F34F0180B21AF015FE002842
S214017A20A8D0042104F1300019F0E0FC236B1E07F6
S214017A3009D520461BF0F9FB00289BD0082104F14C
S214017A40300019F0D3FC236BDD0618D52046FFF76E
S214017A50ABF9E16A11F4805180B200F0C5800021D3
S214017A601AF087FE002885D04FF4805104F12C00CF
S214017A7019F0BCFC102104F1300019F0B7FC236B9F
S214017A80580615D52046FFF78FF994F877300093FE
S214017A90D4E9082380B21AF04FFE00283FF46AAFFB
S214017AA0002384F87730402104F1300019F09EFC61
S214017AB0236B190516D52046FFF776F900230093A8
S214017AC0B4F89830B4F8962094F89A1080B21AF068
S214017AD0CCFA00283FF44EAF4FF4006104F13000B9
S214017AE019F084FC236B13F4804532D19A0516D520
S214017AF02046FFF759F994F8371194F8772001F0EA
S214017B000F0180B200F03EFD00283FF433AF84F849
S214017B1077504FF4007104F1300019F067FC236BC5
S214017B201B0616D52046FFF73FF9B4F88C300093B4
S214017B3094F89130B4F88A2094F8901080B21AF034
S214017B404AFE00283FF416AF802104F1300019F0F8
S214017B504DFC236B9E0612D52046FFF725F994F8B7
S214017B60771080B21AF01CFE00283FF403AF002302
S214017B7084F87730202104F1300019F037FC236BAC
S214017B80DD0508D504F130004FF4807119F02EFCA4
S214017B9020461BF087F9236B180408D504F1300042
S214017BA04FF4004119F022FC204619F014FE236B15
S214017BB0D90308D504F130004FF4803119F016FCD2
S214017BC0204619F075FC236B9A0308D504F13000A2
S214017BD04FF4003119F00AFC204619F077FC236BAC
S214017BE09B0704D40120C6E61AF0DAFD3AE7002224
S214017BF01146204619F068FC204619F067FC20461D
S214017C00FFF7D2F894F8771080B21AF07FFE0028BA
S214017C103FF4B0AE022104F1300019F0E7FB204634
S214017C20FFF76CFB014B1B689847DBE7342000200D
S214017C30134AF8B5002302F1240151E8004F41E848
S214017C400035002DF7D1012734B9BDB10D482946BD
S214017C5019F0C4FB2046F8BD94FAA4F0B0FA80F0FF
S214017C6007FA00F624EA0604FFF78AF80028EBD0A4
S214017C70FFF756FE0028E7D13543E5E70120EAE79E
S214017C80082000202C2000202DE9F74F0446019003
S214017C90002860D0C579314F0C35054418F0EFFA4D
S214017CA04FF000080090464640464FF4A47ABA7E4C
S214017CB05FFA88F94A4517D93A680AFB09FB5A441C
S214017CC0916ACB0644D5B2F89420C2F30B02002A7F
S214017CD03ED0E279C2F14502D2B2032A15D802207B
S214017CE021F069F9044640B900230098FB8318F097
S214017CF0CCFA304603B0BDE8F08F014601A821F06A
S214017D007CF8E5790C35254400200422012312FB7A
S214017D100033002105F82090E9543B685B4402FBE0
S214017D20005CB3F894308CF80230032312FB003267
S214017D300136A9543B685B440130B3F8942061F3E3
S214017D400B02A3F89420E3790433E371C0B2F6B2D0
S214017D5008F10108ABE70646CBE700BF0820002084
S214017D60F7B5684604F0F0FB134E00254FF4A477F0
S214017D70B37EAB4201DC03B0F0BD346807FB0544BB
S214017D80A36A03F01803102B13D10522694604F1E8
S214017D90450020F04EFB60B1012120461BF0A3F800
S214017DA038B9012021F007F9014610B1204601F04B
S214017DB067F90135DCE700BF082000202DE9F74F01
S214017DC018F05DFA424BDA6800920022DA6018F089
S214017DD05CFA009B13B903B0BDE8F08F684620F04B
S214017DE043FF82798768019002F10C04044401463E
S214017DF0A07A10F0200F14BF032002200A3202449A
S214017E008A71FA6A52050FD5E07AA27A42EA00220E
S214017E1038461AF080F838B901A820F007FF3D214E
S214017E20384619F06AFFD4E7BA6A94F80AB001999D
S214017E3012F400720BF0030013D003288A79EBD1F9
S214017E400A44127B392AE7D8224B23FA02F2D307D7
S214017E50E2D54A7942F002024A71384600F018FE2D
S214017E60B7E70328F5D0487962F341004871084620
S214017E7094F8069094F905A020F05DFF019DAC7979
S214017E80063CE4B20646AC713846FEF78DFF0C346C
S214017E9005EB04080BF0030BC0F3032343EA0B13B3
S214017EA0F6B288F8033088F80200A8F804602B467A
S214017EB005F804A088F801905A796FF341025A71C7
S214017EC01B68002BF8D128461AF033F981E700BF6A
S214017ED0082000207C2C020030B5D368C4688BB023
S214017EE01BBA0D46C1780293002361F3070381781C
S214017EF061F30F23417861F31743916809BA03913F
S214017F00816809BA07915168126809BA12BA0491D0
S214017F1005920178426861F31F6312BACDE908231E
S214017F2024BA069406AC00942346802202A90120B6
S214017F3017F0CBFE0028F6D1DDE90810DDE90632A0
S214017F4000BA09BA12BA1BBA28606960AA60EB6067
S214017F500BB030BDF8B5094F044600260CB90748EA
S214017F60F8BDA179E5796D1AEDB20C312144B81945
S214017F702A4620F0A2FA2E442468EFE74420002087
S214017F80F8B5094F0446002604B9F8BDA079E5798D
S214017F902D1AEDB20C30B91920442A4620F08DFA7C
S214017FA02E442468F0E700BF44200020104B1A78C6
S214017FB042F0F0021A701A7C42F0F0021A7493F83A
S214017FC0202042F0F00283F8202093F8302042F07F
S214017FD0F00283F8302093F8402042F0F00283F854
S214017FE0402093F8502042F0F00283F8502070476A
S214017FF0542100200368054A23F07F6323F40023FD
S21401800002EAC14213430360704700BF0000F80F45
S214018010F8B544881E4E04F00704072C054628D1FF
S21401802018F02DF90022110106EB0217735C1B09EB
S2140180300F2B0AD00132062AF5D1164A13880133CE
S214018040138018F022F91920F8BD2B687B801123C4
S214018050735494B218F019F91BF078FC06EB04136C
S214018060D8602B6823F4E02343EA04432B60002006
S214018070EAE72301F15CC1F30312013202F00F02B9
S214018080052A28BF002262F30711F154E4E700BF76
S21401809054210020182F002038B5448804F0070426
S2140180A0072C05460FD018F0EAF82401064A135D9E
S2140180B043F0F00313552B6843F4E0232B60BDE82F
S2140180C0384018F0E2B838BD542100202DE9F047B9
S2140180D0458805F00705072D0746894637D01D4C0C
S2140180E04FEA051804EB051A14F808601BF02EFC7D
S2140180F03609DAF80C3006EBC50604EB4606C01A5C
S214018100708014F8083003F00F02042A9EBF013273
S21401811062F3030304F80830B9F1030F14D114F81D
S214018120081004EB0514A01C01F00F011BF0BBFAAC
S214018130044618F0A4F83A68074B134023433B6003
S214018140BDE8F04718F0A1B84FF6FF74F1E7BDE8B7
S214018150F08700BF542100200000FF7F064A926886
S214018160824208B507D0427922F0030242F00302A8
S214018170427104F05FFD08BDB421002010B5064C25
S214018180204620F053FD201D20F050FD04F108008C
S214018190BDE8104020F04ABDB421002010B50220F1
S2140181A020F009FF034C6060022020F004FFA0606D
S2140181B010BD00BFB421002008B5FFF7DFFF034B59
S2140181C00022DA60BDE80840FFF7E8BFB4210020CE
S2140181D0014B5868704700BFB4210020014B9868D6
S2140181E0704700BFB421002038B50C4CE3681BB1C2
S2140181F0E36898470023E36023686BB1074820F0E3
S21401820033FD054640B123681BB14FF0004004F032
S214018210A9FC28461AF093FB38BD00BFB421002004
S21401822010B5064CE0604FF0004004F09BFCE3689C
S2140182301BB1E36898470023E36010BDB42100201A
S21401824038B58379034404465B7B13F0300F4379DA
S21401825023F0030308BF43F00103437118F00FF83E
S21401826021460546054820F0C8FD4FF0004004F0C1
S21401827079FC2846BDE8384018F007B8B42100203C
S214018280F7B5144F7C68A3790C331C4400F01AFB35
S2140182906679E6B116F0020519D136EA000016D164
S2140182A0E378B4F80920B4F80710A0790196247988
S2140182B0009401F031FB002808BF0C25B8682A4657
S2140182C042F2410103B0BDE8F04019F0C6BE1125E7
S2140182D0F4E700BFB421002010B50D4C6268937915
S2140182E00C331A441179D078B2F80730B2F8052069
S2140182F0003918BF0121003818BF012001F06AFCBF
S21401830042F242010246A068BDE8104019F0A5BE3F
S214018310B421002010B5084C6068837918440F30EA
S21401832000F09EF90023A0681A46BDE810404FF6FB
S214018330284119F050BE00BFB4210020242816D8C9
S2140183400F2805D802280CD8B0FA80F040097047EB
S214018350084B103880B2C34003F0010383F00100DC
S21401836070470538012894BF00200120704701207E
S214018370704700BF2D2011002DE9F04F95B0FFF793
S21401838027FF86790C3642F2360330F80680984588
S214018390054600EB06040ED1FFF71AFF022120F076
S2140183A01CFCA3787F220233A370AA550023202247
S2140183B0627023776377E0780121FEF711F90023D5
S2140183C00646002800F0D780CDE91233237A8DF8CF
S2140183D04A30E37A8DF84E30A388E288ADF848201B
S2140183E013F01000B4F80920ADF84C2003F0050393
S2140183F006D093B1E37D012B51D00025122614E05F
S2140184007BB3E37D657E012B37D16B1EDBB2022B7E
S21401841009D800F057FA012338E04FF48043DDE92C
S2140184201212914220D900251126FFF7D7FE01230B
S21401843032464146ACB219F0CEFD002DCCBF053414
S214018440053C24B2002E40F099800A2394FBF3F4F5
S214018450E4B2FFF7C3FEC3791844C47215B0BDE891
S214018460F08F4FF6FF73DAE71F29DCD99A42DAD884
S214018470E37D657E0028BED1C5E7032BD3D16B1EF5
S214018480DBB2022BCFD800F01DFA04230342CAD078
S214018490032D08BF04252840C0B20028C3D0E078C9
S2140184A018F0D2FC20B1A088FFF748FF0028A4D01E
S2140184B0334A237F1278002A54D0042B9DD8637F39
S2140184C0042B9AD8A388DB0653D41BF0BCFA0121EF
S2140184D0C822084003F0B2FE94F91630B4F804E05E
S2140184E0677EE18894F80C9094F815A094F818B07B
S2140184F003EB8303B0EB430F4FEA4302637B0F9317
S214018500A37B109304F10F031193637F0546E07D6F
S214018510C8BF15B2B4F809200C93237F0B93E37EF2
S214018520032808BF0420032F08BF0427003B18BFF9
S21401853001230A93A37ECDF80C90CDE90873119B15
S21401854002931FFA85FC109B0193CDE9060BCDE93A
S21401855004AC0F9B009330465FFA8EF318F030FDA3
S214018560064662E7002B7FF45EAF637F002BA9D03F
S21401857059E70020ABE70546072656E7002468E7DB
S214018580D3300020F8B5074601200D46164620F0E8
S21401859012FD0446C0B106220C2119F02FFD691EFA
S2140185A0A379C9B2032998BF084A03F10C032344EF
S2140185B098BF525C9F8088BF00222046DE70DA7129
S2140185C09A71FFF7CBFD0120F8BD00BFB6A10300ED
S2140185D0F8B5FFF7FDFD83791844B0F80F60B0B227
S2140185E0FEF7CEFB0446C0B119F061FA0138C0B2FD
S2140185F0032814D80B4B1C5C0027FFF7EFFD05463C
S21401860004233A4642F2300119F0E5FCAB790C330B
S214018610E818C68004724472F8BD0227EDE700240C
S2140186202746EAE7B6A103000B4610B50649074CF4
S2140186300622002808BF214618461FF0FAFEB0FAA7
S21401864080F0400910BD00BFD5300020DB3000208F
S214018650024B1A6802609B8883807047DB300020DB
S21401866013B50D4C28B1036823608388A38002B03C
S21401867010BDF9F72BFFCDE900019DF80230A3707C
S214018680BDF80530BDF80020A4F803309DF807308A
S21401869022806371EBE700BFDB30002010B5044693
S2140186A017F0EDFD064B22681A60A2889A80054AEB
S2140186B0137843F00103137017F0E7FD012010BD96
S2140186C0D5300020D4300020024B1878003818BF6F
S2140186D001207047D4300020024B1A6802609B8844
S2140186E083807047D5300020024B186908B104F02A
S2140186F039BA7047F018002010B53D4A002302F140
S214018700100151E8001F02F1100C4CE80034002C57
S214018710F5D140EA0104A10201D501F0A3FD220131
S21401872001D503F0C9FA002C01DAFFF75DFD6300FD
S21401873001D501F0BFFCA00001D5FFF73FFBE1002A
S21401874007D5FEF73DF820B92A484FF080511AF0B8
S2140187504AF9620107D519F075FA20B925484FF094
S21401876080611AF040F9A30105D51BF065F9FFF702
S214018770F7FA18F06EFBE00108D518F08DFE072811
S21401878004D11C484FF080711AF02DF9610201D511
S21401879018F059FB220201D518F049FBE30207D570
S2140187A018F078FE20B913484FF480111AF01BF91F
S2140187B0A00507D500F03AF920B90E484FF400712C
S2140187C01AF011F9E10507D5FFF732FA20B9094881
S2140187D04FF480711AF007F9620503D519F0F9FB19
S2140187E019F0F8FB230501D51AF005F910BD00BFF5
S2140187F0F018002000190020014601481AF0F3B8CD
S214018800F0180020014B1B6818407047F018002034
S214018810044B10B5D3E9064204430A43C3E90642B2
S21401882010BD00BFF018002070B51E4D2B68002B40
S214018830044603DAFFF7C0FC002031E01A4E4CF282
S2140188400C000021FFF7E4FF0023336024B16368C6
S2140188502B60A36803B133604FF00040FFF7CCFFF5
S21401886033680BB9114B3360114B1248AB600023D0
S2140188702B7315F055FAFFF799FB2046F4F7D8FD50
S21401888070B92CB1B4F90E10B4F90C0002F010FF57
S2140188901BF0DDF803F026FE03F0B4FD0028C9D076
S2140188A070BD00BFF0180020C42100200610002073
S2140188B0E9860100F4180020014BD3E90601704750
S2140188C0F0180020054B9B69DA054CBF03200120F8
S2140188D01B0548BF40F00400704700BFF018002099
S2140188E0F8B517461C4606460D4603F087FB1C4B9B
S2140188F0BA7A53F8222053F820301A44194B9C4276
S21401890024D9194B9C4214D9184B93FBF2F3002B34
S214018910B8BF0333013C9A1004EBA304B4FBF2F393
S21401892071682A68A1EB930102EB430271602A6029
S214018930F8BD0F4B0F49A3FB04435B0902FB03F38E
S21401894003F6C313A1FB0313DB0AE9E702FB04F3F7
S21401895003F57433084A8F33A2FB03231B0CDFE7AE
S2140189600CA203004C6210001366660640420F001C
S2140189701F85EB515917B7D183DE1B43024B1A688B
S21401898002601860704700BFCC210020024B002215
S2140189901A6000F0FBB900BFCC2100202DE9F84396
S2140189A0064618F0DEFD0446002835D045784DB958
S2140189B017F065FC237863701B4B1B68636025709A
S2140189C017F063FC4FF00108677837B923781BB3BB
S2140189D04FF4007004F0C6F81EE097FAA7F5B5FA52
S2140189E085F508FA05F55FFA85F9636833B90E4B24
S2140189F027EA050565701B686360E5E79B681BB998
S214018A0063681B686360F0E749463046984701286B
S214018A1005D163681B6863600120BDE8F8830228FE
S214018A20EED10020F9E700BFCC21002070B50E4E34
S214018A300025FEF701FCA84201D8012012E03068AB
S214018A40FEF79EF950B93468FEF7F6FB0134B4FB25
S214018A50F0F303FB104434600135EAE7FFF79EFFAD
S214018A600028F0D170BD00BFC821002010B5837961
S214018A70034404461B7B392B96BF044AFF21D15C75
S214018A8020F0ABF8A0790C30204410BDBAA1030049
S214018A902DE9F34105460C46019118F052FD830677
S214018AA005D501A820F0C2F802B0BDE8F081019F0B
S214018AB0BE790C36BB5D392B18D8164A12F80380DE
S214018AC0B8F1FF0F12D0384620F035F9013840458D
S214018AD00CD1114B1E6896B9A379234421461A7B03
S214018AE0284602B0BDE8F0411AF075B8019820F0AA
S214018AF09DF8BA5D019928461AF06DF8D4E77368B7
S214018B000BB93668E7E72146284698470028F8D08B
S214018B10CAE700BFBAA10300CC21002037B504463E
S214018B200D46202118F00FFD2946204618F078FD45
S214018B30214601201AF0F6F8214600201AF0F2F834
S214018B400120044A0090002321461AF07CF803B065
S214018B5030BD00BFAF2A030073B50C461646054666
S214018B601AF052FA80F001002946C0B218F0E0FC73
S214018B70C368012C9A7907D032462146284602B0AE
S214018B80BDE870401AF046BA13441022DB8A009200
S214018B902946034A00201AF056F8204602B070BD56
S214018BA01530030037B504461AF06EFA0321204645
S214018BB018F0E7FC00250346044A009521460120EB
S214018BC01AF041F8284603B030BD00BFFB2E030063
S214018BD02DE9F347074602200E4620F0ECF905463C
S214018BE0002846D0B3790C3333440021B3F804800F
S214018BF0B3F806A0B3F8089019F0A3FF2846FFF7CC
S214018C0035FF02210446384618F0BBFCA4F8048060
S214018C106081A4F806A0A4F808901AF05BFE08F19B
S214018C200108B0FBF8F303FB1800022360806370B1
S214018C30AB79B371EA79F27103F10C00D21AD2B2B0
S214018C40291830441FF039FC3946012018F070FC11
S214018C501022C660638900923946074A012019F03E
S214018C60F2FF3846294619F06AFF002002B0BDE837
S214018C70F0870720FAE700BF153003002DE9F3411E
S214018C8004460D460146012018F052FC0121074614
S214018C90284619F056FF2846FFF7E8FE064600F17B
S214018CA00108404603F050FCD6F80130C7F81230F0
S214018CB07379BB750221204618F063FC29460746E6
S214018CC0F080204619F03BFF20230093044A3B46E0
S214018CD02146012019F0B7FF002002B0BDE8F0815F
S214018CE0E12F03007FB504460D460146012018F02A
S214018CF01FFC50E8003F43F4806340E80036002E36
S214018D00F7D120461AF080F9D8B3204618F021FC96
S214018D10430715D5334632460DF10F01204618F0AC
S214018D20ADFE9DF80F30062B0AD8284614F0BCFF7E
S214018D30012200232046FEF7D1FC002004B070BDBE
S214018D400E21284619F0FDFE2846FFF78FFE06463F
S214018D50FFF7B2FDC6F80510FFF7AEFD2946C6F8C7
S214018D600100204619F0EBFE0321204618F009FC0D
S214018D700022034600922146034A012019F063FFB0
S214018D80DBE70821DDE700BFFF2E030010B5054C29
S214018D90054A064920461AF0A1F82046BDE81040CB
S214018DA0FFF7ECBDD0210020C7300300198F01006A
S214018DB0F7B58B790C33CE18CB5C023B04460D46D7
S214018DC00F2B00F2A080DFE803F0089E9E9E9E73A4
S214018DD09E829E9E2C689E9E9E4F17F050FA71783A
S214018DE00746204618F01CFC2021204618F0ABFB55
S214018DF02146012019F096FF2146002019F092FF26
S214018E000123009300231846404A214619F01BFF10
S214018E10284614F049FF384617F037FA012003B008
S214018E20F0BDB3887288717818F00EFE204618F0EF
S214018E3090FB830708D4294620461AF025F901211C
S214018E40204619F066FEE9E72146012018F070FB7E
S214018E502F4B82689A4203D12146012019F032FF36
S214018E60284614F021FFEAE77778B678084614F02A
S214018E701BFF162F05D13246032120461AF014FB9C
S214018E80CCE72146012018F053FB8368002BC5D0A0
S214018E903246032120469847C0E70146012018F0D4
S214018EA047FB07462846767814F0FEFEBB68EDE7DA
S214018EB00146012018F03CFB07462846767814F058
S214018EC0F3FEBB68002BA9D032460421E2E7014637
S214018ED0012018F02DFB0F4B82689A4203D02846DA
S214018EE014F0E2FE9AE7D6F80120D6F805302046BF
S214018EF0FEF7F4FB284614F0D7FE2146012019F0B0
S214018F00E1FE02219CE7002089E700BF7D300300D7
S214018F10FB2E0300FF2E03002DE9F3410C46054608
S214018F201AF072F8A37900286BD00C33E61814F8FF
S214018F300380B8F1010F41D0B8F1080F39D0B8F16C
S214018F40000F51D17189284619F06BFEB1887388DC
S214018F5072788B4294BF0746002709290B4638BF13
S214018F600923013B9BB29A420FD8002A08BF00276B
S214018F70F3883289084619F073FD40B9204614F08B
S214018F8093FE012002B0BDE8F0814746F0E7002FCE
S214018F90F4D02946002018F0CBFAC4607389102259
S214018FA0013B00921B4A9BB22946002019F04BFE5A
S214018FB0E7E72146284619F0C5FFE2E7F18828468B
S214018FC019F02FFE0746701C1AF04FFD0028D5D069
S214018FD0002FD3D02946002018F0AAFA2023C46017
S214018FE00093F3880C4ADFE7214628461AF049FB2E
S214018FF00028C6D12146284602B0BDE8F041FFF759
S214019000D7BE23441B7B0E2BD3D0214628461AF00D
S21401901027FBEDE7598B0100992F030038B504466D
S2140190200D4618F096FA42070BD4204618F091FA2E
S214019030830706D429462046044ABDE8384019F07D
S214019040E2BE284614F030FE002038BDA58B010094
S21401905038B505460C4618F074FA00F018001028CA
S21401906006D121462846054ABDE8384019F0CBBE50
S214019070204614F019FE0C2038BD00BFD18B01002C
S214019080014A19F0C0BE00BF7D8C010070B50546CF
S2140190900C460146012018F04BFA0646284618F001
S2140190A058FA020704D5204614F0FEFD002070BDD4
S2140190B033685B05F7D4284619F0A6FF40B1214670
S2140190C02846FFF7ABFF18B91FF075FF044630B10D
S2140190D021462846034ABDE8704019F094BE072091
S2140190E0E5E700BFE58C010073B504460E4618F0AF
S2140190F028FA00F0300010284FF0020031D11FF09E
S2140191005AFF054678B3437943F0020343710221BF
S21401911019F017FD2846FFF7A9FC29464670204698
S21401912019F00DFD1621204618F07AFA2021204666
S21401913018F009FA2146012019F0F4FD2146002015
S21401914019F0F0FD204619F093FE0121204618F093
S21401915018FA034601200090044A214619F073FDCF
S214019160002002B070BD0720FBE700BF292F0300D7
S2140191702DE9F04387B004460E4618F0EAF900F4EC
S214019180C060B0F5C06F06D102201FF014FF05467F
S21401919010B9072054E000252146012018F0C8F92F
S2140191A096F8068008F10C08B044814608F10F03D2
S2140191B000F1120208F11F0153F8040B42F8040BE8
S2140191C08B42F9D10321304619F0BBFC3046FFF73C
S2140191D04DFC0A22074608F1050101301FF039F956
S2140191E00C210DEB010003F021F903AB03CBC7F80B
S2140191F00B00C7F80F10059BC7F8133007F10B02D9
S2140192000DB30A21284619F09CFC2846FFF72EFCD0
S2140192102946204619F093FCC9F80C604FF480717A
S214019220204618F090F90321204618F0AAF90025E7
S21401923003460D4A00950120214619F004FD2846F3
S21401924007B0BDE8F08307F113032046012118F0AB
S214019250AAFD2046314619F072FCC9F80C5020468A
S21401926018F0BDFDDFE700BF09310300F0B589B096
S2140192700D46044619F042FFAB79002800F0A380A2
S2140192800C33EA18EB5C033B082B00F23881DFE86D
S21401929013F0090036013601840036013601360125
S2140192A05D007E00D2F80100D2F80510B2F8097010
S2140192B003AB03C302F1130301210B32204618F05E
S2140192C072FD0421284619F03CFC2846FFF7CEFB28
S2140192D00C21064605A803F0A9F805AB03CB3346D7
S2140192E0C6F80100C6F80510079A43F8092F0021B1
S2140192F0721C204618F057FD2146002018F018F978
S21401930003AA0346478303CAC3F81200C3F816101C
S21401931020460821FDF75EFD4FF40071204618F047
S21401932012F9204618F05BFD2946204619F007FC85
S2140193300321204618F025F903460020714A0090C3
S214019340214619F080FC012009B0F0BD0B2128460A
S21401935019F0F7FB2846FFF789FB2946204619F046
S214019360EEFB16F08CFF4FF440710546204618F0D0
S214019370EAF84FF48051204618F0EDF8284616F02A
S21401938084FF4FF48061204618F0E8F8DBE72846B2
S21401939014F08AFC4FF40071F5E70621284619F00F
S2140193A0D0FB2846FFF762FB204618F078FB2946DB
S2140193B0204619F0C4FB204618F037FD2146002050
S2140193C019F080FCBFE72B441B7B043B072BBBD863
S2140193D001A252F823F000BFF99301001F94010087
S2140193E081940100499301004993010049930100CA
S2140193F0499301009794010020464FF4007118F03C
S214019400A2F8AA790C322A4402F109032046013255
S214019410002118F0C8FC284614F046FC93E74FF4E8
S2140194208060FFF7EFF9B0B14FF40061204618F005
S2140194308AF800272046CDE90577FDF7B5FC0646F4
S214019440204618F07CF80095034605AA3946B0B2C6
S21401945019F004FA77E72146012018F069F800F1BF
S2140194601201204618F0F6FC0621284619F069FB81
S2140194702846FFF7FBFA2946204619F060FB62E70B
S214019480284614F011FC2146012019F04BFC204619
S21401949018F0CBFC57E716F0F2FE4FF400710646C3
S2140194A0204618F050F84FF48051204618F053F833
S2140194B0304616F0EAFE4FF4C061204618F04EF82A
S2140194C02946204619F03BFB2146012018F030F8CA
S2140194D0C268054682B193790C331A4402F113032C
S2140194E001210B32204618F05EFC204618F077FC6E
S2140194F0E968204619F023FB0023EB6023E70020F0
S21401950022E700BF0931030010B5074C0749204682
S214019510002219F0E3FC2046FFF730FABDE81040C0
S21401952001200021FFF774B9DC2100206D920100B3
S21401953038B505460C4618F004F800F01800102857
S21401954006D121462846054ABDE8384019F05BBCDD
S214019550204614F0A9FB0C2038BD00BF7191010014
S21401956038B58B790C460C331944E35C142B05464D
S21401957003D0152B0FD0002038BD013119F096FE0F
S21401958015212846224619F0D9FE2146284619F00B
S214019590D6FA0120F0E70146012017F0C9FF0B4B70
S2140195A082689A4203D0204614F07EFBF1E7A17947
S2140195B021440D31284619F079FE204614F074FB3B
S2140195C02946012019F07EFBE3E700BF9133030033
S2140195D037B504460A460D46142119F0AFFE294652
S2140195E0204619F0ACFA0321204617F0CAFF3022B4
S2140195F0034600922146034A012019F024FB00206D
S21401960003B030BD9133030010B5074C0749084A33
S214019610204619F063FC2046FFF7B0F9BDE810407C
S21401962020200021FFF7F4B8E82100206195010011
S2140196309533030073B5ADF800208DF802301E4651
S2140196400446009B019301A80D46114619F018FE29
S2140196509DF80630B34203D1BDF804308B4205D0E5
S214019660284614F021FB122002B070BD204618F0E7
S214019670B4F89DF80230827A9A4209D18288BDF800
S21401968000309A4204D1284614F00EFB0020EBE786
S2140196906946204618F05DFB024A2946204619F025
S2140196A0B2FBE1E7D19501002DE9F04116461A43D8
S2140196B0BDF8188007460C461D4605D120461146C2
S2140196C0BDE8F04119F0B9BE4146204619F095FAB9
S2140196D078B12146384617F02BFF40238674C574AF
S2140196E02146069338464346034ABDE8F04119F041
S2140196F0AABABDE8F08100BFF3340300F7B505460A
S2140197000E460146012017F013FF036813F0F00F11
S21401971003D02946012019F005FB284618F0C4F9A4
S214019720B3790C3333445F789B781F400378C3F3D7
S214019730030000EA1310384019F059FE044668B9D0
S214019740284619F05DFE384019F051FE044628B946
S214019750284618F0ACF901F0A1FF0446284600217E
S21401976018F03DF81721304619F0EBF93046FFF7AF
S2140197707DF9314644708470284619F0E0F90321DA
S214019780284617F0FEFE4022034600922946034A69
S214019790002019F058FA03B0F0BD00BFA934030049
S2140197A008B581B2074818F003FC012000F0E6FC7A
S2140197B030B9054A536919075CBF43F00403536186
S2140197C008BD00BFFC210020F421002001238340B6
S2140197D00649DB4301F1240252E8002F1A4001F149
S2140197E0240C4CE800200028F4D17047F421002016
S2140197F00123074A03FA00F002F1240353E8003F6D
S214019800034302F1240C4CE800310029F4D17047DF
S214019810F4210020044A536A4FF0804043F40023A9
S214019820536203F09FB900BFF421002038B50E4DF6
S214019830044601F085FBE86B18B114F035FA0023F5
S214019840EB6318F0C5FB0948FEF726FCAB6B0BB1C2
S214019850FFF7E0FF0448214600F0E8FCBDE8384089
S21401986003481FF0E3B900BFF4210020FC210020CB
S21401987014220020034B586A10F0050001D1FFF7AF
S214019880D5BF7047F421002038B51E4C4FF0101399
S214019890E3624FF4E063238647F6FF73A4F8603073
S2140198A094F86730012262F3030384F86730164A9E
S2140198B0164B0025C4E916326562FFF703F84FF42C
S2140198C08073A4F84830124BE361124B84F85600BB
S2140198D01A68656113785278A4F8BC5013445B107B
S2140198E0294604F108006376A4F8B45018F060FB2A
S2140198F0294604F1940018F05BFBBDE838401AF0E5
S214019900C6B800BFF421002055555500D6BE898E35
S21401991079370300C42100202DE9F0411F4C9DF842
S2140199201C609846636A0F46D907154633D460B360
S2140199300120FFF75DFF626A9DF8183084F85460D5
S21401994022F4C07242EAC312052E626207D101F008
S214019950E5FF68B96D00ADB2BD4228BF3D4694F83B
S21401996054309A0715D413F0040F14BF03260126AA
S21401997094F86730A78566F3030384F86730E585B6
S21401998084F830800120BDE8F0810120FFF71EFF3A
S214019990D1E70226ECE70020F5E700BFF42100201E
S2140199A0024B586AC0F38000704700BFF4210020C4
S2140199B010B51D4CFFF7F4FF636A13F0010313D1D2
S2140199C0A8B994F8663094F83110253BDBB2013320
S2140199D0DBB2032B28BF002341FA03F2D207F6D5E8
S2140199E0253384F8663018E094F8543010B194F8B2
S2140199F05520134303F00503052BE2D101F08EFF3A
S214019A000028DED194F8673003F00F02012A05D151
S214019A10032262F3030384F8673010BD012262F368
S214019A20030384F86730CCE7F4210020024B586A20
S214019A3000F00100704700BFF4210020F8B5434C48
S214019A40636923F010036361054601F079FAB4F8FF
S214019A50BC302BB9A36813F4601F08BFA4F8BC3050
S214019A603A48012100F0E2FB394BE361636A58048E
S214019A7029D41DB9636943F01003636119F066FFC9
S214019A80E28DE66C236DA78D151F40F271214D43C3
S214019A90AE422DD2A3F5967301FB0733181AE76879
S214019AA023893B44834223DA6369514343F010031D
S214019AB0891B63618142D4BF21612061BDE8F84002
S214019AC0224800F065BBA26A6168521A002AD0DA01
S214019AD023F0010343F400436362FFF7CBFE4FF02C
S214019AE0804003F03FF8FFF75BFF0028C1D1F8BDC7
S214019AF040F271277A43A2F5AF722261FFF758FF51
S214019B00236DA28D07FB023363602365AE424FF0DF
S214019B100003E3640F4B0CD31A68616A137B490791
S214019B20617E4CBF927912780B4493420CDC6376CB
S214019B30C4E7626A1B685207197B4CBFDA795A7808
S214019B40637E5B1A9342F2DA6276B7E7F42100206D
S214019B5079370300C421002008B5FFF721FFB0B113
S214019B600B4B586A20F0040210F001005A6203D130
S214019B70BDE80840FFF75ABE01F0E2F918F028FAEE
S214019B80FFF748FEBDE808400020FFF757BF08BDB5
S214019B90F421002038B50E4C054680B10320FFF7AE
S214019BA015FE002384F845300123A4F8463004202E
S214019BB0FFF70CFEBDE838401020FFF707BE052072
S214019BC0FFF704FE0123A4F8B83084F8B650EEE798
S214019BD0F421002070B53B4C636A164603F001027F
S214019BE070B95AB116F04BFB636A23F001030546C0
S214019BF06362FFF73FFE284616F047FB002070BD64
S214019C00002AFBD19B0704D5E36BBBB10120FFF70C
S214019C10C1FF94F8303003F0FD03012B16D016F087
S214019C202EFB0546C6B10E20FFF7E2FD19F08EFEAB
S214019C3042F2107303FB0600A06210E002201FF040
S214019C40BAF9E0630028E1D10720D8E7FEF73CFD2A
S214019C500028E4D11220D2E70E20FFF7B7FD00203E
S214019C60FFF7C6FD636A13F00403C4D1E364E38D12
S214019C7040F27122023B5343E260236119F02AFE4F
S214019C800323B0FBF3F303EB4303C31A253384F832
S214019C906630FFF78DFE19F059FE60602065B4F856
S214019CA0BC00002808BFF520FFF77AFD064B0548E3
S214019CB01A681378527813445B10637600F068FADA
S214019CC099E700BFF4210020C4210020274B70B57E
S214019CD05A6A0D4609B3160747D503F1450603F13F
S214019CE0460428B3D1061FD52388012B1CD95B084F
S214019CF023800420FFF76AFD1020FFF767FD19F0A7
S214019D00E9FD2388B0FBF3F202FB1300307055B374
S214019D100320BDE87040FFF759BD940625D503F131
S214019D20B60603F1B804DCE70420FFF761FDE3E7BC
S214019D30D20314D5B3F84610B3F8482091420ED298
S214019D402288520092B22280B3F84830934228BF4C
S214019D50134623801020FFF739FD0420CDE710209D
S214019D60FFF746FDF9E70520D3E770BDF421002093
S214019D702DE9F04F314CA56B636BAE7900278BB0A4
S214019D800C36C4E90D7705EB06080793834689462A
S214019D90D8F824A001F05EFFAA5D08F10806C2F318
S214019DA0C01231460DF127008DF8272017F074F800
S214019DB0CDE904B9636A0798C3F380230393FF23AD
S214019DC002939DF8273052463946CDE9006308F1E3
S214019DD00E03FDF751FB284613F066FF636A23F076
S214019DE02402D907626205D40120FFF71FFD0BB0DC
S214019DF0BDE8F08F124B94F854501A6813785278D5
S214019E0013445B10052D637602D101F087FD40B93E
S214019E1094F854309A070ED413F0040F14BF032598
S214019E20012594F86730012065F3030384F8673051
S214019E30FFF704FEDBE70225F3E700BFF42100206D
S214019E40C421002070B54A4A054651681068AC79AD
S214019E50127A8AB06B4603C30C3408201A702C445D
S214019E60FEF7D0FC20B10122A11D28461EF0C1FE3E
S214019E70A3798DF80F30A37A03F00F0303F12802BC
S214019E806A44002112F8282CADF81020CDF82110D4
S214019E90ADF825108DF82010062B08D8DFE803F062
S214019EA0044F07075F074B000D20FFF7A1FCA37ABD
S214019EB0C3F380138DF81230E368CDF81330238A8C
S214019EC0ADF8173000231A460DF113010DF11200FB
S214019ED016F0CDFFE3798DF819304FF47F43ADF8D6
S214019EE01A307F238DF81C3063798DF81D300023DE
S214019EF0ADF81E30AB791233AB711C2128461EF02B
S214019F00D5FEAB792B4403AC0C3309AE224603CA0B
S214019F10B24218605960144603F10803F6D110687E
S214019F201860294613481EF068FF4FF0804002F083
S214019F3019FE0AB070BD0D20FFF748FCB7E7D4F84C
S214019F401230CDF82130E38AADF82530EB79063BA7
S214019F50EB71A37AC3F3C0138DF82030A7E7064B45
S214019F605B6A9B0444BF42F00102ADF810209EE7F5
S214019F70F4A1030014220020F421002070B5837997
S214019F800C33C4182379DA0702D44FF0FF3070BDC2
S214019F90A37AE27A03F00F05082DF6D8062D01D92B
S214019FA02846F4E7911F1F29EFD8012D1FD10C2A4F
S214019FB0EBD1244E736A13F0060F01D1DB05EFD403
S214019FC016F062FF20B916F056FF0028E8D1DCE74C
S214019FD0A37A96F83020B2EBD31FC3F3C010D4D1C6
S214019FE004F1120100F00100FEF71EFBEDE7042D5F
S214019FF0D6D11449144A486A0240002AC5D0C96B12
S21401A0000029CDD08A790C3288188A5CC3F3801374
S21401A010B3EBD21F08D016F037FF0028C0D116F0D8
S21401A02021FF0028BCDBB0E704F10C010622083052
S21401A0301EF0FFF9044616F027FF0028B0D1002CC9
S21401A040AED0ECE7F421002008000400F0B5184C6F
S21401A050606B87B000B3A76BBE790C36FCF7A4FE25
S21401A0600223FF21BA5DCDE90431BD19D20995F865
S21401A07023305B090393AB8B02936B8B01932B8B82
S21401A0800093002105F1080380B218F0FDFA606B19
S21401A090FDF734F900236363A06B13F005FE00237C
S21401A0A0A363636A23F00403636207B0F0BD00BFD5
S21401A0B0F421002013B5154C16F0E1F8236A01933C
S21401A0C00023236216F0E1F8019BA3B9636A1A0420
S21401A0D006D517F0F1FFA0B1636A23F4004363626B
S21401A0E0636A1B0305D5FFF7B1FF636A23F40023F8
S21401A0F0636202B010BD01A81EF0B6FD18F047F865
S21401A100E2E74FF0804002F02DFDE9E7F421002060
S21401A11010B5074C2368DA0607D523F01003236031
S21401A12018B9A168012016F076FE0023A36010BDC1
S21401A130B4220020014610B50446022016F06BFE3C
S21401A140054B1B68D90305D463691A075CBF43F046
S21401A1500403636110BD00BFB4220020014BD86820
S21401A160DC387047B422002010B5034BDC6819F0C8
S21401A170EDFBDC3C201A10BDB4220020034B1B680B
S21401A18013EA004314BF012000207047B4220020C8
S21401A19038B5002303604369044658070DD52046A9
S21401A1A050F8081FC90C01F4FC7141F00501FDF7D8
S21401A1B021FF636923F0040363616369D90602D54D
S21401A1C019F0C4FB60601848024652F8043F8BB988
S21401A1D02360146083684BB1617E5A7E914219D226
S21401A1E06269D2060ED50020FFF792FFBDE838401F
S21401A1F018F01EBC59686568491B0029E8DA1A463A
S21401A2001B68E4E75A681B69134462689B1A002BB3
S21401A210ECDBE8E71A895B68D31A62681344E268E4
S21401A220D342E3D5DFE700BFB422002038B50B4D9B
S21401A230AB680446A342084601D1FFF769FF6B6885
S21401A240074A1BB1A342196804D11160BDE8384022
S21401A25018F0EEBB1A460B46F3E700BFB422002007
S21401A260B82200202DE9F047754D2B685B0700F1F9
S21401A270B080AB68002B40F0AC8055E8003F43F05F
S21401A280040345E80032002AF7D16C689CB119F046
S21401A2905DFBD4E9043717F0100FA268064619D003
S21401A2A010FA82F262602068D4F8048038BBDC338E
S21401A2B04344C5E9024355E8003F23F0040345E85B
S21401A2C00037002FF7D1AC68002C75D1BDE8F047F8
S21401A2D001F02CBD606892B2811AFF07A1EB06015E
S21401A2E009D40029DFDAE768DF1BCF4205D4324400
S21401A2F01844831AD6E70029D5DA204650E041698A
S21401A3000289D0F804E0CF0648BF06EB020E11F032
S21401A310010C08BFD0E90371AEEB020206BFC91BF0
S21401A3208918114608EB03077F1A002F28DDBB4268
S21401A33005D9E768A1EB0801DC378F423AD9D4F892
S21401A34014A01AF0010F1DD12169D0F80C902789AD
S21401A3504144A1EB0901C91BE768A1EB0E01DC37FB
S21401A360B9420FDD971BBCF1000F03D10169A1EBC8
S21401A37009010F44002F05DBC0F804E04B460446F4
S21401A380006891E7477E617E8F42F9D2921BBCF14D
S21401A390000F03D1D0E903135B1A1A44002A02DA2C
S21401A3A0FFF7C8FE71E71AF0100FA6D0C368C0F811
S21401A3B004E0E4E70B46E3E7A36813F4601FC3F386
S21401A3C0C24008D12B6843F010032B60214616F0DB
S21401A3D022FDBDE8F08704F108063046FDF718FEB9
S21401A3E02B6843F010032B602146F8B916F013FDD5
S21401A3F0A36813F4601F4FEAD341C3F3C24517D0D5
S21401A400013DEDB201F4FC7129433046FDF7F2FD42
S21401A41003213046FDF75AFE75B1A268237E134428
S21401A420120C9BB212041343A360D2E73846CEE760
S21401A43003213046FDF74AFE3046FDF72DFEECE7D8
S21401A440B422002008B5034B996809B116F0E3FC65
S21401A45008BD00BFB4220020014B9868704700BFBA
S21401A460B42200200A4B70B59C6884420FD1214665
S21401A470012016F0D0FC6668258919F067FAAD1B35
S21401A480C54221464CBF0020022016F0C4FC70BD18
S21401A490B4220020054B1B681B6A13F0100003D082
S21401A4A013F0030018BF0120704700BFC42200202C
S21401A4B02DE9F341344B9C68A5790C356719635D2A
S21401A4C003F04F036355838D0622103B06468846EC
S21401A4D07A700D2B32D8DFE803F054315007310C77
S21401A4E0313131313131310C635D6FF30303635523
S21401A4F024E0625D006A012363F30302625510F4EF
S21401A500006F4FF00C027A7006F12E0107F1080277
S21401A5100CD001924FF0FF320092C0F380201A4611
S21401A52016F0AEFC635D43F08003E0E7D6F82E300C
S21401A530BB608B889380336A5B05F3D4B28D635D11
S21401A54062F345136355B91C304619F04CFA635D46
S21401A55060F386136355A3797A7802331344E37163
S21401A560B38D03F01403142B04D0B8F1000FC4BF4D
S21401A57042447A7002B0BDE8F081635D62F3030382
S21401A580B5E7635D0222F9E7F01F002038B52949D7
S21401A5900B7D4A7D0133DBB2B3EB921F04460B758C
S21401A5A003D303230B75002038BD016AC90234D5D5
S21401A5B090F87E200323243A92FBF3F303EB430344
S21401A5C0D21A2532D2B2A18D94F87F30B4F9340074
S21401A5D084F87E2011F0100103F00F0323D119F047
S21401A5E02DFA01F07DF8B4F97820824204F1700565
S21401A5F004D0A4F8780001F023FD6881284601F014
S21401A600DFFB00221146104616F007FC94F87E0088
S21401A610002119F012FA0120C6E75B001A4102F088
S21401A62003022532CFE702461946002001F006FE56
S21401A630D7E700BFF01F00201F4B2DE9F04104466D
S21401A6401860006C1D4E1EF076FB01462046FFF793
S21401A6502FFFA38D03F01403142BB36814BF226CD1
S21401A66000221A602046FFF791FFFFF713FF144BF5
S21401A670051E144808BF184601F0DCFC63696768CC
S21401A68003F0100819F062F96D000346627EE8B225
S21401A690B8F1000F03D1FF1AB7F59B7F07D5114616
S21401A6A001F076FCB068BDE8F04101F045BC616898
S21401A6B019F052F9F6E700BFC4220020F01F00206F
S21401A6C055A70100A1A9010070B50546FFF7E2FEF6
S21401A6D0104B114E041E114808BF184601F0AAFC83
S21401A6E02846FFF753FF054660B133686000597E80
S21401A6F000F0FE0001F04CFC094BBDE87040986884
S21401A70001F01ABC01F096FC30682946BDE870409D
S21401A710FCF734B855A70100C4220020A1A9010006
S21401A720F01F0020034610B5094C052B20680AD0FF
S21401A730062B0CD1002001F07DFC20680121BDE82C
S21401A7401040FCF71BB8BDE81040FFF7BDBF10BDB9
S21401A750C4220020032803D1024B1868FFF7B4BFB8
S21401A760FFF7E0BFC42200200C4B032810B51C687D
S21401A7700FD1206C1EF0DFFA01462046FFF798FE47
S21401A780074B226C9B6820461A60BDE81040FFF715
S21401A7909BBFBDE81040FFF7C5BF00BFC422002025
S21401A7A0F01F00202DE9F8438B790C33CC180646B0
S21401A7B02379DA0703D44FF0FF30BDE8F883E77A50
S21401A7C0252FF8D83C4B9A6893790C33D118D35C73
S21401A7D0A27AC3F38013B3EBD21FECD1056AEB0662
S21401A7E04CBF02310431062204F112001DF021FE95
S21401A7F00028E0D194F80A9016F046FB05F4C0450F
S21401A80080F001032A1EC9F3801904F10C084146A1
S21401A810DBB218BF0122484619F0A8F8014658B124
S21401A820A37A03F00F03032B16D1336A9807C2D518
S21401A8300C2FC0D10320C0E716F02CFB0028BAD19C
S21401A840A37A03F00F03002DEDD0032B85F4C0454A
S21401A85013D1A904AFD5E8E7052BACD1306AC207FE
S21401A860A9D500F01403142B0CD004F1180018F02D
S21401A870EBFF00289FD005209FE7052B9BD16B049B
S21401A880ECD498E706F12E052946C0F3802016F091
S21401A890F0FA0028E9D1A27A336AC2F38012C3F330
S21401A8A080239A4287D10622294640461DF0C1FDE3
S21401A8B00028DAD07FE700BFF01F00202DE9F74F10
S21401A8C04FF0FF310746002401A8019401F048F833
S21401A8D0019949B13846FFF765FF032806D00528D8
S21401A8E04BD001A81EF0A2F901203FE0DFF8A880B6
S21401A8F02848DFF8A89001F09DFBD8F800302046E4
S21401A900597E01F067FBD8F800B0D9F80860DBF88B
S21401A91044001EF010FAB4790C3406EB040A335DD9
S21401A92003F0400343F00403054633550AF10201E0
S21401A930584619F058F8335D60F386133355D8F846
S21401A9400030D9F808005B6C002DA4BF06358AF8E4
S21401A9500150036001F0F0FAD8F800301B6ADB04FE
S21401A96007D50199384616F02DFD002003B0BDE845
S21401A970F08F01A81EF05AF9F7E7019801F0A8F840
S21401A9800199384616F0C7FC0028ADD0204601F0E4
S21401A99051FBEAE769A70100C4220020F01F00204E
S21401A9A00E4A032810B5146805D0042809D0BDE85E
S21401A9B01040FFF7B7BE617E0120BDE8104001F0F0
S21401A9C0A5BA2046FFF77AFF30B101F043F92046D9
S21401A9D0BDE81040FFF778BE10BD00BFC4220020BE
S21401A9E038B50D460446002001F024FB01F032F98B
S21401A9F029462046FCF70CFA014B00221A6038BDA6
S21401AA00C82200200123074A03FA00F002F11403CA
S21401AA1053E8003F034302F1140C4CE800310029CF
S21401AA20F4D1704708200020F8B5244F7B6913F451
S21401AA30C07F05460C4603D099063BD401200CE0A6
S21401AA4039B15A0705D4D5F8A43013B90820FFF751
S21401AA50D9FF7B699B0601D50020F8BD7B7FAE6AD6
S21401AA60022B06F0080604D916B114B90220F4E741
S21401AA70E4B995F8921095F83701063100F00F0009
S21401AA8000F0E8FD85B20EB904B16D00FFF76CFB6E
S21401AA90A8420DDB7B6913F01C0FDDD11EB1002C23
S21401AAA0DAD10520D9E7002CFBD1D5E70320D4E77E
S21401AAB00420D2E7002CCFD0C3E700BF0820002037
S21401AAC038B5124D6B69044643F400734FF4806148
S21401AAD028306B6118F0E9FE0121204616F03EFD94
S21401AAE000212046FFF7A0FF014620B12046BDE821
S21401AAF03840FFF775BF6869617E80F48070BDE8F5
S21401AB003840C0F3002001F001BA00BF0820002041
S21401AB1038B50C4B0446186000F5947001F050F9F6
S21401AB202046FCF741F9C4B2204616F082F90546E4
S21401AB30204616F080F929460246022016F06DF9E5
S21401AB4038BD00BFC822002008B5002001F072FA07
S21401AB5001F080F8014B00221A6008BDC8220020CF
S21401AB6010B50446FFF7D4FF064801F063FA6168A2
S21401AB70226C637E01EB9202BDE81040112001F0C9
S21401AB8079B900BF51AE01003F4B37B51C68A26AC8
S21401AB90002350050193D4F8A03012D504F1A40087
S21401ABA001931EF061F8C4F8A00050B194F8463144
S21401ABB0013B84F846314FF4806104F1280018F017
S21401ABC074FED4F8A0500DB9304B9D6894F9463107
S21401ABD0022B0DDCD4F8A83013B1A36AD90502D52F
S21401ABE0D4F8AC3023B14FF480512046FCF7F2F88C
S21401ABF0D4F8A410A36AAA79002902F10C024FEA3C
S21401AC00830314BF0121002103F00C0343EA01135F
S21401AC10A95C21F01C0143EA0103AB540DD11B4A88
S21401AC2002F1140353E8003F23F0080302F1140075
S21401AC3040E800310029F3D102E00320FFF7E2FEED
S21401AC40284601F079F9019B53B15B7903F00A03B9
S21401AC50082B02D12046FCF7C3FB01A81DF0E6FF36
S21401AC606B799A070ED5A36A1B040BD50820FFF74C
S21401AC70C9FE4FF4004104F1280003B0BDE830409E
S21401AC8018F013BE03B030BDC822002008200020F3
S21401AC902DE9F04385B000230446032103A803935E
S21401ACA000F05EFE039D35B9F4212046FFF798FEBD
S21401ACB005B0BDE8F083AB79644F0C331D447B6966
S21401ACC02A79D6074ED4DD064CBF07200420FFF7AD
S21401ACD099FE002601212046FFF7A6FE054650B93B
S21401ACE07869617E80F48070C0F30020400001F036
S21401ACF071F9FFF749FF039800F0EAFEDDF80C80D2
S21401AD007A6998F80630510603F10C0308EB03093B
S21401AD1015D458F803303B610620FFF773FEA36A8B
S21401AD201A060CD404F1280252E8003F43F08003CF
S21401AD3042E800310029F7D10120FFF763FE4946BA
S21401AD40204616F011FC99F80430DB077BD5002E5F
S21401AD5052D11DB129462046FFF742FE03A800F056
S21401AD60D9FCA5E723F0100301207B61FFF74AFE1B
S21401AD70AE7AF0062FD50220FFF744FEA36AAA7A20
S21401AD8083F00203C2F38002C3F340039A422FD139
S21401AD9004F128004FF4006118F087FD50E8002FF9
S21401ADA042F4806240E80023002BF7D1A26A82F0C9
S21401ADB00202A2627B77AA7AA36AC2F3C00203F0F8
S21401ADC001018A4285D183F0010316F00306A362CE
S21401ADD018BF01267EE707F1140353E8003F23F06E
S21401ADE0040307F1140141E80032002AF3D1C5E754
S21401ADF07B7F0133DBB2DDE72046FBF7D5FFC0B230
S21401AE0016F017F806462046FBF7CEFFCDF804806D
S21401AE10A38F009382B200233146022016F005F874
S21401AE204FF0FF3103A800F09BFD03998B790B448B
S21401AE30DB7D002B8DD02046FCF7F0FA002D3FF489
S21401AE4037AF294631E7002E83D0E9E708200020F6
S21401AE5008B5124A0346042B10680BD002D8032B00
S21401AE6018D008BD053B012BFBD8BDE80840F121F1
S21401AE70FFF7B6BDFFF70CFF094A02F1140353E8CA
S21401AE80003F23F0200302F1140040E800310029BE
S21401AE90F3D1E6E7BDE80840FFF712BEC82200205E
S21401AEA008200020164B033810B51C68032818D854
S21401AEB0DFE800F00702181E2046BDE81040FFF745
S21401AEC0E7BE2046FFF7FCFD0E4A02F1140353E8E5
S21401AED0003F23F0200302F1140040E8003100296E
S21401AEE0F3D110BDF1212046BDE81040FFF778BD33
S21401AEF04FF4806104F1280018F0D7FCF221F2E744
S21401AF00C82200200820002010B50446FFF700FEE6
S21401AF10054801F08FF8FFF737FE627E6168022070
S21401AF20BDE8104018F018BDA5AE0100034B5B6AE2
S21401AF3013F0060F0CBFE220F1207047F421002029
S21401AF4008B5FFF789FA054B834206D100F082FE69
S21401AF50BDE80840002001F06DB808BDF4210020CE
S21401AF6070B5214C214801F065F894F8673094F8E3
S21401AF70662003F00F030021C82018F05FFD00F0E3
S21401AF80AFFBB4F96020824205D0A4F8600001F05E
S21401AF9057F8A4F86200164800F012FF0022114686
S21401AFA0104615F03AFF666818F0D0FC0246FFF727
S21401AFB0BDFFB61AB6F5FA6F054609DCFFF7CEF8FF
S21401AFC0627EA0F5AF712846BDE8704000F01CBF58
S21401AFD06668FFF7C3F8637EA0F5AF723146284670
S21401AFE0BDE8704000F046BFF421002089B401009E
S21401AFF04C22002038B500F02DFEFFF7B5F8B0F56D
S21401B000967F0D4C0CDDFFF791FF0546FFF7A6F87E
S21401B010627EA0F5AF712846BDE8384000F0F4BE68
S21401B02018F094FCE36C62689B1A0344E364002006
S21401B030BDE8384018F0ADBBF4210020F7B5104C40
S21401B04094F8455006460F462DB1013D84F845500B
S21401B050002003B0F0BD0B4B1B680220597800F0AE
S21401B060B9FF94F83030CDE900533A46E06B03233C
S21401B070314618F0BFFBE06B00F05EFF0120E8E709
S21401B080F4210020C4210020094A02F1240353E8D8
S21401B090003F43F0080302F1240040E80031002994
S21401B0A0F3D1044B1B680120597800F02FBF00BF75
S21401B0B0F4210020C4210020438902895B0040F26C
S21401B0C0712043435B1AD0B24343120AB3FBF2F337
S21401B0D0024A126811445818704700BFF82400202D
S21401B0E030B58C1AE41A002C08DA124C6468551A2A
S21401B0F01D44B5FBF4F505FB044421441344CB1A67
S21401B10040F2E242B3FBF2F39BB242892BB9530001
S21401B11040F2712404FB031113460132B3FBF2F42F
S21401B12002FB143202819B1A40F2E24000FB13102C
S21401B13030BD00BFF82400202DE9704306461846AE
S21401B1409DF8183089461446E3B9C31E012B8CBFFF
S21401B15002250325222100F07DFA164B5B686D005F
S21401B16040F2712808FB05F581446BB12146304653
S21401B170FFF7A2FFABB201464A463046BDE8704330
S21401B180FFF7AEBF0125E5E7738934890133B4FBC8
S21401B190F3F203FB1244F37934815B00640008FB8D
S21401B1A003F308FB04F404EB530404EB09002844FE
S21401B1B0BDE87083F82400202DE9F041134E736A30
S21401B1C05B0780461BD58B790C33CF18C8B9FD7940
S21401B1D0CC583989284600F03DFA0444B8F1000FEE
S21401B1E011D1033D012D94BF032302235B0040F2DE
S21401B1F0712202FB034434647B7986F84430BDE84F
S21401B200F0810125E4E70123F0E700BFF4210020E7
S21401B2102DE9F04F1F46984B9D6B5B6AAC798DB05C
S21401B2200C341646021E05922A5D069108BF0021BF
S21401B23061F345122A55314603F040023846C3F3FE
S21401B240801A039215F022FE05EB04080790285D8C
S21401B25008F1080B5946C00915F018FE039B8146F4
S21401B260002B44D1002844D115F00EFE80F00103D6
S21401B270DBB203F0010352463146384618F076FB3E
S21401B2800490002800F08A80039B002B33D1B9F18B
S21401B290000F75D1079B002B72D015F0E6FD002834
S21401B2A06ED001220AA90DF1270015F0F1FD002844
S21401B2B074D09DF827302A5D591E4B424B41B3EBA3
S21401B2C0D21F6BD106220AA958461DF0B2F80028F3
S21401B2D064D13368C8F80830B388ABF804302B5D06
S21401B2E067F3C7132B554FF00009CA4619E001232F
S21401B2F0BFE7039BBDE7604B5B6A13F400791CD183
S21401B30015F804A0CAF3801A484615F0C6FD33683E
S21401B310C8F80830B388ABF804302B5D67F3C71361
S21401B3202B55059B544E002B3ED196F8B630002B7C
S21401B3303AD0013B86F8B63030E015F093FD002890
S21401B34006DA15F804A04FF00009CAF3801ADBE705
S21401B35000221146104615F095FD15F804A0814609
S21401B360CAF3801A0028CFD0002302211A4608EB20
S21401B370010018F017FA2B5D60F386132B55C3E70F
S21401B3807A1E57422B5D5741B7EBD31F06D10622D3
S21401B390314658461DF04DF80028A4D000230493EA
S21401B3A004980DB0BDE8F08F18F0D0FA074616F0F5
S21401B3B0BBF8059B009302469DF85830394608F1C4
S21401B3C00E00FFF7B9FE2D4B059A1B680746A2B97A
S21401B3D05978022000F0FEFDB06B00F0ADFDB36BB6
S21401B3E09A7913441F63FFF737F8254BC361069B11
S21401B3F0BBB9736A23F4806316E0D979002000F0A4
S21401B400E9FDB06B00F098FDB36B1E489A791344C2
S21401B4101F6300F00FFE069BC3B9736A23F48063B3
S21401B42017E0736A43F480637362039B9BB1B9F1BF
S21401B430000FB5D000231A46514608F1020018F055
S21401B440B1F92B5D60F386132B55A9E7736A43F4B4
S21401B45080637362EBE72B5D0022C3F3C01359468A
S21401B4600AA88DF8283015F013FD2B5D9DF82820CD
S21401B47062F3C7132B55DAE7F4210020C42100201C
S21401B480CF1F030029B6010004282DE9FF471ED06F
S21401B49005D8032800F0BA8004B0BDE8F087431F42
S21401B4A0012BF9D805384FF0010118BF0120FEF72E
S21401B4B00DFC18F04BFA5A4AD36C51685B1A0344D8
S21401B4C00020D36404B0BDE8F04718F062B903A8C1
S21401B4D000244FF0FF31039400F042FA039858B16C
S21401B4E0FEF74CFD0828074603D84E4B1E5C310775
S21401B4F00AD403A81DF09AFB494B5B6A13F0060FAA
S21401B5000DD0FFF777FD0AE00728039D0ED12246EE
S21401B5104348294616F052FD0446002CECD0012182
S21401B520084604B0BDE8F047FEF7D0BBDFF8F08070
S21401B530D8F8244014F0040410D016F002040DD0FC
S21401B540AA790C322A440120917A0090C1F3801323
S21401B5500C32C1F34011FFF75BFE0446284600F0AB
S21401B560B7FA29460120FFF727FED8F82430DA0774
S21401B5702DD595F8069003F0800A09F10C0915F00F
S21401B58083FCA94480F0010399F80A00BAF100028D
S21401B59018BF0122DBB209F10C01C0F3801018F0CC
S21401B5A0E5F960B134BBD8F824309B07284632D57C
S21401B5B0F40710D4730730D5FEF744FC9CE7BAF1C4
S21401B5C0000F04D1514615F065FC0028EAD0284644
S21401B5D012F06AFBA1E718F07BFA044650B1A8798D
S21401B5E00C3028440C3010F8021CC1F38011FFF710
S21401B5F025FD0446042F03D1D8F824309907E6D553
S21401B6007207E4D52846FEF71DFC86E704B0BDE8C0
S21401B610F047FFF739BD042FCCD112F045FB6BE79D
S21401B620F4210020FEA10300032808B50AD107482B
S21401B63000F000FD064B012093F94410BDE80840D8
S21401B640FEF796BBBDE80840FFF71EBF89B40100B0
S21401B650F4210020064B10B55B690C4610B101F0D1
S21401B6603FF8034618795B8804FB003010BD00BF25
S21401B67010190020084B10B55B690C4610B101F09B
S21401B6802FF803465A88A2423BBF1B79A41A002012
S21401B690B4FBF3F010BD00BF101900200138C0B292
S21401B6A003289ABF014B185C0020704707A20300CD
S21401B6B08BB20029054AB4BF053B05331BB20A21EC
S21401B6C0108093FBF1F39370704700BF202F00208A
S21401B6D0024B9B78C01A40B2704700BF202F002053
S21401B6E0024B1B88C01A00B2704700BF202F0020F3
S21401B6F0074B186840F20D1338B9002BC1BF44330D
S21401B7004522B3FBF2F0C0B270470068453BF3E751
S21401B710101900202DE9F041064614F0B0FD074649
S21401B720FFF7E6FF35460446286818B16CB9284687
S21401B7301DF07CFA31680A481DF05FFB384614F0AC
S21401B740A4FD00233360BDE8F081D0F800801DF031
S21401B75026FC2B68013CC3F800802D68E4B2E3E7C1
S21401B76010190020024BDB6B03B11847FEF76ABEC7
S21401B7701019002010B5064AC043131D53E8003FB8
S21401B7800340141D44E800310029F6D110BD00BF66
S21401B7901019002010B5054A131D53E8003F034356
S21401B7A0141D44E800310029F6D110BD10190020FF
S21401B7B070B519461546064610461C4618F0BBF8E5
S21401B7C02A46454D2346304618F0BAF8D5E90623F1
S21401B7D000EA020401EA030654EA060313D06301F1
S21401B7E004F0806010D56B68180623D43B4B2340C9
S21401B7F093BB3B4B06F020022340134356D1204611
S21401B800314618F094F870BDA4F1080333431CD1F7
S21401B810EB7A012B42D16B68D90743D50323EB7230
S21401B8206B8C013304206B84FFF79CFF012018F01A
S21401B83083F8E4E72B1D53E8003F23F08003291D1E
S21401B84041E80032002AF5D1DDE7A4F10C033343C9
S21401B85017D118F071F8DBE724F0011323F4A043A5
S21401B8603343C6D1EB7A012B18D16A6840F2014303
S21401B870934314BF002303230520EB72FFF772FFE7
S21401B880BDE7231F334302D118F057F8B7E704F199
S21401B8907F433343AAD1EB7A022B0FD0042018F052
S21401B8A030F8ACE713F40063BAD1B8E70420FFF729
S21401B8B071FF4FF0006001F055F9A0E76B689A0739
S21401B8C006D50423EB722B8C013303202B84ABE7C4
S21401B8D013F02003F7D1F5E71019002001500100FD
S21401B8E00DD50155014B986A704700BF101900200D
S21401B8F010B5064CA06A1CF08AF828B9A06A1CF09C
S21401B90088F800F0010010BD0120FAE710190020A8
S21401B910014B986A1CF07FB810190020024B58683A
S21401B920C0F34020704700BF1019002010B5044630
S21401B9304FF40070FFF71EFF084B986A1CF06DF875
S21401B94038B10CB9002010BD4FF40070FFF722FF8C
S21401B950F8E7002CF6D00C20F5E700BF1019002000
S21401B9602DE9F04F0468594D89B006468846002CEB
S21401B97048D0A77920460C371DF0DDF927440A3850
S21401B9803C89B8F1FF3FA4EB000402D04445A8BFB0
S21401B9904446B5F83890B0EB090713D4002C0EDDF9
S21401B9A06D6B36683D44FF2C224629463046A8BFBB
S21401B9B0FF221DF01EF9241A36680544F3D109B09A
S21401B9C0BDE8F08FA9EB0009296BD6F800A0A145C8
S21401B9D0A8BFA14601EB000BC846B9F1000F0DD078
S21401B9E04246FF2A59465046A8BFFF221DF001F9DC
S21401B9F0B8EB0008DAF800A08344F1D1A4EB0904FF
S21401BA004F44CBE7A86A03AA03211BF061FFBDF8E8
S21401BA100E700294A146E8620A3702AC09E0236080
S21401BA201B682B602368C3F800902368002F1C4610
S21401BA3011DD2B68453F002BF1D101201DF0BBFA2B
S21401BA40034620600028F1D1019002A81DF0EEF80F
S21401BA50019B3360B3E72B1D53E8003F43F0080317
S21401BA602A1D42E80034002CF5D14FF0006001F0A9
S21401BA7079F80298BDF81020437943F00103437129
S21401BA80069B30606B63059B2A872B638379BDF821
S21401BA900E200C3303441C711A819DF80C20297A60
S21401BAA09971072ADC711FBFAB8C0133AB846B8C99
S21401BAB00ABF012203F1FF331A714FF00A0118BFC2
S21401BAC06B841DF08AF8346853E700BF1019002014
S21401BAD02DE9F04187790C37C41986B0237913F024
S21401BAE0020805461BD1174E43F0020323716A462E
S21401BAF0D6E90A011BF0F0FE2389B06A03336946D2
S21401BB00ADF804301BF0EAFE009BEB519DF90E00E8
S21401BB10FFF7DEFD6071B37A022B03D8E37106B03E
S21401BB20BDE8F0819DF81130012B04D0022B04D022
S21401BB302BB90423F2E70323F0E70123EEE784F8A9
S21401BB400780ECE71019002037B5124B00F00F0400
S21401BB501B88ADF80430012C15D0022C15D18DF8B8
S21401BB6004400D4D6B6842F222000340A3420ED002
S21401BB70FFF700FE2046FFF70DFEA86A01A91BF09D
S21401BB8027FE03B030BD2024EBE70024E9E70020C0
S21401BB90F7E700BF30A20300101900202DE9FF418E
S21401BBA0144C1746022300258046A06AE3720E460F
S21401BBB0CDE9025509F0BAFD384602968DF80C50CB
S21401BBC017F0B7FE0090617AA06A02AB2A4609F028
S21401BBD0E9FD044648B94046FFF7B6FF3B46044632
S21401BBE02A460121304617F0A0FE204604B0BDE8E3
S21401BBF0F08100BF1019002037B5144B00F00F0478
S21401BC001B88ADF80430012C14D0022C16D0002469
S21401BC100F4D6B6841F601000340A34213D0FFF7B6
S21401BC20A9FD2046FFF7B6FDA86A01A91BF0E6FDAF
S21401BC3003B030BD04238DF80430E9E78DF80440E5
S21401BC404FF40064E4E70020F2E700BF30A20300EF
S21401BC501019002038B5104CE37A23B100221146A2
S21401BC60104617F061FE00252846E57217F064FEBF
S21401BC70A06A012203211BF033FDA06A2A46012196
S21401BC801BF02EFE8020FFF775FDBDE838404FF40F
S21401BC904050FFF77FBD00BF1019002008B5FFF721
S21401BCA0D9FF044AD38C0133D3840620BDE808406B
S21401BCB0FFF758BD10190020F8B51B4D6B685907E2
S21401BCC004D50420FFF756FDFFF7E8FF6B681A0757
S21401BCD00FD514F0D4FA0646FFF70AFD124F0446B4
S21401BCE024B101201DF067F90146A8B9304614F0C9
S21401BCF0CCFA6B68DB0615D51020FFF73BFD00F08C
S21401BD0001FD78B114F0BBFA0446FFF7C7FF2046E1
S21401BD10BDE8F84014F0B9BA3846013C1DF077F892
S21401BD20E4B2DDE7F8BD00BF1019002010B500220F
S21401BD30084C1046114617F0F7FDA06A09F0F6FC0C
S21401BD4017F0FDFD20461CF071FFBDE810400820ED
S21401BD50FFF710BD10190020014B986A1BF099BE21
S21401BD601019002038B5154CA37A8342054610D029
S21401BD70431E042B08D8DFE803F0030D1116180044
S21401BD80A06A0AF045F920B92846A57200F0A8FC79
S21401BD90606138BDA06A17F0DBFDF4E70121A06AF7
S21401BDA017F0D8FDEFE70321F9E7FFF7B7FD002805
S21401BDB0EAD0A06AFFF7D0FFE5E700BF1019002020
S21401BDC073B504460F4D408900F098FAA07B28729F
S21401BDD017F082FD6872E07B002600F00F00FFF787
S21401BDE0C1FF0096D4E90021A37BA86A1BF075FE6B
S21401BDF032463146304615F010F8206817F09EFDA1
S21401BE0002B070BD10190020F0B585B00023184EA1
S21401BE1000938DF80C30C0F3401301278DF80E30D7
S21401BE20C0F3001304461546F7728DF804700291AC
S21401BE308DF80D30FFF7E0FE20B1042017F061FD0C
S21401BE4005B0F0BD284617F074FD717A03466A46C0
S21401BE50B06A09F0B3FC2A460646C4F38011384698
S21401BE6017F062FD14F0DAFF002EE6D1E8E700BF16
S21401BE70101900202DE9F043234D85B004460E46E7
S21401BE809046002110224FF0010968461F4685F8AA
S21401BE900B901CF0F8FAA86A09F048FC00238DF80C
S21401BEA00430E3060096CDF8088005D56B691B883B
S21401BEB08DF80D904344029300238DF80C303846DC
S21401BEC0C4F340138DF80E3017F033FD697A03463C
S21401BED06A46A86A09F072FC28B1042017F011FD21
S21401BEE005B0BDE8F0832046FFF786FE3B460546D3
S21401BEF0C4F380120121304617F017FD14F08EFFAF
S21401BF00002DEAD1ECE700BF10190020094B10B54F
S21401BF1001220C46DA72FFF76FFE10B1042017F00B
S21401BF20F0FC22460021012017F0FEFC14F076FFFB
S21401BF3010BD00BF10190020F8B5044614F06FFFBD
S21401BF40A179E279114E521A0C3107460123B06AE3
S21401BF50D2B221441BF0B6FCE579A379ED1A57FA63
S21401BF6085F524680CB93561F8BDA179E279B06A26
S21401BF70521A0C310023D2B221441BF0A3FCE37900
S21401BF80A2799B1A55FA83F5EBE700BF101900203A
S21401BF90F8B50F4E02230D46F372FFF7D5FD0446A2
S21401BFA020B1BDE8F840042017F0ABBC284617F0D6
S21401BFB0C0FC2A4607462146012017F0B5FC717AD7
S21401BFC0B06A3B46224609F0DFFB0028E9D1F8BDFE
S21401BFD010190020084B10B502220C46DA72FFF742
S21401BFE0B3FD10B1042017F08CFC2246002101207D
S21401BFF017F09AFC10BD00BF10190020014B187BEA
S21401C000704700BF1019002068B1084B194653F855
S21401C010042F0AB18242FAD25B1A9B10013BDBB2B3
S21401C020034A137370470123FAE700BF0CA203000B
S21401C03010190020014BD863704700BF101900206B
S21401C04073B50F4B0F4E9B7DFF2B044615D1ADF8F4
S21401C05004000023B06A8DF803300DF1030201A934
S21401C06009F090FF9DF80350B06A22462946F4F77E
S21401C07017FB40EA052002B070BD034B1D78F3E7BD
S21401C080202F0020101900201A2F0020044BC2B2C6
S21401C090C0F30721986A82B002B0F4F781BB00BFF3
S21401C0A01019002010B50D4C0021A06A1BF076FB7C
S21401C0B00B49A06A1BF0DBFBFE21A06A1BF0C5FB47
S21401C0C0A06A09F077FD074BB3F910208242C8BF7A
S21401C0D018821A8A9A805A8ADA8010BD10190020AE
S21401C0E01A2F0020202F0020F0B5154C85B0B4F98A
S21401C0F01070ADF80210ADF80420ADF806304FF020
S21401C100C8124FF082136946CDE90223ADF800004C
S21401C11002AD04200B46B1F9002035F9026BBA4294
S21401C120A8BF3A46B242A8BF3246013821F8022BD0
S21401C130F1D103CB034BA060596005B0F0BD00BF41
S21401C140202F0020282F002073B50546F4F7A4FB06
S21401C150314E036833608388304CB3800023A3706C
S21401C160238033788DF80130FF2D18BF1D46A57545
S21401C1702B4DA86A0DF103030DF102020DF1010129
S21401C1801BF040FC9DF8013040B90133DBB20D2BAA
S21401C1908DF80130EDD9012002B070BDA27DFF2AD5
S21401C1A000D0A3758DF8053033709DF802308DF8F8
S21401C1B004300198FFF76AFFC828A8BFC8209DF879
S21401C1C003308DF8043020820198FFF75FFF154B8E
S21401C1D09842B8BF18466082B4F91000FFF730FFE6
S21401C1E0ADF804000198FFF751FF2082B4F9120060
S21401C1F0FFF726FFADF804000198FFF747FF4FF65B
S21401C200FF73A382642360821A4618461946FFF715
S21401C2106BFF0020C0E700BF1A2F0020202F002050
S21401C220101900200CFEFFFF034A0346B2F9060070
S21401C2300BB1FFF755BA7047202F0020084B10B5F9
S21401C240B3F9044030B903EB4103B3F906309C421D
S21401C250A8BF1C46A242A8BF2246104610BD00BF7A
S21401C260202F0020014BB3F912007047202F002029
S21401C270014BB3F910007047202F002073B5064616
S21401C28013F0FDFF0C4D0446B5F91200B5F9103058
S21401C290B042B8BF30469842A8BF1846FFF7D0FE56
S21401C2A0ADF804000198FFF7F1FEE880204602B0E1
S21401C2B0BDE8704013F0E9BF202F002073B5064695
S21401C2C013F0DDFF0C4D0446B5F91000B5F9123038
S21401C2D0B042A8BF30469842B8BF1846FFF7B0FE36
S21401C2E0ADF804000198FFF7D1FEA880204602B001
S21401C2F0BDE8704013F0C9BF202F0020F0B5C0F391
S21401C300072585B0FE2DADF8040027D0144C9DF806
S21401C310047013F0B4FF637DAB4206460ED0114B9A
S21401C32018689B88ADF80C300F4B029002A9986AEA
S21401C3308DF808501BF09BFAFF232375237DBB4223
S21401C34006D0094B3946986A1BF07FFA2775657542
S21401C350304605B0BDE8F04013F097BF05B0F0BD1C
S21401C360202F00201A2F0020101900202DE9F04759
S21401C370DFF8449086B007460E4614460DF10808CD
S21401C380A9F1100ACDE900980B4B3A468021504698
S21401C39013F0D0FC0028F5D1102C254628BF102517
S21401C3A030462A4641461CF088F8641B2F442E442A
S21401C3B0E8D106B0BDE8F087F130002030B589B08D
S21401C3C0202269460D4DFFF7D1FF6A4604AB14469D
S21401C3D003CC9C4228606960224605F10805F6D127
S21401C3E0074C08AD1A4603CAAA422060616013468C
S21401C3F004F10804F6D109B030BD00BFE1300020D9
S21401C400F130002010B588B06946202011F05EFE9C
S21401C410044630B96846FFF7D1FF034B012283F883
S21401C4202020204608B010BDE130002070B5134B27
S21401C43093F820308CB005460C460BB9FFF7E2FFA7
S21401C4400023CDE90033CDE9023354B91C2221463D
S21401C45005A804941CF017F804A8FFF7AFFF0CB06A
S21401C46070BD102C264628BF10262946324668463F
S21401C470FFF77CFF3544A41BE7E700BFE13000204F
S21401C4802DE9F047164B1D68D3F8048098FAA8F4F6
S21401C490B4FA84F404EB440293F8089006460F4677
S21401C4A005EB82054FF0010A4C4504DB4FF0FF34E3
S21401C4B02046BDE8F0870AFA04F313EA080F0BD00A
S21401C4C0AB6803F00103B34206D10622294638467B
S21401C4D01BF0AFFF0028EBD001340C35E4E700BFBA
S21401C4E0EC240020014B00225A607047EC24002007
S21401C4F0F8B50446134D24EAE47413F0C0FE202C6C
S21401C5002B7AA8BF2024A342064605D10024304634
S21401C51013F0BBFE2046F8BD28682C7200276F601A
S21401C52010B111F04FFD2F602B7A002BEED00C20AE
S21401C530604311F029FD28600028E7D128720724FE
S21401C540E5E700BFEC240020044BD3F8012002608D
S21401C5505B7903F01F030371704700BF02310020AF
S21401C560F0B5244B002918BF0B4614461268C3F8D1
S21401C570012022795A7100218BB019700125C1F36F
S21401C580C402CFB2A65C01F0070205FA02F2164217
S21401C59007D01A7802F128066E44013206F8287C84
S21401C5A01A7001312529EAD11A7828B16946981DF1
S21401C5B01BF083FF0BB0F0BD002AFBD0053301262C
S21401C5C0C0F3C405C1B2675D00F0070506FA05F5BC
S21401C5D02F4208D1B1FBF2F502FB15110AAD55FA4F
S21401C5E081F111F8281C03F8011F01302528E7D135
S21401C5F0E0E700BF02310020034B002818BF0346C6
S21401C6000B449879704700BF0231002082EA12423B
S21401C6101FFA82FC8CEA010393FAA3F31BBA9BB2BE
S21401C62003EB031363449BB293FAA3F31BBA9BB2C7
S21401C63003EB031363449BB293FAA3F31BBA9BB2B7
S21401C64003EB03136344154A8CEA030C1FFA8CFCB4
S21401C650A2FB0C23ACEB030203EB52035B0903EBD7
S21401C660C30100B503EB81030D4AACEB03030028BD
S21401C67018BF0246C3F3C401114403F0070ED8B233
S21401C6804978012303FA0EF3194201BF13780CFB14
S21401C69003F302EB134290795DF804FB4D91CFBA98
S21401C6A002310020064B074A1A60074B074A1A60F8
S21401C6B0074B084A1A60084B084A1A60012070475F
S21401C6C040200020933A03003C200020CB3A030090
S21401C6D038200020913A030034200020CD3A030090
S21401C6E00528044B08BF03200622013802FB003050
S21401C6F0704700BF32A20300014B986D80B27047AD
S21401C700005008400A4B586800F07060B0F1106F96
S21401C7100CD008D8B0F1E06F08D0B0F1006F14BFAC
S21401C720002001207047B0F1406FF8E70120704704
S21401C73000400840431C07B5014606D00023CDE95A
S21401C7400033034A034813F024F803B05DF804FBF2
S21401C750793B03002026002070B50E461546044698
S21401C76010B302F05DFD08B3236813F4807F114B0C
S21401C7701CBF01221A70104A1B7814600F4A1660FB
S21401C7800F4A15601BB902F041FD02F015FD11F0CC
S21401C790EFFB02F0CFFB0B4B0B48197802F0D6FBF0
S21401C7A0BDE8704002F020B9212070BD40F204407F
S21401C7B0FBE700BF2E3100200C25002008250020B5
S21401C7C004250020CD31002089DF02002DE9F0414B
S21401C7D086B011F0A1FB974B974D1A789749112017
S21401C7E011F0CAF92B685A685423B2FBF3F20023FE
S21401C7F092B25121184611F055F90446002840F02E
S21401C8000A8111F013FA12F0A4FF044612F0A3FFF6
S21401C810844240F2CF8012F09CFF81B200230122B5
S21401C820102011F03FF90446002840F0F480844BB4
S21401C8301968844B186808F01FFC00F05FF904467D
S21401C840002840F0E8802B681C7F002C00F0B580A3
S21401C850102C28BF10241CF035F9621C81B200236D
S21401C860D2B2082011F01EF90446002840F0D38009
S21401C870754A76490A2011F049F80446002840F026
S21401C880CA8010F0C9FE04AA0221322000F00CFA78
S21401C89028B9BDF810104FF0FF301BF011F86E46A6
S21401C8A00023324606212C208DF8063000F0FCF9D4
S21401C8B058B9304617F00DFF08B130287FD13C201B
S21401C8C000F010FA2C2000F00DFA9DF8063019073A
S21401C8D040F1868096E80300ADF80C10090C029032
S21401C8E08DF80E109DF8063013F0280F07D1DDE9FC
S21401C8F00201ADF80410090C00908DF806102B68A3
S21401C9001869002840F081802B68586900F03CF9CE
S21401C9102B6893F82220D20700F1818012F0C9FF1C
S21401C92002A902460746286817F02AF90446002895
S21401C93071D109F0E1FC12F001FF044600286AD12A
S21401C940012000F0D1FC424B18681CF097FC04460D
S21401C950002860D118F025FC044602F023FF80462B
S21401C96017F08CFF41460246204616F045F804466D
S21401C970002850D12B681B689B050CD4B7F5FA7FAD
S21401C98009D913F075FC01210746084612F093FFFA
S21401C990384613F071FC2B689A692E4B1A6017F013
S21401C9A039F92D4B1860304600F036FD2B4810F053
S21401C9B0A7FF30E012F0CFFE2FE704244BE704AACE
S21401C9C001213C2000F070F940B99DF81030012B90
S21401C9D014BF492372238DF8063076E74923FAE718
S21401C9E0F5F774FDCDE90401030C8DF80A30BDF8A6
S21401C9F01530ADF80B309DF817308DF80D30492302
S21401CA00ADF808008DF80E306CE717F0ABFD044664
S21401CA1000283FF479AF204606B0BDE8F08193F8D0
S21401CA20230018F0A8F800283FF478AF40F20C4431
S21401CA30F1E700BFCD3100200C25002089DF020080
S21401CA406C27002070270020193C0300153C0300CA
S21401CA5008250020442600204026002035C7010076
S21401CA600248002203211BF0D2BF00BFD8260020B7
S21401CA70F8B5114817F088FFE0B917F0CBF80F4D5D
S21401CA800D4E286006F10C07286817F0D6FD10F049
S21401CA90FFFD0446304617F073FF10B938461CF008
S21401CAA0C5F802F007FB08B9002CEDD1BDE8F84047
S21401CAB017F0E3BEF8BD00BF500C00204026002052
S21401CAC008B5054B1B782BB917F03CF8B0FA80F087
S21401CAD0400908BD0020FCE72D31002010B5054CAB
S21401CAE001232370044B1B6803B19847002323706E
S21401CAF010BD00BF2D310020442600200D4B98426A
S21401CB000DD8023B984210D870B1023B98420ED025
S21401CB1020F0704020F4604000F590607047064BAE
S21401CB209842F5D140F21C4070472120704740F2F0
S21401CB301B4070470AE000F00BE000F0024B4FF09C
S21401CB4080525A60704700BF00ED00E0044A00239F
S21401CB5052E8000F42E800310029F9D1FBF7CCBDBD
S21401CB604C260020064A52E8003F034342E80031C3
S21401CB700029F8D1034B1B6803B11847704700BF63
S21401CB804C26002048260020034B002814BF0246EE
S21401CB901A46024B1A6070473DCB0100482600201A
S21401CBA037B51C68E10705D517F03AFD1649174851
S21401CBB01BF035FFA20723D501F01EFBD0B9144D9B
S21401CBC0019013F05CFB044628461CF04DF80190DA
S21401CBD0204613F05AFB019890B143799B070CD479
S21401CBE001A802211CF022F9019801F0F5FA17F0CC
S21401CBF0C6FCE6E717F0C3FCDEE701F0E1FAF6E76C
S21401CC00002003B030BD00BF640C0020D8260020F1
S21401CC105026002008B5054810F00AFD044B187090
S21401CC20BDE80840012110F013BD00BF740C0020C0
S21401CC302F31002038B5044648B113F020FB2146B9
S21401CC40054608481CF0D9F8284613F01EFB064B8B
S21401CC50022193F9000010F0FBFCBDE83840FFF715
S21401CC603DBF00BF502600202F310020F8B50C4BE9
S21401CC700C4F04460E4638681968154608F0FCF94C
S21401CC80FFF73CFF50B9386833462A4644F4802102
S21401CC9008F008FCBDE8F840FFF730BFF8BD00BF5C
S21401CCA06C27002070270020F8B50C4B0C4F04466B
S21401CCB00E4638681968154608F0DEF9FFF71EFFBC
S21401CCC050B9386833462A4644F4802108F0FAFB06
S21401CCD0BDE8F840FFF712BFF8BD00BF6C27002083
S21401CCE07027002038B50A4B0A4D19680446286893
S21401CCF008F0C2F9FFF702FF40B9286844F4802122
S21401CD001AF0C9FCBDE83840FFF7F8BE38BD00BFD1
S21401CD106C270020702700202DE9F043134B0E46A8
S21401CD201968134B8DB005461868174608F0A4F924
S21401CD3080B9009733460A2202A9284608F0F6FB76
S21401CD400DF1080904464FF00008444505D1002CB2
S21401CD50EFD120460DB0BDE8F08359F8041B2846F4
S21401CD601AF099FC08F10108EFE700BF6C270020D4
S21401CD7070270020F8B50C4B0C4F06460C46386859
S21401CD80196808F079F9FFF7B9FE054648B9E24394
S21401CD9016FA82F2386842F4802246F48021FFF7C0
S21401CDA0BBFF2846F8BD00BF6C2700207027002077
S21401CDB0034B00221A609A80FF229A71704700BFC7
S21401CDC052310020064A1379834207D9126801239B
S21401CDD08340134214BF0120002070470020704793
S21401CDE054260020054A03461068002208B91A6036
S21401CDF07047C10748BF01324008F7E754260020B4
S21401CE00014B1879704700BF54260020102A2DE9DF
S21401CE10FF4706460F46154623D8DFF84C80DFF855
S21401CE204CA000244FF00109D8F8002009FA04F3B9
S21401CE30134213D046EA042040EA0A006A46E9B2E1
S21401CE4080B2FFF731FF48B92A46394668461BF0DB
S21401CE50F0FA18B960B204B0BDE8F0870134202CAE
S21401CE60E2D14FF0FF30F6E7542600200080FFFFA6
S21401CE702DE9F3411D4E05460146062230461BF0BC
S21401CE80D8FA20B996F9060002B0BDE8F081002470
S21401CE90EF1CA0462046FFF795FFD8B13B88CDF89A
S21401CEA000806946ADF80330E0B2BB788DF80530F6
S21401CEB019F075FD21280DD0A8B903222946684628
S21401CEC01BF0B7FA30B92B683360AB88B38060B219
S21401CED0B071D9E70134202CDCD12B683360AB88E4
S21401CEE0B380FF23B3714FF0FF30CDE752310020FE
S21401CEF0034B93F90630013301D1FFF759BF704751
S21401CF0052310020F7B5044617F0DCFC631C39D11A
S21401CF1017F0ECFB4FF400410846FFF749FFFFF717
S21401CF2029FF4B4B4B480025214620221D601BF054
S21401CF30AAFA284602F0DCF9474D0446FF267CB9DA
S21401CF403720FFF7CFFE424A0C2143F6FF70FFF76A
S21401CF508DFE404A20213820FFF788FE002017E08A
S21401CF6094F97530013305D02B7843B91321204647
S21401CF7018F019F9204602F0BBF90446DFE784F8F9
S21401CF807560F7E72046FFF71DFF18B940F2064027
S21401CF9003B0F0BD6B4606220021204616F06EFE59
S21401CFA000283CD0492368468DF8063017F0A2FBCE
S21401CFB02A484FF47F4140EA04200840FFF7DAFE92
S21401CFC02349E3B201229A400B6823EA02030B606D
S21401CFD0234B93F90630A34201D1FFF7E9FE0B7903
S21401CFE01C4A0020013B0546C1B2994221DBFF26BF
S21401CFF00020D65402F07CF9174F0546002DA2D02A
S21401D00095F97530A34205D13B78EBB91321284633
S21401D01018F0C9F8284602F06BF90546EEE76B46AC
S21401D02006220121204616F029FE0028C0D07223D0
S21401D030B9E75656A64200D025B1551895F90150C4
S21401D040555401250130CFE785F87560E2E700BF4A
S21401D0505426002032310020303100200080FFFFAE
S21401D060523100202DE9FF41354C064601A8FFF755
S21401D070B9FE2379019A93421ED86279012A40D1DA
S21401D08000274FF0FF383D4610E02368EB40D907F4
S21401D0900BD5082202AB114668B216F0EFFD20B19F
S21401D0A0039B43453CBF2F469846013523799D4255
S21401D0B0EBD378B2FFF726FF236813F0010529D0DA
S21401D0C0002501220135202D18D002FA05F71F424E
S21401D0D0F8D13B432360A368194A013373610C21DD
S21401D0E043F6FF70A360FFF7C1FDA8B1236823EAEA
S21401D0F007032360A368013BA36073614FF0FF350C
S21401D10019E0022AFAD10F4A134413F9010D421C01
S21401D110FBD0CFE70127DCE722790A4C013AD2B2ED
S21401D1202146601C1BF095F96DB22246202138205D
S21401D1302570FFF79BFD284604B0BDE8F08100BFCF
S21401D1405426002032310020F0B54A4C89B0002523
S21401D15001AA04213F202570FFF7A6FD00B1019525
S21401D1602570454C019E22460C2143F6FF70FFF7C1
S21401D1709BFDC0B10D23A380019B2560032BA560F9
S21401D18011D803AD2A46142143F6FF70FFF78CFD34
S21401D19048B995E8070084E8070022460C2143F6C3
S21401D1A0FF70FFF763FD019B042B06D004210DEBF6
S21401D1B001023F200191FFF759FD304A2021382016
S21401D1C0FFF772FD28B12D4820224FF0FF311BF0EA
S21401D1D05AF9237903225B00B3FBF2F3284A137052
S21401D1E0FFF7E6FD002523799D420DD3012E06D8D3
S21401D1F03D20FFF777FD002523799D4215D317F0D3
S21401D2007BFA002009B0F0BD2368EB40DB070AD5A6
S21401D2106FB2082203AB1146384616F02FFD10B93F
S21401D2203846FFF76FFE0135DDE72846FFF7CAFDF2
S21401D230F0B16EB202AB04220C21304616F01EFD90
S21401D24004280AD1029BC3F300238DF80C30012277
S21401D25003AB0C21304616F0E3FC0023CDE9033383
S21401D260CDE90533102203AB0D21304616F0D8FC6C
S21401D2700135C1E73031002054260020323100202C
S21401D28031310020F8B5114B04461879104B0022B5
S21401D2901D46D1B2884205D913F9017BA74202F196
S21401D2A0010604D10B4B1B788B4202D9F8BD3246DE
S21401D2B0EFE70749481C1BF0CCF82C70BDE8F84096
S21401D2C0034A20213820FFF7D1BC00BF5426002096
S21401D2D03231002031310020014902481BF09FBB4A
S21401D2E0840C0020D82600200A4B1022DA8228213E
S21401D2F06422C3E906124FF6FF721A8402225A60AC
S21401D300002283F82B200F2283F82D0083F82C208F
S21401D310704700BF6026002038B502F095FD40B981
S21401D320094B1A6893F82A10243203464824994276
S21401D33000DC38BD04FB03F55559ED0601D4013375
S21401D340F5E70120F5E700BF6026002038B5104C50
S21401D35094F82B30D3B1626812F0010516D104F1AE
S21401D360080004F06BF8FFF7D7FF78B194F82C307B
S21401D37008484EF6602253434FF482712A4610F055
S21401D380E9FA18B9636843F00103636038BD00BF6A
S21401D39060260020D826002022F00042052A10B57B
S21401D3A00DD0B2F5827F13D0032A06D1114A5368F5
S21401D3B023F00203536002F04FFD002010BD0D4A1A
S21401D3C01B88118D9942F8D1002313850120F5E7BA
S21401D3D0084B5A6893F82B4022F00102012C5A6040
S21401D3E0F4D102F08DFAFFF7B1FF204602F07EFD80
S21401D3F0ECE700BF60260020004870476F2600203B
S21401D400044890F82B1000F10F020830012918BFCC
S21401D4101046704760260020F0B4827912F0280F7B
S21401D420034626D0144A0168C2F80F108188A2F874
S21401D43013108179517592F82A6011680025AE4261
S21401D44007DC5368F0BC43F004030320536002F08A
S21401D4504DBD4C6A14F4404F08D1186808609F8887
S21401D4609879887144F008048F804C620135483100
S21401D470E5E72120F0BC7047602600204379024A88
S21401D4809B09D05C704700BF64A203000B6810B50F
S21401D49003608B888380FF2A044602D10723A37189
S21401D4A009E0032A08D8054B9B5C8371072B02D140
S21401D4B0FFF7E4FFA07110BD0023F0E768A20300A8
S21401D4C08379024A03F00703D05C70475CA203002D
S21401D4D010B582798B79094C02F0070203F0070335
S21401D4E0A25CE35C9A4206D106221AF0A2FFB0FAC9
S21401D4F080F0400910BD0020FCE700BF54A20300E5
S21401D5007FB5134B03930E4605460446A0B117F0AC
S21401D51052FF78B900223146204618F081F80228D9
S21401D52007D10123009303AA04233146204616F0AF
S21401D5307CFC0DB104B070BD204617F00BFF04460D
S21401D5400028F7D017F037FF0028F5D1E2E700BF33
S21401D5500100FFFF2DE9F04F97B08346099117F0C0
S21401D56070FE099883790C33C518C45C1BF0E3FB85
S21401D5701E2C099F064624D8012C26D9C54BE3400C
S21401D580DA0722D5384697F806801BF0D4FBBBF89D
S21401D5900A2083B29A4228D214F0010240F0A180F8
S21401D5A004F07F03522B00F09C801E2C00F0998023
S21401D5B0099B009321460423584617F081FB21243A
S21401D5C00CE004F07F03522BDCD0214600970623A3
S21401D5D00022584617F074FB41F20614584617F01D
S21401D5E035FE204617B0BDE8F08F4744013B3A7B35
S21401D5F01E2A9BB242D8012ACED9023A1C2ACBD87F
S21401D60001A151F822F000BF99D6010099D5010079
S21401D6109DD6010099D5010093D6010099D5010048
S21401D62089D6010099D5010099D6010099D5010046
S21401D6309DD6010099D50100A1D6010099D501001A
S21401D64089D6010099D50100CFD6010099D50100F0
S21401D65099D5010099D50100D3D6010099D50100CD
S21401D660D7D6010099D5010099D5010099D50100B9
S21401D67099D5010099D50100DBD60100522A26D0A2
S21401D680D22A89D10D2B05E0062B0FD0142B83D17E
S21401D6900CE0052B80D909E0022BF8E7042BF6E70E
S21401D6A0032B7FF679AFDB073FF576AF022C00F050
S21401D6B0F380DBF800309B689F0516D40BF144001D
S21401D6C01BF0B4FA099BCBF84430002486E7012B03
S21401D6D0E0E7032BDEE7012BD9E7002B7FF45CAFF5
S21401D6E0E4E709A81BF0A2FA69E71E2C584600F0E9
S21401D6F0928317F060FE0746002840F08280584665
S21401D70017F054FE00287CD004F07F03522B00F063
S21401D710BC80082C68D1B6B2152E14BF022010208A
S21401D720691D17F02EFE00285ED0DBF81430D807EE
S21401D73049BF23F0010343F00103CBF81430394607
S21401D7405CBFCBF814300121584617F04BFE099800
S21401D7500D9017F023FAB0F80180B0F80390044654
S21401D7600D981BF0E8FA152814BF0225102505347C
S21401D7702146284603F072F821460390284617F002
S21401D78000FE0490B8F1000F00F04481C84500F295
S21401D79041810D9A0221092017F023FABBF80A707D
S21401D7A0023FBFB282463E4640464FF0FF35039ADF
S21401D7B0494618F0E7F80446002800F06D8117F096
S21401D7C0B4FE002800F0858101222146584617F054
S21401D7D056FF03468DF82E00002800F020810D9A92
S21401D7E0009222460821A4E0DBF8143013F001066B
S21401D7F03CD023F00103CBF814300021584617F033
S21401D800F1FD1E2C63D8032C66D9231F142B63D875
S21401D81001A252F823F000BFEDDA0100D9D80100C9
S21401D820D9DB0100D9D801004FD70100D9D80100B2
S21401D830BFDC0100D9D80100DDDC0100D9D8010028
S21401D840F3DC0100D9D80100E5D80100D9D80100E0
S21401D850E7DD0100D9D80100D9D80100D9D80100E7
S21401D86003DE0100D9D801000DDE010043F00103FB
S21401D870CBF814300121584617F0B4FD0096122358
S21401D88032462146584617F01BFA09A81BF0CEF976
S21401D8901BE700BF54554541099D934C284617F098
S21401D8A07DF92188B0F801602A46584617F01DFA1E
S21401D8B02388BBF80A10B34228BF3346172BB8BFDC
S21401D8C01723ABF80A30584617F0A7FCFDE6522C92
S21401D8D000F09082D22CD8D0099B00930022062318
S21401D8E0214626E0099F384617F058F90546B0F854
S21401D8F00180B0F803A038461BF01DFA152805F183
S21401D90005010CBF2046022002F0A8FFB5F805303D
S21401D91004900793B8F1000F07D0D04505D818F04A
S21401D92088F950B90097102301E000970123424679
S21401D9301021584617F0C4F9C7E63A4602211120CD
S21401D94017F04FF9BBF80A3003939E1E063B9BB2B5
S21401D9500590B6B244464FF0FF350893049A5146F7
S21401D960204618F00FF8814668B3079A514618F01A
S21401D97056F80446484617F0D8FD40B94FF6FF73EF
S21401D9809C4201D00134A4B25445E7D91BE04FF0C4
S21401D9900003ADF834300DAA0CAB4946584617F0D3
S21401D9A00BFF039ABDF834300690053A9A42089A5E
S21401D9B0D8BF1346002DADF8343009DB9D4202D1A5
S21401D9C0EB1CB34208DB691C1CD100970A23AEE7A7
S21401D9D0351F9D42A8BF1D46042211A93846ADF841
S21401D9E04490ADF846401BF0E4FB06992A463846BB
S21401D9F01BF0DFFB043E4FF6FF73761B9C42B6B26C
S21401DA00C0D1E0E7059B04355D703946584601F004
S21401DA1063FD5AE60D9B009301234246E2E6049B12
S21401DA2013B1204617F065FD204617F096FDD8B1D4
S21401DA30002D54DC0DA81BF0F9F8082358468BF886
S21401DA401C3050F80C2B92F870208DF844208DF87D
S21401DA50483011AA002340F20251ADF84640ADF815
S21401DA604A301BF018F830E6ADF844000DF12E03ED
S21401DA7011AA2146584617F09FFEBDF8443005907E
S21401DA80BB4228BF3B46002DADF844300ADBAB4213
S21401DA9002D16B1CB34209DB6A1C0D9B1FD100939C
S21401DAA00A23BAE7B51E9D42A8BF1D4602220CA94D
S21401DAB00D98ADF830401BF07CFB05990D982A4671
S21401DAC01BF077FB023E4FF6FF73761B9C42B6B205
S21401DAD0E2D0601C80B28145BFF469AEDCE7023556
S21401DAE00D998AF8015091E7F40F0020DDF8249093
S21401DAF0484617F053F8B0F80180B0F803300493A5
S21401DB00B8F1000F41D098453FD84A46022105207A
S21401DB1017F067F8BBF80A400590023C4FF6FF770E
S21401DB20A4B24546BA462946584618F006F8504566
S21401DB30064649D04FF400622946584617F09FFD25
S21401DB4000283CD1304618F090F800280CBF02237C
S21401DB501023574503931ED0304618F086F80690DA
S21401DB60384618F082F8069B834203D1039B0133A3
S21401DB70A34211DB384618F078F8059B013058703F
S21401DB801946584617F085F89FE5CDF80090012311
S21401DB9042460421CDE637460DF146013046ADF842
S21401DBA0445002F0B1FE039B11A99A1C48461BF093
S21401DBB000FB039B023CE41A5545A4B2DAD0049B51
S21401DBC00135ADB2AB42AED24FF6FF739F42D1D113
S21401DBD0CDF800900A23DBE7DDF82490484616F0DE
S21401DBE0DDFFB0F803A0B0F80530B0F8016003938C
S21401DBF0074648461BF09FF8C51FADB20024102DFE
S21401DC000C9458D82A46F91D0DA81AF056FC002E79
S21401DC1053D0564551D84A460121072016F0E1FF58
S21401DC20A046074633460A249A45049307D9BBF80B
S21401DC300A00394616F0B8FF0328049B04D8B8F149
S21401DC40000F1AD039469CE7ADF84430039BADF877
S21401DC5048300DAB13930BAA0DF12E0311A95846AC
S21401DC60ADF846A0ADF8505017F005FF0A28044657
S21401DC70E5D0BDF82C3030B11E46CDF800902346D5
S21401DC803246062155E6ADF83030BDF82E30ADF8F7
S21401DC9032300CAA0423BBF80A00394616F08FFF6F
S21401DCA0BDF82E304FF6FF729342CBD001339BB2B4
S21401DCB04FF00108B8E70424DFE70124DDE7099CFB
S21401DCC00A238BF81C30204616F068FF23460022F4
S21401DCD0B0F80110584616F078F9F6E4099C20468B
S21401DCE016F05CFF0C238BF81C30B0F8032023469B
S21401DCF0EEE7DDF82480404616F050FF0546404624
S21401DD001BF019F80023441EBBF80AA08DF8343026
S21401DD1061D014F001075ED1204610F035F90646B1
S21401DD2000285ED00AF1FF332246691C03931AF0DD
S21401DD30C4FB424601210F2016F053FFB146049062
S21401DD40002C04DC304610F03DF9049919E739F847
S21401DD50025B01222946584617F091FC023C8DF8D9
S21401DD60340068B9284617F002FB10B1284617F0B0
S21401DD70C0FB284617F0F1FB60B180238DF83430E4
S21401DD80304610F01FF99DF83430CDF800802A4651
S21401DD900E21CEE50DAB294611AA584617F00CFD0B
S21401DDA09DF834300146002BEAD1039BBDF8442090
S21401DDB0DB1B9A42C2BF0AF1FF33DB1BADF84430CE
S21401DDC0BDF8442040461BF0F4F9BDF844309842B3
S21401DDD0B8D31F44B4E7042300258DF834302E460B
S21401DDE0CEE71123F8E7099AB5F80110584616F060
S21401DDF08AF96AE4099AB5F80110584616F0DEF970
S21401DE0063E40999584616F018FA5EE469785846AC
S21401DE1016F07EFA39E516F09BFA36E57FB5174A15
S21401DE201368064623F0080342F60520136017F030
S21401DE30E4FD054650B1684602F002FC002017F0EA
S21401DE4089FA044620B92946FFF75AFB04B070BD8B
S21401DE50102204F1210168461AF0EBFA38B10121CB
S21401DE60204617F0BFFA636923F0010363611EB110
S21401DE703146204617F092FE2046E0E74427002070
S21401DE8007B5837801916A46082104488DF8003069
S21401DE901AF001FE03B05DF804FB00BFD82600208F
S21401DEA0054B0022C3E90322C3E905221A70DA6191
S21401DEB04FF6FF725A847047B4260020014B186053
S21401DEC0704700BFB02600200D4B827813B55A600C
S21401DED0B0F8032091B2102910D040F60344A142B5
S21401DEE00CD041795B8C8DF80210ADF80420054802
S21401DEF0ADF800306A4605211AF0CDFD02B010BD1E
S21401DF00B4260020D826002073B5837901900C33FF
S21401DF10C418C35C132B0ED8042B10D9053B0E2B4B
S21401DF200DD8DFE803F01E0C0C1E0C0C0C0C0C16A6
S21401DF301A0C0C0C2300302B13D03E2B1BD0FAF7F7
S21401DF404DF9019B834202D001A81AF06FFE02B080
S21401DF5070BD2046FFF7B8FFF1E70F4BE2785A6035
S21401DF60EDE701A9204602F0A3F8E8E701A920465B
S21401DF7016F087FCE3E7094E0025019B3BB156F8F6
S21401DF80043B01A92046013598470E2DF5D101A87D
S21401DF901AF04CFED3E700BFB42600206CA20300A3
S21401DFA007B500F013F920B103B05DF804EBFFF7F5
S21401DFB0ABBF00F017F9019018B1054B1B681BB1F8
S21401DFC0984703B05DF804FB01A81AF02FFEF8E7A6
S21401DFD0B0260020024610B1022804D0704703483C
S21401DFE003211AF014BDFFF7DBBF00BFD8260020BF
S21401DFF0024B1A78024B53F822301847B4260020F9
S21401E000A4A2030010B504460120FFF7F1FF034B5D
S21401E0101C70BDE810400020FFF7EABFB4260020C0
S21401E02010B50621044642F2050016F0AEFA236842
S21401E030C0F80330A388A0F807300648FAF7F0F8CE
S21401E04016F0E7FA407920B116F0E3FA407940F489
S21401E050805010BD3922030010B5062104464FF644
S21401E060284016F092FA2368C0F80330A388A0F877
S21401E07007300648FAF7D4F816F0CBFA407920B103
S21401E08016F0C7FA407940F4805010BD15830100A0
S21401E09038B505460C4669B9022142F21B0016F056
S21401E0A074FAB5F86E30A0F803300D48BDE8384074
S21401E0B0FAF7B6B8122142F21A0016F066FAB5F867
S21401E0C06E30A0F803302146053004F1100351F8F4
S21401E0D0042B40F8042B9942F9D10248E6E700BF29
S21401E0E083240300BF24030001481AF0BDBD00BF0E
S21401E0F0C42600202DE9F3410D46B0F86E100192BA
S21401E10040F6FF73994205D101A81AF08FFD02B0BF
S21401E110BDE8F0811146134601229BBB1E481AF04A
S21401E1206CFEFFF7E1FF04460028F0D01AF003FE6C
S21401E1306379A66803F001086FF30003074663716D
S21401E140042120461AF03BFF43798179B6F86E2008
S21401E1508660044668F300030C314371DB43625466
S21401E160084403F00103C2F3032242EA0312427099
S21401E170478022463046294616F088FB2046FAF7A5
S21401E1805FF8CEE75C79986024F0030414435C7171
S21401E19000221B68C1E700BFC426002070B5074CEB
S21401E1A00546206800B970BD8368AB4204D1066895
S21401E1B00FF07AFD2660F4E70446F2E7C426002055
S21401E1C0014601481AF019BEC826002001481AF077
S21401E1D04BBD00BFC8260020014601481AF00DBEFF
S21401E1E0C0260020034BD86818B103F10C001AF0C2
S21401E1F03BBD7047B4260020044BDA6822B9586943
S21401E200003818BF0120704701207047B42600204F
S21401E2100138C0B20A289ABF014B185C002070472B
S21401E220ACA2030007B506481AF01EFD04210190B2
S21401E2300DEB01001AF0FAFD019803B05DF804FB3E
S21401E240DC260020F7B5186810F0020003D0164E41
S21401E250316811B9012003B0F0BD00240422234621
S21401E2600DEB020001941AF0D7FCBDF80630DB076F
S21401E27002D4FFF7D7FF04460C4F002557F8043B9E
S21401E28023B1BDF804002146984748B13368002BF6
S21401E290E0D0074B022193F900000FF0D9F9D9E736
S21401E2A00135062DEAD1F1E7DC260020E026002024
S21401E2B05931002010B509480FF0BAF9084B094941
S21401E2C01870002420200C600FF038FD064BC3E9BF
S21401E2D00044C3E90244C3E9044410BD940C002081
S21401E2E059310020DC260020E026002013B5C37A31
S21401E2F00093B0F80930D0F80520D0F80110007866
S21401E30001F050FC0446034800F0E2FE848002B0AF
S21401E31010BD00BF2002040337B5FF230DF107002F
S21401E3208DF8073001F0ACFC044604489DF8075010
S21401E33000F0CEFE8480857103B030BD2003040159
S21401E34038B54B795B0705460C460CD4142120469C
S21401E350054A16F09CFA2179204616F04BFB10B9B7
S21401E360A3791C44257438BDD4A203008378132BEB
S21401E37010B50C4608D1054B1B6803B198472046DB
S21401E380BDE810401AF052BC10BD00BFF8260020B0
S21401E39010B500210446007816F0B3F948B161784B
S21401E3A0207816F030FE0446034800F091FE848083
S21401E3B010BD0224F8E700BF2002560110B54178CF
S21401E3C0007801F02DFC0446024800F081FE8480AE
S21401E3D010BD00BF200256022DE9F74FB0F802C06B
S21401E3E00C9F9DF934A0DDF838B01CF0100F0646DE
S21401E3F01C4633D05FFA8CF51CF0080F184614BF84
S21401E40005F0080505F00F0516F0E9FE81463846C9
S21401E41016F0E5FE96F90F30019380465A461348EA
S21401E4207678042116F07AFB019BA0B1057122686B
S21401E430C0F80520A288A0F8092080F80B9080F883
S21401E4400CA0437386733B68C0F80F30BB88A0F8F6
S21401E450133080F8158003B0BDE8F08FCDE90DAB21
S21401E4600C9703B0BDE8F04F16F0F8B910A30300FF
S21401E47010B50021421D0379044608461AF0C6FE6F
S21401E480024648B16188208815F0F8FD0446034825
S21401E49000F01EFE848010BD1A24F8E720020A024E
S21401E4A013B50446007816F04FFF70B10023CDE98E
S21401E4B00033E278B4F8011015F099FF04460448D9
S21401E4C000F006FE848002B010BD2524F7E700BFE9
S21401E4D020020A0473B5B0F80140C678051D00781D
S21401E4E016F032FF60B1214600962B46002215F049
S21401E4F05BFF0446034800F0EBFD848002B070BD6C
S21401E5002524F7E720020A0F08B54FF0FF30FEF783
S21401E510F9FC074B074A18684FF48021FEF7FCFB0D
S21401E520054800F0D5FD00230371437108BD00BF07
S21401E53070270020FFFF040020020D0110B581782E
S21401E5403829024609D832F8030BFEF78FFB04463A
S21401E550034800F0BDFD848010BD4924F8E700BFE4
S21401E56020020D02F7B5174B174F1D6800230093C5
S21401E570164B06461968386806F07EFDFEF7BEFAA9
S21401E5800735044688B9318838686B4601AA41F4D4
S21401E590802106F0B9FF80B90099FD2910D830888E
S21401E5A02A46C9B2FEF780FB0446009908482A4667
S21401E5B000F0DAFD848003B0F0BD40F21C44F4E7BD
S21401E5C01A24F2E720270020702700206C2700205D
S21401E5D020030D0310B50088FEF784FB04460248AD
S21401E5E000F076FD848010BD20020D0408B50649B2
S21401E5F006481AF014FA064906481AF010FA0648B0
S21401E6000FF090FC002008BDAC0C00200027002075
S21401E610BC0C0020FC260020A40C0020014816F0AB
S21401E620AFB900BF500C002030B5114B994285B0F0
S21401E6300D46144619D193000FD503A902A80FF071
S21401E6401DFA0823E1B20193039B00930022029B6B
S21401E65041F0005128461AF0C5F9064816F028FA86
S21401E66000B10471012005B030BD0020FBE700BFFA
S21401E670FC26002098A3030022F00042B2F1A04F2E
S21401E68008B504D1034816F013FA012008BD00208E
S21401E690FCE700BF9CA3030070B5FFF7BFFF90B176
S21401E6A0FEF7AAFE002604462046FEF709FF0546A9
S21401E6B0064800F00DFD86802268C0F80620A28874
S21401E6C04281057370BD024C0226EDE72009011553
S21401E6D074A303000A4B10B50020187100F008FE61
S21401E6E004463CB901F01CFCBDE81040054906484B
S21401E6F01AF0B9B9204616F05AFD6468F1E700BF72
S21401E700382F0020CC0C0020D826002070B5002021
S21401E71000F0EEFD084D0446012604B970BD94F8DC
S21401E720723033B12E7116F0A6F81321204616F07A
S21401E7303AFD6468F1E700BF382F002038B50A4C6F
S21401E74000232360A38003682360207816F027FD4A
S21401E750054630B9054806491AF061F9608801F0A6
S21401E760F5FB284638BD00BF382F0020D8260020EC
S21401E770CC0C002022F00042B2F5887F2DE9F0474C
S21401E7801C4600F0E2800ED840F203139A423CD0B9
S21401E79040F209139A4200F0C2800E2A00F0B380BC
S21401E7A00020BDE8F08740F207239A424AD0B2F52E
S21401E7B0037F59D040F206239A42F1D120684C30AB
S21401E7C0FEF77EFE2568A48895F8736095F870A01C
S21401E7D095F9759095F876800746604816F068F9C1
S21401E7E00028DDD0EB6C4360B5F850300381731E12
S21401E7F05E425E418772C67280F80CA080F80D906A
S21401E80080F80E80A0F80F40CAE7207800F062FD7D
S21401E8100028C5D0524894F80090B4F80280A78822
S21401E820E688257A648916F043F90028B8D080F87E
S21401E8300490A0F80580A0F80770A0F80960C572DA
S21401E8408481ADE7207800F045FD0028A8D06078E7
S21401E8502578FFF7DDFC0446424816F029F9002822
S21401E8609ED0057144719BE7A578012D1DD0022D20
S21401E8702BD0C5B9E37894F8008094F904706679D2
S21401E880394894F90640023BDBB2022B9ABF374A5D
S21401E890D55C012516F00CF928B180F80480457185
S21401E8A08771C671047201207BE7E37894F80080D3
S21401E8B094F9047066792E4894F90640023BDBB25F
S21401E8C0022B9CBF294AD55CE4E7E378294894F8F3
S21401E8D00180277894F90490667994F90640023B02
S21401E8E0DBB2022B96BF214A0125D55C16F0E0F873
S21401E8F00028D8D0A0F804808771C57180F80890E8
S21401E90046728472CFE723461B4813F8014B082250
S21401E910002116F0DEF80028C5D00471C3E71748B9
S21401E92094F800806788A688E588248916F0C0F8E0
S21401E9300028B8D080F80480A0F80570A0F8076019
S21401E940A0F80950A0F80B40ADE70D481C7816F06A
S21401E950AFF800283FF424AF047121E7E4A30300D5
S21401E960E0A30300D8A30300D0A30300A0A30300E1
S21401E970CCA30300D4A30300C8A30300C4A30300CD
S21401E980DCA3030010B5007800F0A4FC40B113210D
S21401E99016F009FC0446034800F09AFB848010BD7B
S21401E9A02524F8E72002060570B5144606460C4AEB
S21401E9B020460D46142115F06AFF2179204616F0EF
S21401E9C019F858B9A3790C331C44064BA6711B7968
S21401E9D0A5801BB1BDE8704015F04EBF70BD00BFED
S21401E9E0C0A30300382F0020024B1A68024B0020F8
S21401E9F05A60704704250020500C002010B5FDF722
S21401EA00E5FE044630B9044815F090FF044608B9FF
S21401EA10FEF726F8204610BD500C002073B522F0F4
S21401EA2000421C4640F20A639A4208D8B2F5C06F0B
S21401EA3008D8042A49D00D2A4FD0032A1ED0002018
S21401EA4002B070BD6FF4C0631A44092AF7D801A357
S21401EA5053F822F03FEB0100EDEA010011EB010053
S21401EA6021EB010037EB01003FEA010057EB010003
S21401EA706DEB01008DEB0100DBEB010001A8F3F764
S21401EA8007FD5748BDF8044016F012F80028D6D006
S21401EA9000234371C3714372C37203734373837359
S21401EAA0C3732623072283746FF048030271C3746D
S21401EAB001226FF040038271027203756FF00B0240
S21401EAC05123827204824375B9E74648246815F0DB
S21401EAD0EFFF0028B3D08480B1E72346042253F821
S21401EAE0044B4148002115F0F4FFF2E7207800F0CE
S21401EAF0F1FB0028A3D03D48267894F90150A4786C
S21401EB0015F0D6FF00289AD006714571847196E7F4
S21401EB102478374815F0CCFF002890D004718EE792
S21401EB2025783448646815F0C3FF002887D005713E
S21401EB30C0F8054083E725782F486468F3E72F4837
S21401EB402578646815F0B4FF00283FF478AF0571A6
S21401EB50A0F8054073E72A482578646815F0A8FFF1
S21401EB6000283FF46CAF0571447168E76378254867
S21401EB7024780D2B96BF244A0125D55C15F098FF05
S21401EB8000283FF45CAF0471457158E763781F486D
S21401EB9026780D2B98BF1C4A4FF0000198BFD55C14
S21401EBA06368A27888BF012515F093FF08B1067146
S21401EBB045716378012B3FF642AF8DF80430134858
S21401EBC0247801AB0122002115F083FF00283FF4D1
S21401EBD036AF01230471437131E724780C4899E775
S21401EBE028A4030020A4030024A403000CA403000B
S21401EBF014A4030018A4030010A4030008A403002F
S21401EC0004A4030000A40300E8A30300FCA303007C
S21401EC10F8A3030002481422002119F034BC00BFF7
S21401EC200427002070B51C4C054611F028FB6379BB
S21401EC305B0706460ED414212046184A15F027FE17
S21401EC402179204615F0D6FE20B13046BDE8704049
S21401EC5011F01BBBA3790C3323442DB91A79FF2A73
S21401EC60F3D001321A71F0E7012D05D15A79FF2A46
S21401EC70EBD001325A71E8E7022D05D19A79FF2AC5
S21401EC80E3D001329A71E0E7032DDED1DA79FF2A6B
S21401EC901CBF0132DA71D8E7042700201CA4030048
S21401ECA00428024B28BF0020185C70472CA40300E0
S21401ECB038B50546084800F087F9044648B900F01B
S21401ECC0D9F904461DB1054B1B689B792B7000F0E2
S21401ECD0E9F9204638BD00BF38A4030020270020EC
S21401ECE02DE9F84380460D489DF820900F461646BC
S21401ECF01D4600F069F978B9094B1C6884F8048050
S21401ED00C4F80570C4F80960A4F80D5084F80F9093
S21401ED10BDE8F84315F03FBEBDE8F88330A4030014
S21401ED202427002038B5054606480C4600F04CF965
S21401ED3038B9054B1B681D715C71BDE8384015F08C
S21401ED402ABE38BD48A403002427002038B505464E
S21401ED5006480C4600F038F938B9054B1B681D719A
S21401ED605C71BDE8384015F016BE38BD40A40300FE
S21401ED702427002010B50446054800F025F930B9CF
S21401ED80044B1B681C71BDE8104015F004BE10BD95
S21401ED9050A403002427002010B5134604460A4653
S21401EDA00648012100F020F930B9054B1B689C800C
S21401EDB0BDE8104015F0EFBD10BD00BF70A4030004
S21401EDC0242700202DE9F041804611480F461646BB
S21401EDD01D4600F0F9F80446A8B90E4B1B68A3F8C7
S21401EDE0048000F047F90C4B044619680EB18A7985
S21401EDF0326035B18A79BA4208D80731284619F007
S21401EE005CFB00F04FF92046BDE8F0811D24F8E7D1
S21401EE1068A40300242700202027002010B50446FC
S21401EE20054800F0D1F830B9044B1B689C80BDE85A
S21401EE30104015F0B0BD10BD60A4030024270020CB
S21401EE4008B5044800F0C0F818B9BDE8084015F048
S21401EE50A2BD08BD58A4030038B505460C460748B0
S21401EE60012100F0C1F838B9054B1B689D80DC8094
S21401EE70BDE8384015F08FBD38BD00BF88A403003B
S21401EE802427002070B5064608480D46144600F0B3
S21401EE909BF848B9064B1B681E71A3F80550DC7138
S21401EEA0BDE8704015F077BD70BD00BF80A40300BB
S21401EEB02427002038B505460C460748012100F0F6
S21401EEC093F840B9054B1B681D71A3F80540BDE8D2
S21401EED0384015F060BD38BD78A403002427002013
S21401EEE070B505460B480E4600F06EF8044678B934
S21401EEF000F0C0F8084B04461B6825B1D3F806207D
S21401EF002A605A89AA800EB11B7B337000F0CAF8BA
S21401EF10204670BD90A4030020270020044A034623
S21401EF20106810B102789A4200D170470069F8E77C
S21401EF301C27002008B515F0F7FCFFF76BFE024B07
S21401EF4000221A6008BD00BF1C27002038B5104DEE
S21401EF50104A044628461AF0B3F94FF48270A047C7
S21401EF600D4B01461860287818B14FF482721AF0DA
S21401EF70AAF94FF48270A047084B0146186028781A
S21401EF8028B1BDE838404FF482721AF09CB938BDFA
S21401EF905A31002098A403002427002020270020AF
S21401EFA0084A136833B94178036141F001014170A1
S21401EFB010607047197802789142FAD003F1100276
S21401EFC01B69EFE71C27002010B5044618F0D2F99C
S21401EFD028B9034B22681C60024B1B681A6010BDDF
S21401EFE018270020242700202DE9F84F04684FEA4F
S21401EFF0042A98460AF4E06AC4F307234AEA030A95
S21401F0000AEB0209B9F5807F83460F46154603D9F8
S21401F0101D263046BDE8F88F18F0ACF906460028E4
S21401F020F7D1124B24F47F44C3F800B024F0C70490
S21401F0300F4B44EA19244FEA09291B681FFA89F97C
S21401F04044EA090443F8044B53442A464146184609
S21401F05019F033FA012F04D1FF2DD9D800F8015C3D
S21401F060D7E7022F08BF20F8025CD2E71827002056
S21401F0702427002008B5074B1A68074B52F8040BE3
S21401F0801968064B49681B689847054B1B689888A2
S21401F09008BD00BF2427002018270020DC0C002014
S21401F0A020270020024B00221A6018F065B900BF25
S21401F0B018270020054B186808B1C3681BB1003833
S21401F0C018BF012070470069F6E700BF1C27002023
S21401F0D010B5034C23681860FDF700FD206810BDCD
S21401F0E020270020F8B504460D46014600201746A5
S21401F0F015F01BFCF2F708FB194E78BB194B1B6881
S21401F1001C603368187058709870D870204615F0D7
S21401F110E6FB18B165B94368220E2BB90F250DE041
S21401F1205979914204D008331D68002DF8D1F5E7CE
S21401F1303846A84733681B684BB9012524F47F403D
S21401F14020F0C70040F40070FFF7C2FF85803268E8
S21401F150012052F8041B15F0E8FBF8BD1425EDE775
S21401F1602027002024270020F8B50502C0F3072336
S21401F17005F4E0651D430F4B1B680E460433691EFC
S21401F18004465E5400F03807581811462AB101307B
S21401F190904202D0324619F05CF9240C240435441E
S21401F1A03C4344EA15242D02A8B22043BDE8F840AA
S21401F1B0FFF78EBF20270020094B802283F801230A
S21401F1C083F8042383F8052383F8062383F80723AB
S21401F1D083F8082383F81D23A02283F8222C704786
S21401F1E000E100E04FF000531860BFF34F8F054970
S21401F1F0054BCA6802F4E0621343CB60BFF34F8F3E
S21401F20000BFFDE700ED00E00400FA05034AD2F86E
S21401F210B03043F05403C2F8B030704700400E409F
S21401F220054BD3F8E80010F480501CBFD3F8EC006F
S21401F23000F00100704700BF0081E00F1C4A136810
S21401F24070B504460D466BB393F87D10586811F0FF
S21401F250040129D110608C22184693F8706019F0C9
S21401F26012F980F870602268C0F85A20A288A0F8C7
S21401F2705E20A27980F8602003462868D864AA79BF
S21401F280A98883F85220FF2283F8752083F8762018
S21401F29040F6FF72A3F86E20064AA3F850101168D4
S21401F2A059601360184670BD1A1D0346CBE700BFB0
S21401F2B02C27002028270020054A0346106800B99D
S21401F2C07047B0F86E209A42FAD04068F7E700BF60
S21401F2D028270020054A0346106800B9704790F8B1
S21401F2E070209A42FAD04068F7E700BF282700202E
S21401F2F010B9024B186870474068704728270020ED
S21401F300114A00232DE9F0418C2113608046024604
S21401F31001200EF0C7FB044620B90C4E05463060AE
S21401F320A84502D82046BDE8F08101200EF038FC41
S21401F33007468C220021013519F0A5F887F8705090
S21401F34037603E1DECE700BF282700202C27002051
S21401F35010B501238B4090F8711021EA030149B2E0
S21401F360044680F87110002949D115F08EFA20461E
S21401F37017F040FB102104F1180019F06AFF20462F
S21401F380FEF70CFF04F1380019F050FC204617F088
S21401F39096FA214A13681BB19C42596830D1116014
S21401F3A0A36859050BD51A0509D443F40063A1894E
S21401F3B094F87000A36004F17802FFF7F5FA0023D1
S21401F3C06360204619F053FB15F0E2FB94F87030A9
S21401F3D04FF48072B2FBF0F242430344B3FBF2F106
S21401F3E002FB1133DBB2591EC9B2FD29F5D884F8E8
S21401F3F0703000236360094B1A6852B91C6010BD57
S21401F4001A465B68002BCBD09C42F9D163685360E7
S21401F410C6E7131D5268F0E7282700202C27002096
S21401F42010B5084C206830B9074BBDE8104018608D
S21401F43001200EF085BB436890F871102360FFF73A
S21401F44087FFEFE7282700202C27002090F874304C
S21401F45003F00B03013BDBB20A2B9ABF014AD05CD7
S21401F46000207047A6A403001FB5014690F870302F
S21401F4708DF80430FFF7EAFFB1F86230ADF80630D8
S21401F480B1F86430ADF80A30B1F866308DF80C008A
S21401F490ADF8083001AAB1F86C300548ADF80E3069
S21401F4A040F2031119F0F7FA05B05DF804FB00BF4E
S21401F4B0D826002007B590F870308DF8051001AAFF
S21401F4C040F2072103488DF8043019F0E4FA03B03E
S21401F4D05DF804FBD826002038B50A4B1B680446A5
S21401F4E00D462BB143699B0702D515F0B4FE30B12A
S21401F4F020682A460421BDE8384017F08EB9A36972
S21401F5009D6138BD30270020014B1860704700BF51
S21401F51030270020024B1868003818BF01207047BA
S21401F5203027002013B50446019120B901A819F02F
S21401F5307DFB212012E008460029FAD019F0FBFBDA
S21401F54080B20028F2D0094B01991B6820464BB1C6
S21401F550984728B901992046FDF7FCFF02B010BD77
S21401F5600020FBE716F098FBF3E700BF30270020EA
S21401F57038B5436A5904044615D4134A92F82B2029
S21401F580012A03F400430FD1826A92040CD4002BA3
S21401F59001460CBF5320142014F0A5FB18B9636A6A
S21401F5A043F00803636238BD002BFCD1074D2046AB
S21401F5B02946FDF78DFF0028F5D12868AA88AB7982
S21401F5C02060A280A371EAE7602600206F26002053
S21401F5D02DE9F041164D85F82A0038B300EBC0003E
S21401F5E0C1000023012204200EF05CFA044650B943
S21401F5F004200EF0D5FA48272860A04695F82A3050
S21401F600A34203DC00242046BDE8F0812E6807FBF8
S21401F610046614220021C6F8188006F1340018F09A
S21401F62032FF304615F031FC0134E7E72860E9E7A0
S21401F63060260020074B93F82A20824281BF1B6870
S21401F64000EBC00003EBC003586A8CBF00F001005A
S21401F650002070476026002008B50146FFF7EAFF44
S21401F66040B1054B1B6801EBC10103EBC103586AAE
S21401F670C0F3C02008BD00BF602600202DE9F04F72
S21401F680384A93B05168074610680FAB03C39068B9
S21401F690354A1860146807EBC70304EBC30412AAC3
S21401F6A0E37B94F82E8094F82F6002EB430333F843
S21401F6B00C1C636ADA0447D4012641F01001B046F7
S21401F6C094F80D9094F83150C3F3404A5B0348BF59
S21401F6D04AF0020A8BB289F00809B8F1010F0B93C0
S21401F6E004F1070BD4E90723C9F3C00994F93240A2
S21401F6F009D0B8F1020F06D0B8F1040F14BF4FF0CD
S21401F70000084FF00308012E05D0022E03D0042E68
S21401F71014BF002603263846CDE90C23FFF79CFFCD
S21401F7200121CDE90760CDE90051CDE90548CDE9D4
S21401F73003BADDE90C230B99CDF80890384601F0A1
S21401F74021FB13B0BDE8F08FA26A950648BF41F0D1
S21401F7502001500648BF41F04001DA0348BF41F09E
S21401F7600401ADE7B2A403006026002070B50C4B7F
S21401F77093F82A601C6800218E4202DCFF25284689
S21401F78070BDCDB22846FFF755FF28B1E37B012BAC
S21401F79002D1636ADB06F2D401314834ECE700BFDC
S21401F7A060260020014B93F82A007047602600204F
S21401F7B070B504461546FFF73DFFB8B10E4A13680B
S21401F7C004EBC40403EBC403E6005B6A13F0100405
S21401F7D00FD0C3F300330B7013683344DB7B5A1E20
S21401F7E0042A04D8033B18BF01232B7070BD0023E5
S21401F7F0FBE72046FAE700BF602600203F4A70B5C7
S21401F800146800EBC00304EBC3040646636A5B0797
S21401F81004D500231A46194601F096FB636A9D0734
S21401F82006D53046FFF72AFF636A23F002036362B8
S21401F830636A18070CD5A2792146C2F3C002304686
S21401F84001F020FB0546E8B9636A23F0080363620A
S21401F850304615F0CFFC0546A0B9626AD10611D52F
S21401F860D30404D5304614F03CFA40B11BE012062E
S21401F870E37B09D4E37B626A023B012B15D9616AFB
S21401F88048071FD4284670BD03F0FB03012BF6D0B2
S21401F8902169304601F01CFB636A256123F0800371
S21401F8A063620028E6D00546ECE7D305E7D5616933
S21401F8B0304601F02BFB00236361636A23F48073F7
S21401F8C06362D2E7E37BA28D012B03D1A2B1802A2A
S21401F8D028BF802211F0400F94F830304FF001011C
S21401F8E018BF0123304601F02FFB0028DBD1636AE5
S21401F8F023F004036362C5E74022EBE7602600209D
S21401F9002DE9F041114D0024482795F82A30A342ED
S21401F91001DCBDE8F081E6B23046FFF78BFE98B118
S21401F920286807FB04F84044436ADA060CD55B04F2
S21401F9300AD4FFF71DFE2B68434430465A6A42F04C
S21401F94006025A62FFF75AFF0134DEE760260020FE
S21401F9502DE9F04FDFF84892D9F8004000EBC003DC
S21401F96004EBC30404F1100A89B0804650460E46E3
S21401F970174619F05BF904F114031846029319F0BF
S21401F98055F9002019F017FB0546002800F0038101
S21401F990012F40F2726718BF1F27012EA6735CD095
S21401F9A0022E0CBF062604260221284615F091FADF
S21401F9B00121284615F08DFA3146284615F089FAB8
S21401F9C0284619F0B8F986B2B91B012300930A221A
S21401F9D042F6072389B2284615F0CBFA0644B6B29A
S21401F9E0B91B04230093122242F6042389B2284647
S21401F9F015F0BFFA0644B6B2BB1B012B069503935E
S21401FA002DDC002399F82B20002A00F0A480504614
S21401FA1019F00CF9636A256143F080026262DB0427
S21401FA2000F1AB8099F82B00002840F0A68019F071
S21401FA30C2FA0790002800F0A080394615F054FA63
S21401FA40002800F0A4800298079D19F0EFF8636A79
S21401FA50656143F4807363628FE00526A4E70020A6
S21401FA6019F0A9FA07900028CBD0BB1E9B1B0221D8
S21401FA701FFA83FB00F0E2FF8345064611D22BF006
S21401FA8001018AB2411A07A8049219F0F6F9049AFC
S21401FA90164602223EB90798F0B907A819F0C6F82B
S21401FAA0AFE70322F6E7711C06980492C9B215F077
S21401FAB010FA049A0698114615F00BFA079906A84B
S21401FAC019F055FA002019F076FA0790002836D07A
S21401FAD0ABEB06031FFA83FB5B46022B38BF022300
S21401FAE09A1E92B20F2A31D91021049200F0A6FF75
S21401FAF0049A824203461FD222F00F018AB293462D
S21401FB00411A07A819F0B9F95B460622591C06984E
S21401FB100493C9B2059215F0DCF9059A06981146C8
S21401FB2015F0D7F9079906A819F021FA049BB21C1B
S21401FB3013449BB23EB965E740B10722E6E707A842
S21401FB4019F074F8334602339BB25BE707A819F045
S21401FB506DF83346EEE7039AD11A89B2284615F0B6
S21401FB60C3F90646504619F061F8636A256143F009
S21401FB7080026262002E3FF452AF606A10F01000FD
S21401FB800AD0404609B0BDE8F04FFFF737BE07A8D8
S21401FB9019F04CF8F1E71A2009B0BDE8F08F00BF64
S21401FBA06026002070B5054614461E46FFF742FD46
S21401FBB030B3144B186805EBC50500EBC500426A67
S21401FBC093050BD4A1F120054FF6DF739D4217D89C
S21401FBD0A4F120059D4213D8A14211D8C3698B42D6
S21401FBE002D1036AA34204D0C0E9071442F002021C
S21401FBF042629DF8103080F830308685002070BD56
S21401FC002120FCE760260020044A116800EBC003AF
S21401FC1001EBC301CA7B15F005BA00BF60260020C0
S21401FC20F8B505460C46FFF705FD28B3052923D888
S21401FC30124E336805EBC50203EBC203D700186901
S21401FC4019F079F81F2817D833683B44586919F01A
S21401FC5072F81F2810D8012C0ED0231F012B0BD9A8
S21401FC603168394422464B6A23F482534B62284654
S21401FC70BDE8F84015F0D6B92120F8BD6026002071
S21401FC8070B50546114890F82A4003680022944250
S21401FC9001DC1A2016E0596ACE0714D493F83960AD
S21401FCA0760710D40A4CD0F80F00A688186041F0E9
S21401FCB00901A0799871D4B29E8059622046FFF757
S21401FCC0DDFC2C7070BD01324833E0E76026002071
S21401FCD06F26002070B5FFF749FDFF28044615D0B2
S21401FCE00B4D03B2286803EBC30300EBC300DE0031
S21401FCF0436A23F01003436215F0BDF829683144C6
S21401FD0020463431BDE87040FEF71ABB70BD00BF17
S21401FD10602600208378122B2DE9F0410F464BD147
S21401FD200B689A790C321344DD781E790DB145F4CF
S21401FD3080553046FFF77EFC48B3DFF88080D8F860
S21401FD40002006EBC604E10002EBC404636A23F05C
S21401FD501003636205BBA369A56140F2032083F823
S21401FD607660A3F872005058A188A279C3F85A00A9
S21401FD70A3F85E1083F8602008F12E01184600F003
S21401FD8009F92222294608F12E0018F07CFB384694
S21401FD90BDE8F04118F04ABF204615F06CF8636ADA
S21401FDA05A0603D523F040036362F0E704F13401F9
S21401FDB03046FEF7C5FAEAE7BDE8F0816026002086
S21401FDC073B5144D144C6A68236802F0800103F081
S21401FDD002030B431BD0530654BFA67A0126FDF738
S21401FDE00FFB0196837983F00803C3F3C0030093E6
S21401FDF0E388A288217A607A00F080FF40B9236800
S21401FE0023F0020323606B6823F080036B600020FD
S21401FE1002B070BD6026002034270020064B012169
S21401FE20A3F108020020C3E9000043F8081C4FF0C4
S21401FE3010135360517270473C270020014B187B0A
S21401FE40704700BF34270020024BD87A003818BF0D
S21401FE50012070473427002070B5224E716811F0DA
S21401FE6002013AD1204D2B68580706D5084600F006
S21401FE706BFF2B6823F004032B602B68726803F07A
S21401FE80080302F00402134310D0FDF7B9FA837990
S21401FE901A071FD5FEF7E0F80446C8B92B6823F009
S21401FEA008032B60736823F004037360FFF788FF71
S21401FEB0044668B9EB7A5BB12B685B0708D401216D
S21401FEC0084600F041FF50B92B6843F004032B604D
S21401FED0204670BDFEF7A4F8DEE71124F8E70446D5
S21401FEE0F6E700BF6026002034270020032805D14E
S21401FEF00A4A136843F00803136008E0012808D192
S21401FF00064BDA7A42B11A6842F008021A60FFF725
S21401FF10A3BF10F0FD0FEBD0002070473427002060
S21401FF20094B10B500205862FFF7E2F904461CB9E8
S21401FF30BDE81040FFF774BA204641F2160115F0ED
S21401FF40ABF86468F3E700BF60260020A0F11B034E
S21401FF50E02B10B5044618D8042142F2240014F010
S21401FF6014FB6FF06F03437142238371A0F80340C3
S21401FF700748F8F755F914F04CFB407920B114F016
S21401FF8048FB407940F4805010BD2120FCE700BFBB
S21401FF902126030037B50D46044615F0A4F86988F6
S21401FFA0204614F0EAFD6A7E2B7E43EA0223A4F87B
S21401FFB062306A7F2B7F43EA0223A4F86430EA7E2C
S21401FFC0AB7E43EA0223A4F866301B23A4F86C3008
S21401FFD02D4BDA8B1B8CA4F86A30022384F872301E
S21401FFE0A4F86820204614F04FFC204616F0DDFCED
S21401FFF094F87330022B15D101F0F8F870B194F92A
S214020000753001330AD1A368052143F48053204694
S214020010A36003B0BDE8304015F0C5B80021204605
S21402002014F0AEFD0021204600F00CFA288C4FF6A4
S214020030FF73984225D000F0A5F9009400F090F9DD
S2140200406A46ADF8040040F20621104818F023FD77
S214020050002240F20221204618F0D9FC2046FFF783
S21402006003FA204616F0ADFC204600F01BFEA368FD
S21402007023F48043A3600121204615F09CF803B0C8
S21402008030BD0020D9E700BF60260020D826002019
S21402009007B54FF4887190F8703004488DF8043034
S2140200A001AA18F0F8FC03B05DF804FBD82600207D
S2140200B02DE9FF410378302B04460E4639D006D888
S2140200C0052B25D0082B41D004B0BDE8F0813E2B8D
S2140200D0FAD183780C2B4BD8022BF5D9033B092B8C
S2140200E0F2D801A252F823F081010200E7020200D0
S2140200F0C9000200C90002007F020200C900020015
S214020100C9000200C9000200C9000200D3020200B0
S214020110B0F80300FFF7D0F828B1617909B141F4CD
S214020120805114F0B9FF304604B0BDE8F04118F033
S2140201307DBDB0F80300FFF7BFF80028F3D0A17822
S21402014009B141F4805115F000F8ECE7B0F803006D
S214020150FFF7B2F80028E6D0627990F8743022B140
S21402016043F0010380F87430E9E703F0FE03F9E791
S214020170212B00F0CD80292B1FD0202BD3D0A3E734
S2140201808088FFF799F80028CDD0E278002ACAD1F5
S214020190E179A27942EA0122A0F86220E17AA27A03
S2140201A042EA0122A0F86420227A617A42EA012217
S2140201B0A0F86620FFF758F9B5E7C7783C2F00F19C
S2140201C0020502D1FFF786FDADE790F80680B8F18A
S2140201D0000F23D15E4A546AC2F82480CFB147F496
S2140201E080572946204614F07EFFE76084F8728026
S2140201F001AA40F201212046CDE9014718F04BFC46
S214020200A36843F48063A36041462046FFF7A0F844
S21402021089E729462046FFF7BDFE84E7408C4FF665
S214020220FF73984220D000F0ADF8E8B101A8E27959
S21402023004F10801FDF72AF901A814F0A7FF28B176
S21402024040F20322A0F872202946E4E7032140F296
S214020250064014F09AF9A388A0F803300D234371E0
S2140202603C48F7F7DDFF5EE73B4B223455F8042B9C
S21402027043F8042BA542F9D12A881A8053E7B0F82E
S2140202800300FFF719F800283FF44DAFB4F8053025
S21402029090F87020A0F86C308DF80420ADF8063087
S2140202A0227AE37943EA0223ADF80830A27A637A27
S2140202B043EA0223ADF80A30227BE37A43EA0223BA
S2140202C0ADF80C3001AA40F20911244818F0E3FBFD
S2140202D029E78088FEF7F0FF00283FF424AFA179D3
S2140202E0FFF7E8F81FE78088FEF7E6FF00283FF4EE
S2140202F01AAF90F870308DF80430D4F80630CDF886
S2140203000530D4F80A30CDF8093001AA0E21DCE710
S2140203108088FEF7D1FF00283FF405AF90F87030D2
S2140203208DF80430E3788DF80530A3798DF8063021
S214020330E3798DF80730237A8DF80830637A8DF8E2
S2140203400930A37A8DF80A3001AA4FF40371BCE78C
S21402035060260020052503008E260020D8260020D1
S21402036050B1074B1B68C31A807A0C22B3FBF2F318
S21402037040EA032080B270474FF6FF70704700BF16
S214020380E00C002009490B7A09680246FF2B01D1CE
S2140203900020704703EB430301EB830031F8233060
S2140203A0C3F30B039342F4D0C37AEFE7E00C0020CA
S2140203B008B5054B054A1978054818F081FF054B24
S2140203C0F7221A8008BD00BFCD310020BEA403006C
S2140203D05B310020F40F002010B5044670B30068AD
S2140203E0836CA34222D1636883641549224618F0BF
S2140203F01AFB04F10C0018F03AFB04F1440018F062
S21402040015FCFFF787F858B1A06948B1143018F008
S2140204100DFCA069183018F009FCA0690DF0D2FD99
S2140204202046BDE810400DF0CDBD1346002BDCD0B3
S2140204305A68A242F9D162685A60D6E710BD00BF78
S214020440E7520300F8B5054648200E4618F03DFF71
S214020450294F0446387818B14822214618F033FF4F
S2140204608CB1FFF757F898B11C2018F02EFF014602
S214020470A061387810B11C2218F025FFA3692BB9A9
S21402048020460DF09FFD00242046F8BD00221A707B
S2140204900321284614F074FBAB6C6360AC6417232C
S2140204A026810026638115492560224626776664E2
S2140204B028460DF06BFA04F015F93246014604F1AF
S2140204C00C000DF063FA02232374FFF723F80028CA
S2140204D0DAD00B4B19881729D6D9204614F0DFFB41
S2140204E00028D1D11221204614F0C2FE636943F0DF
S2140204F002036361C8E700BF5B310020E7520300D6
S214020500F40F0020F8B5054610B3002920DB114C85
S2140205102468247E8C421BDD3F2919DC01F0030689
S21402052000EBA101760091F831400327B74002F0B4
S214020530030224EA0704B240224381F8312013B1B1
S214020540002114F04FFF2846BDE8F84014F0A7BF7C
S214020550F8BD00BF4C27002070B5164600221A7060
S21402056032800A7A0D46072A4DD8DFE802F00409DF
S2140205700D111A1E304AE86830F8023B338043E019
S214020580EB68981D5B88F9E7EB68981D9B88F5E792
S214020590697B1E4B14F073FF0222188032801846C5
S2140205A032E002231A4833802EE01A4C2B7B23704B
S2140205B02B88E889013363702B8801331B12E11CF8
S2140205C0A37000F0A1F90330308020461CE0124CE4
S2140205D0A889EB89A370020A1B0A20706270E37076
S2140205E000F006FA58B1C3681A88022A07D19A7828
S2140205F02271DB78637106230748338004E0042304
S214020600FAE780221A70002070BD00BF7531002004
S214020610CEA40300623100205C310020054A064B5E
S2140206201860136843F001031360044B828B1A8030
S214020630704700BF442700204C2700203E2F002092
S2140206402DE9F04F504E37688FB0002317F0080799
S214020650CDE90433CDE9063305460DD04B4B0146B2
S21402066003F1100253F8040B41F8040B9342F9D13C
S21402067000200FB0BDE8F08F10200DF091FA04466E
S21402068000287ED00EF03DFB0220EDF7A1FB0146CE
S2140206902046EDF7C5FB00286DD1802204A920462E
S2140206A0EFF718FF002866D1B946394B1B68D98880
S2140206B0BAB2914219D829462046EFF761FF204682
S2140206C0EDF792FB214610200DF08CFA2F4B2946AF
S2140206D005F1100251F8040B43F8040B9142F9D1CC
S2140206E0336843F008033360C2E71A68ADF80E9029
S2140206F01FFA87FB4FEA0B1802EB0B1B58460192B8
S21402070015F0B5FA8246584600F046F920B3AAF527
S21402071020539BB2032B019A02D9BAF5245F1DD14E
S21402072032F80830ADF820300DF10E0259460DF1C0
S2140207300D030020ADF822A0FFF70EFFBDF80E2035
S214020740014609A817F0B9FEBDF80E2008A9043222
S2140207502046EFF703FF70B90137A6E70AF55643BE
S214020760FF339BB2042BF7D832F80830ADF82030AE
S214020770ADF822A0E8E7014640F2074000F0DAFDB5
S2140207809DE71A2075E700BF442700207731002036
S2140207904C270020144B1B6813F0040370B5014667
S2140207A006D0124B1C68E389002290B2834209D815
S2140207B00F4A1468E589002290B285420AD84FF69D
S2140207C0FF7006E0A56835F812508D4202F101026C
S2140207D0EBD170BDA66836F812608E4202F10102B5
S2140207E0EAD1034498B2F4E74427002048270020C1
S2140207F04C270020094B1B685B070AD5084B1A6872
S214020800D389834203D9936833F810007047C01A1D
S21402081080B2044B1B689B68F6E700BF44270020A3
S214020820482700204C27002038B5046809490546A9
S2140208300C22204617F0FDFD50B90749022204F1AA
S2140208400E0017F0F6FD18B90C342C60022038BDE5
S2140208501020FCE7D1A40300DFA403002DE9F74330
S214020860102801910BD0022804D04FF6FF7003B077
S214020870BDE8F083019B1888FFF78CFFF7E701A815
S214020880FFF7D2FF0228F5D01028EED11B4B019FAE
S2140208901E6816F0040608D0194BD3F80080B8F884
S2140208A016600024A5B2AE421AD8164BD3F80080C2
S2140208B0B8F816900025ACB24C45D6D2D8F810003F
S2140208C0102200EB0510394617F0B3FD013500285B
S2140208D0F1D1A0196FEA40406FEA504080B2C6E7F5
S2140208E0D8F81000102200EB0410394617F0A1FDCC
S2140208F001340028D6D145F40040B8E7442700204A
S214020900482700204C270020020408B51DD5124BAC
S2140209101B685B07C0F30E0013D5104B1A68D38A08
S21402092098420CD2136903EB001000F1100350F842
S214020930042B41F8042B9842F9D1102008BDC01AA6
S21402094080B2074B1B681B69EDE7FFF753FF087081
S214020950000A48700220F1E74427002048270020BA
S2140209604C2700200B4B1B6870B51D68044642F6E8
S2140209700306A5420AD2204629B915F078F9B042F4
S21402098006D1103402E015F07CF908B1204670BD9D
S214020990103CEEE74C270020437ADA0702D5C3F371
S2140209A080007047034BC2881B881A4214BF01207E
S2140209B0002070473E2F00200A4B1B68DB0708D535
S2140209C070B1094B1B68DB88834234BF00200120CC
S2140209D0704728B1054B1B88834294BF0020012034
S2140209E0704700BF442700204C270020402F0020DD
S2140209F070B50246FFF7E0FFE8B10F4B1968CD88E5
S214020A00954209D302F1805001380B68040103EBCA
S214020A1000101B5B93420ED0002398B2854201D889
S214020A20002008E00E681C0106EB0310345B9442BB
S214020A3003F10103F1D170BD4C2700202DE9F341EB
S214020A400025184F01900E46A8463A68D188ABB2E8
S214020A5099421DD91468ABB204EB0314B4F90430FE
S214020A60002B1CDA2046FFF797FFC0B1E1680B881F
S214020A709E4214D132460198023118F09AFBE3687E
S214020A801B8882B2934207D0114601A818F0F5F9E6
S214020A90404602B0BDE8F08143441FFA83F80135B0
S214020AA0D3E700BF4C27002038B5124B42891B887B
S214020AB08B4228BF0B46172B0446B8BF1723438129
S214020AC0114614F0AAFB636923F002036361A3696B
S214020AD09D693DB100229A6129462046BDE838400C
S214020AE0FEF7FABC40F20941204614F0BEFBA369A9
S214020AF01D7038BDF40F00200148FEF705BD00BF8B
S214020B00ED46020008B5002142F20E0013F03DFD4C
S214020B10BDE808400148F7F783BB00BFF125030094
S214020B2038B590F87230032B0446154606D1FFF707
S214020B30E9FF012384F87230002019E0C9B9012BBD
S214020B402DD9032140F2064013F01FFDB4F86E3093
S214020B50A0F8033045711348F7F762FB13F059FD0E
S214020B608378002BE5D013F054FD807840F4805053
S214020B7038BDA3B102214FF6044013F006FDB4F8C7
S214020B806E30A0F803300848F7F74AFB13F041FD31
S214020B904379002BCDD013F03CFD4079E6E70220E6
S214020BA0E6E700BF052503003B250300F8B5074628
S214020BB00E4642F213000E2115461C4613F0E5FCC3
S214020BC0B7F86E30A0F80330BDF81830A0F80B3036
S214020BD0BDF81C30A0F80D30BDF82030A0F80F305C
S214020BE0A0F80560A0F80750A0F809400648F7F7F5
S214020BF017FB13F00EFD807820B113F00AFD807803
S214020C0040F48050F8BD00BF7D250300F8B50D46C0
S214020C1007461C2142F219001C46164613F0B5FC84
S214020C20B7F86E30A0F803302B68C0F805306B6852
S214020C30C0F80930A0F80D6023460F3004F1100208
S214020C4053F8041B40F8041B9342F9D10648F7F701
S214020C50E7FA13F0DEFC807820B113F0DAFC807835
S214020C6040F48050F8BD00BF2D24030070B5064640
S214020C700D4642F27A000421144613F086FCA0F8D0
S214020C800360457184710648F7F7CAFA13F0C1FC8F
S214020C90407920B113F0BDFC407940F4805070BD1D
S214020CA07F29030010B50221044642F2300013F0F9
S214020CB06CFCB4F86E30A0F803300F48F7F7B0FAC1
S214020CC013F0A7FC437963B913F0A3FCC088FEF7C0
S214020CD0F3FA044628B113F09CFC017A2046FEF78C
S214020CE0E9FB13F096FC407920B113F092FC4079B0
S214020CF040F4805010BD00BFD1850100F8B507460C
S214020D000E4642F24100082115461C4613F03DFCF1
S214020D109DF81830C3709DF81C30037147718671B8
S214020D20A0F80750A0F809400648F7F779FA13F03A
S214020D3070FC407920B113F06CFC407940F480508E
S214020D40F8BD00BF8182010038B505460C4642F266
S214020D504200062113F019FC002343718371C3710C
S214020D600372C57004710648F7F75AFA13F051FC7D
S214020D70407920B113F04DFC407940F4805038BDE4
S214020D80D98201002DE9F04106460F4642F23600AE
S214020D90192115461C46DDF8248013F0F6FB2B0AB3
S214020DA0C371230A83729DF8183003739DF81C30B2
S214020DB08571447243732D0C9DF82030C670240C46
S214020DC087800572C4728373D8F80030C0F80F307B
S214020DD0B8F80430A0F813309DF8283043759DF912
S214020DE02C3083759DF83030C375002303769DF84A
S214020DF0343043769DF83830C37686760648F7F761
S214020E000FFA13F006FC407920B113F002FC407989
S214020E1040F48050BDE8F0817983010038B505467C
S214020E200C464FF61940052113F0AFFBC57044601F
S214020E300648F7F7F5F913F0ECFB407920B113F00A
S214020E40E8FB407940F4805038BD00BFD92103004A
S214020E5038B505460C464FF61A40052113F095FBA9
S214020E60C57044600648F7F7DBF913F0D2FB407909
S214020E7020B113F0CEFB407940F4805038BD00BF5D
S214020E800922030070B50D4606460121DAB1FFF7C6
S214020E90C5FF0446A8B9072142F2350013F075FBD8
S214020EA0C6702B684360AB8803810848F7F7B8F929
S214020EB013F0AFFB437923B113F0ABFB447944F450
S214020EC08054204670BDFFF7C3FFE2E79923030074
S214020ED010B50A460446042142F2370013F06AFBB4
S214020EE003230371002343718371C4700648F7F726
S214020EF097F913F08EFB407920B113F08AFB407904
S214020F0040F4805010BD00BF8D22030010B50A4683
S214020F100446042142F2380013F04CFB032303710B
S214020F20002343718371C4700648F7F779F913F00A
S214020F3070FB407920B113F06CFB407940F480508E
S214020F4010BD00BFD9220300F8B506460F4642F28E
S214020F503900062114461D4613F017FB012384713F
S214020F60240A0371C7704671C47105720648F7F702
S214020F7057F913F04EFB407920B113F04AFB407943
S214020F8040F48050F8BD00BF252303000148FCF75B
S214020F9095BF00BF990F02002DE9F04F867987B002
S214020FA00C3605900546805BC0F30B00FEF784F90D
S214020FB0044618B905A817F039FE4EE090F87230CC
S214020FC0022BF7D1AB5B059AC3F30B0103F4405334
S214020FD0B3F5805F9060A95342D153796FF3000353
S214020FE05371836B002BE5D0042105A804F1380663
S214020FF017F01CFF0599304617F0FFFEA06B002382
S21402100001465A1CA9BBDBB2012B01D917F066FFB9
S214021010A06B17F090FE03281FD9D4F8389099F8E1
S2140210200670484617F087FE0C3709EB070539F8B5
S2140210300770A0F10408474522D9524FD4F838A0C9
S21402104007F1100957F804BB534642462946204684
S214021050D8474F4510D00028F4D007B0BDE8F08F2F
S214021060383017F0E3FD059A537943F001035371C4
S214021070BAE709681346C4E70028EED130469AE775
S214021080A06B17F058FE04378742F7D36988A1F1A0
S21402109040033F2B0BD80421304617F0C7FEA26B45
S2140210A06988204615F003FC0023A363D5E70529CB
S2140210B00BD0062961D00429E0D1304617F0B6FEDF
S2140210C0A16BA06CFEF72EFAEEE72946204615F035
S2140210D0ECFB02460028D1D12B79122B06D0132B1B
S2140210E036D06979204615F0B8FBC7E794F8733016
S2140210F0022BF6D029898B1F9BB240F67A40834298
S21402110024D86A89931F9BB283421FD891421DD866
S214021110AB89B3F5FA7F19D2EF89A7F10A0080B23C
S21402112040F6764C604511D8B4F86A000290B4F8DE
S2140211306800CDE900702046FFF738FD021E18BF92
S21402114001226979204615F044FB97E70122F8E769
S21402115094F87330012B03D16979204615F07DFB94
S214021160A3681A048AD523F40043A3602B89012BB3
S21402117084D12046FEF78CFF80E7A16B204615F04F
S21402118012FC91E7E4A403000C4B1A7801469AB9C4
S2140211905B689B0710D490F97520013218BF0122B4
S2140211A091F8523013F0400005D091F8600010F02C
S2140211B0400018BFD0B270470122F1E75027002046
S2140211C0024B586800F00200704700BF502700200C
S2140211D0024B586800F00800704700BF50270020F6
S2140211E0014B1B68184700BFEC0C002008B512F034
S2140211F015FD02281BBF034B5868002000F01000A4
S21402120008BD00BF5027002007B50246084604283E
S21402121002F0010113D9B1B903200C4B5A6002F057
S2140212208003019302F04003009302F0200302F0D1
S214021230040200F0E1F9002003B05DF804FB002987
S214021240EBD00328E9D12120F6E700BF5027002083
S21402125038B50D490D480CF0E3FE0446054688B93C
S2140212600B4B0C4A1A600C4A5A600C4A9A600C4A9B
S214021270DA6000F0FFF9032104462846FFF7C4FFB0
S214021280084B1D70204638BDEFBEADDEBEBAFECAA4
S214021290EC0C0020ED1502000B6E0300391602005E
S2140212A09D2002005027002038B5044603200CF08B
S2140212B06BFE0546D0B194F87030037094F8753022
S2140212C043702046FEF7C2F82A46A87040F2026132
S2140212D0074817F09CFB074B2046DB68012198471E
S2140212E094F97500BDE83840FBF702BE38BD00BF72
S2140212F0D8260020EC0C002070B5054608200E46C5
S2140213000CF042FE044680B195F870300370074B2D
S214021310466000212846DB68984722460448BDE816
S214021320704040F2016117F072BB70BDEC0C0020F9
S214021330D826002038B5054608200C460CF024FEB8
S214021340024638B1C0E900540D21BDE838400248D3
S21402135017F05DBB38BD00BFD826002038B505465D
S21402136008200C460CF010FE024650B195F870307C
S2140213700370446040F20561BDE83840014817F04A
S21402138046BB38BDD826002013B504460191114647
S21402139012B301A904200CF099FE019B104AB3FB7C
S2140213A0F2F102FB1133019345F2180201AB002160
S2140213B0204615F08DFC08200CF0E6FD024648B1EA
S2140213C094F870300370019B436040F20461054854
S2140213D017F01DFB02B010BD01AB45F21802E8E79C
S2140213E040420F00D826002010B5044601200CF01B
S2140213F0CBFD024648B194F870300370BDE8104049
S214021400024840F2036117F002BB10BDD826002046
S21402141038B5054608200C460CF0B6FD024650B11B
S21402142095F870300370446040F20761BDE83840BA
S214021430014817F0ECBA38BDD8260020014B5B688D
S214021440184700BFEC0C002010B50F4C2068D0B136
S2140214500023037780F83D3080F85E3020219F30ED
S21402146017F0F7FE206860215F3017F0F2FE206862
S21402147021211D3017F0EDFE20682121BDE8104025
S2140214803E3017F0E6BE10BD58270020F0B50D46D8
S2140214908FB00646144632492022284616F0C9FF67
S2140214A070B930492022204616F0C3FF40B92E4BB1
S2140214B01B681B7D002B51D040F203400FB0F0BDDD
S2140214C0366C202206F15401284616F0B2FF38B9CF
S2140214D0202206F17401204616F0ABFF0028EBD05E
S2140214E068460DF0F3FE06AA2B4605F120071546C0
S2140214F018685968164603C60833BB423246F7D107
S2140215002021284617F097FE2022294668460CF02E
S21402151012FF224602F120062C4610685168234626
S21402152003C30832B2421C46F7D12021284617F0E0
S21402153082FE2022294602A80CF0FDFE012104A804
S2140215400CF0C9FE084B18686946C030ECF71CFD63
S214021550044668460DF0E9FE002CADD10020ADE74A
S214021560CAA50300AAA503005827002010B5044602
S214021570006C30B94FF4BE7017F0A7FE206420B995
S21402158010BD4FF4BE7117F064FE226CFF2382F882
S2140215907A31A3681B0603D5054B13600120EFE7DB
S2140215A094F87300034B0449012808BF0B46F4E77E
S2140215B0977203009125020029210200036C53B999
S2140215C083681B0609D490F87320054B0548012A48
S2140215D008BF18467047186870470348704700BF30
S2140215E0292102009125020097720300014B1B6815
S2140215F0187A70475827002010B50E4C0039246818
S21402160018BF0121003B18BF0123A3749DF80830C0
S2140216102070003A18BF0122003B18BF0123E37472
S2140216209DF80C302174003B18BF012362742375A9
S21402163010BD00BF5827002001280AD002280ED06D
S21402164098B90B4B1A68936943F001039361002023
S2140216507047074B1A68936943F00203F6E7044B98
S2140216601A68936943F00403F0E72120704700BF2D
S2140216705827002070B51F4D286838B94FF490706F
S21402168017F023FE286058B91A2431E0C0300DF056
S21402169050FEFFF7D9FE28684FF4907117F0D9FD77
S2140216A02B6815484FF0FF310022D960032610211F
S2140216B019721E7011491A7783F83D2083F85E204E
S2140216C01A829A749A610CF061F9044680B9286805
S2140216D0C0300DF009FE28683146C030ECF71CFF1A
S2140216E030B122460549044817F09DF940F20744F6
S2140216F0204670BD582700205C2700206F6C030030
S214021700F0B583685A0689B0044657D523F04003DD
S2140217108360FFF753FF584DA84202D0574B9842BA
S2140217206ED194F97560771C04F134071CD112F05F
S21402173075FA02284ED0636B1A888DF810201A4666
S214021740042032F8021B090A8DF81110D3F8023071
S214021750CDF812305368CDF816300A2204A9FBF7EA
S21402176055FB0646701C35D0A368D90532D42046F0
S214021770FFF724FF854276B222D06B461022032161
S214021780304612F07BFA0546102D58D1606B04A93C
S2140217906A460A3015F059F929460646684617F091
S2140217A058FD002E4BD104A92046FCF771FC2946B1
S2140217B004A817F04EFD384615F09FFA09B0F0BDA2
S2140217C06B4610220521304612F058FA05460028CC
S2140217D0D3D0D9E794F87430DA0702D4A368DB05CD
S2140217E02DD5606B04F1180204A90A3015F02DF904
S2140217F004A92046FCF74CFC10210DEB0100D8E7AB
S214021800636B1A88DAB91E4A904202D01D4A904289
S21402181015D1591C002211F8010F80B90132082A8D
S214021820F9D1226C04A902F5A67203F10A0015F09A
S2140218300CF9A0B110210DEB010017F00AFD2046AD
S21402184041F20601FFF758FD20460021FCF720FC76
S21402185004F1340009B0BDE8F04015F04EBA04A910
S2140218602046FCF715FC10210DEB010017F0F1FCE9
S21402187004F13400A0E700BF9125020029210200EE
S2140218805D3202009140020038B504460D4605203E
S214021890022115F068F90246C0B183790344062195
S2140218A05D73204614F0B9FF45F490512046FFF7C9
S2140218B023FD94F87310064B064A2046012914BFEE
S2140218C011461946BDE8384015F0DEB938BD00BFEE
S2140218D029210200912502002DE9F043DFF8389114
S2140218E01F46D9F8003015461A7F022A8BB080466A
S2140218F00E461DD103F15F0403F17F0254F8041B68
S21402190046F8041B9442F9D103F19F0254F8041BD3
S21402191045F8041B9442F9D1BF3354F8042B47F818
S214021920042B9C42F9D1B8F1000F66D1002442E0A4
S2140219309C6914F001041BD0334B03F1200253F8C8
S214021940041B46F8041B9342F9D1304B03F12002E4
S21402195053F8041B45F8041B9342F9D12C4B03F1B0
S214021960200253F8041B47F8041B9342F9D1DAE726
S21402197004A80DF0ABFC02A80CF026FCD9F8000077
S214021980244B009404AA02A9C0300DF0EDFB0446D5
S214021990A8B104A80DF0C9FC02A80CF01AFCB8F114
S2140219A0000F03D008214046FFF76EFF214640F2A3
S2140219B00740FFF7BFFC20460BB0BDE8F083314678
S2140219C0202204A80CF0CDFC2946202206A80CF002
S2140219D0C8FC2022394602A80CF0C3FC04A80DF06D
S2140219E0A4FC02A80CF0F5FB3046202117F023FCDD
S2140219F02021284617F01FFC95E7002245F2160123
S214021A00404615F057F991E7F4A4030015A5030024
S214021A1036A50300056B0300582700202DE9F3477F
S214021A2090F87380056CB8F1010F044604D195F85E
S214021A306C31002B40F04F8195F8783195F86D9116
S214021A40032B00F2E880DFE803F0027EA6CB19F053
S214021A50010F73D01121062015F085F88246002862
S214021A6000F0398186790C360644771C10213846F8
S214021A7015F039F9014658B120460821FFF704FF50
S214021A80002140F2074002B0BDE8F047FFF752BC23
S214021A90A07CC0F11002384416F0F5FC95F97A01E4
S214021AA03B461022052112F0BBF858B1002140F245
S214021AB01B40FFF73FFC0821204602B0BDE8F04776
S214021AC0FFF7E2BE12F0AAF802280FD1B8F1010F12
S214021AD00CD004F11803113657F8042B43F8042BE4
S214021AE0B742F9D1A36843F48073A3605246062135
S214021AF0204614F092FE0B21072015F034F8074614
S214021B00002800F0E880867995F97A310C3606448A
S214021B1043F43F43A6F801300821F01C15F0E3F821
S214021B2095F97A01731C0A22042112F079F800282A
S214021B30BCD13A460621204614F06FFE95F878315D
S214021B40013385F8783119F0020F1FD011210820D1
S214021B5015F009F80646002800F0BD808179014498
S214021B60002301AA0D31FF20019315F0F0F840B1D1
S214021B7008212046FFF788FE019940F20740FFF74A
S214021B80D9FB32460621204614F047FE95F87831F6
S214021B90013385F8783119F0020F1CD0082109208C
S214021BA014F0E1FF0746002800F0958086790C368F
S214021BB00644FBF721FC837983F00803C3F3C003D2
S214021BC073700368C6F802308388F3803A460621AB
S214021BD0204614F022FE95F87831013385F87831E4
S214021BE019F0040F12D011210A2014F0BCFF064689
S214021BF0002870D0807930441022AB210D3016F0C8
S214021C0042FC32460621204614F007FE95F878314B
S214021C10013385F87831B8F1010F08D0236C93F8B8
S214021C206C31002B57D195F87831042B53D1A36C25
S214021C3095F97A01313310220B2111F0F1FF80B1B0
S214021C4040F21B412046FFF757FB244B244920460F
S214021C50B8F1010F08BF194602B0BDE8F04715F00B
S214021C6013B8A36C95F97A01203301220C2111F0E6
S214021C70D7FF0028E4D1A36C95F97A01213310220C
S214021C800D2111F0CDFF0028DAD1082295F97A014C
S214021C9004F11003114611F0C3FF0028D0D1236CC3
S214021CA093F87A2184F87520FF2283F87A21D3F8F4
S214021CB074315B0603D404F14C0012F019FD11F0E6
S214021CC0ADFF022802BFA36843F48073A3602046D8
S214021CD0FFF7EAFAB9E702B0BDE8F0872921020069
S214021CE0912502002DE9F04F97B01C46DDE92098B9
S214021CF0544B229F154604AA06468C4603F1100B47
S214021D009246186859689646AEE8030008335B4563
S214021D107246F6D16B4620226146504614F00AFF00
S214021D208346002871D1484B089365238DF82430EA
S214021D300DF1250305F11002184655F8041B43F869
S214021D40041B9542F9D1102117F075FA0DF13503EF
S214021D5004F11002184654F8041B43F8041B94427C
S214021D60F9D1102117F067FA99F8063083F00803C4
S214021D70C3F3C0038DF84530D9F80030CDF84630AD
S214021D800621B9F80430ADF84A300DF1460017F0D6
S214021D9052FA98F8063083F00803C3F3C0038DF8AE
S214021DA04C30D8F80030CDF84D300621B8F8043063
S214021DB0ADF851300DF14D0017F03DFA00238DF8C5
S214021DC054300124239B8DF85340352208A96846D7
S214021DD014F0B0FE8346C0B92398102117F02BFAF0
S214021DE03B46352208A968468DF8204014F0A2FE2C
S214021DF0834650B9B27C0146C2F11002384616F04C
S214021E0042FB1021384617F016FA1021684617F0E2
S214021E1020FA352108A817F01CFA1021504617F0B0
S214021E2018FABBF1000F06D008213046FFF72CFD4A
S214021E3017B0BDE8F08F5A4645F21201304614F04C
S214021E4039FFF5E757A503000062746C2DE9F041EF
S214021E5094B0074606A80C46984615460DF036FA84
S214021E6002A80CF0B1F90CAB04F1200C1E46206857
S214021E7061681A4603C2083464451346F7D1202126
S214021E80304617F0D8F92022314606A80CF053FA4D
S214021E902A4633462035106851681C4603C4083269
S214021EA0AA422346F7D12021304617F0C4F9202251
S214021EB00DEB020031460CF03EFA2021304617F0B8
S214021EC0C8F901210AA80CF006FA2022414602A807
S214021ED00CF031FA04A80CF077F9002104A80CF0F3
S214021EE0FAF91C4B1868002301931B4B009306AAB1
S214021EF002AB04A9C030EBF7B3FF0446A0B104A8B6
S214021F000CF067F906A80DF010FA02A80CF061F9B9
S214021F10214640F20740FFF70DFA08213846FFF740
S214021F20B3FC14B0BDE8F0811A99202204A80CF084
S214021F3018FA04A80CF04DF906A80DF0F6F902A856
S214021F400CF047F9224645F21501384614F0B2FE67
S214021F50E7E700BF58270020056B0300F8B50446E4
S214021F60FFF712F9266C054628B394F975305F1C04
S214021F700BD086F87A31FFF723F90721012014F0F7
S214021F80F2FD024618BB1A2111E02046FBF76AF85A
S214021F9086F87A01236C93F97A310133EBD1FFF795
S214021FA00FF990B1A3685D0709D441F205212046D6
S214021FB0FFF7A2F907E0FF2386F87A31EFE705215B
S214021FC02046FFF761FC0020F8BD0025D5E786799C
S214021FD031490C360968831991F800C083F801C0AC
S214021FE091F81CE0281E18BF0120BEF1010F0DD18A
S214021FF083F802E0D870487C00B3D87800071DD476
S214022000A3685B07DBD441F20321D0E78F69BEF1F8
S214022010020F07F002070ED191F85EE0BEF1000F44
S21402202009D04FF0010E83F802E0D870002FE2D1FB
S21402203040F00800DEE74FF0000EF4E7BCF1030FB5
S21402204007D0096911F0FF1F1EBFD97841F00401BD
S214022050D97094F874108F0708D5D978480705D434
S214022060BCF1030FCFD041F00401D970002D18BF88
S2140220700325102119715D719D71216C9059C1F86B
S2140220800600988848819B790B732046062114F037
S214022090C4FB012098E700BF58270020204B1B688E
S2140220A09B6913F0040310B5044610D141B180F8C1
S2140220B0773090F870101B48BDE8104016F088BCC8
S2140220C090F87330012B03D18368580705D410BDEE
S2140220D0022B02D183685907F9D494F9772094F831
S2140220E07730002AF3DBB3B9012384F8773094F80B
S2140220F077305B08EBD04FF47A72534394F8701043
S214022100084800220BF026FC94F8773063F07F0331
S21402211084F87730DBE75A06E9D45B00E5E700BFD0
S214022120582700205C27002030B545F21E0399424E
S21402213089B00446154610D845F21603994213D8BC
S21402214045F20103994200F0A18145F20C0399423F
S21402215022D0B1F5A04F00F09F812A46204609B052
S214022160BDE8304000F0C2B9A1F5A043173B072BEB
S214022170F3D801A252F823F0612202005B2102008A
S2140221805B2102005B210200492402005B2102005F
S214022190112402004B22020090F97730002B02DB5A
S2140221A08268530707D520460921FFF76DFB41F2E7
S2140221B0092009B030BDAB792B44A04D5B7C2D685D
S2140221C06D7C03F00801D5B121B90321FFF75CFB52
S2140221D02120EEE713F0040F03F0010308D042F0CB
S2140221E00802826093B9A36843F02003A36013E059
S2140221F0002BF8D0836843F010038360F3E7580798
S21402220044BF42F00802A260DB0703D5A36843F08E
S2140222101003A3600029E6D1A368894943F00403AA
S214022220A360224620460BF0B1FB0221204612F0A4
S214022230A7FC47F23053002245F21A0120460BF063
S21402224089FBA3689D0540F18980A368580740F181
S214022250858094F8700009B0BDE8304014F037BBB2
S21402226090F87430D9074DD590F97530013342D0C5
S21402227094F9131001291DDCA26893060DD56F4B45
S21402228015071B6801D4187C38B1187F10B9187866
S214022290032802D09B69980734D501290AD0674BD8
S2140222A011071B6801D41A7C22B11A7F52BB1B7815
S2140222B0032B27D10023CDE90433CDE9063311F0F1
S2140222C0ADFC022801AB35D1A06AE16A228E03C3B7
S2140222D01A8094F97500BDF80450421C37D011F0EC
S2140222E0E5FC002833D1204641F20601FFF704F848
S2140222F041F206005DE78368DA0616D4FEF760FF51
S2140223000028B5D04D4B1B68197F022932D1DA7CE2
S21402231082B393F85E306BBBA3685B0720D520467A
S214022320FFF7B2FA41F2022043E7FEF72DFF00283C
S214022330E4D0E7E794F975000A22022111F09EFC28
S2140223400028C6D1CDE90100ADF80C00C1E704AB08
S2140223502A460DF106012046FEF758FC002028E723
S214022360204641F20221FEF7C7FF01212046FFF771
S21402237095FED7E72046FFF7F9F8A56860B96D071E
S21402238005D508212046FFF77FFA1A2011E71A2101
S2140223902046FEF7B1FFF8E715F0040508D0FEF771
S2140223A017FFC8B194F975102046FFF731F8D5E744
S2140223B02246234920460BF0E9FA0221204612F073
S2140223C0DFFB47F230532A4645F21A0120460BF04D
S2140223D0C1FAA3685807E2D494F97530591C06D09E
S2140223E048F2080040EA032080B2FAF77BFC226C2F
S2140223F0D2F8743143F02003C2F874312046FFF756
S214022400ADFD0028AAD00F49204614F03DFCA5E7F2
S214022410FEF7DEFE002861D0236C002B5ED0A26899
S21402242052075BD5D3F87431980657D42B78002B15
S214022430D2D105212046FFF727FA8FE7582700203A
S214022440D16C0300C137020090F87430D90706D465
S214022450234914F019FC29462046FEF74DFFA368CF
S2140224605A077FF57BAF204645F21A0116F0B0FAFE
S21402247020461C49224616F0D6FAA36823F03C03EF
S214022480A36002212046FCF763FF67E70246154970
S21402249015480BF07BFA61E745F21A0116F098FA36
S2140224A0A36823F03E03A360236C2BB193F97A0151
S2140224B0431C01D0FAF726FD22462046094916F0AB
S2140224C0B2FA22460749084816F0ADFA204602211B
S2140224D0FCF73EFF204614F01DFC3FE7022068E6AC
S2140224E029210200D16C0300D826002045F21703EA
S2140224F0994210B5044641D01BD845F206039942CC
S21402250029D01AD821F0020140F20123994214D1AF
S21402251090F870101A4816F05BFA94F87330012B94
S2140225204FF000024FF4A041204608D1FFF7FCFD11
S21402253003E045F21A03994204D048200AE000F06C
S21402254027F8FAE70F4914F09FFB07212046FEF70B
S214022550D3FE002010BD93791A44517C41F4905169
S214022560FEF7CAFE94F87310074A084B2046012964
S21402257014BF1146194614F087FBEAE70220E9E782
S2140225805C27002097720300912502002921020091
S21402259045F21E0399422DE9F3410446154611D829
S2140225A045F21603994214D845F20103994200F007
S2140225B0378345F20203994200F09880B1F5A04FA6
S2140225C000F034832A46204602B0BDE8F041FFF709
S2140225D08DBFA1F5A043173B072BF3D801A252F8F3
S2140225E023F000BF05260200C5250200C52502000D
S2140225F0C5250200DD2B0200C5250200A727020022
S21402260081270200A04E33681A7F022A11D1DA7C93
S2140226107AB193F85E3063B941F20221FEF76CFE9E
S21402262020460121FFF73AFD41F2022002B0BDE842
S214022630F081A3685D0701D50220F7E72046FEF782
S214022640A3FD33681A78051E18BF0125032A07D092
S214022650196911F0FF1F6AB224D042F0040503E0A4
S21402266094F87420900725D49A6992071FD41A7F8B
S214022670012A1CD045F0080502210B2014F073FA3B
S2140226800246E0B18379034406215D7394F97530FE
S214022690013302BFA36843F00203A360204614F08E
S2140226A0BCF80CE094F874108907D6D4DCE75B7C9F
S2140226B0002BE1D041F203212046FEF71DFEA3685F
S2140226C0724943F00403A360224620460BF05EF9EB
S2140226D00221204612F054FA47F23053002245F205
S2140226E01A0120460BF036F900209FE783685F0741
S2140226F003D490F97730002B05DB236C53B1D3F863
S2140227007431DE0606D520460921FFF7BDF841F2F0
S21402271009208BE72046FEF729FF28B90821204624
S214022720FFF7B2F8212081E7206CD0F8743143F02D
S2140227301003C0F87431AB790C332B445A68C0F8D6
S21402274006201A8942819B7A0373236C01229A71AE
S214022750A26812F0040610D122464C4920460BF01D
S21402276015F90221204612F00BFA47F23053324690
S21402277045F21A0120460BF0EDF8A3689805B3D58A
S214022780236C002BB0D0D3F87431D906ACD594F9AB
S2140227907530013320D094F87430DA071CD5A3685C
S2140227A043F00203A360236C002B3FF445AFD3F83B
S2140227B07431DA067FF540AF9F063FF53DAFFEF770
S2140227C007FD20B3A3689E0721D42B78FBB9052109
S2140227D02046FFF759F887E7FEF7FAFC94F97510DA
S2140227E040B14B1C02D1A3689F07DCD42046FEF7FB
S2140227F00FFE79E74E1CD6D094F87430D807D2D4A0
S214022800084611F053FA0028CDD0052187E794F93F
S2140228107530581C24D048F2080040EA032080B2E3
S214022820FAF760FA94F8745015F0010518D194F886
S214022830750048F20B0343EA0020FAF753FA94F8BD
S214022840750048F20C0343EA0020FAF74BFAA06C34
S21402285010222946313015F016FEA36C83F820505C
S214022860A368256C084FAA7A23F00203A360D5F862
S214022870743143F02003C5F874313B681B7A9342E7
S21402288006D906214BE700BF58270020D16C03006B
S21402289094F9521094F852300029A6BF83F0080328
S2140228A0C3F3C00301232B7194F86030102A83F01F
S2140228B0080328BF1022C3F3C0036B712046A2741C
S2140228C06E7AFEF761FC002836D0F10734D594F90B
S2140228D07530D4F840805A1C24D088F87A3106F035
S2140228E00D063B689A69900704D41A7F012A01D024
S2140228F0310701D406F0F7061A78032A1FD01B699F
S21402290013F0FF1F01D046F0040694F874309A07BD
S2140229101BD5730719D403212046FEF7B5FF40F2F4
S214022920034083E62046FAF79DFB88F87A01236C7B
S21402293093F97A310133D2D106F00C06D1E71B7F28
S214022940002BE2D106F0FB06DFE70721022014F097
S2140229500AF901900028E2D090F806C03A680CF115
S2140229600C0C00EB0C0113784B70137F012B06D076
S214022970022B46D192F85E30003B18BF01238B70C3
S214022980CE70102316F001060B711BBFEB7A2A7B62
S2140229904E7103F0030318BF4B71236C14BF02F091
S2140229A0030232468A7183F86D214A7983F86C21D4
S2140229B050F80C20C3F80D208A88A3F811208A79D3
S2140229C0DA7406B3206C90F86C1111F002061AD174
S2140229D094F8521090F97A0181F0080104F14C0340
S2140229E00622C1F3C00111F01BF960B13146FEF7B1
S2140229F0A1FC20460821FEF747FF01A816F016F9AB
S214022A008DE70023BBE7019E002E88D0FEF7D8FB99
S214022A1095F809C078B11CF0010F04D0236C93F925
S214022A207A31013307D105212046FEF72DFF3046C5
S214022A300BF03AF976E63B68597C0CF0080229B1AD
S214022A4012B12A7C100703D40321EDE7002A75D0C1
S214022A502A7C110772D5D5F8741141F00401C5F825
S214022A607411B5F86C1121F4807121F00101A5F8FA
S214022A706C11187F297A02280BD071B942EA0C022F
S214022A8012F0040248D185F879211B7C002BDBD199
S214022A900DE021B993F85E209ABB0221C4E7012219
S214022AA083F83D20DA7C92BB042385F879313246DE
S214022AB00621204613F0B1FE95F87931206C042BDE
S214022AC052D13B6800F5A67003F11D022D3352F871
S214022AD0041B40F8041B9A42F9D1D5F8743195F8D4
S214022AE0792103F00401002A45D123F00203C5F838
S214022AF07431E27400294AD05B49204614F0C4F8C7
S214022B00F2E583F83D10DB7C002BC6D1CCE793F8C8
S214022B105E30002BC8D1C0E7EA7919785348052AF7
S214022B2028BF032201EB810101448A5C85F87921E2
S214022B301B7C002BBBD0002AB9D185E71A7F012A5D
S214022B4002D12A7A002AAFD11CF0040F03D12A7CC4
S214022B5012F0040297D0EA7919784548052A28BF68
S214022B60032201EB8101DFE71022002100F5A670A7
S214022B7015F089FCB1E743F00203C5F8743141B998
S214022B800123032AE37412D9042A7FF4ADAD39492E
S214022B90B3E7A37C0F2B85BF94F8743043F0080389
S214022BA0012384F8743088BF0223E374A4E7012A61
S214022BB007D02046304914F067F82046FEF714FC8A
S214022BC092E520462C4914F05FF83B68D968481C09
S214022BD0424242412046FEF7D7FB85E590F8743024
S214022BE0D90706D4254914F04FF829462046FEF7A1
S214022BF083FBA3685A077FF577AD45F21A01204694
S214022C0015F0E6FE1E492246204615F00CFFA36884
S214022C1023F00403A36002212046FCF799FB63E538
S214022C200246174917480AF0B1FE5DE545F21A0159
S214022C3015F0CEFEA36823F03E03A360236C2BB1EF
S214022C4093F97A01431C01D0FAF75CF92246204632
S214022C500B4915F0E8FE0A490A48224615F0E3FE3B
S214022C60204614F057F8D6E7AD36020068A50300F2
S214022C7081A50300892C02001D36020029210200CC
S214022C80D16C0300D826002073B545F20406B14283
S214022C90044615460DD045F21006B14222D0B1F5D3
S214022CA0A04F38D113F036FF236CD3F87431D9070E
S214022CB020D5236CD3F87421D2070BD4AA790C3210
S214022CC015446A1DB433153552F8041B43F8041B29
S214022CD0AA42F9D1216CD1F8743113F004030CD056
S214022CE00F4904E0016CC43113F081FF0D49204600
S214022CF013F0CAFF002002B070BD81F878310123BC
S214022D00009301F1D40201F1C403204601F5A67135
S214022D1014F0EFF9EEE702B0BDE87040FFF7E6BB4D
S214022D20292D0200C12D0200B1F5A04FF7B50446C9
S214022D3008D045F21105A94236D003B0BDE8F040EE
S214022D40FFF7D4BB006C1021D43013F0CCFF60B177
S214022D5008212046FEF798FD40F207400021FEF7C4
S214022D60E9FA40F2074003B0F0BD256C95F87961A8
S214022D7005F1C407013E022E01979FBFD5F8480110
S214022D8095F87861F04000F0010098BF40F08000AE
S214022D90009005F1540105F1140205F1D403204612
S214022DA014F007FA0020DEE7016CC43113F01FFFAF
S214022DB00249204613F068FFF4E700BFC12D020067
S214022DC030B545F21003994285B0044600F0A6805D
S214022DD00CD8B1F5A04F27D045F20503994228D06A
S214022DE0204605B0BDE83040FFF780BB45F2110330
S214022DF0994200F0B08045F212039942F0D1016C7C
S214022E0091F8793113B1043B012B03D8D431204613
S214022E1013F0D1FE236C93F87931042B40F2DF8055
S214022E20052B03D16F4992E013F074FE002005B023
S214022E3030BD9179036C0C310A44511DE4331532CE
S214022E4051F8040B43F8040B9142F9D1206CD0F8E8
S214022E50743113F0040354D090F87931042B22D144
S214022E60614B1B6893F85E5065B100F114020021B5
S214022E7000F5AE70009101903E331146204614F0E4
S214022E8098F9D3E71021D43013F02DFF58B108215A
S214022E902046FEF7F9FC40F207402946FEF74AFABA
S214022EA040F20740C3E7216C91F8793101F1E40260
S214022EB013B1043B012B12D801F58A73039301F573
S214022EC0A673029304F15A03019304F15303009389
S214022ED001F1D403F4312046FEF704FFA6E701F51C
S214022EE0AE73019391F87801D1F84831C34003F0EC
S214022EF0010343F080030093134601F15402143198
S214022F00BCE780F8783100F1E402009300F5A67180
S214022F1000F5AE73204614F0ECF887E7056C102235
S214022F2005F1B40105F5AE7015F083FA20B104215F
S214022F302046FEF7A9FC79E7D5F874312B499B07A2
S214022F4042BF94F8743043F0020384F8743020468B
S214022F5013F09AFE6AE7056C95F87931042B05F5AD
S214022F60AE701ED1204B196810224E3115F061FA50
S214022F700028DCD1102105F1D40013F0B4FE216C38
S214022F8001F58A73039301F5A673029304F15A03BB
S214022F90019304F15303009301F1E40201F1D40317
S214022FA098E70146102205F1B40015F042FA00280F
S214022FB0BDD105F1D401204613F0FDFD216C91F838
S214022FC078310133DBB2142B81F87831D8D0D1F8BE
S214022FD0743123F00103C1F874310549B7E7054996
S214022FE0B5E700BFF92F0200582700205D32020025
S214022FF0892C0200B130020045F21403994213B53F
S21402300004462BD00CD8B1F5A04F13D045F20E03D0
S214023010994232D0204602B0BDE81040FFF766BAA9
S21402302045F219039942F5D1137813BB0C21FEF72A
S2140230302BFC10E013F06EFD216C01F5A2730193D8
S21402304001F1D403009301F1540201F1E403204696
S214023050143113F039FF002002B010BD036CD3F810
S2140230604421114BB2FBF3F103FB1121FEF776F973
S214023070F1E70E4913F008FEEDE79179036C0C3187
S2140230800A44511D03F59273153251F8040B43F8A6
S214023090040B9142F9D1226CD2F8743143F0080342
S2140230A0C2F87431D7E700BF40420F00B1300200C9
S2140230B0F0B545F20E06B1428DB0044615460ED066
S2140230C045F21306B1425CD0B1F5A04F40F0BD8088
S2140230D013F020FD236CD3F87431190757D5236CEF
S2140230E0D3F8742112070CD4AA790C3215446A1D3F
S2140230F003F59273153552F8041B43F8041BAA42D3
S214023100F9D1256C0023CDE90833CDE90A3385F8D9
S214023110783195F87931042B0DF1200C2AD14D4BDC
S2140231201B6893F83D205AB103F11D0267462D3302
S214023130106851683E4603C608329A423746F7D1AF
S21402314005F5AE73069304F15A03059304F153038F
S2140231500493EB7903932B7A02936B7A05F1E402DC
S214023160CDE900C305F1D40305F58A71204613F0B4
S2140231701FFF0CE0013B022B9CBFD5F84831089399
S214023180DEE7056C95F8783123B1012B54D0002088
S2140231900DB0F0BD102205F5AE7105F5927015F072
S2140231A048F920B10B212046FEF76EFBEFE7D5F873
S2140231B074319B0742BF94F8743043F0020384F8DC
S2140231C07430012385F878310023CDE90833CDE940
S2140231D00A3395F87931042B0DF1200C25D11D4BBD
S2140231E01B6893F85E205AB103F13E0267464E33DF
S2140231F0106851683E4603C608329A423746F7D1EF
S21402320005F59A73069304F15303059304F15A03E2
S2140232100493AB7B0393EB7B02932B7C05F1D402E6
S214023220CDE900C305F1E4039EE7013B022B9CBFF8
S214023230D5F848310893E3E705F59A7113F09FFC39
S2140232400549204613F020FDA1E70DB0BDE8F04089
S214023250FFF74CB9582700205D320200B1F5A04FA7
S21402326070B5044615467AD045F21B06B14240F0C8
S214023270CD8090F87430DA0769D5056CB5F86C31F4
S21402328023B1644913F000FD002019E0D5F874312B
S2140232905B074BD56B7ADE0748D52B7CD80745D51E
S2140232A0A36C95F97A01313310220B2110F0B8FC89
S2140232B038B140F21B412046FEF71EF840F21B4092
S2140232C070BDA36C206C203390F97A0101220C2188
S2140232D010F0A6FC0028ECD1A36C206C213390F9E8
S2140232E07A0110220D2110F09BFC0028E1D1206CFF
S2140232F0082290F97A0104F11003114610F090FCAE
S2140233000028D6D104F14C0011F0F2F9236C93F8A0
S2140233107A2184F87520FF2283F87A2120463E49D6
S21402332013F0B2FC2046FDF7BFFFADE705F5A67326
S21402333004F1180205F5AE7553F8041B42F8041B97
S214023340AB42F9D1A36843F48073A360E6E732493F
S21402335013F09AFC29462046FDF7CEFF94E7006C50
S214023360D0F8743159072AD5437ADA078CD5037C0C
S214023370DB0789D500F5A673102290F97A0103219E
S21402338010F04EFC48B1002140F21B40FDF7D2FF80
S21402339008212046FEF778FA90E710F03FFC022854
S2140233A07FF472AF206C102200F5A673052190F907
S2140233B07A0110F035FC00283FF466AFE3E7D0F858
S2140233C0D430C0F8EC30D0F8D830C0F8F030206CEA
S2140233D000F5A6721146E43013F037FB014630B111
S2140233E020460821FEF750FA40F2074068E7236CB1
S2140233F0A07C03F5A673C0F11002184415F043F83A
S214023400216C2046D43113F0D6FB3DE7BDE8704070
S214023410FFF76CB81D34020091250200B1F5A04FEB
S2140234202DE9FF410446154600F0E980A1F5A043C8
S214023430DE1F042E00F2EA809279066C0C32083BFC
S21402344096F86C711544032B03D8DFE803F0307945
S21402345087D5F9072ED56F1D6F481022394614F00E
S214023460E8FF002865D096F97A013B461022032130
S21402347010F0D6FB064610F0D1FB022811D194F8C4
S2140234807330012B0DD13B4604F11802153553F863
S214023490041B42F8041BAB42F9D1A36843F48073C1
S2140234A0A3601021384615F0D4FE002737E017F047
S2140234B001070ED10027226C92F86C3123EA07032B
S2140234C082F86C312046FEF7A9FA002004B0BDE867
S2140234D0F08110F0A3FB02280DD0206C6B4690F909
S2140234E07A011022032110F0C9FB0028E2D0102135
S2140234F0684615F0AEFE206C05F10508434690F9C5
S2140235007A010A22022110F08BFBD5F80530A3625D
S214023510D5F80930E362B5F80D3023860646002E4C
S214023520C9D000213046FDF705FF08212046FEF7E8
S214023530ABF920460821FEF7A7F940F20340C5E79B
S214023540BA07B7D5053596F97A0106212B46102219
S21402355010F066FB102106462846A4E7BB07A9D54D
S21402356010F05CFB02280DD0206C6B4690F97A01B5
S2140235701022062110F082FB00289BD010216846FC
S21402358015F067FE697989B96B1D0A4613F8010FB3
S21402359060B90132062AF9D194F85210206C81F0F3
S2140235A0080104F14C03C1F3C00107E00039206CA6
S2140235B005F106034FF0060218BF012190F97A01C1
S2140235C010F02EFB226CD2F8743143F04003C2F89E
S2140235D074316B89ADF804306B790646002BD5F84A
S2140235E0060000900CBF4923722368468DF8063009
S2140235F0022711F07DF892E707F004075BE713F065
S21402360089FA236C002283F878215BE704B0BDE8D0
S214023610F041FEF76BBF00BF9AA5030070B545F2F6
S2140236200406B1420446134624D045F21806B142B7
S21402363006D0B1F5A04F32D113F06CFA002070BD5F
S21402364011684D1C03D10121FEF71EF9F6E7026C44
S214023650D2F87401400743BF002182F878111B6834
S214023660C2F84C1148BFC2F848310F49204613F041
S2140236700BFBE3E79979026C0C310B44591DB4320B
S214023680153351F8040B42F8040B9942F9D1226C17
S214023690D2F8743143F00103C2F87431CEE7BDE8C4
S2140236A07040FEF723BF00BF892C020045F21503C7
S2140236B09942F7B5044651D00CD8B1F5A04F19D0AF
S2140236C045F20D0399421BD0204603B0BDE8F040F8
S2140236D0FEF70CBF45F216039942F5D1016C01F1D3
S2140236E0F403009301F1340201F194031431FEF75E
S2140236F0ADFB01E013F00EFA0027384603B0F0BD2A
S21402370093790C331A44551D02F125063246294692
S214023710FDF7BCFE074620B10B212046FEF7B4F8A3
S214023720EBE7236C2946143351F8042B43F8042B99
S214023730B142F9D1236C01F12002343351F8040B63
S21402374043F8040B9142F9D1216C204601F194030F
S21402375001F174025431FEF7BFF8CDE713F063FAB5
S214023760236C93F87931052BC6D8DFE803F01903EA
S21402377011111E1920460E4913F086FA0D4B1B68CE
S214023780D9684B1C5A425A412046FDF7FDFDB3E765
S2140237902046074913F078FA2046FDF725FEABE7E8
S2140237A00549204613F070FAA6E70449F9E700BF78
S2140237B01D36020058270020292D0200C12D0200C6
S2140237C0F8B545F216039942044600F061810BD81B
S2140237D0B1F5A04F0ED045F2030399420ED0204613
S2140237E0BDE8F840FEF782BE45F217039942F6D1CD
S2140237F0022002E013F08EF90020F8BD9379056CE2
S2140238000C33D618F379DF0708D4FDF7D9FC28B1B4
S21402381005212046FEF738F82120EEE79E4F327A41
S2140238203B681B7A9A4201D20621F2E7D6F80530A7
S214023830C5F80E30B6F809306B8202236B7394F922
S214023840523094F85210002BA6BF81F00803C3F33F
S214023850C00301236B7194F8603083F00803C3F34E
S214023860C0032B71337A102B28BF1023A374F3796D
S214023870D8072BD56B7ADA0728D5737AEA7A1340FB
S21402388085F86D31B37A2A7B134085F86C3195F949
S2140238907A3101331ED0206C90F86C319B0719D414
S2140238A081F0080190F97A0104F14C030622C1F373
S2140238B0C00110F0B5F968B140F21B412046FDF791
S2140238C01BFDA3685907A7D50821A2E7002385F8A0
S2140238D06D31DAE73B68F079597C00F0080229B1CD
S2140238E012B16A7A120703D4032192E7002A79D02A
S2140238F06A7A110776D5D5F8741141F00401C5F835
S2140239007411B5F86C1121F4807121F00101A5F84B
S2140239106C1193F81CC0B179BCF1020F02D019B336
S214023920022176E789B1012283F83D20DA7CB2B91A
S214023930042285F87921A27C0F2A27D994F87420CC
S21402394042F0080284F8742020E093F85E20002AF1
S214023950E6D0DA7C83F83D10002AE1D1E8E793F856
S2140239605E20002AE4D1DBE7024312F004023FD0D5
S21402397072794A491878052A28BF032202EB820286
S2140239800A44125C85F87921002AD4D1197C95F86C
S214023990792109B1002AA7D0206C042A00F5A67066
S2140239A03AD103F11D022D3352F8041B40F8041BD2
S2140239B09A42F9D1D5F8743195F8792103F00401C9
S2140239C07ABB23F00203C5F87431E27400295AD098
S2140239D0216C204601F1940301F174025431FDF783
S2140239E07BFF09E71A7F012A05D1B2791AB10422B0
S2140239F085F87921CAE7420703D46A7A12F00402EC
S214023A00F6D0727926491878052A28BF032202EBD7
S214023A1082020A44125CEBE71022002114F033FD06
S214023A20C8E743F00203C5F8743149B90123013AE5
S214023A30E374032A3FF6E0AEDFE802F01018102522
S214023A40A37C0F2B85BF94F8743043F00803012340
S214023A5084F8743088BF0223E374B9E7204611491C
S214023A6013F012F92046FDF7BFFCC5E620460D49C5
S214023A7013F00AF93B68D9684B1C5A425A41204651
S214023A80FDF782FCB8E60849204613F0FDF8B3E6D7
S214023A9013F0C9F80549F7E75827002068A5030080
S214023AA081A503004D44020029430200B13A0200F8
S214023AB045F20D039942F7B5044627D00DD8B1F565
S214023AC0A04F1DD045F20403994200F08F80204695
S214023AD003B0BDE8F040FEF709BD45F21103994276
S214023AE000F0A68045F215039942F0D1006C90F8DA
S214023AF07931052B06D8DFE803F0503A423A5550A2
S214023B0013F008F80027384603B0F0BD93790C335B
S214023B101A44561D02F125052A463146FDF7B6FC23
S214023B20074620B10B212046FDF7AEFEEBE7236CDD
S214023B303146143351F8042B43F8042BA942F9D129
S214023B40236C01F12002343351F8040B43F8040BC2
S214023B509142F9D1216C01F1F403009301F1340290
S214023B6001F1940320461431FEF770F9CAE72046A5
S214023B703B4913F089F82046FDF736FCC2E720469B
S214023B80374913F081F8374B1B68D9684B1C5A42E9
S214023B905A412046FDF7F8FBB4E73349204613F0B6
S214023BA073F8AFE72F4B1B6893F85E5065B100F1D0
S214023BB01402002100F5AE70019000913E331146CA
S214023BC0204613F0F6FA9DE71021E43013F08BF846
S214023BD000283DD008212046FDF756FE294640F231
S214023BE00740FDF7A7FB40F207478CE79179036C85
S214023BF00C310A44511DC433153251F8040B43F8F4
S214023C00040B9142F9D1256C102205F1C40105F18D
S214023C10B40014F00EFC20B904212046FDF734FE51
S214023C2070E7D5F8743143F00103C5F8743169E7DB
S214023C300C4B056C196810224E3105F5AE7014F067
S214023C40F8FB0028E8D1102105F1E40013F04BF848
S214023C50216C2046E43112F0AEFF04499EE700BF15
S214023C604D4402005827002081420200713C0200A7
S214023C70F0B545F21003994285B0044600F08780FD
S214023C800CD8B1F5A04F1CD045F2050399421DD0C1
S214023C90204605B0BDE8F040FEF728BC45F2110309
S214023CA0994200F08D8045F212039942F0D1036CDE
S214023CB093F87931042B40F2B380052B03D159498E
S214023CC07BE012F027FF002005B0F0BD9179036C6F
S214023CD00C310A44511DD433153251F8040B43F803
S214023CE0040B9142F9D1256C05F1E40705F1D406DF
S214023CF010223146384614F09CFB20B90421204697
S214023D00FDF7C2FDDFE7D5F8743113F0040332D0B5
S214023D1095F87931042B13D105F58A73039305F5CB
S214023D20A673029304F15303019304F15A0300931A
S214023D303A46334605F1F4012046FDF7D3FFC2E7C3
S214023D4005F5AE7005F1140105F1540201900BB1B0
S214023D50052B06D1002300932046334613F029FA9A
S214023D60B1E795F87801D5F84831C34003F001036E
S214023D7043F08003EFE785F878313246009305F585
S214023D80A67105F5AE73204613F0B3F99BE7056CF2
S214023D90102205F1C40105F5AE7014F04AFB0028A6
S214023DA0ACD1D5F8743120499B0742BF94F87430E1
S214023DB043F0020384F87430204612F065FF82E76F
S214023DC0056C102205F1C40105F5AE7014F031FB46
S214023DD0002893D195F87931013B022B0FD895F83C
S214023DE078310133DBB2142B85F8783107D0D5F859
S214023DF074310E4923F00103C5F87431DCE705F58A
S214023E008A73039305F5A673029304F15303019391
S214023E1004F15A03009305F1E40205F1D40389E79D
S214023E200349CAE7353E02009140020029430200D8
S214023E30B53E020073B545F21406B14204461AD0E6
S214023E4045F21906B14221D0B1F5A04F28D112F0A1
S214023E5061FE216C01F5A273019301F1D403009374
S214023E6001F1140201F1E4032046543113F02CF858
S214023E70002002B070BD036CD3F844210B4BB2FB9A
S214023E80F3F103FB1121FDF769FAF1E713781BB989
S214023E900C21FDF7F9FCEBE7054912F0F5FEE7E722
S214023EA002B0BDE87040FEF721BB00BF40420F00E3
S214023EB0B53E0200F0B5B1F5A04F8DB0054608D06C
S214023EC045F21304A14244D00DB0BDE8F040FEF71F
S214023ED00DBB046C0023CDE90833CDE90A3394F810
S214023EE07931042B0DF1200C2CD11F4B1B6893F853
S214023EF05E205AB103F13E0267464E33106851689F
S214023F003E4603C608329A423746F7D104F5927304
S214023F10069305F15303059305F15A030493E379D7
S214023F200393237A0293637A04F1E402CDE900C391
S214023F3004F58A7104F1D403284613F039F80020F8
S214023F400DB0F0BD013B022B9CBFD4F8483108935C
S214023F50DCE7016C01F5927112F011FE0349284666
S214023F6012F092FEEBE700BF58270020713F0200D6
S214023F70F0B545F20E06B1428DB0044613460BD09C
S214023F8045F21303994260D0B1F5A04F76D112F0F4
S214023F90C1FD00200DB0F0BD9979026C0C310B44C6
S214023FA0591D02F59A72153351F8040B42F8040BA8
S214023FB09942F9D1256C102205F59A7105F5927091
S214023FC014F037FA20B90B212046FDF75DFCE0E736
S214023FD00023CDE90833CDE90A3395F87931042B6D
S214023FE00DF1200C2AD1284B1B6893F83D205AB1BC
S214023FF003F11D0267462D33106851683E4603C61C
S21402400008329A423746F7D105F5AE73069304F1A5
S2140240105A03059304F153030493AB7B0393EB7BA0
S21402402002932B7C05F1D402CDE900C305F58A7113
S21402403005F1E403204612F0BBFFAAE7013B022B80
S2140240409CBFD5F848310893DEE7056C102205F5CB
S214024050AE7105F59A7014F0ECF90028B3D1D5F8D4
S21402406074310A499B0742BF94F8743043F0020346
S21402407084F87430204612F007FE8AE70DB0BDE8D9
S214024080F040FEF733BA00BF5827002091400200E6
S21402409070B5B1F5A04F88B0044615467BD045F200
S2140240A01B06B14240F0E38090F87430DA076AD516
S2140240B0056CB5F86C312BB16F4912F0E5FD0020A6
S2140240C008B070BDD5F874315B074BD56B7ADE0746
S2140240D048D52B7CD80745D5A36C95F97A013133A0
S2140240E010220B210FF09CFD38B140F21B412046F6
S2140240F0FDF702F940F21B40E2E7A36C206C203386
S21402410090F97A0101220C210FF08AFD0028ECD1E9
S214024110A36C206C213390F97A0110220D210FF046
S2140241207FFD0028E1D1206C082290F97A0104F183
S214024130100311460FF074FD0028D6D104F14C008E
S21402414010F0D6FA236C93F87A2184F87520FF22B1
S21402415083F87A212046494912F096FD2046FDF75B
S214024160A3F8ACE705F5A67304F1180205F5AE75DB
S21402417053F8041B42F8041BAB42F9D1A36843F47C
S2140241808073A360E6E73D4912F07EFD294620468D
S214024190FDF7B2F893E7006CD0F8743159073AD5B8
S2140241A00023CDE90133ADF80C30437ADA0724D583
S2140241B0037CDB0721D500F5A673102290F97A015D
S2140241C003210FF02DFD48B1002140F21B40FDF700
S2140241D0B1F808212046FDF757FB8BE70FF01EFDCE
S2140241E002280AD1206C102200F5A673052190F948
S2140241F07A010FF015FD0028E6D10023BDF8042051
S214024200CDE90433CDE906330DF1060104AB2046B1
S214024210FCF7FCFC53E7D0F8D430C0F8EC30D0F80A
S214024220D830C0F8F030206C00F5A6721146E430A3
S21402423012F00BFC054630B120460821FDF724FBA0
S21402424040F207403CE7236CA07C03F5A673C0F15E
S21402425010022946184414F016F9CDE90155CDE9A5
S2140242600455CDE9065504AB2A4601A9CFE708B0A6
S214024270BDE87040FEF73AB99372030029210200A6
S214024280B1F5A04F70B50446154607D045F20406B0
S214024290B1420CD0BDE87040FEF728B912F03AFCE5
S2140242A0236CD3F87431D90701D4002070BD236C77
S2140242B0D3F87421D20718D4AA790C3215446A1D91
S2140242C0C433153552F8041B43F8041BAA42F9D12D
S2140242D0206C102200F1C401B43014F0AAF820B900
S2140242E004212046FDF7D0FADFE7206C1021E430E7
S2140242F012F0F9FC58B108212046FDF7C5FA40F243
S21402430007400021FDF716F840F20740CEE7216C81
S2140243102046E43112F04FFC0249204612F0B4FC6B
S214024320C3E700BF713C0200B1F5A04F13B50446C7
S2140243300ED0A1F5A043103B012B45D8016CB43139
S21402434012F055FC2349204612F09EFC002017E08E
S214024350016CD1F8743113F0040301F1E40228D0A1
S2140243601021104612F0BFFC60B108212046FDF76E
S2140243708BFA40F207400021FCF7DCFF40F20740D0
S21402438002B010BD216C01F1B403019391F87821BB
S214024390D1F84831D34003F0010343F08003009381
S2140243A001F1140201F1E4032046543112F001FF38
S2140243B0CCE781F878310123009301F1B40301F5CB
S2140243C0A67112F096FEC1E702B0BDE81040FEF7F5
S2140243D08DB800BFD9430200B1F5A04F70B51346A1
S2140243E0044607D045F20406B14207D0BDE8704045
S2140243F0FEF77CB812F08EFB002070BD9979026C35
S2140244000C310B44591DC432153351F8040B42F8D3
S214024410040B9942F9D1256C102205F1C40105F16D
S214024420B40014F006F820B904212046FDF72CFA51
S214024430E2E705F1E401204612F0BDFB0249204600
S21402444012F022FCD8E700BF713C0200B1F5A04F83
S21402445070B50346144607D045F21806B14207D097
S214024460BDE87040FEF742B812F054FB002070BD63
S2140244701268551C03D10121FDF706FAF6E7016C16
S214024480D1F87401400741BF002281F878212268E2
S214024490C1F8482158BFC1F84C211846014912F00C
S2140244A0F3FBE3E729430200184622F0004240F2FB
S2140244B00A439A422DE9F04120D8B2F5806F01D81E
S2140244C000203EE06FF480642244092AF8D801A353
S2140244D053F822F01B45020027450200474502001A
S2140244E09545020069450200B1450200D345020027
S2140244F0DB450200C1440200F34502006FF4A061EE
S2140245005318042BDCD8A2F20252032A79D8DFE829
S21402451012F08A009200B700CB00057844886448FF
S21402452010F0C6FA3EE005784468826900F1080396
S2140245300021604810F0CDFA10B10571C0F80540B0
S2140245400120BDE8F081067845880479826900F189
S21402455008030021584810F0BCFA0028F0D0067173
S214024560A0F80550C471EBE7047907784688C58839
S214024570A4F11B035942594100F1080289004F4831
S21402458010F0CCFA0028DBD00771A0F80560C471E1
S2140245900581D5E7057844884269031D002148480D
S2140245A010F097FA0028CBD00571A0F80540C7E7AF
S2140245B006784588848800F108020021414810F0F8
S2140245C0ADFA0028BCD00671A0F80550A0F8074046
S2140245D0B6E7057844683C48A2E704783A4810F003
S2140245E067FA0028ACD00723437100230471837155
S2140245F0A6E70478354810F05BFA0028A0D00471CC
S2140246009EE7077846880579C48800F108020021EB
S2140246102F4810F083FA002892D00771A0F80560A0
S214024620C57104818CE7077846880579C4882948CD
S21402463010F03EFAEFE787684588047906787FB17E
S214024640C78800F108020021234810F067FA002804
S2140246503FF476AF0671A0F80550C47107816FE784
S2140246601D483B463A46394610F033FA00283FF4D6
S21402467067AF0671A0F80550C471077247725FE70C
S21402468090F8008047880679C5880489134810F098
S2140246900FFA00283FF454AF80F80480A0F80570A3
S2140246A0C671058144814BE7057844680C4837E7B4
S2140246B01CA6030018A6030014A603000CA60300FB
S2140246C010A6030008A6030004A60300ECA5030038
S2140246D000A60300FCA50300F8A50300F4A503004A
S2140246E0F0A5030000487047A944020030B585B023
S2140246F004460846039112F02DFF830708D410F0F3
S214024700010003D003A814F091FA012005B030BDD1
S21402471003998B7903F10C0288188A5C013A1C2AE9
S21402472000F2E880DFE802F00FE689E68CE695E61E
S2140247309CE6A4E6ACE6B3E6BAE6C2E6E6E6C4E67D
S214024740D2E6D4E6DD0003790BB103F5885342784E
S214024750023A162AD6D801A151F822F0B947020029
S21402476005470200C347020005470200CF47020082
S21402477005470200DB47020005470200E747020042
S21402478005470200FF47020005470200F347020002
S214024790054702000B4802000547020017480200C0
S2140247A005470200054702000547020021480200AD
S2140247B0054702003148020017212046FCF774F92B
S2140247C0A0E700221146204611F0EFFB9AE71A46B0
S2140247D00021204611F096FC94E70022114620465E
S2140247E011F001FE8EE700221146204611F0E9FC88
S2140247F088E71A460021204611F0D6FD82E71A46BF
S2140248000021204611F0B3FD7CE700221146204627
S21402481011F0DCFE76E71946204611F040FF71E7FC
S214024820009300231A461946204611F042FF69E714
S2140248301946204611F08FFF64E7B0F80110BCE776
S21402484002338B710A4600234178204611F0ADFBF5
S2140248505BE701338B710022204611F053FC54E7CC
S21402486002338B7142780023204611F0BCFD4CE7E0
S21402487001338B7100231A46204611F0A2FC44E74E
S21402488001338B710022204611F071FD3DE70133A2
S2140248908B710022204611F087FD36E702338B71BA
S2140248A042780023204611F091FE2EE70021B3E75E
S2140248B005338B71B0F80320B0F801000023009393
S2140248C00B460146204611F0F4FE1EE70021B0E733
S2140248D003338B710A46B0F80110204611F05AFFD6
S2140248E013E703338B710A46B0F80110204611F025
S2140248F05AFF0AE7002009E708B5EEF703FEBDE80F
S21402490008400CF069B800BF38B50F4D2B78BBB124
S21402491000240021204600F0CFF8204600F0E0FAFE
S214024920204600F011FB204600F036FB204600F041
S214024930B1F9013400F038F82B78E4B2A342E8D893
S214024940BDE8384000F08ABB01100020134B70B55A
S2140249501B88134E012B1CD0124D2B78A3B10024BA
S214024960204600F08FF8204600F0F8FA204600F0C5
S21402497035FB204600F0D2F9204600F057FA013403
S2140249802B78E4B2A342EBD800F01AF80023338067
S21402499070BD3388002BDFD170BD00BFA02C002075
S2140249A09E2C002001100020002001220249034B09
S2140249B008601A70704700BF60270020171000209A
S2140249C0F8B50024294E2A4D33782C80002B4BD084
S2140249D00021204600F09EF801210746204600F0FE
S2140249E099F820B1874294BFC01B381A80B221467C
S2140249F000F00CFA80B2A0F15B03122B04F1010264
S214024A001DD929883378D4B20844A3422880DFD837
S214024A102A8852031748184C0168C1EBC10102EB01
S214024A20D102110CB1FBF3F3092B026023800BD8E1
S214024A30124A137873B90122114B1A70F8BD3378F3
S214024A40D4B2A342C4D8E3E70E2B06D903220C4BFA
S214024A501A70F8BD013B1370F8BD0A2002220749FE
S214024A60074B08701A70F8BD1A46D3E701100020EB
S214024A70422F002060270020D031002087310020FE
S214024A80171000200A4A10B512880446012A07D0D9
S214024A90EEF78CFB01462046BDE8104000F02CB82D
S214024AA0044ABDE8104052F8201000F025B800BFB6
S214024AB0A02C0020841D002030B40C4B1D7895B12C
S214024AC084000B4B221892009950012D1A4488BF7D
S214024AD051600021074A0444125C03EB84035973B5
S214024AE01A7330BC7047024B8400F2E700100020B5
S214024AF0881B002021100020054B00EB8000800060
S214024B0010B4C458C2185460195010BC704700BF85
S214024B10881B002000EB8000024B014433F8210082
S214024B20704700BF881B00200C4B1878A0B10C4BB6
S214024B305A7B52060FD40138C2B202EB820203EB52
S214024B40820204E093F821101433490603D49A42F1
S214024B50F8D1002070470120704700BF01100020E6
S214024B60881B002030B4144C8500291804EB810100
S214024B708B7B1A090F2A03F00F031AD0013243EA7D
S214024B800213DBB20F2A8B730AD00C49097801296B
S214024B9002D030BC00207047094909789142F8D803
S214024BA0284404EB800003F00F03837330BC01201B
S214024BB0704743F0F003F3E7881B0020171000202D
S214024BC0FF0F002030B48200134D141805EB840446
S214024BD0A37B03F00F010F2903F0F00318D0013175
S214024BE00B430F29A3730AD00C4C2478012C02D055
S214024BF030BC002070470A4C24788C42F8D8024415
S214024C0005EB820223F00F039373012030BC70473A
S214024C1043F00F03F3E700BF881B002017100020A5
S214024C20FF0F0020044B00EB800003EB8000837B29
S214024C3023F00F0383737047881B0020044B00EB9E
S214024C40800003EB8000837B03F00F0383737047BF
S214024C50881B0020044B00EB800003EB8003587B8C
S214024C60C0F38010704700BF881B0020034B00EB88
S214024C70800003EB8003187B00017047881B00202E
S214024C80034B00EB800003EB8003587BC0097047A0
S214024C90881B002070B40025114900EB8003114ADE
S214024CA001EB83010B7B104C125C245C03FB02F2CB
S214024CB003FB04F30D4C1201A4FB02621B01A4FBCE
S214024CC003430B4E4C7B520926F81020094A04F087
S214024CD03F045B094C7322F810308D7370BC70472A
S214024CE0881B002023100020251000201F85EB5172
S214024CF04A2F00204E2F0020064B00EB80001B7828
S214024D00012B054B0EBF33F8200003EB8000408AD0
S214024D10704700BF17100020881B0020F8B5044615
S214024D20264B274F1B78A600012B264906EB0403C9
S214024D30254A06EB040518BF07EB830307EB850538
S214024D4031F810C008BF37F8233032F8100018BF09
S214024D505B8A2A8995F90D1093420FD99B1A00296E
S214024D609BB214DB98420DD807D22046FFF7FAFE14
S214024D7018B16B7B63F07F036B73F8BD00290DDB04
S214024D800028FAD02046BDE8F840FFF757BF9C45FA
S214024D9005D22046BDE8F840FFF744BF00239C45F5
S214024DA0EBD92046FFF70EFF0028E6D0344407EB87
S214024DB084077B7B03F07F037B73F8BD171000200C
S214024DC0881B00204A2F00204E2F002010B40D4BC7
S214024DD084001B780C4A012B04EB000314BF02EB81
S214024DE0830332F82330044418BF5B8A02EB840242
S214024DF01089591A89B2814286BF091A88B20020E0
S214024E0010BC704717100020881B002010B50446FF
S214024E100846FFF72BFF642303FB04F3B3FBF0F013
S214024E2080B2FF2828BFFF20C0B210BD2DE9F8438C
S214024E3087003D18274EAD0006EB05090446D9F853
S214024E400880FFF707FF20BB234B1FFA88F8197864
S214024E503B19012914BFB9F81200705B06EB8303F5
S214024E60404593F90F2016D90A3252B2DA73642AF1
S214024E7017DC64320DDA012907EB04031BD006EBBC
S214024E8083039A68013A9A6000233C4406EB840640
S214024E90F373BDE8F883EAD20A3A52B2642ADA73A6
S214024EA0E7DD00223C4406EB8406B368F273013366
S214024EB0B360BDE8F883094A06EB83039968125D7E
S214024EC0588AA1EB5202824296BF01F1FF319860E6
S214024ED09960D9E7881B00201710002021100020B7
S214024EE02DE9F84306460BF074FD00220824154609
S214024EF04FEA8609DFF84C8009EB060308EB8303CA
S214024F009A603046EEF752F9013CA4B20544002CF2
S214024F10F7D10B4FB1443B7808EB8908C5F3CF05B0
S214024F20C8F8085043B129463046FFF7E5FD01347C
S214024F303B78E4B2A342F6D8BDE8F8430BF04ABD8C
S214024F4000100020881B00200022034B00EB80008C
S214024F5003EB80035A737047881B002038B50D4D4B
S214024F6000EB800305EB83052B892C7B03EBC40443
S214024F70A4B2A34202D900236B7338BDFFF7BCFE6E
S214024F806B7BA0428CBF43F0400323F040036B735D
S214024F9038BD00BF881B0020002210B40C4B0D4CFD
S214024FA000EB800003EB800023788168032B4182AC
S214024FB0028207D9202B34BF10220822064B1A7011
S214024FC010BC70471022044B1A7010BC704700BF0A
S214024FD0881B00200110002088310020F8B500212F
S214024FE00546FFF797FD0121074628460024FFF7EE
S214024FF091FD67F31F4440B306462846FFF736FE88
S214025000B74266F30F0480B205D93318BB42BCBF61
S2140250109FB267F31F44BE4204D9361ABE42C8BFC7
S21402502066F31F440B4B05EB85050B4A03EB850520
S21402503012782B696FF30F04B3FBF2F3B4FBF2F4AE
S214025040013A02FB03442C61F8BD2846FFF70EFE28
S214025050E8E700BF881B002088310020044A054B81
S2140250601278012A0CBF022201221A70704700BF72
S214025070642F0020D231002070B50BF000F91F4BD0
S2140250801E6C05460EB1EDF79DF8EDF727FA1C4C9F
S2140250908302A3F580532360EDF720FA8302A3F57B
S2140250A00063636000F084FA20680821043012F07E
S2140250B0A4FA23681B68834202D0206812F0ACFA76
S2140250C060680821043012F098FA63681B6883420D
S2140250D002D0606812F0A0FA2268636852685B68C1
S2140250E09342084A94BF0023012313700EB1EDF7D2
S2140250F079F828460BF0C9F8002070BD00000E4073
S21402510064270020181000202DE9F041164B93F971
S2140251100020164B53F822500C3506462C462046E5
S21402512012F092FAE0B90BF0AAF8A179804604319F
S214025130201D12F062FA074640460BF0A6F82368D6
S214025140BB4202D1A388B3420BD0A379033303F444
S214025150FE7308331C4485EA0403B3F5006FDED3FE
S21402516000242046BDE8F0811810002064270020A5
S214025170431E2DE9F74F9BB24FF6FD729342064649
S214025180884643D8234B93F90020234B53F82250EA
S2140251900BF075F8214BD3F840900C350746B9F161
S2140251A0000F01D0EDF70EF82C46EA464FF6FF7BCD
S2140251B0204612F049FAE8B9A38886EA030218EAFA
S2140251C0020F0CD194E803008AE80300DB43ADF833
S2140251D00430ADF806B00199201D12F013FAA37937
S2140251E0033303F4FE7308331C4485EA0403B3F561
S2140251F0006FDDD3B9F1000F01D0ECF7F3FF3846AC
S2140252000BF043F8002003B0BDE8F08F41F2120025
S214025210F9E700BF181000206427002000000E40A7
S2140252202DE9F84FDFF8C4902F4A99F9003052F86A
S214025230238083F0010308F10C0A52F823603046FB
S214025240EDF758F806F10C07D346584612F0FCF96B
S214025250054648BB9BF806100BF10400043112F019
S214025260CCF9DBF8003083420DD09BF806400334BD
S21402527004F4FE7408345C4484EA0A03B3F5006F4F
S21402528012D2A346E1E75C46384654F8041B12F0F5
S214025290B9F99BF806200332B5EB920F07F1040723
S2140252A005F10105F0DDE7E7D8F80410341D0131F9
S2140252B0204612F0A7F9012106F1080012F0A2F921
S2140252C00821204612F099F90146304612F09AF962
S2140252D099F80030404683F0010389F8003012F056
S2140252E09BF93846BDE8F88F642700201810002086
S2140252F02DE9F04F9A46431E85B016469BB24FF6EE
S214025300FD7293428146009100F2C380624B93F98C
S2140253100020624B53F822700AF0B1FF604BD3F8BC
S21402532040800C370546B8F1000F01D0ECF74AFF73
S2140253303C46204612F088F90190002841D1A17916
S21402534004F1040B0431584612F057F92368019A07
S21402535098422AD1A388E188994526D1CAB29642B4
S21402536012D1324604F108015046019313F061F857
S214025370019B48B9B8F1000F4FD128460AF085FFC5
S214025380002005B0BDE8F08F94E8030002AA82E888
S2140253900300DB43ADF80C304FF0FF33ADF80E30B0
S2140253A00399584612F02EF90246A379033303F402
S2140253B0FE7308331C4487EA0403B3F5006F1FD359
S2140253C002BB002ED6D006F1080B04EB0B035F409F
S2140253D0B7F5006F24D3FFF723FFC0F30A03044692
S2140253E01BB19B44BBF5006F1AD9B8F1000F01D070
S2140253F0ECF7F8FE28460AF048FF40F21B40C0E7EA
S214025400002A96D0B8F1000F01D0ECF7EBFE284642
S2140254100AF03BFF40F20340B3E7ECF7E3FEACE7EB
S214025420009BADF80C9046EA0323ADF80E3004F16B
S214025430040B04F1080303990093584612F0E2F8AD
S21402544006F10309009B4FEAA9090027B90008B92B
S2140254504F4513DB311D584612F0CFF80146204661
S21402546012F0D0F80446B8F1000F01D0ECF7BAFEFD
S21402547028460AF00AFF002C82D0CBE71A1D1846EF
S2140254805AF80110009212F0BDF8009A013713463E
S214025490DCE7212075E700BF1810002064270020F3
S2140254A000000E400846194608B580B21346CAB236
S2140254B00021FFF71DFF024B002818BF184608BD43
S2140254C006E000F073B5084616461D460DF10302C7
S2140254D001AB0DF1020180B212F0C5F8044658B9CC
S2140254E09DF80330AB4209D301992A46304612F0A2
S2140254F0E4FF204602B070BD014CFAE7014CF8E723
S2140255000BE000F011E000F038B588B215461C46F4
S214025510FFF7FAFD014620B18B7900202860236050
S21402552038BD0148FCE700BF0BE000F02DE9F74F5D
S21402553090461D4ABDF830900D4692F900101B4A5F
S21402554052F821600C369FB234464FF0000AC2452C
S21402555026D2204612F078F810BB0AF090FEA17907
S21402556001900431201D12F048F8834601980AF093
S2140255708CFE22685A4508D1A388BB4205D34B4508
S2140255809CBF45F8043B0AF1010AA179033101F4F4
S214025590FE7108310C4486EA0403B3F5006FD6D3D5
S2140255A0504603B0BDE8F08F181000206427002094
S2140255B001480121EBF73CBB00650A00084B10B519
S2140255C040F201141C6098600120586011448A421F
S2140255D002D1D869C04310BD12F8010B9861F6E7F4
S2140255E000C001401046044A1368591E033102D80F
S2140255F00021116018477047FC0C0020034B186806
S214025600034B002808BF1846704700BF74270020C7
S21402561000A70300014812F0A0B900BF7C270020B3
S21402562013B50B4C0229226005D10A4812F095F9EF
S214025630002002B010BD00930A46074B01460548FB
S21402564012F06DF9003818BF01204000F1E700BFE4
S214025650FC0C00207C270020E5550200014812F0D1
S2140256608FB900BF7C2700200148002112F0AAB99A
S2140256707C27002008B5064B1B68013305D0FFF7D0
S214025680EDFF80F00100C0B208BD0020FCE700BFBD
S214025690FC0C0020F8B50D4610B900242046F8BDD3
S2140256A00E4F3E68002EF8D100F0A2F804460028FD
S2140256B0F3D0386000F0E8F8204612F02CF838B143
S2140256C030463E6000F0E0F8204612F019F8E4E7B3
S2140256D0002DE3D02046A847E0E700BF7827002049
S2140256E0024B1868003818BF012070477827002040
S2140256F038B50C4605F06CFBA3780B4A13705A1E9D
S21402570055425541A8420CD0012B04D02846BDE88C
S214025710384005F045BB204605F014FB0028F5D0BE
S21402572038BD0020FCE700BF89310020024B002173
S2140257305B680846184700BF100D002010B50446E7
S214025740FFF75CFF0C4B1A1A53425341A34201D196
S214025750012010BD094B1B683BB9094A064B002CB9
S21402576008BF1346074A1360F2E712F0FDFB002853
S214025770F3D00020EDE700BFD8A60300782700206C
S21402578000A703007427002010B512F0DDFC0446C3
S21402579018B9034B01215B689847204610BD00BF2D
S2140257A0100D002010B512F0D8FC20B9024BBDE84F
S2140257B010401B68184710BD100D002010B512F0DF
S2140257C023F820B9024BBDE810401B68184710BDED
S2140257D0100D0020431E033306D8044B984228BF00
S2140257E01846642838BF6420704700BF40420F0046
S2140257F0F8B505460AF03CFD0F4B1E68074626B96B
S21402580038460AF039FD344611E0B4688CB194F893
S21402581010C01CF0010F0CD195E80F004CF0010CE3
S21402582084E80F0084F810C038460AF025FD2046AA
S214025830F8BD3668E3E700BF040D002038B505461C
S2140258400C4641B10B6833B11B68013303D0CB68F9
S2140258500BB18B684BB901F05FF8BDE838404FF4E6
S21402586092724121002000F0DFB9084601F092F85A
S2140258700023044A85F8DC30C5E92343C2E9003335
S21402588038BD00BF5019002010B5044618B9054BA4
S214025890054A136010BD04F09BFBD4F89830002B29
S2140258A0F6D1F4E7E9760300000D0020014B1868F4
S2140258B0704700BF5019002010B50C4604F0C6FB16
S2140258C0054B00215B68032098471CB105F044FC99
S2140258D00128FBD110BD00BF100D002008B50246FE
S2140258E00868FFF777FF08604868FFF773FF4860AD
S2140258F08868FFF76FFF8860C868FFF76BFF0B6961
S214025900C860581C03D00B48834228BF03460B616D
S2140259104B69581C03D00748834228BF0346886950
S2140259204B61FFF757FFBDE808408861104605F057
S21402593095B900BF40420F002DE9F84FD0F89030DD
S21402594006460F4613B1038B8B4244D0D6F88CB072
S214025950BBF1000F42D0DBF80830002B3ED0DBF85C
S2140259600C1000293AD0D6F8A0A0BAF1000F38D011
S2140259704FF000094D46C84601E0DBF8083005EB5B
S214025980C50203EB82040135E389BB4214D8238A9D
S214025990BB42304610D3B4F91220B6F924309342F3
S2140259A0A04653DD96F8D010EAF77AFE337D83429E
S2140259B081464BD9DBF80C108D42DED3B8F1000FCE
S2140259C03ED00023424619463046D0473783C6F8B3
S2140259D0908086F8D9900020BDE8F88F0320BDE8B5
S2140259E0F88FD1465446524647F6FF7504EBC40874
S2140259F003EB8808B8F80E30BB421BD8B8F8103054
S214025A00BB4217D3B8F91220AA4207D14FF0FF09BA
S214025A103783C6F8908086F8D990DCE796F8D010DF
S214025A203046EAF73DFE337D834281464246EFD951
S214025A30DBF80C100134A14204D9DBF80830D5E7B4
S214025A400120C9E7002AFBD09046E1E7A046B8E766
S214025A502DE9F04782B004468946164605F04AFB11
S214025A603B4D08B100236B602B68D4F88CA0D4F8A9
S214025A7090700BB153454BD04FF00008C5F8089014
S214025A8005F06AFB012836D12B68DAF800103A686E
S214025A9013B11868884246D0204612F031FBC5E999
S214025AA000A7D4F8A0508DF80760002D42D000223F
S214025AB00DF1070311462046A847204604F0D8FDFC
S214025AC00546B8F1000F00D08EB1B5FA85F040F267
S214025AD0DE324009332100F0A7F83146204604F0B2
S214025AE083FF1C4B05461B683946204698472846C6
S214025AF002B0BDE8F087012004F0A8FA164B002198
S214025B005B680320984705F027FB0128FBD1BBE71B
S214025B106B68002BB0D0BB42AED1AB68994514D0AF
S214025B204FF00108AAE7696811B109689142B6D038
S214025B305968B1E7217D94F8D930994228BF1946B1
S214025B403246204604F068FDB7E70025CFE700BFDF
S214025B5050190020000D0020100D0020F8B5054653
S214025B600E460AF085FB314607462846FFF7E4FE56
S214025B70044620B138460AF07FFB2046F8BD05F001
S214025B804DF9224631462846FFF762FF04460028B2
S214025B90F0D195F91030002BECDA284612F06FFBA4
S214025BA00028E7D02246A97D284612F0E3FA0446EA
S214025BB0E0E700BF13B50446694611F06BFE2046C7
S214025BC012F02FFAFF28024606D09DF80010204653
S214025BD0EAF7E6FD02B010BD0048FBE70080FFFFD3
S214025BE007B54FF400730A49ADF806300DF1060208
S214025BF011F06CFEBDF80630B3F5007F05D1022821
S214025C0008BF002003B05DF804FB0120FAE700BFDE
S214025C1094270020024B1960024B1860FEE700BF73
S214025C20080D00209429002008B550B90548064BF7
S214025C3001601A60054B1A68054B1A601868FFF770
S214025C40E9FF08BD080D00209829002078270020CB
S214025C5094290020054B1B680BB9184670478342EF
S214025C6001D01B69F8E70120704700BFA029002079
S214025C70094A13680BB918467047834207D11B6955
S214025C801360064A1368013B13600120704703F154
S214025C9010021B69EEE700BFA02900209C29002005
S214025CA02DE9F74FDFF83081DFF8309106460AF02B
S214025CB0E6FA98F800B001900123BBF1000F06D077
S214025CC089F8003003B0BDE8F04F0AF0DEBA404F64
S214025CD088F8003089F800B011F0C2FE08B111F061
S214025CE0BDFE3D683B4965B9DFF8F4A0DAF800204E
S214025CF03B68AA424FF000042FD836484FF0FF31D7
S214025D003BE06B7D8BB12B68B34202D09A1B8A4272
S214025D100BD96A6813442B60AB68003A18BF01229D
S214025D20003B18BF01236A75AB752D69DBE7907DD2
S214025D3020B1107D88429CBF014614461269002A93
S214025D40F5D1002CD9D0D4E90001A275411AD4E9C4
S214025D500232204698470135C8E71A46FF21EEE789
S214025D605A7D4AB11A68B24224D0921B824221D886
S214025D70914201D311461C461B69002BF0D15CB13F
S214025D802046FFF775FF38B13B682361DAF800302A
S214025D903C600133CAF800303B685A7D6AB911F09C
S214025DA05BFE064699F80030002B93D1019888F8DE
S214025DB0003087E71C460021DEE7186800F0D4F8BA
S214025DC0044611F049FE0646002C83D1EAE700BFDE
S214025DD0A0290020FCFFFFBF8B3100208A31002063
S214025DE09C29002038B5054608B31822002112F077
S214025DF04AFB0AF044FA02462846FFF72BFF20B178
S214025E0010460AF042FA022038BD0A4B1C6854B902
S214025E1009491D600B682C61013310460B600AF0BD
S214025E2034FA2046F0E704F110032469EFE7012074
S214025E30EAE700BFA02900209C29002038B50446C6
S214025E40FFF708FF0AF01BFA05462046FFF702FF97
S214025E50637D23B928460AF018FA032038BD0023CA
S214025E606375064B1B68A34203D111F0F5FDFFF7DD
S214025E7017FF28460AF009FA0020EFE7A0290020BB
S214025E802DE9F84FDDF82890DDF830B09846044644
S214025E900D46FFF7DFFE92460AF0F1F9074611F0CB
S214025EA0DBFD06462046FFF7D5FE637D23B120467E
S214025EB0FFF7C4FF0023A375BAF1010F23D175B90A
S214025EC0B8F1000F21D1B9F1000F03D05A4631467E
S214025ED02046C84738460AF0D8F9002019E035446B
S214025EE00D4BAA1B9A4210D8012363759DF82C30DD
S214025EF0C4F80890C4E900582375C4F80CB03046BC
S214025F00FFF7CEFEE6E7AE42EAD138460AF0BDF922
S214025F100120BDE8F88F00BFFCFFFFBF2DE9F0416E
S214025F2007468846FFF796FE0AF0A9F93D68064638
S214025F3011F092FD7B7D7BB185420DD0094B2C1A68
S214025F409C4209D830460AF0A0F9B8F1010F08BF02
S214025F5025462846BDE8F08130460AF096F9002527
S214025F60F7E700BFFCFFFFBF08B50023044A194647
S214025F7004F00AFA10B1012818BF032008BD00BFBA
S214025F80237A03002DE9F74F15460E2200900F469E
S214025F902A70EBB11C4C5B68A3428CBF0024012420
S214025FA0DFF868904FF000084FF0060AD9F80010A4
S214025FB05FFA88F30AFB03F3CA185079012809D955
S214025FC02878A0F10E035842584103B0BDE8F08F7E
S214025FD01C46E5E7A042CE5EB2F902B0117902D0C5
S214025FE008F10108E2E700980191002211F0FDFC99
S214025FF00028F5D001992970B7F90020B242EFDBEC
S2140260005A45EDDC0020E0E7FFC99A3B0C0D002064
S214026010014911F027BD00BF21B30200014911F06A
S21402602021BD00BFF5B2020070B5164E03283378C4
S21402603004460D461ED023FA04F202F00102AA42DA
S2140260401DD053B10122A24023EA0203A5402B43EE
S214026050DBB233704BB1012070BD2DB10A4B01206B
S2140260601B6898473378EDE73570074B00201B68AE
S2140260709847F0E79A07DED003F0FC03E9E7002032
S21402608070BD00BF8C310020E029002038B50446E0
S2140260900D46FFF725FB60B105F042F848B9012D21
S2140260A007D8012012F088F80D4B1B6823B15B68F5
S2140260B098470C4B1C7038BD09F0EFFB0A4B1A6868
S2140260C0801A1860E8F7FAFC084B1B684FF47A72DD
S2140260D002FB003011F021FC012005F029F8E8E768
S2140260E0842A00201A100020D8290020DC2900204B
S2140260F0F8B5124F05460C460AF0BAF83B78064643
S21402610033B1012D04D01CB90D48E8F723FC3C70CE
S21402611021462846FFF788FF0A4B1B7804463BB900
S2140261203B782BB912F00EF810B1074B1B68984754
S21402613030460AF0A1F82046F8BD00BF8D31002097
S214026140B42900208C310020100D0020054A0B4691
S214026150117831B100211170034A18785268012172
S214026160104770478D310020100D0020124B023967
S214026170012910B518701ED8FFF7B2FAD8B104F08C
S214026180CFFFC0B104F0EEFDA8B90C4B1C6834B1C9
S21402619023689847BDE81040002012F00DB811F0B1
S2140261A0BAFB074B186009F078FB064B18602046CE
S2140261B004F0BEFFEEE710BD1A100020842A00206D
S2140261C0DC290020D829002038B5044680B10AF020
S2140261D04FF801210446084609F06DFB01210846E6
S2140261E00A4A09F06EFB2046BDE838400AF044B879
S2140261F00AF03EF821460546012009F05CFB012024
S214026200024A214609F05DFB2846EDE74CA703004B
S214026210F0B5324D85B00AF02BF82B78044623B140
S2140262202F48E8F797FB00284AD1E8F7E1FB02AAD5
S21402623003A911F071FF0346002832D011F080FF47
S214026240029B98421ED10020264B03991B68264EBD
S2140262509942307021D9C91A00270123CDE9007767
S2140262601F482B70214A334609F0CEFA00282FD158
S2140262701F4A1378D90717D4204609F0FDFF0020DD
S21402628005B0F0BD11F05AFF029B98421ED0154B86
S214026290154A1B680393002010700121FFF7C4FE05
S2140262A0EAE720462B70E8E731780029E4D103F0CC
S2140262B0FE031370002BDFD10E4B1B689847DBE7FB
S2140262C0204609F0D9FF032005B0F0BD0220BBE747
S2140262D0032320462F703370F3E700BF8D31002072
S2140262E0B4290020D4290020191000204D61020094
S2140262F08C310020E029002038B5134D09F0B8FF94
S2140263002B780446C3B9114A11491370114B124A2D
S2140263101A601248124A5A60E8F79EFD114912485E
S214026320E8F79AFD114B124A1A60124B1B68124B81
S21402633002221A6001232B70AFF30080204609F078
S2140263409BFF002038BD00BF8E3100208D3100201B
S21402635054A70300100D002011620200A429002099
S214026360F16002005CA70300AC290020E0290020AF
S214026370C961020000300E40D42900200D4BD3F82C
S214026380E020D20314D50C494FF48032C3F8E8203B
S214026390C1F8EC209A6BD1B2C2F3072299679A67CA
S2140263A004229A6700229A679A679A679A679A6798
S2140263B0704700BF0010084000100846F8B50C4CA5
S2140263C00D461746064609F053FF0123A36204232F
S2140263D027606660A560C4F8E830064B4FF480720A
S2140263E0C3F8802109F048FF0DB10223A362F8BD6D
S2140263F00010084000E100E0054B1860054B012242
S2140264009A6540F6FF72196358635A65704700BF73
S214026410E8290020001008402DE9F04F042A83B036
S214026420054639D90B7883614B7883618B78836113
S214026430CB7883610068D5F808B06E6800F0070074
S2140264400123063003FA00F808F1FF3909EA0B07C0
S214026450A2F1040AA8EB0702924501F1040446F0F1
S21402646000560DD8F0192146524612F026F80AEBCD
S2140264700B0248EA09031A40AA6003B0BDE8F08F8F
S2140264802146F019019212F018F8019AA118AAEB07
S214026490080230463A44E8E7013A032AEDD8DFE834
S2140264A002F00B08050211F8013B836111F8013B6B
S2140264B0AB6111F8013BAB610B78AB6103B0BDE891
S2140264C0F08F00BF38B50C46104B1546014668B132
S2140264D00122C3F8B8200E482246FFF79DFF1DB1E1
S2140264E00A4B0422C3F8B820002038BD64B1D3F8A2
S2140264F09C20A24284BF0122C3F8B820C3F8984069
S2140265000222C3F8B820EAE70122FAE700100840A0
S2140265109010084010B509F0ABFE184B184901223E
S2140265209A65C3F888201A66164A5A660722C3F87E
S21402653084200A80144900220A804FF4A021C3F85E
S214026540E81003F1C0630446C3F8EC100F4B1A6060
S2140265500F4BD3F888305B020AD50E4B18680E4BE9
S2140265604FF48002C3F88820416BA43001F012FC7D
S2140265702046BDE8104009F07FBE00BF001008406C
S214026580462F0020A81A0020442F0020E4290020CD
S2140265900040084078270020004008440D4B0722A0
S2140265A01A800D4B00221A800C4B0121C3F8B8103A
S2140265B0C3F890204FF40052C3F89400C3F8B420F6
S2140265C0074BF0221A6403F10073A0221A64FFF745
S2140265D0A1BF00BF462F0020442F00200010084015
S2140265E0000008442DE9F041044688B1394E3A4F7E
S2140265F009F03EFE3388394A03F07801032C05463B
S21402660003F07F0C114453D13C6824B909F034FEE0
S2140266100320BDE8F08124F00104386820F0010070
S214026620A0424AD100223A6022886FEA42426FEACA
S21402663052428C42228036D1294CDFF8B8C02788D5
S214026640ACF180083A46083A92B201F10800604579
S21402665028BF4046082A04D9B0F900E0BEF1000F70
S21402666036DB22803B440C8888781E499B1ADBB2B4
S214026670C4F30C04CC6300F007003380CB66C1F889
S2140266808420FFF77BFE04280DD1174BD3F8883001
S214026690164B1868164B4FF48002C3F88820416BDD
S2140266A0A43001F077FB284609F0E6FD0020B0E7AB
S2140266B0601E012898BF0C46AFE70948624400886E
S2140266C0A21A48BF803208389042ADDC28469DE7C1
S2140266D00146B8E7442F0020E4290020A81A00202B
S2140266E0462F00200010084000400840782700206F
S2140266F000400844281B00200E490F4B0A881B88BE
S2140267000E481344073B03F0780303440832987894
S21402671092B20A8000F0070009490428C1F88420D2
S21402672004D101F540514A681203FCD4054A1360AD
S214026730704700BF462F0020442F0020A81A0020D2
S21402674000100840E429002010B5054C206828B146
S214026750C30701D4FFF746FF0023236010BD00BF26
S214026760E4290020084B4FF48032C3F8EC2003F1F2
S2140267707C43C3F8E420D3F88030C3F30C03782BB1
S21402678001D8FFF7FBBD7047001008442DE9F84317
S21402679004460E4609F06CFD504B514D1A882D8862
S2140267A08146504802F07801032C02F07F03014430
S2140267B017D14D4C24688CB92A44073A02F0780265
S2140267C084180344E31A48BF8033AB4210DB4846C2
S2140267D009F052FD00242046BDE8F88324F00104A7
S2140267E0EFE7012C02D0022CEBD1083D0C46E8E77D
S2140267F0002E41D08C423D4942D1D1F83C800A6BF2
S21402680002F00702063201279740D1F88020C2F331
S2140268100C029A4247DDB4F900302588002BD6DBFD
S214026820A378C5F30C0503F007037A1EA5EB08054B
S2140268303A43052B337005EA02052CD82DB2E843FD
S21402684040F236420421C00FFFF7EEF97580E37876
S214026850274A337412687B1E03EA0803D118B16014
S214026860A9B213FA85F5BD4289BFFF1A0023B78085
S214026870F2609CBFB180F360484609F0FDFCAAE7CF
S214026880A4F10802824238BF04F17802B2F800800E
S214026890C8F30C08B3E7174BDB6C003B18BF0123A9
S2140268A0A5EBC305CAE78B6B7A1EA3EB08033A4334
S2140268B01A40114B15B25B686AB9C3F30363D91E5B
S2140268C04B424B41DB0033700B4B7280D3F8903057
S2140268D0C3F30723BCE70823F5E700BF442F0020D5
S2140268E0462F0020A81A0020E429002000100840A5
S2140268F0E82900200000084000400840431C08D059
S214026900044AD2F83C311B0C1B0480B20343C2F883
S2140269103C31704700400840024B10221A7004F0C7
S2140269207DBA00BF1B100020054A1378102B04D036
S21402693018B123EA010313707047FFF7EDBF00BFDB
S2140269401B100020034BC31A58424FF00101584156
S214026950FFF7EABF690345EC40B1054B1A8882424D
S21402696004D2002018800421FFF7DEBF0120FAE7D8
S214026970482F002010B5044611F044FA00B1A08B4F
S214026980034BBDE8104018800020FFF7E5BF00BFAC
S214026990482F002010B5104CD4F8B4305B0004D455
S2140269A001F040FA0221FFF7BFFFD4F8B430591CB9
S2140269B00FD05A000DD4094B1878012809D9A0F136
S2140269C0080358425841BDE81040A6223121FFF77D
S2140269D02BB90120F7E700BF0081E00F1B10002053
S2140269E0024A137843F00803137070471B10002006
S2140269F0034B1A689B88026083800020704700BFA2
S214026A00F60F00200F4B0628D3F8883104D183F402
S214026A100013C3F340507047022805D113F4400F09
S214026A200CBF01200020704750B9074AD2F8D400A4
S214026A3010F0010005D083F48003C3F38050704742
S214026A400020704700400E400081E00F0C4A52883A
S214026A50B2F5E16F94BFC8225A2210B594BF7824CB
S214026A60502490428CBF172210220A70054A034611
S214026A70107818B19C422CBF0020012010BD00BF28
S214026A80F60F00201F10002013B5234B1B780E2B89
S214026A9004463ED00DF10701FFF7D8FF1E2C8CBF2F
S214026AA01E4C1F4C9DF807304FF001028CBF01218F
S214026AB00021C4F8082170B1194A4DF60174C2F8D3
S214026AC004411B0202F1007243F44043C2F804314F
S214026AD0144AA2F8D430134A134C92F8D83023F052
S214026AE00103034323F0020343EA4103DBB282F8C5
S214026AF0D83024786CB923F0040343EA800323F0E9
S214026B000803B2F8D440A2F8D64043EAC10382F89A
S214026B10D83002B010BD00BFF60F00200040084675
S214026B2000400844001F002191310020084B094A0A
S214026B30D3F88831DB4303F4FE1343F40053B3FA6D
S214026B4083F30E33A3EB4313013B1370704700BF6E
S214026B5000400E401E10002002280CD0062802D04C
S214026B6020B100207047054B18787047034B187801
S214026B700430C0B270470720704700BF1E100020C6
S214026B802DE9F7433A4E3B4F96F8009015463A4A9F
S214026B90D2F8C820B9F1020F0446884607EA02076F
S214026BA01AD147EA006788F80000002372882B6033
S214026BB0B2F5E16F94BFC8225A2227F47F57944257
S214026BC027F008079ABF380A00F47F5043F6C870C9
S214026BD0384303B0BDE8F083284A1278904228BFB3
S214026BE0144604EB83030B70F4B1013CE4B24FF09D
S214026BF030632B606A4601A9204611F02DF8DDE9C4
S214026C00002347EA03671E4B98F800101B7847EAF2
S214026C10823747F47F5747F008073BB90029194BDC
S214026C2018BF4FF07F43C1E7164BE2E7164B1748F3
S214026C30B9F1060F08BF03462AB90029114B18BF3F
S214026C404FF07F43B2E7B2FA82F2C2F11F02D2B22B
S214026C509B5CDBB239B15A1ED2B2FD2A05D81B069E
S214026C6043F00403A2E7074BA0E74FF07F439DE7FC
S214026C70F60F00203F00C0E0001F00211E1000207B
S214026C80923100200400000BB883E00FB083E00FBF
S214026C902DE9F3410446C820FFF7F6FE2B4B2C4E97
S214026CA018780E2801D0FF2C05D1FF243470204618
S214026CB002B0BDE8F08102282DD1072C204628BF5D
S214026CC0072001284FF0000301AA0DF1030138BF87
S214026CD00120FFF755FF05461E4B1F4FDDF80480C7
S214026CE0C3F85881C7F8C8509DF803403470204650
S214026CF0FFF7CAFE194A4FEA082303F4E063127844
S214026D0043EA1863A7F8D030002AD0D1C7F8CC508F
S214026D10A7F8D230CBE7A0B9052C32BF002701274F
S214026D200420201A3B4601AA0DF10301C0B2FFF768
S214026D3027FF4FF48003054637B1094AC2F80831E7
S214026D40CAE700273846ECE7064AF7E7F60F0020C0
S214026D502010002000400840001F00219131002032
S214026D60004008460040084408B501F0C9F9094B3E
S214026D70094A002818BF1A46136823F47F115B08D5
S214026D8003F4FE130B431360044B4FF00072DA61F8
S214026D9008BD00BF004108401841084000400840B6
S214026DA008B501F0ADF9064B4FF4001228B1C3F84E
S214026DB000214FF000621A6208BDC3F81821F8E7F6
S214026DC000400844014B1868704700BFEC290020B9
S214026DD0436C012B38BF01232DE9F0479A46464BF8
S214026DE0464F9B69464E474D03F4E073A3F5C072C7
S214026DF0804645485142514102685245434A0FD1A6
S214026E0014788C420CD198F8D0C03C78A44507D1AF
S214026E1098F815C03478A44502D1A888BDE8F08752
S214026E20B3F5C07FC0F800A011704AD1D8F89440DC
S214026E3024B12368082B58D994F838400F212046ED
S214026E4010F0ECFEBAFA8AF3002852D0B0FA80F2BA
S214026E509B1A002BC6BFD840C3F10F094FF00F098B
S214026E60504501D909F1FF39234B2004C3F8BC0071
S214026E7003F1806340F6FF72C3F8B82003F1007393
S214026E804FEA0921C3F8B81010F0F9FEA88000F006
S214026E9025FE09F01F094FF4FA7304FA09F45C435D
S214026EA041F66A03B0FBF3F00A23B4FBF0F45C434A
S214026EB0174B1C6098F8D0303B7098F8153033703A
S214026EC0ABE798F8D030062B06D1124B1B78002B76
S214026ED00CBF9624C824B1E7022B08D00D4B1B78B2
S214026EE0002B0CBFB424F024A8E70024A6E7322423
S214026EF0A4E74FF00F09B7E7006008401D10002016
S214026F001C100020F60F0020180D002094310020DF
S214026F10EC2900209231002070B506460C46154634
S214026F2011F0ADF958B3F27CD31E012B1ED9112AEB
S214026F3003D81D4BD340DB0718D41C4B1C4AC3F89E
S214026F40502103F100730022C3F850210025174B8D
S214026F5040F2F712C3F850212B01164A03F4F873D5
S214026F6005F007052B43C2F850311AE00F4B104AC2
S214026F70C3F8502103F100734FF44402E4E7FF2CF8
S214026F800DD00A4B0A4AC3F8502123042405094AA5
S214026F9003F4E02304F0F8742343C2F85031FF2DC3
S214026FA0D5D1002070BD00BF84F60300004008441F
S214026FB00000F70100400846F8B5134B134E1F6851
S214026FC0134D384601F088F83378C4B2A34201D193
S214026FD02B78A3B1092C14D80E4B012C195D05D1C0
S214026FE00D4B1B78022B01D141F0400101F00F023C
S214026FF038460909FFF790FF002334702B700020F3
S214027000F8BD0024FA21F1E778270020903100200D
S2140270108F31002064A70300F60F002038B504461F
S21402702000F004FD142200212E4811F02CFA2E4BFB
S21402703025781A782D49521B18BF01220A70226839
S2140270401A60C820A2889A80FFF71EFD284BD3F844
S214027050C820284BFF211970274B2849062D03EA22
S2140270600203274A1AD14FF4EE40C2F824014FF425
S2140270708A42C1F82421012243F08043C1F820212C
S2140270801B4AC2F8C8301E4B0322C3F85821FFF72A
S21402709093FF1C4B01221A70002038BD022D4FF0C0
S2140270A007000ED1C2F80C010620C1F80C011649E1
S2140270B0C2F808114FF4404143F00303C2F804112A
S2140270C0DEE7C2F80C010520C1F80C01C020C2F8A8
S2140270D0080143F08043812243F00403C1F80821EB
S2140270E0CEE700BFC81F0021F60F00208F31002018
S2140270F0001F0021201000202800C0A000400846E3
S2140271000040084493310020C1004000014B187033
S214027110704700BF9231002073B5264B044618789C
S2140271200E2841D0FF2C42D000283AD1052C32BF7F
S214027130002301230420201A01AA0DF10301C0B284
S214027140FFF71EFD1C4EC6F8CC00019A96F8D850E2
S214027150130203F4E06343EA1263A6F8D2309DF802
S21402716003400DF102012046FFF770FC05F0FB0517
S2140271701E2C45EA800594BF0023012325F008054E
S21402718045EAC30586F8D8509DF802200B4B43EA21
S2140271900223A6F8D6300123094A2046137002B00D
S2140271A070BD00231846C6E70023FF24F4E7002339
S2140271B0F2E700BFF60F0020001F002100C0FFFF0D
S2140271C091310020104A114B00201870D2F8C830B6
S2140271D0C2F8CC30B2F8D030A2F8D230B2F8D430FE
S2140271E0A2F8D63092F8D83003F0FB03990001F0EB
S2140271F004010B4303F0F703990001F008010B4367
S21402720082F8D830704700BF001F0021913100205D
S2140272102DE9F0472D4C2E4B236000F05FFC4FF417
S214027220FA7307464FF47A76B0FBF6F629482A4AEE
S2140272307343190E1B02181841F10001002305F0D2
S21402724047F9A0F580730546A36220B966222B2172
S214027250FEF7EAFC01254FF47A726A434FF0000A01
S21402726053465008310205F033F91C4B19601C4B8B
S214027270B7F57A7F4FEA05688946044618604FEAF2
S214027280152505D276222B215046FEF7CDFC012687
S2140272904FF47A73A8FB030103FB05117308C018A9
S2140272A041F100010023324605F012F90D4B02347B
S2140272B019600D4B49F10009A408186044EA897464
S2140272C0024B013C1C63BDE8F08700BF005008403B
S2140272D00211010020A1070040420F00FC290020F5
S2140272E0F8290020F4290020F0290020044B4FF052
S2140272F00052C3F880211A60024B01225A6070477E
S21402730000E100E000500840074B4FF00052C3F87F
S2140273108021C3F88020BFF34F8FBFF36F8F034BDC
S21402732004225A60704700BF00E100E000500840A7
S21402733010B50446A242A2EB0000A3EB010104D260
S214027340034B1B6B01331844013901F0030110BDD6
S2140273500050084038B502010A4B01259D500A4AE2
S2140273604FF4807383405366044608F081FF074A51
S2140273701378A54023EA05031370BDE8384008F0E9
S2140273807BBF00BF005108440050084095310020E2
S2140273902DE9F0471546044688461E4608F068FF63
S2140273A0022D00F0B880074608F069FF6C4B6D4A64
S2140273B0D3F8189092F815A0DA6D5FFA8AFA520797
S2140273C044BFD3F818900AF1010A08F05EFF664B34
S2140273D0664A1B6811684FEA8A7CA3FB093213F1DE
S2140273E0004301FB09CCD8F800304CEB020C012D0F
S2140273F004BF01336344ACEB030C08BFC8F800308B
S214027400BCF1804F0AF0030AC0F09880584AD2F8BE
S21402741000C0584AD2F800E0514A23F04041106BAF
S2140274204FF000480022ECFB01820EFB0122824252
S2140274304FEA937381BF01330130121A03F003033C
S214027440A3EB0A03914588BF4549DFF848C184BFCC
S214027450096B03F1FF3303F003030CF80430A2EBCD
S2140274600900A3B1F10742BF434B41F61F71D9662B
S214027470B30742BF404B4149D966710742BF384BFA
S21402748000211967330742BF354B00211965344B7B
S21402749004F1100103EB041E0901CEF80C2111229F
S2140274A05A5037499A694FF0010EA2EB090A0EFAB2
S2140274B004F8D3F85C900A785FFA88F848EA020281
S2140274C082450A7026D34FF48072A24019EA020F50
S2140274D020D11CF8040000283FD10DB3F0071A662D
S2140274E008D5254B274941F61F7240F20110DA668D
S2140274F0C866DA66B10706D51F4B22491F4A2248DC
S214027500DA66C866DA66720742BF204B01229A60C4
S214027510330719D4384608F0AFFE0120BDE8F087DD
S2140275201B48240140F804E05A6608F0A1FE1449FC
S2140275300B7823EA08030B7008F09EFE384608F024
S2140275409BFE0020BDE8F087212000F0A5F9044B41
S2140275504FF480325A603846DDE71A663846DAE774
S21402756000500840502A0020F0290020F42900206C
S214027570F8290020FC2900200050084400001F1FA4
S21402758095310020005008460000010100400840E6
S2140275900051084496310020024B1878003818BF74
S2140275A001207047953100201030034B0001185817
S2140275B000F00100704700BF005008401030044B36
S2140275C001F46001000141F003011950704700BF49
S2140275D00050084038B508F052FE084B084A9D692C
S2140275E0547DDA6D520748BF9D69E4B248BF013444
S2140275F008F04BFE284604F0030138BD0050084050
S214027600502A002038B50B4B03EB00121030000155
S214027610D2F80C411D58FFF7DDFFAB0706D58442B2
S21402762000D90139204601F0030138BD844238BF33
S2140276300131F7E70050084008B5222000F02CF987
S214027640024B4FF480225A6008BD00BF005008402B
S214027650064B1B68434303EB8171054B1B68A3FB78
S214027660003013F1004341EB00007047F42900207C
S214027670F02900200D4A10B5146820F04043014658
S2140276804FF000420020E4FB0320094A126802FB86
S2140276900300084B1B6B98424FEA917104D90133E1
S2140276A00131C01A01F0030110BD00BFF829002005
S2140276B0FC29002000500840F8B5064603F030FDCD
S2140276C0044608B1FFF720FE084D094F00232B6140
S2140276D030466B61AB617B75FFF7CCFFC9B279753B
S2140276E0A8610CB1FFF702FE0020F8BD005008406A
S2140276F0502A00203B4B082270B501210546C3F8EC
S214027700C8203948394CE9F793FA394B1D7023786B
S214027710013B012B0CD8237CE07B01229A400C21F2
S214027720302313FB001303F1884303F520431A604A
S214027730304B00225A677DB92F4A4FF6FF71D16748
S21402774002F10072F821D1675D672C4B4FF0804240
S214027750C3F89420002070BD636853B300F0BEF9EE
S214027760626800EB5203B3FBF2F3013B1B0243F0E9
S214027770F80326782049224A022E1CD0032E1D48E2
S2140277804FF6FF7521D0012E27D143F00203CD67B5
S214027790D36707234367237CE07B01229A400C21B0
S2140277A0302313FB001303F18C4303F520431A60C6
S2140277B011E0F823DDE743F001034FF6FF70C867D8
S2140277C0D3670C4B05225A67E5E743F00503CD67FE
S2140277D0D367012343670B4BB8E7CD67D367002314
S2140277E0F8E700BF00400E4600350A00002A0020D7
S2140277F09B31002000000840000008440040084476
S2140278000000084600400846F8B5064604460FCE75
S2140278101C4F3D460FC533682B601B4B1B48082286
S214027820C3F8C8200121E9F703FA194A002353676F
S214027830A37BE17A1B0443EA0123217A0B43936775
S2140278403B78032B1BD8DFE803F01402080E617B9B
S214027850207B00230422EAF7D1FB217CE07B002375
S2140278600422EAF7CBFBA17A607A01230422EAF724
S214027870C5FB084B1878BDE8F840FFF73BBF012070
S214027880F8BD00BF002A002000400E4600350A0060
S214027890000008409B310020044BD3F89430002BA4
S2140278A0BCBF034BC3F88000704700BF00400840CF
S2140278B0000008404FF0006318B1034AC2F8943043
S2140278C07047024AFAE700BF0040084600400844F4
S2140278D008B5074B1B681A68064B920019684FF0EA
S2140278E0045010F0EAFDBDE8084000F05BBF00BFA0
S2140278F0142A0020182A002007B501A8EAF7C8FDB6
S214027900134B144AC3F8442148F2E672C3F83821EE
S2140279104FF40862C3F834210F4AC3F8A0200F4A76
S2140279204AF63F41916002F580424FF0C071916283
S2140279300022C3F8FC200A4AC3F89C20094B7F2287
S2140279405A6203F1007323225A6203B05DF804FB05
S21402795000400840C0E653517A27000F0030084026
S214027960806D630300300844064B1B783BB1064B20
S214027970064A1A60064B074A1A6000207047022021
S214027980704700BF9C310020182A0020A8A70300D9
S214027990142A0020A4A7030038B51B4B0022C3F804
S2140279A08820C3F88C20C3F89020184A4FF4007140
S2140279B05162174A0121D1605A6812F0706FC2F301
S2140279C00365F9D14FF00452DA671249124C0122CC
S2140279D0C3F880201966227008F0C3FB0F4B25708F
S2140279E0186820B10E4B1868003818BF012040F204
S2140279F07E525421FEF718F90A4B1B6898470A4B29
S214027A000122DA6038BD00BF00400840000008408E
S214027A1000400846A01F00219C310020182A0020A2
S214027A20142A00201C0D002000400844034BFD22AF
S214027A30C3F8C8200122C3F8CC20704700400E4687
S214027A4038B5FFF7F3FF1B4B1B481C4C1C490222A0
S214027A50C3F8C8201B4B1A6842B102EA0005A542C9
S214027A6004BF5D68156008338B42F4D1164B0222C0
S214027A70C3F8C820154B164AD3F83C111160154AB4
S214027A80C3F8942000F0DAFBFFF736FF124B03220E
S214027A90C3F8D820A3F500530122C3F894204FF46C
S214027AA06072DA604FF04072C3F8F820C3F8102113
S214027AB038BD00BF00400E460000FFFF0000084031
S214027AC0B081E00F0080E00F00400E440040084006
S214027AD0200D00200048F0000060084608B5EAF7CE
S214027AE0D1FE044BD3F81031C3F308230133B0FBA5
S214027AF0F3F008BD00400E4070B5044618B1284D9C
S214027B002268531C00D170BDC2F30063110C35F815
S214027B10130011F0FE0F93B243EA0043606818D0D8
S214027B200434CAB2022A216808D9D4E90160033AA9
S214027B30C3E9001698600C340C33F3E704D162688C
S214027B40C3E900120834DBE7012AD9D104341960EC
S214027B50D6E7120F072AF5D8DFE802F00704090D68
S214027B601013181DC04303F180631860EAE71A6811
S214027B7042401A60E6E703F1C063F6E710F0ADF89C
S214027B80E0E70122824003F1C063F2E7012282406D
S214027B9003F18063EDE71A6830EA0202FBD1D1E70F
S214027BA06EA70300024B0122C3F89420704700BF61
S214027BB000400846024B0122C3F89420704700BFDB
S214027BC000400844024B4022C3F89420704700BF8E
S214027BD000400844024B4022C3F89420704700BF7E
S214027BE00040084608B50C4B1B68D3F8943023B106
S214027BF01A68022A01D9186A08BDFFF76FFF074BF9
S214027C001B6D024698B20028F6D0C3F30743D2088B
S214027C105343B3FBF0F0EFE77827002000600840FC
S214027C20064B5B68C3F30363984206D1044A536B60
S214027C3023F0F00343EA0111516370470040084005
S214027C40001F002110B50446FFF7CCFF104AD2F8F9
S214027C5030311B040F4B1B6C03F4C05348BF400863
S214027C60B3F5805F0ABF136BC4F30113C3F341631A
S214027C70022B05D0032B09D0012B00D1400810BDE2
S214027C80C4F3C4240134B0FBF4F0F8E78008F6E746
S214027C9000600840000008402DE9F0470E4610F04C
S214027CA006F8DFF8B090DFF8B0A08046002508F0AE
S214027CB0DFFAD9F80430C3F30363012B07460BD16E
S214027CC0711C1AD00FF0F3FFA0EB0805384608F037
S214027CD0D3FAAE42EBD80DE0052BF1D00B2BEFD04A
S214027CE0023B012B0CD9013602D00FF0E0FF3846DA
S214027CF008F0C2FA1648BDE8F08708F0BDFAD6E7E3
S214027D00DAF808301A04C3F389140FD4013602D005
S214027D100FF0CDFF384608F0AFFA24B2A4F1C8003F
S214027D206FF4FF739842B8BF1846E4E7731C03D09B
S214027D300FF0BDFFA0EB08056FEA84546FEA945477
S214027D40384608F099FA14F5007FC2D0E6E700BF7D
S214027D5000FEFFFF0040084000700840024B012270
S214027D6018619A60704700BF00200840084910B5A5
S214027D70D1F8703140B11C464A68D1F870319C4245
S214027D80F9D1C2F30362027003F00F0010BD00BF08
S214027D9000400840094BD3F8883001F0800103F414
S214027DA080030B4309D1064B4FF400129A61837F7E
S214027DB01BB1044B0122C3F8F8207047004008406C
S214027DC0006008440060084610B508F051FA084BF7
S214027DD01B6804463BB1984728B1002200204FF4A6
S214027DE0806100F00BFE2046BDE8104008F044BA61
S214027DF01C2A0020094B0A48D3F8B41010B521F00B
S214027E001F01D3F8FC400904090C0FF098FF24F078
S214027E107F41BDE810400FF092BF00BF0081E00F27
S214027E20CF13468B2DE9F84F044610B90020BDE863
S214027E30F88F00F11703B3F5002FF7D21E4F1F4A33
S214027E403D78002390469D4218D8FFF7D3FF21685D
S214027E500FF09BFF61680FF098FFD4F80C90002695
S214027E604FF0240AB14511D123698342DED1062D93
S214027E7008D048F8254001353D7003E052F8041B4F
S214027E80A14201D10120D2E70133DCE7A2680AFB56
S214027E9006F312EB030B0CD00BF12301B1F5002F06
S214027EA007D2D1580FF071FF04220BEB02010FF03C
S214027EB061FF0136D6E700BF9D310020202A002050
S214027EC02DE9F0411F4CDFF89080069F0646A2FB84
S214027ED003502C1960F1000E9C46A0454FF000039B
S214027EE073EB0E0E07D24FF4B4720E211846FDF74E
S214027EF09BFE02201BE00029FBD0C6F3130601EB13
S214027F005C04B4FBFCF4A4FB0646E40C44EA4634E8
S214027F100D4E34600D4C22600D4A914209D10D4A35
S214027F20A5FB025302FB00339B093B600020BDE821
S214027F30F081C4040A46E80444EA553104F0C8FA5B
S214027F403860F3E700C9E876382A00203C2A002089
S214027F5000F049020A3BB2DF0046C32338B5164D8D
S214027F602B780C4623B9154B1B6D03F03F032B7081
S214027F70134BD3F894305B051CD5124BB0FBF3F0D1
S214027F8040F24D534343A3F546430C3B584300F59A
S214027F90C91000F5556028B940F21B322B21FDF7B7
S214027FA043FE01202B78084A5343B3FBF0F300202C
S214027FB0236038BD0220FCE7A131002000300840D3
S214027FC00040084000366E018096980070B5374C27
S214027FD0374B256B374C1B682468ED024CBF1B19C8
S214027FE01B1BB3F1804F04D8002B3AD1324E1C46ED
S214027FF00AE0B3FA83F4314EC4F10204E340304D92
S214028000AB4201D901345B0803EB5605B5FBF6F526
S2140280102C4EB34234BF002601262403013D44EA17
S21402802086242C430C60D8B1B3FBF0F1642400FB29
S21402803011336343984288BF01F1FF314808013883
S21402804001390728204D214C4FEA510311D900214E
S21402805029700621C4F894101B0243EA0013136029
S21402806070BDB3FA83F4D4F10204134EC6D50024CD
S214028070C5E71029EBD068B1012129700621C4F8A2
S2140280809410134909780029E6D012490224C1F84F
S2140280909440E1E7012914BF0121002129704FF025
S2140280A00601C4F89410ECD1D6E700BF00300840B1
S2140280B03C2A0020382A0020E0673500C0CF6A003C
S2140280C03FBE4025401B5F139E31002000400844FF
S2140280D09F31002000400846084B5B6B03F0070008
S2140280E0C3F3C20213F0380F18BF5043C3F3821211
S2140280F013F4E07F18BF5043704700BF00300840BB
S214028100034BD3F8380180F01000C0F3001070471C
S21402811000400840174B4FF4002210B5C3F89420D5
S214028120154C164BB0F1804F88BF1C46144BDA6CC8
S214028130D2071DD51B6F134A04F5F42404F5907478
S214028140B4FBF2F4033CE4B203F00703A34202D00A
S2140281502046E9F7C9FE0C4B1B784BB10B4B4FF48C
S2140281607022C3F8942003F100732404C3F89440E9
S21402817010BD00BF00400846E0673500C0CF6A0069
S21402818000300E4040420F00A0310020004008445C
S2140281907FB50446EAF7B2FB1C4B06462C335868FA
S2140281A00093A37922683146FFF78AFE054648BB4C
S2140281B0A379012B14BF164916491022C1F838219B
S2140281C0206815495843FFF7C9FE03AA02A930469C
S2140281D0FFF7FCFE0F4A43F6FF53C2F8A4300C4BDF
S2140281E00299C3F8A4104FF4EE611163039A1A635E
S2140281F02068FFF78FFF094BA2881A6203F54053E7
S21402820000229A63284604B070BD00BF00300840C2
S214028210004008460040084450300840000008402D
S21402822008B5044B01221A70034B1868FFF772FF59
S214028230002008BDA03100203C2A0020024B4FF44B
S2140282408062C3F894207047004008460D4BD3F86E
S2140282500421D3F8B030D2B2FF2A03D043F3074347
S214028260591C01D190221923074903EBD37302EB61
S2140282706302022381F84230232381F8432081F8E7
S214028280413070470081E00F001F002140B10368B3
S214028290012B05D90069034B002808BF1846704712
S2140282A00048704774A70300064BD86DDB69C0F31D
S2140282B0011203F01F03000C02FB000001331844F6
S2140282C0704700BF0060084070B504461F480D4660
S2140282D0FFF7D0F91E4BD3F8306116F400464FEA8A
S2140282E0C01015D000F574431A4C1B4A2433B3FB56
S2140282F0F2F32B60194B00EB5400B0FBF4F068600D
S2140283005B68D9020AD5002406B10334AC6070BD9E
S214028310002CEFD1114B5B68D802F7D4104B0F49F3
S2140283201B68D1F8A820C3F3810312F4806403F11A
S214028330010309D1D2B2FF2AE6D0D1F8AC20520509
S21402834048BF04EBC304DFE7DC00F3E740420F005C
S2140283500060084020A1070048E80100000008402D
S21402836000200840084B1A68C117A2FB000310F150
S214028370807002FB013343F10003400E40EAC31053
S214028380803820EAE0707047442A0020174B072204
S21402839070B5C3F88420FFF7A1FB154B154A164E9D
S2140283A0C408010B0546E005C01841F10001002390
S2140283B004F08EF8114B18604EF66020FFF7D2FFDD
S2140283C04042C6F89C000E48FFF754F9024658B1E0
S2140283D0E301500818184FEA15714FF0000341F1F7
S2140283E0000104F075F8706770BD00BF00400840D9
S2140283F0B2E60E0065CD1D00001F0021442A0020B3
S21402840040420F002DE9F047064608469846FFF719
S2140284103DFF15460746002E00F0B08018F0050F07
S21402842063D03469002C00F0AB80FEF7CBFC4FF42F
S2140284307A735C43201A7B68A0F6AC50C01AFFF72A
S21402844091FFB48B6862002C00F09D80FEF7BAFCA8
S2140284504FF47A735C43201A7B68A0F6AC50C01ABD
S214028460FFF780FFA861614BF468D3F80090DFF84D
S2140284708CA1002C00F0B080FEF7A4FC4FF47A73B7
S2140284805C43241A7B68A4F6AC54E41A99F81130BB
S214028490053B012B7AD8DAF80020A4F53E44EB3CE3
S2140284A0E117A4FB023402FB014413F1807144F18C
S2140284B00000490E41EAC0118039E9614C49A2FB2D
S2140284C001219B1A64EB010413F1807344F100044A
S2140284D05B0E43EAC413803B2B62B469FEF772FC60
S2140284E0014620460FF0FEFC286318F0020F29D042
S2140284F073684FF47A7058435BB13B6803F51C53BC
S21402850010331844B37F002B46F2A81308BF00238B
S2140285101844FFF727FF7369E862002B5FD078687C
S2140285204FF47A7202FB0300B37FA0F50350002BD0
S214028530A0F1100046F2A81308BF0023C01AFFF7E6
S21402854011FFA86218F0040F18D0B068002849D0AE
S2140285504FF47A735843A0F503501038FFF702FF22
S214028560286133684FF47A70584323B13B6803F5A9
S2140285701C5310331844FFF7F5FE6861BDE8F08718
S2140285804CF250305BE74CF2503069E73B68E41A35
S214028590DAF80020E117A2FB044314F1807402FB10
S2140285A0013343F10003640E44EAC314803C114BCA
S2140285B0EC61114CD3F884302B622368002B8CD0EC
S2140285C048460FF0FAFD002887D02368D9F84800FD
S2140285D02A463946984780E74CF25034D8E747F2A5
S2140285E03050ACE747F23050B8E700BF782700209B
S2140285F0101B0200001F0021402A0020442A0020EF
S21402860008B9FFF751BE034881420CBF2F20BC2099
S214028610704700BF48E80100E0B5074608461E4618
S21402862015460FF04BFB7B7C053B012B06440DD811
S2140286300C4B4BF6EB61002D18BF19464FF4FA723D
S2140286400A44094892FBF0F03044E0BD074B084A62
S214028650D3F8F800FFF71AFE01680029A8BF4FF406
S214028660FA72EDE7FBD9020018FCFFFF001F00219B
S2140286700CFEFFFF2DE9F04F384C0A4685B00D463A
S214028680002181460FF0FFFED4F8C83043F06C029A
S2140286909A4204D00025284605B0BDE8F08F304B3C
S2140286A0DB68D907F6D4FDF701F90028F2D0D4F832
S2140286B01061C6F30826002EECD12A4C2A4BD3F8BA
S2140286C01880D4F884300193284B4FF060529A6198
S2140286D003F100734FF000629A612423C4F88430D9
S2140286E0234B04221A604FF4804A4FF48053C4F896
S2140286F068A0B3466362AB4512D31E4B04221A60CF
S214028700184A019BC2F88430184B4FF060519961A9
S21402871008EA010318498B614FF480439366BAE76F
S214028720226E5204FCD52268D305F9D5C4F868A097
S2140287300136D4F888200392012EDCD9A5EB0B076C
S214028740042FA8BF04273A4609EB0B0003A95F448F
S2140287500FF0B3FE1FFA87FBCDE700BF00400E40C6
S21402876000400840000008400060084000600844DE
S214028770004008460040084400600846074BD3F80D
S214028780D8304FF604014FF605029BB28B4208BF63
S2140287901346034A01209365704700BF0081E00F2D
S2140287A00050084070B5194C0FCC86B001AD0FC50D
S2140287B0CC22236816482B6000210FF064FE842228
S2140287C0002114480FF05FFE134B144AC3F8F02042
S2140287D0FFF73CFD124B1B782BB101AD0FCD0B4EB4
S2140287E00FC62B6823600F4B0F4AC3F8DC2F0F4AC5
S2140287F0C3F8E02F0E4AC3F8E42F02F1957202F294
S2140288004952C3F8E82F06B070BD00BFC81F00214A
S214028810341F0021B01E0021001F00213F00370038
S21402882093310020001000210200620609C8056E7E
S2140288300704DC060A4B197801F0FF0229B1002171
S214028840197008499202C1F8A020597801F0FF0277
S21402885029B1002159709302024AC2F8A430704727
S214028860A231002000000846074BD3F8E00E074B63
S214028870D3F88C301A0103D4054B1B6E1B0401D5AA
S21402888000F58070704700BF0010002100400840CD
S2140288900000084008B507F0EBFC0F4B1A78B2B997
S2140288A00E4A126812F4843F11D10D4A1021C2F802
S2140288B094101B786BB9094B1B68DB0509D4084B6F
S2140288C02022C3F89420BDE8084007F0D5BC054A2C
S2140288D0ECE7044BF4E700BFA6310020281B00207B
S2140288E0004008440040084610B507F0C1FC0E21BF
S2140288F004460320FFF794F9044B40F20122204677
S2140289005A62BDE8104007F0B7BC00BF000008403E
S214028910044B00221A70044B197811B11A70FFF733
S214028920B9BF7047A5310020A631002008B507F070
S2140289309FFC234B4FF08052C3F88020BFF34F8F2B
S214028940BFF36F8F4FF48072C3F88020BFF34F8F50
S214028950BFF36F8F0222C3F88020BFF34F8FBFF39F
S2140289606F8F1022C3F88020BFF34F8FBFF36F8F35
S2140289702022C3F88020BFF34F8FBFF36F8F4FF0D4
S2140289800052C3F88020BFF34F8FBFF36F8F802251
S214028990C3F88020BFF34F8FBFF36F8F4022C3F818
S2140289A08020BFF34F8FBFF36F8F0122C3F884205E
S2140289B0BFF34F8FBFF36F8FBDE8084007F05CBC74
S2140289C000E100E008B507F053FC0B4B4FF0805275
S2140289D01A604FF480721A6010221A6020221A60FF
S2140289E04FF000521A6080221A6040221A60BDE8D8
S2140289F0084007F041BC00BF00E100E070B5084C3B
S214028A0001232370074B1E68074BD3E900533240FD
S214028A101940284001F022FA0023237070BD00BFDF
S214028A20A43100204C2A0020281B00202DE9F04704
S214028A30DDF820A003EA0108099B06460D4602EA75
S214028A40000703EA0A09BAF1000F40F04D81031F3E
S214028A500B4300F01381052871F1000380F0E780D4
S214028A6050EA010300F06081431E0B4300F02181AF
S214028A70FFF75CFFAD4AD2E9004323EA050324EA86
S214028A8006043C4343EA0807A94BDFF8F8821E684F
S214028A9026EA0A0646EA09061E60C2E90047FFF70A
S214028AA0F9FEA44814F02A4FC26E14BF48F202031D
S214028AB04FF40043B50748BF43F400539E4D83EA84
S214028AC0020122EA0302EA669C4A81660B40D366EA
S214028AD0C4F380421203200348BF42F48072E106C8
S214028AE048BF42F40052A30648BF42F4007265062D
S214028AF048BF42F4806220069148924DD0F80C326C
S214028B0048BF42F4006282EA030123EA0203C5F880
S214028B100C328D4BC0F80812C7F340250A40AD044C
S214028B20E10448BF45F48035C3F80C22A20348BFCF
S214028B3045F48015A30748BF45F4800514F4001FCA
S214028B4006D0D8F800000FF09DFB08B945F40025C2
S214028B50E00248BF45F40035F9067C497C4848BF28
S214028B6045F40005620248BF45F400150A6A730719
S214028B7048BF45F0040585EA020323F001031A40C4
S214028B8002621D40CB61734B73481D62734B744A7D
S214028B9016F0010F18BF1A46836E7D0748BF42F4CF
S214028BA00012704D82EA030123EA0203AB666E4BA3
S214028BB041660A4000F500509A66C16B04F0010354
S214028BC005F5005581EA030221EA0301E96382639F
S214028BD01A40664BDA63D8F80020200248BF644B7E
S214028BE092F8E92058BF634B610748BF43F480639D
S214028BF022B114F4C06F18BF43F480735E485F4C12
S214028C00D0F8EC10320748BF43F0004383EA010273
S214028C1022F4A0221140C4F8EC101340C0F8E82059
S214028C20574ABDE8F047C2F8EC30FFF7CBBEA0F5D6
S214028C3080630B4306D020F48063A3F500730B43D6
S214028C407FF416AF07F014FB3849D1E9003223EA65
S214028C50060322EA050242EA08023B43C1E9003261
S214028C60484A126892F8E9200AB313F4C06F1ED07D
S214028C70434B4FF48072C3F8EC2014E007F0F8FA86
S214028C802A4AD2E9003123F004033B4341EA0801B1
S214028C9057EA0807C2E9003114BF394A374A4FF487
S214028CA08063C2F8EC30BDE8F04707F0E5BA334B14
S214028CB0DFE707F0DDFA1D4AD2E9003123F00103AF
S214028CC03B4341EA0801C2E900312F4A57EA080746
S214028CD04FF0010315BF93632C4902F1C062CB63C8
S214028CE014BFD3639363DEE750EA01037FF4C0AE9A
S214028CF0BAF1010F7FF4BCAE07F0BAFA0C4A136859
S214028D0023F0010343EA09031360134A4FF4806316
S214028D10B9F1000F04D0536602F1C0629366C2E74F
S214028D2010498B665366BEE7BDE8F087281B002015
S214028D304C2A0020000008400000084400000846B4
S214028D400060084000600844006008460040084092
S214028D50004008440040084600500840041C5000EA
S214028D600418500000500844005008460070084698
S214028D700D0A0A09090A0A090010084000100844E8
S214028D80001008467827002000700840007008444B
S214028D90024B5868C0F3C000704700BF281B002073
S214028DA0024B186800F00100704700BF281B002025
S214028DB0024B5868C0F3C030704700BF281B002023
S214028DC010B50446FEF73CFEFFF7B0FD04F14C007A
S214028DD0FDF7E4FBFEF7E0FDFEF71AFAFEF786FA69
S214028DE0FFF7D4FA1049114AD1F8F810072304F114
S214028DF0A400FFF707FB4FF440010020FEF7DEFB5E
S214028E004FF400110120FEF7D9FBFFF7B7FC20B99B
S214028E1040F2E7221421FCF707FFFFF701FABDE84C
S214028E2010400120FEF766BC001F0021681F0021CB
S214028E30084B8022C3F8882003F17E430822C3F839
S214028E408820054AD2F8B03E23F02003C2F8B03E8E
S214028E50704700BF004008460010002108B507F022
S214028E6007FAFFF7E5FF034B01229A60BDE80840C8
S214028E7007F002BA00400840F0B583B00646144632
S214028E8002F04EF9002800F09B80514BDD6815F089
S214028E90060540F0958007F0EBF923790095022B42
S214028EA007463ED1237B022B35D00320FEF77CFB00
S214028EB018B9484B5B685B047FD5A37B257B464984
S214028EC0A2680192003B18BF0123012D0B705DD0F2
S214028ED0424A434C002313702278002A61D13C4E4A
S214028EE00420FEF737FAF36E23F0F85323F4F81350
S214028EF043F0506343F48033F3662A46022301A903
S214028F000420FEF745FA002852D0364B01213022C3
S214028F102170C3F89420384607F0AEF9002003B05B
S214028F20F0BD0320FEF740FB002846D12279D6F892
S214028F30AC30012A226838D0D51A254B2A4A009529
S214028F40DA6600221A67627B284B002A0CBF0122CF
S214028F5000221A70264B264AD3F8B03E0CBF43F0C6
S214028F60200323F02003C2F8B03E0320FEF7F2F9F6
S214028F70174B204ADA662279012369460320FEF758
S214028F8007FAF8B11C4B01221A708BE72379022BE1
S214028F909ED0009BD6F8AC100B44134400250193D8
S214028FA096E72370FFF776FC99E79A42C5D3C3E7A4
S214028FB00320FEF7CFF90C4BF366384607F05CF950
S214028FC00320ACE7384607F057F90120A7E700BFB1
S214028FD00050084000400840A8310020A53100207B
S214028FE0A63100200040084600000101A7310020FB
S214028FF000100021010C0100A93100202DE9F341E7
S2140290000D46074607F034F91B4BDFF8788000243C
S2140290101C70FFF70DFF194BC8F86C30C8F870408B
S21402902006466879431E5842584101F0D1FC40F684
S2140290300143C8F870302A792968D7F8B430012A73
S21402904001D1994200D3CC1A04230DEB030103206D
S2140290500194FEF79DF950B9094B88223046C3F8B1
S214029060882007F009F9012002B0BDE8F0813046F9
S21402907007F002F90020F7E7A931002000000101FD
S2140290800040084400500840F8B5194C05462078C0
S214029090B0FA80F040F206423E214009FCF7C4FDD9
S2140290A055B96078B0FA80F0BDE8F84040F2064262
S2140290B03E214009FCF7B8BD0E4F0F4DD7F8A03041
S2140290C04FF44066C3F381232370C5F8A06060782E
S2140290D0B0FA80F040F206423E214009FCF7A4FDB9
S2140290E0D7F8A430C3F381236370C5F8A460F8BD33
S2140290F0A23100200000084000000844F8B50B4CDE
S2140291000B4DD4F888300B4F0423C5F88830D4F8BA
S21402911088305B0300D4F8BD0426C7F888600220B6
S2140291200EF0DBFDC5F88860F1E700BF004008409E
S21402913000400846004008441C4B70B5D3F88860CF
S2140291401B4D03F18063A822C3F8882010221A6000
S214029150184A194B93666B66FFF76CFB174B1B7826
S21402916013B90320FEF7F6F800242C67FFF7C6FFB4
S214029170134A144BD2F8E01E0B40C2F8E03E124BE4
S2140291800422C3F88820114BB206C3F8B84008D5AB
S21402919003F580735B6CB3F5817F22BF034B80229D
S2140291A09A60BDE8704001F019BE00BF004008405A
S2140291B0005008400050084410000002A931002068
S2140291C000100021DF0000FF00400844001E0021BE
S2140291D010B528B971B9174B4FF4C0625A6210BD68
S2140291E041B9154A53681B0E13F00E0FF3D11368DC
S2140291F09A06F0D4FFF778FB0F4C0020FEF7B6FD78
S214029200032801D0092806D1D4F88C30DB03F4D425
S214029210636F0C2BF1D9FFF771FF084B4FF4007206
S2140292205A62074B0122DA6003F17E430422C3F836
S2140292308820D0E70060084400400840000008404C
S2140292400040084608B503210920FEF7E9FC024B58
S21402925020229A6008BD00BF0040084038B5054687
S21402926007F006F80446FDF755F935B1FFF750FB4F
S2140292702046BDE8384006F0FFBF084B1B78002B9F
S214029280F6D0074B1D78002DF2D1FFF741FB2A4698
S2140292904FF480400021FFF7B1FBE9E7A53100203B
S2140292A0A43100202DE9F84F5B4B0646D3F88830F0
S2140292B00D461446002A40F0A98013F0A00F14BFF2
S2140292C04FF001094FF00009DFF86881534F01F0B3
S2140292D085FDA023C8F888300320FEF73BF804205B
S2140292E0FEF738F84FF0000AFFF712FB4C4BFB660E
S2140292F0C7F870A0FFF702FF4A4BD3F8B02E42F031
S2140293002002C3F8B02EFF22C8F80020424A4FF4CB
S21402931080719160D3F8E02E43494FF0040B114060
S214029320C3F8E01EC8F888B0C3F8B8AEFB6813F0FE
S214029330060F04D0FEF780F95846FEF70BF8B9F18F
S214029340000F08D0394B4FF40062C3F88820384B20
S2140293504FF400425A6666B1354B5B6C180701D46F
S214029360FFF7C2FAFFF76EFF0420FDF7F3FFFFF7E1
S21402937061FA294BDA68D10743D55A6812F0706F42
S214029380FBD12C4B2C4AC3F888202C4A536B23F073
S214029390F003536315B12046FFF760FF284BD3F85E
S2140293A0B4305A1C05D05B0003D4264B1B78012B25
S2140293B02FD8204B0122DA601CB31D4BDA6E9A6658
S2140293C0154A136A23F00103D3611F4BD3F80C220C
S2140293D0C3F80822A3F54053DA6F9A67A3F5005341
S2140293E0D3F8EC20C3F8E82003F5C043DA6B9A639F
S2140293F0A3F50053154A5A660E4B4FF60842C3F8B9
S2140294008820BDE8F84F002001F0FEBE4FF00009AC
S2140294105AE7082BD0D1CCE700400840005008405D
S2140294200000010100100021DF0000FF0040084696
S214029430000008400040084410003000001F0021D1
S2140294400081E00F1B100020006008405000F00270
S2140294509A4B196EDA6E2DE9F04F01EA0209C3F84B
S214029460689003F5805385B0D3F8E060D3F8EC201B
S2140294701640C3F8E86003F5A043D3F80012D3F809
S2140294800C2201EA020AC3F808A2A3F5005359699E
S2140294901A6A01EA02088A4A08EA0202DA61894B73
S2140294A0D3F80022910006D4D3F800319A00C3F311
S2140294B0407740F1E18006F0DBFE834BDA68DF6D31
S2140294C012F0060F9A6E07EA020727F4800222F4C9
S2140294D0006214BF4FF0010B4FF0000B5A667B0779
S2140294E004D57A4A537D0133DBB2537506F0C4FEC7
S2140294F0B9F1000F00F0DF8019F4004427D006F01F
S214029500B7FE0146FFF7B0F96F4D0446AA69AB698C
S2140295109A42FCD0AA699342FCD0FFF7A5F9A04272
S21402952040F0AC80084606F0A7FE694B1C60694B0B
S214029530D3F8885015F4E05240F0A28024F07F441D
S21402954024F0DF040CB9FFF7F7FD4FF0807419F032
S214029550020F4FF0000516D05E4B5F49D3F88830F5
S21402956003F46042C1F88820002A00F09E801D04A1
S21402957000F19E8013F4005F0CBF4FF000534FF0D3
S21402958000631C430025C9F340394FEA4909534B8F
S2140295903340002B4AD016F4206F0AD040F605025C
S2140295A006210020FCF740FB0020FFF757FE26F4BA
S2140295B08026F00506D5484BFF221A6044F4C064A4
S2140295C0FFF792F916F0090F0AD040F61A020821A0
S2140295D00020FCF729FBFFF735FE414B01229A6279
S2140295E016F0106F0CD040F6230209210020FCF77B
S2140295F01BFBFFF727FE002211461046FCF762FF10
S21402960016F4202F0AD040F62B0207210020FCF782
S2140296100BFB0020FFF722FE26F48026F10301D57D
S214029620FDF7A0F8002EB8BF49F0080972070DD55D
S2140296302B4B5B6A13F4005F14BF2A4A2A4A4FF484
S21402964000531ABF536244F400045362730548BFC2
S21402965044F0040416F4802600F0AA80FDF74CF8C5
S2140296600138062842D8DFE810F02E0131012E011B
S214029670340137013A013A01BB4639E7044645E769
S2140296800192FFF759FD144B019AC3F8882015F48E
S214029690805307D115F4806F0CBF4FF080544FF003
S2140296A0806454E74FF0804451E74FF0007368E758
S2140296B04FF0004365E74C464D4668E70000084019
S2140296C00000F7FF00E100E000500840502A0020AA
S2140296D0482A00200040084000400844090B0B8935
S2140296E000100840001008440010084640F65C02CD
S2140296F003210020FCF798FA844A136ED2F8800001
S21402970003F007030633012101FA03F3C0F30C004A
S2140297101B1A9BB2072B13D97D4BD3F888305802FD
S2140297200ED47C48136B126DC06C58B103F007035D
S21402973006339940C2F30C03C91A89B2072901D825
S21402974044F40074744B1B78002B31D06F4BD3F863
S214029750E03013F4A02F2BD1704B714A1B7893B9CB
S214029760F90410D4137873B1E3086E4943EA4573DB
S21402977083F00103D1F8E01E03F001035B0021FA37
S21402978003F39B0714D10420FDF7E4FD664B6749FB
S214029790D966FFF7BDF8624A13782BB9644B654A5F
S2140297A01B682340134201D144F4804427F48057B7
S2140297B0BAF1000F1DD01AF4805F18BF44F480245B
S2140297C01AF4807F18BF44F400241AF4005F18BF0E
S2140297D044F010041AF4007F18BF44F020041AF470
S2140297E0806F18BF44F040041AF4006F18BF44F0AC
S2140297F08004B8F1000F48D018F4802F18BF45F443
S214029800007518F4803F18BF44F4805418F4801F83
S21402981018BF44F4003418F4800F18BF44F0020452
S21402982018F4003F09D03A4BD3F88830580059D57F
S214029830414B1B68984704430D4318F4000F18BFAA
S21402984045F0100518F4002F1AD0364BD3F8B03E68
S21402985013F0C00F14D02E4B5A68C2F30362032AC9
S21402986001D0072A07D1D3F88C20D10603D4D3F827
S2140298709020120739D54FF40022DA6128F4002826
S21402988018F4001F18BF44F48004002F00F0138160
S214029890380540F18680294ADFF88CA0D378002B61
S2140298A052D0013B4FF40061DBB2CAF86410D370A9
S2140298B033B9234B1B78DBB1224B40F60142DA6602
S2140298C0002300226BE044F4803415E744F400647D
S2140298D012E744F480640FE744F480740CE744F023
S2140298E0080409E744F48014A7E744F40014C7E721
S2140298F0DAF8703013F4A05F15BF4FF4807340F6A9
S2140299000143CAF85030CAF87030D9E70010084050
S2140299100040084000000840A6310020A531002083
S214029920A73100200010002100500840000001016D
S214029930281B0020088D0100380D002096310020DB
S214029940A9310020005008460320FDF703FDDAF88F
S2140299500C30AD48AD4913F0060F02BFAC4B41F6D2
S2140299601F72DA664FF40063CAF86430DAF80C3015
S21402997013F0060308BFCAF87030C38A13F40062F5
S21402998061D023F40063C3820B7803F0FF0A002B36
S2140299905DD1FDF751FEFFF7CFFB534620221C4355
S2140299A01543B9010BD52E20FDF776FF984A4FF0E6
S2140299B00073936602F17C4245F008055366FA0688
S2140299C008D52B20FDF768FF914A1023936602F113
S2140299D07C42536617F4E00F05D1FB045FD5BBF15A
S2140299E0000F00F0B780B80210D52920FDF754FF0B
S2140299F0FFF7CEF940B18749874A884B53668B6694
S214029A0087494968490425D445F0040517F4800BB4
S214029A10DFF804A22AD00420FDF79CFC2720FDF7DD
S214029A203BFFFFF789FB4FF48003CAF864307D4B97
S214029A30D3F8E02E520600F186807B4B02221A6093
S214029A4045F0020528E00B784FF40053A7E74FF4E1
S214029A50004336E76E4920208B665366FDF71CFFEF
S214029A602D2045F00C05FDF717FFCFE7F80255D578
S214029A700420FDF76FFC2820FDF70EFFDAF87030A1
S214029A80002B48D1FFF758FB614A644B936602F1FC
S214029A907C4245F0010553665F4B00221A657A0543
S214029AA009D5624A9378002B00F0A280013B93709E
S214029AB0002349EA03095B4BD3F8B03E1B0603D5E5
S214029AC02046294601F0A8FB4A4620462946FEF7CC
S214029AD095FF0EB1FCF738FE18F4002F00F08D80CB
S214029AE04F4B4FF40022DA6118F0206F00F08980A5
S214029AF018F0007F01D0FDF737F918F0006F01D09B
S214029B00FDF74EF9002200204FF4006105B0BDE8D3
S214029B10F04FFEF773BFCAF870B0B5E7F904BBD5CD
S214029B200420FDF717FC424BCAF86C30FDF784FDA3
S214029B30DAF85C3013F4A00FAED12A20FDF7ACFEA3
S214029B40FFF7FAFA73E7D3F8B03E98063FF578AF18
S214029B50384B73E7354A13794BB1013BDBB21371CD
S214029B6013B92C4B344ADA6600231C4397E70420C9
S214029B70FDF7F0FB0320FDF7EDFB274B2C4ADA66D8
S214029B8006F076FB82460DF10F00FEF7EFF82B4B40
S214029B901B7883460BB1FEF7A7FEBBF1030F0ED16F
S214029BA0DFF87CB00020FEF7E1F8032807D1DBF8E7
S214029BB08C30D903F6D4DBF874300C2BF2D99DF82E
S214029BC00F30032B06D11E4B012250461A7006F0A8
S214029BD053FBC9E71B4BD3F8E03013F4A02FF2D1A6
S214029BE0FEF796FE504606F047FB4FF48043BCE76E
S214029BF00220FDF7AFFB01235BE7B8F1000F7FF40D
S214029C0073AF05B0BDE8F08F502A0020A9310020BE
S214029C100050084400500846005008401000000259
S214029C200040084000100021004008449631002001
S214029C3000000101004008460000010DA831002086
S214029C40A531002000100840034A0123136202F1E6
S214029C507C42D361704700BF004008440B4B10B5EE
S214029C605C691A6A1440A2B2DA61E20704D558683F
S214029C70C0F30360FFF7E8FF630706D5BDE81040B0
S214029C80042200200021FEF7B9BE10BD00400840A5
S214029C900C4A08B5136BD16B0B409363DB070FD5E9
S214029CA0094B18784FF42A62122100F00100FBF7E4
S214029CB0BBFFBDE80840002201200021FEF79EBE41
S214029CC008BD00BF00700840281B0020044BDA6F56
S214029CD0D207FCD41A6FD96F0A409A67704700BF42
S214029CE00030084070B50D46144606F0C1FA064B21
S214029CF0D3F8B06E74402C407440C3F8B04E06F0F1
S214029D00BBFA06EA050070BD00100021034BD3F82B
S214029D10B03E99430CBF012000207047001000217E
S214029D2009490A4AD1F8EC0010B504230124C2F806
S214029D30EC308C624FF400515162410744BF02F18D
S214029D400072C2F8EC3010BD001008400010084443
S214029D5037B5204D0C4641B90A460721FFF7C2FF28
S214029D601D4BEC625C6003B030BD07221146FFF764
S214029D70B9FF1A4B07225A60237985F82C3063798B
S214029D800193012101A80EF09FFA019BC2B2D340B3
S214029D9000F00F0040EA031085F82D00A27985F83E
S214029DA02E20E27985F82F202068286383B1028866
S214029DB001218B4205D82379013B1344084A93615B
S214029DC0D1E730F81150AA4228BF2A460131F0E7FF
S214029DD01A46F0E7001F00212C1F0021000008444D
S214029DE00000084010B5054C237823B101F0B8FCFA
S214029DF00020207010BD0320FCE700BFAB3100201E
S214029E0008B501F097FC024B01221A70002008BD2B
S214029E10AB310020431C07D0044B6FF0FF029A615F
S214029E2003F1007310409861704700BF0070084449
S214029E3000F01803182B0AD003070AD410F01000FB
S214029E4040F2011318BF1846034B9864704700206F
S214029E50FAE70120F8E700BF001F0021344B2DE986
S214029E60F7431E6801F4007900F00103174653EA2F
S214029E70090205460C462ED04FF0000803B3002315
S214029E80002201200021CDE90088FEF7CFFD4146E1
S214029E903046FDF701FF414670830120FBF70CFDBB
S214029EA0716B06F1A400FDF775FF22490868FFF7FB
S214029EB0B1FF4FF0FF330B60337C43F0040333747F
S214029EC0B9F1000F07D0012130460DF0E7FC24F46B
S214029ED0007405430C43D6E93E232A40234052EA47
S214029EE0030103D01449304609688847FB070FD59B
S214029EF01249134A0868136800211160114A0121A9
S214029F00117003B19847104B00215B6802209847F6
S214029F1017F00E0F08D040F2F3123B21002003B0D8
S214029F20BDE8F043FBF780BE03B0BDE8F08300BF98
S214029F3078270020300D0020340D0020782A0020DB
S214029F407C2A0020AD310020100D0020F7B5044613
S214029F50D4E93EC71046DDE908268CEA020587EA00
S214029F6006010540194085EA0C057940C4E93E51D0
S214029F7023F4004106EA010320F00100002543F421
S214029F800073024043F00203CDE90055FEF74EFD92
S214029F90237C9A0717D5D4F8FC309B0513D54FF4CB
S214029FA0881120460DF07AFC237C65F34103237466
S214029FB0D4E93E2302400B4052EA030103D0034990
S214029FC0204609688847002003B0F0BD340D002003
S214029FD038B10368044A002B08BF1346034A1360CD
S214029FE07047014BFAE700BF117F0300340D0020D3
S214029FF0024B586B00F00F00704700BF001F002195
S21402A0000F2938B505460C460ED801F0A5F80128EA
S21402A0100CD1074A536B23F00F032343536328469E
S21402A0200EF0CEF8002038BD0120FCE70220FAE749
S21402A030001F0021014B986B704700BF001F0021D4
S21402A040014B002099637047001F002103282DE969
S21402A050F7434CD8274B13F80080274B1E5C274B40
S21402A06013F8009006F004F90746FEF799FE054637
S21402A07040B10023CDE90033002200230120002155
S21402A080FEF7D4FCFEF794FE48B10023CDE9003378
S21402A0900022002300204FF40041FEF7C7FC26B33F
S21402A0A0174B5C6C04F00804164B31465C64404661
S21402A0B0FFF78EF84A4631464046FFF7F3F8124B52
S21402A0C05C6465B1114B1868416BA430FDF762FE03
S21402A0D00F490868FFF79EFE4FF0FF330B603846C5
S21402A0E003B0BDE8F04306F0C7B83446DCE703B079
S21402A0F0BDE8F08384A7030080A703007CA70300C3
S21402A10000000840000008440000084678270020A7
S21402A110300D0020104AD2F8883013F0A00F16D166
S21402A120D2F88C0010F0040013D10C4BD3F8E03EAA
S21402A13023F07F4323F0FF035BB15368C3F303624C
S21402A140092A07D0B2F10C0018BF01207047002080
S21402A15070470120704700BF0040084000100021F1
S21402A16070B50D4616460BB1FFF7DAFD0A480368CE
S21402A170026A03F00703063301249C40C2F30C0371
S21402A180E41AA4B2B44228BF344622462946FCF753
S21402A19043F9204670BD00BF0010084070B50D465A
S21402A1A0064620B9194B1B68A3B1032011E000F044
S21402A1B0D3FF012828D1164B93F90040C4F11C04A2
S21402A1C0641BC4F11C03002BB8BF5B42232B0CDDBF
S21402A1D0012070BD81EAE173A3EBE173DBB2232BAE
S21402A1E0F6D80B4B19700020F3E7B57406F040F86A
S21402A1F0084A5369E40223F4FF2304F4FF241C43B1
S21402A200546106F039F8EEE70220E2E778270020EC
S21402A210AA3100200070084090F8C23053B9074BAC
S21402A220DA69920208D49B6F13F4706F14BF012090
S21402A23000207047002070470120704700600840E9
S21402A240F8B5436B02EA010523EA01032B43436395
S21402A250344A01F00B030C4623EA0501516402F16D
S21402A26000722B4061070646536411D50121FFF7A1
S21402A270D3FF68B1FEF742FF15F0040F14BF2A4A57
S21402A2802A4A4FF40073D361294B0422C3F888206C
S21402A290E20606D515F0100F264B14BF00221B222D
S21402A2A0DA6423061DD52F0616D51F4B4FF400126F
S21402A2B09A6103F17E430122C3F8F82005F0D8FF25
S21402A2C00E2107460320FDF7ABFC1A4B40F2012293
S21402A2D05A62384605F0D0FF294606F1A400FDF77B
S21402A2E059FDE00503D5E90516D5FDF763FCA20581
S21402A2F003D5AB0513D5FDF76DFC14F0600F09D03E
S21402A300D6F8941030460DF004FE0B4B58640B4BF7
S21402A31080229A600020F8BDFDF744FCE7E7FDF7CF
S21402A32051FCEAE700000844006008460060084462
S21402A3300040084400000840001F0021004008407A
S21402A340014B1868704700BF742A002037B50123F6
S21402A35000240022CDE90034002310461946FEF7F9
S21402A36065FB0220FCF7F6FF054D064B21461C60F6
S21402A37002206B6898472B6803B0BDE83040184748
S21402A380100D00207C2A00202DE9FF4102290390AF
S21402A3900C461546984605D1FFF7D8FF002004B0B4
S21402A3A0BDE8F081194E05F063FF336807463BB1FE
S21402A3B0AB4205D005F060FF002333600120EEE7D4
S21402A3C0134B3560C3F8008001230022CDE9003329
S21402A3D0002310461946FEF729FB0E4B00250220E5
S21402A3E01D70FCF7B7FF22462B4603A90220FCF796
S21402A3F0CFFF094B039A1A60084B1B68044698471E
S21402A400384605F039FF002CC8D1D5E77C2A002053
S21402A410782A0020AD310020742A0020100D00207A
S21402A420044BDB6D5B055ABF034B1878012000F026
S21402A4300100704700500840AD310020014B98697A
S21402A440FDF700BC00600840014B98690DF052BC55
S21402A45000600840437C5A1F012A01D9082B05D107
S21402A4604B7C2BB1012B05D0022B05D00DF08FBDF6
S21402A47002487047024870470248704720A107000A
S21402A48048E8010040420F0070B50E4605F0F0FEA7
S21402A490054600F085FE044620B1284605F0ECFE8F
S21402A4A0204670BDFEF72AFE114B3278D3F8E03E06
S21402A4B0022A23F0F00316D0101F424242415200F5
S21402A4C043EA02137278022A0FD0111F4A424A4107
S21402A4D0520043EA8213064AC2F8E03E054B0422C3
S21402A4E0C3F88820D9E70122EAE70122F1E700BF94
S21402A4F0001000210040084470B50E4605F0B8FE74
S21402A500054600F065FE044620B1284605F0B4FE76
S21402A510204670BDFEF7F2FD104B3278D3F8E03ECF
S21402A520022A23F00F0315D0101F42424241520066
S21402A53013437278022A0FD0111F4A424A41520030
S21402A54043EA8203054AC2F8E03E054B0422C3F8FA
S21402A5508820DAE70122EBE70122F1E7001000216A
S21402A56000400844F8B50E7890F8D070044630469D
S21402A5700D46FCF747FA002844D094F8D030B34290
S21402A58008D1AA88636C9A4204D16A88B4F8D23099
S21402A5909A4235D084F8D060AB88A4F8D4306B8861
S21402A5A0A4F8D230AB886364FF23637530460DF09F
S21402A5B045FB04F1D00520752846FCF72FFD10BB9D
S21402A5C02846FCF715FAF0B9D4F8903053B194F84F
S21402A5D0D010B94206D0B3F912202046E6F760F84A
S21402A5E084F8D9002046FCF7F3FB0949A4F8D40006
S21402A5F0084AD1F8F810012304F1A400FDF702FF7F
S21402A6000020F8BD01200E2384F8D030F9E700BF01
S21402A610001F0021681F002170B5054690F8D00083
S21402A6200E280C461DD0FF291DD01AB10F4B4FF035
S21402A630FF321A600DF002FB064695F8D000FCF7D2
S21402A6408BFA844228BF0446E4B2B44238BF34468A
S21402A650E0B26875FCF71CFBA0F1FF0358425841B4
S21402A66070BD0220FCE70120FAE700BF180D0020AB
S21402A670C36B012B01D10020704770B5364BD0F862
S21402A6809060D3F8F830C0F8943086B03146058B27
S21402A69004460DF00EFCB3898DF80600D6E90121BA
S21402A6A0EB1A9BB201FB032268460021ADF8043088
S21402A6B00092FDF76DFD38B9284B228BDA63FCF762
S21402A6C07BFC20B106B070BD022006B070BD227CB5
S21402A6D060F3410222740DF00BFBD4F890305969F6
S21402A6E0431EDBB209680291FD2B02460BD9CD1C34
S21402A6F009D91B4B01311B680CD0D81C07D802A9FC
S21402A7002046029301E002A920460DF073FA0020CB
S21402A71006B070BDD91C04D802A9204602930DF0DB
S21402A72069FAD4F8FC309B0504D4237C43F0020378
S21402A7302374ECE74FF4803120460DF0AFF8D4E9ED
S21402A7403E2302400B4052EA0301E0D00549204670
S21402A75009688847DBE700BF001F00210030084079
S21402A760200D0020340D002038B590F8DC40054658
S21402A770ACB105F07DFD0A4B1F22DA61013C03F104
S21402A78000731440DC6103F17A43D5F8E0201A66C0
S21402A790D5F8E4205A66BDE8384005F06DBD38BDF0
S21402A7A0006008442DE9F74F06461546084619B9D3
S21402A7B0012003B0BDE8F08F002AF9D0032904D89F
S21402A7C00021FBF7E3FF0028F2D0827804880379A1
S21402A7D090F805B0C788B0F90000002802F007011B
S21402A7E0C0F2D280A1F1070CDCF1000040EB0C00B5
S21402A7F0052928738CBFC2F300100020C2F3801C08
S21402A8006873900985F810C000F00200C2F3C00C0D
S21402A81040EA0C00C2F340126874AA74AF820BB905
S21402A82096F8CA30013BDBB2EB74736BD80600F1C4
S21402A83097800639012900F29380544BDB6C544B07
S21402A8405A6B1B6B03F0070306334FF0010909FA34
S21402A85003F909F1FF39083C42F0005804EA0904FA
S21402A860002318F804A0AB60013404EA0904631D4F
S21402A87003EA09035A1C02EA090218F8037018F8D8
S21402A8800220BAF1800F47EA0227727C18BFAAF1AB
S21402A890320A3BB214BF4FFA8AFA6FF07F0AC7F346
S21402A8A00B079AB30020D6F89C300BB15146984756
S21402A8B0631C03EA0903E87385F80EA018F8031070
S21402A8C0013303EA090318F80320013303EA0903F4
S21402A8D041EA022118F80320013303EA090341EA98
S21402A8E0024118F803006A7C002341EA0061304600
S21402A8F0FDF792FE2860737C042B03D1042FDCBF85
S21402A900033028600423AB71002052E7D90423D514
S21402A910D6F894309BB11A68022A10D993F824000C
S21402A920FB0008B1B3FBF0F39B45BBD8002BB9D0B4
S21402A930CBEB0B20B0FBF3F0C043C0B2B3E7294623
S21402A9403046FFF787FD019030460DF010FB019B65
S21402A950B3FBF0F0C0B2E3E718F804004000ECE7FF
S21402A9600023EB730B4BDA68C2F30723120448BFCB
S21402A97063F0FF035AB212F1800F1CBF323B5AB289
S21402A9800023AA732B60BEE7022012E700000840ED
S21402A990001008400070084070B50A4B0A4DD3F804
S21402A9A0EC604FF48064C5F8EC400020FEF756FCDD
S21402A9B04FF400536B65730544BF044BC3F8EC4079
S21402A9C070BD00BF00100840001008440010084682
S21402A9D0082318B1024AC2F888307047014AFAE7DB
S21402A9E00040084600400844F8B504460E4611B931
S21402A9F0037C5A065FD4464BA18BD3F88420D4F846
S21402AA00947012F4E05F04BF2022C3F810224FF6BF
S21402AA10FF73994260D03F4B1B68002B5CD03E4DC3
S21402AA2020469847D4F894102A688A4207D02046CF
S21402AA300DF06FFA394B5864394B80209860974274
S21402AA404FD0384B1B684BB11FB13A68002A58D01A
S21402AA50BF68394620469847D4F8941008460DF049
S21402AA6070FA002849D03049FDF72EFC0727204609
S21402AA70FCF7AEF9002E36D02C4B94F9122093F93F
S21402AA8000302B49D4F89400C3F11C039B1A4A6980
S21402AA90DB0222F4FF2203F4FF231343254A4B6111
S21402AAA0254B286006211167204601221A700DF0F8
S21402AAB087FB0020F8BD61F38613154A0374D2F8AB
S21402AAC08430D0F894704FF6FF7113F4E05F818300
S21402AAD002D12023C2F810320F4D2A68BA423946F4
S21402AAE0A5D10127C3E70D4B0F4AD3F8F81004F19E
S21402AAF0A4003B46FDF786FCBEE720460CF017FE98
S21402AB00B1E71746394620469847D4F89410A5E789
S21402AB1000600840702A0020682A0020001F0021DA
S21402AB20004008406C2A0020681F0021AA3100203D
S21402AB300070084000000844AC310020B1F5007FE8
S21402AB4038B50C461BD200F007FB0128054618D183
S21402AB50E6F720FC002211460220E6F74FFB0A4BDE
S21402AB600A4A1A6303F10073E40202201C632A46AF
S21402AB702946E6F743FBE6F7DDFB002038BD012059
S21402AB80FCE70220FAE700BF00400E4400F80F0080
S21402AB900248482200210DF076BC00BFE41E0021C8
S21402ABA0002373B583746423C0E92C33C0E92E33C3
S21402ABB04FF0FF35C0F8AC30A0F8C0300E264FF686
S21402ABC0FF73C0E9075580F8D060456485828375B7
S21402ABD004461120E6F7D8F8042834D11B4B5B68EC
S21402ABE013F4403F2FD12046FEF7EAF82046FFF73F
S21402ABF0CFFF94F912102046FFF7D0FA144A6023CA
S21402AC00536402F5805240F6FF7151625165114A53
S21402AC105364114B4022C3F88820626B29462046B3
S21402AC20FFF70EFB002240F2022310461946CDE93A
S21402AC300066FDF7FBFEFBF779FF204602B0BDE893
S21402AC407040FAF7CDBF022002B070BD00300E4051
S21402AC5000000840000008460040084470B50C6832
S21402AC60B0F8D4208D680346013404BFD3F8AC4054
S21402AC700C604C68013404BFD3F8B8404C606E1CBC
S21402AC8000F1A40038D1D3F8B440CE688C60751CAD
S21402AC9038D1D3F8B0500E69CD60013604BFD3F870
S21402ACA0A4600E614E69013604BFD3F8A8604E61F7
S21402ACB08E69013604BFD3F8BC608E618E693EB3DE
S21402ACC04132B24238BF32460E688A61C3F8B44097
S21402ACD04C68C3E92E420A69C3F8A4204A690D49A2
S21402ACE0C3F8A820C3E92B650B4AD1F8F81007234E
S21402ACF0FDF788FB002070BD02F14104AC4238BF6C
S21402AD002C46C2E702F16405B54238BF3546C2E7B3
S21402AD106422D9E7001F0021681F002138B5084DBC
S21402AD2004462868003818BF0120621C214600F03D
S21402AD30F3FC2B68003B18BF0123A370002038BD2C
S21402AD40802A002038B5054C054B417800782568E6
S21402AD50236000F057FC00B1256038BD802A002031
S21402AD6090A7030070B505F083FA0C4E054600F076
S21402AD70F3F9012804D0284605F07EFA022070BDB9
S21402AD80736813F0706FC3F30364F0D1F36BDB06E2
S21402AD90EDD5284605F070FA2046F0E70040084058
S21402ADA0074B1B684BB10028064A074B08BF002317
S21402ADB01360064B1870002070470220704700BFD1
S21402ADC0802A0020842A002088A70300AE310020B3
S21402ADD0014B1878704700BFAE31002038B505F039
S21402ADE047FA0B4A13884FF6FF718B4203D105F0E0
S21402ADF043FA032038BD074C074DE56504F100749D
S21402AE001B04E365118005F037FA0020F2E700BF65
S21402AE10FC0F0020006008440000FFFF08B50E4B40
S21402AE20D3F8B4305A1C15D05B0013D40B4B1B78E6
S21402AE30012B0FD9082B0DD00320FFF707F9084B7B
S21402AE404FF08062C3F89420064A4FF400715162B4
S21402AE500122DA6008BD00BF0081E00F1B1000204F
S21402AE600040084600000840064B1A6C092302F010
S21402AE700302D34013F0010F40F6E44008BF4FF43C
S21402AE80E160704700300E402DE9F34105460F465B
S21402AE901646FFF73FF9A0B1DFF85482D8F80C3017
S21402AEA0DB0704D40324204602B0BDE8F08105F097
S21402AEB0DFF904460320FCF777FB20B1204605F0B5
S21402AEC0DBF90224EFE7D8F80C3013F0060FF5D1C1
S21402AED0204605F0D1F97A4B4FF400612846D3F8A4
S21402AEE0E08ED3F8B84EFEF711FF40B1754B4FF423
S21402AEF000720121C3F888200846FAF7DDFC3946BD
S21402AF002846FAF72BFE6E4BC3F8B84EC3F8E08E0F
S21402AF1004460028C7D12B7CDF0601D4002E58D069
S21402AF20C6F34000FEF7B0F816F4807F14BF664AF8
S21402AF30644A4FF002031BBFC2F88830634AC2F865
S21402AF40883000211CBFD1609362FEF7D7F816F056
S21402AF50040F14BF5E4A5F4A4FF48063D361594BB5
S21402AF60042216F0400FC3F8882014BF5A4A5B4AE0
S21402AF7040233046C2F88030FEF75AFF28460DF0CE
S21402AF8057F840B116F0010F14BF4F4A4D4A4FF41E
S21402AF908073C2F88830B00643D56B8C4FF6FF72CA
S21402AFA093420FD04E4A4F49D26D100CC2F3011293
S21402AFB0088001324749B3FBF2F3454A4A48C8655E
S21402AFC01B04D3652B7C003E18BF012666F30413D0
S21402AFD02B7428460DF0F1F8C8B328460DF028F871
S21402AFE0D0B14FF400312846FEF790FE431C9BB2C8
S21402AFF00322364801A90CF0B7FD9DF8042002F0A2
S21402B0000703052B9DF8053014D111070CD443F421
S21402B0108073364AC2F8C030FFF726FFFBF79CFC67
S21402B02041E7FFF7DBFECDE713F0040F09D19DF8E9
S21402B0300630ECE703F03002202A05D113F0010FA8
S21402B040F4E74FF48073E4E79DF80630E1E728461C
S21402B0500DF015F90028DFD028460CF0E9FF00288D
S21402B060DAD0EB7CA3F10C02012A16D82B8B032B29
S21402B07019D01E4B93F8C93003F00703072B16D0DE
S21402B080124806210CF079FD421C3FF40BAF00F08B
S21402B0900F00164B83F8C800BEE70F2BE6D0102B26
S21402B0A0E4D00E2B01D1092102E0112BE0E70821A2
S21402B0B006480CF062FD431C3FF4F4AEC0B2E8E76B
S21402B0C000100021004008440040084600100840D6
S21402B0D00060084600600844007008460070084495
S21402B0E000600840FC0F00200000FFFF001E002149
S21402B0F000500840054BD3F8880003F180634FF4F4
S21402B1000022C3F88820C0F3C040704700400840C1
S21402B110014B024A1A6070476C2A0020519D0200B9
S21402B120024BD86800F00100704700BF005008408C
S21402B130084BDA68D10707D508B9FCF7E5B8DB682B
S21402B140DA0706D4FCF7D2B8DB68DB0701D400289E
S21402B150F8D17047005008400F4B5B68C3F3036397
S21402B160013B0B2B0FD8DFE803F006060C0606069B
S21402B17006080A08080802207047042070470520BF
S21402B180704703207047054BDB6813F0060F0CBFB1
S21402B19001200420704700BF0040084000500840CD
S21402B1A00A4A5368C3F303630B2B08D06FF490501C
S21402B1B0184100F0010080F0010040007047D2F80C
S21402B1C0880010F48030ECD1704700BF0040084081
S21402B1D00C4A5368C3F30363062B07D8042BD8B272
S21402B1E00CD8C31E5842584140007047072B07D15F
S21402B1F0D2F8440110F00050EBD17047022070479D
S21402B2000020704700400840024B1B6803B11847F5
S21402B210704700BF8C2A0020024B1B6803B11847F8
S21402B220704700BF882A002070B5174C174D0F23B1
S21402B23011F0010FE365164B19D04AB90122DA65FF
S21402B240C4F8FC50026CC2F31302C3F8FC2070BDB3
S21402B2500222DA65C4F8FC50026CC2F31302C3F889
S21402B260FC200C4BC1640222C3F8B820EFE702268A
S21402B270DE65C4F8FC50046CC4F31304C3F8FC4047
S21402B280002AE4D0EDE700BF00600844FFFF0F008D
S21402B290006008460010084013B5437C033BDBB24F
S21402B2A0072B96BF104A0021D15C0446FEF7C8FE63
S21402B2B00120FCF7FFFA0D4B4FF4F0625A6403F1DB
S21402B2C000734FF400725A64637C053B012B08D866
S21402B2D0074B04211B6E019301220DEB0100FBF7C5
S21402B2E0F1F802B010BD00BF9CA70300000008449E
S21402B2F000600840012310B580F8C2302823C0F849
S21402B300A83004234374054B044619680CF011FA5E
S21402B3102046FFF7C1FF002010BD00BF24C6030071
S21402B320012310B580F8C2302823C0F8A8300223C3
S21402B3304374054B044619680CF0FBF92046FFF7E8
S21402B340ABFF002010BD00BF28C60300012910B5C0
S21402B350044604D90239012914D9032011E00B4B03
S21402B36019680523012284F8C2204FF4BC72C4F87F
S21402B370A820637420460CF0DCF92046FFF78CFF09
S21402B380002010BD024B19680623EBE720C6030017
S21402B3901CC6030030B5134D134C07236B63134BC7
S21402B3A069B1442140F04000D96218630123636307
S21402B3B04FF4804392B1C4F8A0300A4A07E0D9623B
S21402B3C0094A19634FF480436163C4F8A030C2F897
S21402B3D0A430C2F8A830C2F8AC3030BDC5F8A030F0
S21402B3E0EBE700BF000008440000084600000840E3
S21402B3F010B50C4CD4F8003203F00702022A0BD028
S21402B40003F00303012B0AD105F005FAD4F818322B
S21402B41003F00303D84010BDE7F794FAF6E70020DE
S21402B420F4E700BF00400E402DE9F74FDFF8ECB01E
S21402B4308146DBF800A00F46FCF7CCF84FF0FF354C
S21402B440CDE9000100202C46064606F110031B013A
S21402B4505BF8033003F00308B8F1010F15D130464C
S21402B460FCF7D0F802460B46DDE90001FBF760FF69
S21402B470DBF85C3006F10802D340DB0737D5002F35
S21402B4803ED000253E602C4640460136052EDCD1D5
S21402B49050B3224F396B0131A4FB014164190AF4FF
S21402B4A0403341F10001B3F5003F4FF000022FD1C7
S21402B4B0FB6A0AF4405A013342F10006BAF5805F8D
S21402B4C021D1BD6A15F5807542F100026E4303FB79
S21402B4D00266A5FB03323244594304FB0212A3FB65
S21402B4E004341444C9E9003403B0BDE8F08FA8421E
S21402B4F071EB0403C8D207B13E6005460C46C3E7AB
S21402B5003D463C46C0E7320242EA13621B02E3E7CC
S21402B510BB6A13F5807342F10002DDE70050084073
S21402B5202DE9F843264C274DDFF89C8004F0A0FE58
S21402B5300023A76EA366D4F800212A612A7B120490
S21402B54042F00302C4F800216A7B0646501CC0B2D1
S21402B55001218140C8F810104FF480716166D8F856
S21402B560041008320131A96048F82210AA68013294
S21402B570D8F80410E06D10F4807914D18A42F7D11D
S21402B5803BB1304604F078FEC3221A214846FAF749
S21402B5904BFB6A7BAB680C4908320233AB6041F85E
S21402B5A022300123E2E74FF480736366074BA766F7
S21402B5B00122C3F800213046BDE8F84304F05CBE21
S21402B5C000500840502A0020004004400050084422
S21402B5D0024B99685A690A401A6170470040044053
S21402B5E008B5FFF7F5FF054B5B7B01330122DBB2A3
S21402B5F002FA03F3024A136108BD00BF502A002074
S21402B600004004400B2870B575D8012973D83B4D0D
S21402B6103B4B287369731B6858002ED4394B3A4A41
S21402B620D3F890400123A10513605ED422045ED4B1
S21402B63014F080045DD140F21F121B212046FAF757
S21402B640F3FA304AD2F8003223F007032343C2F853
S21402B65000322E4B0122C3F81022A3F52023032228
S21402B6601A60294A0723536102F17C421361244B74
S21402B6704FF08042C3F880211A6001214FF48A40BD
S21402B680E5F7D6FA6B7B2A7B21490133143243F461
S21402B690801343F4805341F82230FCF71FFA460821
S21402B6A0C407FFF7A5FE002302463146204600F0F7
S21402B6B00FFF090241EA1061C0F3C05040EA4100A0
S21402B6C0144B2860986A10F5807005D14FF4E17229
S21402B6D02B21FAF7A9FA02200246002300200121B4
S21402B6E000F0F6FE6860002070BD0224A9E705247B
S21402B6F0A7E71C46A5E70120F6E700BF502A002070
S21402B70000E100E000400E400040044400400E46C7
S21402B71000600E400050084028B1054B187B0870A8
S21402B7205B7B1370704707230B700123F9E700BF9A
S21402B730502A002010B504F09BFD0446FFF7F0FEE9
S21402B740054B02225A60054B01222046BDE81040F6
S21402B7501A7004F091BD00BF00500840AF310020BF
S21402B7600C490B78A3B10C4B5A7B01230132934050
S21402B7700A4A53610A4B4FF08042C3F880210023E5
S21402B7800B70084BD3F80C01D3F8041100F0A8B8DC
S21402B790704700BFAF310020502A0020004004440A
S21402B7A000E100E00050084010B50446FFF720FE16
S21402B7B0604300F5F420034B00F59070B0FBF3F005
S21402B7C010BD00BF40420F002DE9F04F85B0FFF7D5
S21402B7D0EBFF044604F04CFDDFF8FC90DFF8FC803B
S21402B7E00021054602A889F80010FFF71DFE364B19
S21402B7F0D8F804605B6813F0706F1ED1DFF8CCA037
S21402B800DAF80C7017F0060717D1E0B1FCF766F904
S21402B810611DA1FB00B10191FFF7EAFD3B4602461E
S21402B8200199584600F054FEDDE902B3090241EAE6
S21402B83010610002584599410ED3284605B0BDE86E
S21402B840F04F04F019BDFFF76BFE204B02225A6040
S21402B850012389F80030F0E70193FFF761FEFFF756
S21402B860C7FD019B4FEA1B2242EA0362A0FB02B21B
S21402B8701B0A00FB03210191FCF730F901990246ED
S21402B8803B46584600F024FE11494A7B9300013499
S21402B89003F14023361B03F5802306441E62561C22
S21402B8A0F7B2012202FA07F7B2400A4EC8F8107041
S21402B8B07261D8F804201B6A241AD31AA342C4D28F
S21402B8C00B69CAF80031B8E700400840005008404B
S21402B8D0502A002000400446AF31002000400440B9
S21402B8E02DE9F74F7B4C7C4A237B01911B05936025
S21402B8F07A4EDFF8FC814FF40033936002237360C4
S21402B900D8F8043005465F1E4FF00009DB1B002BFB
S21402B91040F3B28009F10109B9F1020F46D9DB22E0
S21402B9200D210020FAF780F96C4E6D4A4FF08073B5
S21402B93073662369C6F80031237B1B0543F4003384
S21402B940936004F095FCD6F818C0D6F85CE00021A7
S21402B9500B464FF4807801F110021201B25802F041
S21402B9600302012A10D108FA01F212EA0E0F0BD1D5
S21402B97006EB0117AC45D7F80C71C0F08480BD42C7
S21402B98002D2BC4580F0828001310529E3D1554EB2
S21402B990316801297DD923B1E28A1A43E2824F4AED
S21402B9A0136603B0BDE8F04F04F066BC04F060FC1A
S21402B9B04FF0807300907366637BD8F80470083388
S21402B9C0013748F823703368D90352D5A368226832
S21402B9D00198FB1AA3FB02ACB36A03F5807E636888
S21402B9E0ACFB0321AAFB03B39B1841F10001AEFB9B
S21402B9F0032BBAEB02020EFB01BB6CEB0B0C120A1A
S21402BA0042EA0C620244B2EB1E2F4FEA1E2C04D30B
S21402BA10013341F10001A2EB0C02ACF1040C6245C9
S21402BA2028BF62463261627DD6F818C0EB18D2B2E1
S21402BA3041F100016545D6F830C084BF02F1FF32FD
S21402BA40D2B2BCF1FF3F0ED04FF0000A0CF1010E4D
S21402BA509C457AEB010B08D20132B3EB0E03D2B24D
S21402BA6061F10001F4E70A44D2B202F00302627501
S21402BA70B361009804F000FCD8F80430F26DD201ED
S21402BA807FF544AF50E7BD42BFF47BAF1A4393B293
S21402BA907AE7154A1578142D01BF0025134F157045
S21402BAA03D70157801351570002B3FF47AAFE58AA4
S21402BAB01D43E582094C23660C4C23780133DBB226
S21402BAC0022B23707FF46DAF0023013131601370B7
S21402BAD0237066E7502A00200050084600500840AF
S21402BAE000500844D4290020B1310020B031002093
S21402BAF00040044081F0004102E000BF83F00043B2
S21402BB0030B54FEA41044FEA430594EA050F08BFF1
S21402BB1090EA020F1FBF54EA000C55EA020C7FEAB5
S21402BB20645C7FEA655C00F0E2804FEA5454D4EB32
S21402BB305555B8BF6D420CDD2C4480EA020281EAFC
S21402BB40030382EA000083EA010180EA020281EA34
S21402BB500303362D88BF30BD11F0004F4FEA013186
S21402BB604FF4801C4CEA113102D0404261EB410195
S21402BB7013F0004F4FEA03334CEA133302D052421B
S21402BB8063EB430394EA050F00F0A780A4F10104D7
S21402BB90D5F1200E0DDB02FA0EFC22FA05F2801811
S21402BBA041F1000103FA0EF2801843FA05F35941F7
S21402BBB00EE0A5F120050EF1200E012A03FA0EFC76
S21402BBC028BF4CF0020C43FA05F3C01851EBE371A0
S21402BBD001F0004507D54FF0000EDCF1000C7EEBBD
S21402BBE000006EEB0101B1F5801F1BD3B1F5001FFB
S21402BBF00CD349085FEA30004FEA3C0C04F101041A
S21402BC004FEA445212F5800F80F09A80BCF1004F42
S21402BC1008BF5FEA500C50F1000041EB045141EAC4
S21402BC20050130BD5FEA4C0C404141EB0101013C8D
S21402BC3028BFB1F5801FE9D291F0000F04BF01467C
S21402BC400020B1FA81F308BF2033A3F10B03B3F14E
S21402BC5020020CDA0C3208DD02F1140CC2F10C02DE
S21402BC6001FA0CF021FA02F10CE002F11402D8BF3C
S21402BC70C2F1200C01FA02F120FA0CFCDCBF41EA08
S21402BC800C019040E41AA2BF01EB0451294330BDD7
S21402BC906FEA04041F3C1CDA0C340EDC04F11404B4
S21402BCA0C4F1200220FA04F001FA02F340EA03008B
S21402BCB021FA04F345EA030130BDC4F10C04C4F1D1
S21402BCC0200220FA02F001FA04F340EA03002946B1
S21402BCD030BD21FA04F0294630BD94F0000F83F4FB
S21402BCE0801306BF81F480110134013D4EE77FEADE
S21402BCF0645C18BF7FEA655C29D094EA050F08BF2A
S21402BD0090EA020F05D054EA000C04BF194610460A
S21402BD1030BD91EA030F1EBF0021002030BD5FEA4E
S21402BD20545C05D14000494128BF41F0004130BD76
S21402BD3014F580043CBF01F5801130BD01F00045CA
S21402BD4045F0FE4141F470014FF0000030BD7FEA3D
S21402BD50645C1ABF194610467FEA655C1CBF0B4638
S21402BD60024650EA013406BF52EA033591EA030F4F
S21402BD7041F4002130BD00BF90F0000F04BF002147
S21402BD80704730B54FF4806404F132044FF000057A
S21402BD904FF0000150E700BF90F0000F04BF0021F3
S21402BDA0704730B54FF4806404F1320410F0004559
S21402BDB048BF40424FF000013EE700BF42004FEA54
S21402BDC0E2014FEA31014FEA02701FBF12F07F43D1
S21402BDD093F07F4F81F06051704732F07F4208BF88
S21402BDE0704793F07F4F04BF41F40021704730B58F
S21402BDF04FF4607401F0004521F000411CE700BFDB
S21402BE0050EA010208BF704730B54FF000050AE05D
S21402BE1050EA010208BF704730B511F0004502D55E
S21402BE20404261EB41014FF4806404F132045FEA60
S21402BE30915C3FF4D8AE4FF003025FEADC0C18BF09
S21402BE4003325FEADC0C18BF033202EBDC02C2F1FB
S21402BE50200300FA03FC20FA02F001FA03FE40EA8D
S21402BE600E0021FA02F11444BDE600BF70B54FF091
S21402BE70FF0C4CF4E06C1CEA11541DBF1CEA13556F
S21402BE8094EA0C0F95EA0C0F00F0DEF82C4481EAD7
S21402BE90030621EA4C5123EA4C5350EA013518BFF7
S21402BEA052EA033541F4801143F4801338D0A0FBE4
S21402BEB002CE4FF00005E1FB02E506F00042E0FB91
S21402BEC003E54FF00006E1FB03569CF0000F18BF97
S21402BED04EF0010EA4F1FF04B6F5007F64F540743F
S21402BEE004D25FEA4E0E6D4146EB060642EAC621D2
S21402BEF041EA55514FEAC52040EA5E504FEACE2E3F
S21402BF00B4F1FD0C88BFBCF5E06F1ED8BEF1004F41
S21402BF1008BF5FEA500E50F1000041EB045170BDBD
S21402BF2006F0004646EA010140EA020081EA030101
S21402BF30B4EB5C04C2BFD4EB0C0541EA045170BDFD
S21402BF4041F480114FF0000E013C00F3AB8014F177
S21402BF50360FDEBF002001F0004170BDC4F10004C0
S21402BF60203C35DA0C341BDC04F11404C4F1200541
S21402BF7000FA05F320FA04F001FA05F240EA02009C
S21402BF8001F0004221F0004110EBD37021FA04F6D2
S21402BF9042EB06015EEA430E08BF20EAD37070BD8C
S21402BFA0C4F10C04C4F1200500FA04F320FA05F0EB
S21402BFB001FA04F240EA020001F0004110EBD370ED
S21402BFC041F100015EEA430E08BF20EAD37070BD5D
S21402BFD0C4F1200500FA05F24EEA020E20FA04F336
S21402BFE001FA05F243EA020321FA04F001F00041E5
S21402BFF021FA04F220EA020000EBD3705EEA430E56
S21402C00008BF20EAD37070BD94F0000F0FD101F084
S21402C0100046400041EB010111F4801F08BF013CBD
S21402C020F7D041EA060195F0000F18BF704703F0FB
S21402C0300046520043EB030313F4801F08BF013D82
S21402C040F7D043EA0603704794EA0C0F0CEA13553E
S21402C05018BF95EA0C0F0CD050EA410618BF52EAF8
S21402C0604306D1D181EA030101F000414FF00000FE
S21402C07070BD50EA410606BF1046194652EA43060C
S21402C08019D094EA0C0F02D150EA013613D195EA80
S21402C0900C0F05D152EA03361CBF104619460AD1C8
S21402C0A081EA030101F0004141F0FE4141F47001D2
S21402C0B04FF0000070BD41F0FE4141F4780170BDC2
S21402C0C070B54FF0FF0C4CF4E06C1CEA11541DBF27
S21402C0D01CEA135594EA0C0F95EA0C0F00F0A7F829
S21402C0E0A4EB050481EA030E52EA03354FEA013156
S21402C0F000F088804FEA03334FF0805545EA131369
S21402C10043EA12634FEA022245EA111545EA106530
S21402C1104FEA00260EF000419D4208BF964244F1C7
S21402C120FD0404F5407402D25B084FEA3202B61AE6
S21402C13065EB03055B084FEA32024FF480104FF4BA
S21402C140002CB6EB020E75EB030E22BFB61A75462E
S21402C15040EA0C005B084FEA3202B6EB020E75EBC1
S21402C160030E22BFB61A754640EA5C005B084FEA29
S21402C1703202B6EB020E75EB030E22BFB61A7546F6
S21402C18040EA9C005B084FEA3202B6EB020E75EB01
S21402C190030E22BFB61A754640EADC0055EA060EC2
S21402C1A018D04FEA051545EA16754FEA06164FEA05
S21402C1B0C30343EA52734FEAC2025FEA1C1CC0D1B1
S21402C1C011F4801F0BD141EA00014FF000004FF03E
S21402C1D0004CB6E711F4801F04BF01430020B4F1FF
S21402C1E0FD0C88BFBCF5E06F3FF6AFAEB5EB030CB7
S21402C1F004BFB6EB020C5FEA500C50F1000041EBB4
S21402C200045170BD0EF0004E4EEA113114EB5C0480
S21402C210C2BFD4EB0C0541EA045170BD41F4801153
S21402C2204FF0000E013C90E645EA060E8DE60CEA5B
S21402C230135594EA0C0F08BF95EA0C0F3FF43BAF78
S21402C24094EA0C0F0AD150EA01347FF434AF95EA2F
S21402C2500C0F7FF425AF104619462CE795EA0C0F13
S21402C26006D152EA03353FF4FDAE1046194622E7E0
S21402C27050EA410618BF52EA43067FF4C5AE50EABA
S21402C28041047FF40DAF52EA43057FF4EBAE12E7AA
S21402C2904FF0FF3C06E000BF4FF0010C02E000BF8B
S21402C2A04FF0010C4DF804CD4FEA410C7FEA6C5C6E
S21402C2B04FEA430C18BF7FEA6C5C1BD001B050EA11
S21402C2C0410C0CBF52EA430C91EA030F02BF90EAFC
S21402C2D0020F0020704710F1000F91EA030F58BFBB
S21402C2E0994208BF90422CBFD8176FEAE37040F01D
S21402C2F0010070474FEA410C7FEA6C5C02D150EABB
S21402C300013C07D14FEA430C7FEA6C5CD6D152EA75
S21402C310033CD3D05DF8040B704700BF844610463A
S21402C32062468C461946634600E000BF01B5FFF739
S21402C330B7FF002848BF10F1000F01BD4DF808ED09
S21402C340FFF7F4FF0CBF012000205DF808FB00BFDA
S21402C3504DF808EDFFF7EAFF34BF012000205DF834
S21402C36008FB00BF4DF808EDFFF7E0FF94BF012081
S21402C37000205DF808FB00BF4DF808EDFFF7CEFF82
S21402C38094BF012000205DF808FB00BF4DF808EDC1
S21402C390FFF7C4FF34BF012000205DF808FB00BF92
S21402C3A04FEA410212F5001215D211D56FF47873D6
S21402C3B0B3EB625212D94FEAC12343F0004343EA79
S21402C3C0505311F0004F23FA02F018BF4042704754
S21402C3D04FF00000704750EA013005D111F00040DE
S21402C3E008BF6FF0004070474FF00000704700BF74
S21402C3F04A0011D212F5001211D20DD56FF47873DD
S21402C400B3EB62520ED44FEAC12343F0004343EA31
S21402C410505323FA02F070474FF00000704750EA7C
S21402C420013002D14FF0FF3070474FF000007047E6
S21402C4304FEA4102B2F1E04324BFB3F5001CDCF13F
S21402C440FE5C0DD901F0004C4FEAC0024CEA507077
S21402C450B2F1004F40EB830008BF20F001007047A6
S21402C46011F0804F21D113F13872BCBF01F00040A9
S21402C470704741F480114FEA5252C2F11802C2F1DB
S21402C480200C10FA0CF320FA02F018BF40F001005C
S21402C4904FEAC1234FEAD32303FA0CFC40EA0C000E
S21402C4A023FA02F34FEA4303CCE77FEA625307D14B
S21402C4B050EA01331EBF4FF0FE4040F44000704782
S21402C4C001F0004040F0FE4040F40000704700BF1C
S21402C4D053B94AB9002908BF00281CBF4FF0FF31E4
S21402C4E04FF0FF3000F06AB9ADF1080C6DE904CEEA
S21402C4F000F006F8DDF804E0DDE9022304B0704738
S21402C5002DE9F047089D0C46002B4ED194468C45EB
S21402C5108646B2FA82F262D94AB1C2F1200391404B
S21402C52020FA03F30CFA02FC194300FA02FE4FEA61
S21402C5301C471FFA8CF6B1FBF7F44FEA1E4307FBC3
S21402C540141143EA014304FB06F199420AD91CEB93
S21402C550030304F1FF3080F01381994240F2108108
S21402C560023C6344591A1FFA8EF3B1FBF7F007FB3D
S21402C570101143EA014300FB06F69E420AD91CEB61
S21402C580030300F1FF3180F0FD809E4240F2FA8004
S21402C590634402389B1B40EA044000211DB1D3408D
S21402C5A00022C5E90032BDE8F0878B4205D90DB1FD
S21402C5B0C5E9000100210846F5E7B3FA83F1002930
S21402C5C046D1A34202D39042C0F0F180861A64EBB1
S21402C5D003030120002DE6D0C5E90063E3E7002A45
S21402C5E040F09180A1EB0C044FEA1C481FFA8CF72E
S21402C5F00121B4FBF8F64FEA1E4308FB164443EA51
S21402C600044307FB06F0984208D91CEB030306F125
S21402C610FF3402D2984200F2CE8026461C1A1FFA37
S21402C6208EF3B4FBF8F008FB104443EA044300FB25
S21402C63007F79F4208D91CEB030300F1FF3402D22E
S21402C6409F4200F2B1802046DB1B40EA0640A5E787
S21402C650C1F120068B4022FA06F71F4320FA06FC99
S21402C66004FA01F343EA0C03F44000FA01F8380C2A
S21402C6704FEA1349B4FBF0FE1FFA87FC00FB1E4488
S21402C68049EA04440EFB0CF9A14502FA01F20AD962
S21402C6903C190EF1FF3A80F08580A14540F2828077
S21402C6A0AEF1020E3C44A4EB09041FFA83F9B4FB74
S21402C6B0F0F300FB134449EA044403FB0CFCA445D4
S21402C6C007D93C1903F1FF3068D2A44566D9023B6C
S21402C6D03C4443EA0E40A0FB0293A4EB0C049C42AB
S21402C6E0CE469C4652D34FD055B1B8EB0E0364EB00
S21402C6F00C0404FA06F6CB40CC401E43C5E900649F
S21402C7000021BDE8F087C2F1200320FA03F10CFAFB
S21402C71002FC24FA03F394400C434FEA1C4800FA46
S21402C72002FE1FFA8CF7B3FBF8F008FB1031230C5D
S21402C73043EA014300FB07F1994208D91CEB0303C5
S21402C74000F1FF362CD299422AD9023863445B1A8A
S21402C750A4B2B3FBF8F108FB113344EA034401FB2D
S21402C76007F3A34208D91CEB040401F1FF3613D2E7
S21402C770A34211D902396444E41A41EA004138E777
S21402C7800446EFE6084605E7C845ADD2B9EB020E09
S21402C79063EB070C0138A7E73146EDE7034698E757
S21402C7A03046D4E7D6467EE7634402384CE7064670
S21402C7B0234608460EE7023E63442FE7704700BF53
S21402C7C0024B0A46014618680BF090BD480D002041
S21402C7D008B5064B044613B10021AFF30080044BA4
S21402C7E01B6803B19847204603F0F3F800000000E8
S21402C7F0D02B0020024B0146186800F02DB800BF6F
S21402C800480D0020024B0146186800F0A5BA00BF8A
S21402C810480D002070B50F4E0C463168054611B91A
S21402C82000F054FA30602146284600F04FFA431CC6
S21402C83003D14FF0FF34204670BDC41C24F003041D
S21402C840A042F8D0211A284600F040FA0130F2D170
S21402C850EFE700BF902A00202DE9F041CD1C25F01D
S21402C860030508350C2D38BF0C25002D064601DBC6
S21402C870A94204D90C2333600020BDE8F081314F71
S21402C88000F062F83B681C4644BB29463046FFF778
S21402C890C1FF431C044650D13C682146002941D1C1
S21402C8A0002C44D02368304604EB030800F00EFA4E
S21402C8B080453CD121686D1A29463046FFF7AAFF0B
S21402C8C0013034D023682B4423603B68002B36D0DB
S21402C8D05A68A24229D100225A600EE02268521BF0
S21402C8E01DD40B2A16D96119A342256018BF5960B8
S21402C8F0636808BF396062514B60304600F02AF820
S21402C90004F10B00231D20F00700C21AB5D01B1A33
S21402C910A350B2E7A3426268DED13A60EDE723464F
S21402C9206468B1E70C464968B8E71346CEE70C23BD
S21402C9303360304600F00EF89EE70560DDE75B6088
S21402C940FFDE00BF942A002001480BF0B4BD00BFF2
S21402C950B231002001480BF0AFBD00BFB23100205B
S21402C960002310B50446C0E90033C0E904338360EF
S21402C97081814366C2818361194608225C300BF0CE
S21402C98082FD0D4B63620D4BA3620D4BE3620D4BB2
S21402C99023630D4B24629C4206D003F16802944244
S21402C9A002D0D0339C4205D104F15800BDE81040B5
S21402C9B00BF080BD10BD00BFAD830300CF83030024
S21402C9C0078403002B840300982A0020024A0349A6
S21402C9D003480BF0CDBC00BF3C0D0020E1870300EE
S21402C9E04C0D002041680C4B994210B5044601D00C
S21402C9F00BF0F6FEA168094B994202D020460BF0D6
S21402CA00EFFEE168064B994204D02046BDE810408E
S21402CA100BF0E6BE10BD00BF982A0020002B0020B7
S21402CA20682B002010B50B4B0B4C0C4A1A602046A4
S21402CA3000220421FFF794FF04F168000122092175
S21402CA40FFF78EFF04F1D0000222BDE8104012214B
S21402CA50FFF786BFD02B0020982A0020CDC90200FF
S21402CA6001480BF028BD00BFB331002001480BF08F
S21402CA7023BD00BFB331002010B50446FFF7F0FF18
S21402CA80236A1BB1BDE81040FFF7F0BF044B2362D8
S21402CA90044B1B68002BF5D1FFF7C4FFF2E700BF7B
S21402CAA0E5C90200D02B00202DE9F7431D46574B5F
S21402CAB01F6804460E46904627B13B6A13B93846AD
S21402CAC0FFF7DAFFB8F1020F06D0B8F1010F00F255
S21402CAD09A80002DC0F29780636ED90705D4A38989
S21402CAE09A0502D4A06D0BF0E6FC214638460BF000
S21402CAF077FE616B41B104F14403994202D0384695
S21402CB0000F02AF9002363630023A3616360A3890C
S21402CB101B0603D52169384600F01EF9A38923F4C3
S21402CB204A6323F00303B8F1020FA38161D001AB7D
S21402CB306A46214638460BF07BFEA3891843A0813D
S21402CB402DBB009D2846FFF755FE0646002852D10B
S21402CB50DDF80090A94540D14FF0FF35B4F90C300E
S21402CB6043F00202A2810022A26004F14702226080
S21402CB70226101226261626ED60704D4980502D44D
S21402CB80A06D0BF099FC284603B0BDE8F083002E9A
S21402CB90D8D03B6A13B93846FFF76EFFB8F1010FDB
S21402CBA008BFA389266004BF43F00103A381B4F93A
S21402CBB00C3013F00802C4E904651ED0D90741BF41
S21402CBC000226D42A260A56158BFA560626ED207C0
S21402CBD001D49B0513D50025D5E74846FFF70AFE84
S21402CBE006460028B8D0A38943F08003A3814D46A9
S21402CBF0CFE70025B2E7A946F5E7A260E6E7A06D13
S21402CC000BF05AFCE7E74FF0FF35BCE7480D002073
S21402CC100EB400B59CB01DAB029006906FF00041BA
S21402CC20094807910491094953F8042B05910068B5
S21402CC30019302A900F0DAF8029B00221A701CB0D7
S21402CC405DF804EB03B07047480D00200802FFFFB2
S21402CC500B46034902460868816800F0C3B900BF64
S21402CC60480D002038B5064D0023044608462B60C2
S21402CC7002F0ADFE431C02D12B6803B1236038BD1F
S21402CC80D42B002038B5074D04460846114600222C
S21402CC902A601A4602F0A5FE431C02D12B6803B195
S21402CCA0236038BDD42B002038B5074D044608460D
S21402CCB0114600222A601A4602F095FE431C02D153
S21402CCC02B6803B1236038BDD42B002038B5064D3F
S21402CCD00023044608462B60E5F76AFD431C02D192
S21402CCE02B6803B1236038BDD42B002038B5074D1E
S21402CCF004460846114600222A601A4602F081FEC1
S21402CD00431C02D12B6803B1236038BDD42B00200C
S21402CD1070B50D4D0D4C641BA4100026A64209D119
S21402CD200B4D0C4C0CF04CFB641BA4100026A642C8
S21402CD3005D170BD55F8043B98470136EEE755F825
S21402CD40043B98470136F2E74010002040100020CE
S21402CD50401000204410002038B50546002941D076
S21402CD6051F8043C0C1F002BB8BFE418FFF7ECFD8B
S21402CD701D4A136833B9636014602846BDE838401C
S21402CD80FFF7E8BDA34208D9206821188B4201BFED
S21402CD9019685B6809182160EDE71A465B680BB1F3
S21402CDA0A342FAD911685018A0420BD12068014458
S21402CDB0501883421160E0D118685B6853600844DB
S21402CDC01060DAE702D90C232B60D6E72068211818
S21402CDD08B4204BF19685B68636004BF0918216050
S21402CDE05460CAE738BD00BF942A00202DE9F04FF0
S21402CDF098468B891B069DB007460D46144610D5ED
S21402CE000B6973B94021FFF727FD2860286130B906
S21402CE100C233B604FF0FF301DB0BDE8F08F40237F
S21402CE206B610023099320238DF82930CDF80C80FE
S21402CE303023DFF89C818DF82A304FF00109234613
S21402CE409A4613F8012B0AB1252AF9D1BAEB040B3C
S21402CE500BD05B462246294638460BF04CFB013087
S21402CE6000F0A780099A5A4409929AF80030002BDB
S21402CE7000F09F8000234FF0FF32CDE905230AF130
S21402CE80010A049307938DF853301A9354460522E9
S21402CE9014F8011B4E48DFF733FD049AD8B9D006C2
S21402CEA044BF20238DF85330110744BF2B238DF83F
S21402CEB053309AF800302A2B15D0079A5446002091
S21402CEC04FF00A0C214611F8013B303B092B4BD997
S21402CED0B0B1079214E0A0EB080309FA03F3134378
S21402CEE00493A246D2E7039B191D1B680391002BED
S21402CEF0BBBF5B4242F0020207930793B8BF04929D
S21402CF0023782E2B0AD163782A2B32D1039B1A1D43
S21402CF101B68039243EAE37302340593DFF8C0A06A
S21402CF20217803225046DFF7EBFC38B1049BA0EBD6
S21402CF300A004022824013430134049314F8011B72
S21402CF4024488DF828100622DFF7DAFC002836D0AF
S21402CF50214B1BBB039B073323F0070308330393C2
S21402CF60099B334409936AE70CFB02320C46012004
S21402CF70A8E700230134059319464FF00A0C204611
S21402CF8010F8012B303A092A03D9002BC6D0059196
S21402CF90C4E70CFB012104460123F0E703AB009330
S21402CFA02A460E4B04A93846AFF30080421C0646BA
S21402CFB0D6D1AB895B063FF52DAF09982CE703ABBC
S21402CFC000932A46054B04A9384600F023F9EDE7FC
S21402CFD02CC6030036C6030000000000F7840300D8
S21402CFE032C603002DE9F04F0D469DB01446984612
S21402CFF0064618B1036A0BB9FFF73EFD6B6ED907FA
S21402D00005D4AB899A0502D4A86D0BF054FAAB8905
S21402D0101B0701D52B699BB92946304600F026FA34
S21402D02070B16B6EDC0704D54FF0FF301DB0BDE863
S21402D030F08FAB899805F7D4A86D0BF03DFAF3E7AD
S21402D0400023099320238DF82930CDF80C80302355
S21402D050DFF8AC818DF82A304FF0010923469A4654
S21402D06013F8012B0AB1252AF9D1BAEB040B0BD01F
S21402D0705B462246294630460BF0AFFA013000F0F6
S21402D080A780099A5A4409929AF80030002B00F0B9
S21402D0909F8000234FF0FF32CDE905230AF1010AF3
S21402D0A0049307938DF853301A935446052214F8C6
S21402D0B0011B5348DFF724FC049AD8B9D10644BFB3
S21402D0C020238DF85330130744BF2B238DF853309B
S21402D0D09AF800302A2B15D0079A544600204FF0B3
S21402D0E00A0C214611F8013B303B092B4BD9B0B153
S21402D0F0079214E0A0EB080309FA03F31343049320
S21402D100A246D2E7039B191D1B680391002BBBBFE7
S21402D1105B4242F0020207930793B8BF0492237859
S21402D1202E2B0AD163782A2B32D1039B1A1D1B6839
S21402D130039243EAE37302340593DFF8D4A021781E
S21402D14003225046DFF7DCFB38B1049BA0EB0A0053
S21402D1504022824013430134049314F8011B2948E9
S21402D1608DF828100622DFF7CBFB00283FD0264B8F
S21402D1701BBB039B073323F0070308330393099B68
S21402D1803B4409936AE70CFB02320C460120A8E7EF
S21402D19000230134059319464FF00A0C204610F876
S21402D1A0012B303A092A03D9002BC6D00591C4E7D1
S21402D1B00CFB012104460123F0E703AB00932A4649
S21402D1C0124B04A93046AFF300800746781CD6D12E
S21402D1D06B6ED90705D4AB899A0502D4A86D0BF0FD
S21402D1E06BF9AB895B063FF51FAF09981EE703ABE9
S21402D1F000932A46054B04A9304600F00BF8E4E7F4
S21402D2002CC6030036C6030000000000DB850300C0
S21402D21032C603002DE9FF470F7E0C9E782F9146FB
S21402D22080460C469A4601F1430207D8622F0AD876
S21402D230002F00F0DD80582F00F0C38004F1420674
S21402D24084F842703AE0A7F16303152BF6D801A1E1
S21402D25051F823F0ADD20200C1D202003DD2020044
S21402D2603DD202003DD202003DD20200C1D20200EF
S21402D2703DD202003DD202003DD202003DD2020063
S21402D280D7D302004FD302008FD302003DD2020052
S21402D2903DD20200F9D302003DD202004FD3020073
S21402D2A03DD202003DD2020097D3020033681A1D17
S21402D2B01B68326004F1420684F842300123A8E07B
S21402D2C031682368081D30601E0601D50D6803E02C
S21402D2D05D06FBD5B1F900506168002D78DA2D2085
S21402D2E0002984F84300A1602DDA5E486D420A23C5
S21402D2F01646B5FBF3F103FB1157C75D06F8017D31
S21402D3002F46BB420D46F4D9082B0BD12368DF0704
S21402D31008D5236961689942DEBF302306F8013CCE
S21402D32006F1FF36921B2261CDF800A04B4603AAF7
S21402D330214640460BF063F901306FD14FF0FF30C3
S21402D34004B0BDE8F08723F004032360CDE721682C
S21402D3503368080653F8045B02D4490648BFADB2E8
S21402D3606F2F4048336014BF0A230823002184F835
S21402D37043106668A660002EBADB216821F004011D
S21402D3802160002DB4D1002EB2D11646BCE7236828
S21402D39043F0200323603448782784F845702368D6
S21402D3A031681F0651F8045B02D45F0648BFADB26F
S21402D3B03160D90744BF43F0200323601DB1102318
S21402D3C0D4E72848E9E7236823F020032360F6E73A
S21402D3D024480A23CDE7336825686169181D306042
S21402D3E02E061B6801D5196002E06806FBD5198077
S21402D3F000232361164697E733681A1D32601E68BB
S21402D400626800213046DFF77BFA08B1801B606055
S21402D41063682361002384F8433085E72369324634
S21402D42049464046D047013088D023689B0714D42B
S21402D430E068039B9842B8BF184681E7012332464C
S21402D44049464046D04701303FF478AF0135E3689D
S21402D45003995B1AAB42F1DCEAE7002504F11906F0
S21402D460F5E700BF3DC603004EC6030038B5294B9C
S21402D470054618680C4618B1036A0BB9FFF7FCFAA2
S21402D480B4F90C30190722D4DA0607D409222A6026
S21402D49043F04003A3814FF0FF3033E0580712D524
S21402D4A0616B41B104F14403994202D02846FFF76A
S21402D4B053FC00236363A38923F02403A381002380
S21402D4C0636023692360A38943F00803A381236969
S21402D4D04BB9A38903F42073B3F5007F03D021462A
S21402D4E028460BF0CBF9B4F90C3013F001020AD03F
S21402D4F00022A26062695242A261226942B913F016
S21402D5008000C5D138BD990758BF6269A260F4E7AA
S21402D5100020F7E7480D002038B5074D00230446E3
S21402D520084611462B6002F055FA431C02D12B68BE
S21402D53003B1236038BD00BFD42B002038B5064D9A
S21402D5400023044608462B6002F049FA431C02D127
S21402D5502B6803B1236038BDD42B0020C0F3C75319
S21402D5607F3B162B07EE900A20F000412FDC002BA3
S21402D57016DB1C491941084226D09FED1B7A37EE6E
S21402D580877AB5EEC07AF1EE10FA1DDD002804DDCA
S21402D5904FF4000242FA03F3184420EA01007047EF
S21402D5A09FED117A37EE877AB5EEC07AF1EE10FA71
S21402D5B00ADD002813DBB7EE007A002914BF17EE47
S21402D5C0100A17EE900A704717EE900A7047B1F1EC
S21402D5D0FF4FF9D377EEA77A17EE900A70474FF00F
S21402D5E000407047FFFF7F00CAF24971094A51683E
S21402D5F0C84390FAA0F048B1B0FA80F0042805DCDF
S21402D600012383400B43536040B270474FF0FF3014
S21402D610704700BF002C0020034B0448002128223C
S21402D620C3E900110AF02FBF002C0020D82B0020DF
S21402D63038B50546FFF7DAFF04460448294600EBEC
S21402D640C4000BF0ECF9204638BD00BFD82B0020F2
S21402D650C3B2042B10B515D80B4A042303EBC00340
S21402D660134453E8002F0A4343E80024002CF8D161
S21402D67001220649824051E8003F134341E8003048
S21402D6800028F8D110BD00BFD82B0020002C0020A7
S21402D690F7B51A4A1A491B4D012608274FF0040C03
S21402D6A0106800B30B7806FA03F420421DD0E0435C
S21402D6B052E8004F044042E8004EBEF1000FF7D198
S21402D6C017FB03C32B4453E8000F43E800E4002C87
S21402D6D0F9D1019048B108780B4901AA05EBC000C0
S21402D6E00BF0D9F9012003B0F0BD0B7850688342E5
S21402D6F03ABF0133DBB200230B70D1E7002C0020C7
S21402D700B4310020D82B002078563412024B186809
S21402D710003818BF01207047002C002010B50446C0
S21402D72002F0ADFD074B1B684BB1DB681B1B002BE1
S21402D730CCBF0024012402F0A8FD204610BD1C46E2
S21402D740F9E700BF182C002038B5054602F097FD11
S21402D750094B1A684FF0FF341AB902F096FD2046BC
S21402D76038BDD2E903310B445B1B23F000439C42D5
S21402D770526828BF1C46EFE7182C00202DE9F84F08
S21402D7800C9F9DF82CA00E4615469946804608B179
S21402D79003687BB937B129463046B84740F20340A2
S21402D7A0BDE8F88F002DF9D0002EF7DB284600F0F2
S21402D7B009FCF3E702F063FD8346504600F0F0F9F9
S21402D7C00446584602F061FD8CB947B129463046F8
S21402D7D0B8470320314600F0BBFB1A20E0E7002DD5
S21402D7E0F7D0002EF5DB284600F0ECFBF1E7C4F894
S21402D7F00080DFF878800A9B65610025C4E90797F8
S21402D800A660236184F818A0D8F8003065609847AF
S21402D81009EB000602F033FD07461248E66002688E
S21402D820114631B1CB689B1B002B13DBCB689E42A3
S21402D83010D09DB90C4B626004601C682CB1D8F8FD
S21402D84000309847FFF780FFA047384602F01DFDDC
S21402D8500020A5E74B680D461946E2E76B68636051
S21402D8606C60F2E7182C0020082C0020102C0020F8
S21402D8702DE9F74FDFF884B081460D4692461E46E4
S21402D88002F0FDFCDBF8004001904FF000082CB9D6
S21402D890019803B0BDE8F04F02F0F7BC23684B4591
S21402D8A01CD12DB1A3682A6823F00043934215D1F8
S21402D8B07EB96368B8F1000F13D1CBF800300D4B78
S21402D8C01F6887B10C4A12689047FFF73DFFB847BA
S21402D8D009E060695146B0470028EAD0A04664686D
S21402D8E0D5E7C8F80430676820460BF054F83C4683
S21402D8F0CDE700BF082C0020102C0020182C00209A
S21402D900014B1860704700BF082C002070B50B4B07
S21402D91004460E4615461978094A0A480BF0D0FC0A
S21402D920094A00231360094A1660094A2421156031
S21402D93007202246BDE8704000F0B4B8CD31002082
S21402D94069C60300B5310020182C0020102C0020D8
S21402D9500C2C00207FB504461846002303930A4B7E
S21402D9601B680D46164613B9212004B070BD03A9E4
S21402D97098470028F8D10090039B32462946204655
S21402D9800BF03CF8F1E700BF0C2C0020F8B505467A
S21402D99010200F46164600F0F7FA0A4B044618788F
S21402D9A018B1102221460BF08EFC44B10123E3602D
S21402D9B02B682360C4E9017600202C60F8BD1A208B
S21402D9C0FCE700BFB53100202DE9F843264FDFF80B
S21402D9D0A880264D38603868FFF7A0FE30B9244B81
S21402D9E01B689847BDE8F843FFF7AEBE02F047FC57
S21402D9F0D8F800400646ECB16368C8F800301D4B04
S21402DA00D3F80090B9F1000F0CD102F03EFCA368E7
S21402DA102C6033F0004311D128680AF0BCFF0023C3
S21402DA202B60D8E7124B1B689847FFF78DFEC84756
S21402DA303046EAE702F029FC2C60CCE72368002B8C
S21402DA40EAD018680028E7D0A26832F00043E3D094
S21402DA50D0E90069636921688068C8470028DBD17D
S21402DA60002ED9D03046EFE71C2C0020142C0020C4
S21402DA70102C0020082C0020182C002038B5044654
S21402DA800D4602F0FCFB064B1B683BB1DA692260CE
S21402DA901B692B60BDE8384002F0F7BB2360F8E74D
S21402DAA0142C00202DE9F74FDFF88C90DFF88CB0AD
S21402DAB009EB001503314FEA001A4FF6FC770F40C8
S21402DAC00024DBF800306A8029F80A708046EC6091
S21402DAD002FB07F01646984717FB06F292B2034679
S21402DAE068602A8108B300921148124A9BF8041013
S21402DAF052F8282040440BF0E4FB21462A89686845
S21402DB000AF0C1FC214623469E4206DCD144002090
S21402DB10A9F8026003B0BDE8F08F6A68E868505062
S21402DB205418EC6001333944EEE71A20F2E700BFDE
S21402DB30B631002068C7030010250020202C0020E4
S21402DB4070B50B4E06EB00150446696839B1094BF1
S21402DB502A89185C0BF0B6FB686800F033FA06EB0D
S21402DB6004101022BDE8704000210AF08CBC00BFF1
S21402DB7010250020B6310020044B19601A719860F7
S21402DB800201002102480AF07EBC00BF202C0020C1
S21402DB9010250020014B185C704700BFB6310020EC
S21402DBA070B50A4C04EB00130601DD68084B185CDE
S21402DBB018B1A25B29460BF086FB2DB134442B68C4
S21402DBC0E3606388013B6380284670BD1025002011
S21402DBD0B6310020024B03EB00139878704700BF63
S21402DBE010250020094B03EB001310B45A88DC689A
S21402DBF00C600132D9605A80054B185C18B15DF88A
S21402DC00044B0BF061BB5DF8044B704710250020F7
S21402DC10B6310020044A010102EB0013505A10B13B
S21402DC201B89B3FBF0F070471025002038B5164B61
S21402DC30164D00241C70164B2C601C60154B6C6035
S21402DC4020461C70AC60FFF7E5FF80B2A0F10E0321
S21402DC506B80A0F11403013068812046EB80FFF749
S21402DC6099FF0D4D0D4A0446014628460BF028FB47
S21402DC702146681E0A4A0BF023FB2146681C094A05
S21402DC80BDE838400BF01CBBCB310020522F0020E1
S21402DC90442C0020CA310020C8310020ACC7030043
S21402DCA0B5C70300BFC7030070B5044680B302F0D1
S21402DCB0E6FA63796FF382036371237913F0100631
S21402DCC0054605D010232371BDE8704002F0DDBA88
S21402DCD003F003030F4931F82320013A21F82320E9
S21402DCE030462146FFF77EFF0B4B0C4E1C681CB9D4
S21402DCF00A4B28461C70E7E7237A1BB933781BB910
S21402DD002468F4E7012BFBD1636820469847F7E7BF
S21402DD1070BD00BF522F0020442C0020CB310020C3
S21402DD2010B5044602F0ABFA034B1A6822601C6078
S21402DD30BDE8104002F0A9BA442C002010B5064BEC
S21402DD401A78541C1C70054B00F0E00003F83200F1
S21402DD5003EBC203596010BDCA3100202C2C0020F0
S21402DD602DE9F04F4607044689B048BF00F0F70495
S21402DD70634F049204F00306029102F080FA07EB66
S21402DD80860337F826205B889A4204F0EF0A81461B
S21402DD904FEA860831D20020FFF702FF054640B35D
S21402DDA037F826304846013327F8263002F06DFA57
S21402DDB028460BF0F4F8029B029AAB71049B85F896
S21402DDC004A01344EB7102F05AFA4E4B1C68074645
S21402DDD0002C40F08C80384602F057FA4A4B985D89
S21402DDE018B1452229460BF06EFA284609B0BDE85E
S21402DDF0F08F464B01221A70484602F046FA250773
S21402DE001DD51F2C1BD904F0E003039302F037FA4A
S21402DE1007EB080337F826805B88DFF8F89098450A
S21402DE202CBF00230123019302F02FFA07EB86038F
S21402DE304FF0000B0593364B1B789B4508D384F0B6
S21402DE4004005146C0F3800000F082F80025C5E7C2
S21402DE5099F80030039A1A4204D0D9F80480D8F808
S21402DE60003023B90BF1010B09F10809E3E7079328
S21402DE705A79D00708D51A79510705D5019941B9BB
S21402DE808AEA0202920704D098461B68002BEFD15A
S21402DE90E5E740460AF0E8FE0579079007A80AF08B
S21402DEA0C5FE2946002000F053F802F0E8F9059B6B
S21402DEB037F826205B889A4234BF012300230546A2
S21402DEC0019309D20020FFF76BFE079058B137F88E
S21402DED02630013327F82630284602F0D6F9079D69
S21402DEE0002DBCD064E7094B01221A70F4E7237AAE
S21402DEF0012B02D1636820469847246868E700BF72
S21402DF00522F0020442C0020C7310020CB310020A5
S21402DF10CA3100202C2C0020014B00221A607047C8
S21402DF20482C002010B5044602F0A9F9074A1368E7
S21402DF302BB914602360BDE8104002F0A6B9A342D4
S21402DF4002D01A461B68F3E710BD00BF482C00201B
S21402DF50064B70B51C6805460E4604B970BD63686C
S21402DF603146284698472468F7E700BF482C002029
S21402DF70024B034A197803480BF0A2B9CC310020B1
S21402DF80CCC70300CD31002038B5C41C24F00304EE
S21402DF90204601F0A8FB0A4B0546187818B122461F
S21402DFA029460BF090F92DB921460220FFF7D0FF43
S21402DFB0284638BD2246002128460AF064FAF7E7CA
S21402DFC0CD31002010B5044628B1054B187810B1A3
S21402DFD021460BF079F92046BDE8104001F0A1BBBE
S21402DFE0CD31002038B50B4C0B4B206800251D7038
S21402DFF028B100F0FEFF2068FFF7E4FF2560074C1B
S21402E000206830B101F060FA2068FFF7DBFF0023DA
S21402E010236038BD502C0020CF3100204C2C00202D
S21402E0202DE9F341224F3B78002B3FD1214B224E64
S21402E0301978224A224C30460BF042F901F08DFB49
S21402E0400546FFF7A1FF01462060307810B12A4648
S21402E0500BF039F9236883B101F081FB8046FFF7A4
S21402E06093FF184D01462860307810B142460BF0F7
S21402E0702AF92B682BB9FFF7B5FF1A2002B0BDE8C4
S21402E080F081206800F0A4FF2868E0F789FA0023F0
S21402E09000932A680C49206800F0BFFF20B1FFF702
S21402E0A0A1FF40F20740E9E701233B700020E5E7C5
S21402E0B0CF310020CD310020CE310020D6C703005C
S21402E0C0502C00204C2C002013F5020038B50C4BC7
S21402E0D01B7804460D465BB10A4B22461868294651
S21402E0E001F03AF8002840F2074008BF002038BD89
S21402E0F005490648FFF794FF0028EDD0F7E700BF72
S21402E100CF310020502C0020EFBEADDEBEBAFECAD4
S21402E1100369C26893429CBF81685B18013B981AE8
S21402E12070472DE9F041D0E902840546A8EB0406C3
S21402E1304068964220440F46144404D90AF0BDF9BA
S21402E140EC60BDE8F0813246A4EB08040AF0B5F9AB
S21402E15068682246B919F1E72DE9F843C56806460C
S21402E160894617464FF000083369B46870689D42C6
S21402E17028BF1B19641BBC4203F1FF3328BF3C4671
S21402E1805B1B9C4228BF1C464946284422460AF08E
S21402E19094F9B3682544AB4208BF00253F1BA04450
S21402E1A0A144F560E0D14046BDE8F88310B50B46C1
S21402E1B0EFF311844FF0200181F311881946DFF73F
S21402E1C07FFA84F3118810BD00220123C0E90023E0
S21402E1D0704710B5044648B1006818B1E188890056
S21402E1E001F051FA00220123C4E9002310BD42F2D5
S21402E1F01073994270B504460D4602D96FF00F00AF
S21402E20070BDC3888B4201D30020F9E7042128465B
S21402E21001F077FA06460028F0D0216841B1E2887C
S21402E22092000AF04AF9E1882068890001F02BFA88
S21402E230E5802660E8E738B504460D4619B9FFF7CB
S21402E240C8FF002038BDC2888A4207D10068920003
S21402E25000210AF018F90123A380F2E7FFF7B9FFBD
S21402E26029462046BDE83840FFF7C1BF884270B550
S21402E27005460E4609D0C988C28841B92AB101238B
S21402E2808380920000680AF0FEF8002070BD4C1EE3
S21402E2908CB90134B6F90430AB80A24212D22146C0
S21402E2A02846FFF7A4FF0028F0D131682868A200AC
S21402E2B00AF003F9E9E7336853F82430002BE8D173
S21402E2C0013CE5E72868121B9200002100EB84005F
S21402E2D00AF0D9F8E9E770B50C4601210546FFF7C2
S21402E2E086FF064688B9EA880146920028680AF040
S21402E2F0CAF884EAE472A2EBE472E40FC4EBC43414
S21402E3002B68640001341A60AC80304670BDC38846
S21402E310B1EB431F3FBF03684A0901F01F0153F8E0
S21402E32022003ABFC84000F0010000207047C188B2
S21402E330006800F0A9BA70B50E4612F0030118BFC5
S21402E340012101EB920105461446FFF774FF38B926
S21402E350E988286823463246BDE8704000F0B6BA1F
S21402E36070BD13460A46C188006800F0D4BA38B5B4
S21402E37004460D46FFF7DBFFE3882844B0EB431F55
S21402E38006D82068E1882A4600F035FB002038BD12
S21402E39010F01F0118BF012101EB50112046FFF7B4
S21402E3A026FF0028EDD0F2E70A46C18808B511B16B
S21402E3B0006800F0E2FA002008BD10B5C38823B951
S21402E3C0CA885AB9ABB1012017E0026802EB830291
S21402E3D052F8042C002AF3D1013BF0E70C6804EB58
S21402E3E0820454F8044C0CB9013AEAE79342EAD89C
S21402E3F00FD3013B5A1C01D1002010BD026852F80F
S21402E40023400A6852F823209442DCD803F1FF33F3
S21402E410F0D24FF0FF30F0E730B5C38823B9CA8890
S21402E4205AB9002B3DD136E0026802EB830252F85D
S21402E430042C002AF3D1013BF0E70C6804EB8205BA
S21402E44055F8045C4DBB013AEAE7B1F9045003D231
S21402E450B1F90400404226E0B0F90420002A03DDA8
S21402E460002D0CDA01201EE0002D08DD3AB14FF037
S21402E470FF3018E003F1FF330BD2504213E0013BAA
S21402E480016851F8235054F823108D42F2D91046F1
S21402E49009E0591CF4D1002005E0002BD8D09342A5
S21402E4A0D3D9B0F9040030BD1FB581EAE173A3EBFE
S21402E4B0E173C90FC1EBC131490001930131012358
S21402E4C0ADF80C10ADF80E3002A901AB0293FFF7BF
S21402E4D0A3FF05B05DF804FB90422DE9F041054626
S21402E4E00F46144602D0884206D127460123FC88EE
S21402E4F0AB803CB9002003E0FFF7B8FE0028F4D05A
S21402E500BDE8F0813B6803EB84034FEA840853F8C6
S21402E510043C0BB9013CECE721462846FFF767FEB0
S21402E5200028EDD12E683A6823463146304600F080
S21402E53098FA06EB08030746002FDBD0EA88A242C9
S21402E54004F1010608D831462846FFF750FE002897
S21402E550D6D12B6803EB84031A68D21943F8042B2E
S21402E5602CBF012700273446E6E72DE9F041D48880
S21402E57005460E4690463CB9F188A1420ED26FF08F
S21402E58009073846BDE8F081D8F8003003EB84036B
S21402E59053F8043C002BEFD1013CECE72846FFF78A
S21402E5A026FE07460028ECD1F28894420BD2AE42F1
S21402E5B009D028683168121B920001EB840100EB37
S21402E5C0840009F07AFFEA88F088824207D92B682D
S21402E5D0121A9200002103EB800009F054FFD8F8CB
S21402E5E0002031682868234600F051FA024610B926
S21402E5F00123AB80C5E72968EB8801EB84011B1B6E
S21402E600084600F06DFB0028F2D0B8E72DE9F84383
S21402E610B2F804C0B1F904401CFB04FC664673431E
S21402E62081460D4617461CD511462846FFF7C5FEFD
S21402E630B0F100080DDB3A4629464846FFF795FF3B
S21402E64098B9B8F1000F08BF0124A9F804400020C9
S21402E6500BE02A464846FFF788FF30B9644224B2E8
S21402E660F3E7FFF739FF0028EFD0BDE8F883012370
S21402E670FFF7CCBF4FF0FF33FFF7C8BF1FB582EAE4
S21402E680E273A3EBE273D20FC2EBC23252000193E3
S21402E69001320123ADF80C20ADF80E3002AA01AB10
S21402E6A00293FFF7E7FF05B05DF804FB2DE9F0479C
S21402E6B0012386B0164688424FF00002CDE90223B7
S21402E6C0CDE9042307460D4606D102A8FFF7CEFD84
S21402E6D00446002833D102ADB74206D1394604A813
S21402E6E0FFF7C4FD044650BB04AEB5F80680B8F189
S21402E6F0000F2ED1B6F80690B9F1000F33D14FF0C5
S21402E700010A09EB08013846FFF771FD0446B0B965
S21402E71001463846FFF7DFFD044680B9CDF8009083
S21402E720336829683868424600F08AFABAF1000F60
S21402E73022D1AB88B28813FB02F31BB2BB8004A8BB
S21402E740FFF747FD02A8FFF744FD204606B0BDE8E6
S21402E750F0872B6803EB880353F8043C002BC9D1DF
S21402E76008F1FF38C3E7336803EB890353F8043C28
S21402E77023B909F1FF39BFE70123DFE7B8FA88FAC0
S21402E7804FEA5A1ABDE72DE9F341CF880546884677
S21402E79016463FB1D8F8003003EB870353F8043C23
S21402E7A03BB146B90021284602B0BDE8F041FFF76A
S21402E7B092BD013FEDE7791C2846FFF718FD044697
S21402E7C070B941462846FFF751FD044640B9013E5E
S21402E7D00096D8F80020E98828683B4600F074F9CD
S21402E7E0204602B0BDE8F08170B504460D461046DC
S21402E7F000211646FFF758FE002824DB2A46334639
S21402E80021460020DFF786F8054638B1284670BD57
S21402E810324621462046FFF72AFF90B900212046BD
S21402E820FFF742FE0028F3DB31462046FFF7F4FDF1
S21402E8300028EBDB324621462046FFF71BFF002866
S21402E840F2D00546E2E76FF00905DFE7F7B50E1EE0
S21402E850044615461F4614DB1046FFF725FE002821
S21402E8600FDDE9882046FFF7E6FC40B9089BCDE9B4
S21402E87000733146E3882A682068DFF75FFA03B040
S21402E880F0BD6FF00300FAE70139002901DA002033
S21402E890704750F82130002BF6D0B3FA83F00131DE
S21402E8A0C0EB4110704739B101F18041013900EBEC
S21402E8B081018142034600D270471B680A681BBA70
S21402E8C012BA40F8042B41F80439F2E72DE9F04178
S21402E8D01C4613F0030318BF012303EB94038B4279
S21402E8E006460D46904613D879B18F003A46002167
S21402E8F009F0C9FD2CB1381B22464146304409F0C6
S21402E900DCFD29463046FFF7CEFF0020BDE8F08149
S21402E9106FF00700FAE7B3EB810F70B504464FEAD3
S21402E9208105104619D95A1B8618002109F0ABFD3D
S21402E93030462B46C21800218B4210D1002070BDF3
S21402E94022F0030102F003066158F600F140C9B254
S21402E95081B90132AA42F3D1ECE71A46FAE721F06E
S21402E960030001F003052058ED00E84002F8010D0F
S21402E9700131E1E76FF00700E1E7F8B50546500917
S21402E98088420C4602F01F0601D80AD136B1A20010
S21402E99028460021BDE8F84009F075BD1F2A02D8B6
S21402E9A0F8BD1F2A0FD9820005EB8003291F05EB4D
S21402E9B08407BB421AD1201A38BF0022002105EB79
S21402E9C0800009F060FD002EEAD005EB84040022E8
S21402E9D0C6F12000AC42E3D054F8041C21FA06F338
S21402E9E0134344F8043D01FA00F2F3E753F804CB6C
S21402E9F041F804CFDDE71F2AF8B503460D464FEA75
S21402EA00521402F01F0613D96FF0030000FB043005
S21402EA100A46944202F1FF3113D3621BAC4288BF0E
S21402EA2000222A4418469200002109F02CFD0346D3
S21402EA3036B103EB84030021C6F12007AC4206D3AD
S21402EA40F8BD50F8212043F821200A46E1E718686D
S21402EA5000FA06F20A4343F8042B013420FA07F1BF
S21402EA60ECE7F0B50024844620469C4200D1F0BD77
S21402EA7051F8245052F824702E182CBF0125002578
S21402EA80BF194CF8247045F100000134EDE7F0B5EB
S21402EA900024064620469C4200D1F0BD51F824C010
S21402EAA052F82470ACEB0005AF4294BF4FF0000E54
S21402EAB04FF0010EED1B46F8245084452CBF7046DD
S21402EAC00EF101000134E6E78B422DE9F04728BF3C
S21402EAD00B469646DE08089A0446C91A03F007084B
S21402EAE075460346B44600200CF1FF3CBCF1FF3FDE
S21402EAF003F1200305F1200511D104EB46140EEBB9
S21402EB0046164FEA880C06EB880E2546764540F0F8
S21402EB1081806444013980F08B80BDE8F08755F827
S21402EB20207CA2FB079710EB090953F8200C47F14B
S21402EB30000710EB090043F8200C55F81C0C47F1AF
S21402EB400007A2FB00093F1853F81C0C49F1000904
S21402EB50C01943F81C0C55F8180C49F10009A2FB21
S21402EB60000719EB000953F8180C47F1000710EBE1
S21402EB70090043F8180C55F8140C47F10007A2FBDD
S21402EB8000093F1853F8140C49F10009C01943F85C
S21402EB90140C55F8100C49F10009A2FB000719EBFA
S21402EBA0000953F8100C47F1000710EB090043F870
S21402EBB0100C55F80C0C47F10007A2FB00093F1891
S21402EBC053F80C0C49F10009C01943F80C0C55F81F
S21402EBD0080C49F10009A2FB000719EB000953F8DB
S21402EBE0080C47F1000710EB090043F8080C55F82B
S21402EBF0040C47F10007A2FB000A17EB000953F8C2
S21402EC00047C4AF1000017EB090740F1000043F8C4
S21402EC10047C69E756F8043BA2FB0337C31828684E
S21402EC2047F10007C31845F8043B47F100006DE7BB
S21402EC3023681B1844F8043B2CBF0120002069E718
S21402EC402DE9F347DDF8289015464A440F46920010
S21402EC5000210646984609F016FC002405F1010A32
S21402EC604C4502D102B0BDE8F08758F82430009334
S21402EC7006EB84002B463A465146FFF725FF013441
S21402EC80EEE72DE9F04712F0030418BF012404EB67
S21402EC9092048C420646884617461D464FEA840A68
S21402ECA0C2EB840919D84A46002109F0ECFBA8EB0E
S21402ECB004029200002106EB0A0009F0E4FB089821
S21402ECC03A4606EB0901A847054618B921463046DA
S21402ECD0FFF7E9FD2846BDE8F0876FF00305F9E780
S21402ECE030B50546104600229A4200D130BD51F892
S21402ECF02240241A45F8224034BF01200020013267
S21402ED00F2E74822002109F0BEBB10B5044601F026
S21402ED105CF82046BDE8104000F003BD10B5242183
S21402ED20012000F0EEFC044608B101F04AF8204645
S21402ED3010BD01F06EB801F04EB801F0B8B82DE97A
S21402ED40F04F502ABFB006460C46154600F29F808A
S21402ED5022AF70220021384609F095FB0DA801F07B
S21402ED6030F82BBA26932A463023214628A88DF857
S21402ED709F3009F0A2FB05F1F8036B44802203F8EA
S21402ED80582C05AA002302F8013B0133202BFAD1A6
S21402ED904FF4807205A90DA801F01DF883460028DD
S21402EDA057D11935804601AC10220021204609F0C1
S21402EDB06AFBA946BA46524610232146204600F070
S21402EDC04EFCB9F1100F234622464FF001010DA862
S21402EDD094BFA9EB0909A9F1100901F068F80AF134
S21402EDE0100A8346A8BBB9F1000FE4D116AB08EBB4
S21402EDF0030C94E80F008CE80F009DF88B3008F1A6
S21402EE0010080133B8F1300F8DF88B30CCD14FF4A7
S21402EE10807216A90DA800F0DEFF8346C8B906F177
S21402EE20300834461EAB1A4601210DA801F03FF801
S21402EE30834670B90DF1780C2546624603CABA427B
S21402EE4028606960944605F10805F6D11034A0459D
S21402EE50E8D10DA800F0B9FF70213846DFF73EFC76
S21402EE60302116A8DFF73AFC202105A8DFF736FC8A
S21402EE70102101A8DFF732FCBBF1000F03D03021CE
S21402EE803046DFF72BFC58463FB0BDE8F08F6FF0F8
S21402EE90370BF8E72DE9F0438DB004460E463022D4
S21402EEA00021684609F0EFFA002704F12009E84637
S21402EEB00DEB070304F11001A14206D011F8012D53
S21402EEC00132D2B20A70002AF6D022460121484602
S21402EED000F0EDFF054638B168463021DFF7FEFB4D
S21402EEE028460DB0BDE8F0831037302FDFD1731EF1
S21402EEF02F3698F8002013F8011F4A40B34208F84C
S21402EF00012BF6D14FF480726946484600F063FF43
S21402EF1005460028E0D108AA0CAE134603CBB3423E
S21402EF20206061601A4604F10804F6D1D4E72DE9A0
S21402EF30F0418469502C94B00546884617461E4612
S21402EF4043D8C4F15003B3423FD3C6F150031B1B50
S21402EF5093423AD350220021684609F094FA6B6C29
S21402EF60A86C22466946984728B16FF033042046BB
S21402EF7014B0BDE8F081AC6946B16B6CA86C324641
S21402EF800DEB040198470028EFD13444B8F1000F86
S21402EF9007D037B10DEB04003A46414609F08DFA28
S21402EFA03C44224669466846FFF7C9FE044638B91D
S21402EFB069462846FFF76EFF044608B901232B610F
S21402EFC050216846DFF78AFBD1E76FF03704CEE7B9
S21402EFD010B54C220446002109F055FA04F120002F
S21402EFE000F0EFFE4FF0FF33236142F21073E3614D
S21402EFF010BD10B5044660B1203000F0E6FE4C218C
S21402F0002046DFF76BFB42F21073E3614FF0FF33EB
S21402F010236110BD0023FFF78ABF2DE9F0410546A4
S21402F02088B04FF020080F46144600214246684634
S21402F0301E4609F028FAAB69C5E911740BB9C5F882
S21402F04018802C69002C05DAAC692F2C9ABF013483
S21402F050640800244FF48072694605F1200000F02F
S21402F060BAFE28B90E9A234631462846FFF75FFFB6
S21402F07008B0BDE8F0812DE9F04190B0B2F5806F9E
S21402F080DDF8588005460F4616461C465ED8B8F58B
S21402F090807F5ED83022002104A809F0F4F92A699C
S21402F0A0EB699A4201DC6B699BB1214642462846CF
S21402F0B0FFF7B0FF044628BB05F1200836BB04A9BB
S21402F0C02846FFF7E7FE0446A0B92B6901332B61F9
S21402F0D010E0B8F1000FEFD02146424604A8FFF731
S21402F0E02EFE044630B904A92846FFF7D3FE04468E
S21402F0F00028E1D0302104A8DFF7F0FA1021684694
S21402F100DFF7ECFA204610B0BDE8F08105F11002F8
S21402F110AA4206D012F8013D0133DBB21370002B6F
S21402F120F6D06B462A460121404600F0C0FE044651
S21402F1300028DFD1102E344628BF10243846224637
S21402F140694609F0BAF92744361BB7E76FF035046B
S21402F150D8E76FF03704D5E707B500230093FFF72B
S21402F1608AFF03B05DF804FB2DE9FF41DDF8288035
S21402F1701D46164643462A4604460F46DFF7AEF9B4
S21402F18048B9CDE90180009504F11C033A463146A0
S21402F1902046DFF795F904B0BDE8F081F7B50D46D5
S21402F1A00446083568461646FFF70EF8002128463C
S21402F1B0FFF77AF9211D07462A466846FFF75AFAEC
S21402F1C0044648B9002F0CBF002206F00102694629
S21402F1D02846DEF76FFB04466846FEF7FAFF20462F
S21402F1E003B0F0BD70B50C460546114620461A46D9
S21402F1F0FFF73DFA064630B9043529462046FFF7A2
S21402F2000BF9002801DA304670BD2A462146204610
S21402F210FFF7ABF90028F0D00646F4E710B504462F
S21402F220FEF7D7FF04F10800FEF7D3FF04F1100043
S21402F230BDE81040FEF7CDBF13F07E0F2DE9F04774
S21402F2400C4615460CBF4FF0010A4FF0000A07465F
S21402F2505246294620461E46C3F34508DEF72AFBD9
S21402F26048BB04F10809524605F108014846DEF794
S21402F27021FB00BB08F1FF33D3F1000848EB03087B
S21402F280424605F118012046DEF714FB98B94246BD
S21402F29005F120014846DEF70DFB60B9F20921466A
S21402F2A03846FFF77BFF30B904F110000121BDE8B4
S21402F2B0F047FFF710B8BDE8F0870346C06920B1F3
S21402F2C05B6A002B14BF01200220704710B504466B
S21402F2D0FEF77AFF04F10800FEF776FF04F110004D
S21402F2E0BDE81040FEF770BF38B50025044600F8AA
S21402F2F0045BFEF769FF04F10C00FEF765FF04F1FC
S21402F3001400FEF761FF04F11C00FFF7DFFF04F1B3
S21402F3103400FEF759FFC4E90F55C4E91155C4E994
S21402F3201355C4E91555E56538BD08B1FFF776BF34
S21402F330704770B5044658B3436C012B11D00C309D
S21402F340FEF747FF04F11400FEF743FF04F11C002A
S21402F350FFF7EBFF04F13400FEF73BFF201DFEF73C
S21402F36038FFA36D8BB920466021BDE87040DFF7F9
S21402F370B5B906FB0500FFF7D8FF0135D4E9160339
S21402F380AB42F6D800F0CDF9EDE700251826F5E7F2
S21402F39070BD38B504460D46FEF768FF70B905F134
S21402F3A0080104F10800FEF761FF38B905F1100103
S21402F3B004F11000BDE83840FEF758BF38BD08B566
S21402F3C000211030FFF770F8B0FA80F0400908BD4F
S21402F3D02DE9F041202B8AB00546884617461E4680
S21402F3E00BD90920DFF7F6F802AB32463946DFF7CB
S21402F3F05DF9044628BB02AF20262C698DF80480EE
S21402F4008DF8056084B90920DFF7E4F82246014644
S21402F4102846DFF7EDF8044698B92846DFF714F9D0
S21402F420044670B901232B61022201A92846DFF7A0
S21402F4301DF9044628B9324639462846DFF716F93A
S21402F440044602A82021DFF749F920460AB0BDE8A3
S21402F450F0812DE9F0430023A3B0064605461F4679
S21402F4606FF03B049946726997420BDB002B08BF8C
S21402F4706FF03C0402A88021DFF730F9204623B063
S21402F480BDE8F083D5F82880AC69E869CDF8049029
S21402F490B8F1010F18BF9846802201AB02A9A04717
S21402F4A004460028E6D1019B53B102AAF9B23046BF
S21402F4B0FFF78EFF0028E2D12B6A019A13442B62D3
S21402F4C0013714354346CEE70369013310B50446C7
S21402F4D00BD000F0A4F800236361282104F1180081
S21402F4E0DFF7FCF84FF0FF33236110BD30B54569F6
S21402F4F0012D0BDC142404FB050401356362039B17
S21402F500A362C4E906124561002030BD6FF03D00DB
S21402F510FBE72DE9F041202A88B005460F4616463D
S21402F52076D840F201186B69002B6ED02846FFF79A
S21402F53090FF0446002848D1D5F814E002462B4630
S21402F5400120A6454FDC002847D01F2A45D9202295
S21402F5500021684608F097FF69462846DFF796F8C6
S21402F560044690BB284600F05AF8284600F053F8A6
S21402F5700920DFF72FF8224601462846DFF738F83B
S21402F580044610BB2846DFF75FF80446E8B9202297
S21402F59069462846DFF76AF80446B0B90920DFF75D
S21402F5A019F86B4620226946DFF780F8044660B9F0
S21402F5B06A690346142105F1200025469A421EDC9C
S21402F5C032466946384608F078FF20216846DFF75B
S21402F5D085F8204608B0BDE8F081B8F10108A2D14E
S21402F5E06FF03B04F1E7D3E908C18C4538BF002031
S21402F5F0996A012908BF624401341433A1E701FB6A
S21402F60003FC013340F80C50D8E76FF03F04DCE708
S21402F6106FF03B04DDE71022002108F034BF10B57E
S21402F6200446D8B10368CBB1806838B11B78082B82
S21402F63011D0092B0FD0A06800F073F8E06820B153
S21402F64023689978490000F01EF820461021BDE88C
S21402F6501040DFF743B800F042FDECE710BDF0B50E
S21402F6600024261DB34202D29C4206D3F0BD0D5999
S21402F67017597D4005513446F3E70D5D165D75401A
S21402F68005550134F0E710B5044608B1DFF726F851
S21402F6902046BDE8104000F044B8F0B5012B9DB0FE
S21402F6A006460F4615461C461AD801A800F015FD58
S21402F6B0214601A8E0F7BCFF044658B93A4631464F
S21402F6C001A800F00EFD044620B9294601A800F064
S21402F6D00FFD044601A800F002FD20461DB0F0BD55
S21402F6E06FF07304F9E738B5044600F0C1FD05462D
S21402F6F02046FDF77FF80446284600F0BDFD20466A
S21402F70038BD70B504460E4600F0B2FD31460546D9
S21402F7102046FDF755F80446284600F0ADFD204683
S21402F72070BD38B5054600F0A3FD04462846FDF731
S21402F73069F82046BDE8384000F09EBD08B501F0E5
S21402F740AEFBEAF7A1F802F01CFB03F04AF9002030
S21402F75008BD24207047482070474C207047402040
S21402F760704708B5E3F7DEFA01F08EF801F08DF87F
S21402F77001F098F8BDE8084001F0A1B808B501F01C
S21402F780A0F801F09FF801F09FF8BDE8084001F0EC
S21402F7909DB82DE9FF410D4616461F460446A8B100
S21402F7A04FF00008C0F81C80DFF7D4F8BDF82C3004
S21402F7B002939DF828304246CDE900732946334627
S21402F7C02046DFF72DF804B0BDE8F0812220FAE7E4
S21402F7D0F0B50D4685B016461F46044690B1002386
S21402F7E0C361DFF7B7F8BDF82C3002939DF82830D6
S21402F7F02A46CDE90073294633462046DFF710F83D
S21402F80005B0F0BD2220FBE7F0B587B01F46002307
S21402F8100D4616468DF817300446A8B1C3610DF1A1
S21402F8201701DFF7C7F89DF817207AB9BDF834300C
S21402F83002939DF830302946CDE9007320463346C0
S21402F840DEF7EEFF07B0F0BD2220FBE70320F9E764
S21402F850F0B587B01F4600230D4616468DF81730C2
S21402F8600446B0B1C3610DF11701DFF7A3F89DF8A6
S21402F870173083B9BDF8343002939DF830302A46EB
S21402F880CDE90073294633462046DEF7C9FF07B0A6
S21402F890F0BD2220FBE70220F9E738B500F0EFFCC6
S21402F8A00546DFF70BFA0446284600F0EEFC204633
S21402F8B038BDDFF783BA70470020704770470020D4
S21402F8C07047704707B5002301A88DF80430E2F7A9
S21402F8D087F903B05DF804FB013A42EA520242EAB3
S21402F8E0920242EA121242EA122230B542EA124268
S21402F8F00132B2F5807F38BF4FF480725442044022
S21402F90015198D4205D31C60039B1D60049B1A606B
S21402F91030BD5200F2E708B5DFF784FB08BD70B5CC
S21402F9200C46154610B9DFF79BFB38B143682BB17E
S21402F9302A4621460068BDE870401847232070BD5D
S21402F940F7B50D4616461C4648B103B901AC8768A2
S21402F9505FB12346324629460068B84706E0DFF71D
S21402F9607FFB04B901AC0028F1D1232003B0F0BD1F
S21402F970F8B50C461546064658B9DFF771FB204621
S21402F9802946FDF765F90446002CD4BF372000202F
S21402F990F8BDDFF765FB86420746F0D03046DFF754
S21402F9A053FB29462046FDF753F904463846DFF74F
S21402F9B04BFBE9E70EB403B503AA52F8041B019207
S21402F9C0FFF7D6FF02B05DF804EB03B070470020E5
S21402F9D07047FEE74FF400534B600020704701204B
S21402F9E070470020704707B5002001AB0190FFF773
S21402F9F0A7FF0198002808BF4FF0FF3003B05DF85C
S21402FA0004FB10B500201446FFF789FF204610BD00
S21402FA1010B500201C46FEF7C9FB002820600CBF6C
S21402FA201B20002010BD08B50020DDF7BBFE00201D
S21402FA3008BD13B502230024684600948DF80440DE
S21402FA408DF80530E2F74CF8204602B010BD2DE9DD
S21402FA50F74F0E4615460446002873D059B9002AB9
S21402FA6070D1036803F17E43083B012B6DD800205A
S21402FA7003B0BDE8F08F036803F17E43083B012B19
S21402FA8063D8002AF3D0436803F03F079B1843600D
S21402FA9022BF8368013383604FB93F2A20D804F11E
S21402FAA02C002A463146384408F007FDDFE7C7F146
S21402FAB040094A45F3D300F12C084A4608EB0700F2
S21402FAC008F0FBFC0122009204F10C03403D206882
S21402FAD0424619463D44DFF7A5FC3F2D4E4410D959
S21402FAE0B3074FEA951210D1009204F10C03206876
S21402FAF032461946DFF796FC25F03F031E4405F012
S21402FB003F05002DB3D00027C9E7374606EB82181B
S21402FB1004F12C0B04F10C094FF0010A5B4607F1C5
S21402FB20400257F8041B43F8041B9742F9D1CDF85C
S21402FB3000A020684B465A464946DFF773FCB84594
S21402FB40ECD1D9E76FF0860092E76FF088008FE776
S21402FB5008B518B16C22002108F095FC002008BDFB
S21402FB602DE9F8431546894680461F46DFF728FBEF
S21402FB70002343600360044600F07AFBB9F1100FDD
S21402FB8014BF1022082206464146204604F1800889
S21402FB9000F039FC2946404600F0C0FB304600F033
S21402FBA06BFB00F065FB3946064604F1A00000F048
S21402FBB0B5FB0523A36023699B07FCD4089940463E
S21402FBC000F0CBFB304600F057FB089B03F1100217
S21402FBD053F8041B45F8041B9342F9D12046DFF77D
S21402FBE0F9FA0020BDE8F8832DE9F0411C4600230F
S21402FBF00F46164623604FF0050825682246711BFD
S21402FC007819DFF73FFB23681D44B542256006D20C
S21402FC10B8F1010801D00028EFD1BDE8F08100203C
S21402FC20FBE7F0B591B01546169C49228DF82020C8
S21402FC3004F10C060DF1210254F8047B42F8047B11
S21402FC40B442F9D1247814704FF48074ADF8304081
S21402FC509DF85C408DF8324004240694189C059466
S21402FC6010240022049408ACCDE90234CDE9001534
S21402FC700B461146CDE90D228DF82E208DF82F5019
S21402FC808DF833200F92DFF70BFF11B0F0BD1FB5D2
S21402FC90079C02949DF81840CDE9003413460A46A4
S21402FCA001460020FFF7BDFF04B010BD1FB5079C3C
S21402FCB002949DF81840CDE9003413460A460146E0
S21402FCC00120FFF7AEFF04B010BD2DE9F84307464A
S21402FCD0B020914688461E46DFF796FA0546002370
S21402FCE0B9F1800F4360414645F8803B14BF1022AD
S21402FCF0082204464FF0050800F085FB7FB1314626
S21402FD00284600F00BFBC4F808800899284600F045
S21402FD1024FB2046DFF782FA0020BDE8F8838C2316
S21402FD20C4F808803146A360284600F0F7FA062396
S21402FD30A360EAE72DE9FF478046B02089461746CA
S21402FD401E46DDF830A0DFF75FFA0546B9F1800FF0
S21402FD504FF00003436014BF1022082245F8843B8C
S21402FD604146044600F04FFB0EB33146284600F0EB
S21402FD70D5FA4823A3600523A3600323394604F17A
S21402FD80A000A36000F0CAFA0D9904F1800000F00A
S21402FD90E4FABAF1000F03D05146284600F0DDFA25
S21402FDA02046DFF73BFA002004B0BDE8F087314674
S21402FDB01022684608F067FB6946284600F0ACFA4F
S21402FDC0D7E72422002108F05EBB18B124220021C6
S21402FDD008F059BB704770B515460E46242200211E
S21402FDE0044608F050FBC02D0DD0B5F5807F01D03B
S21402FDF0802D0BD12046EA0840F8045B314608F015
S21402FE005CFB002070BD6FF07100FBE76FF01F0017
S21402FE10F8E72DE9F04114460F4624220021064653
S21402FE2008F031FBC02C3CD0B4F5807F2CD0802C5F
S21402FE303AD13460DFF7C4F9002343600360044616
S21402FE4000F016FA4FF008080546424639462046A4
S21402FE5000F0D9FA284600F00FFA0523A3602569B8
S21402FE6015F00205FBD100F003FA4246311D0746A3
S21402FE70204600F026FB384600F0FEF92046DFF763
S21402FE80A9F92846BDE8F0813460DFF799F9002326
S21402FE9043600360044600F0EBF94FF01008054695
S21402FEA0D3E76FF07100EDE76FF01F00EAE7012974
S21402FEB02DE9F04705460E4692461F463AD8036895
S21402FEC0802B02D0B3F5807F37D1DFF779F9002394
S21402FED043600360044600F0CBF92946814651F898
S21402FEE0043B802B14BF10220822204604F180080F
S21402FEF000F089FA5146404600F010FA484600F0F3
S21402FF00BBF9012E0CBF05230623A360256915F055
S21402FF100205FBD100F0ACF939460646404600F031
S21402FF201CFA304600F0A8F92046DFF753F92846B7
S21402FF30BDE8F0876FF02000FAE76FF07100F7E790
S21402FF4003699B07FCD17047CA880B68032AF0B581
S21402FF500DD803EB82018B4205D100230132082A19
S21402FF600360FBD1F0BD53F8044B0460F3E7072AA5
S21402FF70D3E90076D3E9025413D8076003F11001DF
S21402FF80066003EB820305600460994205D10023F4
S21402FF900132082A0360FBD1E4E751F8044B0460FF
S21402FFA0F3E70760066005600460D3E90441D3E91D
S21402FFB006230460016002600360D3E7F0B5CA88D6
S21402FFC0082A89B006460C460DD100F051F9216880
S21402FFD00546304600F0E6F9284600F04DF90026C0
S21402FFE0304609B0F0BD12D900F042F92168054644
S21402FFF0304600F0D7F9284600F03EF9E28820683D
S214030000083A92000021203008F03DFAE7E76946F7
S21403001000252B460F46306841F8040B01330028B1
S21403002018BF1D46082BF6D1AA420EDA29462046EB
S214030030FEF7DDF806460028D2D12068AA00394626
S21403004008F03BFA0123A380CAE7206892003946EA
S21403005008F033FAC3E7CA88072A38B50D460446BC
S21403006009680DD8920008F028FAE888C0F108025B
S214030070920004EB80000021BDE8384008F003BA84
S21403008001F1200351F8042B44F8042B9942F9D1CB
S21403009038BD0078C31E5842584170470020704749
S2140300A0704710F1860F12D010F1850F0ADA10F19F
S2140300B0930F0FD010F1870F0CBF6FF073004FF044
S2140300C0FF307047003818BF0120404270476FF07A
S2140300D0710070476FF06F007047FFF739BDFFF789
S2140300E037BD08B5FFF7B3FCBDE80840FFF7D9BF37
S2140300F007B500230193202201ABDFF72FFA03B0E5
S2140301005DF804EBFFF7CDBFF7B5074601A81D461C
S2140301100E461446E2F7BCF99DF80530012B14D1C0
S2140301209DF80430022B10D800232B604FF6FF7384
S2140301309C4228BF1C46A2B231464FF0FF3007F060
S21403014074FB2860002003B0F0BD2B4622463146E0
S2140301503846FFF749FD0028F4D06FF03B00F2E77E
S21403016070474FF0FF3007F0D0BAF6F7C5B87047C0
S214030170034630B50020D4081874A01E012898BF83
S21403018004465868C90020FA01F5EDB2FF2D05D1E3
S2140301908D4020EA05008C402043586002F0070299
S2140301A050189A68012181400A439A6030BD70B5A1
S2140301B0022383608E780C46002231460546E0F71C
S2140301C06FFB2179627860790B0243EA026343EAA4
S2140301D00043E07843EAC003E07908B143F00053F4
S2140301E0207A08B143F00403A07908B143F0020370
S2140301F0607A08B143F00103F3290FD176B9032AD5
S21403020003D823F0706343F0806343EA46132B61FD
S2140302106E6926F4F21626F007060CE03206F4D5CD
S21403022043F0E0032B616B6923F4F21323F0070317
S21403023026F080061E43237846EA4346E37A0BB14C
S21403024046F480466B0103F18443A27A6E619A609A
S214030250EB6FD5F88030EB6870BD806EC0F3044357
S2140302600B6080B2704708B5E0F728FD013008BD83
S214030270EFF3108072B6704700B962B67047EFF3BB
S2140302801180602383F31188704780F311887047C9
S21403029084B00B6800934B6801938B680293CB681A
S2140302A00393009B0360019B0360029B0360039B15
S2140302B003600023009301930293039304B07047F3
S2140302C084B003680093036801930368029303688A
S2140302D00393009B0B60019B4B60029B8B60039B0D
S2140302E0CB600023009301930293039304B07047FB
S2140302F030B5D1E90223D1E90054056004600260F9
S214030300036030BD30B50568046802680368C1E958
S2140303100054C1E9022330BDFFF7EABF7FB58A0761
S21403032004460B4610D06D4601F11006186859684E
S2140303302A4603C20833B3421546F7D16946204618
S214030340FFF7D6FF04B070BD0091009904B0BDE876
S2140303507040FFF7CDBFFFF7D5BF30B58B0785B02D
S2140303600C4610D06946FFF7CDFF0D46234604AC76
S2140303702A4603CAA24218605960154603F10803C9
S214030380F6D105B030BD0091009905B0BDE8304008
S214030390FFF7B8BF10B5FFF7ABFFBDE8104010314D
S2140303A0FFF7A6BF10B5FFF7ADFFBDE8104010314D
S2140303B0FFF7A8BF10B5FFF79BFF0C461031FFF7FA
S2140303C097FF04F12001FFF793FF04F13001BDE826
S2140303D01040FFF78DBF00F1424303F58013102A48
S2140303E010B54FEA43130AD101221A6000F588704C
S2140303F0FFF74EFF1031BDE81040FFF749BF00225C
S2140304001A602430F7E7F0B50B46990789B004461F
S21403041015462DD0082A19D16D4603F11006186823
S21403042059682A4603C20833B3421546F7D1082251
S21403043069462046FFF7CFFF03226B460020013AAA
S214030440186003F10403FAD209B0F0BD6E4603F157
S214030450200718685968324603C20833BB4216465B
S214030460F7D12A4669462046FFF7B5FF0722E4E799
S2140304700093009909B0BDE8F040FFF7ACBF4368AE
S21403048023F01F030E290BD8DFE801F0080808083D
S214030490080B0B0B080808080B0B0B0019434160ED
S2140304A07047194341F01001F9E710B52030FFF704
S2140304B007FF102A04D1BDE810401031FFF700BF34
S2140304C010BD30B58B0789B00C46154625D0694656
S2140304D0FFF7EBFF082D6A4613D104AD134603CB93
S2140304E0AB42206061601A4604F10804F6D1032289
S2140304F06B460020013A186003F10403FAD209B0F0
S21403050030BD08AD134603CBAB42206061601A468C
S21403051004F10804F6D10722EAE70091009909B02E
S214030520BDE83040FFF7C1BF70B5CB698C688E78E5
S21403053091F8225091F8232023430C881C434B79CF
S2140305401B0343EA064391F8206043EA062323434A
S214030550CC780CB143F480130C790CB143F400232C
S2140305600C7E0CB143F40003046804F0E054234308
S21403057003608B7983638B8903638B7B1B01C36364
S2140305800B6983614B69036291F82140130491F868
S214030590242043EA0453134391F8252043EA052312
S2140305A00AB143F08053436491F8273091F826202C
S2140305B01B0243EA025391F8282043EA021383649A
S2140305C070BD704770477047704770B505460E4656
S2140305D01446FFF74DFE2B685C4034405C402C60AD
S2140305E0BDE87040FFF748BE00EB4000000100F195
S2140305F080400A4600F520404FF00111FFF7E5BFA3
S21403060030B50C783CB98368DB0704D5436B9D078C
S214030610FCD4022343604B788D78CA681B0325B944
S2140306203AB143F40073026103E043F40073002A13
S214030630F9D1CA780AB143F480730A790AB143F050
S21403064040034A790AB143F08003CA798D79097A5F
S214030650120142EA85020A43134303603CB18368EE
S214030660DA0704D4436B9B07FCD40123436030BDF5
S214030670E1F700BE0A7810B50AB9022343600023E7
S2140306804362CB788C781B0443EA04634C7A234397
S214030690CC7943EA84230C7A43EA04234C7843EA6E
S2140306A084138C7A43EAC413CC7A43EA44130C7B50
S2140306B043EA04138C7B43EA84334C7B43EAC40348
S2140306C00C7943EA44334C79897943EA047343EA61
S2140306D0417303600AB10123436010BD10B553781C
S2140306E014781B0643EA846394792343947843EA95
S2140306F00443D47843EA0433147943EA84235479CD
S21403070043EA0423D47943EA8473147A43EA4473AA
S214030710547A43EA0413947AD27A063143EA84037A
S214030720090143EA0273435010BD0368D90707D58E
S21403073083689A0704D48368DB07FCD401234360E9
S21403074070474B788A785B0043EA82730A781343D0
S214030750CA7843EA82030A7943EAC2034A7943EA38
S21403076042138A7943EA8213CA7943EA02130A7A5E
S21403077043EA02334A7A43EA02230A7B43EAC27312
S2140307808A7A43EA0243CA7A43EA026347F2315259
S2140307908168C90701D5013AFAD10360704710B5DD
S2140307A088B00C460E9907910D9906919DF8301066
S2140307B005910B9904919DF8281003910021CDE92A
S2140307C001310092234602460846E1F797FE08B039
S2140307D010BD10B588B004460E9807900D98069085
S2140307E09DF8300005900B9804909DF82800039020
S2140307F00020CDE9013000920B4622460121E1F7A5
S2140308007DFE08B010BD00230360704703680B60CD
S21403081001607047FEE74FF4004070474FF47A706C
S21403082070477047704782B002AB03E903000120AC
S21403083002B07047ECF78AB908B5DDF771FFBDE87B
S2140308400840EEF7DBB810B50446E2F7CFF92046CA
S214030850E5F71AFE2046E2F735FB10BD0120704788
S21403086000B5C3B0ECF704F903F03CF948B1FFF761
S214030870F5FF30B101A804F02AF810B901A8FFF774
S214030880E2FF43B05DF804FB704708B5DEF728F8CF
S214030890DEF70AFCFFF764FCDEF748FBBDE808401A
S2140308A0DEF7EABB08B5FFF762FCDFF7E9FFFFF701
S2140308B05CFCDFF7D3FEBDE80840FFF7BDBFE2F7F9
S2140308C067B97047E2F722B9FFF7CABF704701203E
S2140308D070470120704738B5E2F752F90546ECF742
S2140308E0EFF8041E18BF2C46FFF7F1FF002818BFC9
S2140308F0204638BD38B5FEF7E2FF0446E2F736F980
S214030900042817D002284FF0000508BF012403F07F
S2140309102BF9042810D0022808BF0124FFF7D9FFBB
S21403092004280BD0022808BF0124002D18BF00247A
S214030930204638BD0125EAE70125EFE70024F7E75F
S21403094010B5FFF795FC012104460846FEF7B3FFF2
S2140309502046FFF791FCE2F70FFF00F048F9E3F7B4
S21403096035F800210120E2F7E7FDE3F72FFA40F21E
S2140309703B10E4F7DFFF0028F9D000210320E2F75D
S214030980DBFDE2F79FFE0020E3F7A8F90146062009
S214030990E5F718FA0028F6D00120E3F79FF9014699
S2140309A00620E5F70FFA0028F6D0E2F73BFFE2F75A
S2140309B079FFF3F7A1FFE2F7C3FF03210720E2F76E
S2140309C015FEE1F7F9FCE2F7A5FFBDE81040E1F7F5
S2140309D0EDBC7047E2F7D4BC704708B5FEF7C1FE1E
S2140309E0FFF7AEFFFEF7CAFEE2F70AFADEF746FAAD
S2140309F0F8E70C2828BF0C2083F87420002283F81D
S214030A006300A3F8761083F87C20704790F87B3059
S214030A101BB1013B80F87B307047142380F87B3092
S214030A2090F87A30FBB9B0F87630A0F8783090F8C2
S214030A30743090F8802080F87A300B2A1FD11A2B56
S214030A409ABF03F1FF3303EBD373C3F13403C3F34A
S214030A50470380F86330012380F87C30042380F852
S214030A606230E2F76BBEB0F878205208A0F8782020
S214030A70013B02F0010280F87C20DBB2D9E7704725
S214030A8010B590F85B30062B04461FD090F88030E4
S214030A900B2B1BD090F88A20C36B03EB4203642214
S214030AA0D88EB3F9423093FBF2F39BB2B0FBF2F26B
S214030AB09A420BD0DCF730FB002384F86230A4F8AC
S214030AC060002046BDE81040E2F738BE10BD30B4E3
S214030AD0039C9DF8085084F874200C2828BF0C202B
S214030AE084F86300002284F86250A4F8761084F831
S214030AF07C20A4F86030204630BCE2F71FBE70B5F9
S214030B000489012B04F10104A4B238BF0123A342D4
S214030B1002D90481C06870BD0023C5880381838819
S214030B2006685C19A21A92FBF5F405FB142292B22E
S214030B3056F8222046F823100133891AB3FBF5F43E
S214030B4005FB14338380C160E4E770B49DF80C6042
S214030B5004460D467EB1C18800239AB2914205D859
S214030B600020A0802081E06070BC7047226842F8B5
S214030B7023500133F1E770BCFFF7C1BF81F895003E
S214030B8081F88C0001EB4000B0F8AA304B87B0F830
S214030B90A0300B87CB86012381F88230704781F81B
S214030BA08100704781F88200704790F88100704793
S214030BB090F8820070470228034698BF01EB430172
S214030BC04FF000009CBFA1F85C000120704708B5F9
S214030BD0024601460020FFF7EEFF11460120FFF70D
S214030BE0EAFFBDE8084011460220FFF7E4BF08B558
S214030BF0E4F7B4F9032380F8483008BD2DE9F84339
S214030C00B0F8048091F89130B0F90270C6880546B2
S214030C1008F00F0963B391F88A4091F88B302403E8
S214030C201B0203F4E06304F4E0441C4391F88E30A3
S214030C3044EAC334E4F79CF924B2427885F84B704F
S214030C4008F0F00844EA090343EA080343EAC22328
S214030C503A1285F84A2085F84D30C3F30722330A43
S214030C6085F84C2085F84E3085F84F60BDE8F8834C
S214030C7091F880804FEA0818CDE710B5012A91F85D
S214030C808C3091F880401CD0022A1DD10422092CF6
S214030C908271C3710BD1B1F8983043721A0A02728B
S214030CA0B1F896301A0ADBB28272C37210BD01EB3A
S214030CB04303B3F8AA204272110A0172B3F8A030B4
S214030CC0F0E704228271C37191F88030092B0CBFC0
S214030CD0B1F898304B8F43721A0A027291F880303B
S214030CE0A3F10802012A01D90B2B02D1B1F84C302B
S214030CF0D8E70B8FD6E7A1F85600003818BF0120B7
S214030D0081F88700704791F85B30072B4FF000039C
S214030D10A1F856304FF0010318BF81F85B00A1F825
S214030D2086307047B0F856301BB1013BA0F85630FA
S214030D30704790F8872022B1012280F8882080F837
S214030D408730704791F85B30834218BF81F85B00A9
S214030D50704738B50C460546E4F7ECF894F85B3074
S214030D60032B07D001D81BB138BD043B022BFBD89D
S214030D70012300E0042384F85B3021462846BDE8BF
S214030D803840E4F769B9014608B50020E4F750FC9B
S214030D908B6C13B981F8903008BD013B8B64FBE77D
S214030DA010B5E2F79BFF062104460220E1F760F93F
S214030DB028B10123002206210220E1F71FF90023B0
S214030DC084F8833084F8843010BD08B50020FFF71C
S214030DD0E7FFBDE808400120FFF7E2BF50E8003F09
S214030DE00B4340E80032002AF8D17047C94350E865
S214030DF0003F0B4040E80032002AF8D17047431EFC
S214030E00032B06D8DFE803F002040204032070472E
S214030E10042070477047CB69184770477047002017
S214030E20704770474FF000007047002070477047C8
S214030E30704700207047002070470020704700204E
S214030E4070470020704770470020704700207047A7
S214030E5070477047002070477047704711207047EF
S214030E60002070474FF0FF307047002070477047F0
S214030E70704700207047002070474FF0FF307047E0
S214030E8011207047002070470120704700207047EC
S214030E90002070470020704770477047704701F086
S214030EA09AB938B50446FFF7EAF9D4E910120546AD
S214030EB02046E5F729FBE18C228DE060521A40F2CA
S214030EC0712101FB020303F59C5308332361284673
S214030ED0BDE83840FFF7D9B908B52030FFF77EFFE5
S214030EE0BDE808404FF08050EBF73CBE38B50446EB
S214030EF00D460830E7F7D0F829462046E9F796F975
S214030F00E06E0025E56110B1E6F7F8F9E56604F151
S214030F105000BDE8384007F089BE38B5044619B31B
S214030F2090F838208AB190F839300133DBB29A4210
S214030F3080F8393009D10121FFF7D8FF4FF08071CF
S214030F402046BDE83840FFF7C7BF236ADA030BD550
S214030F50E36B62689B1A002B06DA01212046FFF733
S214030F60C5FF4FF08061EBE7236A1B0426D402F02B
S214030F70B1FC1123B0FBF3F303EB0313C01A94F98C
S214030F80613085B213FA80F0102888BFC5F11005CA
S214030F906DB2083B2B4484F8613020460121E9F703
S214030FA045F9E28C63682A4440F2712101FB02335F
S214030FB063602046BDE83840E9F7EAB80025ECE769
S214030FC02DE9F84F1D46C369DDF830809DF838904B
S214030FD09DF840B09DF850A00F4604469DF8481073
S214030FE01646002B40F0D180EB0600F1BE8005F0DC
S214030FF00303032B08BF05F0FD0505F0F705BDF851
S2140310003C30A386A8069DF8540048BF05F0FC05AF
S214031010FFF7F5FE47F6FF731BF0020F84F8360062
S214031020A4F8783040F0A4801BF0040F00F0A280F0
S21403103000F0FD00012814BF0323042394F87F2047
S2140310409DF8580063F3030284F87F20FFF7D7FE6A
S21403105047F6FF738A0784F83700A4F8883000F150
S2140310608B804B0740F18A8000F0FD00012814BFF7
S2140310700321042194F88F30606E61F3030384F830
S2140310808F30FFF7EAFE216C00222046E5F73CFA94
S21403109040F271237343984279D804F1200049F64D
S2140310A0FF71FFF7A3FEFF2384F85430BAF1000F55
S2140310B003D0236A43F480532362290705D5236AA2
S2140310C0062643F4841323623746236A6A0723F407
S2140310D0C04323620CD419F0010F1CBF43F4005322
S2140310E02362236A19F0020F1CBF43F48043236272
S2140310F0236AA5852B43236204F12E03B8F1000F60
S2140311003ED0D8F80020C4F82E20B8F804209A80E1
S2140311109DF82C30012B03D14FF48061FFF75EFE60
S214031120236A9DF8282023F4407343EA02232362AC
S21403113002F0D0FB94F860309DF84C2084F85F00F2
S21403114023F00F03C0F30320034362F3071384F86B
S21403115060309DF83430E7842046268584F82A30AC
S214031160FFF79FFE0020BDE8F88F01218B4646E778
S214031170022363E7012361E702217BE7012179E785
S214031180C4F82E80A3F80480CAE70C20EBE74520BA
S214031190E9E72DE9F743894617460193044630B934
S2140311A001A807F043FD422003B0BDE8F083012900
S2140311B020D0022910D089B9C369C3B900F140050C
S2140311C04FF40036236AD9061ED55A0726D501A83A
S2140311D007F02CFD0020E7E7406E20B901A807F0D2
S2140311E025FD0C20E0E71946FFF738FEDCE700F1A3
S2140311F04805E5E7C36923B900F144054FF48026A3
S214031200E0E700F14C05F9E79B0707D5B9F1000FB6
S21403121004D101A807F00AFD1220C5E704F120084F
S21403122040463146FFF7E2FDF80702D5284607F0A9
S214031230FDFC019921B1284607F0DFFD0023019349
S214031240286807F078FD236AD90605D51F2801DC30
S214031250032F16D02846DDE740F27262904204DD83
S214031260284607F0E3FC07209EE7B9F1000F08D1F4
S214031270BF2806DD9A0704D0284607F0D7FC45208A
S21403128092E7D4E912122046E5F73EF9E3696BB11B
S214031290E38C40F271225343984207D9238D83424D
S2140312A0EAD300F51C70B0FBF2F0E084FEF7E7FF2C
S2140312B0E36905467BB1BB070DD531464046FFF7CC
S2140312C08DFD6368C3F57A7602F040FBF04202D5E3
S2140312D02046E9F7C7F82846FEF7D7FF7AE708B5AA
S2140312E048B1CB0701D4002008BD4FF400112030CD
S2140312F0FFF774FDF7E74220F6E708B548B1CB07DA
S21403130001D4002008BD4FF400112030FFF76EFD16
S214031310F7E74220F6E7E5F7DDBB38B5C3690446D1
S2140313200D463BB1036A13F0010011D194F8243043
S214031330FE2B0CD004F120004FF48001FFF74EFD86
S2140313402B68C4F85530AB88A4F85930012038BD53
S2140313500020FCE7036A10B5044613F4602030D07F
S2140313609A0307D504F1400007F060FCA36C2364DE
S2140313700023A364236A5B0307D504F1440007F044
S21403138055FCE36C63640023E3644FF4602104F1CB
S2140313902000FFF72BFD2046FFF783FD94F860201F
S2140313A094F85F3002F00F0143EA0123013384F817
S2140313B05F3022F00F02C3F303231A4384F860203E
S2140313C0012010BD10B50446503007F016FD204628
S2140313D04FF00071BDE81040FFF77EBD50E8003FB8
S2140313E00B4340E80032002AF8D17047C94350E85F
S2140313F0003F0B4040E80032002AF8D1704738B56A
S2140314000446D0F8A00010B9D4F8A40058B194F854
S214031410375107F03CFC05F00F0581B2063128462C
S214031420EAF718F980B2B4F8783040F271225343E1
S21403143000F548709842B8BF184638BD38B505461B
S2140314400C4602F002FB20B149F640439C4228BFFB
S2140314501C46EA68A2420BD2B5F87A3040F27121F4
S2140314604B43934238BF1346A34228BF23461A462C
S2140314702A6138BD034644309A6A920404D5D3F8E9
S2140314802821998FEBF7C2B893F86F10EBF7B4B82F
S21403149000207047012070470020704700207047E7
S2140314A001207047C820704700207047002070470F
S2140314B07047704711207047704770470020704789
S2140314C07047002070477047012070477047704789
S2140314D090F88520531C03F00F03072B28BF002327
S2140314E063F30302034410B580F8852083F87E1067
S2140314F090F885306F2B4FEA131298BF01320446DB
S2140315009CBF62F3071380F88530FFF7E0FF94F87B
S2140315103711204601F00F01FFF7CBFF10BD7047D0
S21403152070477047002070470020704700207047C0
S21403153010B101F1B000704701F1D4007047F830E4
S2140315407047806A70472830FFF748BF2830FFF798
S2140315504DBFC06A70472C30FFF740BF2C30FFF7F3
S21403156045BF00F59C70704708B50B79DB0702D4BE
S214031570FFF7D5FF08BDBDE8084091F90510FFF752
S214031580A7BF02290346808F11D0032909D001295A
S21403159006D11A8F5B6B1201B2FBF3F3184480B2C9
S2140315A070475A6B4FF47A43B3FBF2F3F6E75B8F5D
S2140315B0073000EB4300F2E770B540F2712645684A
S2140315C006FB01F35643826A1D4412070446456030
S2140315D00ED500F1400500F134022946E7F780F9FD
S2140315E03346294620460122BDE8704001F02EBA54
S2140315F005EB5605456070BD836A590505D4D0F8DA
S214031600A03013B15B799A0708D4D0F8A40000B9C8
S214031610704743799B0701D40068F8E701207047B9
S21403162080F87710704738B5836A1B07044613D5CE
S2140316300246B0F87C3052F8341F4B4340F2712117
S2140316404B4300F14001E7F74BF9236C20469D0816
S214031650FFF7D5FE2844E060616B40F2712501393F
S21403166069432046FFF7EAFE20460121E8F7DEFD40
S214031670636BB4F87C205A43636805FB02336360EC
S2140316802046BDE83840E8F783BDB0F8303110B5E2
S214031690A0F834310446E5F787FBC0B2FFF702FF34
S2140316A094F8373194F8362103F00F0304F144011C
S2140316B002F0C4F9EAF714F8B4F93021824205D0EF
S2140316C0A4F83001EAF7BCFCA4F83201B4F93421DB
S2140316D0B4F930319A4209D0A36A9B0306D5204653
S2140316E04FF40041BDE81040E5F774BB10BDFFF7AB
S2140316F0CCBF836A0A4600F14401C3F34030EAF7DD
S2140317002FBF10B5A0F87810A0F87A200446FFF78C
S21403171076FE2169E0602046BDE81040FFF78EBEE6
S21403172038B504460D463AB94FF4C0212830FFF7C2
S2140317305DFE9DB9002038BDFFF7C0FE98B1283482
S2140317404FF4C0212046FFF751FE1DB14FF4003180
S214031750FFF744FE4FF48021204601E04FF40031AA
S214031760FFF73CFEE6E71120E5E72DE9FF41836A34
S2140317709B0304462CD5B0F93081B0F934710020B0
S214031780EAF752FD8045CCBF0025012502F05BF940
S21403179094F83711C82201F00F01EAF74FFD064609
S2140317A02046E5F701FBB04594F83711A8EB070789
S2140317B0B4BF002601263FB245EA46050023CDE91D
S2140317C0008502971A4601F00F0180B200F0B5FCBF
S2140317D004B0BDE8F081FFF7C8BF86307047F8B5A0
S2140317E004460E4600295AD0476B40F271235F43E6
S2140317F0A7F28A277F0839463046E9F73BFF94F875
S2140318008E30851FADB29D4239463046A8BF1D4671
S214031810E9F730FF94F88F20B4F88610831F9BB245
S2140318209342A8BF1346F21E012AB4F888202BD889
S214031830B1F5296F44F29020B8BF4FF42961814275
S214031840A8BF0146B2F5296FB8BF4FF4296282429A
S214031850A8BF02461B2DB8BF1B251B2BB8BF1B23D7
S21403186084F8913084F89050A4F88A10A4F88C2059
S2140318703046E9F7FFFE831F9BB2AB42A8BF2B4659
S214031880DBB284F89230F8BDB1F5A47FB8BF4FF44D
S214031890A471B2F5A47FB8BF4FF4A472DAE71B2392
S2140318A0EFE770B54900466B89B28E4204461FBF08
S2140318B04068616340F2712505FB060018BF05FB0F
S2140318C01100658F1ABF6060012100219542208FA9
S2140318D017D08342628700D02387238F94F837116B
S2140318E0626B204601F00F011B01B3FBF2F3A4F871
S2140318F09C30FFF774FF20460421BDE87040E5F7EF
S21403190069BA8342E8D1A36A1B07E6D50029E4D166
S21403191070BDF0B585B004460E4600F186036A46F0
S21403192000F18E0718685968154603C50833BB428D
S2140319302A46F7D1186828609B88AB803146204634
S214031940FFF74DFF9DF80B2094F891309A4211D182
S214031950BDF80620B4F88C309A420BD19DF80A20C5
S21403196094F890309A4205D1BDF80420B4F88A3032
S2140319709A4207D04FF48141204605B0BDE8F040B7
S214031980E5F728BA05B0F0BD37B50446BDF818002C
S21403199094F88E508D420BD1B4F88650954207D1F9
S2140319A094F88F509D4203D1B4F8885085421DD0D9
S2140319B08DF80610ADF8042084F88E1094F83711CD
S2140319C0019D84F88F30A4F88800C4F84051A4F829
S2140319D0862001F00F012046FFF79BFFB4F88A30FC
S2140319E0A4F88630B4F88C30A4F8883003B030BD41
S2140319F090F8373170B503F00F03044616460D46CC
S214031A00D9B18B4219D00122FFF756FD2946002291
S214031A102046FFF74FFD94F8373165F3030384F848
S214031A20373105F00F012046FFF773FF20464FF4CA
S214031A308441BDE87040E5F7CDB919462046FFF767
S214031A4068FF002EF2D170BDF8B51D46C36A5B076A
S214031A5004460F46164610D404212C30FFF7BEFC6E
S214031A6084F89A70A4F89660A4F8985020464FF429
S214031A700061BDE8F840E5F7ADB9F8BD10B511B1A2
S214031A8090F89A400C7012B1B0F89610118013B10A
S214031A90B0F898201A80C06AC0F3800010BD4FF4D7
S214031AA000412830FFF79ABC00F5A270704790F803
S214031AB0370100F00F00704770B50446FEF7DFFBF2
S214031AC06568064601F042FF2D1AB5F5FA7504D58A
S214031AD03046BDE87040FEF7D8BB636B94F87010D1
S214031AE040F271225343B5FBF3F5A38FAAB29B1AB8
S214031AF0A38794F86F3002FB1133252193FBF1F093
S214031B0001FB1033002BB8BF5B1884F86F30B4F8B2
S214031B109C309B1AA4F89C30204600211546E8F713
S214031B2085FB636B5D43636840F2712202FB1533EA
S214031B3063602046E8F72CFBCAE72DE9F3474E79A6
S214031B400446B0074FF0000358BF06F001060846E8
S214031B500D46ADF8043054BF01360326FFF762F98D
S214031B60074607F01F03002BE36A15BF4FF0010873
S214031B704FF000084FF003094FF0020999050CD502
S214031B809DF8043066F3010368F345138DF80430BB
S214031B90019A2946204600F08EF9284607F0CBF82E
S214031BA049468246284607F081F89DF80430AA790C
S214031BB08DF805A066F3010368F345130C328DF820
S214031BC00430BDF80430AB529DF80430A9189A06C9
S214031BD06B7948BF8F7043F001036B71FEF74FFBC1
S214031BE006462046294650F8A48F07F006F994F8CF
S214031BF04631013384F84631A36A1B070CD5B4F883
S214031C007C30012B02D92046FFF756FF304602B040
S214031C10BDE8F047FEF739BB656801F097FE074657
S214031C20E8F71AFC8442F1D1ED1BB5F57A7FEDDDBA
S214031C30B8F1000F03D0D4F8A030002BE6D1E8F7B4
S214031C40A3FFE3E708B5022007F0B5F910B100F0EB
S214031C5043FE012008BD10B54FF4407104462830FA
S214031C60FFF7C4FB20460021BDE81040E5F754BD4E
S214031C70012310B5A1F12002C1F1200423FA04F4D4
S214031C8003FA02F222438B40D0E9084123400A407C
S214031C90134314BF0120002010BDC36A10B50446C9
S214031CA013F0080012D00123A1F12002C1F1200095
S214031CB023FA00F003FA02F202438B40D4E9080148
S214031CC003400A40134314BF0120002010BD10B583
S214031CD00C46C9B2FFF7E1FF70B1E6F7EDFDC4F1BC
S214031CE02002A4F12003E04001FA02F2104321FA95
S214031CF003F3184300F0010010BD70B504460E460A
S214031D00E6F70CFFFEF7BBFA84F877600546022178
S214031D102046E5F75FF820460021E8F787FA2846CD
S214031D20BDE87040FEF7B1BA70B504460D46FEF73F
S214031D30A6FA0646E8F790FB844201D1E8F704FFCB
S214031D403046FEF7A2FA29462046BDE87040FFF764
S214031D50D4BF0B68C0F84031704738B5D0F840316F
S214031D600B6040F648059BB2AB420C4604D90B21E8
S214031D70FFF7ADFF08B9258038BD44F290232380D2
S214031D80FAE708B500F0FBF8E5F78EF900F044FB38
S214031D9000F008F8E6F7FAFDE7F7B6FBBDE80840FB
S214031DA0E7F732BC704770B515460E461C46FFF77C
S214031DB0C6FB2B684EB103606B6843602368C0F8AC
S214031DC025302368C0F8153070BD83606B68C36028
S214031DD02368C0F829302368C0F81930F4E770B5D3
S214031DE00546FFF7ACFB0446FEF749FA4FF480714D
S214031DF006462846FFF7A7FB4FF400612846FFF781
S214031E00AAFB3046FEF741FA0023236123752362BB
S214031E1084F824302846FFF794FB802310F0080F3D
S214031E2014BF237584F8243070BD10B50446FFF73D
S214031E3012FF20461021BDE81040E4F7CBBF10B5D3
S214031E404FF460610446FFF789FB2046BDE8104067
S214031E50FFF701BF7FB506460C46FFF770FB4FF44E
S214031E60C06105463046FFF776FB4FF40061304607
S214031E70FFF774FB4FF48060E6F7C4FC224670B9A4
S214031E8069462846E6F728F86B4605F1100213F86C
S214031E90011B02F8011DAA42F9D104B070BD6C46BD
S214031EA002F1100610685168234603C30832B24293
S214031EB01C46F7D1E8E7F0B587B00D46ADF80C2021
S214031EC0FFF73DFB0446284606F035FF064600B3FB
S214031ED02846E6F73FF89DF80C3005AF03F02303DA
S214031EE0224631460093019704F12003FDF7DEFEF8
S214031EF02846E6F745F804223946284607F059F9F6
S214031F00236A0133236223B994F82430013384F817
S214031F10243007B0F0BD30B585B00391ADF8082086
S214031F20FFF70DFB0446039806F005FF051F002D7B
S214031F3002DC002005B030BD0398E6F70BF8431922
S214031F4001939DF8083003F023030093224604F11F
S214031F5010032946FDF79BFE0028EAD10398E6F70F
S214031F600FF8042103A806F088FF236901332361D1
S214031F700BB10120DEE7237D01332375F9E708B5AE
S214031F804FF40060E6F73EFC40B94FF48050E6F7A6
S214031F9039FC40B9BDE80840EAF784BBFFF7C2FA4C
S214031FA00028F2D008BDFFF7C1FA0028F2D0F9E7FF
S214031FB041F0004141F4E0210160704707B501A8F4
S214031FC0019106F033FE002003B05DF804FB704772
S214031FD070477047704710B5DC1D0433837343792D
S214031FE0C47123F0030343F003030E244371012358
S214031FF044738371C3730182827410BDD31CC3718F
S2140320003E2343734379827323F0030343F00303AE
S214032010437101238371C17370470F2343730423F2
S21403202083734379A0F8111023F0030343F00303EB
S214032030437140F20173C38001230374C273704774
S214032040D31CC3714379417323F0030343F00303A3
S2140320504371012382738371704708B50023FFF72A
S214032060BAFFBDE80840E6F779B82DE9F84380469D
S2140320700220894617461E4606F09DFFD0B14579D5
S214032080A0F810800C2343730823837325F00305FD
S21403209040F60133C38045F003059DF820304571B3
S2140320A080F81290A0F81370A0F81560C373E6F7D3
S2140320B055F80120BDE8F88308B5022006F07BFF3B
S2140320C030B101221121FFF799FFE6F747F8012007
S2140320D008BDF8B50F461646132109221D46FFF71D
S2140320E08DFF837904460C331C44A170E770267178
S2140320F02B68C4F80530AB88A4F80930BDE8F8406F
S214032100E6F72CB870B5064602200D4606F053FFD8
S214032110044668B114210422FFF770FF83790C3359
S2140321201C44A170A4F803606571E6F717F8012054
S21403213070BD08B501F06CFD08BD2DE9F0410746FA
S21403214002200D4690461E4606F035FF0446E0B1D3
S21403215009222121FFF752FF83790C331C440A22FC
S214032160BDF9183093FBF2F323729DF81C306372AB
S21403217084F80380BDF92030A78093FBF2F3A671A1
S214032180E571A372E5F7EAFF0120BDE8F08137B5F4
S214032190044606F0D0FDA3790C33E518C0B23E2200
S2140321A0E254831E6B700D23AB70AB798DF807304A
S2140321B01C38012BE87609D100231A46E91D0DF1D8
S2140321C00700FEF754FE9DF80730AB712046E5F78F
S2140321D0C5FF03B030BD704710B5E5F7F9FF837947
S2140321E00C33C4180021E078E4F7FAF96168FFF7C6
S2140321F076F80446E5F7F2FF22460023BDE81040D2
S2140322004FF61941FFF7E7BE10B5E5F7E1FF83790F
S2140322100C33C4180021E078E4F7E2F96168FFF7AD
S2140322206CF80446E5F7DAFF22460023BDE81040C3
S2140322304FF61A41FFF7CFBE70B5E5F7C9FF002189
S21403224086790446FE20E4F7CBF90546E7F7A8FBB4
S21403225050B10C24E5F7C2FF22460023BDE87040C8
S21403226042F20501FFF7B7BEE7F7E0FB0028F0D11F
S21403227034440F342DB121462846FFF74EF8002884
S214032280E7D02046E6F70AFA0024E3E72DE9F04113
S214032290E5F79EFF83790C33C4180025E678E5F747
S2140322A097FF0768E5F794FFA6F1FE0359425941E5
S2140322B005603046E4F794F922793B462946FEF753
S2140322C068FF0446E5F78AFF2B46224642F23701AB
S2140322D0BDE8F041FFF77FBE2DE9F041E5F778FF53
S2140322E083790C33C4180025E678E5F771FF076891
S2140322F0E5F76EFFA6F1FE035942594105603046E5
S214032300E4F76EF922793B460121FEF742FF0446C5
S214032310E5F764FF2B46224642F23801BDE8F0415A
S214032320FFF759BE2DE9F047E5F752FF83790C33E3
S214032330C418277994F8038027B9B8F1010F27D07A
S214032340E4F7B0FB05340026BE420ADB0025E5F7BA
S21403235045FF2A460023BDE8F04742F23901FFF75E
S2140323603ABE2078B4F8015094F80390A0F1FE0327
S214032370594259410434E4F733F958B12A464B46D7
S2140323804146E4F78BFA05460028E0D10136DBE741
S2140323901225DCE74225DAE710B5E5F719FF83795E
S2140323A00C33C4180021E078E4F71AF980B1211D34
S2140323B0FEF7B3FF00280CBF0C240024E5F70EFF3E
S2140323C022460023BDE8104042F23501FFF703BE64
S2140323D04224F3E7FE282DE9F8430646894690464D
S2140323E01F4616D0022006F0E6FD044690B10622EC
S2140323F01221FFF703FEA5790C3525441223AB7093
S21403240085F803902E71A5F80580EF712046E5F751
S214032410A5FE0120BDE8F883704710B5E7F7C0FABC
S2140324200446FEF717FD2043C0B210BD38B5E5F7E6
S214032430CFFE8379C17903F10C020244CB1A022042
S2140324400021B2F8035006F0E1FE044640B9E5F772
S214032450C5FE0722BDE8384042F21901FFF7DDBD8D
S2140324602846E4F78DFC38B12146E7F761F80446C1
S214032470E5F7B4FE2246EDE72046FBF715FC0224FB
S214032480F6E770B5E5F7A4FE83791844B0F80F6055
S214032490B0B2E4F775FC80B1002100F06EFE05468D
S2140324A0E5F79CFE044602232A4642F21B01FFF789
S2140324B092FDA3791C44668270BD0225F0E770B5D1
S2140324C0E5F786FE83790C33C418B4F80350284620
S2140324D0E4F756FCA0B1611D00F04FFE0646E5F793
S2140324E07DFE04460223324642F21A01FFF773FDCD
S2140324F0E37923449D72E3791C442D0AE57270BD8B
S2140325000226ECE710B5E5F763FE83790C3318442F
S2140325104479B0F80300E4F733FC60B12146E6F7EC
S214032520E3FD0446E5F75AFEE2B240F20641BDE893
S2140325301040FFF772BD0224F4E770B5E5F748FED6
S21403254083791844B0F80F50FDF799FE04462846E1
S214032550E4F716FC80B11621FFF7E6FB00252046BC
S214032560FDF793FEE5F73AFE2A460023BDE87040E2
S2140325704FF60441FFF72FBD0225F0E7F8B5E5F760
S21403258027FE84790C3404440546B4F80300E4F7C4
S214032590F7FB064640B9E5F721FE0222BDE8F84000
S2140325A042F21301FFF739BDAB79E97903F10C0267
S2140325B02A44CB1A0220002106F028FE014618B949
S2140325C0E5F70CFE0722E9E7837903338371304688
S2140325D0B4F80D50B4F80F70E6F73AFD3A460446E1
S2140325E029463046FFF78DF8E5F7F8FD2246D5E78E
S2140325F038B5FDF744FE0446FFF70FFF00280CBF6F
S2140326000C250025E5F7EAFD2A4642F20E01FFF700
S21403261024FDE7F7A1FA2046BDE83840FDF735BEAE
S21403262010B5E5F7D5FD83791844B0F80F00C0B2AE
S214032630E4F716FFE5F7D2FD0023BDE810401A467F
S21403264042F22401FFF7C7BC2DE9F8438146022076
S214032650884617461E4606F0AEFC044690B10A228C
S2140326600321FFF7CBFCA5790C3525440023204630
S214032670EB70A5F80490A5F806802F816E81E5F728
S2140326806DFD0120BDE8F8832DE9F04385B0814652
S21403269002209DF844808DF80F200E461F4606F054
S2140326A08AFC0546002844D022222921FFF7A6FCEF
S2140326B0AC790C342C4404F10E03002204F114010B
S2140326C0C4F80E2030469A806261228300913A460F
S2140326D00DF10F01FEF7CCFB9DF84030E37006F0DA
S2140326E00103A3719DF80F30A4F80490E3713B68CF
S2140326F0A360BB88A38116F0FD0F4FF6FF7304D0CB
S214032700032E08BF43464FF0FF08BDF83020628310
S214032710BDF83420A283BDF83820E2839DF83C2020
S21403272084F82020284684F821806384E5F716FD84
S214032730012005B0BDE8F083F8B50746022016462B
S2140327401D4606F038FC044690B10C220421FFF720
S21403275055FCA1799DF818300C31214420468F8012
S214032760C1F80660C1F80A50CB70E5F7F7FC012004
S214032770F8BD70B5064602200D4606F01CFC04465E
S21403278068B103223021FFF75BFCA3790C332344A3
S2140327902046A3F803609D70E5F7E0FC012070BDBA
S2140327A070B5064602200D4606F005FC044688B1C1
S2140327B004220821FFF744FCA3790C332344B5FA1B
S2140327C085F252092046A3F803605A719D70E5F717
S2140327D0C5FC012070BD2DE9F843814602208846DA
S2140327E017461E4606F0E7FB0446B0B10B22072148
S2140327F0FFF704FCA579BDF820300C3525442046A8
S214032800A5F80390A5F80580A5F80770A5F8096054
S214032810A5F80B30E5F7A2FC0120BDE8F883F8B570
S214032820074602200E46154606F0C5FB0446A0B131
S2140328300D220521FFF7E2FBA3790C332344204640
S214032840A3F80370A3F80D602A68C3F805206A6826
S214032850C3F80920E5F782FC0120F8BD2DE9FF4106
S2140328600A9C16466A4680460F4603F1100E154626
S214032870186859689446ACE8030008337345624603
S214032880F6D124B9022006F096FB044608B31D22AF
S214032890ED212046FFF7B2FBA3790C332344A3F8BC
S2140328A00380A3F80D702EB13268C3F80520726852
S2140328B0C3F809200F3304AE2A4603CAB24218608F
S2140328C05960154603F10803F6D12046E5F746FCA2
S2140328D0012004B0BDE8F08113B5827901900C3273
S2140328E01321815484184FF44072C280E5F7CCF963
S2140328F0A07020B901A806F099F902B010BD8000B7
S214032900013060700198E5F729FCF6E770B50646D6
S21403291002200D4606F04FFB044678B1042205213B
S214032920FFF78EFBA3790C33234400222046A3F83B
S21403293003605D719A70E5F711FC012070BD13B555
S214032940837901900C33C418C05CE4F719FA20B9F4
S21403295001A806F06BF902B010BD6378019913F075
S214032960300F8B7903F104038B714B790CBF012273
S214032970002262F300034B71E4F7CEFEEBE72DE98A
S214032980F041E5F725FC83790C33C418B4F80380CB
S2140329901FFA88F0E4F7F4F9054600B3A2796179E3
S2140329A0FEF7BEFE0646E5F719FC07460223324647
S2140329B042F27A01FFF70FFBBB793B443846A3F894
S2140329C01280E5F7CBFB46B9A37933B12846FFF768
S2140329D06EF801462846FEF773FDBDE8F081022631
S2140329E0E1E700F05FBE50E8003F0B4340E80032EB
S2140329F0002AF8D17047704770B50E461546E4F7BF
S214032A007FFB044648B93046E4F730F9044620B95C
S214032A102846E9F76DFD044640B10020E4F770FB55
S214032A200020E4F723F90020E9F762FD204670BD95
S214032A304FF40010EAF796B8E8F754BFE5F710BE70
S214032A404368143B4360A0230B6070471AB942687F
S214032A50A2EB530242600A6802EB83020A607047E5
S214032A60884210B518D8052816D9B1F5486F13D87B
S214032A70B3F5FA7F10D2A2F10A0080B240F676448C
S214032A80A04209D801339BB24B435B00B3EBC20FA2
S214032A9094BF0120002010BD0020FCE7C94350E886
S214032AA0003F0B4040E80032002AF8D17047002070
S214032AB070472DE9F04104460F4600264FF0010803
S214032AC0214686F00100FEF733FD4FF48051FFF7F1
S214032AD0E5FF836833B940460EB1BDE8F0810126B1
S214032AE08046EDE7028ABA4206D10022012120463B
S214032AF098470028EFD1EFE70268D205EBD500220E
S214032B001146F4E708B5FEF72CFD00230380436067
S214032B1008BD70B506460C46FDF7B1FB05463046C4
S214032B20FEF71FFD30B103781C4304704FF40070AA
S214032B30EAF718F82846BDE87040FDF7A6BBE4F7A9
S214032B40EBBD07B542798DF8071022F0030242F079
S214032B500302427140F20332C2800DF107010122E3
S214032B6006F047F803B05DF804FBF8B517460646CB
S214032B700C461D46FEF7EDFC020713D50221304630
S214032B80FFF776F870B111212046FFF7DAFF2046EB
S214032B90E5F76CFF4570877021463046BDE8F84080
S214032BA0E4F7BABD2820C5F120024FF08861A5F1ED
S214032BB02003E94000FA02F220FA03F31143194313
S214032BC0CB07E0D40D212046FFF7BBFF2046E5F7F1
S214032BD04DFF4770E0E770B50C46054607212046D3
S214032BE01646FFF7AEFF2046E5F740FF2146467040
S214032BF02846BDE87040E4F78FBD38B50C46002183
S214032C000546FEF7BEFC241AA4B247F6FE739C42A2
S214032C1005D928462821FFF770F8002038BD012083
S214032C20FCE738B504460D4601460020FEF780FC57
S214032C3003689B0505D429462046BDE83840FFF7C0
S214032C40DCBF002038BD2DE9F04115469DF81880FD
S214032C501F46FEF76DFC0446FDF711FBB8F1010FA6
S214032C60064623D154E8003F43F4807344E8003219
S214032C70002AF7D105B354E8002F42F4007244E863
S214032C800023002BF7D1FF212046FFF707FF54E868
S214032C90002F48EA020244E80023002BF7D1A56080
S214032CA027823046BDE8F041FDF7EFBA4FF4807156
S214032CB02046FFF7F3FEDDE74FF400712046FFF7EB
S214032CC0EDFEE0E773B5064601200C46FEF730FC42
S214032CD00023054600931A4621463046FFF7B3FF06
S214032CE06B6863B14FF480712046E4F773F855E8D8
S214032CF0003F43F4007345E80032002AF7D1FDF79E
S214032D00BEFA05462046FEF72CFC28B103881BB105
S214032D104FF40070E9F726FF284602B0BDE870407E
S214032D20FDF7B3BA38B505460C46FEF701FC8368D3
S214032D304BB1022120460022984721462846BDE88B
S214032D403840FFF7BFBF38BD012938B505460C46E6
S214032D5008D0CC1E012C03D801460120FFF7E2FF62
S214032D60012038BD2221FEF75BFC20462946FFF7EB
S214032D70D9FF0020F5E708B5FEF7DAFB006800F098
S214032D80F00008BD10B5014604460120FFF7F3FF27
S214032D9020B92146BDE81040FFF7EDBF10BD70B562
S214032DA006460C4601460120FEF7C2FB31460546A1
S214032DB00020FEF7BDFB2B680268014643EA0200CB
S214032DC0C0051ED49B0502F4007203D49AB94FF0D3
S214032DD0FF3070BD2B8A1B1B98B27AB1098A091B78
S214032DE089B28842A8BF08464FF6FF73984208BFC9
S214032DF04FF0FF30EDE74FF6FF70EFE74FF6FF714A
S214032E00EFE70120E5E72DE9F3410446019101468A
S214032E1001201546FEF78CFB214606460020FEF7EA
S214032E2087FB80462046FEF78CFB810606D501A865
S214032E3005F0FCFE0C2002B0BDE8F081FDF71FFA9A
S214032E4033689A05074603D4D8F800309B0509D59E
S214032E500199301D8D6005F0D0FF3846FDF715FA51
S214032E600020E8E7FDF711FA01992046A847E2E7B4
S214032E7038B5014604460120FEF75AFB05460C30DA
S214032E8005F0D4FE281D05F0D1FE21460020FEF7EE
S214032E904FFB04460C3005F0C9FE201DBDE8384044
S214032EA005F0C4BE70B5014605460120FEF740FB9B
S214032EB00646043005F037FF044670B14FF4007140
S214032EC03046FFF7EBFDA36821462846984720B116
S214032ED02046BDE87040FAF7E7BE70BD0023C0E9A0
S214032EE000318260704708B50B4601461846FEF768
S214032EF01FFB0068C0F3402008BDFFF725BFCB1EAD
S214032F00012B70B504460D46164606D81A21FEF761
S214032F1087FB40212046E3F75DFF324629462046DD
S214032F20BDE87040FFF710BF38B504460D46FEF700
S214032F3063FB28B1012D04D122212046FEF770FB46
S214032F40002038BDF8B58B790B440C46D3F80D60DA
S214032F50D3F8113032460746E4F7C0FB0921204672
S214032F60FFF7EFFD2046E5F781FDA579E5F7A4FC1D
S214032F700C35254466F0FF060640C5F80160E5F704
S214032F809BFC3846C5F805102146FFF7D8FD0221FD
S214032F903846FFF7BEFDF8BD70B50E46054601463A
S214032FA00020FEF7C5FA012E044603D0022E11D0E8
S214032FB0012070BDC1688B7919440D312846FEF790
S214032FC098FBE068FAF770FE0020E0602946FFF7FA
S214032FD079FEEDE7C068FAF767FE0023E360E7E7EC
S214032FE038B50D46044601460120FEF7A1FA012D29
S214032FF008D100F112012046FEF77BFB2146284646
S214033000FFF760FE012038BD08B5FEF79AFAC0F355
S214033010C00008BDF8B50C460746FFF7F5FF80F07D
S2140330200106F6B239463046FEF782FA0546C06810
S214033030012C837903D0022C1BD00120F8BD0C335E
S214033040C41838462389E288A188FEF72AFC6188DB
S2140330506278490089B252003846FEF7ADFAE8684E
S214033060FAF722FE0023EB6039463046FFF72AFEC6
S214033070E3E7FAF719FE0023EB60DEE708B5FEF791
S21403308068FA00F0010008BD38B50C460221054673
S214033090FEF761FA0C212046FFF753FD2046E5F7BD
S2140330A0E5FC4FF0FF3383700223C3700D23437098
S2140330B06FF02F0303710523437121462846BDE8AD
S2140330C03840FFF73CBD042910B5044601D0002064
S2140330D010BDFFF799FFC0F10200E5F793FB002848
S2140330E0F5D105F068FF014608B90220F0E720464F
S2140330F0E5F7CCFF0028F8D10120E9E708B5FEF78D
S21403310020FAC0F3C00008BD2DE9F0410F4604467F
S2140331109046FFF7F3FF80F00105EDB221462846FF
S214033120FEF706FA012F064603D0032F0FD0012021
S2140331300BE02046FEF783FE22212046FEF770FAB8
S21403314028462146FFF7EEFD0020BDE8F081C06863
S214033150FAF7AAFD0023F3602046FEF770FE5FFA37
S21403316088F12046FEF75CFA20462021E3F732FE7C
S21403317021462846FFF7D6FDD9E737B504460D4660
S214033180FEF7E7F903054CD5022005F014FF01907E
S214033190002848D0204645B3FFF7B0FF50B10521BD
S2140331A00198FFF7CEFC0198E5F760FC01992046ED
S2140331B0FFF7C5FC20462946FEF74CFE2046FFF7E0
S2140331C09DFF78B94FF400612046FEF7BFF906214C
S2140331D00198FFF7B6FC0198E5F748FC01992046ED
S2140331E0FFF7ADFC002003B030BDFFF787FF68B1E3
S2140331F00199032306222046FFF7B7FC2046FEF775
S2140332001EFE21462846FFF78DFDEBE701A805F0D5
S2140332100DFD20463D21FEF770FD2046FEF70FFE0E
S214033220E0E70C20DFE70720DDE7F7B501460446B5
S2140332300020FEF77DF9054600F112074FF4806083
S214033240E5F7E0FA50B92046E3F7AEFD698B3A4658
S21403325080B203B0BDE8F040FFF7E1BA2046E3F7DB
S214033260A3FD064620466D8BFEF769F9002203464A
S214033270009229463A46B0B2FFF7F0FA03B0F0BD23
S21403328083781A2B09D81B2383700288B2F5A47F90
S21403329007D24FF4A473038007E0FB2BF5D9FB2377
S2140332A0F2E744F290239A42F5D87047F0B5CA790C
S2140332B08B7987B043EA0223ADF80C308B888DF800
S2140332C00E30CA788B7843EA02230446ADF81030F2
S2140332D003A80B888DF81230FFF7D2FF04A8FFF778
S2140332E0CFFF05A92046FEF738FD0B212046FEF743
S2140332F0EEFC40F6480544F29023002818BF1D460E
S2140333009DF80E30BDF81460BDF81020BDF80C70A3
S2140333109DF816009DF81210AF42D4BF0097009593
S214033320FB2BA8BFFB23B242A8BF32468142A8BFED
S21403333001462046FEF728FB07B0F0BD37B5144616
S21403334005461046FFF7FDFB2046E5F78FFB01A970
S21403335004462846FEF701FD0B212846FEF7B7FC78
S2140333606FF0040363700023A37044F2902240F6C8
S2140333704803002818BF1346A4F803309DF8063008
S214033380A4F80530BDF80430A4F8073003B030BD08
S214033390FFF7DABC022973B505460C4603D00024B2
S2140333A0204602B070BD0521FEF762FC0028F6D069
S2140333B0E4F75CF81B28F2D94FF40040E5F722FA4D
S2140333C00028ECD105F0F7FD06460028E8D001A951
S2140333D02846FEF7C2FC9DF80630BDF804203146A9
S2140333E02846E6F727F90028D9D10124D8E730B1D3
S2140333F090FAA0F00123B0FA80F08340D8B2704769
S21403340070B50646FEF7A5F880F0400402060546AA
S214033410C4F3801406D408213046FEF73EFC08B1F8
S21403342044F00204EB0506D40B213046FEF735FCC8
S21403343008B144F00404204670BD2DE9F843044661
S21403344091460F46FEF785F8C0F340152046FEF773
S2140334502BFB214680462846FEF76AF84946064671
S2140334602046FEF7DDF898F80110384601F00F0104
S21403347000F024FA062814BF014600212A462046F7
S214033480FEF7B6FA21462846FFF71CFC2021204605
S214033490FEF764F856E8003F43F4805346E80032EC
S2140334A0002AF7D1BDE8F883F8B50E46044615465C
S2140334B0FEF74FF8032EC0F340170DD0042E16D098
S2140334C0012E12D122212046FEF7AAF838462146BD
S2140334D0FFF728FC0020F8BDEAB200212046FFF7DC
S2140334E0ACFF21463846FFF71DFC0120F3E70C220C
S2140334F0F3E7012910B504460BD1FEF72AF8214657
S214033500C0F34010FEF714F80022817C2046FFF734
S21403351094FF012010BD2DE9F7430F460546FEF73D
S21403352018F800F02009C0F340182846FEF7BCFA46
S214033530BB790C333B445E789B781E400378C3F319
S214033540030000EA13103040FFF751FF044648B962
S214033550B9F1000F06D12846FFF752FF3040FFF7B8
S21403356046FF04462846FEF7A2FAE8F797F8A04275
S21403357023D01CB302212846FEF703F80021064693
S2140335802846FEF72CF918213846FFF7DAFA3846AC
S214033590E5F76CFAB6B244708470A0F80360394657
S2140335A02846FFF7CCFA009623462246294640468D
S2140335B0E6F77AF803B0BDE8F08300242646E2E790
S2140335C070B504460D46FFF7DDFB28B929462046AD
S2140335D0BDE87040FFF79FBF4028294620464FF0BE
S2140335E01603BDE8704014BF2A222322FFF7BDBA94
S2140335F038B505460C46FDF7ACFF830604D42046D3
S214033600BDE83840FAF750BB21462846BDE83840A7
S214033610FFF781BF73B58C790C340C4406460D4610
S214033620FDF797FFA278032AC0F3401014D0052AAB
S21403363028BF00226378032B10D0052B28BF002356
S214033640B4F8031000913146E6F72EF8284602B088
S214033650BDE87040FAF728BB0022EBE70023EFE74C
S21403366008B58B790B441B7B162B03D0172B05D081
S214033670002008BDFFF7A4FF0120FAE7FFF7B8FF15
S214033680FAE708B58B790B441B7B162B03D0182B54
S21403369005D0002008BDE6F731F80120FAE7FFF76A
S2140336A0B9FFFAE770471FB54A1E042A03460C46BD
S2140336B05FD8012902D1008804B010BD022905D1C4
S2140336C000885B88984238BF1846F5E74A000146EB
S2140336D001A804F0F2FE032C07D10023ADF80A304C
S2140336E04FF6FF73ADF80C3001E0042CF8D0BDF8AC
S2140336F00620BDF80430934284BFADF80630ADF81B
S2140337000420BDF80A30BDF80C20934288BFADF8FC
S2140337100A20BDF80A2088BFADF80C30BDF8043087
S214033720934288BFADF80A30BDF80620BDF80C30CA
S2140337309A4288BFADF80630BDF80820BDF80630BB
S214033740934284BFADF80830ADF80620BDF80A30C2
S214033750BDF808209A4288BFADF80830BDF80820A7
S214033760BDF806309A4238BFADF80830BDF80800F9
S214033770A2E74FF6FF709FE7012804D0022804D083
S21403378030B9E7F7EDBBE7F7DBBB0020E6F756B942
S214033790704710B1012803D070470120E6F74EB9F1
S2140337A00020FBE7F7B51F468B1E012B05460C468C
S2140337B0164613D8FDF756FB0023CDE90005F01A8D
S2140337C018BF01201A463946FDF75AFB80B1022C72
S2140337D00BD12846E4F73CFF002004E00029F8D08C
S2140337E0012902D0FF2003B0F0BD2846E4F774FF9A
S2140337F00120F8E770B59DF810600D4600210446D9
S214033800817106F10C014173111E03F00F00237B37
S21403381018BF012140EAC11003F040031843207388
S2140338202B469DF8141004F10E00FFF7BBFF237B15
S21403383060F3861323732B686361AB882383A379B2
S2140338400E363344E37170BD10B541898389C2894E
S21403385004460846FFF704F9E0B1E279531E072B46
S21403386019D86389934216D922899A4213D8237C9E
S21403387043B9637C33B9A37C23B9E07C10B9237DB9
S2140338800F2B07D9607D1B3000F01F000B288CBF61
S2140338900020012010BD0020FCE708B5E8F7DAF9A0
S2140338A0BDE808400020E8F7C5BBC94350E8003F21
S2140338B00B4040E80032002AF8D17047022808D0AF
S2140338C0042803D0012818BF0620704701F0010121
S2140338D0C81C7047E8F710BF0A2802D80130C0B2E8
S2140338E07047242801D80230F9E7252805D0262872
S2140338F005D0272818BFFF207047002070470C20EC
S214033900704708B5E7F746FFBDE808404FF000608C
S214033910E9F728B908B5E8F7F5FE20B1BDE8084091
S2140339201020FFF7EEBF08BD70477047704770471B
S214033930704700207047704770477047704770475E
S21403394010461946704700200021704703F0E3BF76
S214033950F2F764BB04F097B808B5E8F71FF920B18F
S214033960BDE808400420FFF7CCBF08BDF0B585B01E
S2140339700D468DF80700164602B983B39DF8070077
S2140339802946FDF783FA044690B99DF807002946B1
S214033990FDF780FA20BBF6B19DF80700003818BF84
S2140339A001202946E8F76CFD441C18BF012417E0E4
S2140339B002AF012239460DF10700FDF769FA024608
S2140339C004464EB19DF80730181E18BF0120002A82
S2140339D018BF3D46E5E70124FDF747FA00B9012481
S2140339E0204605B0F0BD37B502460846136A03F411
S2140339F0007403F40015DB0505D47CB9E4F728FE50
S214033A00204603B030BD4CB9D2F855100160B2F869
S214033A1059208280B5FA85F46409F1E7019092F99A
S214033A205430009300231A4619461846B5FA85F40F
S214033A30FDF726FA6409E3E770477047024619461E
S214033A400020E8F7FBBB002070470020704707B54F
S214033A5000214FF0FF336A46084600938DF8043082
S214033A60E8F77EFD03B05DF804FB38B5054600684D
S214033A7004F07EFF0446287900F01F0004F078FF68
S214033A802044C0B2012894BF0020012038BD7047EF
S214033A907047914270B50D4614461E4609D2FFF78D
S214033AA019FF641B013490FBF4F303FB1400054475
S214033AB0ACB23480FFF70EFF33880133B0FBF3F26A
S214033AC002FB1300049B188070BD70477047704755
S214033AD00120704708B5202000F068FF003818BFA3
S214033AE0012008BD08B5FFF7F5FF20B1BDE8084083
S214033AF0202000F063BF08BD73B506460D46144686
S214033B00D2B100F050FFA84218D8304600F060FF4C
S214033B1001460190A0B100232A46204605F07CF812
S214033B2001A805F083F82246022052F8041B00F091
S214033B30FCFE002002B070BD2220FBE72120F9E73F
S214033B402D20F7E708B5F9F7E1FD08B1012008BD18
S214033B5000F060F8F9F7E2FD0028F7D1EBF7AAFAD0
S214033B60003818BF0120F2E708B5E8F7A9FF0028D8
S214033B700CBF0420012008BDE8F7B0BF0020704743
S214033B8030B5044687B008461546FEF757FF12229F
S214033B9000210DF1060004F076FCA3680293E368A7
S214033BA00393E38BADF81030238CADF81230ADF8E9
S214033BB00450FFF7E3FF029B8DF8140043F4105301
S214033BC0029300F05FFE18B1029B43F004030293D6
S214033BD001A8E4F729FE10F0FF0516D1A38CADF873
S214033BE000300DF10201E38CADF80230684600F0B8
S214033BF034FDE9F70FF8FEF71FFF012103F05FFD21
S214033C00EAF758FB284607B030BD40F20C40FAE707
S214033C10E9F710B8FBF741BEDAF7F0BE01207047AC
S214033C2070B50C46064611461D46E9F7CBF858B163
S214033C3044EA06206FEA40406FEA50402A4680B2C4
S214033C40BDE87040E9F712B840F2064070BD8379CC
S214033C501A07014603D506220020E9F7D7B89B06C4
S214033C6002D506220120F8E74FF0FF30704783792C
S214033C70532B01D1E9F7FCB8FFF7E9BF70B5064649
S214033C8014461D46E9F79EF810B90024204670BD79
S214033C9041EA06206FEA40406FEA50402A46214632
S214033CA080B2E9F701F80028F0D0EEE713B5044632
S214033CB0E9F788F810B9002002B010BD08226B4659
S214033CC011462046FFF7DAFF0828F4D19DF80230A4
S214033CD0002BF0D09DF90300013018BF0120EBE75D
S214033CE0704700207047532838B505460C4604D164
S214033CF0BDE838400846EDF7A1BB0620FAF7E6F91B
S214033D0068B96379142D03F03F03637104D0722DF1
S214033D1008D163F03F036371A571002038BD40F2FC
S214033D200740FBE72120F9E71FB550F80C4BADF829
S214033D30061094F870408DF80820ADF80A3001AAF2
S214033D40069B8DF8044040F20351039304F0A3FE50
S214033D5010B906A804F06AFF04B010BD2DE9F041BF
S214033D6086B04FF0000804460E46CDF80C8000F1EE
S214033D704407154612B303A804F058FF384604F068
S214033D8055FF84F81C800023009332462B461821E7
S214033D90204600F095FF05F58855204604AA50F8FE
S214033DA00C3B059593F870308DF8103040F20551B2
S214033DB004F071FE002006B0BDE8F08143691A07DF
S214033DC010D4A846384604F04FFF03460390C0B904
S214033DD003A804F02BFF384604F028FF00232377BC
S214033DE055B1D0E723F00803436103A804F01EFF90
S214033DF0384604F01BFF2577204600F0DDFF00253C
S214033E00CBE7997901F10C021A440531B2F8016047
S214033E10B2F8032099712046314601F0FBFCCDF839
S214033E200C800028CED00546D2E72DE9F84F0E4683
S214033E309DF828B091469A46054610B1037C012B9F
S214033E4060D0284601F0FDF9304601F076FB0022EB
S214033E5031468046284601F0E3FB0746304601F02C
S214033E6065FE42F6052398421CD118F0300F26D182
S214033E70BBF1000F33D018F0200F3FD0BA073FD561
S214033E80EB8B002B38D153464A463146284600F082
S214033E90C7FF0446E8B9EE8340F20A41284601F01C
S214033EA0DEF916E0284601F081FA0028DDD0284620
S214033EB001F091FA0028D8D041F2121409E0B907AC
S214033EC0D6D03146284601F047FC0028D0D000F56E
S214033ED08854284601F0BAF92046BDE8F88F18F052
S214033EE0100F0BD0FB070BD553464A4631462846E0
S214033EF000F071FF0446ECE70524EAE72124E8E72F
S214033F000224E6E70724E7E72DE9F04786B0002515
S214033F109DF8389090F81CA00F9E057704460F4630
S214033F209046B9F1000F09D00A4600964B46514613
S214033F3000F0C6FE284606B0BDE8F087BAF1080FC3
S214033F40ADF8169026D14589043DADB29D42324662
S214033F504FF002014FF00900A8BF1D4600F041FED6
S214033F600222814605A93046ADF8147005F021F902
S214033F702A464146304605F01CF9831C054689F857
S214033F80013031462046EBF7A7FAADF81650BDF8D8
S214033F901600D0E7BAF10A0F0DF11602CDE9016259
S214033FA000930CBF0B210D214346012200F0ACFE0B
S214033FB01A28ECD1CDF8009011233A4651462046F4
S214033FC0ADF8169000F07CFEE1E7F0B589B0174631
S214033FD00025012204460E460393ADF8165001F061
S214033FE04EFB8DF81500002846D1304601F0BFF988
S214033FF010B1304601F07DFA304601F0AEFAB8B1A2
S21403400003A804F013FE2046237F50F80C2BADF8CC
S2140340101A6092F870208DF8182040F2025106AA12
S2140340208DF81C30ADF81E7004F035FD09B0F0BDF8
S2140340300DF115030DF116023146204601F0BCFBC7
S2140340409DF8153002465BB9BDF81630BB4235BF46
S2140340500723DB1B8DF81530D21928BFADF81630B1
S214034060039B01939DF8153000933146BDF8163037
S2140340702046FFF749FFD9E72A46F1E770B504461D
S2140340800D46164601F073F940B933462A462146D3
S21403409001F0C0FB08B100F5885070BD41F2031073
S2140340A0FBE71FB550F80C4BADF8061094F87040BC
S2140340B08DF80820ADF80A3001AA069B8DF8044057
S2140340C040F20151039304F0E6FC10B906A804F08D
S2140340D0ADFD04B010BD1FB550F80C4BADF806107F
S2140340E094F870408DF80820ADF80A3001AABDF8A0
S2140340F018308DF8044040F20451ADF80C3004F04B
S214034100CAFC04B010BDF0B585B01227039207773A
S214034110022205460E4601F0B2FA044668B103A829
S21403412004F084FD00232B770023009332462346B6
S2140341301221284600F0C4FD0FE0039A9379033357
S2140341409371304601F009FA48B1039B00933A464F
S214034150234631462846FFF7E7FD05B0F0BD42F695
S214034160293001F04AFCB04220D1039830B903A8A5
S21403417004F05CFD00232B770D24D5E704F0DBFD6C
S21403418080B20128F3D1039B9A7913442846197BFE
S21403419001F047F9044603A804F048FD00232B77F3
S2140341A0002CC1D1284600F0CEFDD6E72246039B5D
S2140341B03146284601F02EFB0446EFE72DE9FF4182
S2140341C00392042204460D4601F059FA074628B125
S2140341D003A804F02BFD04B0BDE8F081039A93799D
S2140341E04FF0520803339371284684F81C8001F07D
S2140341F0B4F9064640B1039B009342463B46294624
S2140342002046FFF791FDE6E742F6293001F0F5FB7D
S214034210A842039B0BD19A7913442046197B01F0DD
S21403422000F903A804F002FD00232377D3E7324600
S2140342302946204601F0EEFAF6E72DE9FF418B7991
S2140342400C330B440446B3F80170B3F803803846C6
S2140342500E4601F06AF9002858D002223946204655
S21403426001F00DFA0546E8B9384601F076F968B16B
S21403427016222277B3790533B3713946009643463F
S2140342802046FFF751FD04B0BDE8F081F9F7A2FC24
S21403429033461B680135EDB2002BFAD10635A8422A
S2140342A01DDC092504F1440004F0C0FC00962B46EF
S2140342B03A461621204600F003FD092DE3D1204699
S2140342C002AA50F80C3B93F870308DF8083040F291
S2140342D0055141F20913039304F0DDFBD3E70121F3
S2140342E0304604F031FF01460028DAD004F14400DA
S2140342F004F083FDB3790533B3714246334639463A
S214034300204604B0BDE8F04100F02CBD0125C9E706
S21403431013B5044641B9443004F088FC204602B085
S214034320BDE8104000F048BD4369182213F00803A7
S214034330027706D0002300931946FFF7F5FC02B078
S21403434010BD1A46194602B0BDE81040FFF706BD79
S2140343507FB5C58B04462DB342F6052001F04DFB11
S214034360A84207D10021204601F03CF8636923F0F8
S2140343700103636140F20A41204600F076FF0026FF
S2140343800DF10E0229462046ADF80E6001F048F9FD
S214034390BDF80E2000920346022229462046FFF768
S2140343A09AFEE68304B070BD2DE9F0470E46BDF8CD
S2140343B0209090461F46044618B941F20110BDE806
S2140343C0F087084601F0B1F80028F6D06589033D6A
S2140343D0ADB24D4509D3CDF820804B463A4631461B
S2140343E02046BDE8F047FFF720BD4920E7E7F7B5CD
S2140343F004461F460E46154600F023FF237C012B7A
S21403440058D0237F182B2CD063691B0713D5217F25
S21403441016292DD008D8122914D00225204600F0DC
S21403442015FF284603B0F0BD18291AD05229F4D137
S2140344300023237713E0304601F08FF80028E6D1F7
S2140344402125EBE70023237735B1009332462B462D
S214034450204600F035FC02E0204600F074FC002500
S214034460DCE72A4631462046FFF778FC0546D5E7C3
S21403447000232377002DE8D1BDF82430089A009551
S2140344800521172000F0D1FB20B9009511233246F1
S2140344901221DDE700F086FB626942F008026261E2
S2140344A0827905320346827131463A46204600F049
S2140344B059FCD4E70725B1E72DE9F041054688B056
S2140344C042F6052001F099FA064604A8ECF7B8F878
S2140344D0102205F121010DEB020003F0AAFF50B1F3
S2140344E00121284600F07EFF284601F038FB6B6961
S2140344F023F001036B6142F6030303A90220ADF820
S2140345000C30ECF7ABF9012407464FF000082046C1
S2140345103A464FF6FF7101F035FA044610B908B073
S214034520BDE8F08101F001F80134A4B20028EED012
S214034530A64203D131462846E8F7E2FF0DF10E0204
S21403454021462846ADF80E8001F06AF80346002897
S214034550DDD0BDF80E200092214601222846FFF743
S214034560BAFDD4E708B5ECF759F80020E9F756FC8E
S214034570002008BD10B90120E9F744BD70470220AA
S214034580E9F736BD0020E9F733BD38B50C460546D6
S214034590E3F71EFE4379C47523F0030343F00303D6
S2140345A043710923837104F10C03C371A0F81550FA
S2140345B0153038BD2DE9F3410D4616468046E3F720
S2140345C007FE05F10C03C3714379019023F003033F
S2140345D043F003034371092383710446A0F815804F
S2140345E000F11507304604F0A6FB0544E57533468F
S2140345F03BB901A8314604F000FC384602B0BDE8DA
S214034600F0815A7922F0030242F002025A711B68C3
S214034610EEE708B5E3F7E2FD83790C33184408BDEB
S21403462008B5E9F73DFCECF7B1FCE8F755FEEBF708
S214034630BFFEBDE80840FFF7A5BF10B50446E9F77F
S214034640DBFD20B92046BDE81040F9F7BDB920468A
S214034650F9F7BAF9FFF793FFF1E773B50E4604F0DF
S21403466053FE044610BB42F6072001F0C6F9054682
S214034670E0B1B6F90030002BCCBF0533053B4FF055
S2140346800A02CCBFB3FBF2F393FBF2F35BB28DF8F3
S214034690073001230DF107020021184604F0B6FD8A
S2140346A0002203462946104601F0B4F8204602B01D
S2140346B070BD430803F05503C01A00F03303C0F37C
S2140346C0850000F03300184400EB101000F00F00D4
S2140346D0704710B5421D441E002114F8010FFFF762
S2140346E0E8FF94420144F8D1084610BD0E207047F7
S2140346F00E2070470E2070470E2070470078EAF7AA
S21403470067BF13B50C460DF107020DF10601EBF773
S2140347104FF830B19DF80600031B5842584102B0CB
S21403472010BD0120FBE770472DE9F04383780D2B7E
S21403473091B00D464FD109AC821C00F11A032646F0
S21403474010685168274603C708329A423C46F7D199
S21403475013883B801C21284604F068FBBDF82640DE
S2140347602F6814F00C043ED1384604F0E4FAA0F1A6
S2140347700208A0450DDA4FF0FF3400239C428DF863
S2140347801C301EDBA31C0122394607A804F044FA9A
S21403479017E0631C0122394605A804F03DFA9DF88C
S2140347A01430012BE9D023460122394607A804F02A
S2140347B033FA9DF81C3013B101331C44D9E78DF846
S2140347C01C30EBF73BFB012808D002283FD050B93A
S2140347D0284604F02BFA11B0BDE8F0839DF81C3090
S2140347E013F0010FF4D09DF82F00EAF759FA80462C
S2140347F09DF83000EAF754FA0DF11C099DF82820BD
S21403480004460DF1290105A8E8F740FE9DF8362079
S2140348100DF137014846E8F739FE05A8FFF727FAF2
S21403482005ABCDE901050746CDF800902246414683
S2140348303046E9F7D1FD2B68002BC9D0CDE90075CA
S21403484005AB22464146304602F093FDC0E79DF88D
S2140348501C3013F0030FC5E7EBF7E0BA704708B553
S214034860ECF74AF9002008BDECF7F2BCEAF7DAB930
S214034870EAF7B8BC7047704770477047E8F7C0BAA6
S2140348807047704700207047704770477047F8B509
S21403489013681D0A04460F46164604350A460021C9
S2140348A003F0F1FDEDB221222046394604F00CF95F
S2140348B02046294604F091F9A27933681444E3604C
S2140348C0F8BD704770477047704770477047024699
S2140348D04FF482712020FFF70FB9FFF7C9BF08B561
S2140348E0014600F03800EAF719FB78B1D0E9013247
S2140348F0407810F0020F08BF1346C1F30741043B8C
S21403490053F8040F10B102788A42F9D108BD38B5BE
S21403491005460C4604B938BD013C55F824301B69DE
S214034920002BF7D09847F5E770477047F8B54378FC
S214034930DB07054601D4EAF733FB6B786F6823F091
S2140349400C0343F002036B70002657F826402CB97D
S21403495005F10C012020F9F7F1F90FE0A368013601
S214034960002BF2D0984704460028EED0314638464E
S214034970FFF7CDFF6B7823F002036B702046F8BD7C
S2140349804078C0F340007047437813F00E0F0CBF17
S21403499001200020704710B5EAF76CFB0446EAF7DF
S2140349A081FB204610BD4FF48270704708B5EAF7C6
S2140349B0B5FAC068003818BF012008BD08B5EAF785
S2140349C0ADFA20B1BDE80840C06804F060B908BD80
S2140349D038B5EAF7A3FA044650B1FBF750FC054690
S2140349E004F10C0004F040F904462846FBF74DFC9E
S2140349F0204638BD37B58379019003440446D8680A
S214034A0000F03800EAF78AFA054628B901A804F048
S214034A100DF9022003B030BD204604F011F9FBF770
S214034A202EFC0199044605F10C0004F0E6F9204635
S214034A30FBF72BFCE8F752F80020EBE72DE9F041F3
S214034A40044625021F4605F4E065C4F3072324F451
S214034A507F441D4324F0C7048B79EE1944F0800489
S214034A6044EA162436020C33B6B23443CC50084616
S214034A7001EB03081146FFF7BDFF20B94544EF706D
S214034A804046BDE8F0814FF00008F9E7427810B5DC
S214034A900432044601F00400D2B2002140F029009B
S214034AA004F04AFB18B1837922680344DA6010BD28
S214034AB010B50021FFF7EAFF044608B9002010BD31
S214034AC00179FFF797FF0028F8D1A3790C33E01894
S214034AD0F5E72DE9F04117461A4603681C0204F46D
S214034AE0E064C3F307231C4301F0040141F02905E6
S214034AF0043406463B462146284604F087FB804698
S214034B0050B1E1B204F0D2F830683B462A4641463B
S214034B10BDE8F041FFF792BFBDE8F0812DE9F34110
S214034B2001F0040141F029050024076829460646DA
S214034B3010681460019004F083F8019804F0FBF801
S214034B40390201F4E061C7F307273943804601229F
S214034B50043101A804F06CFA30B101A804F066F839
S214034B60204602B0BDE8F0810199306843462A46E4
S214034B70FFF764FFF5E700207047A0F86E10704754
S214034B8001238B4090F87110194380F87110704719
S214034B9008B50120F9F73EF8C0B208BD83790C3397
S214034BA0184470471438704710B50446A1F1140032
S214034BB004F0C1F8201A20EAE07080B210BD70B588
S214034BC01C460D461646FFF7EFFFA04207D32246C4
S214034BD03146A5F1140004F0ECFA012070BD002064
S214034BE0FCE770B506460D4614467AB90A462046D3
S214034BF0082104F0A1FA044690B92A460821292080
S214034C0004F09AFA044658B9204670BD104604F0DC
S214034C100DF8204604F0C3F908231D44A371E5717B
S214034C20A3790C331C442670EEE72DE9F0411646B3
S214034C30069A074688461D46FFF7D3FF0446F0B19B
S214034C4014382A463146069004F0B3FA854217D93B
S214034C50069B1C7906A804F0200403F0E7FF74B94A
S214034C6042460821292004F067FA2A463146069070
S214034C7004F09FFA854206D906A803F0D7FF00245E
S214034C802046BDE8F081069A93790C33D418D7549E
S214034C90F6E711B11439EAF71FBC1A20704738B586
S214034CA0002204460D4602200321FFF79AFF014621
S214034CB008B1A0F801502046BDE83840FFF7E9BF29
S214034CC0F8B504460F4616460521069A01201D46EA
S214034CD0FFF787FF014638B14770468005712046C7
S214034CE0BDE8F840FFF7D5BFF8BD38B50D4603213C
S214034CF004460846FFF775FFA0F801500146204614
S214034D00BDE83840FFF7C5BF73B5054608466C894E
S214034D10089E1146641A1A46BDF81830A4B29C427F
S214034D2028BF1C46079B00932346FFF77EFF0146DA
S214034D3030B12846348002B0BDE87040FFF7A9BF03
S214034D401A2002B070BD10B50121044600221320BC
S214034D50FFF747FF014620B12046BDE81040FFF7A6
S214034D6098BF10BDF7B544890193054618460F460C
S214034D70164603F0E0FF053CA4B2844203DA011BA7
S214034D8001A804F07AF80521019804F018F9014601
S214034D9028B901A803F04AFF1A2003B0F0BD8379AF
S214034DA00C33C2181720C854A2F80170A2F8036087
S214034DB02846EAF791FBF0E710B5012104460022E6
S214034DC01920FFF70EFF014620B12046BDE810402C
S214034DD0FFF75FBF10BD73B54489033CA4B2A3427B
S214034DE00E464FF00001009105464FF0030128BF21
S214034DF023461B20FFF719FF014670B110F80F3C3E
S214034E00A0F80160012262F3071300F80F3C28465E
S214034E1002B0BDE87040FFF73CBF1A2002B070BD79
S214034E2073B54489033CA4B2A3420E464FF0000177
S214034E30009105464FF0030128BF23461D20FFF7C8
S214034E40F4FE014638B1A0F80160284602B0BDE87A
S214034E507040FFF71EBF1A2002B070BD4B88042BAC
S214034E6007D1836C08885B8998428CBF0020012099
S214034E7070470020704710B50446806920B10021B2
S214034E80EAF766FA0023A36110BD38B5A0224FF4F3
S214034E90A073C0E9072300250723044680F83130B2
S214034EA0C5818571103003F0C1FE04F1140003F0D0
S214034EB0BDFE2046FFF7DFFF40F20113E3857F23A5
S214034EC084F83230A56265622046BDE83840FEF7B6
S214034ED007BF07B501228DF807100DF1070104F08F
S214034EE068F903B05DF804FBF7B505464FF42850A0
S214034EF00C4600F082FD064600F017FBB0B3022C0A
S214034F0002D8002003B0F0BD00270DF105030DF114
S214034F10060231463846ADF8067000F04DFCBDF883
S214034F200620631E934206461EDC072C1AD9023C53
S214034F30ADF806400824BDF80630002BE1D0013357
S214034F40D9B22846FFF7C5FF21462846FFF7C1FF1B
S214034F50BDF806203146284604F02BF9BDF80600B6
S214034F600230CFE7ADF806700924E4E74FF0FF30D0
S214034F70C8E702292DE9F34104460D4617461846AD
S214034F8003D8002002B0BDE8F08100F036FD0646E7
S214034F9000F0CBFA0028F4D04FF000080DF105031B
S214034FA00DF1060231464046ADF8068000F004FCDB
S214034FB0BDF80630BDF82020934228BF13460646A8
S214034FC0AB429DF8050028BF2B46ADF80630C0B9A6
S214034FD0002BD7D001339AB29542D3D9D9B2204603
S214034FE0FFF777FF39462046FFF773FFBDF8062025
S214034FF03146204604F0DDF8BDF806000230C0B2A4
S214035000C0E74046BEE738B50446EAF713FB38B1B7
S214035010022905D820460022BDE83840EAF798BCA6
S214035020212038BD91F839305B0773B506460C4628
S21403503015462DD40846EAF79BFA6B1E042B16D8A2
S214035040032D14D0A379142B24D0A3697BB9009322
S214035050ADF804308DF80630E8F7D2F96946EAF77A
S214035060EDF818B91A25284602B070BDA061636A28
S214035070E57343F016036362E8F768F93046EAF728
S214035080BDFB05460028EED02046FFF7F4FEEAE710
S2140350900225E8E72125E6E7002337B580F87230D6
S2140350A040F6FF73A0F86E308368C160DA040446E6
S2140350B00D4610D443F48063A3606A4640F203218E
S2140350C02046CDE9004503F0E6FC00212046EAF73A
S2140350D03FF903B030BD90F87600EAF795FDA36874
S2140350E023F48053E8E773B56E4604464A793046A0
S2140350F00D460631E8F7CAF996E80300A4F85010FF
S214035100090C11F0800FE06484F8521004F1530385
S21403511012D0012205F112011846E8F7B7F90C354B
S2140351202846FFF7D6FA28B10122294604F15A0089
S214035130E8F7ACF902B070BDB4F8501094F85220FA
S214035140C4F8530099809A71E9E71FB590F8742064
S214035150019002F0010304468DF808300BB102F00B
S21403516002038DF80930204694F875308DF80A301E
S214035170039101F002FC01AA4FF40171204603F0EB
S2140351808AFC2046EAF770F904B010BD10B5044651
S214035190E8F736F92146BDE81040EAF74FB8EAF7D4
S2140351A0AFB8FFF7F5BC0A460021EBF7B9BC1322EC
S2140351B00121EBF7B5BC826838B5C2F380320446EA
S2140351C0B0F86E000D46EBF751FD20B9A3681DB18C
S2140351D043F40053A36038BD23F40053FAE78379FE
S2140351E01A0705D413F0100F0CBFFF2001207047D9
S2140351F0002070470020704710B5044660B1806CED
S21403520050B1EBF7E9F8A06C0028FAD12046032149
S214035210BDE81040EAF79CB810BD43898B4207B53A
S2140352200CD050F80C2BADF8063092F870208DF8A1
S214035230042040F2014101AA03F02DFC03B05DF8FF
S21403524004FB436943F0040343617047436923F057
S2140352500403436170474069C0F3800070470068E9
S21403526047F230530022F8F775BB006803F0B0BB73
S21403527038B543699B0704460D4603D540F20941FA
S214035280FFF7F3FFEAF746F908B1A3691D70204656
S21403529040F20941BDE83840FFF7E1BF07B5027C9D
S2140352A0012A09D00122027440F20942914206D033
S2140352B040F20A4291420ED003B05DF804FB50F868
S2140352C00C3B93F870308DF8043001AA4FF48161DB
S2140352D003F0E1FBF0E750F80C3B93F870308DF8E1
S2140352E0043001AAF4E738B522F000430D46114610
S2140352F040F20322934204461AD0B3F5017F09D243
S21403530040F20122934213D040F20222934209D084
S214035310002038BD6FF481621344012BF8D8FFF7E1
S214035320BDFFF5E700F022F92046FFF7C5F8EFE7E3
S21403533063699B0704D540F209412046FFF795FFB2
S2140353402846FFF759FFE3E708B5E9F7C3FF00B1BF
S214035350806C08BD08B500B10068E9F7C9FF08B955
S214035360034602E0836C002BF7D0184608BD10B541
S214035370044642F62A3000F040FB031B58425841CD
S21403538010BD022806D1088842F62A33C31A5842AB
S214035390584170470020704710B5044642F629303E
S2140353A000F02BFB031B5842584110BD90F8200019
S2140353B000F0010070471FB504466846EBF740F956
S2140353C01022694604F1210003F033F8B0FA80F0A6
S2140353D0400904B010BD08B5FFF7EDFFB0FA80F042
S2140353E0400908BD70B5044600F1210591B9284669
S2140353F0EBF726F9236893F97500FEF757FC78B1A7
S21403540020682B4690F97500BDE8704010220D21E8
S214035410FEF706BC10220021284603F034F8E9E71D
S21403542070BD38B590F820200446002341FA03F0F7
S214035430C50703D442FA03F0C0071ED40133082B72
S214035440F4D101F0010523682A4384F8202093F958
S2140354507500FEF72BFC40B12346012253F8200BC0
S2140354600C2190F97500FEF7DBFB0DB9002038BD63
S21403547000212046FFF7B6FFF8E71320F7E768B1E9
S2140354803F290AD800EBA10001F0030190F8310090
S2140354904900084100F0030070470020704710B52C
S2140354A00368044693F97500431C0DD0FEF7FEFB14
S2140354B050B12346102253F8310BBDE8104090F943
S2140354C075000B21FEF7ACBB10BD10B590F8743019
S2140354D0DB0706D490F97530013314BF0F2005207F
S2140354E010BD847CEBF77CFE844234BF0C20002086
S2140354F0F6E730B585B004466846EBF7A1F8102109
S214035500684603F098FE2046EBF772FAC2686B46CD
S214035510063204AD1C4603CCAC42106051602346F1
S21403552002F10802F6D105B030BD08B5EBF760FA14
S21403553008B1EBF731FAC0B208BD013810B580B236
S214035540EBF756FA044608B9002010BD408800F071
S2140355507FFB0028F8D0207BF7E708B5EBF748FA7F
S21403556018B1007AC31F5842584108BD70B50546A6
S214035570044655F8213B93F97500431C04D128468D
S214035580BDE87040EBF75CB8FEF790FB0028F6D05A
S2140355902346102253F8310B0B2190F97500FEF7C2
S2140355A06DFB2346012253F8200B0C2190F975005E
S2140355B0FEF764FB20682B4690F97500BDE8704043
S2140355C010220D21FEF75ABB01302DE9F04185B2BA
S2140355D028460E46EBF70CFA42F60217044642F646
S2140355E003089CB12046EBF7D7F978B1204600F0C4
S2140355F03EFBB84205D10EB123883380607BBDE8FD
S214035600F081204600F033FB404502D14FF0FF30D7
S214035610F5E70135ADB22846EBF7EAF90446E0E7CD
S2140356202DE9F04707460E4690460D4642F6021908
S21403563042F6030A0135ADB22846EBF7D9F904461C
S21403564078B1EBF7A9F960B1204600F010FB4845A6
S21403565005D1237A072B04D10320BDE8F0875045F4
S214035660E8D141463046FFF7AFFF431C014604D05E
S2140356703846BDE8F047FFF702BF0020EDE770B5F8
S214035680054608461646EBF7B3F9044608B9012063
S21403569070BDEBF781F90028F9D0F00713D4B107F2
S2140356A034D4720702D5A3885B0732D516F0060FEB
S2140356B031D116F40060EBD0A38813F4006F14BF47
S2140356C000200620E4E7A388DA0743D513F0700F1B
S2140356D00AD1980610D45806E1D52B6893F975308D
S2140356E00133DCD10820D3E72868FFF7EEFEA38852
S2140356F0990608D50028CBD12A6892F87420920719
S214035700E9D40520C4E70028C2D1E4E7A3889907B3
S214035710C7D40320BCE7A38813F4E06F09D1980528
S2140357200FD45B05C5D52B6893F975300133C0D10B
S214035730D8E72868FFF7C9FEA388990507D5002888
S214035740A6D12A6892F874209207EAD4D9E70028EB
S2140357509ED1E6E702209BE738B504460846EBF7FA
S21403576047F9054608B9012038BDEBF715F90028B7
S214035770F9D0AB8813F4E04F0CD1980412D413F489
S2140357808040F1D0236893F97500431C5842584172
S214035790C000E9E72068FFF798FEAB88990408D5B0
S2140357A00028E1D1226892F874209207E7D40520F6
S2140357B0DAE70028D8D1E2E72DE9F0474FF00009F1
S2140357C083F800900446A2F80090084688461646DA
S2140357D01D46EBF70DF9074620B901232B70002071
S2140357E0BDE8F08774B1EBF7D7F80028F5D040464C
S2140357F0FFF7D2FD30B1012385F8009004F12000B5
S2140358003380EDE72B46324639462046BDE8F0475F
S214035810EAF7A2BE2DE9FF41074608468846164624
S2140358200393EBF7E5F8044638B903A803F0FEF94B
S2140358300125284604B0BDE8F0811FB1EBF7ACF8AC
S2140358400028F2D0237A072B05D8DFE803F01726C3
S2140358502F381C17172126BB0398002835D132464C
S214035860257A022D62D0032D64D0012D3BD0002F64
S2140358707FD1002503A803F0D9F9DAE703A803F0DC
S214035880D5F90325D5E703A803F0D0F90625D0E715
S21403589003A803F0CBF98025CBE7E3685D88B54220
S2140358A009DA03A803F0C2F90725C2E7E3689A8872
S2140358B0B242F6D35D88039840B9024609E0022E49
S2140358C0EFDC039868B90246CAE7354603F033FAB5
S2140358D082B29319AB42C3DD03A803F0A7F90D25E3
S2140358E0A7E70225F2E7E068039906300023304471
S2140358F003F092F9002FBCD0237A032B39D103A8E7
S21403590003F094F900212046EBF72CF868B30588DA
S214035910617B3846FFF7B3FD01220346CDF80080CE
S21403592029463846FEF7D7FB002582E7E068B3181A
S2140359308380D9E7039B9A79D979891AC9B2481E15
S214035940012810D8134402291A7B04BF5B7B42EA62
S2140359500322237B32EA03038CD1617B012338467F
S214035960EAF7D0FDC6E70D2584E708F1FF35ADB2AB
S214035970CEE7039B00933A7F334641463846FEF70D
S21403598090FBD1E7884270B504460D46164611D8FB
S214035990012838BF01242046EBF72AF810B14388C4
S2140359A0B34208D00134A4B22046EBF705F808B199
S2140359B0A542F0D20024204670BD70B50C461646AC
S2140359C01D460146B8B1B3B1022C01D0102C12D13A
S2140359D0E0B2EAF743FF4FF6FF718842024602D170
S2140359E041F20A1070BD3046FFF7CCFF0028F7D00F
S2140359F028800020F6E72120F4E707B50023ADF85A
S214035A000400ADF8063001220DF10603022101A8B9
S214035A10FFF7D3FFBDF8060003B05DF804FBF8B547
S214035A20441C0F461646A4B22046EAF7E1FF10B917
S214035A30013CA0B2F8BD00F01AF90546304600F066
S214035A40F2F820B1284600F0EEF80028F0D13046F0
S214035A5000F0E2F820B1284600F0DEF80028E7D18F
S214035A600134A4B22046EAF7A7FF08B1BC42DBD94B
S214035A704FF6FF70DEE72DE9F04F87B00D460C8832
S214035A8081469A4602208B88ADF8103004A99046CA
S214035A90EAF7E4FEAB680090A888AF89059300F0A8
S214035AA0BBF838B1102F05D105A8EAF7BDFE0228CA
S214035AB008BF02274FF6FF7B33E0009A2046FFF726
S214035AC061FF064680B3AA886988FFF7A8FF0446E5
S214035AD03046FFF72AFD00B30DF10F030DF1120256
S214035AE031464846FFF768FE9DF80F302BB1A8F8FD
S214035AF00060184607B0BDE8F08FBDF81220BA4222
S214035B000BD1059901933A4602F093FC019B20B909
S214035B10A8F80060AAF80040EBE75C4504D001341F
S214035B20A4B26988A142C8D80A23E2E708B5EAF70F
S214035B305FFFBDE8084000F09AB838B5054608464A
S214035B40EAF756FF044610B94FF6FF7038BD0DB995
S214035B506088FBE7EAF720FF0028F9D1F4E770B581
S214035B60044642F60520FFF748FFB0B10021FFF7D1
S214035B702BFD054601462046FFF781FC102206460C
S214035B80002104F1310002F07EFC3246294620460D
S214035B900023BDE87040EAF7B5BC70BD7FB5044688
S214035BA00D4610220021684602F06DFC0026AB5716
S214035BB05A1C1BD031462046FFF761FC002B1946C2
S214035BC004AAB8BFD91C02EBA10100F00302584295
S214035BD000F0030003F0030358BF43425B0002FADE
S214035BE003F311F8102C134301F8103C0136402E32
S214035BF0DDD16B4604F1310504AE1A4603CAB24240
S214035C0028606960134605F10805F6D1204604B0FE
S214035C10BDE87040FFF743BCA0F5205001288CBFB9
S214035C2000200120704742F60303C31A5842584126
S214035C30704708B5030409D4EAF7DCFDA0F5205045
S214035C4080B201288CBF0020012008BD0020FCE79D
S214035C50020408B507D4EAF7CDFD42F60303C31AD8
S214035C605842584108BD0020FCE7C00B7047034666
S214035C704088B3F90230002B01DBEAF7BBBD0020F6
S214035C80704708B5FFF7F3FFA0F5205080B2012850
S214035C908CBF0020012008BD13B58B7901910B44FE
S214035CA004461B7B13F001000A460AD01D2B0AD1BB
S214035CB001211E20FEF795FF01462046FEF7E9FF69
S214035CC0012002B010BD01A802F0B0FFF8E710B53E
S214035CD004468069143002F0A9FFA069BDE81040AD
S214035CE0183002F0A3BF2DE9F04105460F461446CF
S214035CF01E46FFF7ECFF23463A4608210020D5F858
S214035D00188003F083FAAA69C8F81400536923B10C
S214035D10548116820020BDE8F0811A20FBE770B597
S214035D200446084603F007F8A1698A894D8986B2B6
S214035D3012B1521B96420CDA6389581E80B225B9FB
S214035D400A78082A04BF043B98B2831B584258417A
S214035D5070BD0020FCE730B504468DB054F80C0B3C
S214035D609DF8405090F870008DF8040042EA014216
S214035D70029219462A4603A8079502F09EFB01AA3B
S214035D8040F20241204602F086FE0DB030BD10B54B
S214035D9050F80C4B86B094F87040ADF80E10ADF882
S214035DA0102040F2064103AA01938DF80C40059398
S214035DB002F071FE10B901A802F038FF06B010BD5C
S214035DC037B504460D46FFF782FF204640F20941E9
S214035DD0FFF74BFAA369204600221A7050F80C3BD3
S214035DE0019593F870308DF800306A4640F207410B
S214035DF002F051FE03B030BD13B5019100210446F5
S214035E0001F098FB042200230DEB02012046FFF766
S214035E106AFF02B010BDF0B5044685B00F461E46B5
S214035E20154652B983691B78072B30D0082B14BF4D
S214035E3015460925002E18BF0D250A9802F07BFF8C
S214035E40A3699A894AB15B8981B2D21A914204DD69
S214035E5092B2891A0AA803F010F8204601AA50F84D
S214035E600C3BADF8067093F870308DF8043040F2B2
S214035E7005410A9B8DF80850ADF80A60039302F0BB
S214035E800AFE10B90AA802F0D1FE05B0F0BD0B2534
S214035E90D0E7B0F80AC0ACF1020C9C452DE9F041FE
S214035EA005460E4617461C4603DDBDE8F04101F0E5
S214035EB0ECBA83692246198100233946FFF713FF9C
S214035EC0044658B9AB6902460E333146284601F0FC
S214035ED0F7FA044610B12846FFF7F9FE2046BDE858
S214035EE0F0812DE9F0438FB0202A0546039117462B
S214035EF01C460BD941F2041421462846FFF760FFDF
S214035F0003A802F093FE0FB0BDE8F083002B46D142
S214035F100846A2F1060802F00EFF5FFA88F81FFA99
S214035F2080F94FF6FF764C4510D3AB69DA88B24258
S214035F3039D942F60203ADF81430711C02230093DC
S214035F4089B205AB284601F049FA25E023463A46CE
S214035F50039906A802F060FEAB69BDF818609A883C
S214035F60B242C7D8DA88B242C4D3BDF81A10BDF815
S214035F701C20B8F1000F09D0CDF800800DF11E03E8
S214035F8028463C44FFF7E7FEA4B2CCE79E8019817F
S214035F905A81284601F03BFA04460028B0D041F265
S214035FA00A139C42A8D10024A6E72DE9F04796B031
S214035FB01C46836901921B78062B064603D0102BDA
S214035FC060D001A81CE001291046039214BF4FF0CD
S214035FD010084FF00208002C4CD102F0ACFE08F17A
S214035FE0020987B24FF6FF75A7420ED8B369DA885F
S214035FF0AA4237D8002421463046FFF7E1FE03A81D
S21403600002F014FE16B0BDE8F08723464A4603990D
S21403601004A802F001FEB369BDF810509A88AA429C
S2140360202DD8DB88AB422AD39DF81330282BE1D03A
S214036030B24642465AF80C3B0DF1120193F8703003
S2140360408DF830300DA8ADF83250CDF844804C446E
S21403605002F033FA0CAA40F20441504602F01BFD4C
S214036060A4B2C1E7691C89B2304601F087F9044639
S2140360700028C4D041F20A139C42BBD0BBE741F2CE
S2140360800414B8E701291046049214BF1227042704
S21403609084BB02F050FE42F6021885B24FF6FF713B
S2140360A0A5420DD8B369DB888B4221D901314FF65F
S2140360B0FF7289B2304601F061F90446A0B119E0D7
S2140360C0049923463A460CA802F0A6FDBDF83220F2
S2140360D0BDF830109DF83330424507D1B26902232C
S2140360E00A323046FFF7D5FE04A889E7282B06D1E7
S2140360F041F20A1421463046FFF762FEF4E73C44B9
S214036100A4B2CDE7F0B587B0836903911B78022B61
S2140361100546144653D108460491002A47D102F097
S2140361200AFE4FF6FF7687B2A7420DD8A869C28843
S214036130B2422BD8002421462846FFF741FE04A886
S21403614002F074FD07B0F0BD04990422234605A8A7
S21403615002F062FDAA69BDF814109088BDF81660B7
S214036160814229D3D388994226D8864224D39E4295
S21403617022D85069927A837900920C3303443246CC
S21403618028460434FFF7E7FDA4B2CDE74369408908
S214036190019098790C300344711C009389B24FF434
S2140361A02053284601F0FEF804460028C7D041F2E3
S2140361B00A139C42BFD1BDE741F20414BBE703A810
S2140361C0BEE7F0B587B00546039117461C4653B99C
S2140361D0FFF7A5FD38B1039901232246284600F0B0
S2140361E084F807B0F0BDA9690B78082B05D8062BF1
S2140361F044D8032B0FD003A83DE00E2BFBD1039B03
S2140362000593002C6DD1002B6BD0098922462846B6
S214036210FFF7BDFD59E00398059018B3ECB98379F1
S2140362204A8909890C331026034400962846FFF74B
S21403623092FDAB699988DA88914217D242F6020337
S214036240ADF8103001310223009389B20DEB06033B
S214036250284601F0C3F8044660B141F20A139C4293
S21403626004D101E0002CF8D141F21F042146284650
S214036270FFF7A6FD05A802F0D9FCB2E70398059040
S2140362807CBB70B302F057FD0FB386B2B7421ED283
S214036290394605A802F02CFF38B905A802F0C6FC5B
S2140362A01A212846FFF78CFD9BE78379C218023331
S2140362B091898371AB69F61B5B890090002228469F
S2140362C0B6B2FFF7A8FDB742E2D92146E9E7AA69C5
S2140362D053891189059A009228460022FFF79BFDF1
S2140362E0F3E705A802F0A2FCEFE7F0B585B0064693
S2140362F003911F46144632BB084602F01CFD0546B2
S21403630008B3B1690B784A89082B0BD8062B0BD92F
S214036310039B09890093304613462246FFF77BFD0D
S214036320039401E00E2B19D0B1694B89EA1892B297
S214036330B2F5007F4A8117D82FB10989304601F09C
S21403634077F8044628B10022234611463046FFF765
S21403635038FF03A802F06AFC05B0F0BD039B098969
S2140363603046FFF714FDDBE741F20414EBE773B5A1
S214036370836901911B78082B044615460ED8062B15
S2140363800ED9019E20463146FFF7C9FC2A4603462E
S21403639031462046FFF7A9FF02B070BD0E2BF0D0A2
S2140363A001A802F043FCF7E730B587B08369039191
S2140363B01B78092B0546144611D105915AB900914D
S2140363C0134621460F22FFF726FD21462846FFF7F0
S2140363D0F7FC07B030BD05A802F028FCF5E703A8D4
S2140363E002F024FCF5E72DE9F04F9FB0876903918F
S2140363F03F78052F054616461C4604D8032F16D8A5
S21403640010D003A867E0082FFBD108461391002B92
S21403641000F0C28013A802F009FC21462846FFF7C5
S214036420CFFC01E0FFF75DFD1FB0BDE8F08F202A2B
S2140364300846049148D8002B40F0A880571F02F066
S2140364407AFCFFB21FFA80FA4FF6FF780DF11C0BA9
S214036450A24506D8AB69DA88424500F28780002455
S21403646034E02346324604990BA802F0D5FBAB6909
S214036470BDF82C809A88424526D8DA88424523D32D
S2140364805969F1B9A946BDF82F2059F80C1B9DF898
S2140364902E3091F870108DF84C10ADF84E200DF19B
S2140364A031013A4615A88DF85030199702F005F8D1
S2140364B013AA40F20341484602F0EDFA3444A4B26C
S2140364C0C6E75A89102A09D941F2041421462846F8
S2140364D0FFF776FC04A802F0A9FBA5E700235846BD
S2140364E002F09AFBAB690DF13101102FCDE9051BC4
S2140364F093F80A902BD1B9F1020F34D105A8EAF725
S21403650093F90228DAD14A46DDE9051001F091FF36
S2140365100028D3D12B46BDF82F1053F80C0B9DF84B
S2140365202E2090F870008DF84C00ADF84E108DF8C4
S214036530502059464A4615A80293CDF8649001F0B8
S214036540BCFF029B13AA40F203411846B4E7022F8E
S21403655009D1B9F1100F06D106A8EAF765F90228A2
S214036560ACD13A46D0E73A465846CFE742F603035D
S214036570ADF84C3008F101010223009389B213AB46
S214036580284600F02BFF04460028A3D041F20A1346
S2140365909C423FF464AF99E759B90021AA690023E6
S2140365A0938153811181139932462846FFF709FEDA
S2140365B03AE702F0C0FB16B180B28642EDD1139AD9
S2140365C09379D118023389899371E7E72DE9F0436C
S2140365D08FB01C46836903911B78012B054617462B
S2140365E05BD10846059102F0A6FB202F0BD941F29A
S2140365F0041421462846FFF7E3FB05A802F016FB22
S2140366000FB0BDE8F083002C42D1059802F093FB4F
S214036610A7F104081FFA88F81FFA80F94FF6FF76E9
S2140366205FFA88F8A14505D8AB69DA88B24220D864
S2140366300024DEE7059923463A4606A802F0ECFA5C
S214036640AB69BDF818109A88BDF81A609142CED38C
S214036650DB889942CBD89642C9D39E42C7D8CDF899
S214036660008007AB324628463C44FFF774FBA4B2CF
S214036670D8E74FF42053ADF81030711C0223009373
S21403668089B204AB284600F0E7FE04460028B4D0DF
S21403669041F20A139C42CBD0ABE703A8AEE783696B
S2140366A01B780A2B02D00F3B012B01D8FFF788BBC0
S2140366B07047F0B585B01746019383690A9E1A782A
S2140366C00A3A0446072A42D8DFE802F0044130417A
S2140366D0410441290198039002F02DFB85B203A8DB
S2140366E002F0A4FA26B131462046FFF785FB0FE0F9
S2140366F0A1697A194B8992B293420BD90A8201F1A6
S2140367000E032046098900F0DBFE01460028EBD184
S21403671005B0F0BD0121204600F00CFFF5E72EB9C9
S2140367201A8A0198BA420BD04FF48166019B0393F1
S21403673003A802F07BFA31462046FFF741FBE7E762
S214036740DA89596902F002FB0028EDD1EEE701A8C9
S21403675002F06CFADCE738B5826913780D2B044631
S2140367600D4612D00F2B01D00A2B12D1536933B129
S21403677099790B4402F11400DD6802F057FA2946B2
S2140367802046BDE83840FFF78ABFBDE83840FFF72C
S21403679017BB38BD07B5002300921B22FFF73BFB50
S2140367A003B05DF804FB07B58369598000920023A4
S2140367B01D22FFF730FB03B05DF804FB4B88052B67
S2140367C005D108880E288CBF0020012070470020C2
S2140367D07047F8B505460F46164604210A220020E0
S2140367E002F0AAFC0246B8B184790C3403190521D9
S2140367F000204FF0060CD870997002F804C01324DA
S2140368001C715F7102245870D8719C711E812846D2
S214036810BDE8F840E7F76EBCF8BD73B5054610460D
S21403682001920C4602F087FA042186B2019802F020
S214036830C6FB024628B901A802F0F8F91A2002B0EE
S21403684070BD837901900C33C1184C80C652214623
S2140368502846E7F74FFC0020F1E72DE9F04106460E
S2140368608846174604210A22002002F065FC0246E9
S214036870B8B185790C354319002405210620997093
S214036880DC70505501201871022098715C703046F8
S21403689083F80580DC711F81E7F72CFC2046BDE8F2
S2140368A0F0811A20FBE7002070470020704707B5E9
S2140368B001A8019202F0BAF903B05DF804FB704731
S2140368C0002070470F2070470F207047704710B5A1
S2140368D088B0E8F7FFFC044600284AD090F8720018
S2140368E0022848D1A36813F4407F2AD094F8732073
S2140368F0012A32D194F97500421C01D1D9052CD551
S21403690094F8743013F0010327D1CDE90133CDE9B0
S2140369100433CDE90633ADF80C30FDF7C7F9A368A9
S21403692088B9DA0519D5A06AE16A228E01AB03C3DA
S2140369301A80BDF8042004AB0DF106012046EAF7E1
S21403694065F908B010BDDB05EDD494F9750001AB0D
S2140369500A220221FDF792F9EBE7002345F217021C
S2140369601946204600F0B4F9B0FA80F0400940001A
S214036970E7E72120E5E70220E3E738B545F21B0207
S2140369800C460B460021054600F0A2F930B92CB19F
S21403699021462846BDE83840EAF7AEBC38BD00F0CD
S2140369A0FEB900F0C7BC00F0D0BC10B504464C30AE
S2140369B0FDF75DF984F875002046BDE8104000F049
S2140369C094BC10B50446FDF729F902280DD194F8B6
S2140369D0733094F97000012B14BF0521032184F84A
S2140369E03210BDE8104000F0C8BCA36843F400733F
S2140369F0A36010BD00F08EB938B503783E2B04466D
S214036A000D4604D18378052B02D0ED2B0FD038BD6D
S214036A10B0F80300E8F750FC20B1B4F80D10621D7F
S214036A2000F018FA2846BDE8384002F0FFB8B0F880
S214036A300300E8F741FC0028F4D0B4F80D1004F185
S214036A400F03621D00F009FAECE72DE9F04188B068
S214036A506B4614460D46024600F1100C1E4610689F
S214036A6051681F4603C7083262453B46F7D11021DB
S214036A70304602F0E0FB04AB224604F110079846CA
S214036A80106851681C4603C40832BA422346F7D13D
S214036A901021404602F0CFFB1020F7F781F8074697
S214036AA0F9F78FF9802241463846F9F794F90446F8
S214036AB010BB2B46324601213846F9F7F8F904464F
S214036AC0D0B91021284602F0B6FB1021304602F05A
S214036AD0C0FB3846F9F779F94046102102F0B9FBB6
S214036AE03046102102F0B5FB39461020F7F77AF846
S214036AF0204608B0BDE8F081214640F20740EAF799
S214036B0019FCE2E708B51046F7F7E0FA003818BFB5
S214036B10012008BD10B545F21A01044601F058FFDE
S214036B20204647F23053BDE81040002245F21A01D2
S214036B30F6F710BFF7B504460D4616461F46022065
S214036B40D7F746F92146CDE900672B468022D9F7C9
S214036B502FFD044620B1014640F20740EAF7EAFB60
S214036B60204603B0F0BD10B50A46044608210020AF
S214036B7002F0E2FA10B1837903441C7310BD38B5F2
S214036B8005460C460D201121FFF7EDFF024688B19E
S214036B908379034421460D3304F1100051F8044B66
S214036BA043F8044B8142F9D128460621BDE8384014
S214036BB0FFF733BE38BD38B505460C460420112111
S214036BC0FFF7D1FF024688B18379034421460D338C
S214036BD004F1100051F8044B43F8044B8142F9D1F9
S214036BE028460621BDE83840FFF717BE38BD38B53E
S214036BF005460C4603201121FFF7B5FF024688B170
S214036C008379034421460D3304F1100051F8044BF5
S214036C1043F8044B8142F9D128460621BDE83840A3
S214036C20FFF7FBBD38BD37B50022054608211046E1
S214036C3002F082FA0446C0B10C2301220DF10701CB
S214036C408DF8073002F0B5FA296C2022543120461D
S214036C5002F0AFFA296C20227431204602F0A9FA1A
S214036C60224606212846FFF7D8FD03B030BD08B5F7
S214036C70D0B2E8F72FFB28B190F8773003F07F0304
S214036C8080F87730012008BD70B50546EAF796FC14
S214036C900C4606460A46284645F20101B0472B6CC9
S214036CA003B11C603246284623464FF4A041BDE894
S214036CB07040184770B51546044638B1EAF77EFCAF
S214036CC02A4603462046BDE870401847022070BD9A
S214036CD0114608B51A4621F00041FFF7EBFFB0FA5C
S214036CE080F0400908BD08B50B4601461846F7F77D
S214036CF0EDF9003818BF012008BD10B5044600683A
S214036D0038B11A2102F0A5FA2068F7F75BF90023D9
S214036D10236010BD10B50446EAF796FB04F1340071
S214036D20FFF7EBFFA3685A0606D523F04003A360DC
S214036D3000212046E7F7ACF9206C38B1042102F0B5
S214036D4088FA206CF7F73EF90023236410BDFF286A
S214036D5038B50C4615460BD00B461022062140B21A
S214036D60FCF78CFF102815D1002005B1286038BD2C
S214036D700A4637201021E5F797FF0028F4D01021A4
S214036D802046FFF7B0FF38B9224610213720E5F733
S214036D906DFFEAE72120E8E740F20740E5E730B574
S214036DA08DB00D46002208A9FFF7D1FF044648BB65
S214036DB001460D220DF1030001F065FBB5F8032033
S214036DC06B79ADF8002004A908AA68468DF802304E
S214036DD0FFF73BFE40F20343BDF810202A8000284D
S214036DE018BF1C469DF81230AB701021684602F09F
S214036DF030FA10210DEB010002F02BFA102108A83F
S214036E0002F027FA20460DB030BD38B50446C51C3F
S214036E1003212846FFF767FFC8B9E27863797AB992
S214036E2022791A43F4D003F07F0343F040036371DF
S214036E305323A3712146FF20BDE83840FFF7AFBFB9
S214036E40FF2AF0D122791A40FF2AE1D0EBE740F27D
S214036E50074038BD0021E7F71BB9F8B51D46836820
S214036E605B0604460F4616462DD41A2002F02DFA6A
S214036E700146606320B92046BDE8F840E7F708B945
S214036E80034605F1100123F8027B3268C0F802209E
S214036E9072685A60636B2A460A3352F8040B43F847
S214036EA0040B8A42F9D11021284602F0D2F9A368CE
S214036EB043F0400213F4407FA26004D02046BDE8AE
S214036EC0F840EAF71DBCF8BD2DE9F0419CB0154625
S214036ED0239F08AA1C4606460B4601F1200E904641
S214036EE0186859689446ACE803000833734562464D
S214036EF0F6D12021404602F09EF910AB2A4605F152
S214036F00200E9C46106851681D4603C5083272451C
S214036F102B46F7D16046202102F08DF9229B18AA52
S214036F2003F1100E944618685968154603C50833CE
S214036F3073452A46F7D16046102102F07CF904AA6D
S214036F40234604F1100C154618685968144603C402
S214036F50083363452246F7D11021284602F06BF921
S214036F606B46502241462846FFF7E4FD10210446AF
S214036F70284602F06EF95021404602F06AF934B111
S214036F8008213046EAF780FC1CB0BDE8F081039B7D
S214036F903B603846042102F04EF96846102102F0A1
S214036FA058F9224645F214013046FFF783FEEBE715
S214036FB02DE9F04796B0DDE922971D46DDF890806F
S214036FC005AB06460C4602F1100A9E461068516849
S214036FD09C46ACE80300083252456346F6D1704639
S214036FE0102102F028F909AA2B4605F1100E944643
S214036FF018685968154603C5083373452A46F7D1FA
S2140370006046102102F017F91E9B0DAA03F1100E1D
S214037010944618685968154603C5083373452A46C7
S214037020F7D16046102102F006F99DF87C308DF802
S21403703044309DF880308DF845309DF884308DF8C7
S214037040463099F80630D9F80000129083F008030A
S214037050C3F3C0038DF847300621B9F80430ADF802
S2140370604C3012A802F0E7F8BB7983F00803C3F3A9
S214037070C0038DF84E303B68CDF84F300621BB88F1
S214037080ADF853300DF14F0002F0D5F801AA2346B0
S21403709004F11007154618685968144603C40833E4
S2140370A0BB422246F7D11021284602F0C4F84346D5
S2140370B0412205A92846FFF73DFD10210446284630
S2140370C002F0C7F8412105A802F0C3F834B108213D
S2140370D03046EAF7D9FB16B0BDE8F08740461021E4
S2140370E002F0A9F8224645F213013046FFF7E2FD07
S2140370F0F1E72DE9F0411D46069B90F873800446A0
S2140371000F46164653B110211046FFF7ECFD28B183
S21403711020460821BDE8F041EAF7B6BB236C013EE2
S214037120DA1C681E133312F8011F16F801CF9A42B1
S21403713081EA0C0100F8011FF5D13A462946284694
S214037140FFF783FC0028E3D1B8F1020F0CBF00233E
S21403715006232B4404F1590204F15F0012F8016F71
S2140371601978904281EA060103F8011BF6D1B8F1BB
S214037170020F14BF002306232B4404F1520204F12A
S214037180580012F8016F1978904281EA060103F855
S214037190011BF6D13A4629462846FFF756FC024617
S2140371A00028B5D1204645F21001BDE8F041FFF7AF
S2140371B081BD2DE9F04196B015461D9F05AA1C46D4
S2140371C006460B4601F1200E904618685968944609
S2140371D0ACE80300083373456246F6D120214046E7
S2140371E002F029F80DAB2A4605F1200E9C461068DE
S2140371F051681D4603C5083272452B46F7D1202138
S214037200604602F018F8AEB3336C93F87931013B5D
S214037210022B2FD89DF8703043F0800301AA8DF817
S214037220543004F1100C2346154618685968144662
S21403723003C4083363452246F7D11021284601F0DC
S214037240FAFF3B46412241462846FFF773FC1021CE
S2140372500446284601F0FDFF4121404601F0F9FFB0
S21403726054B11EB108213046EAF70EFB204616B08D
S214037270BDE8F0810023D1E71021384601F0DBFF9B
S214037280002EF3D0224645F211013046FFF712FDD9
S214037290ECE7ECF7C3B8B1F5A04F70B504460D465E
S2140372A016460AD045F20603994216D032462946B8
S2140372B02046BDE87040EBF719B9836843F08003B6
S2140372C0836090F87330012B03D1BDE87040EAF772
S2140372D02BBFBDE87040EBF75BB993791344597C39
S2140372E041F49051EAF708F8E0E710B50023036489
S2140372F0044690F97500431C13D0E5F7C3FF082234
S21403730004F1100394F975001146FCF7B7FC94F9E1
S2140373101330012B07D194F8743043F0020384F83A
S2140373207430002010BD022BFBD194F8743043F068
S2140373300A03F4E74B88062B05D1088841288CBF3F
S2140373400020012070470020704707B58B79019114
S2140373500B440A46197C4B1E0D2B04D801F5A0419D
S2140373600131FFF7A7FC01A801F060FC03B05DF84C
S21403737004FB7047002070477047704770B504469B
S2140373800E461546052100220420FDF72AFC014679
S21403739018B1A0F80160A0F803502046BDE870407D
S2140373A0FDF777BCF7B51D46002300930446BDF8EA
S2140373B024300F4616460721089A0620FDF735FCAB
S2140373C0014628B1A0F80170A0F80360A0F80550A4
S2140373D0204603B0BDE8F040FDF75BBC73B5154629
S2140373E01A460023009304469DF818300E460820DC
S2140373F00521FDF71AFC014618B1A0F80160A0F8B4
S2140374000350204602B0BDE87040FDF742BC38B5D5
S214037410002204460D460A200321FDF7E2FB01463F
S21403742008B1A0F801502046BDE83840FDF731BC4E
S21403743070B504460E461546052100220C20FDF7BE
S214037440D0FB014618B1A0F80160A0F8035020460F
S214037450BDE87040FDF71DBC73B515461A460023FC
S214037460009304469DF818300E4610200521FDF7BC
S214037470DCFB014618B1A0F80160A0F803502046D3
S21403748002B0BDE87040FDF704BC73B54489033C05
S214037490A4B2A3420E464FF00001009105464FF0FA
S2140374A0030128BF23461220FDF7BFFB014608B1A0
S2140374B0A0F80160284602B0BDE87040FDF7E9BBBE
S2140374C02DE9F34198468369054658690F461646E3
S2140374D001F031FC6C89053CA4B280B2844228BF1B
S2140374E00446A8692146143001F002FE009048B114
S2140374F005220821002001F01FFE019030B96846DE
S21403750001F094FB1A2002B0BDE8F081009901A8AF
S21403751001F073FC019A93790C33D1181620D054DA
S214037520A8F800402846A1F80170A1F80360FDF70B
S214037530B0FBE8E738B5002204460D4618200221C2
S214037540FDF74FFB014600B145702046BDE83840C5
S214037550FDF79FBB70B5857904460C35461901F0D7
S214037560EAFB625D431E013A9BB21C2A10D8DFE891
S21403757002F0110F160F180F290F2F0F400F400F91
S214037580400F330F250F0F0F390F250F3E0F3E0009
S214037590002070BD042B14BF01200320F9E7022B43
S2140375A0F9E743B37278022A0AD0012A23D10222CA
S2140375B0013B0232B3FBF2F102FB1133002BEAE785
S2140375C01022F5E713F0030F14BF01200320E0E7B2
S2140375D08BB17278013BEDE76BB17278032A0AD957
S2140375E0013BE7E7042B34BF01200320D1E7022B3E
S2140375F0F9E70320CDE70120CBE702464FF0FF3043
S214037600EDF7DCBF07B5042201910DEB0201F9F794
S2140376102FF803B05DF804FB38B50446251DDAF7EA
S21403762069FE00212846FFF7EDFF012104F108005B
S214037630FFF7E8FF08212846FFF7DFFF014620464D
S214037640FFF7E0FF002038BDC0F30A030833B3F5A5
S214037650006F06D280884FF6FF73C31A584258410C
S214037660704701207047F8B50D4617461E46EDF7DE
S2140376704BFD044638B905B12870002340F21C4080
S2140376803B703460F8BD15B1C3881B0A2B70A37911
S21403769000200834F4E708B5084680B24FF6FF71B9
S2140376A0EDF766FD002008BD0220704700207047F6
S2140376B0012070470020704700207047704737B599
S2140376C0044601A80D46F3F729FB01A8FFF7F6FFCA
S2140376D001A920468DF80650EEF70AF803B030BD30
S2140376E008461146EEF7E8B87047431E012B03D948
S2140376F0031F58425841704701207047EFF722B9DD
S2140377004FF4A472002100F0BEBE013001D1F0F7A1
S2140377102BB90120704710B50021044600F083F80A
S2140377202046BDE81040F3F73BBAF2F787BEF2F700
S2140377308BBEF8B505460E46EEF780F8D5F88C30C6
S2140377407BB15B696BB1F0F7C9F9D5F88C305B692F
S2140377501B1A584240F26B124FF042015841EEF7A3
S21403776063FAF76800224FF6FF734FF0240CD0B28B
S214037770B84208D31C4621462846EEF7EFF9EFF742
S2140377802FF92046F8BDB1680CFB0011CC899C424A
S21403779002D2002CEFD023460132E8E7EEF7DEB93B
S2140377A0008B70470A7838B505461046FFF79DFFED
S2140377B060B14C782046FFF798FF38B12243530751
S2140377C004D42846BDE83840F2F75EBE012038BD33
S2140377D0FFF7E8BF10B504460878FFF786FF58B1F1
S2140377E04A781046FFF781FF30B1042A04D02046BA
S2140377F0BDE81040F2F780BE012010BDFFF7EABFD8
S214037800F2F7A4BBF2F71CBD70B504460D46164648
S214037810EEF7A4F930B9324629462046BDE8704053
S214037820F1F72ABB70BDF3F773BC70B516460C466A
S214037830F8F71EFD314605462046F0F71BFF0446C3
S2140378402846F8F719FD204670BD38B504460D46A0
S214037850F3F70AFBEFF780F8D4F8A0302BB92946E4
S2140378602046BDE8384000F09FBB022038BD38B53F
S214037870044648880D46EFF76FF8D4F8A0302BB9C6
S21403788029462046BDE83840F2F76CBE022038BDD4
S214037890EFF770B800F0BCBBEFF738BC38B5054659
S2140378A00C46F8F7E5FC2B6B1C40EB6A2343EB62B4
S2140378B0F8F7E2FC211E18BF01210020490238BD5B
S2140378C0F3F73CB9F2F74CBC00F0D9BB00F0F8BBB9
S2140378D008461146EEF75ABFF2F764BF00F0ACBB9A
S2140378E038B50446154609B100F008FC25B1204614
S2140378F0BDE83840F3F750B838BD0846EFF784BF05
S21403790010B5044600F08BF820B92046BDE81040B9
S214037910EEF768BA10BD00F0CAB9EFF7CDBE2DE991
S214037920FF41984604460E461746F8F7A8FC054658
S2140379302046FFF7E5FF0A9B02930023CDE9008369
S2140379403A4631462046EEF79BFA04462846F8F7B1
S2140379509CFC204604B0BDE8F08138B50446F8F731
S2140379608EFC05462046FFF7CBFF2046EEF766FA69
S21403797004462846F8F789FCB4FA84F0400938BD73
S21403798038B50446F8F77BFC05462046FFF7B8FFF4
S214037990204600F053F804462846F8F776FC2046BF
S2140379A038BD38B50446F8F76AFC05462046FFF7A7
S2140379B0A7FF204600F048F804462846F8F765FC7B
S2140379C0204638BD70B504460E46F8F758FC054603
S2140379D02046FFF795FF31462046EEF79FFA04460A
S2140379E02846F8F752FC204670BD07B513468DF8B7
S2140379F00710002219460DF1070000F0D9F803B06E
S214037A005DF804FB084611461A4600F0D1B801207B
S214037A1070470120704700F02DBC00207047EEF73A
S214037A2019B910B5F8F72BFC044600F015F8EEF775
S214037A3037F92046BDE81040F8F727BC08B50246DC
S214037A40EEF708F9507D08BD08B50246EEF702F9D1
S214037A50507D80F0010008BD00F029B9F2F776BC2E
S214037A6000F082BA437C03B108470220704710B582
S214037A70044600F0C6FB20460321BDE81040F2F79B
S214037A80BFBAFFF7F4BF437C0BB1F3F75FBC02202A
S214037A907047437C0BB100F0B2BB0220704738B589
S214037AA0447C0D46BCB1053C012C8CBF002401244C
S214037AB04968224600F0AEFB286890FAA0F0000A58
S214037AC0F0F74CF9A97A2889224681F00101F3F7E9
S214037AD061FC002038BD0220FCE71FB5CDE900128B
S214037AE0ADF8083069469DF818308DF80A30FFF770
S214037AF0D6FF05B05DF804FB0020704700207047F2
S214037B002DE9F74F1C469DF830300193036803F0C8
S214037B100703063301259D400646174605F1FF3841
S214037B200B46A1B1416804EA080BA5EB0B0A41F02A
S214037B300059524509EB0B0114D95246184600F07A
S214037B40BCFC7A1B5A444946504400F0B6FC019BE1
S214037B502BB13C4448EA050804EA0804F46003B081
S214037B60BDE8F08F1846F0E737B5002500951446B4
S214037B70FFF7C6FF204603B030BD026802F00702D7
S214037B80063201239340026AC2F30C028A4210B5FE
S214037B9084BF4468C26803F1FF3388BF89189BB269
S214037BA085BF44F0005019404FF0FF30405C10BDD5
S214037BB070B50E461546044608B9002070BD007819
S214037BC0EEF720FF58B11EB12078EEF7C5FF3070F0
S214037BD01DB1207800F032F828700120EEE72378F4
S214037BE00E2BEAD10EB1FF233370002DF5D0FF2301
S214037BF02B70F2E738B50D6804462846EEF77EFE8E
S214037C00D4F8903043B15B6933B1013504BF6FF0EC
S214037C1001020A600A681A60002038BD38B50D46AE
S214037C200446EFF75BFFAC4042F2107364095C4313
S214037C306423B0FBF3F0B4FBF0F038BD022807D0A2
S214037C40062807D0003818BF01204042C0B270474C
S214037C50012070470020704730B51F23B0FBF3F3B5
S214037C605D1CEDB24FF0FF34C3EB4313AC40C01AB8
S214037C70E4430130E4B2C0B21460086030BD70B5AE
S214037C8005460E46C0B201F00F01FFF7C7FFC6F365
S214037C9003110446C5F30720FFF7C0FFC6F303210D
S214037CA00444C5F30740FFF7B9FF204470BD08B589
S214037CB0EFF790FCBDE80840EFF7CABC10B50446E2
S214037CC0EFF788FC844288BF01F1FF31204601F0BC
S214037CD00301BDE81040EFF7BBBC38B50446FFF719
S214037CE0E6FF0546FFF7E3FF431BA342FAD338BD7F
S214037CF00020704700F03003202B10B513D110F48A
S214037D00E02FC0F302440AD010F4C01FC0F3C4230C
S214037D10B3FBF4F418BF6400052C0ED86408EFF721
S214037D2091FF604310BDC0F382136FF012041C4131
S214037D3004F00104C4F10204F1E70424EFE700EBC6
S214037D408023C0EB831353FA81F303EB8322C3EB45
S214037D508213C1F30722134403EB8322C3EB82137C
S214037D60C1F30742134403EB8322C3EB821303EBF3
S214037D701160704738B50D46144604B938BD55F83A
S214037D80041BFFF7DCFF013CF7E72DE9F0470C4641
S214037D9069B1CB1CB3F5002F09D24FF0000841F6AA
S214037DA0F87654F828104B1C4FEA880901D1BDE831
S214037DB0F087FFF7C4FFC1F30263012B08F1010745
S214037DC0C1F30745844614D18BB2F31AB5EB930F70
S214037DD04FEA930A0DD909F1040152462144FFF7ED
S214037DE0C9FF08F10208013D844608EB0A07A5EB24
S214037DF00A052A4604EB87016046FFF7BBFF07EB3D
S214037E000508CEE7F8B50446002850D000F11F0356
S214037E10B3F5002F05464AD2EFF7ECFF217FA28B7E
S214037E2000EB8023C0EB83130B4403EB8321C3EBEC
S214037E30811303EB122304F1180618462968FFF78B
S214037E407EFF2A7803469AB9696861B1CA1CB2F5FF
S214037E50002F08D26A7852000132FFF78BFF0346E1
S214037E600835B542E9D1A069C31A58425841F8BD4E
S214037E70012AF8D168680028F5D0421CB2F5002F15
S214037E80F1D2E978AA78891A01310029E8D030F8C6
S214037E90027B03EB8322C3EB821353FA87F303EBD2
S214037EA08322C3EB821303EB17230139EDE700208C
S214037EB0DDE710B5044651B10B6843B15B6833B1D7
S214037EC01A68032A03D99C6A640E204610BDF8F785
S214037ED0CFF901462046F0F7FFF804460846F8F7C0
S214037EE0CBF9F2E738B14FF47A735843A0F6AC50A7
S214037EF0401AF0F737BA4CF25030FAE7F1F7A8BA5F
S214037F00F1F7A6BAF1F7A4BAF1F7A2BAF1F7A0BA55
S214037F107047436B03F06003402B0DD0602B03D0F8
S214037F20203B58425841704749B10B68012B06D98C
S214037F30486940F00100704740F201107047002086
S214037F407047034670B10268022A0BD9426A12F4DC
S214037F507F4FC2F3072006D01B6AD2B25A43B2FB46
S214037F60F0F07047002070470220EFF71DBBD0F8F3
S214037F7094304BB11A68022A06D993F8250028B123
S214037F801B6AB3FBF0F07047FFF7CFBB704708B52B
S214037F900146D0F89400FFF7D4FF20B9BDE80840A7
S214037FA00846FFF7C4BB08BD10B590F8D0300E2BBB
S214037FB004462BD00175D0F8900020B3D4F8A03037
S214037FC04BB994F8D9308B420BD320460022BDE838
S214037FD01040F2F721BBB4F92420B0F912309A42CC
S214037FE0F3DD94F8D91000222046F2F715FB60B9AA
S214037FF0C4F890002046FFF7D3FB01462046BDE8B1
S2140380001040EDF7ABBDFF23637510BD0220FCE700
S2140380100346D0F8D0000860B3F8D4308B80002035
S214038020704790F8D0300E2B14BF407DFF2070476A
S2140380304FF48071F1F76ABE70B50D460646F2F747
S21403804009FA0446707C0538012821468CBF0020B7
S2140380500120F0F7D5FA02460220A87174B1B2F5F2
S214038060803F0BD863094FF2244101FB02302B6893
S2140380702409B0FBF4F01B1A2B60002070BD3F2BC5
S214038080084610B5114619D9B3FA83F3C3F119029A
S214038090D2B2062A01D8192B0ED0062A28BF0622EA
S2140380A0931DDBB201249C40A4B2A14228BF214603
S2140380B0EEF784F9204610BD0022F1E70024F9E725
S2140380C013883F2B10B5084616D9B3FA83F3C3F1CA
S2140380D01901C9B2062901D8192B0BD0062928BFC6
S2140380E006218C1DE4B20123A3401380EEF784F926
S2140380F0002010BD0021F4E70120FAE7F1F710BED7
S21403810010B5084614460121EFF7F6FC2046012178
S214038110BDE81040EFF7F0BCF8B504460E46174628
S214038120F8F7A6F83A4605463146204600F0ACF87E
S21403813004462846F8F7A0F82046F8BD0220704704
S21403814003207047EFF728BA10B5F2F79DFE0446F2
S21403815008B9F0F783FE204610BD38B504461D4621
S214038160F2F792FE28B929462046BDE83840F0F7D4
S21403817045BF38BD38B50446817515464AB100F08B
S2140381807EF808B9002016E0237C43F080032374AE
S214038190F8E70846EEF7C0FFFF28A07508D020468C
S2140381A000F06DF80028EDD0237C65F3C713EEE7E7
S2140381B0EFF708F8012038BD70478021F1F7A6BD18
S2140381C038B50546F1F736FF04462846F1F710FFA3
S2140381D0072811D1D5F89030DB6924F47F4121F0CC
S2140381E0080103B15B7841EA032141F020012846E8
S2140381F0BDE83840F1F724BF24F02001F7E7032059
S214038200704710B50446F3F78BF82046BDE81040D8
S214038210F3F742B8D0F8E0308B4270B504460D460B
S214038220164603D190F8DC30202B1AD0EA071FD568
S214038230002E14BFAA23552393FAA3F31B0B03F4B0
S214038240702395FAA5F243EA12432364202384F8A5
S214038250DC300023C4F8E050C4F8E4302046F2F7DC
S21403826083FA324629462046BDE87040F2F7DCBF63
S214038270AA23E1E701207047002000217047402130
S214038280F1F744BD00207047F7B505460F4668462C
S2140382901146F3F7C9F8064698B197B1DDE9003100
S2140382A01B0A43EA0163A5FB0343090A05FB0135E1
S2140382B0EFF714FC0023024629462046F4F708F994
S2140382C03860304603B0F0BD00228A4202D14FF038
S2140382D0FF30704750F8223093FAA3F30BB90132FC
S2140382E0F3E7B3FA83F000EB4210704770B5A1FBD7
S2140382F002543CB92946F4F7AFFA064628B90026D5
S214038300304670BD0C220260F9E72A46214600F08B
S214038310BAF8F5E72DE9F041804615460C4621B933
S214038320BDE8F0411146F4F797BA2AB9F4F714FDFD
S21403833000242046BDE8F08100F0D5F885420646C5
S21403834002D8B5EB500FF4D829464046F4F784FA22
S21403835007460028ECD0B5422A46214628BF3246B7
S21403836000F0ABF821464046F4F7F6FC3C46E0E75F
S2140383702DE9F8430746884614460026D4E90195B6
S214038380B9F1010905D52468002CF7D13046BDE8BC
S214038390F883AB89012B07D9B5F90E30013303D027
S2140383A029463846C04706436835E9E710B50C4604
S2140383B0B1F90E10F4F778FC0028ABBF636DA38900
S2140383C01B1823F48053ACBF6365A38110BD2DE94E
S2140383D0F0411F468B89DB0505460C46164605D538
S2140383E0B1F90E1002230022F4F74CFCA389B4F96A
S2140383F00E1023F48053A38132463B462846BDE83D
S214038400F041F4F773BC10B50C46B1F90E10F4F74F
S21403841039FC431CA38915BF606523F4805343F4DA
S2140384208053A38118BFA38110BDB1F90E10F4F7D2
S21403843019BC10B501390244904201D1002005E071
S214038440037811F8014FA34201D0181B10BD013069
S214038450F2E7884210B501EB020402D984422346B0
S21403846007D8431EA14208D011F8012B03F8012FA9
S214038470F8E7024401468A4200D110BD13F8014DC5
S21403848002F8014DF7E702440346934200D17047D2
S21403849003F8011BF9E710B50246147813460132B8
S2140384A0002CFAD1013B11F8012B03F8012F002A07
S2140384B0F9D110BD7047704770470A44914200F1E6
S2140384C0FF3300D1704710B511F8014B03F8014F85
S2140384D09142F9D110BD034613F8012B002AFBD1B4
S2140384E0181A0138704751F8043C181F002BBCBFFC
S2140384F00B58C01870472DE9F0478E681F46BE42DA
S2140385000B6882460C4690462DD8B1F90C2012F41F
S214038510906F26D06569096905EB4505A3EB01094C
S21403852005EBD5757B1C4B446D109D4238BF1D462D
S214038530530527D52946F4F78FF9064660B3216914
S2140385404A46FFF7BAFFA38923F4906343F08003F8
S214038550A381266165614E44A5EB09052660A560E7
S2140385603E46BE4200D93E46206832464146FFF7A5
S21403857070FFA3689B1BA36023683344236000201B
S214038580BDE8F0872A46FFF7C5FE06460028E0D179
S21403859021695046F4F7E0FB0C23CAF80030A389A0
S2140385A043F04003A3814FF0FF30E9E79368013BB4
S2140385B0002B10B4936008DA9469A34201DB0A29FE
S2140385C003D15DF8044B00F095B91368581C10608E
S2140385D0197008465DF8044B7047F8B506460F4613
S2140385E01446D518AC4201D1002007E014F8011B4D
S2140385F03A463046FFF7DAFF431CF3D1F8BD2DE9C0
S214038600F047164698468A680B69DDF82090934231
S214038610B8BF1346336091F8432007460C460AB1A9
S214038620013333602368990642BF336802333360ED
S214038630256815F0060506D104F1190AE3683268C1
S2140386409B1AAB4226DC94F843302268003B18BFE3
S214038650012392062BD404F1430241463846C84709
S21403866001301ED02368226903F00603042B02BFE1
S214038670E5683368ED1AA3680CBF25EAE57500259F
S2140386809342C4BF9B1AED1800261A34B5421AD17A
S214038690002008E00123524641463846C8470130C9
S2140386A003D14FF0FF30BDE8F0870135C6E7E11888
S2140386B05A1C302081F84300224494F8451082F86F
S2140386C043100233C7E70123224641463846C847CC
S2140386D00130E6D00136D9E7B1F90C202DE9F04197
S2140386E0170705460C4656D44B68002B02DC0B6C6A
S2140386F0002B3DDDE66A002E3AD0002312F48052AA
S2140387002F68216A2B6025D0626DA389580705D58B
S2140387106368D21A636B0BB1236CD21A216AE66ABA
S21403872000232846B047411C24D0002363602369F6
S2140387302360A389DA0400D56065616B2F60B9B145
S21403874004F14403994202D02846F4F705FB0023BC
S21403875063630DE001232846B047461C0246D4D186
S2140387602B68002BD1D01D2B01D0162B2BD12F60BD
S21403877000202FE02A68B4F90C3042B11D2A01D03C
S214038780162A22D10023636023692360D5E762603B
S21403879022692260CEE70F69002FE9D093070E689F
S2140387A008BF4B690F6018BF0023A6EB07088B6052
S2140387B0B8F1000FDCDD216AA66A43463A4628462E
S2140387C0B047002808DCB4F90C3043F04003A3811B
S2140387D04FF0FF30BDE8F0810744A8EB0008E7E759
S2140387E038B50B6905460C4613B90025284638BD2F
S2140387F018B1036A0BB9F4F73FF9B4F90C30002B40
S214038800F3D0626ED00704D4990502D4A06DFFF7A7
S21403881052FE28462146FFF75FFF636EDA070546DA
S214038820E4D4A3899B05E1D4A06DFFF745FEDDE7FD
S21403883070B50C46B1F90E10002996B015461E46C3
S2140388400DDAA38913F0800F4FF0000114BF402305
S2140388504FF48063002031602B6016B070BD6A460B
S214038860F4F75AFE0028ECDB019901F47041A1F5F8
S2140388700053594259414FF48063EBE78B89F7B5B0
S2140388809D0706460C4607D504F14703236023617C
S2140388900123636103B0F0BD01AB6A46FFF7C8FF6F
S2140388A0009F054639463046F3F7D6FF48B9B4F974
S2140388B00C309A05EED423F0030343F00203A3819E
S2140388C0E2E7A389206043F08003A381019BC4E908
S2140388D004075BB1B4F90E103046F4F72FFE28B147
S2140388E0A38923F0030343F00103A381A3891D4354
S2140388F0A581CFE7F8B50E461446054618B1036AB8
S2140389000BB9F4F7B9F8A369A360A3891A0701D5CD
S214038910236943B921462846F4F7A8FD18B14FF05A
S214038920FF373846F8BD23682269981A6369F6B29A
S2140389308342374605DC21462846FFF751FF0028C9
S214038940EDD1A368013BA36023685A1C22601E7006
S2140389506269431C9A4204D0A389DB07E1D50A2E39
S214038960DFD121462846FFF73BFF0028D9D0D6E7BC
S214038970430803F05533C01A00F03333800800F081
S2140389803330184400EB10104FF0013300F00F3073
S2140389905843000E704710B5044678B1036A416920
S2140389A06BB180689847207E00231028636163605C
S2140389B004D82146F5F716F91123237610BD0029AE
S2140389C0F1D08368002BEEDB0846F5F7FBFAEAE7FF
S2140389D007B5002301911A4601A9F4F749FF03B02E
S2140389E05DF804FB1FB5002402949DF81C40019417
S2140389F0069C0094F4F7C2FE04B010BD13B507241A
S214038A000194049C0094FFF7EDFF02B010BD07B578
S214038A1000230093FFF7F2FF03B05DF804FB03683F
S214038A200B60016070472DE9F041054600680E466D
S214038A301746002408B9BDE8F081D0E90083B342A5
S214038A400BD18368BB4208D154B9C5F80080C3680C
S214038A50DB0701D5F5F7B6FA204604464046E9E7B4
S214038A60C4F80080F3E7D1E90112FFF7DCBF002367
S214038A7070B51A46194604680546F4F7F9FE0CB9AC
S214038A802C6070BDE3682668DB0702D52046F5F741
S214038A9099FA3446F3E72DE9F8430E46174605469A
S214038AA010B90020BDE8F8830468002CF9D0D4E997
S214038AB00089A0683B4632462946C8470028F1D1BC
S214038AC04446F2E72420704738B5054614460A465E
S214038AD00021FFF7D8FC24F01C046B7944F0100443
S214038AE043F004032C716B7138BD2DE9F74F1F4615
S214038AF09DF8303000938A468046002850D00029DF
S214038B0067D00C68002C66D04FF0000BE679A1798D
S214038B10761AF6B2BE4208D30C31394408EB020982
S214038B202144F61B4546C84537E02068BF1BA346CD
S214038B30002835D00446E9E7AB19994538BFA9EBB9
S214038B40050632462846FFF7B8FC009B002B3DD0AF
S214038B50E279A079F3B237BB1844A071E279A3791E
S214038B6027689A4232D1DAF80030A34208BFCAF81F
S214038B700070BBF1000F01D0CBF800702046F5F76C
S214038B8093F83C4635444CB1A379E67903F10C01DE
S214038B90F61A2144F6B200274D45CDD3A5EB0800BF
S214038BA003B0BDE8F08F121AD2B2F918914209DA6F
S214038BB00C302044D21BD21A014438440193FFF7E9
S214038BC048FC019BE279D31AE371C7E7A3462468FE
S214038BD0D8E70846E4E72046E2E710B5C479C4F1CF
S214038BE045030246D8B2884228BF08460444D471D7
S214038BF010BD38B50546C079C0F14504E4B29442C9
S214038C0088BFD4B20C3022462844FFF756FCEB79D3
S214038C102344EB71204638BD1FB503910021009114
S214038C2003A9FFF762FF05B05DF804FB38B50446F9
S214038C30206800B938BD0568F5F736F82560F7E70C
S214038C4010B501F0EC01034603B910BD1A7902F022
S214038C5013020A431A711A1A544254415A7964F396
S214038C6000025A711B68EFE710B558B10168026835
S214038C705AB1136823B15C79E40704D50024146061
S214038C800360084610BD0360F1E71346F8E70346A2
S214038C9058B10020DA7999791B68521A50FA82F093
S214038CA01BB15A79D207F5D57047704770B50D4694
S214038CB00446E8B186798E4203D3751A857101207E
S214038CC070BDC27906F145039B1ADBB299420FD8F1
S214038CD006F10C010144921BA81BD2B20844FFF70D
S214038CE0B8FB0023A371E3791D44AD1BE571E6E7EA
S214038CF00020E5E710B50C4698B191B18979E27981
S214038D00C379521AC3F14503D2B2DBB2934208D3F6
S214038D100C312144FFF76DFF2046F4F7C5FF012011
S214038D2010BD0020FCE70346006818B102681A600D
S214038D300023036070470346002003B97047DA79BF
S214038D4099791B68521A50FA82F0F6E72DE9F84F24
S214038D50894614468246FFF7EEFF05464846FFF768
S214038D60EAFFA542074601D3A04208D2BD4208D176
S214038D700024A346A046264647B9384604E02746BD
S214038D80F6E738D24FF0FF30BDE8F88F5EB99AF8B1
S214038D9006809AF80760A6EB080608F10C08D0448C
S214038DA0DAF800A0F6B2BBF1000F0BD199F8064033
S214038DB099F807B0ABEB040B0C344C44D9F800908D
S214038DC05FFA8BFB5E45354628BF5D46BD4228BF2E
S214038DD03D462A4621464046FFF72BFB0028D3D1C3
S214038DE0A8442C447F1BEDB2761BABEB0505F6B20D
S214038DF05FFA85FBC0E70120C6E703680BB901608D
S214038E0070471A461B68002BFBD111607047036836
S214038E1003B10B600160704739B10B461A461B68F5
S214038E20002BFBD1036813600160704770B50468BC
S214038E3006460D4644B12046FFF77DFFA84211D8EB
S214038E40236813B9E379A37170BD20463360F4F742
S214038E502BFF3468F4E7ED1A236833602046F4F7F3
S214038E6023FF3468002DEFD0A279E3799B1ADBB297
S214038E70AB42F0D92A44A271E6E7F8B50668054680
S214038E800C4646B13046FFF756FFA0421DD833685E
S214038E9013B9F379B371F8BD30462B60F4F704FFCA
S214038EA02E68F4E7064638460768002FFAD1C279DB
S214038EB08379D31ADBB2A34202D9121BC271EAE743
S214038EC0E41AF4F7F1FE3EB13760002CE3D02868CD
S214038ED00028E0D00026E7E72E60F6E7F8B504465C
S214038EE00F46BC4200D1F8BDA179E5796D1AEDB203
S214038EF0C5F14506B6B20EB92468F2E749B10C319E
S214038F002A46214404F10C00FFF7A3FA0023E57177
S214038F10A3712368BB42EFD05A79D207ECD4997970
S214038F20DD79A079E2796D1AEDB2B54200F10C0055
S214038F3028BF354610440C312A4619442044FFF70F
S214038F40BCFAE379206853FA85F3E3718379761BD9
S214038F5053FA85F5C379EDB2AB42B6B2857103D148
S214038F6003682360F4F7A0FE002ED2D1C4E738B519
S214038F700C46016809B9046038BD0D460968002926
S214038F80FBD1236823B12046FFF7A8FF2C60F3E745
S214038F9021462846FFF7AEFE0028EDD1F6E748B196
S214038FA0002302794360036083604379027143F0D0
S214038FB004034371704700221146F4F7D1BE38B557
S214038FC004460D46FFF772FE98B984B12079FFF781
S214038FD0F2FF58B1637942790460C3F3400363F345
S214038FE0410245235D1B4271C371857138BD012063
S214038FF0EDE72046FAE738B5036804460D469BB10D
S2140390001879FFF7D8FF88B1236803605B79427944
S214039010C3F3400363F3410245235D1B4271C371EF
S21403902085712060002038BD0120EAE71920FAE7A1
S21403903038B50C46054640B3006830B309B900207E
S21403904038BD4AB9C9B2FFF731FE0028F7D12B68FD
S2140390509A799871A41A06E0452918D8C9B2FFF779
S21403906025FE0028EBD1442C07D8002CE7D0E1B22C
S2140390702846BDE83840FFF7BEBF45212846FFF720
S214039080BAFF0028DCD1453CEDE72220D8E72120B3
S214039090D6E72DE9F84390F8078090F80690A8EBFA
S2140390A00907FFB2B94204460D4602D30020BDE8C5
S2140390B0F8830079FFF77FFF06460028F6D0A179EC
S2140390C080790C317F1B29440C30BAB221443044DA
S2140390D0FFF7F3F9F3793B44F371E37999444D448D
S2140390E02368A5EB0805E571012033602660DEE7FB
S2140390F0F8B5076806460D463C46002305B12CB96D
S2140391000BB100221A6034603846F8BDE379A279C1
S2140391109B1ADBB2AB4207D8E379A2799B1ADBB280
S214039120ED1A23462468E9E7E9B22046FFF7B1FFC4
S2140391300028F1D10746E7E75318452B02DCC9B2EE
S214039140F4F70EBE00207047F7B5002605460F4617
S21403915001960DB9019C09E0002211463846F4F742
S214039160FFFD044628B901A8FFF760FD204603B0BB
S214039170F0BDAB798371EA79C2716879617960F37E
S2140391800001617169796079C1F3400161F34100BF
S214039190D21A607103F10C002918D2B22044FFF7EB
S2140391A08CF9019B03B9019406B134602D682646F9
S2140391B0CFE72DE9F8430D461446064610B319B318
S2140391C0DAB1034699461B68002BFBD12746C846EF
S2140391D03A4629464046FFF70CFDC145A7EB000774
S2140391E0054418BFC9F8008037B1B1793079002239
S2140391F0F4F7B6FDC14618B9E41B2046BDE8F8836C
S2140392008046E5E70446F8E70C46F6E737B5154625
S214039210C9B200221C46F4F7A3FD019040B12246D2
S2140392202946FFF7C6FF844202D901A8FFF7FEFCD2
S214039230019803B030BD10B5013903461A1A91429E
S21403924000D810BD445C1A7803F8014B4254013928
S214039250F4E701440023884200D1704700F8013B3D
S214039260F9E738B505460C4604B938BD013C55F850
S21403927034305B68002BF7D09847F5E72DE9F041CB
S2140392800446002654F836302BB904F10408B342DA
S21403929003D100250FE00136F4E754F833201268B3
S2140392A05F1C5AB158F833009047054630B139462B
S2140392B02046FFF7D6FF2846BDE8F0813B46E6E7A3
S2140392C070477047704770477047F4F75DBE38B510
S2140392D00446FAF7B8FB054658B9C820E2F7EEFF8E
S2140392E0C82202212846E2F7A9FF8442A8BF044603
S2140392F024B22046E2F7E2FFFAF7A5FBBDE83840C2
S214039300C8220221E2F79ABFB0F90020B1F9003073
S2140393109A422DE9F04704460D4648DCF6F7AFFFC0
S2140393208046DDF78FFF00283ED1E2F77DFF8246B9
S214039330FAF789FBC8220221E2F780FFB5F900207D
S21403934047F6FF739A42814602D1E2F791FF2880DF
S214039350B4F9002047F6FF739A4202D1E2F782FF80
S2140393602080B5F90000FFF7B2FFB4F9003083425E
S214039370C8BF20800746B4F90000E2F77FFFF8F77E
S21403938093F8064658B15046E2F778FF4846E2F7A8
S21403939095FF4046F6F779FF3046BDE8F087E2F7DB
S2140393A043FF20802F80F4E741F20C06F1E72126E5
S2140393B0F2E70000000000000000000000000000CC
S2140393C0F8B500BFF8BC08BC9E467047F8B500BFAA
S2140393D0F8BC08BC9E4670475FF800F029100020D2
S2140393E00000000000000000000000000000000075
S2140393F00000000000000000000000000000000065
S2140394005465726D696E616C0000000000000054C4
S21403941054522052454747455300000002000000BF
S2140394207094030003000000689403000400000027
S2140394306094030000000000000000004145532D27
S2140394403235362D454342004145532D3139322DB1
S214039450454342004145532D3132382D45434200A2
S2140394603C940300101404004894030010130300F4
S2140394705494030010120200020000003BED0200A9
S21403948037ED020033ED02001DED02000BED020086
S214039490512563FCC2CAB9F3849E17A7ADFAE6BC8E
S2140394A0FFFFFFFFFFFFFFFF00000000FFFFFFFFC0
S2140394B0F551BF376840B6CBCE5E316B5733CE2BF4
S2140394C0169E0F7C4AEBE78E9B7F1AFEE242E34F23
S2140394D096C298D84539A1F4A033EB2D817D037746
S2140394E0F240A463E5E6BCF847422CE1F2D1176BE1
S2140394F04B60D2273E3CCE3BF6B053CCB0061D6540
S214039500BC86987655BDEBB3E7933AAAD835C65AC8
S214039510FFFFFFFFFFFFFFFFFFFFFFFF000000004F
S214039520000000000000000001000000FFFFFFFF36
S214039530092040081C4000007CA3030044A303004A
S21403954058A30300B8A20300D8A20300ECA20300AA
S214039550A4A3030028A3030014A303000000000031
S21403956090A30300000000006CA3030000000000AB
S2140395704CA203000000000000A30300000000004C
S21403958008A3030000000000CCA20300D09503004C
S214039590B8A30300D29503003CA303000000000019
S2140395A00000000000000000000000004E0C000059
S2140395B00000000000000000A09703000000000069
S2140395C0000000000400000000000000E2FF50005E
S2140395D001000400FB00010000000500000000027B
S2140395E000000300000001041040000108070F00FC
S2140395F00A00C8002000A000010000000000A00030
S21403960068010A200706020A040700000002070092
S21403961000000F400000000000040F40010000009F
S214039620C1059ED8367CD5073070DD17F70E59393D
S214039630FFC00B316858151164F98FA7BEFA4FA403
S214039640006A09E667BB67AE853C6EF372A54FF505
S2140396503A510E527F9B05688C1F83D9AB5BE0CDD6
S2140396601900800000000000000000000000000059
S21403967000000000000000000000000000000000E2
S21403968000000000000000000000000000000000D2
S21403969000000000000000000000000000000000C2
S2140396A000000000000000000000000000000000B2
S2140396B0000000E100030103030302000002800030
S2140396C00800020020000001400004000100100012
S2140396D008060200040907030105000040787D011F
S2140396E000000000005A620200010000C0CF6A00BA
S2140396F002000000809FD50002010000002D31010A
S2140397000202000001000000000000000400000048
S2140397100100000008000000010000001000000027
S2140397200100000000010000010000000008000026
S2140397301D000000000200001D00000000040000E1
S2140397401D000000000001001D00000007000003CC
S21403975013B779FAC925DDB7ADF3CFE0F1B614B880
S2140397600102000000000000FFFFFFFF20000000D2
S21403977001000000000000000000000000000000E0
S21403978000000000000000000000000000000000D1
S21403979000000000000000000000000000000000C1
S2140397A0C09703003B003B006C9D030015001500AB
S2140397B02C9D0300040004000200FFFFFFFF0000CF
S2140397C0010000000108FFFF00000000709B03007B
S2140397D0020002000108FFFF050000002000110040
S2140397E0030011000008FFFF01000000AA0D00207F
S2140397F0040014000308FFFF03000000020000003B
S214039800050002000108FFFF050000000200120029
S214039810060012000108FFFF01000000B40D00203F
S214039820070002000108FFFF050000000A001300FE
S214039830080013000308FFFF01000000CA0D002004
S214039840090000000108FFFF00000000749B0300EE
S2140398500A0002000108FFFF050000000A000300DB
S2140398600B0003000308FFFF02000000D20D0020D8
S2140398700C0002000108FFFF0500000002000400C0
S2140398800D0004000108FFFF00000000789B0300A2
S2140398900E0000000108FFFF000000007C9B030091
S2140398A00F0002000108FFFF05000000020005008C
S2140398B0100005000108FFFF00000000809B030066
S2140398C0110002000108FFFF050000000200060069
S2140398D0120006000108FFFF02000000F60D00203C
S2140398E0130007000108FFFF00000000A09B030011
S2140398F0140002000108FFFF050000000200080034
S214039900150008000108FFFF01000000000E0020FC
S214039910160007000108FFFF00000000DA9B0300A3
S214039920170002000108FFFF0500000002000900FF
S214039930180009000108FFFF02000000080E0020BF
S214039940190007000108FFFF000000000E9C03003B
S2140399501A0002000108FFFF0500000002000A00CB
S2140399601B000A000108FFFF01000000180E00207C
S2140399701C0002000108FFFF0500000002000B00A8
S2140399801D000B000108FFFF02000000260E00204A
S2140399901E0007000108FFFF000000003C9C0300B8
S2140399A01F0002000108FFFF0500000002000C0074
S2140399B020000C000108FFFF02000000440E0020F8
S2140399C0210002000108FFFF0500000002000D0051
S2140399D022000D000108FFFF01000000500E0020CA
S2140399E0230002000108FFFF0500000002000E002E
S2140399F024000E000108FFFF01000000580E00209F
S214039A00250000000108FFFF00000000669C03001D
S214039A10260002000108FFFF050000000A000F00F1
S214039A2027000F000308FFFF01000000660E00205A
S214039A30280000000108FFFF000000006A9C0300E6
S214039A40290002000108FFFF0500000004000F00C4
S214039A502A000F000408FFFF010000006E0E00201E
S214039A602B0000000108FFFF000000006E9C0300AF
S214039A702C0002000108FFFF050000000200100092
S214039A802D0010000108FFFF01000000760E0020E5
S214039A902E0000000188FFFF00000000729C0300F8
S214039AA02F0002000108FFFF0500000008000080E9
S214039AB0300000800208FFFF010000007E0E002039
S214039AC0310007000108FFFF00000000849C03002C
S214039AD0320002000108FFFF0500000008000180B5
S214039AE0330001800208FFFF020000008A0E0020F8
S214039AF0340007000108FFFF00000000B29C0300CB
S214039B00350002000108FFFF050000001200028076
S214039B10360002800108FFFF02000000D00E00207E
S214039B20370014000308FFFF0300000001010000D4
S214039B30380007000108FFFF00000000E89C030050
S214039B40390000000108FFFF000000001A9D030013
S214039B503A0002000108FFFF05000000080003802A
S214039B603B0003800208FFFF070000000000000020
S214039B7002000118020000180200000002000A1882
S214039B801E00506F727461626C6520456E65726765
S214039B90792053797374656D732C20436F72702E1E
S214039BA03700322D332063686172207073657564E5
S214039BB06F206E616D65732061737369676E65648C
S214039BC0206279205553455F20636F6D70696C651D
S214039BD07220646566696E652E003200436F6E748C
S214039BE0726F6C6C657220626F6172642072657648
S214039BF06973696F6E206E756D626572202865786D
S214039C003A207B7266687472322D7D3235292B00BA
S214039C1078782E78782E787878203C737461636B26
S214039C202064657369676E3E2E3C75706772616467
S214039C30653E2E3C7570646174653E0028003C6D7D
S214039C406F64656C49643E2D3C79796D6D64643E42
S214039C502D3C303132333435363E20657820435040
S214039C60203D2030303302000318020002180200A1
S214039C70041810000032A82E6A17E78CE8428961A0
S214039C807990F4FE2B0052656365697665732063ED
S214039C906F6D6D616E6420686561646572732066BE
S214039CA0726F6D204E65766572666C616D65417088
S214039CB07000330052656365697665732073657457
S214039CC074696E677320616E6420736574757020A3
S214039CD0696E666F2066726F6D204E657665726676
S214039CE06C616D6541707000300053656E6473205F
S214039CF06576656E747320616E6420726574757222
S214039D006E732073746174757320746F204E65765A
S214039D106572666C616D654170701000F01921B450
S214039D20478FA4BFA14F63FDEED6141D0032A82EA5
S214039D306A17E78CE84289617A90F4FE07C3D27CFF
S214039D40EDB789A68A438EE889C3101F0032A82E72
S214039D506A17E78CE84289617B90F4FE636032E021
S214039D60375EA488534E6DFB6435BFF70028012881
S214039D700328002A012A292A242A0129272A262AEF
S214039D80232A252A282A2A2A502A062A072A052A7F
S214039D902A2B292B02290D0A2573205B4D41494E98
S214039DA05D2043534C494220496E697469616C696E
S214039DB07A65642066726F6D2066697273742068B4
S214039DC061726477617265207363616E2072657376
S214039DD0756C74732E0A000D0A2573205B4D41497A
S214039DE04E5D2043534C494220464F5243452D5324
S214039DF04E41503A20426173656C696E6573206DFF
S214039E00616E75616C6C7920616C69676E65642040
S214039E10746F2068617264776172652028256C759B
S214039E202C20256C75292E0A002021222324252682
S214039E302728292A2B2C2D2E2F3031323334353632
S214039E403738393A3B3C3D3E3F6061626364656642
S214039E506768696A6B6C6D6E6F7071727374757612
S214039E607778797A7B7C7D7E7F0000000001000096
S214039E70000000040506070C0D0E0F00100002017B
S214039E8000030000000000000000000000000000C7
S214039E900003000000000000000040000303040667
S214039EA080000400070000006801040600000000AC
S214039EB00000000000000000000000000100010098
S214039EC00000011400000000000000000000030072
S214039ED00001010001000100010003000000000072
S214039EE0A3000000010000020708436F6D70616362
S214039EF0742050616E200020332E302E32340056EC
S214039F00002033314A756C3236005265626F6F74C7
S214039F10696E6720696E746F204F5441204D6F64DD
S214039F206520284170706C6F61646572292E2E2E31
S214039F300A0004200400000206200600000208208F
S214039F40080000020A200A0000020C200C0000028F
S214039F50262026000002023002000201043004001C
S214039F6002020630060002020830080002020A3027
S214039F700A0002020C300C0002020E300E0002022F
S214039F800011000003020211010003020411020083
S214039F9003020611030003020811040003020A1158
S214039FA005000302024802000401034803000401FB
S214039FB00448040004010548050004010648060099
S214039FC0040107480700040108480800040109487B
S214039FD0090004010A480A0004020C480C000402A3
S214039FE00E480E000402104810000402222022002D
S214039FF00001232023000001242024000002323322
S21403A00031323136414141313233343536412C2DEC
S21403A0102D2D2D2D2D2D2D2D2D544F2042452044F5
S21403A0204546494E4544202D2D2D2D2D2D2D2D2DC8
S21403A0302D2D2D2C00627579657220636F64652C57
S21403A0402072656E74616C20636F64652C206D6F7F
S21403A05072652073616C657320636F6465732C206F
S21403A06064617465732C206574632C0030302C3067
S21403A070302C30302C30302C30302C30302C3030EC
S21403A0802C30302C30302C30302C30302C30302CE0
S21403A09030302C30302C30302C30302C30302C30CC
S21403A0A0302C00303030302C303030302C303030E4
S21403A0B0302C303030302C30303030302C2D2D2DAD
S21403A0C02D2D2D2D544F20424520444546494E45BF
S21403A0D044202D2D2D2D2D2D2D00280000000807A2
S21403A0E0BC029E072C0114001C022C01B40078004D
S21403A0F07800E204AA05720608079E070601000018
S21403A1000000280101000807BC029E072C0114006A
S21403A1101C022C01B40078007800E204AA0572063B
S21403A12008079E07060100000000253033752E251C
S21403A1303033752000637353686F7756626174001B
S21403A1406373456E6453657100637353796E63532B
S21403A1507461746549640063734F66660063735382
S21403A160686F7753746570006373536574537465CF
S21403A1707000637345766E743000637345766E7451
S21403A1803100637345766E743200637345766E747E
S21403A190330063735761697452656C656173650058
S21403A1A0756E6B6E6F776E00342E342E330000019F
S21403A1B00102010202030102070B0B0701160C0042
S21403A1C0000108080000050108FFFF02FFFF08085A
S21403A1D0020204FF010022FFFFFFFFFFFF03040448
S21403A1E0FFFFFFFF2AFFFF1419191B011C1512049A
S21403A1F000480C14131510801A80128080000F0E6E
S21403A2000C080C080D18100102040400F4010000E9
S21403A210FA00000096000000640000004B000000F7
S21403A220320000001E0000001400000000000000C2
S21403A2300101500040000800500024000400900173
S21403A240500240009001AE011000000049D1010009
S21403A250000000000049725314497207FF00010210
S21403A260030405FF145300724907CDF6294703007C
S21403A2706DE3010015FD010027470300CD480300E9
S21403A280C7480300B1000200F969030081480300D0
S21403A290C9480300CB48030075480300C3480300BE
S21403A2A081DE010075450300D5DF010001020C00C5
S21403A2B00000040000000800040000000000000086
S21403A2C0000000000000000000000000FD46030040
S21403A2D000000000A001040156000000000000007A
S21403A2E00000000000000000000000000500000061
S21403A2F00000000000000000000000000000000056
S21403A30000000000000000005948030000000000A1
S21403A310A01305000A000000000000000000000073
S21403A320000000000000000009000000000000001C
S21403A3300000000000000000000000005F4803006B
S21403A340000000000D0000000000000000000000F8
S21403A35000000000000000000F00000000000000E6
S21403A3600000000000000000000000006948030031
S21403A37000000000000000000000000001000000D4
S21403A38000000000000000000000000000000000C5
S21403A390EDE5010000000000A0010107A000010494
S21403A3A00204080006000000000000000000000091
S21403A3B00DE70100D5E601003DE7010000000000BF
S21403A3C0A0030601A0090609A0020608A0050607C1
S21403A3D0A0050606A0070605A0020604A0010610AF
S21403A3E0A00A0602A00D06000000040205030601EB
S21403A3F007010108090A0000A0015C02A0035C0132
S21403A400A0025C00A0020F09A0030F04A0030F0321
S21403A410A0050F02A0010F01A0050F00A00401086C
S21403A420A0020105A0030106A01201000101020417
S21403A430200C0403EDE201002000040119E30100EF
S21403A44020025602BDE301002002560191E30100FB
S21403A4502001060585E9010020000D0109E501003C
S21403A46020020D04D5E5010020020D0365E5010079
S21403A47020030D023DE5010020040A0FD5E4010088
S21403A48020040A04A1E4010020050A0271E4010085
S21403A4902000011599E60100626761706920627504
S21403A4A0666665727300010002000000000000008B
S21403A4B0030000000D0003000200010005006761B1
S21403A4C0747420636F6E6E656374696F6E0000004C
S21403A4D000FB349B5F80000080001000000000003B
S21403A4E000000000BD6703005D4E0300A369030080
S21403A4F0A7680300E69D350E480103CCDBFDF4ACEC
S21403A5001191F4EFB9A5F9E9A7832C5E2CBE97F257
S21403A510D203B020008BD28915D08E1C742430ED64
S21403A5208FC24563765C15525ABF9A32636DEB2A27
S21403A53065499C80DC003F49F6D4A3C55F3874C9DF
S21403A540B3E3D2103F504AFF607BEB40B79958996C
S21403A550B8A6CD3C1ABD006C888391AAF5A53860D1
S21403A560370BDB5A6083BE000000010001000501C3
S21403A57000050202030002000000000002050100BD
S21403A58005000001000100000100010202030002B1
S21403A59000000000000202010002BF01FB9D4EF313
S21403A5A0BC36D874F5394138684C8BD28915D08EB1
S21403A5B01C742430ED8FC24563765C15525ABF9ADD
S21403A5C032636DEB2A65499C80DCE69D350E4801B7
S21403A5D003CCDBFDF4AC1191F4EFB9A5F9E9A7833D
S21403A5E02C5E2CBE97F2D203B0200000A0010A0511
S21403A5F0A0030A04A0080A03A0070A02A0060A0189
S21403A600A0070A00A0030906A0060905A007090477
S21403A610A0040903A0050902A0060901A003090076
S21403A620000800FC94A603000100010784A60300AB
S21403A630000800F840A603004CD18DAD08070000C3
S21403A6409600FCFEF8006D23441FEEFFC700F20ED3
S21403A6508E37FAFF5C00A40324A7FFFF3200D6015F
S21403A660AD3400001F003001004D00001200C00092
S21403A670CA4A00000B006E00F73C000005001F00EE
S21403A6802F20000083FFBFFFE2FFF1FFF9FFFEFF6D
S21403A690000000008C00FCFEFFFF0000000000002E
S21403A6A0FC00D2104C06FAFF75009B05F132FFFF43
S21403A6B03E0062020B35000025004B01885F000058
S21403A6C01700E0005E5D00000E008C006A4F00007D
S21403A6D00700250083280000215602006956020061
S21403A6E015560200755602005D5602001F790300D8
S21403A6F05B79030081790300A3790300C57903001E
S21403A70089A3020041A302004DA3020021A4020074
S21403A710697F0300A9760300AD760300B9760300CC
S21403A720B1760300B5760300000000004801000080
S21403A7306019002083FF000002000080FF7F0000F6
S21403A7400080FF7F06010080FF7F0E025241494CC6
S21403A75000000000A00000008D6002005000000012
S21403A7606D610200FA04FA000033330A0A0A08404D
S21403A77000210000000000000000000000000001AF
S21403A7800000010100010101019E0200E59D020097
S21403A79005B60200C9B7020061B702000101020351
S21403A7A0000000019D07000048700E0E44709A0DCD
S21403A7B03070DA123C70DA163870F60D34701C0EF0
S21403A7C03070700F2C70700F2870521124706A113D
S21403A7D02070000E1C70F611187068121470FC0DB1
S21403A7E0B110076001D80A7108B87F78020C7E782A
S21403A7F0641000C6A01F00218CB8707801B00768EB
S21403A8000F305CB30F330111C048069846022FB0D1
S21403A81006D80C7109DD087100B853A809BB1110DE
S21403A820076801682148076004100112FF322150AF
S21403A83007605148076000880698841300C43C1FCD
S21403A840002103DD087214BA281400A000BA03DF3F
S21403A850107109DF06720298E8058CB8507800A0DC
S21403A8604413281441158110076002D81471108808
S21403A8700698F61B00C00C7008400698501E009100
S21403A88006985C020060B83020D8067190BC637CE2
S21403A890084D5412F03240DE0472404804DB08725E
S21403A8A00DDD0C72044BEF30144806989E0700C467
S21403A8B0E01008404412076201322140084C287C0D
S21403A8C0811140D91C72B1123032CF4A013AB1DA43
S21403A8D0107208D8067104D80871B04C237C3E70F9
S21403A8E0684C4412FF328722047580B8D84C81D84E
S21403A8F0307140D90472237C084B06989E0704BA2D
S21403A90088B9767900C1186008403579E04900793E
S21403A91006B904A901D86C72BC4C307C02982E028E
S21403A92008D83C7100C14C000840141110D930718E
S21403A930104C00C11400084014111814076100C518
S21403A940206008405415FF35047110491814A84CAC
S21403A950441207620132067102981201B84C08D8F5
S21403A9600C7107BA24D8047106BA187004D80C718F
S21403A97001BA40D80E7102BA0A7005BA20D804721A
S21403A98003BA604C4411404C181407611814911113
S21403A990383111429111076910D90472EF3200C1A0
S21403A9A00060084014111031016911422814A111E6
S21403A9B0076118140698361E181400C10060084074
S21403A9C014110769FF31181400C13C3008401411F4
S21403A9D0181407611814308802480698480600932E
S21403A9E008DB047101F800A05CB00F3000A01088EB
S21403A9F0B111076980D90A7100C1800008400811A7
S21403AA00009100A000C400010840441000A000C04C
S21403AA1020300E40041104101050F47200A0541598
S21403AA20504512710698A8070698380718B8707824
S21403AA3000B8417806983C0390BA5B7A5C7A5D7AF4
S21403AA4000C218500840241200C14C1F00212811D0
S21403AA500698001C2088008800C5401F0021541556
S21403AA605112FF350762FF320698660201595129D3
S21403AA70047511590090212920750698FA04069842
S21403AA802A050698F602009203D80C728111076114
S21403AA9002D90472FF0FBA7018B8727800F804D897
S21403AAA042710088308800C0FC1F0021041000C1DA
S21403AAB04C1F00211412012A215A00C318500840C3
S21403AAC03413312A1A7500C000600840041007309A
S21403AAD0FE200C76381108B87F78020C7E78009337
S21403AAE0009000A000C0F41F0021041000BB1DB49A
S21403AAF000A000C1DC1F002114111088FF3100C51F
S21403AB00FFFF0000311207620762513A513B0E7293
S21403AB100698160D1159011201131E703114008880
S21403AB2031100698160D1159415C41280698180DE8
S21403AB30513801130090012B009020880760011400
S21403AB400760FF30215D411207620762312D0876E8
S21403AB50FF34415C4128015D31100698180DFF3023
S21403AB603088011300C0E01F00210410512B0C761F
S21403AB70076801150768FF356070315BFF32212BCC
S21403AB800C75076001150760FF354E7000C5E41F9E
S21403AB9000215415076507655112FF35FF30012B59
S21403ABA0087521100760327021100768FF30012BEB
S21403ABB00A75211007600760207000C2E81F002195
S21403ABC02412211007600760FF30012B087521103F
S21403ABD00768067021100760FF300093009200C1DB
S21403ABE00060084014142C490734FE242A761415F2
S21403ABF0F0BC076C513C076803680154107100C42D
S21403AC00FF0FFFFF513C01444811311200C5E81FF6
S21403AC1000215415FF350762076221435449141275
S21403AC202155FF355152281100A000DF067201138B
S21403AC3014703111312B112B016300C1FF07000083
S21403AC40113B012B00C278FEFFFF05B86EBD312A0B
S21403AC50207505B8C8BDE8221875DCBD06B8DC2229
S21403AC60107507B8F0220A7508B8E822047509B803
S21403AC7000C10060084014122C490732FE221676E3
S21403AC800768036800C2FF0FFFFF1414213C01444A
S21403AC90481150BD544914122155FF3551522811FD
S21403ACA000A001D82C71008800C00470084004106E
S21403ACB08020FF301A7100C1B01E002114110761F5
S21403ACC020D9087106988204067006984A030090F5
S21403ACD000A002D8047200A00088069838071DB4A6
S21403ACE028B9112C408800C3EC1F002134144044BB
S21403ACF05A7144130698A805411500C00060084021
S21403AD0004100730FD20447500C208700840241064
S21403AD100760FF3080DC34710698520D01591C4AD7
S21403AD20241007600260FF300698520D0158B220C7
S21403AD300129541331100698520D11280A7504255B
S21403AD4054155045EE720698A8050094009000A08E
S21403AD507FB9066100C01C60084006988A13041574
S21403AD605153113B3155581002988413EBBD00C064
S21403AD703C1F00210411113D10D91271FF33076BDC
S21403AD8000C190400846381118B97479581000A0CD
S21403AD9006985C028024E4240D300472044800C143
S21403ADA01C510840141100C3D81E00219115043508
S21403ADB01A72181388BB08D804716C7B04D8047104
S21403ADC06A7B8CBB2F7C5B7B1670044B181388BB8B
S21403ADD008D804716F7B04D804716D7B217C0C301A
S21403ADE001600698240706980C0C0698D40700B84A
S21403ADF0B111076940D906720298080701BC00C260
S21403AE000060084000DC0A7124150165604A0A7078
S21403AE101C4A241507657C4A043508D9207120246A
S21403AE20512A241200C180000840320C2811076200
S21403AE3028110762281107622811500C00C1341F1D
S21403AE400021141200DC347120D8067101B80C708E
S21403AE50F0DA0C720CDB087102B806982C0748244B
S21403AE6000C3306108403413076380DB0E7102B9F8
S21403AE70911308DB047203B906700C49141100C35E
S21403AE8080000840FFB801201141087101411813E2
S21403AE900824014200C12000084014110141036D3B
S21403AEA0514191152035016D51411813281348134C
S21403AEB000C37C000840341003D80C71073005DC4F
S21403AEC00671084B227B8CB8507800B800C1341F3B
S21403AED00021141203682150F0300152281100A0FB
S21403AEE04024066400C0FFFF0100013C1DB00220A1
S21403AEF00158402806751EAC01EC00A0208800C04F
S21403AF001850084004121DB4211304123052F8716D
S21403AF10066C402400C3741F0021341014110698D5
S21403AF20820D0669009211592129067600BB115934
S21403AF3006983A0D80B80158013A0662313B04720E
S21403AF40215A412A00A000C200010840317A00A01D
S21403AF50308880B9076900C30000C0FF311031286C
S21403AF6000BC002D0C7511541EAC01EC312DF47091
S21403AF70066C51134155312C009300A000C02840A5
S21403AF800E400413315107610C3107691153381011
S21403AF9000A00698EC0800C0F41F002104110698D0
S21403AFA0D407217A237A00C30000100006981408F9
S21403AFB000C0541F00211DB1181000A000C0501F70
S21403AFC000211DB1181000C09C1F00210410002D85
S21403AFD0067500B826A80698A80700C09C1F00217F
S21403AFE00410012C06750698380728B010B91159B5
S21403AFF011380EB9114028A880B800C14430084063
S21403B000081100C1F01F00211410303B06710760C1
S21403B010076000C40830084044111150FF30015146
S21403B02018146FB8076826A8217A050C2110204843
S21403B030267800C063EF0000314026A8050C20ECFC
S21403B040B11140D90872247A20EC217A184826A830
S21403B05028B00AB901510F31115028A8050C207ADF
S21403B06020EC0F0C98B8467841780698660200C222
S21403B070401F002124100151FF311150081200A077
S21403B0800698EC0800B826A800C0581F00211DB17A
S21403B090181000A030B840780DB101D9FC72427880
S21403B0A000C074300E4004114CBA407A181014488D
S21403B0B004115C7A1810A4BB707B4E7B4F7B00C2D6
S21403B0C00430084000A00698EC08217A227A00BBD8
S21403B0D00698140800C0641F00211DB11810A4BBF5
S21403B0E000C040300E400411033101492872B112EA
S21403B0F0076207623048041121510F3118726E7BC4
S21403B1006F7B104804114CBA7C7A1810144804114B
S21403B110607A1810B11002D81071707B30B862785C
S21403B12060780DB001D8FC7100C0F86008400411C7
S21403B13001D90C7100C01800084002B9181008B8ED
S21403B1406E780EB84EB110D90C723EA8140C0FB818
S21403B1503EA8107044A8140C01B800C1AC300E40D1
S21403B160081100C077801F003DB201423DAA00C00F
S21403B170FFFFFFFC013A3DAA140C00C077E01F0056
S21403B18001423DAAFFB845207D7808B87E7800C105
S21403B19024600840141107610631087100B9069847
S21403B1A0D01006988A13B11101D90E7106985C1E49
S21403B1B002D906720698520C069884135114069800
S21403B1C03807F4B845780A0C00C0601F00211DB18B
S21403B1D018100298AA10FFB845205D7803B80760D8
S21403B1E044A83EA800C1AC300E40081110B807684A
S21403B1F03DB101393DA908B86F7800A046A800C044
S21403B200FFFF0000013B076356AB94BA437A01D9AC
S21403B2101471013C47B300C0FE20FFFF013B3144DD
S21403B22047AC637AFFB82120407802D9047160786E
S21403B23000A0C8BC066C415C512C067506983807FE
S21403B2400698300EB110076805D8367140BA0698CE
S21403B2505A138CBC7F7C08B86578911004D8187193
S21403B26088B86E78577800C064000840217806983E
S21403B270F81001400872427C069896130298E40B75
S21403B28008B86C7820B859785B7800C0F44008405A
S21403B2907878797800C1C81F0021141040A818498F
S21403B2A014130449408814140C4914118112076AB4
S21403B2B0006A01DA187188B8577800C0CC1F0021DD
S21403B2C00410016107630763076407640698540A5A
S21403B2D000944EB010D842724DB161B8015811387F
S21403B2E040B102D90A72604804BB41540870204832
S21403B2F002BB02BC4DA8F8B87078190C3EB14141A8
S21403B3003EA9F4B973797378717800C4F84008409D
S21403B31000C200410840227000C20000010044AA97
S21403B320230C00C200000B0044AA00C410410840CE
S21403B33000C21841084004BB587C050C597C0C24F9
S21403B3400F0C2FAB050CB11008D81471647A657A0C
S21403B3501CB879787B7820B879787B78607CF4247D
S21403B360411306989E0751144044067506983807FD
S21403B370727BFFB84D20050C687840EC00C05C1F5C
S21403B38000211DB11810911004D8147100C0B01E0E
S21403B3900021041080D806711CB8737800F818B81A
S21403B3A000C1D41E002100C21850084024122811E0
S21403B3B0777800F800C0B860084004110761076199
S21403B3C080D9047240EC00C4F84008404EB010D850
S21403B3D00471182441130C23527C407B11512FA96E
S21403B3E0050C797C0A0C00C0000001020814787C66
S21403B3F0050C507C08B86D7800A000C02870084083
S21403B4000411108800C100180040181044480411A5
S21403B410108878480411108800884CBA757A18107A
S21403B4203DB11088F4B8427844207278284873787F
S21403B430F8B873784FB200C4FFFF8080413A4FAA32
S21403B44001BC01644113076300C06C70084003B974
S21403B45018100110011001B9181001100110011085
S21403B460011068480411076101B80160003A0471CD
S21403B470044904D9047241520760003A047108492A
S21403B48008D9047231520460003B0E7200630064F4
S21403B490314241424FAAB2704FAAF8B853781820E7
S21403B4A053782848527800913DA9009000911810CF
S21403B4B000917848181000914448181000A01159BC
S21403B4C010D906710760076008D90471076004D9AC
S21403B4D00471036002D90471016001D9047100602C
S21403B4E000A000BA01D806710148112A006900605D
S21403B4F001D8F6720138F67200A08020FF30FF48AC
S21403B500812000A002EC00CA02EC00C8076A0142D0
S21403B51002EC00C8076A014202EC00C8076A01424F
S21403B52000A000C218500840241211592129127392
S21403B53000210E7100C23050084024120121212937
S21403B54000A00698EC0888B8577800C57C1F002131
S21403B5505088044D88BC00C0BC1E0021811101D94F
S21403B5601E71407C009501157C4D5088044DFFBB31
S21403B570076B315B041106987A0D3129F875069826
S21403B5804A1D541506985C1E01D9087206981E09B2
S21403B59006700698800988BB547B009500F80698C9
S21403B5A02E0A0E7006980C0C06982E0A0698D611CC
S21403B5B00698D8089112211900C0246008400A781A
S21403B5C0097800F810B901BA069850130698AA101D
S21403B5D000C57C1F002100F89112033288B900C30E
S21403B5E0B01E0021341300C4A81008408CB842785B
S21403B5F0707903DE0671447872707179A11020D8D1
S21403B6000A7106981E0902987C0F80DB507102D8D7
S21403B6104C7205B830880763076302DB2A7100C3E0
S21403B620AC0008403413066380DB0472804800C312
S21403B630102008403413315B047240483128312807
S21403B64002600814076800930814A110103002481B
S21403B650081400B808149110076008148CB86278B0
S21403B660A11000DC0676517900BA80DB3A7100C07F
S21403B67000000200003B307150884110344803DE5E
S21403B68004719048041508200411F82058101C2053
S21403B690217800C0A40008400E7810D904722E78D2
S21403B6A00698A0160095911120310269911004D8CE
S21403B6B00E7200C1481F0021141101D90A71208897
S21403B6C00698D010009200C1180008400533054BB9
S21403B6D01872184C03DE0471904C441400C3FF1F09
S21403B6E00000413BFF233811B84900C330610840CE
S21403B6F03413076380DB0E7103BA076A0698640F78
S21403B70000BA0870076A0698640F0449087909792D
S21403B71014102140081100A000BD0698400210B97D
S21403B72003DC047100B901BA0698501302D90671F6
S21403B73000404E7201B107690F310698F810FFD822
S21403B7402872811008D8187106DD0A71069840021F
S21403B75003DC0C7206983E11069896130C7006DDF1
S21403B760107106984411487020B802A806DD1072BE
S21403B77006982E0A0698D80801F840B802A800F8DA
S21403B78000C0B01E00210413076301DB2271911071
S21403B7900111076911388CB910D8087144790298D9
S21403B7A07C0F02DBFA72A11328DBF47203BD069842
S21403B7B09E1006982E0A00C5801F00210698400298
S21403B7C000BA03DC4A72044DA11002D804710C4D72
S21403B7D000C0140008400410026800C3701F002154
S21403B7E03411112800C1306108401411076180D953
S21403B7F00C71911108D90671FC230C4DFC233411EE
S21403B80006983A0D00C10C51084006985407541583
S21403B810212D00C0F8600840041101D9227100C030
S21403B820381F00210410033001DC147200C014001A
S21403B83008400411FB21087607BA076A212D0698EB
S21403B840EA0702988A0A91100155033551500119E7
S21403B85000A000C1441F0021141001D84271014802
S21403B8600760FE200E75811020D8087100C1481F9E
S21403B8700021141101D9287100C024600840041265
S21403B880215107610F3107691152281000C000606B
S21403B890084004119112215120311152211900A0A0
S21403B8A0811380DB067201B800A000C30C50084069
S21403B8B03410063030727C4B34122C4B3410076035
S21403B8C0076040302072811080D8DC713410014A42
S21403B8D007620360803021508C480A717F2355230A
S21403B8E03410013000A000BD06989E1088B8477833
S21403B8F04578437800B8447800A006982E0A069840
S21403B9003E1100C58C1F002154150698EA070298BD
S21403B9108A0A00C374000840027B06988A1350BA4A
S21403B92006985A130698F810FFD84A71911004D84F
S21403B9304872811007601CD8407220D938721112E1
S21403B940FF322151347180218021111400C0E01E82
S21403B95000210413FFBA3151113A215111538CB906
S21403B96038107B7940440E7200B900C2B81E00211D
S21403B9701812067008B860780698841300F800B9A1
S21403B98000C29C1008401812244A0AB9181288BA32
S21403B990507A517A577A8CB942795F7900A0069823
S21403B9A0400207DC1072911000200A750698D61123
S21403B9B00298280E0698D80801B9911004D8047185
S21403B9C000B910BA0698501300BA00402A7100C096
S21403B9D0B01E00210411076101D9127104D9E27265
S21403B9E08110076001D8DA718CB8647800C11C51E5
S21403B9F00840069854070698D61100C5901F0021E4
S21403BA005415212D06981E0900C5941F002100F821
S21403BA1000BC811108D9167280D9207201B910BAF8
S21403BA200698501300400E7101BC107006983E1124
S21403BA300698961320B802A800F80698D611811126
S21403BA400231127100B900C20C1008401812244AC1
S21403BA5002B9181206983E1100C5981F0021541506
S21403BA600698D41D02988A0A04110121147188BA13
S21403BA70737A042004122811042004110121F4729D
S21403BA8000A006989E0701F8911010D83471069806
S21403BA903C030698FA0406982A0500C51C5108407C
S21403BAA0541106987A0D00C5D01E0021541551294D
S21403BAB0E27518B876788CB8447801B802A800F80E
S21403BAC0B110076810D82E7100C04810084000C394
S21403BAD0000008403114884C44113411076101D921
S21403BAE0FA714412281007622810076228100762AA
S21403BAF02810E8700298760206985C0211380472E1
S21403BB00016A00BB00C1E01E0021141120390C722B
S21403BB10911210DA0672417B00A006988A1300C2BF
S21403BB20B01E0021241220DA0472617B88BA527A8E
S21403BB3000A088BA727A811204DAFC7200A088B870
S21403BB406B78577800C0640008402F7800A00698EA
S21403BB50E4100763076390B9637900B902DB2271C7
S21403BB6002EC00C909B801D9507200C2AC00084003
S21403BB700E7A10D904722E7A0698A016E031076161
S21403BB8002EC00CD114502EC00CC01DB087100BBD2
S21403BB900298FE1703B841110731FA211C760621D5
S21403BBA0911210DA087102DD10721E7020B8069822
S21403BBB0160D3038147208B80698240700C02400FF
S21403BBC008402978207800F8046020D80671029887
S21403BBD0581502EC00CA05B823DA187104DBDA71CB
S21403BBE020DAD67110DAD27290B8617800B801DA2A
S21403BBF0067202EC00C8911110D9267100C1C01E4E
S21403BC00002114111150FF300C720661A11011505F
S21403BC1002300A7180DB0A720AB89E708CB97C798E
S21403BC200768911111402111C0311140011990B8D4
S21403BC30411108D90471667820D904726578A11079
S21403BC4002D80672C0DA1E7190B8273123DD087257
S21403BC5010DB1072607825DD0A7121DD087208DBBF
S21403BC600471627803B8411107310872A1152035B3
S21403BC70AA7102DD3272A11120D9A07102D92872ED
S21403BC80CCDA9872411140D9927206B802DB107171
S21403BC90046500C1102008401411112D112D054D07
S21403BCA05C720298E61321114049C0D94E71A03147
S21403BCB041154035016551410361076308DA1E7279
S21403BCC004DA38721049A1150235067110DB0E72BC
S21403BCD001340A7108DB247190B86778CC321110EE
S21403BCE01A300ADC0872CCDE0471FD3100C00D0F79
S21403BCF00C0D0698180D01D8607207B80298101438
S21403BD0000BA411108D90C7102EC00CA05B830DA42
S21403BD10EC720734F031026101DA0471014900C0A4
S21403BD20F300A3E30698180D01D8D07100C0981449
S21403BD3040680698180D4030014440DA0471204CE0
S21403BD4004320162204A111006300068014218319D
S21403BD500269114202982E14204A00C005170850A3
S21403BD600698180D113001422088FFBB0DDA50717A
S21403BD7000C1DE1B250180BC04DA107208DA0A72E1
S21403BD8000C120841000E024A0240763414301641B
S21403BD9001DA06711E49024B00C0281F0021076303
S21403BDA03810BC2002DA127101B91159A11380DBD5
S21403BDB0087100C100FCFF01181002988A1700C41E
S21403BDC0B01E0021441080D87C710092D0DA067130
S21403BDD00DDA0C7190BD437DEFBD0698C605036270
S21403BDE00DDA8672A11105D95C7100C238100840BD
S21403BDF024120C24281401D9067202D9327140D9B0
S21403BE001E7102EC00CA211018320471FA2220D8DF
S21403BE1004720822FE22087502EC00C8F87001D9E5
S21403BE200E7102EC00C802D9067204DC187200C058
S21403BE30B01E00210410026801D8067190B8647819
S21403BE4018B873780298FE1700C50020084000C093
S21403BE500417000008D904720A480815104D00B8E4
S21403BE6008D90472FF200815084D00C00884000096
S21403BE7008D9087200C02083B8ED0815104D207D40
S21403BE8000A000B8011A00C07400084002789110A0
S21403BE901030011905BA06985A1302D9067101B86B
S21403BEA002A800C0B01E0021041380DB06710298AE
S21403BEB0A61340DB067102983E198CBA7C7A01DB26
S21403BEC06C7100C22C1F002124111114FF3402ECE4
S21403BED000C8FF24FA7607610698260D0361113819
S21403BEE00F3003611114011141100698260D01D875
S21403BEF0087203B8029810141C4A02DB247124103B
S21403BF00112811280412023006710762076200C066
S21403BF10FFFF0000213800C218000840FF20081267
S21403BF20411007600698260D01D87C7120BC10339B
S21403BF30767100BB00C1281F00211415C021112CE7
S21403BF405112076A0F320E7140885114069854181E
S21403BF504143009451120765036A0F320E71411173
S21403BF60511406985418036C41430765513B00C1AE
S21403BF70E41E00211411111231100F30127100BA91
S21403BF80046101D80471114200600FD8F4723110B5
S21403BF9002601E30047201B8003A087204B80298B0
S21403BFA010140298161600C1306108401411076178
S21403BFB080D91A7102EC1DB002EC1DB1015811288C
S21403BFC0A0B91159112806758CBA637A00C0341FBC
S21403BFD0002104110F3103DD1A7200C0006008400F
S21403BFE0041007D80E7200C01040084004B9181099
S21403BFF000F80698E4100698C40500F830885088C0
S21403C000FF34087102ECFF24F87002EC00CD141024
S21403C01001BB5150FFD8047131440760006B10DB3D
S21403C020F2710421FF22E4720F4C0095009300A0E6
S21403C03000C01860084004100560073000A00CB864
S21403C04002983A1902EC00CAFFBC80BD069888180D
S21403C0500448187202EC00C92115F03500650F324A
S21403C060076A114200C4FF0F000000C1C01E002172
S21403C070141031110113413B02EC10D9087121143D
S21403C08000CA2C70305206714052B47221140760F5
S21403C0900760FF3055DC187100CA005212710ADEC1
S21403C0A00E714ADE0A7155DE06713052927200C175
S21403C0B0C41E002110880698361E073111450765F1
S21403C0C00765414500C30C70084034130763FF330C
S21403C0D007633145009158110849281118B8757837
S21403C0E00BB8029810140763076302EC00CA02DB5E
S21403C0F0127155DE067202989C1854DE0672029878
S21403C1009C1801DB12710698600D06985C0D02EC14
S21403C11000CA0298FE1700C1BC1E002114147C49F5
S21403C1200698600D40522E7204DBE07190B8637877
S21403C1300698881804486E7200BA0698600D211394
S21403C140141000C1FF0F0000113A1052547101522F
S21403C150113A067104B88C7000BA0698600D211166
S21403C160FF3207611114911010D82271073103DDD5
S21403C1701C7200C1C81E00211411FF311152067132
S21403C1800AB8D4708CB97C790298FE1741108130B6
S21403C19081DC0E72076A034A076A0F4A0698181B61
S21403C1A00298FE171410FFBC013C0698BE1B02EC57
S21403C1B000CA02EC00C902EC00CB076A3142076AE8
S21403C1C021410F3302EC00CD02EC00CA0040087296
S21403C1D0211302EC00CA07621142911110D92A7189
S21403C1E021110F3103DD227200C1C81E0021141174
S21403C1F0FF31076A00230C71115308710AB80298BD
S21403C200AE198CB97C79147021110F31076A02DDDF
S21403C2105A7101DD067103DD4A7200880AB9069871
S21403C220021B00902111FF32FFDE38712054387252
S21403C230FC25187202EC00CA01DE107202EC00CA7A
S21403C24018DE087288B877781A70066100400472A0
S21403C250006180D90E714CBA477A06985A1B90B87B
S21403C26043780298FE1704B89670FF32FF24F875D9
S21403C2700BB90698021B2110E03001584128E875D7
S21403C280F83002601F32215A0125212DDA75012A62
S21403C290D67602EC00CAFF20FA764111073101B8C0
S21403C2A00698160D003AC071BA70004008710698D9
S21403C2B0921B0470022106B81159112DAC7500A00B
S21403C2C000C5A81008403110036008150111076067
S21403C2D0076007690F30F0311140081507630363E1
S21403C2E03815281507622815076228157FBA2815FA
S21403C2F000BA28157FBA281590B8437818B873780B
S21403C30000A00698CE1B11140CB900400A710064F5
S21403C3100AB90698921B03BD514400C5A8100840ED
S21403C320202A047528154815076448151815004073
S21403C330047238150764481500A00088408800C0BA
S21403C340C81E002104100760073000C42000084000
S21403C3504414412C047201244138405004720121D4
S21403C3600094009000A000C0C81E002104100760BF
S21403C3700730074800A000C2C01E00212412211463
S21403C380076AFF320CDE12710DDE0E710FDE0A71C4
S21403C39010DE0671215A00A0FF34411200A000C12E
S21403C3A0B41E0021141100A0308806980C1E8111BB
S21403C3B0076102D906720298E81C88BB557B0761A1
S21403C3C020D906710298D81C0088A1100768069821
S21403C3D0F61B08211415FC2590BB5C7B5D7B00C116
S21403C3E00060084014110731FE21307608D82A72FF
S21403C3F05113FC23341304DB2071076BFF33315BCB
S21403C40000C1087008401411076180490C71FF31A0
S21403C4103029607590BB7B7B1C707B7B7C7B00DD4F
S21403C42004717D7B01BB38158113076B403306719E
S21403C43018BB717BEC25541300DF5471042505DF0C
S21403C440547154152111208806987A0D00925129AB
S21403C4503E7500C100600840141102DB0C71073101
S21403C460315B31292A760C7004DF0872006180D9AB
S21403C4701E720698F61B00C0087008400698501EE9
S21403C4800698F61B1411FFD9607202982E1D0090B1
S21403C490009300A05415A111076910D9A6720825A8
S21403C4A008D8A071082510D89A71208821110698FB
S21403C4B07A0DFC255412112AF82554110C2520D880
S21403C4C00871F025541110252029047621591815D2
S21403C4D0009202989A1C18B97179811010D80A71C3
S21403C4E088B8447800B8417888B9747908B9677908
S21403C4F000F88110A0D8087188B9497900A00760B0
S21403C50002D8FA710698F61B108806988A130762F3
S21403C510076210DA087108211415F025541100C2B9
S21403C5200020FEFF2029127506985C1E01D90A72A8
S21403C53006982E0A0698D80800941CBB41100C20B7
S21403C5400698C0124111082114100698C01231280B
S21403C550441111120761FF31FF320122105210728B
S21403C5600769181404244413042438140C70076948
S21403C57021411814082408140298841340441471A3
S21403C58000C1B81E002114155113036B0FDB0C7288
S21403C590066D0698A807411500A00698D8080698C1
S21403C5A08A1308BB51140698941D4415FC2554158C
S21403C5B00298EA0788B900C3B01E00213413076344
S21403C5C008DB1A718113A0DB06714979107069794B
S21403C5D0076302DB087208B9677900F800A08111C7
S21403C5E0076102D9107188B975790698F61B14117C
S21403C5F0FF3100A0FFB900A0041008211411F42194
S21403C600081100A081110761076110310E710698A9
S21403C610F61B08211411F821141100A0FCC703000F
S21403C620E4C7030014C803002CC80300232D302BD3
S21403C6302000686C4C00656667454647003031321B
S21403C6403334353637383941424344454600303172
S21403C65032333435363738396162636465660000D1
S21403C66001020304050607282962675F6D65737375
S21403C67061676520726563656976657273006267D4
S21403C6806275660061636C006C6C5F636F6E6E65EB
S21403C6906374696F6E006C6C5F6164765F73657458
S21403C6A0006761705F636F6E74657874006C6C5FAF
S21403C6B076616C696461746F72006D6573685F7030
S21403C6C0726F765F64620062675F6D65737361673E
S21403C6D06500736F66745F74696D65725F6D65730D
S21403C6E07361676500666F756E646174696F6E5F0C
S21403C6F0636D64006C6C5F6164765F73796E630070
S21403C7006C6C5F7363616E5F73796E6300676170F1
S21403C7105F706572696F6469635F61647600676101
S21403C720705F706572696F6469635F73796E6300C7
S21403C7306C326361705F636F635F6368616E6E65BF
S21403C7406C006D6573685F70726F765F64625F61BD
S21403C75070706B6579006D626564746C735F636F8C
S21403C7606E746578740000007EC6030084C60300FA
S21403C77088C6030096C60300A1C60300ADC6030021
S21403C780BAC60300C7C60300D2C60300E5C6030045
S21403C790F4C6030000C703000DC703001EC703004B
S21403C7A030C7030042C7030056C7030062676275BB
S21403C7B0665F696E0062676275665F6F75740062B6
S21403C7C0676275665F6E6F666C6F770062675F6D34
S21403C7D0616C6C6F630062675F72616E646F6D5F3E
S21403C7E06165730054CD03000000000044C80300D5
S21403C7F0010000005D9E0EDB00F0490254CD0300ED
S21403C8000000000068C80300010000002CFACDBE3B
S21403C81000F0490254CD0300000000008CC803005A
S21403C82001000000481E85EB00F0490254CD0300CA
S21403C83000000000B0C8030001000000CA059DBD4B
S21403C84000F04902D4C80300809C2B8F80841E000E
S21403C8500000000027006800980D0020000000007C
S21403C8600000000000000000F4C90300809C2B8F2A
S21403C87080841E000000000027006800980D00203A
S21403C88000000000000000000000000014CB0300BE
S21403C890809C2B8F80841E00000000002700680009
S21403C8A0980D0020000000000000000000000000BB
S21403C8B034CC0300809C2B8F80841E000000000075
S21403C8C027006800980D002000000000000000000C
S21403C8D000000000F81F01018CCE030034000100A5
S21403C8E0100000004000010020070000480001007F
S21403C8F000040000540002000D0F000001010000B8
S21403C900A000010003C0010030300100F93D100013
S21403C910B840010000C0830040410100E9008800E0
S21403C92018600400300000461F08040000200010B2
S21403C93000500A005060040018000500000A0000BA
S21403C9400A00800011000A0078600C000F04000043
S21403C95000000000140012005B948C1B0000000013
S21403C96001040B192C404C59605B534736251B11A9
S21403C9704AF338966745231211090000E46007005E
S21403C9808208BA8C0000000064048207AC0DCB0C4E
S21403C99090200600F9541C0082940AC70461030021
S21403C9A0C7EF1100A01B00000A88000030610700D3
S21403C9B04CD4E83B04196F00080E141A20262C32B8
S21403C9C0383E10325476980A1D5F0000147001102A
S21403C9D000F8070014700130F80000001870020019
S21403C9E0000300006000A5837070010006010200CA
S21403C9F0FFFFFFFFF81F0101DCCE03003400010038
S21403CA00100000004000010020170000480001004D
S21403CA1001040000540002000D0F00000101000095
S21403CA20A000010003C0010030300100F93D1000F2
S21403CA30B840010000C0830040410100E9008800BF
S21403CA4018600400300000461F0804000020001091
S21403CA5000500A005060040018000500000A000099
S21403CA600A00800011000A0078600C000F04000022
S21403CA7000000000140012005B948C1B00000000F2
S21403CA8001040B192C404C59605B534736251B1188
S21403CA904AF338966745231211090000E46007003D
S21403CAA08208BA8C0000000064048207AC0DCB0C2D
S21403CAB090200600F9541C0082940AC70461030000
S21403CAC0C7EF1100A01B00000A88000030610700B2
S21403CAD04CD4E83B04196F00080E141A20262C3297
S21403CAE0383E10325476980A1D5F00001470011009
S21403CAF000F8070014700130F800000018700200F8
S21403CB00000300006000A5837070010006010200A8
S21403CB10FFFFFFFFF81F01012CCF030034000100C5
S21403CB200000000040000100A007000048000100CC
S21403CB300000000054000200000000000000000097
S21403CB40A0000100FF4C0000303001001149100026
S21403CB50B840010000C0E30040410100EA0088003D
S21403CB6018600400000000C61FC00000005000004C
S21403CB7000D0320050600400FC006900410C000045
S21403CB80000000001100080078600C000804000094
S21403CB9000000000BE031A000000000000000000B2
S21403CBA001040C1A2F46536168625849352014074E
S21403CBB0C491A0635644332322529224E4600700B0
S21403CBC08108A1CB00000000198407059411CB4807
S21403CBD099200600016120008294EA87046103001D
S21403CBE065B611001E37000089BB000030610700E0
S21403CBF0E853FA00000000000000000000000000F8
S21403CC000000000000000000000000001470011087
S21403CC1000F8070014700130F802000018700200D4
S21403CC20000300006000278470700100C30000004A
S21403CC30FFFFFFFFF81F01017CCF03003400010054
S21403CC400000000040000100A007000048000100AB
S21403CC500000000054000200000000000000000076
S21403CC60A0000100FF4C000030300100E338100044
S21403CC70B840010000C08300404101006D008800F9
S21403CC8018600400000000C61FC00100005000002A
S21403CC90008000005060040018000500410C0000EE
S21403CCA0080000009100040078600C008C000C0063
S21403CCB00000000014001A0000000000000000003E
S21403CCC001040B192C404C59605B534736251B1146
S21403CCD04AF338966745231211090000E4600700FB
S21403CCE08F0846CB0000000023086404D007CB4817
S21403CCF091200600F9541C008294EA87046103001D
S21403CD0051551100B01B000089BB000030610700BD
S21403CD10E853FA00000000000000000000000000D6
S21403CD200000000000000000000000001470011066
S21403CD3000F8070014700130F800000018700200B5
S21403CD40000300006000A583707001000541000029
S21403CD50FFFFFFFFDC1F04010000000000000000CF
S21403CD600000000000000000F01F02013F00370033
S21403CD7000000000FC1F0101000000000400020088
S21403CD8001810100000100001800020000000000FD
S21403CD90010000002800030000000000000000005F
S21403CDA0000000003800020000000000542C0020A1
S21403CDB0A4000300FF4C0000FF4D0000FF4D0000E1
S21403CDC0002001000807000010200100AAAAAA00FC
S21403CDD0182001000060DA000830010013AC0001DF
S21403CDE03430010001000000403001000000000064
S21403CDF0A04001007A27000FF44001002010000035
S21403CE003441020080080000E68700004441010028
S21403CE10C0E6524D60410400000000000000000020
S21403CE200600000006000000146001001000000069
S21403CE30286003000000000300000000000000005C
S21403CE406060020029417671000000002061010045
S21403CE50FFDF00004C6101000100000020700400A9
S21403CE60000000008200000000008001D5000000E2
S21403CE70487002003C3D0000BC19000074700200BC
S21403CE800F9C030006E04900FFFFFFFF10000000B1
S21403CE900000800000000000ECCF0300CCCF0300AE
S21403CEA000000000201089000048E80140420F00FF
S21403CEB001080000F93D0002000000000000000029
S21403CEC0000000000000000000000000E9410F0021
S21403CED0000000000000000000000000100000003A
S21403CEE00000800000000000ECCF0300D4CF030056
S21403CEF000000000201089000048E80140420F00AF
S21403CF0001020000F93D00020000000000000000DE
S21403CF10000000000000000000000000E9410F00D0
S21403CF2000000000000000000000000010000000E9
S21403CF30388EE30000000000ECCF0300DCCF0300D4
S21403CF4000000000E070720080DE800280841E0015
S21403CF50010100001149000200000000000000006B
S21403CF6000000000000000000000000041841E00D6
S21403CF700000000000000000000000001000000099
S21403CF801CC7710000000000ECCF0300E4CF0300D1
S21403CF900000000018CC660080DE800240420F00CE
S21403CFA001010000E338000200000000000000005A
S21403CFB00000000000000000000000005B420F00BD
S21403CFC0000000000000000000000000FBD9020083
S21403CFD0E7180000EBBE0000E7180000B45F00008F
S21403CFE05F05000028A00000C4090000193F0106E1
S21403CFF0041001000001010600102700000C0000C9
S20C03D000000000000000000020
S20C03D008DC05FD7F01000000BA
S21003D0101CD00300C00A00208C030000A4
S21403D01C78940300000000000100000087840300DE
S21403D02C0000000027FA020011FA0200C0EA2101F0
S21403D03CD8310020C0EA2101C0EA2101008000009B
S21403D04C00F04902E8030000100002010003000090
S21403D05C00000000000000000000000000030000B9
S21403D06C00000000000040000303040680000400D8
S21403D07C070000001000020100030000000000007F
S21403D08C0000000000000000000300000000000089
S21403D09C00004000030304068000040007000000A1
S21403D0ACA41D00200000160064000000C20100004E
S21403D0BCFC1D00200000160064000000C2010000E6
S21403D0CCC2010000C2010000C2010000C201000040
S21403D0DCC2010000C2010000C2010000C201000030
S21403D0ECC2010000C2010000C2010000C201000020
S21403D0FCC2010000C2010000C2010000C201000010
S21403D10CC2010000C2010000C2010000C2010000FF
S21403D11CC2010000C2010000C2010000C2010000EF
S21403D12CC2010000C2010000C2010000C2010000DF
S21403D13CC2010000C2010000C2010000C2010000CF
S21403D14CC2010000C2010000C2010000C2010000BF
S21403D15C00000000C20100400040008000000000F8
S21403D16C0000C201C201C201C201C201C201000019
S21403D17C000000000000000000000000000000009B
S21403D18C000000000000941194119411000000009C
S21403D19C000000000000000000000000A0A1030037
S21403D1AC200000000000000000000000000000004B
S21403D1BC00000000000000001DEA01000000000053
S21403D1CC0000000000000000A1CB010000000000DE
S21403D1DC000000000000000099D3010000000000CE
S21403D1EC000000000000000045E201000000000003
S21403D1FC00000000000000006D4803000000000063
S21403D20C79E60100000000000000000000000000AA
S21403D21C29E60100000000000000000000000000EA
S21403D22C75E701000000000000000000E5F00100B7
S21403D23C0000000000FFFFFFFF000000C1680300B2
S21403D24CC5680300C9680300CD680300FFFFFFFF32
S21403D25CE976030028A70300FFFFFFFF34A70300AC
S21403D26CFD7A0300F97A0300FFFFFFFFD178020073
S21403D27CFFFFFFFFFFFFFFFFFFFFFFFFFFFFFFFFAA
S21403D28CFFFFFFFF117F03007982030000000000FD
S21403D29C03000000982A00204C0D0020000000001C
S21403D2AC982A0020002B0020682B0020000000008A
S21403D2BC000000000000000000000000000000005A
S21403D2CC000000000000000000000000000000004A
S21403D2DC000000000000000000000000000000003A
S21403D2EC0000000000000000FFFFFFFF000000002E
S21403D2FC000008070A00FFFFFFFF200004000000E1
S21403D30C00000000020010000000000000000000F7
S21403D31C000000000000000000000A0001000000EE
S21403D32C00000A001E001D004E65766572666C6171
S21403D33C6D652043505620332E302E323420333135
S21403D34C4A756C3236000200030003004350560045
S21403D35C02000200000032350200090007003033D9
S21403D36C2E302E32310000000200080000000000B0
S21403D37C0000000000000200180012003030342DAC
S21403D38C3236303833312D303030303030300000D8
S21403D39C00000000020006000500342E342E330075
S21403D3AC020001000000000002000700000000015C
S21403D3BC0203040506000A00010000000000040036
S21403D3CC010000000000020001000000000008003D
S21403D3DC06000000000000000000080040000100EA
S21403D3EC0000000000000000000000000000000029
S21403D3FC0000000000000000000000000000000019
S21403D40C0000000000000000000000000000000008
S21403D41C00000000000000000000000000000000F8
S21403D42C1200640001000000000000000000000071
S21403D43C00000000000000000000000000000000D8
S21403D44C00000000000000000000000000000000C8
S21403D45C00000000000000000000000000000000B8
S21403D46C00000000000000000000000000000000A8
S21403D47C0000000000000000000000000000000098
S21403D48C00000000000000000000FF7FB8203828D2
S21403D49CC230533AC844F34FAC5BC167F073018098
S21403D4ACC78B0E97AEA19FABC8B425BDB7C468CBCC
S21403D4BC5CD1AED664DB8CDF32E36EE649E9C7EBB0
S21403D4CCF8EDE3EF9CF119F3610EA312D717121EB6
S21403D4DC6425D22D5337CF411F4D10596665E17124
S21403D4EC3E7E3D8AB9958CA09BAAD7B33BBCCBC3D7
S21403D4FC63CB8ECA94D0EBD5A4DACEDE79E2B3E551
S21403D50C89E808EB3CED2CEF64F2BAF3E8F4F5F596
S21403D51C00400040004000400040004000400040F7
S21403D52C00800080008000806A950D0200000000D9
S21403D53C000003FBC31ED007D007AA050500060090
S21403D54CA000960017000E0000000000FFFF010469
S21403D55C02021F0401FFBF8FAF7F8700370F101027
S21403D56C0004040F05140A01FF03010FFF0EFE014E
S21403D57CFF200B32324B4B00044AD2F84C3143F0AB
S21403D58C004330BFC2F84C31704700BF00300E402A
S21403D59CC1D5000099D50000000000000000000073
S21403D5AC0000000000000000000000000000000067
S21403D5BC0000000000000000000000000000000057
S21403D5CC0000000000000000000000000000000047
S21403D5DC0000000000000000000000000000000037
S21403D5EC0000000000000000000000000000000027
S21403D5FC0000000000000000000000000000000017
S21403D60C0000000000000000000000000000000006
S21403D61C00000000000000000000000000000000F6
S21403D62C00000000000000000000000000000000E6
S21403D63C00000000000000000000000000000000D6
S21403D64C00000000000000000000000000000000C6
S21403D65C00000000000000000000000000000000B6
S21403D66C00000000000000000000000000000000A6
S21403D67C0000000000000000000000000000000096
S21403D68C0000000000000000000000000000000086
S21403D69C0000000000000000000000000000000076
S21403D6AC0000000000000000000000000000000066
S21403D6BC0000000000000000000000000000000056
S21403D6CC0000000000000000000000000000000046
S21403D6DC0000000000000000000000000000000036
S21403D6EC0000000000000000000000000000000026
S21403D6FC0000000000000000000000000000000016
S21403D70C0000000000000000000000000000000005
S21403D71C00000000000000000000000000000000F5
S21403D72C00000000000000000000000000000000E5
S21403D73C00000000000000000000000000000000D5
S21403D74C00000000000000000000000000000000C5
S21403D75C00000000000000000000000000000000B5
S21403D76C00000000000000000000000000000000A5
S21403D77C0000000000000000000000000000000095
S21403D78C0000000000000000000000000000000085
S21403D79C0000000000000000000000000000000075
S21403D7AC0000000000000000000000000000000065
S21403D7BC0000000000000000000000000000000055
S21403D7CC0000000000000000000000000000000045
S21403D7DC0000000000000000000000000000000035
S21403D7EC0000000000000000000000000000000025
S21403D7FC0000000000000000000000000000000015
S21403D80C0000000000000000000000000000000004
S21403D81C00000000000000000000000000000000F4
S21403D82C00000000000000000000000000000000E4
S21403D83C00000000000000000000000000000000D4
S21403D84C00000000000000000000000000000000C4
S21403D85C00000000000000000000000000000000B4
S21403D86C00000000000000000000000000000000A4
S21403D87C0000000000000000000000000000000094
S21403D88C0000000000000000000000000000000084
S21403D89C0000000000000000000000000000000074
S21403D8AC0000000000000000000000000000000064
S21403D8BC0000000000000000000000000000000054
S21403D8CC0000000000000000000000000000000044
S21403D8DC0000000000000000000000000000000034
S21403D8EC0000000000000000000000000000000024
S21403D8FC0000000000000000000000000000000014
S21403D90C0000000000000000000000000000000003
S21403D91C00000000000000000000000000000000F3
S21403D92C00000000000000000000000000000000E3
S21403D93C00000000000000000000000000000000D3
S21403D94C00000000000000000000000000000000C3
S21403D95C00000000000000000000000000000000B3
S21403D96C00000000000000000000000000000000A3
S21403D97C0000000000000000000000000000000093
S21403D98C0000000000000000000000000000000083
S21403D99C0000000000000000000000000000000073
S21403D9AC0000000000000000000000000000000063
S21403D9BC0000000000000000000000000000000053
S21403D9CC0000000000000000000000000000000043
S21403D9DC0000000000000000000000000000000033
S21403D9EC0000000000000000000000000000000023
S21403D9FC0000000000000000000000000000000013
S21403DA0C0000000000000000000000000000000002
S21403DA1C00000000000000000000000000000000F2
S21403DA2C00000000000000000000000000000000E2
S21403DA3C00000000000000000000000000000000D2
S21403DA4C00000000000000000000000000000000C2
S21403DA5C00000000000000000000000000000000B2
S21403DA6C00000000000000000000000000000000A2
S21403DA7C0000000000000000000000000000000092
S21403DA8C0000000000000000000000000000000082
S21403DA9C0000000000000000000000000000000072
S21403DAAC0000000000000000000000000000000062
S21403DABC0000000000000000000000000000000052
S21403DACC0000000000000000000000000000000042
S21403DADC0000000000000000000000000000000032
S21403DAEC0000000000000000000000000000000022
S21403DAFC0000000000000000000000000000000012
S21403DB0C0000000000000000000000000000000001
S21403DB1C00000000000000000000000000000000F1
S21403DB2C00000000000000000000000000000000E1
S21403DB3C00000000000000000000000000000000D1
S21403DB4C00000000000000000000000000000000C1
S21403DB5C00000000000000000000000000000000B1
S21403DB6C00000000000000000000000000000000A1
S21403DB7C0000000000000000000000000000000091
S21403DB8C0000000000000000000000000000000081
S21403DB9C0000000000000000000000000000000071
S21403DBAC0000000000000000000000000000000061
S21403DBBC0000000000000000000000000000000051
S21403DBCC0000000000000000000000000000000041
S21403DBDC0000000000000000000000000000000031
S21403DBEC0000000000000000000000000000000021
S21403DBFC0000000000000000000000000000000011
S21403DC0C0000000000000000000000000000000000
S21403DC1C00000000000000000000000000000000F0
S21403DC2C00000000000000000000000000000000E0
S21403DC3C00000000000000000000000000000000D0
S21403DC4C00000000000000000000000000000000C0
S21403DC5C00000000000000000000000000000000B0
S21403DC6C00000000000000000000000000000000A0
S21403DC7C0000000000000000000000000000000090
S21403DC8C0000000000000000000000000000000080
S21403DC9C0000000000000000000000000000000070
S21403DCAC0000000000000000000000000000000060
S21403DCBC0000000000000000000000000000000050
S21403DCCC0000000000000000000000000000000040
S21403DCDC0000000000000000000000000000000030
S21403DCEC0000000000000000000000000000000020
S21403DCFC0000000000000000000000000000000010
S21403DD0C00000000000000000000000000000000FF
S21403DD1C00000000000000000000000000000000EF
S21403DD2C00000000000000000000000000000000DF
S21403DD3C00000000000000000000000000000000CF
S21403DD4C00000000000000000000000000000000BF
S21403DD5C00000000000000000000000000000000AF
S21403DD6C000000000000000000000000000000009F
S21403DD7C000000000000000000000000000000008F
S21403DD8C000000000000000000000000000000007F
S21403DD9C000000000000000000000000000000006F
S21403DDAC000000000000000000000000000000005F
S21403DDBC000000000000000000000000000000004F
S21403DDCC000000000000000000000000000000003F
S21403DDDC000000000000000000000000000000002F
S21403DDEC000000000000000000000000000000001F
S21403DDFC000000000000000000000000000000000F
S21403DE0C00000000000000000000000000000000FE
S21403DE1C00000000000000000000000000000000EE
S21403DE2C00000000000000000000000000000000DE
S21403DE3C00000000000000000000000000000000CE
S80401281DB5
