S017000062745F6E65766572666C616D655F43532E7333378E
S21400000000000120F9340000F5340000F53400004B
S214000010591B0000F5340000F5340000F5340000EC
S214000020F5340000F5340000F5340000F534000027
S214000030F5340000F5340000F5340000F534000017
S214000040F534000015740000F5340000F5340000A7
S2140000501D6C000059740000217400002574000017
S21400006019740000F5340000F5340000F534000083
S214000070F5340000F5340000F5340000F5340000D7
S214000080F5340000F5340000F5340000F5340000C7
S214000090F5340000F5340000F5340000F5340000B7
S2140000A0F5340000F5340000F5340000F5340000A7
S2140000B05D7400001D740000818B0000F5340000A4
S2140000C099740000F5340000F1560000F534000085
S2140000D0F5340000F5340000F5340000F534000077
S2140000E0F5340000F5340000F5340000F534000067
S2140000F0F5340000F5340000F53400000348044BE6
S214000100834202D0034B03B118477047C400002057
S214000110C4000020000000000548064B1B1AD90F3B
S21400012001EBA301491002D0034B03B118477047F7
S214000130C4000020C40000200000000010B5064CDB
S214000140237843B9FFF7DAFF044B13B10448AFF343
S21400015000800123237010BDC800002000000000AE
S21400016010C0000008B5054B1BB105490548AFF3A4
S2140001700080BDE80840FFF7CFBF00BF00000000CA
S214000180CC00002010C00000A3F5803A704700BFE6
S214000190174B002B08BF134B9D46FFF7F5FF0021BA
S2140001A08B460F461348144A121A09F0B7FA0E4B3C
S2140001B0002B00D098470D4B002B00D0984700200E
S2140001C0002104000D000D48002802D00C48AFF3B3
S2140001D0008009F071FA2000290002F075FA09F093
S2140001E059FA00BF000008000000000000000000F0
S2140001F000000120C80000205C190020000000005C
S21400020000000000BFF34F8F0549064BCA6802F492
S214000210E0621343CB60BFF34F8F00BFFDE700BF24
S21400022000ED00E00400FA0510B50246F8B1114BE7
S2140002301968888890421AD39888904281BF0968C6
S21400024099600120988099889868002420B904B1A4
S21400025098604FF6FF7203E08A4203D10CB19860B3
S2140002609A8010BD0131006889B20124EEE70020B3
S214000270F7E700BF8C100020114A916A01F1704325
S21400028003F5F813B3F5006F0CD2D2F82838A3F1B3
S2140002907E62A2F58432B2F5605F03D20968094A2D
S2140002A0914203D000230370836070471968064AA2
S2140002B09142F7D1012202709A6842609B69F3E787
S2140002C00000E10FAD1007B007B0CD5E1FB50C46BD
S2140002D040B901A8FFF7D0FF044B029A1A602360CA
S2140002E00423A380002004B010BD00BF78020020C5
S2140002F0064BD3F82828A2F17E63A3F58433B3F522
S214000300605F01D2536A1847002070470000E10F73
S2140003100D4B10B4D3F82848A4F17E63A3F58433BC
S214000320B3F5605F0BD2246BA4F17E63A3F5843330
S214000330B3F5605F03D2A36B5DF8044B184740F239
S21400034001105DF8044B70470000E10F0B4BD3F82B
S2140003502828A2F17E63A3F58433B3F5605F09D243
S214000360126BA2F17E63A3F58433B3F5605F01D20E
S214000370D36B184740F20110704700BF0000E10F32
S2140003807FB50E4A03466D4602F1100610685168A6
S2140003902C4603C40832B2422546F7D15A1E04A999
S2140003A00F3311F8014D12F8010F844204D19A421E
S2140003B0F7D1012004B070BD0020FBE7389900009B
S2140003C0F8B5184E306848BB174B184C184FE41A4F
S2140003D0184B1C4424F4FF6424F00704D7F8F830C4
S2140003E09BB2B4EB832F18D2656BC5B1D7F8F83043
S2140003F09BB2B5EB832F12D2D7F8F82005F1500345
S21400040092B2B3EB822F0AD82846FFF7B9FF30B175
S214000410EB6933F0080302D034603068F8BD04F5A9
S2140004200064DBE77002002010000020C4000020FB
S2140004300081E00F67C8000010B50C4648B9FFF70A
S214000440BFFF054B10B1426B126A1A60236004238B
S214000450A380002010BD00BF74020020084B40F2AD
S21400046001121A604FF0FF329A6001225A6001446E
S21400047010F8012B9A618842FAD1D869C0437047B8
S21400048000C00140034B044A9979117500221A6096
S214000490704700BF400B0020D80A002030B500226D
S2140004A08BB01346D91003F00704415C2141CC07FA
S2140004B041BF02F128016944013201F8283C0133AA
S2140004C0252BEFD10D4C0023D91003F00705415C16
S2140004D02941C9075FBFB3FBF2F102FB1131283196
S2140004E0694448BFD9B203F1010358BF11F8281C6C
S2140004F004F8011F252BE7D10BB030BD010B0020FF
S21400050008B50348FFF7CAFF002340F8063C08BDBD
S214000510460B0020084A10B5136840F2E2446043D8
S21400052000F5807004FB013303EB5003136053683F
S2140005300344536010BD00BFD80A0020D0B50C4C51
S214000540E38C0A20584308F009FE0646A08C0F46A6
S21400055008F004FE074B002208F06AFE02460B462F
S2140005603046394608F08EFF09F074F82083D0BD77
S214000570D80A00200000F43F70B5094CB4F8071004
S214000580A079B4F80960B4F80D50FFF7C3FF054B27
S2140005909E84DD84FFF7D2FF0023236070BD00BF7A
S2140005A0400B0020D80A0020837DDB0701D5808A17
S2140005B07047D0E901239B1A44BF828A9B1898B2E1
S2140005C070470000084BD3F8F020D3F8F4300270E0
S2140005D0110A120C82701A0AC2701A0C1B0E417095
S2140005E002714371704700BF0081E00F034BD86B68
S2140005F080F04000C0F38010704700BF00300E400F
S21400060008B5FFF7F3FF20B1024AD2F8C830002B36
S214000610FBD108BD0000C64308B5FFF7F1FF024B4B
S2140006205868C0F3014008BD00300E400C4B98429D
S21400063005D90C4B984210D80122012301E0002274
S214000640134609490B640949D1F8003123F0807339
S21400065043EA0263C1F8003170470222EDE700BFAB
S2140006600048E8010090D0030000C84300400E4058
S2140006700F4B5B680F4B30B500221C46C9B21D7984
S2140006808D4202D11D6885420DD20132052A03F142
S2140006900803F4D10321064A536823F0407343EA63
S2140006A00163536030BD04EBC2046179F3E700BF19
S2140006B000000E40EC99000038B5074C0748256C42
S2140006C041F6713323640021ADB2FFF7D1FF0DB1BF
S2140006D00023236438BD00BF00000E4000F049022E
S2140006E038B5064C256C41F671332364ADB2FFF77E
S2140006F0BFFF0DB10023236438BD00BF00000E40CD
S21400070042EA0322B2F5007F10B5194C29D00AD868
S214000710B2F5807F22D040F201139A4215D062B91A
S214000720D4F81C320BE0B2F5407F1DD040F2013306
S2140007309A4210D0D4F8283201E0D4F82432C3F319
S2140007400722DBB203600A6010BDD4F824321A0E0A
S214000750C3F30743F6E7D4F82832F8E7D4F81C3298
S214000760F5E7D4F82032EAE7D4F82032EFE700BF06
S2140007700081E00F2F4B1A6FD96C11F0010F02F0B9
S214000780060242D0002A40D013284FD91438132826
S2140007908CBF102308232749013BCA6C180322F498
S2140007A07F4240EA03231343CB64234BCA6C1B8867
S2140007B0C2F303222833013202EB820003EB530319
S2140007C0B3FBF0F3C86C013B072B28BF072320F0D0
S2140007D0EE6040EA036343F48013CB64174BB3F92F
S2140007E00030002B10DB2833500800EB420203EBEE
S2140007F05303B3FBF2F30A6D072B28BF072322F03F
S214000800700242EA03130B657047D96C01F00101D0
S214000810114304D1092809D90A380928B8E7DB6C3E
S21400082013F00103B7D01AB92728B1E70423B2E7BB
S2140008300023B0E700300E405A0B0020580B002073
S21400084070B51D4DD5F82828A2F17E63A3F5843334
S214000850B3F5605FE0B001D2136B23B94FF40174B7
S214000860204660B070BD5B6A4FF4C07269460020D7
S214000870984704460028F3D140F20126D5F82828E8
S214000880A2F17E63A3F58433B3F5605FE6D2126B04
S214000890A2F17E63A3F58433B3F5605FDED2936A7C
S2140008A0002168469847B042E8D040F203239842B9
S2140008B018BF0446D4E700BF0000E10F104A0B46FD
S2140008C0D2F82818A1F17E62A2F58432B2F5605FF4
S2140008D010B40FD2096BA1F17E62A2F58432B2F594
S2140008E0605F07D20C69074A0146A44600205DF8FF
S2140008F0044B60474FF481705DF8044B704700BFAF
S2140009000000E10FD006002037B50446684680E8B0
S214000910060003C8251D85E805002373069B0B4AC1
S2140009202361BDF81C30A38200232360136853B1F3
S21400093019461B68002BFBD10C609088013080B2F2
S214000940908003B030BD1460F7E700BF4C13002062
S21400095037B50D461446FFF767FC70B1036973B1EF
S214000960818A4FF6FE72914209D10095ADF8044097
S21400097069460120984703B030BD0120FBE70E20F2
S214000980F9E7036937B514460D46828A63B14FF618
S214000990FE718A4208D100200090ADF80400694636
S2140009A0984728B103B030BD2B6000202280F9E7BD
S2140009B0009B2B60BDF804302380F3E738B50D4666
S2140009C01446FFF731FC40B122462946FFF7D9FF0F
S2140009D010B92B6803B9208038BD0120FCE7000061
S2140009E007B503790193054A0368009306CA0223F4
S2140009F00830FFF789FF03B05DF804FBD8990000C4
S214000A00034B5A6D12B95865A3F85810704700BFCB
S214000A10D80A00200C4BD3F82838A3F17E62A2F542
S214000A208432B2F5605F10B50CD21968074A91425D
S214000A3008D1074C2278012A04D11B6A984708B9C6
S214000A400223237010BD00BF0000E10F07B0CD5E8B
S214000A50E40000200C4BD3F82838A3F17E62A2F500
S214000A608432B2F5605F10B50DD21968074A91421C
S214000A7009D1074C227812F0FD0F04D1DB699847A4
S214000A8008B90123237010BD0000E10F07B0CD5E4A
S214000A90E400002008B50F4B0F4C1B784FF00055B4
S214000AA06BB1FFF7D7FF0D4B2B600123A3602368C4
S214000AB023F4E06343F480632360FFF7A3FB2B601B
S214000AC00123A360236823F4E06343F48063236078
S214000AD0FFF798FBBD06002000500E4002020FF004
S214000AE0054A08B5937E43F040039376034B0022F5
S214000AF01A70FFF7CFFF00BFD80A0020541300205B
S214000B002DE9F04105460E461146FFF74DFD884299
S214000B1028BF084687B2B846B8F1000F09D12FB1F2
S214000B20AB7DDA0744BF23F00103AB753846BDE85A
S214000B30F081AA8A2B6869689C18641AA4B2444596
S214000B4028BF44462246304608F0DAFD6B6829681E
S214000B50AA8A23440A442644934228BF0B46A8EB9D
S214000B6004041FFA84F86B60D6E7F8B51F46038ABC
S214000B7004461646EBB9C57DDDB10123013D0B7079
S214000B800222C57500F11001FFF7BAFFE37D9BB1A5
S214000B90228ABA4228BF3A4631462046FFF7B0FFBF
S214000BA0238A1B1A2382E37D13B9638A1B1A638286
S214000BB0F8BD00230B70EBE7638A2382E8E72DE994
S214000BC0F041868A04460F461146FFF7EDFC361ABA
S214000BD0B6B28E4228BF0E46B046B8F1000F0BD113
S214000BE03EB1D4E901329A4202BFA37D43F001032D
S214000BF0A3753046BDE8F081A28A2368A0689D18D8
S214000C002D1AADB2454528BF45462A46394608F056
S214000C1077FDA3682168A28A2B440A442F44934296
S214000C2028BF0B46A8EB05051FFA85F8A360D4E796
S214000C30F8B5044616461F4611B3858AFFF7B4FC7E
S214000C402D1AADB2012D29D9E37D63B1658AE0681E
S214000C5005702D0A07D02268A38A013013449842F3
S214000C6028BF1046057000236382A368E360022253
S214000C7004F112012046FFF7A2FFE37D0133E3757E
S214000C803A4631462046FFF79AFF638A034463825A
S214000C90E37D13B9238A03442382F8BD0020FCE7D2
S214000CA013B50379124A03330446019300F1440353
S214000CB0009306CA02231430FFF726FE238A019308
S214000CC0E368009394E80600237A04F12C00FFF70B
S214000CD01BFE237A22792168A4F8450004F1470018
S214000CE084F8443002B0BDE8104008F009BD00BFEB
S214000CF0E499000070B50C4C0C4B06460D4694E883
S214000D00030083E803001846FFF76AFE084BD4E9A1
S214000D10020102221A7283E80300DE601D82184672
S214000D20BDE87040FFF7BCBFA09A0000400100205D
S214000D30E80000202DE9F347DDF82880BDF82C9068
S214000D4004460E4617461D46FFF76EFA8246BAF16F
S214000D50000F01D0B44205D94FF6FF74204602B00A
S214000D60BDE8F0879AF80830DAF804009D421AD1F8
S214000D702A46394608F09AFDA8B9B8F1000FEDD01A
S214000D800DF1020201A95046FFF7FBFD58B9019983
S214000D9049B1BDF802304B4505D14A46404608F0F9
S214000DA085FD0028DAD00134DAF800A0A4B2CEE738
S214000DB038B50C4611462568AD1A2A46014408F097
S214000DC085FD256038BD000001282DE9F34704D0D5
S214000DD00024204602B0BDE8F0878B88012B40F047
S214000DE03C810B681B78FBB99E4A9F4C13609F4A58
S214000DF013709F4A13609F4A13609F4A13609F4A6E
S214000E0013609F4A13709F4A13609F4A13609F4A5D
S214000E1013702378022B01D1FFF7FCFD012323700A
S214000E209B4B00221A70D3E7032B40F003818F4BB5
S214000E308D4E1C78002C4FD13378002B00F0F280BA
S214000E408F4B1B78082B02D0402B40F08A80DFF8AF
S214000E501482D8F800305BB98E4DD5F82838A3F147
S214000E607E63A3F58433B3F5605F55D3802433E007
S214000E7013F003071CBFC7F10407FFB203EB070A12
S214000E80BAF5806F00F2D2808348DFF8F8913A46D0
S214000E901844FF2108F042FC804BD9F800501B682C
S214000EA0C8F800A00AEB05029A4200F29480704B44
S214000EB01B681D445544DFF8C4A125F4FF65DAF825
S214000EC0000025F00705854210D9291A00F50060B4
S214000ED0FFF73CFA40B185243378022B01D1FFF7A7
S214000EE099FD0023337074E7CAF80050D8F8001054
S214000EF0D9F80000FFF7E2FCD9F80030D8F8002057
S214000F00584913440546DB1B6348C9F80030FFF711
S214000F104FFF002DA0D0DEE7FFF792FCD8B9D5F83A
S214000F2028280190A2F17E63A3F58433B3F5605FB1
S214000F30D1D2126BA2F17E63A3F58433B3F5605F62
S214000F40C9D29369012101A898470028C3D14F4B05
S214000F5001221A70C0E741F20803984286D186241F
S214000F60BAE7002B60D04A4B1B78002B3FF47EAFCD
S214000F70454F3B6843B9404B494918681022FFF774
S214000F80C7F90028A8D0A6E713F003021CBFC2F1D9
S214000F900402D2B29D18B5F5806F47D84148DFF8F5
S214000FA0D480FF21184408F0B9FB3F4A3F4BD8F8DD
S214000FB000103D609B1A3E4A13443E4A13408B4243
S214000FC036D83D4BD3F8F8309BB29B020D44A3F5C0
S214000FD08053AB4201D283247EE7DFF8A090D9F895
S214000FE000001540854209D9291A00F50060FFF770
S214000FF0ADF900287FF46FAFC9F800503A68294968
S214001000D8F80000FFF784F9D8F800303A681E498F
S214001010054613442348C8F80030FFF7C9FE002DE4
S214001020A9D058E7812457E7842455E7822453E75C
S214001030872451E7042B12D1204813230221437042
S2140010400170FFF7DDFC1E4A1E4B128905329A809E
S2140010501D4A1A6042789A71BAE60D24B9E606244B
S214001060B7E600BFD00A0020D50A0020D60A002026
S214001070C4060020B4020020B0020020C0060020F3
S214001080D40A0020CC060020B8060020BD060020AA
S214001090BC0600200000E10FD0060020C806002095
S2140010A0A0020020B802002010000020C40000208B
S2140010B067C8000000F8FFFF0081E00F340B002037
S2140010C0D80A0020400B0020E10A00002DE9F84F66
S2140010D0DFF85091494BD9F80050DFF84C81471B98
S2140010E082464748C8F800701B1A4648034423F453
S2140010F0FF6323F007039F42144678D3424BD3F88E
S214001100F8309BB29B020AEB0206A3F580539E4280
S21400111070D82C44B4F5806F03D93C4B82221A70E9
S21400112063E0DFF8FCB00BEB050008F0E9FA384B9B
S214001130C9F800401A6822B9332C56D9DBF8342097
S2140011401A601B689F421FD89E421DD903F11002E9
S21400115096424AD31D44A5EB0A055D442D4A2B460C
S21400116005F1100153F8040B42F8040B8B42F9D139
S2140011702848FFF705F910B9244B8422CFE7102240
S214001180FF21284608F0CAFA234D244B286804F0AD
S2140011900304361B1E4058B907EA0300C0F5006179
S2140011A03144FFF7D3F82E6040B1184B8522B6E7DE
S2140011B0864203D9311A00F50060F2E7D9F800201C
S2140011C01749D8F80000121BFFF7A2F8D9F800203C
S2140011D0D8F800301349121B054613441048C8F8C7
S2140011E00030FFF7E5FD002DDFD1BDE8F88F074B97
S2140011F0872294E7054B832291E700BFC4000020B6
S2140012001000002067C800000081E00FD60A00200A
S214001210B0020020A0020020C006002000F8FFFF59
S214001220B8020020B8060020B402002037B5124CE1
S214001230002360600093437AD0E90021206802F022
S2140012402BFD238CDB050CD563680C4D1B7A2A78A6
S2140012509A4206D0012B06D0022B08D063681B7A70
S2140012602B7003B030BD206802F0ECFCF6E7206877
S21400127002F0EEFCF2E700BF9810002060020020AB
S21400128013B50D4B0D4C1B8AADF804300128ADF894
S214001290003004BF02238DF8043001A908BF0423E0
S2140012A0206808BF8DF8003002F0F5FB206869461C
S2140012B002F007FC02B010BDA09A000098100020B3
S2140012C0034B00221A6118680122032102F06AB952
S2140012D09810002010B5164CA37E5B0626D4FFF7A8
S2140012E0EFFFA28C236840F2E24101FB0233236049
S2140012F094F84F10A37A0B442521B3FBF1F001FBC1
S2140013001033A37223890133238163680A2101FB0A
S21400131002336360238B5A1E22833BB9A27E42F0BF
S2140013204002A276034A1370FFF7B4FB10BD00BF5D
S214001330D80A0020541300207FB502238DF806300B
S214001340064B5A8B596918680332ADF804206A4672
S21400135002F036FC009807B05DF804FB98100020F9
S21400136010B51E4C1946236986B023B3A2F10800B7
S214001370084322D101AA0321206802F01DFC6368FD
S21400138060615B7A23769DF80430DA1F534253413E
S214001390627E63F30002039BE361BDF8063062766B
S2140013A0638304F11801022023699847206801220C
S2140013B0002102F007FC06B010BD02F17F40084392
S2140013C005D10021012006B0BDE81040184712F4F0
S2140013D0A0411ABF00210320FF20F4E79810002048
S2140013E02DE9FF41194C1A4D637A0133DBB2282BE5
S2140013F028BF252320466372FFF718FF627D154934
S2140014002868D4F80C80667C4FF40073023202F031
S214001410B5FB6B68104A5B7A06F001063046D75C6F
S214001420FFF72EFF00220123009203932868CDF8D1
S214001430088002AB394602F0B9F810B1FFF740FF5A
S214001440D2E7064B2B6104B0BDE8F081BC1000204B
S21400145098100020D01000201B9A000015150000E0
S2140014602DE9FF41254CA37E5A0640D4244A218903
S21400147023F0070343F00103A37613681BB1928899
S2140014808A4200D19847A37A1E48234493F82A300C
S2140014906375FFF7CBFED4E900561B4C1B4A636806
S2140014A05B7A4FEA5608D75CA5EB56060120FFF795
S2140014B0E7FE643500964FF4807300264544ADF889
S2140014C00C306A4639462068029533468DF804602B
S2140014D08DF80E6002F076F8012205463146206847
S2140014E002F070FB35B1FFF7F5FEFFF7B9FF04B069
S2140014F0BDE8F081064B2361F9E700BFD80A00205B
S214001500400B0020E40A0020981000201B9A0000E0
S2140015107D16000002282DE9F0411DD002D80128D2
S21400152007D0FEE7032800F09E80FF2800F09B808F
S214001530F7E74E4C637C990707D5FFF7C1FEFFF728
S2140015404FFF637C6FF341036374637CDA0768D4F0
S214001550BDE8F041FFF744BF4B78DB0740F18380DE
S2140015604C68227802F00F08B8F1030F5BD0B8F190
S214001570050F78D13E498B7B03F00103B3EBD21FF6
S2140015804FD10622083104F1080008F08FF906460C
S214001590002846D1FFF794FEFFF7CEFE354D3146C4
S2140015A007465C22284608F0B9F8AB7EA5F81880F6
S2140015B043F02003AB76627E237E43EA0223AB84AD
S2140015C0627F237F43EA0223EB8494F82330C3F33D
S2140015D0040385F84F3094F82330C3F3421385F89C
S2140015E0503004F11E001B232B85FEF757FFD4F85E
S2140015F00E30E27CEB60A37C2F6043EA0223227D60
S214001600607D43EA02432B61012695F84F30AB72AA
S2140016102E75E18A3144FEF77DFFFFF721FF164B5A
S2140016201E70BDE8F081124DAB7B03F00103B3EBF7
S214001630D21FF6D1062205F1080104F1080008F0D1
S21400164035F90028EDD1094C286894F83D204FF470
S2140016500073023204F13C0102F090FA637C43F01E
S21400166002036374DDE7FFF72BFE71E7BC10002072
S21400167098100020D80A00205413002002282DE9D4
S214001680F74F0F460BD003D8012800F0D781FEE7AE
S214001690032800F0DB81FF2800F0D881F7E74E78BA
S2140016A04A68B34D16F0010661D10026AB7EB14CF8
S2140016B013F0200F12D0696D6FF34513AB76002937
S2140016C000F0C580237895F85820627043F0030335
S2140016D0A01C237008F014F800236B65A648A549E3
S2140016E0FEF762FFAB7E003818BF012060F34103AF
S2140016F0C3F3C002AB76C3F300139B0043EAC203F6
S214001700227843EA001322F01C0213436278237007
S2140017109A4C02324FF400732068D2B202F02EFACE
S214001720AB7E7F68D90709D56FF30003AB7600233D
S2140017306B60FFF701FE2860FEF700FF002E00F04A
S214001740F9803B7803F00303022B00F05F81032B44
S21400175000F09480012B40F0ED8089487D78818AE6
S214001760FEF722FF081ABC1C80B200265BE1137845
S214001770AC7EC3F3001363F382041378AC76C4F331
S2140017800011C3F3C00C8C45E0B2C3F3800AC4F367
S214001790C0040CD0544588D0AB7E84F00104E4002D
S2140017A044F0200423F028031C43AC767DE703F0C6
S2140017B00303022B18D0032B04D0012BEAD14FF0E1
S2140017C0000B12E0544508D084F00104E40044F015
S2140017D0200420F028031C43AC76AB7E81F0010188
S2140017E061F30413AB7661E7B34692F80180B8F173
S2140017F0000F0ED1544501D10026EEE7AB7E84F0F3
S2140018000104E40044F0200423F028031C43AC76D3
S214001810F2E75B48B0F81490FEF7C6FEA9EB0000AE
S21400182080B2BBF1000F03D00228B3D9023880B2D1
S214001830544509D0AB7E84F00104E40044F0200453
S21400184023F028031C43AC768045C6D92DE795F8CF
S21400185028304948A21C0DF10701FFF786F910F061
S214001860FF0018BF9DF80730227860701ABF01335A
S214001870DBB2012363F3010222702FE7BB780C2B47
S2140018800AD80C2B0AD8DFE803F03F2B58090909C1
S2140018900909600909091800142B7FD0394A127803
S2140018A02AB1162B00F09680182B00F0A28036483E
S2140018B007220270437002210DE033480C234FF0DC
S2140018C0FF320370012343708270037102220023EB
S2140018D0C2704371062103B0BDE8F04FFFF790B821
S2140018E0797A3B7A294A43EA0123938013462849AA
S2140018F043F8061BD7F80310C2F80610B7F80720FF
S2140019009A807A7A9A7115E07A7B3B7B1F4943EA84
S21400191002238B800B461F4A43F8062BD7F803207A
S214001920C1F80620D7F807205A60B7F80B201A81AE
S2140019307A7B9A7203B0BDE8F08F2A89134B053282
S2140019409A80154A1A60FA78DCE7D7F80330228CBA
S2140019500D48134003F0FF0322F0FF021343024634
S214001960092102F8011BC0F8013000235360B2E7DA
S214001970D80A002060010020A00D0020981000204A
S214001980341300205E0B0020340B0020400B002098
S2140019900105000079050000E10A0000B7F80530EF
S2140019A0B7F803202D48DB08934228BF13462B8543
S2140019B0152300216FF004046FF02702037007233D
S2140019C0817081714470C27003714471C271037278
S2140019D0092180E73A79FB782048134003F0030397
S2140019E0022B18BF01231722027043708370032155
S2140019F071E77A79B9791A4B42EA01229A80194A34
S214001A001A60D7F80320C3F8062093E716487D78B7
S214001A10818AFEF7C9FD081A80B2022838BF022064
S214001A200238BC1C80B2854284D80F482B4622461A
S214001A30314603B0BDE8F04FFFF7FAB80B4B9B7E7C
S214001A409A073FF577AF5B073FF574AFFFF742FCA9
S214001A5003B0BDE8F04FFFF703BD00BF340B002016
S214001A60400B00208504000034130020D80A002014
S214001A70EFF3108072B670470048704700F04902D6
S214001A800E49D1F8942002F00702042A0BD8022A45
S214001A900FD811D00A4BD1F80001C0F30420013052
S214001AA0B3FBF0F07047074B0548052A18BF0346FE
S214001AB0F1E74FF40043EEE7034BECE700400E403F
S214001AC0C0EA210160F5900000F0490208B5FFF772
S214001AD0D7FF044BD3F80831C3F308230133B0FB18
S214001AE0F3F008BD00400E4038B502460D46FEF73E
S214001AF07DFDE8B122B90F4BD3F80031FFF7C0FFE8
S214001B00FEF774FDA0B1FEF787FD88B1094BD3F848
S214001B100031FFF7B5FF084B402204461A610DB1AD
S214001B20FEF76EFD20460021BDE83840FEF7D8BD22
S214001B3038BD00BF00400E4000300E40044B054A42
S214001B409A60D3F8882042F47002C3F88820704761
S214001B5000ED00E00000000008B5FEF753FB7047FC
S214001B6047F6FF739A42F0B56CD006296CD8374B0F
S214001B705B5C022B68D8364D05EBC304DE00A1780B
S214001B8015F83330012938BF0121012B13D1E07835
S214001B900025401A854202D30844C0B2F0BD431B5C
S214001BA0A0EB5303666836F913609642CCBF03F188
S214001BB0FF301D46EEE760680028EFD0B0F9004021
S214001BC0A24204DCB0F902409442B8BF14468388AF
S214001BD0FF2B04BFB0F90630B0F9087035440FBFCC
S214001BE001220022C82328276E781B1B93FBF7F3DD
S214001BF013441BB29E4201DD002B01DA731E1BB29A
S214001C004FF47A7C00EBC3055F1CEA88AD6814FBD2
S214001C1002521D463BB222EAE2729E4202F15C028A
S214001C20B2FBFCF204DD00EBC307BF88BA42E9D979
S214001C3000EBC5039888904228BF1046884238BFFC
S214001C400846AAE7FF20A9E70020A7E7149A0000A5
S214001C50600B002038B5C0F30323013B04460D4655
S214001C60092B11D8DFE803F0053611103A312C1095
S214001C701D191C4BC0F3043403F1424303F58013D3
S214001C8004EBC304A400256038BDFFF71FFFFEF772
S214001C90CDFCC4F30434144BEEE7144BC0F3043409
S214001CA0EAE7134BC0F304344FF480320D49D1F801
S214001CB04401C007E0D4D1F840011042FBD1DBE775
S214001CC00C4BC0F304341022F0E70B4BC0F3043483
S214001CD00122EBE7094BC0F30434CDE7084BC0F311
S214001CE00434C9E700400E40B8400E4050410E4054
S214001CF0F0400E40E8400E40E0400E40C0400E402F
S214001D00B0400E402DE9F74FDFF82C91464E99F87B
S214001D100040019107461546002C41D1434ADFF8A2
S214001D2014A1D2F8F83042489BB29B02A3F5805328
S214001D30CAF80030D2F8F8309BB29B02A3F50063D5
S214001D400121CAF80430FFF785FFDAF80000082101
S214001D500430FEF783FBDAF800301B68984208BFB1
S214001D60DAF80030DAF8040008BFD3F804B04FF011
S214001D70080100F104000CBF0124A346FEF76EFB29
S214001D80DAF804301B6898423CD1DAF804305C6814
S214001D905C4594BF002401240123347089F8003088
S214001DA096F900305A1C29D0224A52F8233003F103
S214001DB00C094C464FF6FF7AC4F30A030833B3F512
S214001DC0006F1BD2A688564518D094F806B0201D82
S214001DD00BF10401FEF742FB22689042D84601D17F
S214001DE0B74212D008F1030808F4FE7808F1080894
S214001DF0444489EA0403B3F5006FDDD34FF0000BCB
S214001E0058460CE0013C64B2C6E72B785B45F5D338
S214001E1001985A4604F1080107F072FC012085F883
S214001E2000B003B0BDE8F08F100000200081E00F86
S214001E3000650A00640200206C0200202DE9F04FC5
S214001E40012891B004D00024204611B0BDE8F08FE0
S214001E508A88002A00F01282A54F97F800A0BAF1EF
S214001E60000F00F00D82A34D2C78002CECD1A24B75
S214001E7009681C78002CE6D1A04E306802EB0008FA
S214001E80B8F5806F02D982242C70DDE7DFF88492E3
S214001E90484407F035FCBAF1020FC6F8008039D086
S214001EA0B8F1030FCFD99648FEF7E6F90178D9F8CE
S214001EB000204368012945D1190E012903D1C3F337
S214001EC007430A2B46D98F4B9A4240F0DD80836841
S214001ED0DA033DD502233B70FEF7BCFD8A4BD3F8F0
S214001EE02828A2F17E63A3F58433B3F5605F0BD296
S214001EF0126BA2F17E63A3F58433B3F5605F03D261
S214001F00936809A900209847804B099A1A60804B6D
S214001F100A9A1A60DFF80C92336899F80020082AAB
S214001F2001D0402A4ED1DFF8F0817948D8F8001069
S214001F30006803F0030ACA18A2EB0A0282420BD911
S214001F408324A1E76F4CA2420CBF862484249BE71F
S214001F50862499E7882497E76C4ADFF8CCB117689F
S214001F60DBF800001F440F44A7EB0A0727F4FF67BF
S214001F7027F00707874209D9391A00F50060FEF7EF
S214001F80E5F908B185247FE7CBF800703168D8F80A
S214001F900000A1EB0A01FEF791FC3268D8F8003089
S214001FA05649A2EB0A02074613445A48C8F80030BE
S214001FB0FEF7FEFE002FE5D199F80030002B7FF4E7
S214001FC042AF01E0002A61D133687F2B7FF63BAF3A
S214001FD0DFF84881DFF854B1D8F80000F0B94A4B72
S214001FE0D3F82878A7F17E63A3F58433B3F5605F52
S214001FF00ED20A9009A8FEF73FF90A9B1A0E74D073
S214002000012A03D1C3F307430A2B6ED9BB6B98474B
S214002010CBF8000007F042FCC8F800003A4FD8F8AA
S2140020200000D7F82828DBF80010A2F17E63A3F59D
S2140020308433B3F5605FA5D2936A98470028A1D190
S214002040D7F828783268D8F800A00392A7F17E6304
S214002050A3F58433B3F5605F16D2079006A8FEF7A3
S2140020600BF9079B190E0FD00129039A03D1C3F36E
S21400207007430A2B08D905AB00937F6B254909ABAC
S2140020805046B847002853D08424FDE622490A6803
S2140020901A440A60214A10681B4AD2F82818A1F18F
S2140020A07E62A2F58432B2F5605F05D31349194803
S2140020B01A46FEF77DFE16E0CF6A164A1849B8475C
S2140020C032680E4907461348FEF772FE40F20323B5
S2140020D09F4203D1084A01231370B4E640F201235D
S2140020E09F423FF469AF8024CEE64FF4C0708FE77E
S2140020F0D50A0020D60A0020BC060020D00A002000
S2140021007C020020EB17A6030000E10FC4060020A7
S214002110C8060020D0060020CC0600209C02002026
S2140021208C020020D40A0020C0060020880200206E
S2140021309DF8243089F8003023B9059B13B140235D
S21400214089F80030FEF73CF9074658B3D0F834A0BB
S21400215099F80030002B3FF476AE00220692042257
S2140021608DF8132006A90DF1130235200393FFF70F
S214002170C9FD069AD30719D5039B082B14D0BAF1CC
S214002180000F13D0534610220CA903F12800039326
S21400219007F08CFB20B9039B0A9A1B6A9A4205D863
S2140021A0892471E68246D3E7364BECE797B14FF4C5
S2140021B000613846FEF7CAF800287FF4E3AE2AF43A
S2140021C0FF604FF4006120F00700FEF7BFF800281C
S2140021D07FF4D8AE99F80030082B01D0402B0FD1F1
S2140021E0294B2A4A186820F4FF6323F007034FF4AC
S2140021F000611360FEF7AAF800283FF424AEC1E69B
S214002200234F244BDFF89C907B60D9F82828D8F819
S2140022100000DBF80010A2F17E63A3F58433B3F56B
S214002220605FBFF4AFAE936A984700287FF4AAAE0B
S214002230D9F82828D8F800003368A2F17E61A1F505
S2140022408431B1F5605FBFF431AF3946D2F82C80E7
S214002250114AC0473268114907460F48FEF7A8FDE5
S21400226040F203239F4203D10D4A01231370EBE58E
S21400227040F201239F423FF4E6AD34E70D24E3E548
S2140022808124E1E5449A0000C4060020C006002030
S2140022908C020020CD100000D0060020D00A0020BE
S2140022A0BC0600200000E10F00F00F0001380728F0
S2140022B052D8DFE800F004152251313951412C4B39
S2140022C0D3F8943003F00703023B052B06D8DFE86B
S2140022D003F04B29410305450B2070470520704746
S2140022E0234BD3F8803003F00703013B042B17D8A9
S2140022F0DFE803F01830163638001D4BD3F884306C
S21400230003F00703013B042B0AD8DFE803F00B2396
S21400231003292B0006207047154BD3F88830E2E7D8
S2140023200120704703207047114B1B6F13F0010FFD
S2140023300CBF0720092070470D4BD3F85C3103F023
S2140023403003202B10D0302B10D0102B0CBF0720C2
S2140023500120704702207047002070470C2070470D
S2140023600A2070470D2070470420704708207047E9
S21400237000400E4000B962B6704700002DE9F041FB
S2140023800D4F06460D4614460CB9BDE8F081EFF336
S214002390108872B623462A4631463846FEF748FC71
S2140023A003464046FFF7E6FF002BEDD0E41AA4B242
S2140023B01D440026E8E700BFA00D002013B500234B
S2140023C001F10804ADF80430ADF8060021461A46BF
S2140023D051F8080C083170B90BB1ADF8042004228E
S2140023E00DEB020101200834FFF7C8FF54F8101C5B
S2140023F039B902B010BD51F80C3C1A4492B2012310
S214002400E6E734F80C2C0020EDE700007FB501303D
S214002410002380B2CDE90101CDE904336946044BBF
S214002420009304200392FFF7C9FF07B05DF804FB92
S21400243020110020EFF3108072B67047FFF79ABFA6
S214002440064A074BD3F88039136F23F0070303437C
S2140024501367044B1888FEF78DB900BF00300E4096
S2140024600000C6435C0B00200D4AD2F8E430D2F8D8
S214002470E0109B0003F03C03C1F381110B43837013
S214002480D2F8E03003F03F034370D2F8E830D2F8D9
S214002490EC2003F0F003C2F30312134303707047FB
S2140024A000FF0FE0F7B507460C461546072800F272
S2140024B0B180DFE800F02B3341463AAFAF0401A805
S2140024C0FFF7D2FF9DF80530012B03D89DF80430A6
S2140024D0022B1AD9002C40F09F804FF400410E24A6
S2140024E00F235F4801220166A240D0F890101142E7
S2140024F0FBD1002D00F08E800122594902FA03F329
S214002500D1F890201A42FBD184E0FEE7002940F083
S21400251089804FF4007108240923E2E7002940F07F
S2140025208680802106240723DBE7002940F083808D
S214002530202104240523D4E741B9082102240323DB
S214002540CFE700297BD102210123CAE7444A536A18
S21400255013F0300F77D1434BDB6B536AD80741BF7C
S214002560536A23F0300343F0100353620426022319
S21400257003213B4A16663C4A13449B001868002811
S214002580FCD0002D46D011448D002B68002BFCD0CB
S214002590022F3FD1002C3DD0314B5A6AD10756D579
S2140025A04FF48062C3F8A82020225A665A6A12F0B6
S2140025B0300F0CBF4FF440024FF40002D3F89010D7
S2140025C032EA0101FAD1520201D5D3F8A030244CE8
S2140025D0012200210220D4F89C70FFF763FFD4F894
S2140025E09030636A23F0300343F010036362C7F34E
S2140025F00A07216B1D4BFA0903320F2A03EA01036F
S21400260028BF0F223B4343EA0273236326662B68E8
S214002610002BFCD003B0F0BD4FF480460E230F21F4
S2140026200024A6E74FF4807608230921F8E7402621
S21400263006230721F4E7102604230521F0E70126E8
S21400264000233146ECE7042602230321E8E75A6A12
S214002650D3F8902002F44002B2F5400FF8D1B4E768
S21400266000400E4000300E408004F21000F8FF0FCD
S21400267010B500211048FFF737FA1048FDF7D6FFCF
S214002680012211460220FFF70DFFFEF715F8FDF7B1
S214002690B7FF0B4B02225A67FFF7F2F9FDF7C6FFAA
S2140026A0FFF714FA0446FDF7B7FF01462046BDE8DB
S2140026B01040FEF715B800BF00F049020148E801D7
S2140026C000400E40000000002DE98048144B5B6877
S2140026D05E05A3B028D44FF0005300221A601AA853
S2140026E0FDF7CAFDFDF76CFE28B3446BFEF7B2F9A2
S2140026F01C9B5D0740F1E881FDF762FEFDF7F8FDE3
S2140027000446FEF787F9B4B1FDF75AFE0446FDF716
S21400271057FE044B986023689D46636898470AE016
S21400272000500E4000ED00E04FF000531A68022AF9
S214002730D1D100221A60BFF35F8FC94B5A6A22F4C8
S21400274080325A62D3F8942022F00102C3F8942013
S214002750BFF34F8FBFF36F8FC249C34F0A68C34D95
S214002760C3F898204FF00050C3F89C00C048C3F848
S214002770A000AF4202F1010008604FD07E1E731B1E
S21400278043EA530343EA930343EA131343EA132348
S21400279043EA13430133B3F5807F38BF4FF48073A9
S2140027A05C422C4003EB040C674500F2AF81072B1C
S2140027B0ACEB07074FF0010C8CBF4FEAD30E4FF07F
S2140027C0200EB7FBFEF70CFA07F7013FFFB2361BE9
S2140027D02D1BB3FA83F3B5FBFEF5B6FBFEF6664497
S2140027E00CFA05FC07FA06F60CF1FF3CC3F11E03D3
S2140027F04CEA060C5B000CF0FF0C03F03E0343EAC9
S2140028000C23974D43F0407343F001130232C5F892
S2140028109800C5F89C40C5F8A0300A60BFF35F8FEB
S2140028208F4B0522C3F894205A6A42F480325A62CB
S214002830BFF34F8FBFF36F8FBFF34F8FBFF36F8F13
S2140028408C4B01225A641A681AAF42F480721A60DE
S2140028503846FFF709FE9DF86930012B03D89DF82E
S2140028606830022B0DD9844B4FF41872C3F88C22B3
S214002870824AC3F89022824AC3F8F022814AC3F8FB
S214002880F822814BD3F8A42142F4F842C3F8A421DD
S21400289002229A639A6B02F00F02022A40F04C81E1
S2140028A0DA6C22F0405222F0010242F00102DA64B1
S2140028B0D3F8E02042F44072C3F8E020734A0F21B8
S2140028C01180DA6E42F08072DA66714BD3F88009B6
S2140028D000B10420FFF7B4FD6E4B6B4EDFF8C081ED
S2140028E0C8221A806C4BA0220F204FF0000B1A80D3
S2140028F0FDF740FF694BB365CDE912BBCDF868B074
S214002900C7F804B0D8F818325FFA83FAC3F3072979
S214002910CDF850A0CDF87090F56CC5F301752B4638
S2140029205A46394612A8FDF7EBFED6F8E040C4F347
S21400293001245A461BA913A82346FDF7E1FEA9EB7E
S2140029400A024FF4167C0CFB02F2B2FBFCF2524475
S2140029509145DDF868E01299DDF86CA01398C0F098
S214002960EB80AAEB00030CFB03F3B3FBFCF3C018ED
S2140029702CBF01235B468245C0F0DE80002B40F072
S214002980DB80AEEB01030CFB03F3B3FBFCF3C918CF
S2140029902CBF01235B468E45C0F0CE80002B40F056
S2140029A0CB80F36D23F4FE4323F0020343EA0223B5
S2140029B0F365022DD8F8302200F0AA80032D00F02F
S2140029C0AA80012D14BFD2B2C2F30722120312F45A
S2140029D0702F40F0B1802C4DEB6E23F47043134300
S2140029E0EB662F4B022CD3F8302200F09680032C97
S2140029F000F09680012C14BFD2B2C2F30722120355
S214002A0012F4702F40F098801F4BD3F8E04024F467
S214002A1070442243C3F8E0205A6E814238BF014614
S214002A20E72922F4FF7228BFE72122F0010242EADA
S214002A3041025A66DA6B42F48062DA634AF6E8527A
S214002A40596B5A639A6FD407FCD41B6C104A13F068
S214002A5003036BD00123C2F8B43A0B4B22E000BF4D
S214002A6000ED00E0540B0020BC000020BC0000205D
S214002A703900011300000E4000400E409A6F05001A
S214002A80180100040084320800300E405C0B002061
S214002A900000C6435A0B0020580B0020372110B701
S214002AA00081E00F9A6FD007FCD41A6C22F0030264
S214002AB01A649A6F12F00102FBD11A480129C0F875
S214002AC0B42A08BF5A6333E014B9FDF7A3FF32E611
S214002AD0154AD2F8F8309BB2B4EB832FF5D2D2F871
S214002AE0F82004F1500392B2B3EB822FEDD82046C3
S214002AF0FDF746FC0028E8D0636913B9FDF78AFFA6
S214002B0002E69DF86830012BF8D1F5E55B0047E654
S214002B10C2F307425AE7120E58E7C2F307426EE7BF
S214002B20120E6CE70000C6430081E00FC2F8B43A0C
S214002B30C74B0122C3F89427C64CC74E1120FFF797
S214002B40B3FB002102200122FFF7ACFC636A23F0EE
S214002B5001036362C14B0025C3F8A054A36A23F0A7
S214002B60070343F00603A362BD4BE362226BBD4B33
S214002B7002F07F6213432363BB4B6363FFF778FD6A
S214002B80BA4B304601211B68FEF7AEFFFDF744FD49
S214002B9001463046FDF7A4FDD4F80001C0F304203A
S214002BA00130B6FBF0F0FDF741FD01221146022090
S214002BB0FFF778FC636AAE4E43F040536362D4F886
S214002BC0C83043F00103C4F8C830AA4BD3F8D83055
S214002BD0B365042404AA06A935208DF8104006958E
S214002BE0FFF790F806238DF80F30069B8DF80E4001
S214002BF013F4803F07AC00F0548205232246B16DE3
S214002C0002F8011B013BFAD29DF8213063F03F0326
S214002C108DF821309DF8223043F001038DF82230E4
S214002C20954B5C60954B964A9A604FF000084FF4BF
S214002C3080715961C3E90022A3F81080914A924B33
S214002C409248934DA3F81080C3E900229A60596118
S214002C5000F0DDFC8E488F4C8F4E00F05AFF0FCDF3
S214002C600FC495E80F0084E80F008C488C4B036077
S214002C7041468C4B436000F06FFC73A3D3E90023FE
S214002C803060CDE900234FF0FF334FF0FF3200F005
S214002C901AFF02224FF0FF313068774C00F015FF24
S214002CA094223C23CDE91A321C9339469623306889
S214002CB01D93CDE91E88CDF8808000F02FFDB0462C
S214002CC07949306800F014FF306800F0B8FFB4F9B6
S214002CD0001058F8080B00F020FF6468002C40F045
S214002CE0F9814046FDF76EFCB37B64F30003B373D3
S214002CF06E4BDFF8F0A16E4D4FF0200983F801937C
S214002D0083F8049383F8069383F8079383F8059370
S214002D1083F8089383F81D93664B5A2200211846C1
S214002D2006F0FCFCA0F10A04634B636042F21072EA
S214002D30E26042F20153614A40F80A2C2381604A5D
S214002D404FF490733384012313700022CAF80020D6
S214002D501B222A800DF10D0103AA3E208DF80C30AF
S214002D60FEF7D0FF11230DF10B020DA936208DF8CA
S214002D700B30FEF7C7FF0DF10A02394639208DF8F1
S214002D800A90FEF7BFFF002835D14E4B9DF80B206A
S214002D9018681B791A903B71002A00F0A4811B2A40
S214002DA028BF1B22531D8DF80A300DA9531C0DF1A8
S214002DB06D008DF86B3006F0A3FC12A8FDF702FC40
S214002DC0414A9DF80A301288FA5222A99A1C51FAF2
S214002DD082F21298BDF84C1042F8200C22F81C1C07
S214002DE003F1080222A951FA82F20933002102F8FF
S214002DF0201C8DF80A3020230DF1090212A93A2072
S214002E008DF80930FEF77EFF48B9304B5A8A1B7D95
S214002E108DF84A300323ADF848208DF809302C4B46
S214002E202C4800224FF00209C3E900222A4B036017
S214002E3080F80490FDF7D4FD2848294B0360102342
S214002E40037280F804904FE008550051000000001F
S214002E500000C64300400E4000F049020000C84390
S214002E602000050007450BD047A0020000300E40AA
S214002E70005008400081E00F58130020A00D0020ED
S214002E80A00C0020A00B002034130020690345ECA2
S214002E90C49A0000600B002098100020900B0020C1
S214002EA061130000800B00201200002000E100E00B
S214002EB028110020C610002055555500D6BE898E14
S214002EC05E0B00204999000053990000A09A00006C
S214002ED04C1300203C0E002056990000E40D002004
S214002EE05999000030130020FDF7DAFEB448B54BC0
S214002EF00360B54B80F80490C36080F80890A0F893
S214002F001090CDE900394B4690E806001430FDF7E6
S214002F10FBFC9DF80B10002900F0F0800DA8FDF7D3
S214002F20E9FEAA48AA4B03604FF0100980F8049007
S214002F30FDF756FDA748A84BA84A03604FF6FE7B50
S214002F4008230372C260A0F810B080F80490FDF762
S214002F50A7FEA348A34A02600C220272A24AC260DD
S214002F60A0F810B080F80490FDF79AFE9F48A04A9B
S214002F7002604FF0020B9F4AC2600823038280F86B
S214002F80049080F808B0FDF78BFE9B489B4B0360CF
S214002F909B4BC3600123038280F8049080F808B03E
S214002FA0FDF77EFE9748984B0360984BC3604FF63C
S214002FB0FE73038280F8049080F808B0FDF770FE78
S214002FC09348944B0360944BC3604FF6FE730382A2
S214002FD080F8049080F808B0FDF762FE8F4B904AA8
S214002FE01A604FF6FF729A809DF80A20202A05D8AC
S214002FF0931D8C486375394606F082FB9DF80920C0
S214003000202A06D8931D884884F83D3012A906F079
S21400301077FBFEF755F9227C617CB2FA82F35B09F6
S21400302063F30001237D617462F30303B27B02F055
S214003030010262F386132375637D0BB9062363755D
S2140030407A4BB8F80410B068C4F81600998094F863
S2140030503C30042161F3030362F3861384F83C30AA
S21400306094F83D3013B9062384F83D30704BB068B1
S214003070B8F80420C4F83E009A80FEF7B1F96D4E09
S2140030806D4B1B7833B1DFF8C0814046FDF78CFAF4
S214003090002836D1694A136923F00403136130BF50
S2140030A0EEE70DF10F0221462C20FEF72BFE00283E
S2140030B03FF4B8AD0DF10E0205A93C20FEF722FE46
S2140030C018B19DF8140000F001009DF8223060F35E
S2140030D00003A3E52068B060A288A37988F80630CC
S2140030E0A8F8042004E608238DF80A30544B1A8802
S2140030F09B78ADF86D208DF86F305EE65048032162
S2140031000DE7EFF3108472B600231A460DF1110195
S2140031104046FDF72AFD2046FFF72CF99DF81130B2
S21400312013B10023CAF80030DAF80020EFF3108459
S21400313072B6C2F501739BB232440DF111014046DE
S214003140FDF713FD03462046FFF714F9DAF80020D2
S2140031501A44032ACAF8002097D93488231D9A42B5
S21400316093D307D8708804284FF0000306D00628AB
S21400317000F0AC810023CAF8003086E732796B8015
S21400318004F1FF39122A1FFA89F95FD8012A60D99B
S214003190931E2C4F102B5CD8DFE813F05D005B000D
S2140031A073005B008C005B0023015B00C0005B00CB
S2140031B05B005B005B005B0050015B00F00000BF43
S2140031C0B80D00205C990000B69A00006C10002034
S2140031D05F9900001410002070990000C90D0000CF
S2140031E0BC0F0020819900003D1E0000640F0020E7
S2140031F092990000959A00000C0F0020A3990000F9
S214003200949A0000B40E0020B4990000CD0200008D
S2140032105C0E0020C5990000390400008C100020C8
S2140032204C130020D810002000110020D2100020DF
S214003230FA1000202C1100205413002000ED00E0AE
S2140032404F9900002011002034130020522A00F06D
S214003250B580062289E0B9F1020F40F03581B6F854
S21400326005400022B4F5007F28BF4FF40074032306
S214003270114648463B70A7F80140FFF7C7F82C8078
S21400328078E7B9F1040F70D1B6F80540A0B2FCF7A4
S214003290CBFF60B1027A7C80022A4FF005010CBF9A
S2140032A001230223397041687B70032057E06C804D
S2140032B00A225AE0073CDFF838B2CDF800B0A4B2D4
S2140032C00194B6F80710B6F805000223ABF1020227
S2140032D0FDF730FD4FF6FF794845044604D1736884
S2140032E0C3F30F236B80E3E700230130CDE90033FF
S2140032F0ABF102020223494680B2FDF71BFD4845AA
S2140033001CBF00F1FF3080B207233B70A7F80140D6
S214003310A7F8030000221146042020E0B9F1020FAE
S21400332040F0D280B6F805B01FFA8BF42046FCF7C2
S2140033307BFF002839D0037B990713D52B880DF126
S2140033401202013B09A92046ADF81230FDF736FB04
S214003350024670BB0B23BDF8122009993B70FFF79D
S21400336055F807E74A46A5F802B05D4B30796988FC
S214003370587001241C7059801A71CBE7B6F805B056
S2140033801FFA8BF94846FCF74FFF70B1037B1A070C
S2140033900DD5E21E92B253494846FDF7D9FA0246C9
S2140033A038B913233B700146D9E70122DBE7032235
S2140033B0D9E77368C3F30F236B80D6E7B6F80570BA
S2140033C03846FCF731FF00283FF4D4AE037B5B079A
S2140033D07FF5D0AEE21E434992B23846FDF7B8FA02
S2140033E0C8E6631F9BB2022B01D0102B6CD10022C3
S2140033F0CDE90022DBB23C4AB6F80710B6F8050065
S214003400FDF798FC4FF6FF73984204463FF467AF0B
S2140034102B880DF11202043B09A9ADF81230FDF716
S214003420CDFA024608B16C809FE7BDF812200999D4
S2140034307C8009233B70931C7B7036E7053CA4B266
S214003440022C01D0102C3FD14FF0000BCDE900BB71
S214003450E4B2B6F80710244AB6F805002346FDF78E
S21400346069FC4FF6FF71884281463FF438AF013061
S21400347023461D4ACDE900BB80B2FDF75BFC2B88D6
S2140034804FF6FF7188420446A3F1060318BF00F109
S214003490FF340DF1120209A9484618BFA4B2ADF8D0
S2140034A01230FDF78BFA024610B1A5F802905CE7E1
S2140034B0BDF812200999A7F8029011233B70131D3E
S2140034C07B70BC8005204AE704224EE7CDE90B332B
S2140034D0064B099309A902230A93FEF76FFF49E6F4
S2140034E02011002033110020351100201800002084
S2140034F037110020FEE7000008B5FEF71FFB124B51
S21400350012498B4212D3124B124900208B4218D319
S214003510FCF73EFE186850F82240586840F82240F3
S214003520013298688242F5D30C33EAE70022F8E7C6
S2140035301C6844F8220001325C68A242F8D30833C3
S214003540E4E70022F8E700BF1CC0000028C0000027
S21400355028C0000028C00000F8B50D4610B90024A9
S2140035602046F8BD0E4F3E68002EF8D100F052F807
S21400357004460028F3D0386000F0A8F8204600F093
S21400358074F838B130463E6000F0A0F8204600F0EF
S21400359067F8E4E7002DE3D02046A847E0E700BF41
S2140035A0601300200846114600F0A2B810B505F0DA
S2140035B003F920B9024BBDE810401B68184710BD40
S2140035C02800002010B500F082FA20B9024BBDE8B2
S2140035D010401B68184710BD2800002070470000E8
S2140035E0431E033306D8044B984228BF1846642867
S2140035F038BF6420704700BF40420F00431E012BB7
S21400360003D9031F5842584170470120704700F005
S21400361093BE0000F8B50546FEF72AFA0F4B1E6863
S214003620074626B93846FEF7A5FE344611E0B468CC
S2140036308CB194F810C01CF0010F0CD195E80F0067
S2140036404CF0010C84E80F0084F810C03846FEF7F2
S21400365091FE2046F8BD3668E3E700BF2000002054
S2140036604FF4A472002106F059B810B500210446A4
S21400367000F03CFA2046BDE8104004F089BE000089
S21400368038B505460C4641B10B6833B11B680133AB
S21400369003D0CB680BB18B684BB900F04BFEBDE88E
S2140036A038404FF492724121002000F0A3BA084639
S2140036B000F045FE0023044A85F8DC30C5E92343C4
S2140036C0C2E9003338BD00BF6813002010B50446B9
S2140036D018B9054B054A136010BD04F075F8D4F808
S2140036E09830002BF6D1F4E7DD3500001C000020F2
S2140036F010B50C4604F0A6F8054B00215B680320C5
S21400370098471CB105F0A6F80128FBD110BD00BFF4
S2140037102800002004F0F2B904F006BA08B5024604
S2140037200868FFF75DFF08604868FFF759FF4860C4
S2140037308868FFF755FF8860C868FFF751FF0B6978
S214003740C860581C03D00B48834228BF03460B6151
S2140037504B69581C03D00748834228BF0346886934
S2140037604B61FFF73DFFBDE808408861104604F056
S2140037706DBE00BF40420F002DE9F84FD0F89030E4
S21400378006460F4613B1038B8B4246D0D6F88CB054
S214003790BBF1000F44D0DBF80830002B40D0DBF83C
S2140037A00C1000293CD0D6F8A0A0BAF1000F3AD0F1
S2140037B04FF000094D46C84601E0DBF8083005EB3F
S2140037C0C50203EB82040135E389BB4216D8238A7F
S2140037D0BB42304612D3B4F91230B6F924109942DF
S2140037E0A04603EAE37255DD96F8D010FEF7B8F966
S2140037F0337D834281464DD9DBF80C108D42DCD3F5
S214003800B8F1000F40D00023424619463046D04754
S2140038103783C6F8908086F8D9900020BDE8F88FE8
S2140038200320BDE8F88FD1465446524647F6FF754A
S21400383004EBC40803EB8808B8F80E30BB421DD86A
S214003840B8F81030BB4219D3B8F91220AA4202EADF
S214003850E27207D14FF0FF093783C6F8908086F8EA
S214003860D990DAE796F8D0103046FEF779F9337D2E
S214003870834281464246EFD9DBF80C100134A14260
S21400388004D9DBF80830D3E70120C7E7002AFBD0CD
S2140038909046E1E7A046B6E72DE9F04782B0044639
S2140038A08946164604F096FF3B4D08B100236B6030
S2140038B02B68D4F88CA0D4F890700BB153454BD03D
S2140038C04FF00008C5F8089004F0C4FF012836D170
S2140038D02B68DAF800103A6813B11868884246D0A8
S2140038E0204604F097FCC5E900A7D4F8A0508DF850
S2140038F00760002D42D000220DF107031146204636
S214003900A847204604F070FA0546B8F1000F00D02C
S2140039108EB1B5FA85F040F2DE324009332100F070
S21400392069F93146204604F081FC1C4B05461B68AD
S214003930394620469847284602B0BDE8F087012061
S21400394003F080FF164B00215B680320984704F0C5
S21400395081FF0128FBD1BBE76B68002BB0D0BB42D0
S214003960AED1AB68994514D04FF00108AAE7696854
S21400397011B109689142B6D05968B1E7217D94F833
S214003980D930994228BF19463246204604F0C2F97B
S214003990B7E70025CFE700BF681300201C00002013
S2140039A028000020F8B505460E46FEF761F83146B9
S2140039B007462846FFF7E0FE044620B13846FEF7E5
S2140039C0D9FC2046F8BD04F004FF224631462846BE
S2140039D0FFF762FF04460028F0D195F91030002B5F
S2140039E0ECDA284605F0BFF80028E7D02246A97D85
S2140039F0284604F005FF0446E0E700BFF8B5054694
S214003A000E46FFF73DFED5F88C307BB15B696BB197
S214003A1001F0D2FCD5F88C305B691B1A584240F294
S214003A206B124FF04201584100F0E4F8F7680022AC
S214003A304FF6FF734FF0240CD0B2B84208D31C46A2
S214003A4021462846FFF7AEFF00F07EFC2046F8BD74
S214003A50B1680CFB0011CC899C4202D2002CEFD03E
S214003A6023460132E8E7008B70470A7838B50546EA
S214003A701046FFF7C3FD60B14C782046FFF7BEFD49
S214003A8038B12243530704D42846BDE8384004F032
S214003A9079B8012038BDFFF7E8BF10B504460878AE
S214003AA0FFF7ACFD58B14A781046FFF7A7FD30B1D6
S214003AB0042A04D02046BDE8104004F09BB801203C
S214003AC010BDFFF7EABF03F03DBE03F097BF70B529
S214003AD004460D461646FFF765FF30B932462946BE
S214003AE02046BDE8704002F0C1BD70BD04F080BE47
S214003AF038B5044648880D4600F01FFCD4F8A030C0
S214003B002BB929462046BDE8384004F0A9B8022063
S214003B1038BD00F013BC04F05DB973B50446002050
S214003B200D4600F00AFCD4F8A06069462046FFF770
S214003B30F2FF5EB99DF800102A462046FEF710F800
S214003B400146204604F012F902B070BD00231A4662
S214003B5029462046B047F7E738B505460C46FDF738
S214003B6087FF2B6B1C40EB6A2343EB62FEF702FCDD
S214003B70211E18BF01210020490238BD04F0E0BA1A
S214003B8004F0FFBA07B54FF400730A49ADF80630E3
S214003B900DF10602FFF7F4FFBDF80630B3F5007F1F
S214003BA005D1022808BF002003B05DF804FB012001
S214003BB0FAE700BFC01400200846114600F0E0BA3D
S214003BC004F0AABA38B50446154609B104F0F7FA67
S214003BD025B12046BDE8384004F0F4BA38BD0000F0
S214003BE0024B1960024B1860FEE700BF240000205D
S214003BF0C016002008B550B90548064B01601A608B
S214003C00054B1A68054B1A601868FFF7E9FF08BDF0
S214003C1024000020C416002060130020C0160020D8
S214003C20437C03B108470220704710B5044604F0F1
S214003C302FFF20460321BDE8104003F0DDBDFFF74F
S214003C40F4BF00000149FFF7EBBF00BF658A000024
S214003C500149FFF7E5BF00BF398A000038B5447C4C
S214003C600D46BCB1053C012C8CBF002401244968DC
S214003C70224604F016FF286890FAA0F0000A01F029
S214003C8001FDA97A2889224681F0010104F03AFF55
S214003C90002038BD0220FCE71FB5CDE90012ADF8C4
S214003CA0083069469DF818308DF80A30FFF7D6FFC1
S214003CB005B05DF804FB00207047002070472DE932
S214003CC0F74F1C469DF830300193036803F0070356
S214003CD0063301259D400646174605F1FF380B467C
S214003CE0A1B1416804EA080BA5EB0B0A41F00059A4
S214003CF0524509EB0B0114D95246184605F000FD53
S214003D007A1B5A444946504405F0FAFC019B2BB1F5
S214003D103C4448EA050804EA0804F46003B0BDE839
S214003D20F08F1846F0E700000D4BD3F8E020D203E2
S214003D3014D50C494FF48032C3F8E820C1F8EC20C3
S214003D409A6BD1B2C2F3072299679A6704229A67E0
S214003D5000229A679A679A679A679A67704700BFC1
S214003D600010084000100846F8B50C4C0D461746E3
S214003D700646FDF77DFE0123A362042327606660E6
S214003D80A560C4F8E830064B4FF48072C3F8802173
S214003D90FEF7F0FA0DB10223A362F8BD001008404A
S214003DA000E100E0054B1860054B01229A6540F6DD
S214003DB0FF72196358635A65704700BF501700209A
S214003DC0001008402DE9F04F042A83B0054639D983
S214003DD00B7883614B7883618B788361CB788361C2
S214003DE00068D5F808B06E6800F0070001230630BA
S214003DF003FA00F808F1FF3909EA0B07A2F1040AF2
S214003E00A8EB0702924501F1040446F000560DD8CF
S214003E10F0192146524605F073FC0AEB0B0248EAFD
S214003E2009031A40AA6003B0BDE8F08F2146F019D6
S214003E30019205F065FC019AA118AAEB080230462B
S214003E403A44E8E7013A032AEDD8DFE802F00B0827
S214003E50050211F8013B836111F8013BAB6111F8D3
S214003E60013BAB610B78AB6103B0BDE8F08F00BFE0
S214003E7037B5002500951446FFF721FF204603B00E
S214003E8030BD026802F00702063201239340026A40
S214003E90C2F30C028A4210B584BF4468C26803F1BC
S214003EA0FF3388BF89189BB285BF44F00050194085
S214003EB04FF0FF30405C10BD38B50C46104B154631
S214003EC0014668B10122C3F8B8200E482246FFF723
S214003ED079FF1DB10A4B0422C3F8B820002038BD74
S214003EE064B1D3F89C20A24284BF0122C3F8B82054
S214003EF0C3F898400222C3F8B820EAE70122FAE79E
S214003F00001008409010084010B5FDF7B1FD184BA2
S214003F10184901229A65C3F888201A66164A5A6616
S214003F200722C3F884200A80144900220A804FF42E
S214003F30A021C3F8E81003F1C0630446C3F8EC10F0
S214003F400F4B1A600F4BD3F888305B020AD50E4B26
S214003F5018680E4B4FF48002C3F88820416BA430DB
S214003F6001F0ACFB2046BDE81040FEF703BA00BFE8
S214003F7000100840CE160020D0160020CC160020D8
S214003F80C816002000400840601300200040084487
S214003F900D4B07221A800D4B00221A800C4B012174
S214003FA0C3F8B810C3F890204FF40052C3F894003A
S214003FB0C3F8B420074BF0221A6403F10073A02262
S214003FC01A64FFF7A1BF00BFCE160020CC16002053
S214003FD000100840000008442DE9F041044688B16E
S214003FE0394E3A4FFDF744FD3388394A03F07801DD
S214003FF0032C054603F07F0C114453D13C6824B9CA
S214004000FEF7B8F90320BDE8F08124F00104386813
S21400401020F00100A0424AD100223A6022886FEACE
S21400402042426FEA52428C42228036D1294CDFF857
S214004030B8C02788ACF180083A46083A92B201F137
S2140040400800604528BF4046082A04D9B0F900E0B9
S214004050BEF1000F36DB22803B440C8888781E4970
S2140040609B1ADBB2C4F30C04CC6300F00700338069
S214004070CB66C1F88420FFF757FE04280DD1174BF6
S214004080D3F88830164B1868164B4FF48002C3F8E6
S2140040908820416BA43001F011FB2846FEF76AF930
S2140040A00020B0E7601E012898BF0C46AFE709481D
S2140040B062440088A21A48BF803208389042ADDCBD
S2140040C028469DE70146B8E7CC160020C816002013
S2140040D0D0160020CE1600200010084000400840F1
S2140040E06013002000400844501700200E490F4B74
S2140040F00A881B880E481344073B03F078030344E2
S2140041000832987892B20A8000F00700094904281D
S214004110C1F8842004D101F540514A681203FCD44A
S214004120054A1360704700BFCE160020CC1600204C
S214004130D016002000100840C816002010B5054C08
S214004140206828B1C30701D4FFF746FF0023236089
S21400415010BD00BFC8160020084B4FF48032C3F8CD
S214004160EC2003F17C43C3F8E420D3F88030C3F39B
S2140041700C03782B01D8FFF7D7BD70470010084412
S2140041802DE9F84304460E46FDF772FC504B514DA0
S2140041901A882D888146504802F07801032C02F0D8
S2140041A07F03014417D14D4C24688CB92A44073A42
S2140041B002F0780284180344E31A48BF8033AB4207
S2140041C010DB4846FEF7D6F800242046BDE8F88304
S2140041D024F00104EFE7012C02D0022CEBD1083DBD
S2140041E00C46E8E7002E41D08C423D4942D1D1F83A
S2140041F03C800A6B02F00702063201279740D1F88E
S2140042008020C2F30C029A4247DDB4F900302588BC
S214004210002BD6DBA378C5F30C0503F007037A1E44
S214004220A5EB08053A43052B337005EA02052CD8A2
S2140042302DB2E84340F236420421C00FFFF7DAFC05
S2140042407580E378274A337412687B1E03EA0803F6
S214004250D118B160A9B213FA85F5BD4289BFFF1A1D
S2140042600023B780F2609CBFB180F3604846FEF73B
S21400427081F8AAE7A4F10802824238BF04F1780266
S214004280B2F80080C8F30C08B3E7174BDB6C003BB2
S21400429018BF0123A5EBC305CAE78B6B7A1EA3EBF9
S2140042A008033A431A40114B15B25B686AB9C3F368
S2140042B00363D91E4B424B41DB0033700B4B7280BD
S2140042C0D3F89030C3F30723BCE70823F5E700BF15
S2140042D0CC160020CE160020D0160020C8160020CF
S2140042E0001008405017002000000840004008401A
S2140042F0431C08D0044AD2F83C311B0C1B0480B285
S2140043000343C2F83C3170470040084038B50D689A
S21400431004462846FFF7ECFFD4F8903043B15B69BB
S21400432033B1013504BF6FF001020A600A681A60F3
S214004330002038BD04F04DBA704770477047A6227B
S21400434031210120FFF756BC704738B50D460446AC
S21400435001F032F8AC4042F2107364095C43642307
S214004360B0FBF3F0B4FBF0F038BD0000034B1A6866
S2140043709B88026083800020704700BF3A000020C0
S2140043800F4B0628D3F8883104D183F40013C3F307
S21400439040507047022805D113F4400F0CBF01208F
S2140043A00020704750B9074AD2F8D40010F0010038
S2140043B005D083F48003C3F3805070470020704715
S2140043C000400E400081E00F0C4A5288B2F5E16FC3
S2140043D094BFC8225A2210B594BF78245024904225
S2140043E08CBF172210220A70054A0346107818B1AF
S2140043F09C422CBF0020012010BD00BF3A000020C8
S2140044003300002013B5234B1B780E2B04463ED0FA
S2140044100DF10701FFF7D8FF1E2C8CBF1E4C1F4C5A
S2140044209DF807304FF001028CBF01210021C4F82F
S214004430082170B1194A4DF60174C2F804411B02F6
S21400444002F1007243F44043C2F80431144AA2F861
S214004450D430134A134C92F8D83023F001030343A8
S21400446023F0020343EA4103DBB282F8D830247813
S2140044706CB923F0040343EA800323F00803B2F880
S214004480D440A2F8D64043EAC10382F8D83002B03E
S21400449010BD00BF3A000020004008460040084417
S2140044A0001F002156170020084B094AD3F8883110
S2140044B0DB4303F4FE1343F40053B3FA83F30E33E3
S2140044C0A3EB4313013B1370704700BF00400E4040
S2140044D03200002002280CD0062802D020B100208E
S2140044E07047054B18787047034B18780430C0B2F5
S2140044F070470720704700BF32000020022807D010
S214004500062807D0003818BF01204042C0B27047C6
S214004510012070470020704730B51F23B0FBF3F32F
S2140045205D1CEDB24FF0FF34C3EB4313AC40C01A32
S214004530E4430130E4B2C0B21460086030BD00004D
S2140045402DE9F7433A4E3B4F96F8009015463A4A07
S214004550D2F8C820B9F1020F0446884607EA0207D7
S2140045601AD147EA006788F80000002372882B609B
S214004570B2F5E16F94BFC8225A2227F47F579442BF
S21400458027F008079ABF380A00F47F5043F6C87031
S214004590384303B0BDE8F083284A1278904228BF1B
S2140045A0144604EB83030B70F4B1013CE4B24FF005
S2140045B030632B606A4601A92046FFF7ADFFDDE9B0
S2140045C0002347EA03671E4B98F800101B7847EA5B
S2140045D0823747F47F5747F008073BB90029194B45
S2140045E018BF4FF07F43C1E7164BE2E7164B17485C
S2140045F0B9F1060F08BF03462AB90029114B18BFA8
S2140046004FF07F43B2E7B2FA82F2C2F11F02D2B293
S2140046109B5CDBB239B15A1ED2B2FD2A05D81B0606
S21400462043F00403A2E7074BA0E74FF07F439DE764
S2140046303A0000203F00C0E0001F002132000020AA
S214004640571700200400000BB883E00FB083E00F7C
S2140046502DE9F3410446C820FFF7D4FE2B4B2C4E21
S21400466018780E2801D0FF2C05D1FF243470204680
S21400467002B0BDE8F08102282DD1072C204628BFC5
S214004680072001284FF0000301AA0DF1030138BFEF
S2140046900120FFF755FF05461E4B1F4FDDF804802F
S2140046A0C3F85881C7F8C8509DF8034034702046B8
S2140046B0FFF7A8FE194A4FEA082303F4E0631278CE
S2140046C043EA1863A7F8D030002AD0D1C7F8CC50F8
S2140046D0A7F8D230CBE7A0B9052C32BF00270127B8
S2140046E00420201A3B4601AA0DF10301C0B2FFF7D1
S2140046F027FF4FF48003054637B1094AC2F8083150
S214004700CAE700273846ECE7064AF7E73A000020F3
S2140047103800002000400840001F002156170020E7
S214004720004008460040084408B501F031F9094B3E
S214004730094A002818BF1A46136823F47F115B083D
S21400474003F4FE130B431360044B4FF00072DA6160
S21400475008BD00BF0041084018410840004008401E
S21400476008B501F015F9064B4FF4001228B1C3F84E
S21400477000214FF000621A6208BDC3F81821F8E75E
S21400478000400844014B1868704700BF5C170020C3
S21400479070B505460E46C0B201F00F01FFF7D5FD15
S2140047A0C6F303110446C5F30720FFF7CEFDC6F394
S2140047B003210444C5F30740FFF7C7FD204470BD3E
S2140047C0436C012B38BF01232DE9F0479A46464B30
S2140047D0464F9B69464E474D03F4E073A3F5C072FF
S2140047E0804645485142514102685245434A0FD1DE
S2140047F014788C420CD198F8D0C03C78A44507D1E8
S21400480098F815C03478A44502D1A888BDE8F0878A
S214004810B3F5C07FC0F800A011704AD1D8F8944014
S21400482024B12368082B58D994F838400F21204625
S214004830FFF78BFDBAFA8AF3002852D0B0FA80F25E
S2140048409B1A002BC6BFD840C3F10F094FF00F09C3
S214004850504501D909F1FF39234B2004C3F8BC00A9
S21400486003F1806340F6FF72C3F8B82003F10073CB
S2140048704FEA0921C3F8B810FFF78AFFA88000F0B6
S2140048809BFD09F01F094FF4FA7304FA09F45C4320
S21400489041F66A03B0FBF3F00A23B4FBF0F45C4382
S2140048A0174B1C6098F8D0303B7098F81530337072
S2140048B0ABE798F8D030062B06D1124B1B78002BAE
S2140048C00CBF9624C824B1E7022B08D00D4B1B78EA
S2140048D0002B0CBFB424F024A8E70024A6E732245B
S2140048E0A4E74FF00F09B7E700600840310000204A
S2140048F0300000203A000020340000205917002025
S2140049005C1700205717002070B506460C46154663
S21400491004F029F958B3F27CD31E012B1ED9112AB4
S21400492003D81D4BD340DB0718D41C4B1C4AC3F8D6
S214004930502103F100730022C3F850210025174BC5
S21400494040F2F712C3F850212B01164A03F4F8730D
S21400495005F007052B43C2F850311AE00F4B104AFA
S214004960C3F8502103F100734FF44402E4E7FF2C30
S2140049700DD00A4B0A4AC3F8502123042405094ADD
S21400498003F4E02304F0F8742343C2F85031FF2DFB
S214004990D5D1002070BD00BF84F603000040084457
S2140049A00000F70100400846F8B5134B134E1F6889
S2140049B0134D384600F0BEFF3378C4B2A34201D18F
S2140049C02B78A3B1092C14D80E4B012C195D05D1F8
S2140049D00D4B1B78022B01D141F0400101F00F0274
S2140049E038460909FFF790FF002334702B7000202B
S2140049F0F8BD0024FA21F1E76013002055170020C7
S214004A0054170020889B00003A00002038B5044662
S214004A1000F07AFC142200212E4804F07FFE2E4B74
S214004A2025781A782D49521B18BF01220A70226871
S214004A301A60C820A2889A80FFF7E4FC284BD3F8B7
S214004A40C820284BFF211970274B2849062D03EA5A
S214004A500203274A1AD14FF4EE40C2F824014FF45D
S214004A608A42C1F82421012243F08043C1F8202164
S214004A701B4AC2F8C8301E4B0322C3F85821FFF762
S214004A8093FF1C4B01221A70002038BD022D4FF0F8
S214004A9007000ED1C2F80C010620C1F80C01164919
S214004AA0C2F808114FF4404143F00303C2F8041162
S214004AB0DEE7C2F80C010520C1F80C01C020C2F8E0
S214004AC0080143F08043812243F00403C1F8082123
S214004AD0CEE700BFC81F00213A0000205417002070
S214004AE0001F0021380000202800C0A00040084613
S214004AF00040084458170020C100400073B5264BFC
S214004B00044618780E2841D0FF2C42D000283AD10F
S214004B10052C32BF002301230420201A01AA0DF120
S214004B200301C0B2FFF70CFD1C4EC6F8CC00019A7C
S214004B3096F8D850130203F4E06343EA1263A6F82B
S214004B40D2309DF803400DF102012046FFF73CFCF1
S214004B5005F0FB051E2C45EA800594BF00230123C3
S214004B6025F0080545EAC30586F8D8509DF80220CA
S214004B700B4B43EA0223A6F8D6300123094A204607
S214004B80137002B070BD00231846C6E70023FF244A
S214004B90F4E70023F2E700BF3A000020001F0021E0
S214004BA000C0FFFF56170020104A114B0020187057
S214004BB0D2F8C830C2F8CC30B2F8D030A2F8D23032
S214004BC0B2F8D430A2F8D63092F8D83003F0FB030F
S214004BD0990001F004010B4303F0F703990001F07C
S214004BE008010B4382F8D830704700BF001F002131
S214004BF0561700202DE9F0472D4C2E4B236000F071
S214004C00DBFB4FF4FA7307464FF47A76B0FBF6F602
S214004C1029482A4A7343190E1B02181841F100014D
S214004C20002303F0D1FFA0F580730546A36220B9E8
S214004C3066222B21FEF7DEFF01254FF47A726A43C7
S214004C404FF0000A53465008310203F0BDFF1C4BDC
S214004C5019601C4BB7F57A7F4FEA0568894604460B
S214004C6018604FEA152505D276222B215046FEF70E
S214004C70C1FF01264FF47A73A8FB030103FB05115D
S214004C807308C01841F100010023324603F09CFF70
S214004C900D4B023419600D4B49F10009A408186049
S214004CA044EA8974024B013C1C63BDE8F08700BFF0
S214004CB0005008400211010020A1070040420F00EA
S214004CC0701700206C17002068170020641700205B
S214004CD0044B4FF00052C3F880211A60024B0122A9
S214004CE05A60704700E100E00050084038B5020105
S214004CF00A4B01259D500A4A4FF480738340536641
S214004D000446FCF7B5FE074A1378A54023EA0503D8
S214004D101370BDE83840FDF72DBB00BF00510844B6
S214004D2000500840601700202DE9F047154604465D
S214004D3088461E46FCF79CFE022D00F0B88007460B
S214004D40FDF778FB6C4B6D4AD3F8189092F815A0D7
S214004D50DA6D5FFA8AFA520744BFD3F818900AF160
S214004D60010AFDF76BFB664B664A1B6811684FEA43
S214004D708A7CA3FB093213F1004301FB09CCD8F867
S214004D8000304CEB020C012D04BF01336344ACEB46
S214004D90030C08BFC8F80030BCF1804F0AF0030AC5
S214004DA0C0F09880584AD2F800C0584AD2F800E0BE
S214004DB0514A23F04041106B4FF000480022ECFBB4
S214004DC001820EFB012282424FEA937381BF0133B8
S214004DD00130121A03F00303A3EB0A03914588BFC0
S214004DE04549DFF848C184BF096B03F1FF3303F080
S214004DF003030CF80430A2EB0900A3B1F10742BF8D
S214004E00434B41F61F71D966B30742BF404B414939
S214004E10D966710742BF384B00211967330742BF76
S214004E20354B00211965344B04F1100103EB041EC9
S214004E300901CEF80C2111225A5037499A694FF0D1
S214004E40010EA2EB090A0EFA04F8D3F85C900A7871
S214004E505FFA88F848EA020282450A7026D34FF4C1
S214004E608072A24019EA020F20D11CF80400002824
S214004E703FD10DB3F0071A6608D5254B274941F6F2
S214004E801F7240F20110DA66C866DA66B10706D508
S214004E901F4B22491F4A2248DA66C866DA6672073E
S214004EA042BF204B01229A60330719D43846FDF7DB
S214004EB061FA0120BDE8F0871B48240140F804E0B1
S214004EC05A66FCF7D5FD14490B7823EA08030B70E5
S214004ED0FDF750FA3846FDF74DFA0020BDE8F0879A
S214004EE0212000F03FF9044B4FF480325A603846D8
S214004EF0DDE71A663846DAE700500840D01700208B
S214004F0064170020681700206C1700207017002018
S214004F100050084400001F1F60170020005008467D
S214004F2000000101004008400051084474170020AA
S214004F301030034B0001185800F00100704700BF06
S214004F40005008401030044B01F46001000141F0AD
S214004F5003011950704700BF0050084038B5FDF7F0
S214004F6069FA084B084A9D69547DDA6D520748BFB6
S214004F709D69E4B248BF0134FDF760FA284604F0A4
S214004F80030138BD00500840D017002008B5222085
S214004F9000F0E8F8024B4FF480225A6008BD00BFCC
S214004FA000500840064B1B68434303EB8171054BDA
S214004FB01B68A3FB003013F1004341EB0000704771
S214004FC0681700206417002008B5FFF7C7FFBDE884
S214004FD00840FFF7E7BF10B50446FFF7BFFF84425F
S214004FE088BF01F1FF31204601F00301BDE8104003
S214004FF0FFF7D8BF0D4A10B5146820F040430146AD
S2140050004FF000420020E4FB0320094A126802FB2E
S2140050100300084B1B6B98424FEA917104D9013389
S2140050200131C01A01F0030110BD00BF6C1700204B
S214005030701700200050084038B50446FFF7C4FF3C
S2140050400546FFF7C1FF431BA342FAD338BD000055
S2140050503B4B082270B501210546C3F8C8203948E5
S214005060394CFCF7F7FD394B1D702378013B012BBB
S2140050700CD8237CE07B01229A400C21302313FBC2
S214005080001303F1884303F520431A60304B0022D7
S2140050905A677DB92F4A4FF6FF71D16702F1007249
S2140050A0F821D1675D672C4B4FF08042C3F89420FF
S2140050B0002070BD636853B300F07EF9626800EBB1
S2140050C05203B3FBF2F3013B1B0243F0F8032678CE
S2140050D02049224A022E1CD0032E1D484FF6FF758B
S2140050E021D0012E27D143F00203CD67D3670723D3
S2140050F04367237CE07B01229A400C21302313FB7C
S214005100001303F18C4303F520431A6011E0F823E3
S214005110DDE743F001034FF6FF70C867D3670C4B1B
S21400512005225A67E5E743F00503CD67D3670123F9
S21400513043670B4BB8E7CD67D3670023F8E700BF9C
S21400514000400E4600350A007C1700207917002024
S21400515000000840000008440040084400000846DC
S21400516000400846044BD3F89430002BBCBF034BDA
S214005170C3F88000704700BF0040084000000840A9
S2140051804FF0006318B1034AC2F894307047024AE1
S214005190FAE700BF00400846004008440020704779
S2140051A008B5074B1B681A68064B920019684FF043
S2140051B0045004F0A5FABDE8084000F0FBBE00BFAE
S2140051C0941700209817002007B501A8FDF74CF9A2
S2140051D0134B144AC3F8442148F2E672C3F8382148
S2140051E04FF40862C3F834210F4AC3F8A0200F4AD0
S2140051F04AF63F41916002F580424FF0C0719162DD
S2140052000022C3F8FC200A4AC3F89C20094B7F22E0
S2140052105A6203F1007323225A6203B05DF804FB5E
S21400522000400840C0E653517A27000F003008407F
S214005230806D630300300844064B1B783BB1064B79
S214005240064A1A60064B074A1A600020704702207A
S214005250704700BF9017002098170020B89B0000EA
S21400526094170020B49B000008B5FFF7E5FF002068
S21400527008BD000038B51B4B0022C3F88820C3F8D1
S2140052808C20C3F89020184A4FF400715162174AD8
S2140052900121D1605A6812F0706FC2F30365F9D12C
S2140052A04FF00452DA671249124C0122C3F88020EC
S2140052B019662270FFF7D8FF0F4B2570186820B1CB
S2140052C00E4B1868003818BF012040F27E52542159
S2140052D0FEF790FC0A4B1B6898470A4B0122DA60DF
S2140052E038BD00BF004008400000084000400846A7
S2140052F0A01F002190170020981700209417002068
S2140053004000002000400844034BFD22C3F8C8209C
S2140053100122C3F8CC20704700400E4638B5FFF790
S214005320F3FF1B4B1B481C4C1C490222C3F8C82029
S2140053301B4B1A6842B102EA0005A54204BF5D682D
S214005340156008338B42F4D1164B0222C3F8C820EE
S214005350154B164AD3F83C111160154AC3F8942031
S21400536000F0B4FBFFF730FF124B0322C3F8D8203F
S214005370A3F500530122C3F894204FF46072DA605C
S2140053804FF04072C3F8F820C3F8102138BD00BFB4
S21400539000400E460000FFFF00000840B081E00F0E
S2140053A00080E00F00400E4400400840440000200B
S2140053B00048F0000060084608B5FCF761FB044BA7
S2140053C0D3F81031C3F308230133B0FBF3F008BD64
S2140053D000400E4070B5044618B1284D2268531C94
S2140053E000D170BDC2F30063110C35F8130011F044
S2140053F0FE0F93B243EA0043606818D00434CAB282
S214005400022A216808D9D4E90160033AC3E90016E4
S21400541098600C340C33F3E704D16268C3E90012D9
S2140054200834DBE7012AD9D104341960D6E7120F15
S214005430072AF5D8DFE802F00704090D1013181D37
S214005440C04303F180631860EAE71A6842401A60B6
S214005450E6E703F1C063F6E7FFF7EEFDE0E70122BB
S214005460824003F1C063F2E70122824003F18063C9
S214005470EDE71A6830EA0202FBD1D1E7929B000002
S214005480024B0122C3F89420704700BF0040084634
S214005490024B0122C3F89420704700BF0040084426
S2140054A0024B4022C3F89420704700BF00400844D7
S2140054B0024B4022C3F89420704700BF00400846C5
S2140054C008B50C4B1B68D3F8943023B11A68022A2F
S2140054D001D9186A08BDFFF76FFF074B1B6D024620
S2140054E098B20028F6D0C3F30743D2085343B3FB61
S2140054F0F0F0EFE76013002000600840064B5B68A2
S214005500C3F30363984206D1044A536B23F0F003B7
S21400551043EA01115163704700400840001F002114
S21400552010B50446FFF7CCFF104AD2F830311B0402
S2140055300F4B1B6C03F4C05348BF4008B3F5805FA5
S2140055400ABF136BC4F30113C3F34163022B05D0E8
S214005550032B09D0012B00D1400810BDC4F3C4248E
S2140055600134B0FBF4F0F8E78008F6E70060084086
S2140055700000084000F03003202B10B513D110F4C3
S214005580E02FC0F302440AD010F4C01FC0F3C423B7
S214005590B3FBF4F418BF6400052C0ED86408FFF7BC
S2140055A0BFFF604310BDC0F382136FF012041C41AE
S2140055B004F00104C4F10204F1E70424EFE700005C
S2140055C02DE9F0470E46FFF7FFFCDFF8B090DFF856
S2140055D0B0A080460025FCF74BFAD9F80430C3F398
S2140055E00363012B07460BD1711C1AD0FFF7ECFCA6
S2140055F0A0EB08053846FCF7BDFEAE42EBD80DE042
S214005600052BF1D00B2BEFD0023B012B0CD901362A
S21400561002D0FFF7D9FC3846FCF7ACFE1648BDE8CA
S214005620F087FCF7A7FED6E7DAF808301A04C3F3CB
S21400563089140FD4013602D0FFF7C6FC3846FCF7B3
S21400564099FE24B2A4F1C8006FF4FF739842B8BF65
S2140056501846E4E7731C03D0FFF7B6FCA0EB08057A
S2140056606FEA84546FEA94543846FCF783FE14F5C8
S214005670007FC2D0E6E700BF00FEFFFF0040084004
S21400568000700840024B012218619A60704700BF04
S21400569000200840084910B5D1F8703140B11C46CA
S2140056A04A68D1F870319C42F9D1C2F303620270A5
S2140056B003F00F0010BD00BF00400840094BD3F8B0
S2140056C0883001F0800103F480030B4309D1064BB8
S2140056D04FF400129A61837F1BB1044B0122C3F87A
S2140056E0F820704700400840006008440060084604
S2140056F010B5FCF7BDF9084B1B6804463BB198474C
S21400570028B1002200204FF4806100F07FFD204683
S214005710BDE81040FCF72EBE9C1700202DE9F04196
S2140057201F4CDFF89080069F0646A2FB03502C19FC
S21400573060F1000E9C46A0454FF0000373EB0E0E82
S21400574007D24FF4B4720E211846FEF753FA022021
S2140057501BE00029FBD0C6F3130601EB5C04B4FB88
S214005760FCF4A4FB0646E40C44EA46340D4E3460D2
S2140057700D4C22600D4A914209D10D4AA5FB0253F9
S21400578002FB00339B093B600020BDE8F081C404A7
S2140057900A46E80444EA553103F016FA3860F3E79F
S2140057A000C9E876A4170020A817002000F04902D8
S2140057B00A3BB2DF0046C32338B5164D2B780C469D
S2140057C023B9154B1B6D03F03F032B70134BD3F817
S2140057D094305B051CD5124BB0FBF3F040F24D53F2
S2140057E04343A3F546430C3B584300F5C91000F568
S2140057F0556028B940F21B322B21FEF7FBF9012039
S2140058002B78084A5343B3FBF0F30020236038BDDF
S2140058100220FCE7A31700200030084000400840A4
S21400582000366E018096980070B5374C374B256B66
S214005830374C1B682468ED024CBF1B191B1BB3F1C9
S214005840804F04D8002B3AD1324E1C460AE0B3FAF9
S21400585083F4314EC4F10204E340304DAB4201D92B
S21400586001345B0803EB5605B5FBF6F52C4EB34248
S21400587034BF002601262403013D44EA86242C4337
S2140058800C60D8B1B3FBF0F1642400FB1133634322
S214005890984288BF01F1FF314808013801390728CE
S2140058A0204D214C4FEA510311D9002129700621C1
S2140058B0C4F894101B0243EA0013136070BDB3FAD9
S2140058C083F4D4F10204134EC6D50024C5E710298C
S2140058D0EBD068B1012129700621C4F89410134951
S2140058E009780029E6D012490224C1F89440E1E77D
S2140058F0012914BF0121002129704FF00601C4F8C8
S2140059009410ECD1D6E700BF00300840A81700205E
S214005910A4170020E0673500C0CF6A003FBE4025D0
S214005920401B5F13A017002000400844A11700206A
S21400593000400846084B5B6B03F00700C3F3C20247
S21400594013F0380F18BF5043C3F3821213F4E07FEE
S21400595018BF5043704700BF0030084010B50446DB
S21400596051B10B6843B15B6833B11A68032A03D997
S2140059709C6A640E204610BDFCF77AF80146204665
S214005980FFF7D8FF04460846FCF7F4FCF2E70000F1
S214005990034BD3F8380180F01000C0F300107047B6
S2140059A000400840174B4FF4002210B5C3F894206F
S2140059B0154C164BB0F1804F88BF1C46144BDA6C62
S2140059C0D2071DD51B6F134A04F5F42404F5907412
S2140059D0B4FBF2F4033CE4B203F00703A34202D0A4
S2140059E02046FCF72DFD0C4B1B784BB10B4B4FF4B0
S2140059F07022C3F8942003F100732404C3F8944083
S214005A0010BD00BF00400846E0673500C0CF6A0002
S214005A1000300E4040420F00A2170020004008440D
S214005A207FB50446FCF728F81C4B06462C3358680E
S214005A300093A37922683146FFF770FE054648BBFF
S214005A40A379012B14BF164916491022C1F8382134
S214005A50206815495843FFF7AFFE03AA02A930464F
S214005A60FFF7E2FE0F4A43F6FF53C2F8A4300C4B92
S214005A700299C3F8A4104FF4EE611163039A1A63F7
S214005A802068FFF78FFF094BA2881A6203F5405380
S214005A9000229A63284604B070BD00BF003008405C
S214005AA000400846004008445030084000000840C7
S214005AB008B5044B01221A70034B1868FFF772FFF3
S214005AC0002008BDA2170020A8170020024B4FF4A4
S214005AD08062C3F894207047004008460D4BD3F808
S214005AE00421D3F8B030D2B2FF2A03D043F30743E1
S214005AF0591C01D190221923074903EBD37302EBFB
S214005B006302022381F84230232381F8432081F880
S214005B10413070470081E00F001F002140B103684C
S214005B20012B05D90069034B002808BF18467047AB
S214005B3000487047989B0000064BD86DDB69C0F3A1
S214005B40011203F01F03000C02FB0000013318448F
S214005B50704700BF0060084070B504461F480D46F9
S214005B60FFF748FA1E4BD3F8306116F400464FEAAA
S214005B70C01015D000F574431A4C1B4A2433B3FBEF
S214005B80F2F32B60194B00EB5400B0FBF4F06860A6
S214005B905B68D9020AD5002406B10334AC6070BD38
S214005BA0002CEFD1114B5B68D802F7D4104B0F498D
S214005BB01B68D1F8A820C3F3810312F4806403F1B4
S214005BC0010309D1D2B2FF2AE6D0D1F8AC205205A3
S214005BD048BF04EBC304DFE7DC00F3E740420F00F6
S214005BE00060084020A1070048E8010000000840C7
S214005BF000200840084B1A68C117A2FB000310F1EA
S214005C00807002FB013343F10003400E40EAC310EC
S214005C10803820EAE0707047B0170020174B072244
S214005C2070B5C3F88420FFF7C7FB154B154A164E10
S214005C30C408010B0546E005C01841F10001002329
S214005C4002F0C2FF114B18604EF66020FFF7D2FF3D
S214005C504042C6F89C000E48FFF7CCF9024658B101
S214005C60E301500818184FEA15714FF0000341F190
S214005C70000102F0A9FF706770BD00BF0040084039
S214005C80B2E60E0065CD1D00001F0021B0170020F3
S214005C9040420F0038B14FF47A735843A0F6AC5028
S214005CA0401AFFF7A7BF4CF25030FAE72DE9F0474D
S214005CB0064608469846FFF731FF15460746002E6B
S214005CC000F0B08018F0050F63D03469002C00F0A7
S214005CD0AB80FEF757FD4FF47A735C43201A7B685F
S214005CE0A0F6AC50C01AFFF785FFB48B6862002C94
S214005CF000F09D80FEF746FD4FF47A735C43201A51
S214005D007B68A0F6AC50C01AFFF774FFA861614B21
S214005D10F468D3F80090DFF88CA1002C00F0B08077
S214005D20FEF730FD4FF47A735C43241A7B68A4F6C2
S214005D30AC54E41A99F81130053B012B7AD8DAF8FE
S214005D400020A4F53E44EB3CE117A4FB023402FB22
S214005D50014413F1807144F10000490E41EAC0117C
S214005D608039E9614C49A2FB01219B1A64EB0104CE
S214005D7013F1807344F100045B0E43EAC413803BC6
S214005D802B62B469FEF7FEFC01462046FFF782FF51
S214005D90286318F0020F29D073684FF47A705843BE
S214005DA05BB13B6803F51C5310331844B37F002BDC
S214005DB046F2A81308BF00231844FFF71BFF7369B9
S214005DC0E862002B5FD078684FF47A7202FB03001B
S214005DD0B37FA0F50350002BA0F1100046F2A813E5
S214005DE008BF0023C01AFFF705FFA86218F0040FCB
S214005DF018D0B068002849D04FF47A735843A0F5FD
S214005E0003501038FFF7F6FE286133684FF47A70B7
S214005E10584323B13B6803F51C5310331844FFF76F
S214005E20E9FE6861BDE8F0874CF250305BE74CF263
S214005E30503069E73B68E41ADAF80020E117A2FB65
S214005E40044314F1807402FB013343F10003640E33
S214005E5044EAC314803C114BEC61114CD3F88430F7
S214005E602B622368002B8CD0484602F04BFD00289E
S214005E7087D02368D9F848002A463946984780E7ED
S214005E804CF25034D8E747F23050ACE747F2305087
S214005E90B8E700BF60130020101B0200001F00219F
S214005EA0AC170020B017002010B5044611B38B794C
S214005EB003B3052B0FD0062B0FD0032B01D10223E3
S214005EC08B718B79013B062B0CD8DFE803F00D08AD
S214005ED0080D0D2121000423F2E70723F0E7FFF762
S214005EE02BFE44B900238B7100208B7913B10B680D
S214005EF003440B6010BDB0F5803FF3D863094FF242
S214005F00244202FB00302409B0FBF4F04042ECE7E8
S214005F108A88002CE6D0B2F5005FE3D80348630910
S214005F2000FB02332409B3FBF4F0DEE720A10700F0
S214005F30E0B5074608461E461546FFF74CF87B7C3C
S214005F40053B012B06440DD80C4B4BF6EB61002DA0
S214005F5018BF19464FF4FA720A44094892FBF0F04B
S214005F603044E0BD074B084AD3F8F800FFF7D6FDEB
S214005F7001680029A8BF4FF4FA72EDE7FBD90200CA
S214005F8018FCFFFF001F00210CFEFFFF074BD3F895
S214005F90D8304FF604014FF605029BB28B4208BF7D
S214005FA01346034A01209365704700BF0081E00F47
S214005FB00050084070B5194C0FCC86B001AD0FC527
S214005FC0CC22236816482B60002103F0A7FB84220E
S214005FD00021144803F0A2FB134B144AC3F8F02028
S214005FE0FFF77CFD124B1B782BB101AD0FCD0B4E8E
S214005FF00FC62B6823600F4B0F4AC3F8DC2F0F4ADF
S214006000C3F8E02F0E4AC3F8E42F02F1957202F2AD
S2140060104952C3F8E82F06B070BD00BFC81F002164
S214006020341F0021B01E0021001F00213F00370052
S21400603058170020001000210200620609C8056EED
S2140060400704DC060A4B197801F0FF0229B100218B
S214006050197008499202C1F8A020597801F0FF0291
S21400606029B1002159709302024AC2F8A430704741
S214006070B817002000000846074BD3F8E00E074B81
S214006080D3F88C301A0103D4054B1B6E1B0401D5C4
S21400609000F58070704700BF0010002100400840E7
S2140060A00000084008B5FBF7E3FC0F4B1A78B2B9BE
S2140060B00E4A126812F4843F11D10D4A1021C2F81C
S2140060C094101B786BB9094B1B68DB0509D4084B89
S2140060D02022C3F89420BDE80840FCF74BB9054AD7
S2140060E0ECE7044BF4E700BFBC170020C8170020FD
S2140060F0004008440040084610B5FBF7B9FC0E21E6
S21400610004460320FFF7FAF9044B40F2012220462A
S2140061105A62BDE81040FCF72DB900BF00000840E9
S214006120044B00221A70044B197811B11A70FFF74D
S214006130B9BF7047BB170020BC17002008B5FBF797
S21400614097FC234B4FF08052C3F88020BFF34F8F4D
S214006150BFF36F8F4FF48072C3F88020BFF34F8F6A
S214006160BFF36F8F0222C3F88020BFF34F8FBFF3B9
S2140061706F8F1022C3F88020BFF34F8FBFF36F8F4F
S2140061802022C3F88020BFF34F8FBFF36F8F4FF0EE
S2140061900052C3F88020BFF34F8FBFF36F8F80226B
S2140061A0C3F88020BFF34F8FBFF36F8F4022C3F832
S2140061B08020BFF34F8FBFF36F8F0122C3F8842078
S2140061C0BFF34F8FBFF36F8FBDE80840FCF7D2B820
S2140061D000E100E008B5FBF74BFC0B4B4FF080529C
S2140061E01A604FF480721A6010221A6020221A6019
S2140061F04FF000521A6080221A6040221A60BDE8F2
S2140062000840FCF7B7B800BF00E100E070B5084CE6
S21400621001232370074B1E68074BD3E90053324017
S2140062201940284001F016FA0023237070BD00BF05
S214006230BA170020C0170020C81700202DE9F04725
S214006240DDF820A003EA0108099B06460D4602EA8F
S214006250000703EA0A09BAF1000F40F04D81031F58
S2140062600B4300F01381052871F1000380F0E780EE
S21400627050EA010300F06081431E0B4300F02181C9
S214006280FFF75CFFAD4AD2E9004323EA050324EAA0
S21400629006043C4343EA0807A94BDFF8F8821E6869
S2140062A026EA0A0646EA09061E60C2E90047FFF724
S2140062B0F9FEA44814F02A4FC26E14BF48F2020337
S2140062C04FF40043B50748BF43F400539E4D83EA9E
S2140062D0020122EA0302EA669C4A81660B40D36604
S2140062E0C4F380421203200348BF42F48072E106E2
S2140062F048BF42F40052A30648BF42F40072650647
S21400630048BF42F4806220069148924DD0F80C3285
S21400631048BF42F4006282EA030123EA0203C5F89A
S2140063200C328D4BC0F80812C7F340250A40AD0466
S214006330E10448BF45F48035C3F80C22A20348BFE9
S21400634045F48015A30748BF45F4800514F4001FE4
S21400635006D0D8F8000002F009FC08B945F400257C
S214006360E00248BF45F40035F9067C497C4848BF42
S21400637045F40005620248BF45F400150A6A730733
S21400638048BF45F0040585EA020323F001031A40DE
S21400639002621D40CB61734B73481D62734B744A97
S2140063A016F0010F18BF1A46836E7D0748BF42F4E9
S2140063B00012704D82EA030123EA0203AB666E4BBD
S2140063C041660A4000F500509A66C16B04F001036E
S2140063D005F5005581EA030221EA0301E9638263B9
S2140063E01A40664BDA63D8F80020200248BF644B98
S2140063F092F8E92058BF634B610748BF43F48063B7
S21400640022B114F4C06F18BF43F480735E485F4C2B
S214006410D0F8EC10320748BF43F0004383EA01028D
S21400642022F4A0221140C4F8EC101340C0F8E82073
S214006430574ABDE8F047C2F8EC30FFF7CBBEA0F5F0
S21400644080630B4306D020F48063A3F500730B43F0
S2140064507FF416AFFBF70CFB3849D1E9003223EA8C
S214006460060322EA050242EA08023B43C1E900327B
S214006470484A126892F8E9200AB313F4C06F1ED097
S214006480434B4FF48072C3F8EC2014E0FBF7F0FAAD
S2140064902A4AD2E9003123F004033B4341EA0801CB
S2140064A057EA0807C2E9003114BF394A374A4FF4A1
S2140064B08063C2F8EC30BDE8F047FBF75BBF334BB8
S2140064C0DFE7FBF7D5FA1D4AD2E9003123F00103D6
S2140064D03B4341EA0801C2E900312F4A57EA080760
S2140064E04FF0010315BF93632C4902F1C062CB63E2
S2140064F014BFD3639363DEE750EA01037FF4C0AEB4
S214006500BAF1010F7FF4BCAEFBF7B2FA0C4A13687F
S21400651023F0010343EA09031360134A4FF4806330
S214006520B9F1000F04D0536602F1C0629366C2E769
S21400653010498B665366BEE7BDE8F087C817002093
S214006540C01700200000084000000844000008466D
S21400655000600840006008440060084600400840AC
S214006560004008440040084600500840041C500004
S21400657004185000005008440050084600700846B2
S2140065800D0A0A09090A0A09001008400010084402
S2140065900010084660130020007008400070084491
S2140065A0024B5868C0F3C000704700BFC8170020F1
S2140065B0024B186800F00100704700BFC8170020A3
S2140065C0024B5868C0F3C030704700BFC8170020A1
S2140065D010B50446FEF7A2FEFFF7B0FD04F14C002E
S2140065E0FDF7D6FCFEF746FEFEF704FBFEF770FB53
S2140065F0FFF714FB1049114AD1F8F810072304F1ED
S214006600A400FFF753FB4FF440010020FEF79AFC6E
S2140066104FF400110120FEF795FCFFF7B7FC20B9F8
S21400662040F2E7221421FDF7E5FAFFF741FABDE84C
S21400663010400120FEF70CBD001F0021681F00213E
S214006640084B8022C3F8882003F17E430822C3F853
S2140066508820054AD2F8B03E23F02003C2F8B03EA8
S214006660704700BF0040084600100021F0B583B018
S2140066700646144602F0E6F8002800F09B80514BD0
S214006680DD6815F0060540F09580FBF7F1F92379F3
S2140066900095022B07463ED1237B022B35D00320E4
S2140066A0FEF746FC18B9484B5B685B047FD5A37BB6
S2140066B0257B4649A2680192003B18BF0123012DA5
S2140066C00B705DD0424A434C002313702278002A98
S2140066D061D13C4E0420FEF709FBF36E23F0F8531D
S2140066E023F4F81343F0506343F48033F3662A46EA
S2140066F0022301A90420FEF717FB002852D0364BD0
S214006700012130222170C3F894203846FBF732FE70
S214006710002003B0F0BD0320FEF70AFC002846D197
S2140067202279D6F8AC30012A226838D0D51A254B03
S2140067302A4A0095DA6600221A67627B284B002AEE
S2140067400CBF012200221A70264B264AD3F8B03E10
S2140067500CBF43F0200323F02003C2F8B03E032012
S214006760FEF7C4FA174B204ADA66227901236946F7
S2140067700320FEF7D9FAF8B11C4B01221A708BE7FA
S2140067802379022B9ED0009BD6F8AC100B44134402
S2140067900025019396E72370FFF784FC99E79A4259
S2140067A0C5D3C3E70320FEF7A1FA0C4BF3663846C1
S2140067B0FBF7E0FD0320ACE73846FBF7DBFD0120E6
S2140067C0A7E700BF0050084000400840BE17002062
S2140067D0BB170020BC17002000400846000001013F
S2140067E0BD17002000100021010C0100BF1700207B
S2140067F02DE9F3410D460746FBF73AF91B4BDFF848
S214006800788000241C70FFF71BFF194BC8F86C300B
S214006810C8F8704006466879431E5842584101F051
S214006820EDFC40F60143C8F870302A792968D7F89D
S214006830B430012A01D1994200D3CC1A04230DEBBF
S214006840030103200194FEF76FFA50B9094B882222
S2140068503046C3F88820FBF78DFD012002B0BDE866
S214006860F0813046FBF786FD0020F7E7BF170020D3
S214006870000001010040084400500840F8B5194CDB
S21400688005462078B0FA80F040F206423E214009E4
S214006890FDF7B0F955B96078B0FA80F0BDE8F84079
S2140068A040F206423E214009FDF7A4B90E4F0F4DB7
S2140068B0D7F8A0304FF44066C3F381232370C5F8A1
S2140068C0A0606078B0FA80F040F206423E214009AF
S2140068D0FDF790F9D7F8A430C3F381236370C5F8A9
S2140068E0A460F8BDB8170020000008400000084467
S2140068F0F8B50B4C0B4DD4F888300B4F0423C5F875
S2140069008830D4F888305B0300D4F8BD0426C7F876
S21400691088600220FEF790FBC5F88860F1E700BFAC
S2140069200040084000400846004008441C4B70B534
S214006930D3F888601B4D03F18063A822C3F8882033
S21400694010221A60184A194B93666B66FFF77AFB9B
S214006950174B1B7813B90320FEF7C8F900242C67E1
S214006960FFF7C6FF134A144BD2F8E01E0B40C2F8DE
S214006970E03E124B0422C3F88820114BB206C3F83F
S214006980B84008D503F580735B6CB3F5817F22BFF2
S214006990034B80229A60BDE8704001F0B7BD00BF8F
S2140069A00040084000500840005008441000000214
S2140069B0BF17002000100021DF0000FF0040084441
S2140069C0001E002110B528B971B9174B4FF4C062EC
S2140069D05A6210BD41B9154A53681B0E13F00E0FCC
S2140069E0F3D113689A06F0D4FFF786FB0F4C00200D
S2140069F0FEF750FE032801D0092806D1D4F88C30C3
S214006A00DB03F4D4636F0C2BF1D9FFF771FF084B4F
S214006A104FF400725A62074B0122DA6003F17E439C
S214006A200422C3F88820D0E70060084400400840ED
S214006A30000008400040084608B503210920FEF77C
S214006A405DFD024B20229A6008BD00BF0040084052
S214006A5038B50546FBF70CF80446FDF755FA35B190
S214006A60FFF75EFB2046BDE83840FBF783BC084BCB
S214006A701B78002BF6D0074B1D78002DF2D1FFF7C0
S214006A804FFB2A464FF480400021FFF7BFFBE9E7A3
S214006A90BB170020BA1700202DE9F84F534B0546C8
S214006AA0D3F888300E461446002A40F09C8013F037
S214006AB0A00F14BF4FF001094FF00009DFF848811E
S214006AC04B4F01F023FDA023C8F888300320FEF7C3
S214006AD00DF90420FEF70AF94FF0000AFFF720FB35
S214006AE0444BFB66C7F870A0FFF702FF424BD3F893
S214006AF0B02E42F02002C3F8B02EFF22C8F80020C5
S214006B003A4A4FF480719160D3F8E02E3B494FF03B
S214006B10040B1140C3F8E01EC8F888B0C3F8B8AE3E
S214006B20FB6813F0060F04D0FEF730FA5846FEF75F
S214006B30DDF8B9F1000F08D0314B4FF40062C3F80E
S214006B408820304B4FF400425A6665B12D4B5B6C83
S214006B50190701D4FFF7D0FAFFF76EFF0420FEF7FF
S214006B60C5F8FFF76FFA214BDA68D20736D55A68B0
S214006B7012F0706FFBD1244D244B254AC5F888309F
S214006B80536B23F0F003536316B12046FFF760FF04
S214006B900123EB6014B31B4BDA6E9A66134A136A32
S214006BA023F00103D3611B4BD3F80C22C3F8082251
S214006BB0A3F54053DA6F9A67A3F50053D3F8EC2099
S214006BC0C3F8E82003F5C043DA6B9A63A3F50053D5
S214006BD0114A5A664FF60843C5F88830BDE8F84FA4
S214006BE0002001F093BE4FF0000967E70040084020
S214006BF0005008400000010100100021DF0000FFE7
S214006C0000400846000008400040084410003000DD
S214006C10001F0021006008405000F0029A4B196ED9
S214006C20DA6E2DE9F04F01EA0209C3F8689003F521
S214006C30805385B0D3F8E060D3F8EC201640C3F854
S214006C40E86003F5A043D3F80012D3F80C2201EA5B
S214006C50020AC3F808A2A3F5005359691A6A01EAA2
S214006C6002088A4A08EA0202DA61894BD3F800224F
S214006C70910006D4D3F800319A00C3F3407740F170
S214006C80E180FAF7F5FE834BDA68DF6D12F0060F47
S214006C909A6E07EA020727F4800222F4006214BF05
S214006CA04FF0010B4FF0000B5A667B0704D57A4A6B
S214006CB0537D0133DBB25375FBF75CFBB9F1000F74
S214006CC000F0DF8019F4004427D0FAF7D1FE014621
S214006CD0FFF7D2F96F4D0446AA69AB699A42FCD019
S214006CE0AA699342FCD0FFF7C7F9A04240F0AC80F7
S214006CF00846FBF73FFB694B1C60694BD3F888508E
S214006D0015F4E05240F0A28024F07F4424F0DF0423
S214006D100CB9FFF70BFE4FF0807419F0020F4FF01E
S214006D20000516D05E4B5F49D3F8883003F4604206
S214006D30C1F88820002A00F09E801D0400F19E8085
S214006D4013F4005F0CBF4FF000534FF000631C437A
S214006D500025C9F340394FEA4909534B3340002B0D
S214006D604AD016F4206F0AD040F60502062100200D
S214006D70FCF740FF0020FFF76BFE26F48026F005A8
S214006D8006D5484BFF221A6044F4C064FFF7B4F9F6
S214006D9016F0090F0AD040F61A0208210020FCF768
S214006DA029FFFFF749FE414B01229A6216F0106F49
S214006DB00CD040F6230209210020FCF71BFFFFF74A
S214006DC03BFE002211461046FDF776F816F4202FFB
S214006DD00AD040F62B0207210020FCF70BFF00200C
S214006DE0FFF736FE26F48026F10301D5FDF7B4F949
S214006DF0002EB8BF49F0080972070DD52B4B5B6A09
S214006E0013F4005F14BF2A4A2A4A4FF400531ABFED
S214006E10536244F400045362730548BF44F004040C
S214006E2016F4802600F0AA80FDF760F901380628DF
S214006E3042D8DFE810F02E0131012E01340137016F
S214006E403A013A01BB4639E7044645E70192FFF7A7
S214006E506DFD144B019AC3F8882015F4805307D1B2
S214006E6015F4806F0CBF4FF080544FF0806454E7E9
S214006E704FF0804451E74FF0007368E74FF000434F
S214006E8065E74C464D4668E7000008400000F7FFFF
S214006E9000E100E000500840D0170020B4170020A2
S214006EA00040084000400844090B0B8900100840C9
S214006EB0001008440010084640F65C02032100203B
S214006EC0FCF798FE844A136ED2F8800003F007039E
S214006ED00633012101FA03F3C0F30C001B1A9BB220
S214006EE0072B13D97D4BD3F8883058020ED47C4834
S214006EF0136B126DC06C58B103F00703063399404C
S214006F00C2F30C03C91A89B2072901D844F40074E5
S214006F10744B1B78002B31D06F4BD3F8E03013F452
S214006F20A02F2BD1704B714A1B7893B9F90410D45B
S214006F30137873B1E3086E4943EA457383F001039F
S214006F40D1F8E01E03F001035B0021FA03F39B0770
S214006F5014D10420FDF7CAFE664B6749D966FFF7D1
S214006F60DFF8624A13782BB9644B654A1B682340E6
S214006F70134201D144F4804427F48057BAF1000F3D
S214006F801DD01AF4805F18BF44F480241AF4807F62
S214006F9018BF44F400241AF4005F18BF44F010042D
S214006FA01AF4007F18BF44F020041AF4806F18BF4C
S214006FB044F040041AF4006F18BF44F08004B8F19F
S214006FC0000F48D018F4802F18BF45F4007518F449
S214006FD0803F18BF44F4805418F4801F18BF44F450
S214006FE0003418F4800F18BF44F0020418F4003F71
S214006FF009D03A4BD3F88830580059D5414B1B6816
S214007000984704430D4318F4000F18BF45F01005C9
S21400701018F4002F1AD0364BD3F8B03E13F0C00F3A
S21400702014D02E4B5A68C2F30362032A01D0072AF3
S21400703007D1D3F88C20D10603D4D3F890201207BA
S21400704039D54FF40022DA6128F4002818F4001F1E
S21400705018BF44F48004002F00F01381380540F177
S2140070608680294ADFF88CA0D378002B52D0013BCB
S2140070704FF40061DBB2CAF86410D37033B9234B07
S2140070801B78DBB1224B40F60142DA660023002271
S2140070906BE044F4803415E744F4006412E744F4EB
S2140070A080640FE744F480740CE744F0080409E7B2
S2140070B044F48014A7E744F40014C7E7DAF8703005
S2140070C013F4A05F15BF4FF4807340F60143CAF86F
S2140070D05030CAF87030D9E7001008400040084029
S2140070E000000840BC170020BB170020BD1700207A
S2140070F0001000210050084000000101C8170020C1
S214007100088D01006000002074170020BF170020C3
S214007110005008460320FDF7E9FDDAF80C30AD48CC
S214007120AD4913F0060F02BFAC4B41F61F72DA668C
S2140071304FF40063CAF86430DAF80C3013F0060334
S21400714008BFCAF87030C38A13F4006261D023F413
S2140071500063C3820B7803F0FF0A002B5DD1FDF7B6
S21400716015FFFFF7E3FB534620221C431543B901E6
S2140071700BD52E20FDF7F6FF984A4FF00073936666
S21400718002F17C4245F008055366FA0608D52B2026
S214007190FDF7E8FF914A1023936602F17C4253669E
S2140071A017F4E00F05D1FB045FD5BBF1000F00F02C
S2140071B0B780B80210D52920FDF7D4FFFFF7F0F905
S2140071C040B18749874A884B53668B66874949682A
S2140071D0490425D445F0040517F4800BDFF804A213
S2140071E02AD00420FDF782FD2720FDF7BBFFFFF71E
S2140071F09DFB4FF48003CAF864307D4BD3F8E02E35
S214007200520600F186807B4B02221A6045F002058A
S21400721028E00B784FF40053A7E74FF4004336E717
S2140072206E4920208B665366FDF79CFF2D2045F0A7
S2140072300C05FDF797FFCFE7F80255D50420FDF7BC
S21400724055FD2820FDF78EFFDAF87030002B48D168
S214007250FFF76CFB614A644B936602F17C4245F093
S214007260010553665F4B00221A657A0509D5624A06
S2140072709378002B00F0A280013B9370002349EA2C
S21400728003095B4BD3F8B03E1B0603D520462946C0
S21400729001F044FB4A4620462946FEF7B7FF0EB1EA
S2140072A0FCF74CFF18F4002F00F08D804F4B4FF486
S2140072B00022DA6118F0206F00F0898018F0007F55
S2140072C001D0FDF731FA18F0006F01D0FDF748FA4B
S2140072D0002200204FF4006105B0BDE8F04FFEF735
S2140072E095BFCAF870B0B5E7F904BBD50420FDF722
S2140072F0FDFC424BCAF86C30FDF748FEDAF85C300D
S21400730013F4A00FAED12A20FDF72CFFFFF70EFBDB
S21400731073E7D3F8B03E98063FF578AF384B73E77F
S214007320354A13794BB1013BDBB2137113B92C4BC1
S214007330344ADA6600231C4397E70420FDF7D6FCA0
S2140073400320FDF7D3FC274B2C4ADA66FAF790FBAE
S21400735082460DF10F00FEF79DF92B4B1B788346F6
S2140073600BB1FEF7C9FEBBF1030F0ED1DFF87CB000
S2140073700020FEF78FF9032807D1DBF88C30D903FD
S214007380F6D4DBF874300C2BF2D99DF80F30032BB3
S21400739006D11E4B012250461A70FAF7EBFFC9E7DA
S2140073A01B4BD3F8E03013F4A02FF2D1FEF7B8FE53
S2140073B05046FAF7DFFF4FF48043BCE70220FDF7A4
S2140073C095FC01235BE7B8F1000F7FF473AF05B0BF
S2140073D0BDE8F08FD0170020BF17002000500844EB
S2140073E000500846005008401000000200400840C8
S2140073F0001000210040084474170020000001011E
S214007400004008460000010DBE170020BB170020F4
S21400741000100840FFF702BCFFF700BCFFF7FEBBFA
S214007420FFF7FCBB0B4B10B55C691A6A1440A2B29E
S214007430DA61E20704D55868C0F30360FAF78FFBF9
S214007440630706D5BDE81040042200200021FEF7A1
S214007450DDBE10BD00400840FFF7E0BB0C4A08B593
S214007460136BD16B0B409363DB070FD5094B187872
S2140074704FF42A62122100F00100FCF7BBFBBDE8C6
S2140074800840002201200021FEF7C0BE08BD00BF54
S21400749000700840C8170020044BDA6FD207FCD4EF
S2140074A01A6FD96F0A409A67704700BF00300840CD
S2140074B070B50D461446FAF7DBFA064BD3F8B06EF5
S2140074C074402C407440C3F8B04EFAF753FF06EAF7
S2140074D0050070BD00100021034BD3F8B03E994361
S2140074E00CBF012000207047001000217047436B3E
S2140074F003F06003402B0DD0602B03D0203B584296
S2140075005841704749B10B68012B06D9486940F0CD
S2140075100100704740F201107047002070470000DD
S21400752009490A4AD1F8EC0010B504230124C2F830
S214007530EC308C624FF400515162410744BF02F1B7
S2140075400072C2F8EC3010BD00100840001008446D
S21400755037B5204D0C4641B90A460721FFF7A8FF6C
S2140075601D4BEC625C6003B030BD07221146FFF78E
S2140075709FFF1A4B07225A60237985F82C306379CF
S2140075800193012101A801F00DFB019BC2B2D3407B
S21400759000F00F0040EA031085F82D00A27985F868
S2140075A02E20E27985F82F202068286383B1028890
S2140075B001218B4205D82379013B1344084A936185
S2140075C0D1E730F81150AA4228BF2A460131F0E729
S2140075D01A46F0E7001F00212C1F00210000084477
S2140075E000000840431C07D0044B6FF0FF029A616E
S2140075F003F1007310409861704700BF00700844A4
S214007600034670B10268022A0BD9426A12F47F4F11
S214007610C2F3072006D01B6AD2B25A43B2FBF0F080
S214007620704700207047000000F01803182B0AD09F
S21400763003070AD410F0100040F2011318BF1846D2
S214007640034B986470470020FAE70120F8E700BF74
S214007650001F0021344B2DE9F7431E6801F4007922
S21400766000F00103174653EA090205460C462ED0E1
S2140076704FF0000803B30023002201200021CDE9CB
S2140076800088FEF7DBFD41463046FDF799FF414690
S21400769070830120FCF72CF8716B06F1A400FEF74E
S2140076A00DF822490868FFF79DFF4FF0FF330B6087
S2140076B0337C43F004033374B9F1000F07D0012183
S2140076C03046FCF749FA24F4007405430C43D6E927
S2140076D03E232A40234052EA030103D01449304691
S2140076E009688847FB070FD51249134A08681368CC
S2140076F000211160114A0121117003B19847104B07
S21400770000215B680220984717F00E0F08D040F261
S214007710F3123B21002003B0BDE8F043FCF76ABA41
S21400772003B0BDE8F08300BF6013002058000020BF
S2140077305C000020F8170020FC170020001800202E
S21400774028000020F7B50446D4E93EC71046DDE918
S21400775008268CEA020587EA06010540194085EAF4
S2140077600C057940C4E93E5123F4004106EA0103C2
S21400777020F00100002543F40073024043F00203AA
S214007780CDE90055FEF75AFD237C9A0717D5D4F8A5
S214007790FC309B0513D54FF488112046FCF7DCF926
S2140077A0237C65F341032374D4E93E2302400B4057
S2140077B052EA030103D0034920460968884700209F
S2140077C003B0F0BD5C00002038B10368044A002B0B
S2140077D008BF1346034A13607047014BFAE700BF21
S2140077E0ED7400005C000020024B586B00F00F00A8
S2140077F0704700BF001F00210F2938B505460C460C
S2140078000ED801F027F801280CD1074A536B23F055
S2140078100F0323435363284601F088F8002038BD41
S2140078200120FCE70220FAE7001F0021014B986BBD
S214007830704700BF001F0021014B0020996370476E
S214007840001F002103282DE9F7434CD8274B13F8D7
S2140078500080274B1E5C274B13F80090FAF708F9B8
S2140078600746FEF7A5FE054640B10023CDE90033E6
S2140078700022002301200021FEF7E0FCFEF7A0FE18
S21400788048B10023CDE900330022002300204FF446
S2140078900041FEF7D3FC26B3174B5C6C04F00804DB
S2140078A0164B31465C644046FFF78CF84A46314634
S2140078B04046FFF7F1F8124B5C6465B1114B18684F
S2140078C0416BA430FDF7FAFE0F490868FFF78AFE01
S2140078D04FF0FF330B60384603B0BDE8F043FAF7CD
S2140078E049BD3446DCE703B0BDE8F083A89B000042
S2140078F0A49B0000A09B0000000008400000084475
S214007900000008466013002058000020104AD2F8F5
S214007910883013F0A00F16D1D2F88C0010F00400B7
S21400792013D10C4BD3F8E03E23F07F4323F0FF0344
S2140079305BB15368C3F30362092A07D0B2F10C00A7
S21400794018BF01207047002070470120704700BF15
S214007950004008400010002170B50D46064620B9CC
S214007960194B1B68A3B1032011E000F073FF012838
S21400797028D1164B93F90040C4F11C04641BC4F1D3
S2140079801C03002BB8BF5B42232B0CDD012070BD0F
S21400799081EAE173A3EBE173DBB2232BF6D80B4B42
S2140079A019700020F3E7B574FAF762F8084A5369CD
S2140079B0E40223F4FF2304F4FF241C435461FAF783
S2140079C0D9FCEEE70220E2E760130020F017002063
S2140079D00070084090F8C23053B9074BDA6992023B
S2140079E008D49B6F13F4706F14BF012000207047FB
S2140079F0002070470120704700600840F8B5436BD0
S214007A0002EA010523EA01032B434363344A01F0EB
S214007A100B030C4623EA0501516402F100722B4069
S214007A2061070646536411D50121FFF7D3FF68B1FD
S214007A30FEF75EFF15F0040F14BF2A4A2A4A4FF4D9
S214007A400073D361294B0422C3F88820E20606D5CA
S214007A5015F0100F264B14BF00221B22DA642306F3
S214007A601DD52F0616D51F4B4FF400129A6103F151
S214007A707E430122C3F8F820F9F7FAFF0E210746E5
S214007A800320FDF73BFD1A4B40F201225A623846AE
S214007A90FAF770FC294606F1A400FDF70FFEE00594
S214007AA003D5E90516D5FDF7F3FCA20503D5AB050E
S214007AB013D5FDF7FDFC14F0600F09D0D6F894102E
S214007AC03046FFF714FD0B4B58640B4B80229A6030
S214007AD00020F8BDFDF7D4FCE7E7FDF7E1FCEAE798
S214007AE0000008440060084600600844004008445F
S214007AF000000840001F002100400840014B986924
S214007B00FDF70EBD00600840D0F894304BB11A68FF
S214007B10022A06D993F8250028B11B6AB3FBF0F0B9
S214007B207047FBF7F7BD7047014B9869FDF722BD1C
S214007B300060084008B50146D0F89400FFF760FDE5
S214007B4020B9BDE808400846FBF7E6BD08BD0000C2
S214007B50437C5A1F012A01D9082B05D14B7C2BB137
S214007B60012B05D0022B05D0FFF7E4BF0248704773
S214007B70024870470248704720A1070048E8010005
S214007B8040420F0070B50E46F9F772FF054600F04A
S214007B9085FE044620B12846FAF7ECFB204670BD69
S214007BA0FEF7A6FE114B3278D3F8E03E022A23F009
S214007BB0F00316D0101F42424241520043EA02131D
S214007BC07278022A0FD0111F4A424A41520043EAF5
S214007BD08213064AC2F8E03E054B0422C3F888200A
S214007BE0D9E70122EAE70122F1E700BF00100021F1
S214007BF00040084470B50E46F9F73AFF054600F017
S214007C0065FE044620B12846FAF7B4FB204670BD50
S214007C10FEF76EFE104B3278D3F8E03E022A23F0D1
S214007C200F0315D0101F4242424152001343727890
S214007C30022A0FD0111F4A424A41520043EA8203E9
S214007C40054AC2F8E03E054B0422C3F88820DAE76E
S214007C500122EBE70122F1E7001000210040084472
S214007C60F8B50E7890F8D070044630460D46FCF70E
S214007C7087FB002844D094F8D030B34208D1AA88B5
S214007C80636C9A4204D16A88B4F8D2309A4235D0EE
S214007C9084F8D060AB88A4F8D4306B88A4F8D230CF
S214007CA0AB886364FF2363753046FCF727FC04F15A
S214007CB0D00520752846FCF7A9FE10BB2846FCF721
S214007CC055FBF0B9D4F8903053B194F8D010B942BF
S214007CD006D0B3F912202046F9F742FF84F8D900FF
S214007CE02046FCF76DFD0949A4F8D400084AD1F8EF
S214007CF0F810012304F1A400FDF7D8FF0020F8BD1A
S214007D0001200E2384F8D030F9E700BF001F0021C1
S214007D10681F002170B5054690F8D0000E280C4666
S214007D201DD0FF291DD01AB10F4B4FF0FF321A603D
S214007D30FCF7E4FB064695F8D000FCF7CBFB844244
S214007D4028BF0446E4B2B44238BF3446E0B2687591
S214007D50FCF77EFCA0F1FF035842584170BD02209C
S214007D60FCE70120FAE700BF3400002010B590F8C9
S214007D70D0300E2B04462BD00175D0F8900020B3DF
S214007D80D4F8A0304BB994F8D9308B420BD32046A8
S214007D900022BDE81040FFF7BDBFB4F92420B0F9BB
S214007DA012309A42F3DD94F8D91000222046FFF7ED
S214007DB0B1FF60B9C4F890002046FBF754FE0146B8
S214007DC02046BDE81040FBF7EDBDFF23637510BDF0
S214007DD00220FCE70346D0F8D0000860B3F8D430A1
S214007DE08B80002070470000C36B012B01D1002060
S214007DF0704770B5364BD0F89060D3F8F830C0F8BE
S214007E00943086B03146058B0446FDF7A7FDB3894E
S214007E108DF80600D6E90121EB1A9BB201FB03227E
S214007E2068460021ADF804300092FDF7F9FD38B938
S214007E30284B228BDA63FCF7B7FD20B106B070BD85
S214007E40022006B070BD227C60F341022274FDF76A
S214007E50A5F9D4F890305969431EDBB2096802913F
S214007E60FD2B02460BD9CD1C09D91B4B01311B68D3
S214007E700CD0D81C07D802A92046029301E002A91C
S214007E802046FCF743FA002006B070BDD91C04D883
S214007E9002A920460293FCF739FAD4F8FC309B0579
S214007EA004D4237C43F002032374ECE74FF48031C0
S214007EB02046FBF751FED4E93E2302400B4052EA2F
S214007EC00301E0D00549204609688847DBE700BF84
S214007ED0001F002100300840440000205C00002005
S214007EE04FF48071FFF7F8BA38B590F8DC400546D5
S214007EF0ACB1F9F7BDFD0A4B1F22DA61013C03F174
S214007F0000731440DC6103F17A43D5F8E0201A666A
S214007F10D5F8E4205A66BDE83840FAF72BBA38BDE3
S214007F20006008442DE9F74F06461546084619B97D
S214007F30012003B0BDE8F08F002AF9D0032904D849
S214007F400021FCF71DF90028F2D082780488037916
S214007F5090F805B0C788B0F90000002802F00701C5
S214007F60C0F2D280A1F1070CDCF1000040EB0C005F
S214007F70052928738CBFC2F300100020C2F3801CB2
S214007F806873900985F810C000F00200C2F3C00CB8
S214007F9040EA0C00C2F340126874AA74AF820BB9B0
S214007FA096F8CA30013BDBB2EB74736BD80600F16F
S214007FB097800639012900F29380544BDB6C544BB2
S214007FC05A6B1B6B03F0070306334FF0010909FADF
S214007FD003F909F1FF39083C42F0005804EA0904A5
S214007FE0002318F804A0AB60013404EA0904631DFA
S214007FF003EA09035A1C02EA090218F8037018F883
S2140080000220BAF1800F47EA0227727C18BFAAF155
S214008010320A3BB214BF4FFA8AFA6FF07F0AC7F3F0
S2140080200B079AB30020D6F89C300BB15146984700
S214008030631C03EA0903E87385F80EA018F803101A
S214008040013303EA090318F80320013303EA09039E
S21400805041EA022118F80320013303EA090341EA42
S214008060024118F803006A7C002341EA00613046AA
S214008070FDF75EFF2860737C042B03D1042FDCBF62
S214008080033028600423AB71002052E7D90423D5BF
S214008090D6F894309BB11A68022A10D993F82400B7
S2140080A0FB0008B1B3FBF0F39B45BBD8002BB9D05F
S2140080B0CBEB0B20B0FBF3F0C043C0B2B3E72946CE
S2140080C03046FFF745FD01903046FFF71DFD019B4A
S2140080D0B3FBF0F0C0B2E3E718F804004000ECE7AA
S2140080E00023EB730B4BDA68C2F30723120448BF76
S2140080F063F0FF035AB212F1800F1CBF323B5AB234
S2140081000023AA732B60BEE7022012E70000084097
S2140081100010084000700840F8B5977906461446E7
S214008120FFF700FF054648B9A3793BB12146A77182
S2140081303046FFF70DFD2146FDF7B6FE2846F8BD92
S2140081403F2B084610B5114619D9B3FA83F3C3F18D
S2140081501902D2B2062A01D8192B0ED0062A28BF39
S2140081600622931DDBB201249C40A4B2A14228BF84
S2140081702146FBF7F9FD204610BD0022F1E700245A
S214008180F9E713883F2B10B5084616D9B3FA83F3E0
S214008190C3F11901C9B2062901D8192B0BD006293B
S2140081A028BF06218C1DE4B20123A3401380FBF7F1
S2140081B0F9FD002010BD0021F4E70120FAE7FFF7E3
S2140081C0AFB9000070B50A4B0A4DD3F8EC604FF417
S2140081D08064C5F8EC400020FEF73AFC4FF40053EC
S2140081E06B65730544BF044BC3F8EC4070BD00BF1D
S2140081F0001008400010084400100846082318B174
S214008200024AC2F888307047014AFAE7004008463A
S2140082100040084410B5084614460121FDF7DAF878
S21400822020460121BDE81040FDF7D4B8F8B5044655
S2140082300E4611B9037C5A065FD4464BA18BD3F881
S2140082408420D4F8947012F4E05F04BF2022C3F8B0
S21400825010224FF6FF73994260D03F4B1B68002BED
S2140082605CD03E4D20469847D4F894102A688A423F
S21400827007D02046FFF73BF9394B5864394B80202E
S214008280986097424FD0384B1B684BB11FB13A6885
S214008290002A58D0BF68394620469847D4F894102C
S2140082A00846FFF7ADF9002849D03049FDF754FCE1
S2140082B007272046FCF784FA002E36D02C4B94F97C
S2140082C0122093F900302B49D4F89400C3F11C0314
S2140082D09B1A4A69DB0222F4FF2203F4FF231343AE
S2140082E0254A4B61254B286006211167204601224E
S2140082F01A7000F01BFB0020F8BD61F38613154AC8
S2140083000374D2F88430D0F894704FF6FF7113F4EB
S214008310E05F818302D12023C2F810320F4D2A6815
S214008320BA423946A5D10127C3E70D4B0F4AD3F809
S214008330F81004F1A4003B46FDF7B8FCBEE7204663
S214008340FBF7EAF9B1E71746394620469847D4F8CE
S2140083509410A5E700600840F4170020E8170020F6
S214008360001F002100400840EC170020681F002175
S214008370F01700200070084000000844F1170020A5
S21400838002484822002101F0C9B900BFE41E0021BE
S214008390002373B583746423C0E92C33C0E92E33FD
S2140083A04FF0FF35C0F8AC30A0F8C0300E264FF6C0
S2140083B0FF73C0E9075580F8D060456485828375F1
S2140083C004461120F9F770FF042834D11B4B5B6874
S2140083D013F4403F2FD12046FEF7FAF82046FFF769
S2140083E0CFFF94F912102046FFF7B6FA144A60231E
S2140083F0536402F5805240F6FF7151625165114A8E
S2140084005364114B4022C3F88820626B29462046ED
S214008410FFF7F4FA002240F2022310461946CDE98F
S2140084200066FDF70BFFFCF73FF8204602B0BDE8FC
S2140084307040FBF7A7BB022002B070BD00300E40B4
S21400844000000840000008460040084470B50C686C
S214008450B0F8D4208D680346013404BFD3F8AC408E
S2140084600C604C68013404BFD3F8B8404C606E1CF6
S21400847000F1A40038D1D3F8B440CE688C60751CE7
S21400848038D1D3F8B0500E69CD60013604BFD3F8AA
S214008490A4600E614E69013604BFD3F8A8604E6131
S2140084A08E69013604BFD3F8BC608E618E693EB318
S2140084B04132B24238BF32460E688A61C3F8B440D1
S2140084C04C68C3E92E420A69C3F8A4204A690D49DC
S2140084D0C3F8A820C3E92B650B4AD1F8F810072388
S2140084E0FDF7E4FB002070BD02F14104AC4238BF4A
S2140084F02C46C2E702F16405B54238BF3546C2E7EE
S2140085006422D9E7001F0021681F002138B5F9F75B
S214008510AFFA0B4A13884FF6FF718B4203D1F9F777
S21400852029FF032038BD074C074DE56504F10074AC
S2140085301B04E3651180F9F71DFF0020F2E700BF7A
S21400854054000020006008440000FFFF2DE9F341BE
S21400855005460F461646FFF7D9F9A0B1DFF8548254
S214008560D8F80C30DB0704D40324204602B0BDE85C
S214008570F081F9F77DFA04460320FCF7D9FC20B118
S2140085802046F9F7F7FE0224EFE7D8F80C3013F090
S214008590060FF5D12046F9F7EDFE7A4B4FF4006151
S2140085A02846D3F8E08ED3F8B84EFEF795FF40B1D4
S2140085B0754B4FF400720121C3F888200846FBF77C
S2140085C097F839462846FBF7EDF96E4BC3F8B84ED8
S2140085D0C3F8E08E04460028C7D12B7CDF0601D402
S2140085E0002E58D0C6F34000FEF748F916F4807FF8
S2140085F014BF664A644A4FF002031BBFC2F88830B5
S214008600634AC2F8883000211CBFD1609362FEF72F
S2140086106FF916F0040F14BF5E4A5F4A4FF480638A
S214008620D361594B042216F0400FC3F8882014BFBC
S2140086305A4A5B4A40233046C2F88030FEF7F4FFC1
S2140086402846FFF74DFC40B116F0010F14BF4F4A05
S2140086504D4A4FF48073C2F88830B00642D56B8C12
S2140086604FF6FF7293420FD04E4A4F49D26D100C10
S214008670C2F30112088001324749B3FBF2F3454AC0
S2140086804A48C8651B04D3652B7C003E18BF0126EC
S21400869066F304132B74284600F034F9C0B328465A
S2140086A0FFF71EFCD0B14FF400312846FEF714FF4A
S2140086B0431C9BB20322364801A9FBF7D9FB9DF861
S2140086C0042002F00703052B9DF8053013D111078F
S2140086D00BD443F48073364AC2F8C0300020FBF750
S2140086E02CFE42E7FFF712FFCEE713F0040F09D186
S2140086F09DF80630EDE703F03002202A05D113F08E
S214008700010FF4E74FF48073E5E79DF80630E2E7E3
S214008710284600F028FA0028E0D02846FFF7E0FBBD
S2140087200028DBD0EB7CA3F10C02012A16D82B8B99
S214008730032B19D01E4B93F8C93003F00703072B01
S21400874016D013480621FBF79CFB421C3FF40CAFE7
S21400875000F00F00164B83F8C800BFE70F2BE6D0DB
S214008760102BE4D00E2B01D1092102E0112BE0E7FB
S21400877008210748FBF785FB431C3FF4F5AEC0B263
S214008780E8E700BF0010002100400844004008460B
S2140087900010084000600846006008440070084664
S2140087A00070084400600840540000200000FFFFEE
S2140087B0001E00210050084038B504461D46FFF74D
S2140087C0C5FE28B929462046BDE83840FEF710B851
S2140087D038BD7047054BD3F8880003F180634FF42B
S2140087E00022C3F88820C0F3C0407047004008400D
S2140087F0014B024A1A607047EC17002051750000C2
S21400880038B50446817515464AB100F0ACF908B98A
S214008810002016E0237C43F080032374F8E7084624
S214008820FCF76CF9FF28A07508D0204600F09BF9ED
S2140088300028EDD0237C65F3C713EEE7FCF7B4F908
S214008840012038BD024BD86800F00100704700BF19
S214008850005008400F4B5B68C3F30363013B0B2BD0
S2140088600FD8DFE803F006060C06060606080A0818
S2140088700808022070470420704705207047032030
S2140088807047054BDB6813F0060F0CBF0120042071
S214008890704700BF00400840005008400A4A53682E
S2140088A0C3F303630B2B08D06FF49050184100F00D
S2140088B0010080F0010040007047D2F8880010F4F4
S2140088C08030ECD1704700BF004008400C4A536827
S2140088D0C3F30363062B07D8042BD8B20CD8C31EE9
S2140088E05842584140007047072B07D1D2F8440140
S2140088F010F00050EBD17047022070470020704700
S214008900004008408021FEF7E7BD0000024B1B68D0
S21400891003B11847704700BF08180020024B1B68B9
S21400892003B11847704700BF0418002038B5054645
S214008930FEF77CFF04462846FEF756FF072811D1AF
S214008940D5F89030DB6924F47F4121F0080103B1AB
S2140089505B7841EA032141F020012846BDE8384013
S214008960FEF76ABF24F02001F7E7000070B5174C49
S214008970174D0F2311F0010FE365164B19D04AB9B6
S2140089800122DA65C4F8FC50026CC2F31302C3F885
S214008990FC2070BD0222DA65C4F8FC50026CC2F3FB
S2140089A01302C3F8FC200C4BC1640222C3F8B820A3
S2140089B0EFE70226DE65C4F8FC50046CC4F313042B
S2140089C0C3F8FC40002AE4D0EDE700BF006008448E
S2140089D0FFFF0F00006008460010084013B5437CF8
S2140089E0033BDBB2072B96BF104A0021D15C04463E
S2140089F0FEF722FF0120FCF7C3FB0D4B4FF4F0629D
S214008A005A6403F100734FF400725A64637C053BAA
S214008A10012B08D8074B04211B6E019301220DEB96
S214008A200100FBF749FA02B010BD00BFAC9B000086
S214008A300000084400600840012310B580F8C230EA
S214008A402823C0F8A83004234374054B044619684D
S214008A50FAF7D4FF2046FFF7C1FF002010BD00BF85
S214008A602CBA0000012310B580F8C2302823C0F8C5
S214008A70A83002234374054B04461968FAF7BEFF74
S214008A802046FFF7ABFF002010BD00BF30BA000045
S214008A9010B50446FFF7E6FF2046BDE81040FFF796
S214008AA09DBFD0F8E0308B4270B504460D461646A2
S214008AB003D190F8DC30202B1AD0EA071FD5002E01
S214008AC014BFAA23552393FAA3F31B0B03F47023B6
S214008AD095FAA5F243EA12432364202384F8DC3097
S214008AE00023C4F8E050C4F8E4302046FFF7FCF951
S214008AF0324629462046BDE87040FFF737BFAA2316
S214008B00E1E7000030B5134D134C07236B63134B9E
S214008B1069B1442140F04000D962186301236363C1
S214008B204FF4804392B1C4F8A0300A4A07E0D962F5
S214008B30094A19634FF480436163C4F8A030C2F851
S214008B40A430C2F8A830C2F8AC3030BDC5F8A030AA
S214008B50EBE700BF0000084400000846000008409D
S214008B600020002170474021FEF7B6BC0020704769
S214008B70024B99685A690A401A61704700400440DF
S214008B8008B5FFF7F5FF054B5B7B01330122DBB22F
S214008B9002FA03F3024A136108BD00BFD017002093
S214008BA00040044000228A4202D14FF0FF30704756
S214008BB050F8223093FAA3F30BB90132F3E7B3FA75
S214008BC083F000EB4210704753B94AB9002908BF3A
S214008BD000281CBF4FF0FF314FF0FF3000F06AB99D
S214008BE0ADF1080C6DE904CE00F006F8DDF804E0FF
S214008BF0DDE9022304B070472DE9F047089D0C46D6
S214008C00002B4ED194468C458646B2FA82F262D943
S214008C104AB1C2F12003914020FA03F30CFA02FC99
S214008C20194300FA02FE4FEA1C471FFA8CF6B1FB06
S214008C30F7F44FEA1E4307FB141143EA014304FB13
S214008C4006F199420AD91CEB030304F1FF3080F0C9
S214008C501381994240F21081023C6344591A1FFA6C
S214008C608EF3B1FBF7F007FB101143EA014300FB5C
S214008C7006F69E420AD91CEB030300F1FF3180F092
S214008C80FD809E4240F2FA80634402389B1B40EA15
S214008C90044000211DB1D3400022C5E90032BDE8E2
S214008CA0F0878B4205D90DB1C5E9000100210846C1
S214008CB0F5E7B3FA83F1002946D1A34202D39042E6
S214008CC0C0F0F180861A64EB03030120002DE6D085
S214008CD0C5E90063E3E7002A40F09180A1EB0C04AD
S214008CE04FEA1C481FFA8CF70121B4FBF8F64FEA4E
S214008CF01E4308FB164443EA044307FB06F098426B
S214008D0008D91CEB030306F1FF3402D2984200F2A6
S214008D10CE8026461C1A1FFA8EF3B4FBF8F008FB2A
S214008D20104443EA044300FB07F79F4208D91CEBB4
S214008D30030300F1FF3402D29F4200F2B1802046C6
S214008D40DB1B40EA0640A5E7C1F120068B4022FA6D
S214008D5006F71F4320FA06FC04FA01F343EA0C0365
S214008D60F44000FA01F8380C4FEA1349B4FBF0FE61
S214008D701FFA87FC00FB1E4449EA04440EFB0CF96C
S214008D80A14502FA01F20AD93C190EF1FF3A80F029
S214008D908580A14540F28280AEF1020E3C44A4EBF1
S214008DA009041FFA83F9B4FBF0F300FB134449EA05
S214008DB0044403FB0CFCA44507D93C1903F1FF301F
S214008DC068D2A44566D9023B3C4443EA0E40A0FB69
S214008DD00293A4EB0C049C42CE469C4652D34FD042
S214008DE055B1B8EB0E0364EB0C0404FA06F6CB4060
S214008DF0CC401E43C5E900640021BDE8F087C2F1FF
S214008E00200320FA03F10CFA02FC24FA03F3944040
S214008E100C434FEA1C4800FA02FE1FFA8CF7B3FB1D
S214008E20F8F008FB1031230C43EA014300FB07F17E
S214008E30994208D91CEB030300F1FF362CD2994265
S214008E402AD9023863445B1AA4B2B3FBF8F108FBD4
S214008E50113344EA034401FB07F3A34208D91CEB91
S214008E60040401F1FF3613D2A34211D90239644437
S214008E70E41A41EA004138E70446EFE6084605E70B
S214008E80C845ADD2B9EB020E63EB070C0138A7E775
S214008E903146EDE7034698E73046D4E7D6467EE708
S214008EA0634402384CE70646234608460EE7023E71
S214008EB063442FE7704700BF81F0004102E000BF27
S214008EC083F0004330B54FEA41044FEA430594EA85
S214008ED0050F08BF90EA020F1FBF54EA000C55EAC0
S214008EE0020C7FEA645C7FEA655C00F0E2804FEA91
S214008EF05454D4EB5555B8BF6D420CDD2C4480EA73
S214008F00020281EA030382EA000083EA010180EAA2
S214008F10020281EA0303362D88BF30BD11F0004FF0
S214008F204FEA01314FF4801C4CEA113102D0404226
S214008F3061EB410113F0004F4FEA03334CEA133361
S214008F4002D0524263EB430394EA050F00F0A78079
S214008F50A4F10104D5F1200E0DDB02FA0EFC22FA74
S214008F6005F2801841F1000103FA0EF2801843FA68
S214008F7005F359410EE0A5F120050EF1200E012A59
S214008F8003FA0EFC28BF4CF0020C43FA05F3C01897
S214008F9051EBE37101F0004507D54FF0000EDCF110
S214008FA0000C7EEB00006EEB0101B1F5801F1BD3B9
S214008FB0B1F5001F0CD349085FEA30004FEA3C0CBD
S214008FC004F101044FEA445212F5800F80F09A80B3
S214008FD0BCF1004F08BF5FEA500C50F1000041EBB7
S214008FE0045141EA050130BD5FEA4C0C404141EBBB
S214008FF00101013C28BFB1F5801FE9D291F0000FB6
S21400900004BF01460020B1FA81F308BF2033A3F164
S2140090100B03B3F120020CDA0C3208DD02F1140C5B
S214009020C2F10C0201FA0CF021FA02F10CE002F196
S2140090301402D8BFC2F1200C01FA02F120FA0CFC8F
S214009040DCBF41EA0C019040E41AA2BF01EB0451D8
S214009050294330BD6FEA04041F3C1CDA0C340EDCD6
S21400906004F11404C4F1200220FA04F001FA02F319
S21400907040EA030021FA04F345EA030130BDC4F1D7
S2140090800C04C4F1200220FA02F001FA04F340EACC
S2140090900300294630BD21FA04F0294630BD94F07D
S2140090A0000F83F4801306BF81F480110134013D64
S2140090B04EE77FEA645C18BF7FEA655C29D094EAD5
S2140090C0050F08BF90EA020F05D054EA000C04BF53
S2140090D01946104630BD91EA030F1EBF002100203E
S2140090E030BD5FEA545C05D14000494128BF41F0DD
S2140090F0004130BD14F580043CBF01F5801130BD41
S21400910001F0004545F0FE4141F470014FF00000CB
S21400911030BD7FEA645C1ABF194610467FEA655C7C
S2140091201CBF0B46024650EA013406BF52EA03351E
S21400913091EA030F41F4002130BD00BF90F0000F0C
S21400914004BF0021704730B54FF4806404F1320448
S2140091504FF000054FF0000150E700BF90F0000F01
S21400916004BF0021704730B54FF4806404F1320428
S21400917010F0004548BF40424FF000013EE700BFF8
S21400918042004FEAE2014FEA31014FEA02701FBF88
S21400919012F07F4393F07F4F81F06051704732F0BA
S2140091A07F4208BF704793F07F4F04BF41F4002111
S2140091B0704730B54FF4607401F0004521F000416F
S2140091C01CE700BF50EA010208BF704730B54FF0F9
S2140091D000050AE050EA010208BF704730B511F0FA
S2140091E0004502D5404261EB41014FF4806404F132
S2140091F032045FEA915C3FF4D8AE4FF003025FEAB8
S214009200DC0C18BF03325FEADC0C18BF033202EB3B
S214009210DC02C2F1200300FA03FC20FA02F001FA95
S21400922003FE40EA0E0021FA02F11444BDE600BF38
S21400923070B54FF0FF0C4CF4E06C1CEA11541DBFE7
S2140092401CEA135594EA0C0F95EA0C0F00F0DEF8B2
S2140092502C4481EA030621EA4C5123EA4C5350EA97
S214009260013518BF52EA033541F4801143F48013E8
S21400927038D0A0FB02CE4FF00005E1FB02E506F079
S2140092800042E0FB03E54FF00006E1FB03569CF0CE
S214009290000F18BF4EF0010EA4F1FF04B6F5007FD4
S2140092A064F5407404D25FEA4E0E6D4146EB060646
S2140092B042EAC62141EA55514FEAC52040EA5E50CF
S2140092C04FEACE2EB4F1FD0C88BFBCF5E06F1ED879
S2140092D0BEF1004F08BF5FEA500E50F1000041EBB0
S2140092E0045170BD06F0004646EA010140EA02005D
S2140092F081EA0301B4EB5C04C2BFD4EB0C0541EA7F
S214009300045170BD41F480114FF0000E013C00F393
S214009310AB8014F1360FDEBF002001F0004170BDB7
S214009320C4F10004203C35DA0C341BDC04F11404D0
S214009330C4F1200500FA05F320FA04F001FA05F25C
S21400934040EA020001F0004221F0004110EBD37029
S21400935021FA04F642EB06015EEA430E08BF20EA55
S214009360D37070BDC4F10C04C4F1200500FA04F3F8
S21400937020FA05F001FA04F240EA020001F000418A
S21400938010EBD37041F100015EEA430E08BF20EAFD
S214009390D37070BDC4F1200500FA05F24EEA020E45
S2140093A020FA04F301FA05F243EA020321FA04F074
S2140093B001F0004121FA04F220EA020000EBD3702B
S2140093C05EEA430E08BF20EAD37070BD94F0000F2B
S2140093D00FD101F00046400041EB010111F4801F5F
S2140093E008BF013CF7D041EA060195F0000F18BF10
S2140093F0704703F00046520043EB030313F4801F4C
S21400940008BF013DF7D043EA0603704794EA0C0F05
S2140094100CEA135518BF95EA0C0F0CD050EA41061B
S21400942018BF52EA4306D1D181EA030101F0004198
S2140094304FF0000070BD50EA410606BF10461946C0
S21400944052EA430619D094EA0C0F02D150EA0136CC
S21400945013D195EA0C0F05D152EA03361CBF10460D
S21400946019460AD181EA030101F0004141F0FE41AC
S21400947041F470014FF0000070BD41F0FE4141F430
S214009480780170BD70B54FF0FF0C4CF4E06C1CEA30
S21400949011541DBF1CEA135594EA0C0F95EA0C0FE5
S2140094A000F0A7F8A4EB050481EA030E52EA0335A0
S2140094B04FEA013100F088804FEA03334FF08055C1
S2140094C045EA131343EA12634FEA022245EA1115EE
S2140094D045EA10654FEA00260EF000419D4208BF9F
S2140094E0964244F1FD0404F5407402D25B084FEA4C
S2140094F03202B61A65EB03055B084FEA32024FF4F8
S21400950080104FF4002CB6EB020E75EB030E22BF54
S214009510B61A754640EA0C005B084FEA3202B6EB14
S214009520020E75EB030E22BFB61A754640EA5C00C3
S2140095305B084FEA3202B6EB020E75EB030E22BF53
S214009540B61A754640EA9C005B084FEA3202B6EB54
S214009550020E75EB030E22BFB61A754640EADC0013
S21400956055EA060E18D04FEA051545EA16754FEA75
S21400957006164FEAC30343EA52734FEAC2025FEA93
S2140095801C1CC0D111F4801F0BD141EA00014FF022
S21400959000004FF0004CB6E711F4801F04BF0143F3
S2140095A00020B4F1FD0C88BFBCF5E06F3FF6AFAE0F
S2140095B0B5EB030C04BFB6EB020C5FEA500C50F19F
S2140095C0000041EB045170BD0EF0004E4EEA113122
S2140095D014EB5C04C2BFD4EB0C0541EA045170BD29
S2140095E041F480114FF0000E013C90E645EA060E6D
S2140095F08DE60CEA135594EA0C0F08BF95EA0C0F9B
S2140096003FF43BAF94EA0C0F0AD150EA01347FF4E2
S21400961034AF95EA0C0F7FF425AF104619462CE7B9
S21400962095EA0C0F06D152EA03353FF4FDAE10461C
S214009630194622E750EA410618BF52EA43067FF46D
S214009640C5AE50EA41047FF40DAF52EA43057FF4FD
S214009650EBAE12E74A0011D212F5001211D20DD568
S2140096606FF47873B3EB62520ED44FEAC12343F023
S214009670004343EA505323FA02F070474FF00000CD
S214009680704750EA013002D14FF0FF3070474FF07C
S2140096900000704708B5064B044613B10021AFF32F
S2140096A00080044B1B6803B19847204600F036F94B
S2140096B0000000004419002070B50D4D0D4C641BD1
S2140096C0A4100026A64209D10B4D0C4C00F028F938
S2140096D0641BA4100026A64205D170BD55F8043BB5
S2140096E098470136EEE755F8043B98470136F2E70F
S2140096F0BC000020BC000020BC000020C0000020F1
S2140097000A44914200F1FF3300D1704710B511F8BA
S214009710014B03F8014F9142F9D110BD02440346B4
S214009720934200D1704703F8011BF9E77047704772
S21400973070B50F4E0C463168054611B900F09EF81C
S21400974030602146284600F099F8431C03D14FF0BC
S214009750FF34204670BDC41C24F00304A042F8D099
S214009760211A284600F08AF80130F2D1EFE700BF50
S214009770501900202DE9F041CD1C25F003050835D1
S2140097800C2D38BF0C25002D064601DBA94204D956
S2140097900C2333600020BDE8F081314F00F062F802
S2140097A03B681C4644BB29463046FFF7C1FF431CB6
S2140097B0044650D13C682146002941D1002C44D0B3
S2140097C02368304604EB030800F058F880453CD187
S2140097D021686D1A29463046FFF7AAFF013034D0BB
S2140097E023682B4423603B68002B36D05A68A2427D
S2140097F029D100225A600EE02268521B1DD40B2A83
S21400980016D96119A342256018BF5960636808BF5E
S214009810396062514B60304600F02AF804F10B00C4
S214009820231D20F00700C21AB5D01B1AA350B2E7BA
S214009830A3426268DED13A60EDE723466468B1E78A
S2140098400C464968B8E71346CEE70C23336030462B
S21400985000F00EF89EE70560DDE75B60FFDE00BF08
S214009860541900200148FFF761BF00BF48190020C7
S2140098700148FFF75CBF00BF4819002038B5064D09
S2140098800023044608462B6000F03AF8431C02D139
S2140098902B6803B1236038BD4C190020024B0146EB
S2140098A01868FFF767BF00BF6C00002010B50139CD
S2140098B00244904201D1002005E0037811F8014FE0
S2140098C0A34201D0181B10BD0130F2E7884210B544
S2140098D001EB020402D98442234607D8431EA14264
S2140098E008D011F8012B03F8012FF8E702440146CF
S2140098F08A4200D110BD13F8014D02F8014DF7E77A
S214009900044A05491368002B08BF0B46184410602C
S21400991018467047581900205C190020FEE700BF63
S214009920F8B500BFF8BC08BC9E467047F8B500BF47
S214009930F8BC08BC9E467047B814B6F1E0CFF3AD4D
S214009940B7DD25C9FA79B713000201060409004FEE
S214009950544100081B00011800052A00022900F0E7
S2140099601921B4478FA4BFA14F63FDEED6141D0086
S214009970636032E0375EA488534E6DFB6435BFF7F4
S2140099800053A1811F582CD0A54540FC34F3274234
S21400999098009F3EE22E0ECFFFBF1E45CA8C68235E
S2140099A04A4F0016531EC44CBAAD9D324B6808CFC2
S2140099B07BC04C00FE5A24E12BAAA5B2E94617E963
S2140099C00A5CF02500F8927AAC96CDA9BFF249C1A0
S2140099D04A11CC770D000000B99A00000200000082
S2140099E003280000E09900000200000040787D0196
S2140099F000000000005A620200010000C0CF6A00AA
S214009A0002000000809FD50002010000002D3101F9
S214009A10020200000003010303030201020304051F
S214009A20060708090A0B0D0E0F101112131415164F
S214009A301718191A1B1C1D1E1F2021222324252639
S214009A40000C270013B779FAC925DDB7ADF3CFE0D0
S214009A50F1B614B80102000000000000000000008B
S214009A6008000000000101070000000000000000E0
S214009A7000000000000000000000000000000000E1
S214009A8000000000000000000000000000000000D1
S214009A900000000003070001000100F400000000C1
S214009AA0BF9A000002000000BC9A000002000000FE
S214009AB00101020A0000000000002800002A000041
S214009AC018000000000800FC389B00000100010799
S214009AD0E49A0000000800F8F49A00000000000075
S214009AE00000000083FFBFFFE2FFF1FFF9FFFEFF6B
S214009AF0000000009600FCFEF8006D23441FEEFFF9
S214009B00C700F20E8E37FAFF5C00A40324A7FFFFFF
S214009B103200D601AD3400001F003001004D0000B9
S214009B201200C000CA4A00000B006E00F73C00009E
S214009B3005001F002F2000008C00FCFEFFFF000029
S214009B4000000000FC00D2104C06FAFF75009B05D2
S214009B50F132FFFF3E0062020B35000025004B018C
S214009B60885F00001700E0005E5D00000E008C00BD
S214009B706A4F000007002500832800000000000050
S214009B804801000078130020FA04FA000033330A74
S214009B900A0A084000210000000000000000000043
S214009BA000000001000001010001010101010203A3
S214009BB0000000019D07000048700E0E44709A0DCC
S214009BC03070DA123C70DA163870F60D34701C0EEF
S214009BD03070700F2C70700F2870521124706A113C
S214009BE02070000E1C70F611187068121470FC0DB0
S214009BF0B110076001D80A7108B87F78020C7E7829
S214009C00641000C6A01F00218CB8707801B00768E9
S214009C100F305CB30F330111C048069846022FB0D0
S214009C2006D80C7109DD087100B853A809BB1110DD
S214009C30076801682148076004100112FF322150AE
S214009C4007605148076000880698841300C43C1FCC
S214009C50002103DD087214BA281400A000BA03DF3E
S214009C60107109DF06720298E8058CB8507800A0DB
S214009C704413281441158110076002D81471108807
S214009C800698F61B00C00C7008400698501E0091FF
S214009C9006985C020060B83020D8067190BC637CE1
S214009CA0084D5412F03240DE0472404804DB08725D
S214009CB00DDD0C72044BEF30144806989E0700C466
S214009CC0E01008404412076201322140084C287C0C
S214009CD0811140D91C72B1123032CF4A013AB1DA42
S214009CE0107208D8067104D80871B04C237C3E70F8
S214009CF0684C4412FF328722047580B8D84C81D84D
S214009D00307140D90472237C084B06989E0704BA2B
S214009D1088B9767900C1186008403579E04900793D
S214009D2006B904A901D86C72BC4C307C02982E028D
S214009D3008D83C7100C14C000840141110D930718D
S214009D40104C00C11400084014111814076100C517
S214009D50206008405415FF35047110491814A84CAB
S214009D60441207620132067102981201B84C08D8F4
S214009D700C7107BA24D8047106BA187004D80C718E
S214009D8001BA40D80E7102BA0A7005BA20D8047219
S214009D9003BA604C4411404C181407611814911112
S214009DA0383111429111076910D90472EF3200C19F
S214009DB00060084014111031016911422814A111E5
S214009DC0076118140698361E181400C10060084073
S214009DD014110769FF31181400C13C3008401411F3
S214009DE0181407611814308802480698480600932D
S214009DF008DB047101F800A05CB00F3000A01088EA
S214009E00B111076980D90A7100C1800008400811A5
S214009E10009100A000C400010840441000A000C04B
S214009E2020300E40041104101050F47200A0541597
S214009E30504512710698A8070698380718B8707823
S214009E4000B8417806983C0390BA5B7A5C7A5D7AF3
S214009E5000C218500840241200C14C1F00212811CF
S214009E600698001C2088008800C5401F0021541555
S214009E705112FF350762FF320698660201595129D2
S214009E80047511590090212920750698FA04069841
S214009E902A050698F602009203D80C728111076113
S214009EA002D90472FF0FBA7018B8727800F804D896
S214009EB042710088308800C0FC1F0021041000C1D9
S214009EC04C1F00211412012A215A00C318500840C2
S214009ED03413312A1A7500C0006008400410073099
S214009EE0FE200C76381108B87F78020C7E78009336
S214009EF0009000A000C0F41F0021041000BB1DB499
S214009F0000A000C1DC1F002114111088FF3100C51D
S214009F10FFFF0000311207620762513A513B0E7292
S214009F200698160D1159011201131E70311400887F
S214009F3031100698160D1159415C41280698180DE7
S214009F40513801130090012B0090208807600114FF
S214009F500760FF30215D411207620762312D0876E7
S214009F60FF34415C4128015D31100698180DFF3022
S214009F703088011300C0E01F00210410512B0C761E
S214009F80076801150768FF356070315BFF32212BCB
S214009F900C75076001150760FF354E7000C5E41F9D
S214009FA000215415076507655112FF35FF30012B58
S214009FB0087521100760327021100768FF30012BEA
S214009FC00A75211007600760207000C2E81F002194
S214009FD02412211007600760FF30012B087521103E
S214009FE00768067021100760FF300093009200C1DA
S214009FF00060084014142C490734FE242A761415F1
S21400A000F0BC076C513C076803680154107100C42B
S21400A010FF0FFFFF513C01444811311200C5E81FF5
S21400A02000215415FF350762076221435449141274
S21400A0302155FF355152281100A000DF067201138A
S21400A04014703111312B112B016300C1FF07000082
S21400A050113B012B00C278FEFFFF05B86EBD312A0A
S21400A060207505B8C8BDE8221875DCBD06B8DC2228
S21400A070107507B8F0220A7508B8E822047509B802
S21400A08000C10060084014122C490732FE221676E2
S21400A0900768036800C2FF0FFFFF1414213C014449
S21400A0A0481150BD544914122155FF3551522811FC
S21400A0B000A001D82C71008800C00470084004106D
S21400A0C08020FF301A7100C1B01E002114110761F4
S21400A0D020D9087106988204067006984A030090F4
S21400A0E000A002D8047200A00088069838071DB4A5
S21400A0F028B9112C408800C3EC1F002134144044BA
S21400A1005A7144130698A805411500C0006008401F
S21400A11004100730FD20447500C208700840241063
S21400A1200760FF3080DC34710698520D01591C4AD6
S21400A130241007600260FF300698520D0158B220C6
S21400A1400129541331100698520D11280A7504255A
S21400A15054155045EE720698A8050094009000A08D
S21400A1607FB9066100C01C60084006988A13041573
S21400A1705153113B3155581002988413EBBD00C063
S21400A1803C1F00210411113D10D91271FF33076BDB
S21400A19000C190400846381118B97479581000A0CC
S21400A1A006985C028024E4240D300472044800C142
S21400A1B01C510840141100C3D81E00219115043507
S21400A1C01A72181388BB08D804716C7B04D8047103
S21400A1D06A7B8CBB2F7C5B7B1670044B181388BB8A
S21400A1E008D804716F7B04D804716D7B217C0C3019
S21400A1F001600698240706980C0C0698D40700B849
S21400A200B111076940D906720298080701BC00C25E
S21400A2100060084000DC0A7124150165604A0A7077
S21400A2201C4A241507657C4A043508D92071202469
S21400A230512A241200C180000840320C28110762FF
S21400A24028110762281107622811500C00C1341F1C
S21400A2500021141200DC347120D8067101B80C708D
S21400A260F0DA0C720CDB087102B806982C0748244A
S21400A27000C3306108403413076380DB0E7102B9F7
S21400A280911308DB047203B906700C49141100C35D
S21400A29080000840FFB801201141087101411813E1
S21400A2A00824014200C12000084014110141036D3A
S21400A2B0514191152035016D51411813281348134B
S21400A2C000C37C000840341003D80C71073005DC4E
S21400A2D00671084B227B8CB8507800B800C1341F3A
S21400A2E00021141203682150F0300152281100A0FA
S21400A2F04024066400C0FFFF0100013C1DB00220A0
S21400A3000158402806751EAC01EC00A0208800C04D
S21400A3101850084004121DB4211304123052F8716C
S21400A320066C402400C3741F0021341014110698D4
S21400A330820D0669009211592129067600BB115933
S21400A34006983A0D80B80158013A0662313B04720D
S21400A350215A412A00A000C200010840317A00A01C
S21400A360308880B9076900C30000C0FF311031286B
S21400A37000BC002D0C7511541EAC01EC312DF47090
S21400A380066C51134155312C009300A000C02840A4
S21400A3900E400413315107610C3107691153381010
S21400A3A000A00698EC0800C0F41F002104110698CF
S21400A3B0D407217A237A00C30000100006981408F8
S21400A3C000C0541F00211DB1181000A000C0501F6F
S21400A3D000211DB1181000C09C1F00210410002D84
S21400A3E0067500B826A80698A80700C09C1F00217E
S21400A3F00410012C06750698380728B010B91159B4
S21400A40011380EB9114028A880B800C14430084061
S21400A410081100C1F01F00211410303B06710760C0
S21400A420076000C40830084044111150FF30015145
S21400A43018146FB8076826A8217A050C2110204842
S21400A440267800C063EF0000314026A8050C20ECFB
S21400A450B11140D90872247A20EC217A184826A82F
S21400A46028B00AB901510F31115028A8050C207ADE
S21400A47020EC0F0C98B8467841780698660200C221
S21400A480401F002124100151FF311150081200A076
S21400A4900698EC0800B826A800C0581F00211DB179
S21400A4A0181000A030B840780DB101D9FC7242787F
S21400A4B000C074300E4004114CBA407A181014488C
S21400A4C004115C7A1810A4BB707B4E7B4F7B00C2D5
S21400A4D00430084000A00698EC08217A227A00BBD7
S21400A4E00698140800C0641F00211DB11810A4BBF4
S21400A4F000C040300E400411033101492872B112E9
S21400A500076207623048041121510F3118726E7BC2
S21400A5106F7B104804114CBA7C7A1810144804114A
S21400A520607A1810B11002D81071707B30B862785B
S21400A53060780DB001D8FC7100C0F86008400411C6
S21400A54001D90C7100C01800084002B9181008B8EC
S21400A5506E780EB84EB110D90C723EA8140C0FB817
S21400A5603EA8107044A8140C01B800C1AC300E40D0
S21400A570081100C077801F003DB201423DAA00C00E
S21400A580FFFFFFFC013A3DAA140C00C077E01F0055
S21400A59001423DAAFFB845207D7808B87E7800C104
S21400A5A024600840141107610631087100B9069846
S21400A5B0D01006988A13B11101D90E7106985C1E48
S21400A5C002D906720698520C0698841351140698FF
S21400A5D03807F4B845780A0C00C0601F00211DB18A
S21400A5E018100298AA10FFB845205D7803B80760D7
S21400A5F044A83EA800C1AC300E40081110B8076849
S21400A6003DB101393DA908B86F7800A046A800C042
S21400A610FFFF0000013B076356AB94BA437A01D9AB
S21400A6201471013C47B300C0FE20FFFF013B3144DC
S21400A63047AC637AFFB82120407802D9047160786D
S21400A64000A0C8BC066C415C512C067506983807FD
S21400A6500698300EB110076805D8367140BA0698CD
S21400A6605A138CBC7F7C08B86578911004D8187192
S21400A67088B86E78577800C064000840217806983D
S21400A680F81001400872427C069896130298E40B74
S21400A69008B86C7820B859785B7800C0F440084059
S21400A6A07878797800C1C81F0021141040A818498E
S21400A6B014130449408814140C4914118112076AB3
S21400A6C0006A01DA187188B8577800C0CC1F0021DC
S21400A6D00410016107630763076407640698540A59
S21400A6E000944EB010D842724DB161B8015811387E
S21400A6F040B102D90A72604804BB41540870204831
S21400A70002BB02BC4DA8F8B87078190C3EB14141A6
S21400A7103EA9F4B973797378717800C4F84008409C
S21400A72000C200410840227000C20000010044AA96
S21400A730230C00C200000B0044AA00C410410840CD
S21400A74000C21841084004BB587C050C597C0C24F8
S21400A7500F0C2FAB050CB11008D81471647A657A0B
S21400A7601CB879787B7820B879787B78607CF4247C
S21400A770411306989E0751144044067506983807FC
S21400A780727BFFB84D20050C687840EC00C05C1F5B
S21400A79000211DB11810911004D8147100C0B01E0D
S21400A7A00021041080D806711CB8737800F818B819
S21400A7B000C1D41E002100C21850084024122811DF
S21400A7C0777800F800C0B860084004110761076198
S21400A7D080D9047240EC00C4F84008404EB010D84F
S21400A7E00471182441130C23527C407B11512FA96D
S21400A7F0050C797C0A0C00C0000001020814787C65
S21400A800050C507C08B86D7800A000C02870084081
S21400A8100411108800C100180040181044480411A4
S21400A820108878480411108800884CBA757A181079
S21400A8303DB11088F4B8427844207278284873787E
S21400A840F8B873784FB200C4FFFF8080413A4FAA31
S21400A85001BC01644113076300C06C70084003B973
S21400A86018100110011001B9181001100110011084
S21400A870011068480411076101B80160003A0471CC
S21400A880044904D9047241520760003A0471084929
S21400A89008D9047231520460003B0E7200630064F3
S21400A8A0314241424FAAB2704FAAF8B853781820E6
S21400A8B053782848527800913DA9009000911810CE
S21400A8C000917848181000914448181000A01159BB
S21400A8D010D906710760076008D90471076004D9AB
S21400A8E00471036002D90471016001D9047100602B
S21400A8F000A000BA01D806710148112A006900605C
S21400A90001D8F6720138F67200A08020FF30FF48AA
S21400A910812000A002EC00CA02EC00C8076A0142CF
S21400A92002EC00C8076A014202EC00C8076A01424E
S21400A93000A000C218500840241211592129127391
S21400A94000210E7100C23050084024120121212936
S21400A95000A00698EC0888B8577800C57C1F002130
S21400A9605088044D88BC00C0BC1E0021811101D94E
S21400A9701E71407C009501157C4D5088044DFFBB30
S21400A980076B315B041106987A0D3129F875069825
S21400A9904A1D541506985C1E01D9087206981E09B1
S21400A9A006700698800988BB547B009500F80698C8
S21400A9B02E0A0E7006980C0C06982E0A0698D611CB
S21400A9C00698D8089112211900C0246008400A7819
S21400A9D0097800F810B901BA069850130698AA101C
S21400A9E000C57C1F002100F89112033288B900C30D
S21400A9F0B01E0021341300C4A81008408CB842785A
S21400AA00707903DE0671447872707179A11020D8CF
S21400AA100A7106981E0902987C0F80DB507102D8D6
S21400AA204C7205B830880763076302DB2A7100C3DF
S21400AA30AC0008403413066380DB0472804800C311
S21400AA40102008403413315B047240483128312806
S21400AA5002600814076800930814A110103002481A
S21400AA60081400B808149110076008148CB86278AF
S21400AA70A11000DC0676517900BA80DB3A7100C07E
S21400AA8000000200003B307150884110344803DE5D
S21400AA9004719048041508200411F82058101C2052
S21400AAA0217800C0A40008400E7810D904722E78D1
S21400AAB00698A0160095911120310269911004D8CD
S21400AAC00E7200C1481F0021141101D90A71208896
S21400AAD00698D010009200C1180008400533054BB8
S21400AAE01872184C03DE0471904C441400C3FF1F08
S21400AAF00000413BFF233811B84900C330610840CD
S21400AB003413076380DB0E7103BA076A0698640F76
S21400AB1000BA0870076A0698640F0449087909792C
S21400AB2014102140081100A000BD0698400210B97C
S21400AB3003DC047100B901BA0698501302D90671F5
S21400AB4000404E7201B107690F310698F810FFD821
S21400AB502872811008D8187106DD0A71069840021E
S21400AB6003DC0C7206983E11069896130C7006DDF0
S21400AB70107106984411487020B802A806DD1072BD
S21400AB8006982E0A0698D80801F840B802A800F8D9
S21400AB9000C0B01E00210413076301DB2271911070
S21400ABA00111076911388CB910D8087144790298D8
S21400ABB07C0F02DBFA72A11328DBF47203BD069841
S21400ABC09E1006982E0A00C5801F00210698400297
S21400ABD000BA03DC4A72044DA11002D804710C4D71
S21400ABE000C0140008400410026800C3701F002153
S21400ABF03411112800C1306108401411076180D952
S21400AC000C71911108D90671FC230C4DFC233411EC
S21400AC1006983A0D00C10C51084006985407541582
S21400AC20212D00C0F8600840041101D9227100C02F
S21400AC30381F00210410033001DC147200C0140019
S21400AC4008400411FB21087607BA076A212D0698EA
S21400AC50EA0702988A0A91100155033551500119E6
S21400AC6000A000C1441F0021141001D84271014801
S21400AC700760FE200E75811020D8087100C1481F9D
S21400AC800021141101D9287100C024600840041264
S21400AC90215107610F3107691152281000C000606A
S21400ACA0084004119112215120311152211900A09F
S21400ACB0811380DB067201B800A000C30C50084068
S21400ACC03410063030727C4B34122C4B3410076034
S21400ACD0076040302072811080D8DC713410014A41
S21400ACE007620360803021508C480A717F23552309
S21400ACF03410013000A000BD06989E1088B8477832
S21400AD004578437800B8447800A006982E0A06983E
S21400AD103E1100C58C1F002154150698EA070298BC
S21400AD208A0A00C374000840027B06988A1350BA49
S21400AD3006985A130698F810FFD84A71911004D84E
S21400AD404872811007601CD8407220D938721112E0
S21400AD50FF322151347180218021111400C0E01E81
S21400AD6000210413FFBA3151113A215111538CB905
S21400AD7038107B7940440E7200B900C2B81E00211C
S21400AD801812067008B860780698841300F800B9A0
S21400AD9000C29C1008401812244A0AB9181288BA31
S21400ADA0507A517A577A8CB942795F7900A0069822
S21400ADB0400207DC1072911000200A750698D61122
S21400ADC00298280E0698D80801B9911004D8047184
S21400ADD000B910BA0698501300BA00402A7100C095
S21400ADE0B01E00210411076101D9127104D9E27264
S21400ADF08110076001D8DA718CB8647800C11C51E4
S21400AE000840069854070698D61100C5901F0021E2
S21400AE105415212D06981E0900C5941F002100F820
S21400AE2000BC811108D9167280D9207201B910BAF7
S21400AE300698501300400E7101BC107006983E1123
S21400AE400698961320B802A800F80698D611811125
S21400AE500231127100B900C20C1008401812244AC0
S21400AE6002B9181206983E1100C5981F0021541505
S21400AE700698D41D02988A0A04110121147188BA12
S21400AE80737A042004122811042004110121F4729C
S21400AE9000A006989E0701F8911010D83471069805
S21400AEA03C030698FA0406982A0500C51C5108407B
S21400AEB0541106987A0D00C5D01E0021541551294C
S21400AEC0E27518B876788CB8447801B802A800F80D
S21400AED0B110076810D82E7100C04810084000C393
S21400AEE0000008403114884C44113411076101D920
S21400AEF0FA714412281007622810076228100762A9
S21400AF002810E8700298760206985C0211380472DF
S21400AF10016A00BB00C1E01E0021141120390C722A
S21400AF20911210DA0672417B00A006988A1300C2BE
S21400AF30B01E0021241220DA0472617B88BA527A8D
S21400AF4000A088BA727A811204DAFC7200A088B86F
S21400AF506B78577800C0640008402F7800A00698E9
S21400AF60E4100763076390B9637900B902DB2271C6
S21400AF7002EC00C909B801D9507200C2AC00084002
S21400AF800E7A10D904722E7A0698A016E031076160
S21400AF9002EC00CD114502EC00CC01DB087100BBD1
S21400AFA00298FE1703B841110731FA211C760621D4
S21400AFB0911210DA087102DD10721E7020B8069821
S21400AFC0160D3038147208B80698240700C02400FE
S21400AFD008402978207800F8046020D80671029886
S21400AFE0581502EC00CA05B823DA187104DBDA71CA
S21400AFF020DAD67110DAD27290B8617800B801DA29
S21400B000067202EC00C8911110D9267100C1C01E4C
S21400B010002114111150FF300C720661A11011505E
S21400B02002300A7180DB0A720AB89E708CB97C798D
S21400B0300768911111402111C0311140011990B8D3
S21400B040411108D90471667820D904726578A11078
S21400B05002D80672C0DA1E7190B8273123DD087256
S21400B06010DB1072607825DD0A7121DD087208DBBE
S21400B0700471627803B8411107310872A1152035B2
S21400B080AA7102DD3272A11120D9A07102D92872EC
S21400B090CCDA9872411140D9927206B802DB107170
S21400B0A0046500C1102008401411112D112D054D06
S21400B0B05C720298E61321114049C0D94E71A03146
S21400B0C041154035016551410361076308DA1E7278
S21400B0D004DA38721049A1150235067110DB0E72BB
S21400B0E001340A7108DB247190B86778CC321110ED
S21400B0F01A300ADC0872CCDE0471FD3100C00D0F78
S21400B1000C0D0698180D01D8607207B80298101436
S21400B11000BA411108D90C7102EC00CA05B830DA41
S21400B120EC720734F031026101DA0471014900C0A3
S21400B130F300A3E30698180D01D8D07100C0981448
S21400B14040680698180D4030014440DA0471204CDF
S21400B15004320162204A111006300068014218319C
S21400B1600269114202982E14204A00C005170850A2
S21400B1700698180D113001422088FFBB0DDA507179
S21400B18000C1DE1B250180BC04DA107208DA0A72E0
S21400B19000C120841000E024A0240763414301641A
S21400B1A001DA06711E49024B00C0281F0021076302
S21400B1B03810BC2002DA127101B91159A11380DBD4
S21400B1C0087100C100FCFF01181002988A1700C41D
S21400B1D0B01E0021441080D87C710092D0DA06712F
S21400B1E00DDA0C7190BD437DEFBD0698C60503626F
S21400B1F00DDA8672A11105D95C7100C238100840BC
S21400B20024120C24281401D9067202D9327140D9AE
S21400B2101E7102EC00CA211018320471FA2220D8DE
S21400B22004720822FE22087502EC00C8F87001D9E4
S21400B2300E7102EC00C802D9067204DC187200C057
S21400B240B01E00210410026801D8067190B8647818
S21400B25018B873780298FE1700C50020084000C092
S21400B2600417000008D904720A480815104D00B8E3
S21400B27008D90472FF200815084D00C00884000095
S21400B28008D9087200C02083B8ED0815104D207D3F
S21400B29000A000B8011A00C074000840027891109F
S21400B2A01030011905BA06985A1302D9067101B86A
S21400B2B002A800C0B01E0021041380DB06710298AD
S21400B2C0A61340DB067102983E198CBA7C7A01DB25
S21400B2D06C7100C22C1F002124111114FF3402ECE3
S21400B2E000C8FF24FA7607610698260D0361113818
S21400B2F00F3003611114011141100698260D01D874
S21400B300087203B8029810141C4A02DB2471241039
S21400B310112811280412023006710762076200C065
S21400B320FFFF0000213800C218000840FF20081266
S21400B330411007600698260D01D87C7120BC10339A
S21400B340767100BB00C1281F00211415C021112CE6
S21400B3505112076A0F320E7140885114069854181D
S21400B3604143009451120765036A0F320E71411172
S21400B370511406985418036C41430765513B00C1AD
S21400B380E41E00211411111231100F30127100BA90
S21400B390046101D80471114200600FD8F4723110B4
S21400B3A002601E30047201B8003A087204B80298AF
S21400B3B010140298161600C1306108401411076177
S21400B3C080D91A7102EC1DB002EC1DB1015811288B
S21400B3D0A0B91159112806758CBA637A00C0341FBB
S21400B3E0002104110F3103DD1A7200C0006008400E
S21400B3F0041007D80E7200C01040084004B9181098
S21400B40000F80698E4100698C40500F830885088BE
S21400B410FF34087102ECFF24F87002EC00CD141023
S21400B42001BB5150FFD8047131440760006B10DB3C
S21400B430F2710421FF22E4720F4C0095009300A0E5
S21400B44000C01860084004100560073000A00CB863
S21400B45002983A1902EC00CAFFBC80BD069888180C
S21400B4600448187202EC00C92115F03500650F3249
S21400B470076A114200C4FF0F000000C1C01E002171
S21400B480141031110113413B02EC10D9087121143C
S21400B49000CA2C70305206714052B47221140760F4
S21400B4A00760FF3055DC187100CA005212710ADEC0
S21400B4B00E714ADE0A7155DE06713052927200C174
S21400B4C0C41E002110880698361E073111450765F0
S21400B4D00765414500C30C70084034130763FF330B
S21400B4E007633145009158110849281118B8757836
S21400B4F00BB8029810140763076302EC00CA02DB5D
S21400B500127155DE067202989C1854DE0672029876
S21400B5109C1801DB12710698600D06985C0D02EC13
S21400B52000CA0298FE1700C1BC1E002114147C49F4
S21400B5300698600D40522E7204DBE07190B8637876
S21400B5400698881804486E7200BA0698600D211393
S21400B550141000C1FF0F0000113A1052547101522E
S21400B560113A067104B88C7000BA0698600D211165
S21400B570FF3207611114911010D82271073103DDD4
S21400B5801C7200C1C81E00211411FF311152067131
S21400B5900AB8D4708CB97C790298FE1741108130B5
S21400B5A081DC0E72076A034A076A0F4A0698181B60
S21400B5B00298FE171410FFBC013C0698BE1B02EC56
S21400B5C000CA02EC00C902EC00CB076A3142076AE7
S21400B5D021410F3302EC00CD02EC00CA0040087295
S21400B5E0211302EC00CA07621142911110D92A7188
S21400B5F021110F3103DD227200C1C81E0021141173
S21400B600FF31076A00230C71115308710AB80298BB
S21400B610AE198CB97C79147021110F31076A02DDDE
S21400B6205A7101DD067103DD4A7200880AB9069870
S21400B630021B00902111FF32FFDE38712054387251
S21400B640FC25187202EC00CA01DE107202EC00CA79
S21400B65018DE087288B877781A700661004004729F
S21400B660006180D90E714CBA477A06985A1B90B87A
S21400B67043780298FE1704B89670FF32FF24F875D8
S21400B6800BB90698021B2110E03001584128E875D6
S21400B690F83002601F32215A0125212DDA75012A61
S21400B6A0D67602EC00CAFF20FA764111073101B8BF
S21400B6B00698160D003AC071BA70004008710698D8
S21400B6C0921B0470022106B81159112DAC7500A00A
S21400B6D000C5A81008403110036008150111076066
S21400B6E0076007690F30F0311140081507630363E0
S21400B6F03815281507622815076228157FBA2815F9
S21400B70000BA28157FBA281590B8437818B8737809
S21400B71000A00698CE1B11140CB900400A710064F4
S21400B7200AB90698921B03BD514400C5A8100840EC
S21400B730202A047528154815076448151815004072
S21400B740047238150764481500A00088408800C0B9
S21400B750C81E002104100760073000C420000840FF
S21400B7604414412C047201244138405004720121D3
S21400B7700094009000A000C0C81E002104100760BE
S21400B7800730074800A000C2C01E00212412211462
S21400B790076AFF320CDE12710DDE0E710FDE0A71C3
S21400B7A010DE0671215A00A0FF34411200A000C12D
S21400B7B0B41E0021141100A0308806980C1E8111BA
S21400B7C0076102D906720298E81C88BB557B0761A0
S21400B7D020D906710298D81C0088A1100768069820
S21400B7E0F61B08211415FC2590BB5C7B5D7B00C115
S21400B7F00060084014110731FE21307608D82A72FE
S21400B8005113FC23341304DB2071076BFF33315BC9
S21400B81000C1087008401411076180490C71FF319F
S21400B8203029607590BB7B7B1C707B7B7C7B00DD4E
S21400B83004717D7B01BB38158113076B403306719D
S21400B84018BB717BEC25541300DF5471042505DF0B
S21400B850547154152111208806987A0D00925129AA
S21400B8603E7500C100600840141102DB0C71073100
S21400B870315B31292A760C7004DF0872006180D9AA
S21400B8801E720698F61B00C0087008400698501EE8
S21400B8900698F61B1411FFD9607202982E1D0090B0
S21400B8A0009300A05415A111076910D9A6720825A7
S21400B8B008D8A071082510D89A71208821110698FA
S21400B8C07A0DFC255412112AF82554110C2520D87F
S21400B8D00871F025541110252029047621591815D1
S21400B8E0009202989A1C18B97179811010D80A71C2
S21400B8F088B8447800B8417888B9747908B9677907
S21400B90000F88110A0D8087188B9497900A00760AE
S21400B91002D8FA710698F61B108806988A130762F2
S21400B920076210DA087108211415F025541100C2B8
S21400B9300020FEFF2029127506985C1E01D90A72A7
S21400B94006982E0A0698D80800941CBB41100C20B6
S21400B9500698C0124111082114100698C01231280A
S21400B960441111120761FF31FF320122105210728A
S21400B9700769181404244413042438140C70076947
S21400B98021411814082408140298841340441471A2
S21400B99000C1B81E002114155113036B0FDB0C7287
S21400B9A0066D0698A807411500A00698D8080698C0
S21400B9B08A1308BB51140698941D4415FC2554158B
S21400B9C00298EA0788B900C3B01E00213413076343
S21400B9D008DB1A718113A0DB06714979107069794A
S21400B9E0076302DB087208B9677900F800A08111C6
S21400B9F0076102D9107188B975790698F61B14117B
S21400BA00FF3100A0FFB900A0041008211411F42192
S21400BA10081100A081110761076110310E710698A8
S21400BA20F61B08211411F821141100A034BA0000E6
S21400BA304CBA00002CBE00000000000064BA0000F3
S21400BA400600000000000000000000002CBE000001
S21400BA50000000003CBB00000400000000000000E6
S21400BA6000000000CCBB0000809C2B8F80841E0052
S21400BA70000000002200FF7F64000020000000009D
S21400BA800000000000000000CCBB0000809C2B8F54
S21400BA9080841E00000023002300B60064000020FF
S21400BAA0000000000000000000000000CCBB00000A
S21400BAB0809C2B8F80841E000000240024009D00A4
S21400BAC064000020000000000000000000000000ED
S21400BAD0CCBB0000809C2B8F80841E0000002500BD
S21400BAE025007D006400002000000000000000002B
S21400BAF000000000CCBB0000809C2B8F80841E00C2
S21400BB00000026002600530064000020000000000D
S21400BB100000000000000000CCBB0000809C2B8FC3
S21400BB2080841E00000027002700FF7F640000209E
S21400BB30000000000000000000000000FCBC000048
S21400BB40809C2B8F80841E00000000002400FF7F56
S21400BB50640000200000000000000000000000005C
S21400BB60FCBC0000809C2B8F80841E0000002500FB
S21400BB702500B40064000020000000000000000063
S21400BB8000000000FCBC0000809C2B8F80841E0000
S21400BB900000260026009900640000200000000037
S21400BBA00000000000000000FCBC0000809C2B8F02
S21400BBB080841E00000027002700FF7F640000200E
S21400BBC0000000000000000000000000F81F010157
S21400BBD04CBF00003400040000000000000000001D
S21400BBE000000000A0070000480001000000000060
S21400BBF0540002000000000000000000A000010049
S21400BC00FF4C00003030010011491000B840010020
S21400BC1000C0E30040410100EA008800186004000C
S21400BC20000000C61FC000000050000000D0320018
S21400BC3050600400FC006900410C00000000000099
S21400BC401100080078600C000804000000000000E6
S21400BC50BE031A00000000000000000001040C1AD9
S21400BC602F4653616862584935201407C491A06373
S21400BC705644332322529224E46007008108A1CB65
S21400BC8000000000198407059411CB48992006008F
S21400BC90016120008294EA870461030065B6110002
S21400BCA01E37000089BB000020610100FFDF000096
S21400BCB030610700E853FA000000000000000000B2
S21400BCC0000000000000000000000000000000006F
S21400BCD01470011000F8070014700130F80200001C
S21400BCE018700200000300006000278470700200D5
S21400BCF0C30000000F9C0300FFFFFFFFF81F0101B9
S21400BD0098BF00003400040000000000000000009F
S21400BD1000000000A007000048000100000000002E
S21400BD20540002000000000000000000A000010017
S21400BD30FF4C000030300100E3381000B84001002E
S21400BD4000C08300404101006D00880018600400B8
S21400BD50000000C61FC00100005000000080000068
S21400BD605060040018000500410C000008000000A8
S21400BD709100040078600C008C000C0000000000AD
S21400BD8014001A00000000000000000001040B1957
S21400BD902C404C59605B534736251B114AF33896A6
S21400BDA06745231211090000E46007008F0846CBA0
S21400BDB00000000023086404D007CB48912006004A
S21400BDC0F9541C008294EA8704610300515511005F
S21400BDD0B01B000089BB000020610100FFDF0000EF
S21400BDE030610700E853FA00000000000000000081
S21400BDF0000000000000000000000000000000003E
S21400BE001470011000F8070014700130F8000000EC
S21400BE1018700200000300006000A5837070020026
S21400BE20054100000F9C0300FFFFFFFFDC1F04011D
S21400BE3000000000000000000000000000000000FD
S21400BE40F01F02013F00370000000000FC1F010148
S21400BE500000000004000200018101000001000053
S21400BE601800020000000000010000002800030087
S21400BE70000000000000000000000000A400030016
S21400BE80FF4C0000FF4D0000FF4D000000200100A9
S21400BE900807000010200100AAAAAA001820010026
S21400BEA00060DA000830010013AC000134300100F5
S21400BEB0010000004030010000000000A04001002A
S21400BEC07A27000FF44001002010000034410200E1
S21400BED080080000E687000044410100C0E6524D9D
S21400BEE060410400000000000000000006000000A2
S21400BEF00600000014600100100000002860030027
S21400BF000000000300000000000000006060020067
S21400BF1029417671000000004C610100010000001C
S21400BF202070040000000000820000000000800175
S21400BF30D5000000487002003C3D0000BC1900001F
S21400BF407870010006E04900FFFFFFFF0D000000CB
S21400BF50388EE30000000000F4BF0000E4BF0000DD
S21400BF6000000000E070720080DE800280841E0008
S21400BF70010100001149000200000000000000005E
S21400BF8000000000000000000000000041841E00C9
S21400BF9000000000000000000D0000001CC771003B
S21400BFA000000000F4BF0000ECBF0000000000002E
S21400BFB018CC660080DE800240420F0001010000BF
S21400BFC0E33800020000000000000000000000004F
S21400BFD000000000000000005B420F0000000000B0
S21400BFE000000000B45F00005F05000028A000000D
S21400BFF0C4090000193F01060410010000010106F3
S21400C00000102700000C00000000000000000000E8
S21400C010000000007441FF7F0100000028C00000FF
S21400C020100000202D000000FF000000E40C0A00B5
S21400C03005050000DD3500007C9B0000FFFFFFFFCC
S21400C040BB3C0000B73C0000FF0EFE01FFFFFFFFF9
S21400C050FF000E0000000000A1510000FFFFFFFFE0
S21400C060FFFFFFFFFFFFFFFFFFFFFFFFFFFF0000D9
S21400C070FFFFFFFFED740000618B0000FFFFFFFF76
S21400C0800000000070000020000000000C180020D7
S21400C09074180020DC1800200000000000000000DB
S21400C0A0000000000000000000000000000000008B
S21400C0B0000000000000000000000000000000007B
S21400C0C0000000000000000000000000000000006B
S21400C0D000000000650100003D010000FFFFFFFFBB
S21400C0E0FFFFFFFFFFFFFFFFFFFFFFFFFFFFFFFF5B
S21400C0F0FFFFFFFFFFFFFFFFFFFFFFFFFFFFFFFF4B
S21400C100FFFFFFFFFFFFFFFFFFFFFFFFFFFFFFFF3A
S21400C110FFFFFFFFFFFFFFFFFFFFFFFFFFFFFFFF2A
S21400C120FFFFFFFFFFFFFFFFFFFFFFFFFFFFFFFF1A
S21400C130FFFFFFFFFFFFFFFFFFFFFFFFFFFFFFFF0A
S21400C140FFFFFFFFFFFFFFFFFFFFFFFFFFFFFFFFFA
S21400C150FFFFFFFFFFFFFFFFFFFFFFFFFFFFFFFFEA
S21400C160FFFFFFFFFFFFFFFFFFFFFFFFFFFFFFFFDA
S21400C170FFFFFFFFFFFFFFFFFFFFFFFFFFFFFFFFCA
S21400C180FFFFFFFFFFFFFFFFFFFFFFFFFFFFFFFFBA
S21400C190FFFFFFFFFFFFFFFFFFFFFFFFFFFFFFFFAA
S21400C1A0FFFFFFFFFFFFFFFFFFFFFFFFFFFFFFFF9A
S21400C1B0FFFFFFFFFFFFFFFFFFFFFFFFFFFFFFFF8A
S21400C1C0FFFFFFFFFFFFFFFFFFFFFFFFFFFFFFFF7A
S21400C1D0FFFFFFFFFFFFFFFFFFFFFFFFFFFFFFFF6A
S21400C1E0FFFFFFFFFFFFFFFFFFFFFFFFFFFFFFFF5A
S21400C1F0FFFFFFFFFFFFFFFFFFFFFFFFFFFFFFFF4A
S21400C200FFFFFFFFFFFFFFFFFFFFFFFFFFFFFFFF39
S21400C210FFFFFFFFFFFFFFFFFFFFFFFFFFFFFFFF29
S21400C220FFFFFFFFFFFFFFFFFFFFFFFFFFFFFFFF19
S21400C230FFFFFFFFFFFFFFFFFFFFFFFFFFFFFFFF09
S21400C240FFFFFFFFFFFFFFFFFFFFFFFFFFFFFFFFF9
S21400C250FFFFFFFFFFFFFFFFFFFFFFFFFFFFFFFFE9
S21400C260FFFFFFFFFFFFFFFFFFFFFFFFFFFFFFFFD9
S21400C270FFFFFFFFFFFFFFFFFFFFFFFFFFFFFFFFC9
S21400C280FFFFFFFFFFFFFFFFFFFFFFFFFFFFFFFFB9
S21400C290FFFFFFFFFFFFFFFFFFFFFFFFFFFFFFFFA9
S21400C2A0FFFFFFFFFFFFFFFFFFFFFFFFFFFFFFFF99
S21400C2B0FFFFFFFFFFFFFFFFFFFFFFFFFFFFFFFF89
S21400C2C0FFFFFFFFFFFFFFFFFFFFFFFFFFFFFFFF79
S21400C2D0FFFFFFFFFFFFFFFFFFFFFFFFFFFFFFFF69
S21400C2E0FFFFFFFFFFFFFFFFFFFFFFFFFFFFFFFF59
S21400C2F0FFFFFFFFFFFFFFFFFFFFFFFFFFFFFFFF49
S21400C300FFFFFFFFFFFFFFFFFFFFFFFFFFFFFFFF38
S21400C310FFFFFFFFFFFFFFFFFFFFFFFFFFFFFFFF28
S21400C320FFFFFFFFFFFFFFFFFFFFFFFFFFFFFFFF18
S21400C330FFFFFFFFFFFFFFFFFFFFFFFFFFFFFFFF08
S21400C340FFFFFFFFFFFFFFFFFFFFFFFFFFFFFFFFF8
S21400C350FFFFFFFFFFFFFFFFFFFFFFFFFFFFFFFFE8
S21400C360FFFFFFFFFFFFFFFFFFFFFFFFFFFFFFFFD8
S21400C370FFFFFFFFFFFFFFFFFFFFFFFFFFFFFFFFC8
S21400C380FFFFFFFFFFFFFFFFFFFFFFFFFFFFFFFFB8
S21400C390FFFFFFFFFFFFFFFFFFFFFFFFFFFFFFFFA8
S21400C3A0FFFFFFFFFFFFFFFFFFFFFFFFFFFFFFFF98
S21400C3B0FFFFFFFFFFFFFFFFFFFFFFFFFFFFFFFF88
S21400C3C0FFFFFFFFFFFFFFFFFFFFFFFFFFFFFFFF78
S21400C3D0FFFFFFFFFFFFFFFFFFFFFFFFFFFFFFFF68
S21400C3E0FFFFFFFFFFFFFFFFFFFFFFFFFFFFFFFF58
S21400C3F0FFFFFFFFFFFFFFFFFFFFFFFFFFFFFFFF48
S21400C400FFFFFFFFFFFFFFFFFFFFFFFFFFFFFFFF37
S21400C410FFFFFFFFFFFFFFFFFFFFFFFFFFFFFFFF27
S21400C420FFFFFFFFFFFFFFFFFFFFFFFFFFFFFFFF17
S21400C430FFFFFFFFFFFFFFFFFFFFFFFFFFFFFFFF07
S21400C440FFFFFFFFFFFFFFFFFFFFFFFFFFFFFFFFF7
S21400C450FFFFFFFFFFFFFFFFFFFFFFFFFFFFFFFFE7
S21400C460FFFFFFFFFFFFFFFFFFFFFFFFFFFFFFFFD7
S21400C470FFFFFFFFFFFFFFFFFFFFFFFFFFFFFFFFC7
S21400C480FFFFFFFFFFFFFFFFFFFFFFFFFFFFFFFFB7
S21400C490FFFFFFFFFFFFFFFFFFFFFFFFFFFFFFFFA7
S21400C4A0FFFFFFFFFFFFFFFFFFFFFFFFFFFFFFFF97
S21400C4B0FFFFFFFFFFFFFFFFFFFFFFFFFFFFFFFF87
S21400C4C0FFFFFFFFFFFFFFFFFFFFFFFFFFFFFFFF77
S21400C4D0FFFFFFFFFFFFFFFFFFFFFFFFFFFFFFFF67
S21400C4E0FFFFFFFFFFFFFFFFFFFFFFFFFFFFFFFF57
S21400C4F0FFFFFFFFFFFFFFFFFFFFFFFFFFFFFFFF47
S21400C500FFFFFFFFFFFFFFFFFFFFFFFFFFFFFFFF36
S21400C510FFFFFFFFFFFFFFFFFFFFFFFFFFFFFFFF26
S21400C520FFFFFFFFFFFFFFFFFFFFFFFFFFFFFFFF16
S21400C530FFFFFFFFFFFFFFFFFFFFFFFFFFFFFFFF06
S21400C540FFFFFFFFFFFFFFFFFFFFFFFFFFFFFFFFF6
S21400C550FFFFFFFFFFFFFFFFFFFFFFFFFFFFFFFFE6
S21400C560FFFFFFFFFFFFFFFFFFFFFFFFFFFFFFFFD6
S21400C570FFFFFFFFFFFFFFFFFFFFFFFFFFFFFFFFC6
S21400C580FFFFFFFFFFFFFFFFFFFFFFFFFFFFFFFFB6
S21400C590FFFFFFFFFFFFFFFFFFFFFFFFFFFFFFFFA6
S21400C5A0FFFFFFFFFFFFFFFFFFFFFFFFFFFFFFFF96
S21400C5B0FFFFFFFFFFFFFFFFFFFFFFFFFFFFFFFF86
S21400C5C0FFFFFFFFFFFFFFFFFFFFFFFFFFFFFFFF76
S21400C5D0FFFFFFFFFFFFFFFFFFFFFFFFFFFFFFFF66
S21400C5E0FFFFFFFFFFFFFFFFFFFFFFFFFFFFFFFF56
S21400C5F0FFFFFFFFFFFFFFFFFFFFFFFFFFFFFFFF46
S21400C600FFFFFFFFFFFFFFFFFFFFFFFFFFFFFFFF35
S21400C610FFFFFFFFFFFFFFFFFFFFFFFFFFFFFFFF25
S21400C620FFFFFFFFFFFFFFFFFFFFFFFFFFFFFFFF15
S21400C630FFFFFFFFFFFFFFFFFFFFFFFFFFFFFFFF05
S21400C640FFFFFFFFFFFFFFFFFFFFFFFFFFFFFFFFF5
S21400C650FFFFFFFFFFFFFFFFFFFFFFFFFFFFFFFFE5
S21400C660FFFFFFFFFFFFFFFFFFFFFFFFFFFFFFFFD5
S21400C670FFFFFFFFFFFFFFFFFFFFFFFFFFFFFFFFC5
S21400C680FFFFFFFFFFFFFFFFFFFFFFFFFFFFFFFFB5
S21400C690FFFFFFFFFFFFFFFFFFFFFFFFFFFFFFFFA5
S21400C6A0FFFFFFFFFFFFFFFFFFFFFFFFFFFFFFFF95
S21400C6B0FFFFFFFFFFFFFFFFFFFFFFFFFFFFFFFF85
S21400C6C0FFFFFFFFFFFFFFFFFFFFFFFFFFFFFFFF75
S21400C6D0FFFFFFFFFFFFFFFFFFFFFFFFFFFFFFFF65
S21400C6E0FFFFFFFFFFFFFFFFFFFFFFFFFFFFFFFF55
S21400C6F0FFFFFFFFFFFFFFFFFFFFFFFFFFFFFFFF45
S21400C700FFFFFFFFFFFFFFFFFFFFFFFFFFFFFFFF34
S21400C710FFFFFFFFFFFFFFFFFFFFFFFFFFFFFFFF24
S21400C720FFFFFFFFFFFFFFFFFFFFFFFFFFFFFFFF14
S21400C730FFFFFFFFFFFFFFFFFFFFFFFFFFFFFFFF04
S21400C740FFFFFFFFFFFFFFFFFFFFFFFFFFFFFFFFF4
S21400C750FFFFFFFFFFFFFFFFFFFFFFFFFFFFFFFFE4
S21400C760FFFFFFFFFFFFFFFFFFFFFFFFFFFFFFFFD4
S21400C770FFFFFFFFFFFFFFFFFFFFFFFFFFFFFFFFC4
S21400C780FFFFFFFFFFFFFFFFFFFFFFFFFFFFFFFFB4
S21400C790FFFFFFFFFFFFFFFFFFFFFFFFFFFFFFFFA4
S21400C7A0FFFFFFFFFFFFFFFFFFFFFFFFFFFFFFFF94
S21400C7B0FFFFFFFFFFFFFFFFFFFFFFFFFFFFFFFF84
S21400C800C00A00201D2801009D0703009D070300A5
S21400C8109FF802009D0703009D0703009D07030085
S21400C8209D0703009D0703009D0703009D07030067
S21400C8309D070300D0960300BD0703009D07030075
S21400C8409D0703007D7E03009D0703009D070300F0
S21400C850D99302008D7E0300897E0300E59B0200CB
S21400C860817E0300412701009D0703009D0703000A
S21400C8709D0703009D0703009D07030095560100D2
S21400C8809D0703009D0703009D0703009D07030007
S21400C8909D0703009D0703009D0703009D070300F7
S21400C8A09D0703009D0703009D0703001D5501001B
S21400C8B0199C0200857E030069B5020081ED000028
S21400C8C0559C0200C5550100517D02009D070300DE
S21400C8D09D0703009D0703009D0703009D070300B7
S21400C8E09D0703009D070300CD3401009D0703004C
S21400C8F09D0703009D0703009D070300000000003E
S21400C90001F0FF01102A2BDB10F0070F08D010F8FB
S21400C910013B013A8B422DD010F0070F42B3F6D1FF
S21400C920F0B441EA012141EA014122F007047FF018
S21400C93000070023F0E80256083C85EA010586EA6F
S21400C940010685FA47F5A3FA87F586FA47F6A5FAAB
S21400C95087F68EB9EED1F0BC01F0FF0102F00702B7
S21400C96032B110F8013B013A83EA010313B1F8D162
S21400C9700020704701387047002D06BF3546033843
S21400C980073815F0010F07D1013015F4807F02BF7C
S21400C990013015F4C03F0130F0BC0138704700BFCD
S21400C9A02DE9F84305462DED048B10461E460C4631
S21400C9B01FF0A6F9B24B9FEDB39A00228046894637
S21400C9C01FF018FA1FF0F8FCAF4B002208EE100A12
S21400C9D0494640461FF00EFA1FF0EEFCAB4B09EE40
S21400C9E0900A0022404649461FF004FA1FF0E4FC75
S21400C9F007EE905A08EE900AF8EE677A39EE488A03
S21400CA0079EE699A79EE688A17EE907A042E00F22B
S21400CA108480DFE816F00500ED0141025C036F0339
S21400CA2038461FF08FF986A3D3E9002306460F4643
S21400CA301FF052FCB8B3FCEEC87AC4ED007ADFED06
S21400CA40947A77EEC87A17EE900A1FF07BF9324692
S21400CA503B461FF0CFF97CA3D3E900231FF0F4FA7E
S21400CA60804618EE100A89461FF06CF902460B46FF
S21400CA70404649461FF008F81FF07EFC74A3D3E931
S21400CA8000236060394630461FF026FC002840D15F
S21400CA9071A3D3E90023304639461FF01DFC002859
S21400CAA000F07A819DE06AA3D3E900233046394638
S21400CAB01FF012FCA8B362A3D3E900233046394620
S21400CAC01EF0E0FFDFED727A77EEC87A064617EEC4
S21400CAD0900A0F461FF036F902460B463046394696
S21400CAE01FF088F95EA3D3E900231FF0ADFA0646CF
S21400CAF018EE100A0F461FF025F90B460246394677
S21400CB0030461EF0C1FF1FF037FC40F2CF232060F6
S21400CB106360BCEEC88A84ED028ABDEC048BBDE877
S21400CB20F8834DA3D3E90023304639461FF0D4FBE3
S21400CB30002840F035814CA3D3E90023304639461F
S21400CB401FF0CAFB002800F0A98032463B4646A1EB
S21400CB50D1E900011EF096FF4E4B00221FF04AF965
S21400CB6043A3D3E900231FF06FFA4B4B00221EF0BD
S21400CB708BFF1FF001FC206037A3D3E9002330466B
S21400CB8039461FF0A9FB002800F00D8132463B46CF
S21400CB9031A1D1E900011EF075FFDFED3D7A77EE99
S21400CBA0C87A804617EE900A89461FF0CBF80246F0
S21400CBB00B46404649461FF01DF92FA3D3E9002334
S21400CBC01FF042FA804618EE100A89461FF0BAF89F
S21400CBD002460B46404649461EF056FF1FF0CCFB69
S21400CBE060601BA3D3E90023304639461EF04AFF97
S21400CBF0DFED277A77EEC87A064617EE900A0F46DC
S21400CC001FF0A0F802460B46304639461FF0F2F8F1
S21400CC1019A3D3E900231FF017FA064618EE100AE8
S21400CC200F461FF08FF802460B46304639461EF078
S21400CC302BFF1FF0A1FBA0606FE700BFAFF30080E3
S21400CC40EFEEEEEEEEEE6740EFEEEEEEEECE674087
S21400CC50ABAAAAAAAAEA6D403333333333F3714042
S21400CC60F0EEEEEEEE6E4740E17A14AE4785734086
S21400CC70E07A14AE47213840ECEEEEEEEE6E47401A
S21400CC8000004E400040344400003E4000002E406D
S21400CC9000C03344007086400000F03FB5F5B37F17
S21400CCA061D8D1A3D3E90023304639461EF0EAFE08
S21400CCB0F7EE007A78EE677A804617EE900A894695
S21400CCC01FF040F802460B46404649461FF092F8D1
S21400CCD0C7A3D3E900231FF0B7F9CD4B00221EF0FF
S21400CCE0D3FE1FF049FBBEA3D3E9002320603946DC
S21400CCF030461FF0F1FA00287FF448AFBAA3D3E914
S21400CD000023304639461FF0E7FA002853D1B6A371
S21400CD10D3E90023304639461EF0B4FEDFEDBD7A77
S21400CD2077EEE87A064617EE900A0F461FF00AF8E6
S21400CD3002460B46304639461FF05CF8ACA3D3E9F2
S21400CD4000231FF081F9064618EE900A0F461EF0E3
S21400CD50F9FF02460B46304639461EF095FE1FF098
S21400CD600BFB606018E0FCEEC87A9DA3D3E90023B5
S21400CD70C4ED007A304639461FF0AEFA00287FF43C
S21400CD8005AF99A3D3E90023304639461FF0A4FA2D
S21400CD9088B940F2CF23636040F2CF23A360BCE69D
S21400CDA040F2CF20E7E690A3D3E900233046394689
S21400CDB01FF092FAC0B18AA3D3E900233046394661
S21400CDC01EF060FE78EEC87A804617EE900A894616
S21400CDD01EF0B8FF02460B46404649461FF00AF8CA
S21400CDE085A3D3E9002339E6B5F5B37FD1D88EE71E
S21400CDF0082D3AD8DFE805F0050F17202A3939390B
S21400CE003200FCEEC87A40F2CF23C4ED007AC4EDBF
S21400CE10027A636081E640F2CF23BCEEC88A2360C4
S21400CE2084ED028AF5E740F2CF23BCEEC88A236081
S21400CE30A36084ED018A70E60123236040F2CF23CD
S21400CE40FCEEE88AA360C4ED018A66E6BCEEC88AFA
S21400CE5040F2CF2384ED008AA360DAE7FCEEE87A9E
S21400CE600123236017EE903AF6E76B4B002240460C
S21400CE7049461EF0BFFF1FF09FFA07EE900A39EEF4
S21400CE80679AFCEEC97AFCEEE99AC4ED007AC4ED26
S21400CE90027AC4ED019A40E63B2D1CD8FCEEC87A17
S21400CEA040F2CF23C4ED007ADFED5A7A636077EE66
S21400CEB0C87A17EE900A1EF045FF80463846894627
S21400CEC01EF040FF02460B46404649461EF092FFC3
S21400CED0524B00229FE6772D47D838461EF032FF89
S21400CEE002460B4606460F4600204C491EF0CAFD79
S21400CEF0F7EE007A78EE677A804617EE900A894653
S21400CF001EF020FF02460B46404649461EF072FFC2
S21400CF10424B00221FF098F8804618EE100A894609
S21400CF201EF010FF02460B46404649461EF0ACFD7A
S21400CF301FF022FA32463B46206031A1D1E90001BB
S21400CF401EF0A0FDDFED337A77EEE87A064617EEA0
S21400CF50900A0F461EF0F6FE02460B46304639464D
S21400CF601EF048FF2D4B0022EBE6B32D5CD838466A
S21400CF701EF0E8FE2A4B002206460F461EF082FDF3
S21400CF80284B00221EF036FF244B00221FF05CF8D0
S21400CF901F4B00221EF078FD1FF0EEF932463B468E
S21400CFA0206019A1D1E900011EF06CFD78EEC87A68
S21400CFB0064617EE900A0F461EF0C4FE02460B46C3
S21400CFC0304639461EF016FF144B00221FF03CF880
S21400CFD006460F4618EE100AB9E600BFAFF300800B
S21400CFE03333333333F37140E17A14AE47857340FD
S21400CFF0F8285C8FC2D54640E07A14AE4721384008
S21400D0000000000000C05D400000000000606640B8
S21400D0100000F03F00C033440080464000804D4092
S21400D02000005E4000708640FCEEC87A40F2CF20DA
S21400D030EF2D17EE906A20601AD8C4ED017A3846B4
S21400D0401EF080FE02460B4630A1D1E900011EF01C
S21400D05019FDDFED2B7A77EEC87A064617EE900AB2
S21400D0600F461EF06FFE02460B46304639462DE749
S21400D070B5F5967F28D238461EF064FE214B002276
S21400D0801EF000FDDFED1E7A77EEC87A804617EEBA
S21400D090900A89461EF056FE02460B464046494612
S21400D0A01EF0A8FE184B00221EF0CEFF804618EE9B
S21400D0B0100A89461EF046FE02460B464046494682
S21400D0C01EF0E2FC1FF058F9C4E9010625E5B5F5A7
S21400D0D0967F40F2CF233FF6A0AE962D3FF6A5AE44
S21400D0E03C2D02D901222260AAE6BCEEC88A84ED55
S21400D0F0008AB1E6FCEEC87AC5E600BFAFF3008052
S21400D10000C0334400006E4000804D400000000028
S21400D11000E06D400000000007EE900AF8EE677A27
S21400D12008B517EE900A1EF00DFE1D4B00221EF0ED
S21400D1308BFF1FF021F980B2B0F5E17F20D3B0F568
S21400D140FA6F1FD8A0F5E17007EE900AF8EEE77ABE
S21400D15017EE900A1EF0F6FD0DA3D3E900231EF08D
S21400D16049FE0DA3D3E900231EF06EFF1FF024F93D
S21400D17007EE900AFCEEE77A17EE903A98B208BDF2
S21400D1800020FCE74FF4B470F9E700BFAFF300806F
S21400D1900000000000707640000000000038984054
S21400D1A0000024400000000038B5174BD3F81C419F
S21400D1B005F09CF9F3210546002006F003FAC4F3B7
S21400D1C00B14A4EB101420B207EE900AF8EEE77AE0
S21400D1D017EE900A1EF0B6FD09A3D3E900231EF051
S21400D1E009FE1FF0A1F805FA80F0143000EB80006D
S21400D1F0400000B220EAE07080B238BDAFF3008095
S21400D2009F88EA52C83AC53F0081E00F0000000040
S21400D21040F2E633984210B504463CD81EF080FD36
S21400D220952C4FF000020AD81F4B1EF00DFF1F4B27
S21400D23000221EF0DFFD1FF09FF880B210BDB4F58F
S21400D240617F15D91A4B1EF01DFC184B00221EF0EC
S21400D250D1FD154B00221EF0F7FE1FF08DF880B2B0
S21400D2601EF05EFD0EA3D3E900231EF00DFCE2E7E0
S21400D2700D4B1EF007FC0F4B00221EF0E5FE0E4B7A
S21400D28000221EF0B7FD1FF077F880B21EF048FDB2
S21400D290064B0022E9E740F26710CFE7AFF30080C5
S21400D2A00000000000C072400000594000004E40E0
S21400D2B000208C400000894000006E400000000006
S21400D2C0F8B505462DED088B144608EE901A002A90
S21400D2D06ED090F88B00DFED4CAADFED4C9A9FEDF8
S21400D2E04C9A9FED4C8A06F00BFD83880AEE103AA6
S21400D2F0B4F5FA7FF8EE688AB8EE4AAA3ED207EE90
S21400D300904AF8EE677A17EE900A1EF01BFD02466A
S21400D3100B46002040491EF0B5FB3F4B00221EF096
S21400D32093FE1FF049F80BEE100A1AEE100A1EF0D4
S21400D33009FD06461BEE100A0F461EF003FD30A33D
S21400D340D3E900231EF056FD02460B46304639460A
S21400D3501EF098FB1FF030F8DFED307A4BEE67AA30
S21400D360DFED2F7A4BEE679ADFED2E7A0BEE679A9B
S21400D370DFED2D7A0BEE278A0AEE100A95F88B0061
S21400D38006F0BEFCF4EEEA8AF1EE10FA14DD78EE52
S21400D390EA8A3AEE6AAADFED257A88EE8A7A77EE8E
S21400D3A0C97A07EE279ABCEEC99A19EE103A9CB2D3
S21400D3B0BDEC088B2046F8BDF4EEE98AF1EE10FAD3
S21400D3C011D8438907EE903AF8EE677A79EEE88A44
S21400D3D079EEE79AC8EEA97A07EEC88ABCEEC88A44
S21400D3E018EE103AE3E778EEE98A7AEEE9AA39EE23
S21400D3F0489AC8EEAA7A07EE898AEFE7AFF300806C
S21400D40000000000806FD04000176047009D2E4748
S21400D410000075440000484200407F400088D14527
S21400D42000D06845000002430000C84200007A446D
S21400D43070B5414C00238AB0E363054618B10088F6
S21400D44023600EF0B9FD3D4E3D482AF017F93D4BDE
S21400D450336030463C4B736026F02EFA002130468F
S21400D46018F0DCF832A3D3E90023A062C4E906234F
S21400D47026F02DFAD4E9062319431043C4E9060121
S21400D480CDE900014FF0FF334FF0FF32A06A2AF0DB
S21400D49077F902224FF0FF31A06A2AF073F90120D3
S21400D4A00EF01CFA2949A06A4FF4007300222AF0F5
S21400D4B0CBF9B0F5007F38D10023CDE907330993C7
S21400D4C094223C23CDE903320593A06A962303A950
S21400D4D0069318F0C7F935B3287C0EF00DFE054606
S21400D4E0F0B9A06A2AF08DFA0EF0B4FD0EF0D8F965
S21400D4F020B14FF4807000210BF062F90EF0E0F9D5
S21400D50020B14FF4006000210BF05AF926F0A3FA80
S21400D510012018F0D7F80E4A0E49A06A26F0CAF97C
S21400D52028460AB070BDFF20D7E70725F8E700BFFA
S21400D5300DD501552000000010190020C42400203D
S21400D540690345EC61B70100D4240020C422002002
S21400D5505D3803009D3803000348044B834202D025
S21400D560034B03B118477047EC180020EC18002056
S21400D570000000000548064B1B1AD90F01EBA3015B
S21400D580491002D0034B03B118477047EC1800202F
S21400D590EC1800200000000010B5064C237843B9B4
S21400D5A0FFF7DAFF044B13B10448AFF30080012302
S21400D5B0237010BD542F00200000000050CF030041
S21400D5C008B5054B1BB105490548AFF30080BDE81B
S21400D5D00840FFF7CFBF00BF00000000301B002050
S21400D5E050CF0300A3F5803A704700BF174B002BBF
S21400D5F008BF134B9D46FFF7F5FF00218B460F46ED
S21400D6001348144A121A2AF0FEFE0E4B002B00D0C6
S21400D61098470D4B002B00D09847002000210400AF
S21400D6200D000D48002802D00C48AFF300801FF014
S21400D63033FB2000290023F094F91FF08DF800BF7B
S21400D640000008000000000000000000C00A0020E3
S21400D650EC180020CC310020000000000000000084
S21400D66008B5124BA822002118462AF0CCFE032249
S21400D6700346026142610E480E4A98614FF480618B
S21400D680DA61002219629A625A62DA6218660A48F9
S21400D6905866996609491A67DA665A6711F8010DDD
S21400D6A098540132102AF9D108BD00BF4418002052
S21400D6B08093030044140020441000209993030034
S21400D6C02DE9F84FDFF8808098F80030532B82461B
S21400D6D08946164601D0FFF7C3FF182707FB0A87BF
S21400D6E03D6FD7F86CB05D452BD9BC6E796E641B68
S21400D6F0B44228BF34462944484622462AF09DFEB6
S21400D700BB6E2544A144361BAB4208BF0025ABEBDD
S21400D710050B5E4528BF5E4656B1182303FB0A83F9
S21400D7203246596E484629442AF087FE344435442A
S21400D73024B1182303FB0A88C8F870502046BDE8B9
S21400D740F88F0024E3E700BF44180020F8B5144B18
S21400D750182700FB07751D4407FB00330E46DB6ADF
S21400D760012B14460AD0022B14D023B9284620F0E9
S21400D77093FC844208D900242046F8BD284620F0B1
S21400D7808BFC844228BF044622463146284620F0B9
S21400D7908CFCF1E72846BDE8F84020F0A1BC00BFAD
S21400D7A044180020F8B50B4B1B78532B04460D4647
S21400D7B0164601D0FFF754FFEFF311874FF0200114
S21400D7C081F31188324629462046FFF7BFFF87F3CC
S21400D7D01188F8BD441800202DE9F041164C1E466D
S21400D7E02378532B05468846174601D0FFF738FFA7
S21400D7F0022D1DD8EFF3118C4FF0200181F3118814
S21400D80065B1182005FB0003E21844F80380576052
S21400D81000FB05420023166293625362182303FB43
S21400D8200544069BE3628CF311880020BDE8F08176
S21400D8304FF0FF30FAE700BF441800202DE9F84308
S21400D840154E1F463378532B05468946904601D021
S21400D850FFF706FF022D1BD8EFF311824FF02001D1
S21400D86081F3118855B1182404FB05640023C4F81D
S21400D8706090C4F86480A7662367E366182303FBFA
S21400D8800566089B736782F311880020BDE8F8835D
S21400D8904FF0FF30FAE700BF44180020044B1B6827
S21400D8A0584043085B4240421843C017704700BFC9
S21400D8B0481B0020F8B50E46C9880546144620F0D9
S21400D8C05AFC0746D0B92046FFF7E8FF104B3168F0
S21400D8D01A68B5F90430424023EA0203B6F9042078
S21400D8E0024013430446AB80F2880346286800F0E3
S21400D8F00DFAF388E888E443834201D33846F8BD3E
S21400D900296851F82320224041F823200133F3E709
S21400D910481B00202DE9F04F99B083460F46184665
S21400D92000211646049320F083FD002800F087812E
S21400D930784B14930024012515AB049913933046B5
S21400D940CDE90B45CDE90D45CDE90F45CDE91145AE
S21400D95020F0F7FCA04228DABBF1000F05D1E7B9AA
S21400D9600024204619B0BDE8F08F2146584620F026
S21400D97076FC04460028F2D00BA820F0EEFB0DA89B
S21400D98020F0EBFB0FA820F0E8FB11A820F0E5FB49
S21400D9900C2115A800F0A2FEE3E73146384620F039
S21400D9A029FC04460028E7D1DAE731460BA820F028
S21400D9B021FC04460028DFD104990DA820F01AFCAB
S21400D9C004460028D8D1F188ADF8385002310FA8A7
S21400D9D0ADF8305020F0CFFB04460028CCD10146ED
S21400D9E00FA820F03CFC04460028C5D1F18811A8F9
S21400D9F0023120F0C0FB04460028BDD10DA820F05F
S21400DA005AFC00F01F001F2873D0C0F11F031946F0
S21400DA100BA8019320F06FFC04460028ACD10199B6
S21400DA200DA820F068FC04460028A5D1BDF83250A9
S21400DA30BDF83A80A5EB080A4FEA4A1949460DA8F0
S21400DA4020F059FC0446002896D14FEA8A0A0DA910
S21400DA500BA820F0A5FC00284DDA49460DA820F0BA
S21400DA6067FC0446002887D108F1FF3302939B0029
S21400DA7005F1FF3A069305F1804508F18043023B25
S21400DA80013D9B00A5EB08050993AB000393029BA1
S21400DA909A4541D8BBF1000F0DD00FA9584620F08B
S21400DAA0A9FB002840F0C780049AB388928813FB2D
S21400DAB002F3ABF80430002F3FF45EAF01990BA8D9
S21400DAC020F036FC002840F0B680B388ADF8303041
S21400DAD00BA9384620F08EFB0146002840F0AD80AA
S21400DAE0384620F0A5FC00287FF446AF0123BB8013
S21400DAF042E701949AE70F9A52F80A300BA90133CD
S21400DB0042F80A3008460DAA20F078FD04460028A0
S21400DB109DD031E7010003000D9B069A0593134440
S21400DB20DDF82C900893059B59F82A109A580F9DFB
S21400DB304FEA8A08A8F104030793039B91421D4409
S21400DB4074D20798002359F800001EF085FC0029BF
S21400DB5014BF4FF0FF330346BAF1010F2B6016BF18
S21400DB6009EB0803002353F8083C1593079B099A12
S21400DB7059F80330169359F8083017932B68013379
S21400DB802B60059B134498462B68013B2B600021B5
S21400DB9011A820F064FB00284DD1029B002B48D032
S21400DBA0D8F80020119B1A60089A12685A6011A9CA
S21400DBB02A68084620F0ABFD00283CD113A911A81E
S21400DBC020F0EEFB0028DFDC2A680DA911A820F063
S21400DBD09EFD80BB039B4FEAC308414611A820F078
S21400DBE08AFB40BB0BA9084611AA20F007FD014698
S21400DBF018BB0BA820F01CFC002812DA0DA911A8EF
S21400DC0020F0F8FAB8B9414611A820F074FB90B994
S21400DC100BA911AA084620F0EEFC60B92B68013B60
S21400DC202B60039B0AF1FF3A043B2FE74FF0FF33CC
S21400DC3092E7029AB6E704469EE60C469CE66FF02C
S21400DC400B048EE6044B1B68584043085B42404278
S21400DC501843C017704700BF481B002010B50B4C78
S21400DC60226823684240594081EA0200C00FFFF74D
S21400DC70E9FF2368521A434022EA03020840104391
S21400DC80BDE81040C00FFFF7DDBF00BF481B0020F7
S21400DC90F8B50D46014628681746FFF7DFFF084B24
S21400DCA01E68C1430124BC4202D346EA0100F8BD07
S21400DCB055F82400FFF7C6FF01340643F3E700BF1C
S21400DCC0481B0020104B2DE9F0471E68884619684F
S21400DCD01D680746541E631C02D13046BDE8F08717
S21400DCE058F824A057F8249050464946FFF7B6FF48
S21400DCF0514605434846FFF7B1FF20EA05031E4399
S21400DD000543013CE7E700BF481B00208842F0B50A
S21400DD1004D0094F04380025AA4200D1F0BD3E6861
S21400DD2050F8044F5E4024EA060451F825601E4071
S21400DD30344304600135EFE7481B00202DE9F04F1F
S21400DD4085B0DFF8889003911C46064621461046AB
S21400DD50D9F80030D9F8003020F05AFDC51D272D1F
S21400DD604FEAD50325F00705904602938CBF4FF087
S21400DD701E0A4FF0FA0A2D1A0F9B0093029A0E9B6A
S21400DD802146304620F041FF0746C0B92A462146C4
S21400DD90304620F0B6FDBAF1010A14D022463146CC
S21400DDA00398FFF775FF2246834641463046FFF745
S21400DDB089FFD9F800200BEA00039A42DCD03846E7
S21400DDC005B0BDE8F08F6FF00D07F8E7481B0020A0
S21400DDD0044B0246586800B9704719789142FBD048
S21400DDE00833F7E79C93030010B50446A8B1006C0F
S21400DDF010B14C2121F00BFCE06B40B12368074AC0
S21400DE00DB79C3F3840352F823305B6998472046D6
S21400DE104821BDE8104000F061BC10BDC00A0020DB
S21400DE2038B505460C4681B1482200212AF0EBFAA7
S21400DE30E379084AC3F3840352F823301B699847F2
S21400DE40E86320B12C60002038BD0348FCE7034897
S21400DE50FAE700BFC00A0020009FFFFF809EFFFF7A
S21400DE60F0B58BB0044604A817461E460D4621F0B2
S21400DE70F1F900230293119B0193109B0093204617
S21400DE803B46324604A900F01BFB044640B904A8F2
S21400DE9021F059FA50B904A9284620F0ABF90446F7
S21400DEA004A821F006FA20460BB0F0BD004CF7E7B8
S21400DEB080B0FFFF70B50C460646114620461A464F
S21400DEC020F0B8FB0546A0B9B36C33B9321D214625
S21400DED02046BDE8704020F04BBCB4F90430002B5F
S21400DEE009DB204620F0E7F9F36BB0EB430F09D9C6
S21400DEF0184D284670BD0146204620F099FA0028A5
S21400DF00EFD0F5E7B36C2046984705460028F0D1D9
S21400DF100436B4F90430002B04DA0021204620F041
S21400DF2087FA68B93146204620F03AFA0028E0DB46
S21400DF3032462146204620F0DCFA0028F2D006E0E1
S21400DF4032462146204620F056FB0028E1D0054602
S21400DF50CFE700BF80B0FFFF38B50D46044600216E
S21400DF6005F1100020F064FA50B1204622F055F872
S21400DF7028B129462046BDE8384002F02BBA0148B1
S21400DF8038BD00BF80B1FFFF2DE9FF410E460546B4
S21400DF90012106F1100020F04BFA044650B928463D
S21400DFA021F04FF901287AD12146304620F040FA78
S21400DFB0002801DA3B4C6EE006F108082146404690
S21400DFC020F036FA0028F5DB2F1D3946304620F0C3
S21400DFD0E7F90028EEDA3946404620F0E1F9002855
S21400DFE0E8DA684620F0B4F802A820F0B1F8434614
S21400DFF0424669462846FFF75DFF0446002844D19E
S21400E0003346324602A92846FFF754FF0446002846
S21400E0103BD1EB687BBB02A90322084620F0F2FA4C
S21400E020044690BBBDF90C30002B04DA002102A890
S21400E03020F0FEF9C8B902AA334611462846FFF773
S21400E04039FF044608BB02AA05F114031146284608
S21400E05021F08CF80446C0B902A9684620F0A0F961
S21400E060104B041E18BF1C460FE002A93A4608468D
S21400E07020F0C1FAD4E702AA05F10C03114628469F
S21400E08021F074F804460028D5D0684620F065F8DC
S21400E09002A820F062F8204604B0BDE8F081024CE9
S21400E0A0F9E700BF80B3FFFF80B0FFFF38B5054635
S21400E0B021F0C7F801280C4601460DD1204620F075
S21400E0C0B7F9002806DB05F13401204620F068F990
S21400E0D0002803DB024838BD0248FCE70020FAE7C8
S21400E0E080B3FFFF80B0FFFF2DE9F04FB5B00546C7
S21400E0F001919246994621F090FF0290A0B12846E1
S21400E10021F090FF044658B951462846FFF7CEFF47
S21400E110044628B949462846FFF736FF044698B114
S21400E120284621F081FF81E151462846FFF7BEFFD1
S21400E1300446002840F07A8149462846FFF724FF27
S21400E1400446002840F07281284621F07AF801281B
S21400E15040F0AD812B6C1821013302204FEA5308A2
S21400E16021F093FA0646002800F09F8106F1180772
S21400E17021F070F8384621F06DF8002413AB18191A
S21400E18008341FF0E5FF202CF8D14946304621F030
S21400E190C4F80446002841D18346D84520D13946E4
S21400E1A02846FFF7D9FE0446C0BB284621F035FFB7
S21400E1B030B33B4632463946284601F05DFF0446FA
S21400E1C060BB39462846FFF7C7FE044630BB06F15B
S21400E1D010001FF0C2FF06F128001FF0BEFF1DE072
S21400E1E00123BBFBF8F103FA01F2D2B2182308FBB5
S21400E1F011B103FB026929B1284621F00EFF50BB7E
S21400E200AC4C0BE002F0FE0101EB520106EBC10143
S21400E210484621F082F804460028EDD04FF0000969
S21400E22013AB03EB090009F108091FF096FFB9F1DB
S21400E230200FF5D1D4B1AB6D9E4208D0304621F008
S21400E24038F8384621F035F8304621F02EFA019895
S21400E25021F02FF8E6E04A464946284602F004F840
S21400E26004460028DAD10BF1010B96E705A81FF04B
S21400E2706FFF05F1340B0BA81FF06AFF21465846C6
S21400E28020F009F8012840F0D8802146504620F0BA
S21400E29002F85146814605A81FF0ACFF044630B18F
S21400E2A00BA81FF05AFF05A81FF057FFC3E75246FA
S21400E2B059460BA820F0A2F904460028F0D1B9FA76
S21400E2C089F94FEA59194A460BA905A8FFF7F2FA49
S21400E2D004460028E4D1014608F1010213A80DF116
S21400E2E04C0B2AF090F8A2465B46D045039300F00C
S21400E2F0A180514605A81FF0CEFF039B1C7808EBB3
S21400E3000A01044305A81FF0C6FFE4B2039B44EAD3
S21400E310400403F8014B0AF1010AE6E79BF8010006
S21400E3209BF8003080EA020C6FEA0C0101F0010154
S21400E33013FB01F3104003EA0C0283EA0C030BF80C
S21400E340013F1BF8013C43EAC11302430BF8013CB2
S21400E3500134A245E2D20BA81FF0FFFE05A81FF06D
S21400E360FCFE05A820F076FF00240BAB1819083435
S21400E3701FF0EEFE202CF8D10AF1D0036B44019971
S21400E38013F8843C3246284620F01AFF044648B963
S21400E3903E9B002B00F08480284621F03EFE00289D
S21400E3A04DD1444C05A820F0FDFE4FF000080BAB05
S21400E3B003EB080008F108081FF0CFFEB8F1200FA5
S21400E3C0F5D1002C7FF437AF01994A46284620F055
S21400E3D0A9FE044600287FF42EAF3E9B73B1284664
S21400E3E021F01BFE00285ED0DDE93E230199284679
S21400E3F001F090FD044600287FF41DAF01992846E1
S21400E400FFF7AAFDAB6D9E42044608D0304620F0CA
S21400E41050FF384620F04DFF304621F046F9002CDC
S21400E4207FF415AF029B002B7FF47AAE204635B002
S21400E430BDE8F08F002201248BE71F4CFBE6DDE9E8
S21400E4403E230199284601F065FD48B30446A9E736
S21400E45028460AF1FF3A21F0E0FD0028A1D0019AF3
S21400E4602846114601F000FF0028EFD118F80A30C0
S21400E470324605A9284620F0A3FE0028E6D1284605
S21400E48021F0CBFD00288CD0019A05AB114628461A
S21400E49001F0F2FD0028D9D1BAF1000FD8D181E7FA
S21400E4A00DF14C08F8E7034CC5E6044CCFE6024CE9
S21400E4B0B8E700BF80B1FFFF80B0FFFF80B2FFFF6C
S21400E4C030B4DDE9024524B1CDE9024530BCFFF7A2
S21400E4D00BBE014830BC704780B0FFFF73B50546E1
S21400E4E01E4620F0AEFE01280C4601460ED113460D
S21400E4F0009605F13402204620F06CF9044B10F12A
S21400E5000E0F18BF0346184602B070BD014BFAE75F
S21400E51000B3FFFF80B0FFFF38B504460D4620F07D
S21400E520CCFE204620F0A4FE032D257023D1144BEC
S21400E530144AA3606260A361134AA3632362A362C2
S21400E540124B62616362124A62634FF00113114A12
S21400E5502363114BE362E261201D1FF0ACFEE06313
S21400E56004F134001FF0A7FE20640020C4E9160062
S21400E5700123636438BD002308482370FAE700BF10
S21400E5800100080090940300709403003094030088
S21400E5901094030050940300C80A002080B1FFFFC7
S21400E5A037B504460025294645612822183029F04B
S21400E5B02AFF2046256120F0F2FF0123009304493C
S21400E5C020232A46204620F055FF03B030BD00BF6A
S21400E5D091000300082804D00928034818BF00202B
S21400E5E070470248704700BFB0940300B39403001E
S21400E5F070B50D461646044600B109B9104870BD00
S21400E6000023C0E9023301600B78082B01D0092BE8
S21400E610F4D16C21012021F038F8A06070B121F00F
S21400E62020FD0EB90020EAE7A978022021F02DF897
S21400E630E0600028F6D1204620F0B5FF0148DEE76E
S21400E64000AFFFFF80AEFFFF30B1036823B11B7839
S21400E650082B03D0092B05D003487047012180689A
S21400E66001F0E6BF0021FAE700AFFFFF30B1036814
S21400E67023B11B78082B03D0092B01D00248704722
S21400E680806821F0F2BC00BF00AFFFFF30B1036826
S21400E69023B11B78082B03D0092B01D00248704702
S21400E6A0806821F0E9BC00BF00AFFFFF10B404464D
S21400E6B0084611461A4624B12378082B05D0092BA4
S21400E6C008D005485DF8044B704701235DF8044BFD
S21400E6D020F0A7BF0023F9E700AFFFFF10B50A46FA
S21400E6E0044619B1024B00211B68984710BD00BFB5
S21400E6F0CC0A00204FF0005302221A60BFF34F8F5F
S21400E7000549064BCA6802F4E0621343CB60BFF3C8
S21400E7104F8F00BFFDE700BF00ED00E00400FA05E4
S21400E720024A034903480DF0EFBF00BFB894030048
S21400E730E09403002895030038B500F0BFFA094CB2
S21400E740094B1A6823680025C31A2AB123B15169F8
S21400E750994203D3C91A5161206038BD55615B1ACE
S21400E7609268F2E7501B0020541B0020C38870B547
S21400E77004460D463BB921F063F88542064602D2B0
S21400E78021F060F835460E4965610B688BB90C6060
S21400E790A3600DE0AD1A9A68656118466AB1134623
S21400E7A05A69AA42F6D930B18460521BA3605A61F6
S21400E7B070BD0020F4E70C60F7E79C60A260F7E706
S21400E7C0541B002038B5134D2B685B6993B1124A71
S21400E7D0146802201C4400F0A5FA204600F074FAE3
S21400E7E00E492A6800230B70D088800709D50123BC
S21400E7F00B7038BD022000F095FA022000F0B8FA3F
S21400E800EEE79268002AF4D050690344012BEBD956
S21400E810EFE700BF541B0020501B0020562F00209F
S21400E82070B516469DF814200271049A0260C0E97D
S21400E83003360022BDF81830826004460D46C380B9
S21400E840EEB900F03BFA2844A0619DB12E4621F0B7
S21400E850D3FC0546FFF770FF31462046FFF786FFDC
S21400E860104B1B68A34201D1FFF7ACFF284621F0EE
S21400E870C7FC02E0E36865617BB9002070BD00F06C
S21400E8801DFA3044A061002DE0D1E3686561002BDD
S21400E890DDD0216820469847D9E72168204698476A
S21400E8A0EBE700BF541B00200C490B6800227BB12D
S21400E8B083420AD183687AB1936083681BB15A6930
S21400E8C041690A445A61002070471A469B68EEE781
S21400E8D00028EFD0022070470B60EEE7541B0020A4
S21400E8E070B5154E21F08FFC34780546FCB9134BF5
S21400E8F01C60134B1C60134B1C8000F09BF901201E
S21400E90000F010FA00F054FA0F4B0246186020B9D7
S21400E910284621F07EFC232070BD23460B4840F29B
S21400E920E7311DF099FD0A4B186001233370284625
S21400E93021F06FFC0020EFE7572F0020541B00202B
S21400E940501B00208C2C0020581B002018FCFFFFBA
S21400E9504C1B002070B5044640B321F04DFC144E0D
S21400E9600546FFF7E9FE3068A04209D02046FFF7CB
S21400E9709BFF0446B0B1284621F042FC204670BDFD
S21400E980FFF792FF04460028F5D133683BB9022012
S21400E99000F0D6F9284621F033FC0024EEE7FFF716
S21400E9A011FFF7E73368002BF4D1F0E72224E5E700
S21400E9B0541B002038B50C460546A8B1A1B100236B
S21400E9C00B7021F020FC094B1B68012133B921F0A4
S21400E9D020FC002038BD9D4204D121702278002AF8
S21400E9E0F9D0F4E79B68F1E72220F3E7541B0020F8
S21400E9F0014B1868704700BF581B0020F8B50C4B39
S21400EA001B68834205460E460FD30A4B00241F6838
S21400EA1040F2E73021464FF47A720023E5FB070107
S21400EA201DF01AFD30602046F8BD2120FCE700BF2F
S21400EA304C1B0020581B0020F0B587B01F46002353
S21400EA400C4616468DF81330054650B30DF11301EB
S21400EA50FFF7B0FF9DF813302BBB05A92046FFF744
S21400EA60CDFFE0B9114BE8831B685C434FF47A7323
S21400EA70B4FBF3F203FB1244191B89B2994208BF98
S21400EA800021BDF83430A983059A02939DF83030F2
S21400EA901146CDE9007328463346FFF7C1FE07B09E
S21400EAA0F0BD2220FBE70220F9E700BF581B00203C
S21400EAB0014B1868704700BF4C1B00200F4B1A68AC
S21400EAC010B59AB1531E4FF47A711342A0FB0101A0
S21400EAD00ED1B2FA82F2C2F11F04531CE040D243B8
S21400EAE001FA03F3184321FA02F20243104610BD5E
S21400EAF000231DF0B1FC0246F8E700BF581B0020BB
S21400EB00C2072DE9F04704460BD5474A1388013360
S21400EB109BB21380FFF710FE444B1B680BB1FFF748
S21400EB2051FEA3077ED521F06EFB0546FFF704FED7
S21400EB304FF000093D4F4E46C8463C680CB163692D
S21400EB408BB13B4B0022012E1A7003D119F0020F35
S21400EB5018BF1E70002C61D0FFF734FE2846BDE8B3
S21400EB60F04721F056BB23465A693AB91A792179FB
S21400EB70914288BF1C469B68002BF5D1284621F0A1
S21400EB8048FB2569DDB100F099F8A269A0EB0209FF
S21400EB904FEAE9734D4578EB030311DA2369134412
S21400EBA0A361E368B4F80690013613B121682046E5
S21400EBB0984721F028FB0546FFF7BEFDBDE7A946AE
S21400EBC021F021FB82462046FFF76EFE504621F0DC
S21400EBD020FB2369002BE4D0A38BB5EB090533B1EA
S21400EBE0E28B13449BB2B3F57A7F0FD2E38321F016
S21400EBF00AFB294681462046FFF7B8FDA36922692D
S21400EC001344A361484621F004FBCAE7A3F57A73D0
S21400EC10E383A369013B013DA361E8E7022000F01E
S21400EC208FF89BE7BDE8F0878C2C0020541B002053
S21400EC30552F002010B51D4B86B01868596803AADA
S21400EC4003C2197AD3F8090011700190B3F80D20A9
S21400EC501748DB7BADF8082001218DF80A30002428
S21400EC6001F0E6FF03A88DF80C408DF8104003F085
S21400EC70F1FB01A901208DF8044003F0CBFB0D4AFF
S21400EC80536A23F4FF6323F00703536240F2FF73D3
S21400EC9013620120946003F0D7FB074B4FF000424D
S21400ECA0C3F880211A6006B010BD00BF5695030059
S21400ECB0A00914000020044000E100E0014B986821
S21400ECC0704700BF0020044010B5044621F094FAB7
S21400ECD0124A9368516D9269520704D4CA1A032ADD
S21400ECE001D899420DD1E21A022A98BFDC1C0B4BC0
S21400ECF0B4F1FF3F38BF013C5C655A6A42F004023B
S21400ED005A6221F07DFA064A137833B103490B6D37
S21400ED1043F002030B650023137010BD002004406F
S21400ED20F80F00208207054A00F00103516A48BF29
S21400ED3043F004030B435362704700BF00200440B7
S21400ED40820700F0010309D5074A0121117007491F
S21400ED500A6D22F0030243F004030A6503494A6A77
S21400ED6022EA03034B627047F80F0020002004409D
S21400ED70830742BF014B0422DA617047002004403B
S21400ED8010B521F040FA094A93690446590703F082
S21400ED90010003F0070348BF40F002001362FFF7CC
S21400EDA0AFFE2046BDE8104021F033BA00200440F4
S21400EDB0014802F08FB800BFA0091400014802F015
S21400EDC06BB900BF05002400F8B5114B05465C5C26
S21400EDD00F46032805D8DFE800F002080B0E44F0C3
S21400EDE002040C4B1E684EB9F8BD44F00804F8E760
S21400EDF044F02004F5E744F08004F2E773681A68EC
S21400EE00144203D05B683946284698473668EAE7D6
S21400EE10669503005C1B002070B50D4E21F0ECF9E2
S21400EE20337805465BB9FFF75BFD044620B12846FC
S21400EE3021F0E6F9204670BD064821F0A8FC20F037
S21400EE4005FD012328463370002421F0D9F9F1E7A7
S21400EE50592F00205C1B002038B54160044621F085
S21400EE60CBF921460546044821F094FC2846BDE827
S21400EE70384021F0C5B900BF5C1B0020F8B5EFF3A1
S21400EE80108672B6AFF3008021F0E9FC20B9AFF32C
S21400EE900080F6B962B61CE00E4D012100202970F4
S21400EEA0FFF792FF012000F017F806B962B6EFF3FD
S21400EEB010873E4672B621F0E1FC04460028F1D1E8
S21400EEC001462878FFF780FF2C70AFF30080002FF4
S21400EED0E0D0F8BD582F002002280AD003280BD017
S21400EEE001280CD1064A136923F00403136130BFCE
S21400EEF07047002002F060BD002002F0A1BD704700
S21400EF0000ED00E0BFF35F8F074B5A6A22F48032B1
S21400EF105A62D3F8942022F00102C3F89420BFF37B
S21400EF204F8FBFF36F8F704700ED00E0F0B5374DA1
S21400EF3037493848002387B0CDE90333FFF7E2FFAF
S21400EF402C68354B4FF00052C3F89840661CC3F847
S21400EF509C208142314AC3F8A0202E6041D005ABE8
S21400EF60019304AB0A1A009303AB20F079FCDDE9A9
S21400EF700372059BDFF8A8E0072BA2EB01024FF017
S21400EF8001018CBF4FEAD30C4FF0200CB2FBFCF211
S21400EF9001FA02F2013AD2B2AEEB070EC01BB3FA88
S21400EFA083F3BEFBFCFEB0FBFCF08E44814002FA0D
S21400EFB00EF20139C3F11E0311435B0001F0FF019D
S21400EFC003F03E0343EA0123134A43F0407343F041
S21400EFD001130234C2F89860C2F89C70C2F8A030E0
S21400EFE02C60BFF35F8F0C4B0522C3F894205A6A3F
S21400EFF042F480325A62BFF34F8FBFF36F8FBFF376
S21400F0004F8FBFF36F8F07B0F0BD00BF601B0020AF
S21400F0103C1000202410002000ED00E03900011311
S21400F0203B100020BFF34F8F0549064BCA6802F419
S21400F030E0621343CB60BFF34F8F00BFFDE700BF16
S21400F04000ED00E00400FA0510B5044621F0D4F8FF
S21400F050024B1C6021F0D4F8002010BD641B002079
S21400F06010B521F0C9F8034B1C6821F0C9F82046FA
S21400F07010BD00BF641B002013B5002301241A46F0
S21400F080194600941846FEF7A7FB00231A461946B1
S21400F09018460094FEF7D2FB0248FFF7D5FF002083
S21400F0A002B010BDD00A0020034B18680023806809
S21400F0B0022219461DF0BCBC480D00207FB5094B46
S21400F0C06A4603F11006154618685968144603C4C4
S21400F0D00833B3422246F7D1284602F019FF002033
S21400F0E004B070BD6A95030070B5194B86B001AACE
S21400F0F003F11006154618685968144603C4083309
S21400F100B3422246F7D11B882380124BD3F8B42093
S21400F110120317D5A3F500434FF6FF721B889342E0
S21400F12008BF4FF48D730C48ADF80A3003F0ECFBC3
S21400F130284602F087FA4FF4FA7001F0BFFF00206D
S21400F14006B070BDD3F8B830C3F30803EBE700BFD2
S21400F1507A9503000081E00F00F0490207B5084BDE
S21400F16018680190202301A88DF8043002F0AAFA4E
S21400F170642001F09DFF002003B05DF804FB00BF93
S21400F1808C95030010B50C480C4C6FF00403A021BE
S21400F19013F0800F03F1010207D123442F2A83F8CE
S21400F1A000131346F4D1002010BD03F00F03043BF8
S21400F1B0034419761346EBE700ED00E000E100E0BB
S21400F1C0024B03480122C3F8002670470010C843CC
S21400F1D000000F40094B98420ED003F5806398421A
S21400F1E009D10122064B03EBC2035A68054B1344B0
S21400F1F09B0000221A6070470022F3E700000F40D1
S21400F200909503008005F210024B03480122C3F8D4
S21400F210002670470010C84300000F40044B984279
S21400F22003D003F58063984201D1FFF7D3BF704740
S21400F23000000F4070B5114C114E0A25236843F4A8
S21400F240807223F4807322603046236001F042FE11
S21400F2500023800A62680AB983420AD1636853B9F8
S21400F260013DEBD1236823F0010323606FF0920089
S21400F27070BD0133EEE70020FAE700BF00D0014082
S21400F280700002002DE9F04F85B0634D0092634A8E
S21400F290D2F8C03043F40043C2F8C0302B68DC0715
S21400F2A081468A4616D500245B4D4E46D0462746F4
S21400F2B04FF00A0BB8F1000F2BD144B114F1940FA4
S21400F2C005D042460021484629F09DF80027009BBD
S21400F2D01F601AE040F271632B60FFF7ABFF044635
S21400F2E098B96B68032BFCD9D5F800312B61D5F89B
S21400F2F000316B61D5F80031AB61D5F80031EB61B8
S21400F300FFF798FF04460028CDD0204605B0BDE89C
S21400F310F08F6C68A40005D02B6B13F45C7F12D1C1
S21400F320002437E03E4801F0D5FDC00A844205D1EE
S21400F3306B68002BF0D16FF09304C8E76B68002B66
S21400F340F6D10134F2E7D80514D523F480732B6385
S21400F3506B6853B9BBF10107EDD04E46D0466FF04F
S21400F36093040022BB461746A4E7D5F80031039362
S21400F370039BEDE70193FFF75DFF044620B9019B71
S21400F38013F41C7FCCD0E5E710F1930F99D010F161
S21400F390940FDFD06B686A689B00434528BF4346DE
S21400F3A0B107324634D123F003013144914212D1E1
S21400F3B003F0030149B11848D0F80001114402F8DF
S21400F3C0010B8A424FEA1020F9D1FA181E44A8EB26
S21400F3D003085F46C6E7D5F8000142F8040BE5E7E8
S21400F3E0DCF8001102F8041C4FEA112E02F803ECB8
S21400F3F04FEA114E090E02F802EC02F8011C04381E
S21400F400032802F10402EBD823F003023244CFE7CC
S21400F410DFF804C01846F3E700D0014000400E4075
S21400F420700002002DE9F04788B00746884615466A
S21400F4301E46FFF7C5FE044607F17E400838012841
S21400F44050D80423236000236360E364626822F4D8
S21400F450406262606A46236391466363A8F10403D0
S21400F46008F11C0853F8041F09BA434542F8041B68
S21400F470F8D120F0C1FE4946074604F5827020F018
S21400F4804DFF384620F0BCFE184B2365109BDFF876
S21400F490609005EB831704F5D27A20F0ADFE29467E
S21400F4A08046504620F04AFF4035404620F0A8FEF1
S21400F4B0BD42C4F85090F0D120F09EFE314605467D
S21400F4C004F5807020F032FF284620F099FE204692
S21400F4D0FFF780FE331F1C3653F8042F12BAB342D0
S21400F4E01A60F9D108B0BDE8F08700BF888AC80165
S21400F4F0070D810138B50D46044630B36C22002155
S21400F50028F081FF124B9D4205D001339D4210D05A
S21400F5106FF0850038BD0F4B04F10C0203F120019B
S21400F52053F8040B42F8040B8B42F9D125600020F7
S21400F530F0E7094B04F10C0203F1200153F8040B29
S21400F54042F8040B8B42F9D1F0E76FF08600E1E752
S21400F55008000002A0950300C19503002DE9F341C1
S21400F5600E461F46054600285FD083B9002A5CD1A8
S21400F5702B68324A93425ED0013293420CBF6FF042
S21400F58089046FF08804204602B0BDE8F0810029A7
S21400F590ECD0036829498B4244D001318B4247D1D5
S21400F5A04FF02008904546D86A68D3008DF807309B
S21400F5B053098DF80630530B8DF80530530D8DF832
S21400F5C00430AB68D90001EB52718DF8031002F0DD
S21400F5D03F025909372A8DF802104FEA53318DF849
S21400F5E001104FEA535316498DF8003094BFC2F10C
S21400F5F03802C2F17802284620F0EDF904460028C9
S21400F600C1D108226946284620F0E5F904460028BC
S21400F610B9D1C7F80080424605F10C01304628F003
S21400F6200CFFB0E74FF01C08BCE76FF08604AAE7B3
S21400F6306FF08804A7E76FF08904A4E708000002CB
S21400F640E29503002DE9F04F91B00546BDF87090A5
S21400F6509DF8747092469B460E46002900F0BB80CB
S21400F66001F1FF384FEA1818FFF7AAFD09F1FF333A
S21400F6700F2B044600F2D880BAF1000F00F0D480B9
S21400F680BBF1100F03D0BBF1200F40F0CD8020F06F
S21400F690B3FD0023236023636363654B23656549DD
S21400F6A0029004F1840020F0FBFDBBF1100F14BFA4
S21400F6B0102308231A4651462046019320F067FE81
S21400F6C05D4B23655D4B63655D4BA3655D4BE365F5
S21400F6D04FF4C173236623699A07FCD106F00F0323
S21400F6E0C3F110035FFA83FBBBF1100F04A901D12D
S21400F6F0002E72D104F1800020F0F1FD029820F077
S21400F7007FFD1022002108A828F07DFE4FEA08138E
S21400F710A6EB081205EB081108A8029328F08DFE48
S21400F720BBF1100F5CD010ABA3EB0B028021BBF13A
S21400F730010F02F8101C08D0CBF1110008AB0BF13A
S21400F740FF320021184428F05EFE08AA04A804230D
S21400F750116850F8046B013B81EA060142F8041B6D
S21400F760F6D120F049FD236B019A039043F0100375
S21400F77023635146204604F1800820F008FE1A99BB
S21400F780404620F08FFD029B2B449A4604F1A00BC6
S21400F79040F20516AA452ED108A9584620F080FD4D
S21400F7A040F20513236523699B07FCD10CA940464C
S21400F7B020F095FD37B31B984A460CA928F03DFE6D
S21400F7C00025039820F01CFD2046FFF703FD284681
S21400F7D011B0BDE8F08F884646E704F188008BE755
S21400F7E0002EB2D15A46314608A828F00CFE8023D7
S21400F7F08DF82030A9E72946584620F053FD1035ED
S21400F8002665C7E71B9B0CAA994413F8011B12F840
S21400F810010B994581EA000147EA0107F5D1002F5F
S21400F820CED06FF09405CCE76FF08605CFE700BF2B
S21400F8303082010024960300F50536F024FC31FEE4
S21400F84036833624FC31FE362DE9F04389B00E4669
S21400F850DDF84080149FDDE91291002839D0002E93
S21400F86037D0B8F1000F34D0B9F1000F31D081B3E2
S21400F8707FB30488B4F5105F2ED14488E408182CB2
S21400F8802AD0202C01D0102C23D1944221D1154A05
S21400F89023F47E1090421FD113F47C1FC3F305455A
S21400F8A008BF10258D421AD804AB10220021184636
S21400F8B028F0A9FD0122CDE90252CDE900091199EF
S21400F8C0234632464046FFF7BDFE3D6009B0BDE820
S21400F8D0F0836FF08600F9E76FF08500F6E76FF0CB
S21400F8E08900F3E70002C0032DE9F041DDF8188037
S21400F8F00C4617461E46054630B329B302B91BBB55
S21400F9004C220021284628F07EFD2388B3F5105FA0
S21400F91009D108F0FE43B3F1407F15D1104B28F40F
S21400F9207E129A4203D06FF08500BDE8F0816488AD
S21400F930C5F80080E208B2426A6205D8182AF2D0FA
S21400F940202A04D0102A02D06FF08600EDE7B242DB
S21400F950FAD13946281D28F070FD0020E5E700BFE3
S21400F9600002C0032DE9F74F0D4616460446002850
S21400F9705DD051B9002A5AD103682E4A23F47E136B
S21400F980934244D06FF088001DE00368294A23F4B0
S21400F9907E139342F6D1002E39D0806CE8B1C0F1C8
S21400F9A01002B24219D23830204428F046FD04F145
S21400F9B028020092616A04F13803201D20F094F8B2
S21400F9C020B16FF0920003B0BDE8F08FA36CA06486
S21400F9D0C3F11002103E15441E4406F10F084FEA0C
S21400F9E018182F464FF0010904F1280A04F1040BF9
S21400F9F0C1450ED33544ED1B09D0A06C38302A46DD
S21400FA003946204428F019FDA36C2B44A36400203B
S21400FA10D9E7CDF800A0616A3B465246584620F02A
S21400FA2063F80028CDD1103709F10109E0E76FF03F
S21400FA308600C8E70002C0037FB51D4608B301B3C1
S21400FA40FAB1F3B10368154C23F47E16A6421BD117
S21400FA5013F47C1FC3F3054408BF1024944216D841
S21400FA600123CDE9024300F1280301910093436A84
S21400FA70816C021D3830FFF7E5FD58B92C6004B0E4
S21400FA8070BD6FF08600FAE76FF08800F7E76FF05A
S21400FA908900F4E76FF09200F1E700BF0002C003B0
S21400FAA02DE9F74F0F9D0190F520164695F800B00A
S21400FAB0DDF834900F469A46FFF7A6FB002304466F
S21400FAC00360082243600E9904F1800820F05FFC72
S21400FAD02946404620F0E4FB0BF0070B2A780BF192
S21400FAE0010B002302F00702CBF1100019462A7022
S21400FAF028445A4628F087FC294604F1840020F062
S21400FB00CFFB0523A360109BF34200F08780102BE9
S21400FB1011D086B1C3F11002B24228BF32460F336D
S21400FB2039462B44D01911F801CB03F801CF814296
S21400FB30F9D11744B61A05F1100104F18C0020F033
S21400FB40AFFB5923A3600523A3604623A360B6B189
S21400FB50002326636363514B2365012363650F2EE1
S21400FB6053D80023C5E90033C5E90233FA5CEA54EA
S21400FB7001339E42FAD82946404620F091FB0023E6
S21400FB80C4F830906363019B002B4AD0444B236536
S21400FB90444B6365444BA365444BE36501232366EE
S21400FBA00026B9F1000F1ED0B9F10F0F4BD8C5E9EA
S21400FBB00066C5E9026600231AF80320EA540133FA
S21400FBC09945F9D12946404620F06AFB2946404629
S21400FBD020F085FB0C9B33B100230C99EA5CCA54D9
S21400FBE001339945F9D12946404620F078FB204656
S21400FBF0FFF714FB019B002B47D11A4612998B4244
S21400FC0045D1002A3DD02C203CE03946404620F025
S21400FC1049FB103E07F11007A1D1B0E74623A360C9
S21400FC20ADE7234B236503F1BC4303F5262303F618
S21400FC304D43636503F12243A3F5C053A3651D4BF3
S21400FC40E3651D4BABE75146404620F02BFB0C9B73
S21400FC50A9F110090AF1100A3BB11946404620F0F6
S21400FC6040FB0C9B10330C939BE72946404620F044
S21400FC7036FB96E71199EA5CCA540133129A93420E
S21400FC80F8D1002003B0BDE8F08F0023F6E7119806
S21400FC90E95CC05C41400A430133AFE77059054652
S21400FCA0F870455905460348055163FB0448055955
S21400FCB0F803480546FB04480559010000230C4A92
S21400FCC00360032910B50263044643630ED1052181
S21400FCD020F099FB636823F4407343F40073636079
S21400FCE0636823F4406343F40063636010BD00BFA1
S21400FCF0200010002DE9F04F1E4604468946924625
S21400FD001F460FCE8BB001AD0FC596E80F0085E8F5
S21400FD100F000025099520F06FFA5146064604F5B7
S21400FD20827020F0FBFA494604F5847020F0F6FA5B
S21400FD30394604F5867020F0F1FA304620F060FA75
S21400FD405F4E604BDFF8BC91DFF8BCA12365DFF89F
S21400FD50BCB120F051FAC4F850B0D4F8148020F0AA
S21400FD604FFA18F0807F19D0574B236520F044FADD
S21400FD70C4F850B0656920F043FAEB0140F1888082
S21400FD8020F03AFA1499054604F5887020F0CEFA69
S21400FD90284620F035FA0BB0BDE8F08F18F4807FC7
S21400FDA01CD14A4B2365013D9023A360636913F47D
S21400FDB0807F474B23650ED020F01EFA39468346D7
S21400FDC004F5807020F0AAFA584620F019FA414B44
S21400FDD02365414B63658823A360B8E7002D13DADB
S21400FDE03E4BC4F850A0636520F006FA01A983468E
S21400FDF004F5807020F09AFA63695846C3F303430B
S21400FE00099320F0FDF96D42354B23656369DFF8F1
S21400FE1000C113F4407F4FF08803A3604FF0010148
S21400FE206269266561656369C4F850C00ABF01202F
S21400FE304FF0FF3005F1FF358842C3F30723C2F3C6
S21400FE4000220BD132B1D90704D5264B2365264BA9
S21400FE506365A9E7254B2365254BF9E79AB9DA07C9
S21400FE6011D5244B2365244B6365A16501A904F5D0
S21400FE70807020F053FA099B03F00F03C4F8483152
S21400FE808323A36090E71D4BC4F850906365EDE7AD
S21400FE9020F0B2F904F5807639460546304620F063
S21400FEA03DFA284620F0ACF9154B236520F0A4F95E
S21400FEB014990446304620F039FA204669E700BF18
S21400FEC0C93E81983084880198390100C93E810175
S21400FED0D23E8201C024D0340982010099830100F9
S21400FEE0D9080100C8340981E20C8201C80881E201
S21400FEF00C82010083D9341181E21482E21482015B
S21400FF00E010010083D9108190A284883539380129
S21400FF10DB3E01002DE9F04F89B081460D461646BE
S21400FF200021202268461F4628F06DFA4FF00A0A84
S21400FF3099F80030022B40D0032B07D0012B44D079
S21400FF406FF0710B584609B0BDE8F08F2022694665
S21400FF503846B0478346BBF1000FF3D1FFF730F9C0
S21400FF6099F800100446FFF7A9FE20F045F9694607
S21400FF70804604F5827020F0D1F9404620F040F922
S21400FF80374B236520461FF09FFF20F035F904F518
S21400FF90807883466946404620F0C8F9584620F0E7
S21400FFA02FF9009B012B18D82046FFF713F9BAF15A
S21400FFB0010ABDD1DFF8BCB0C4E71C22694638464A
S21400FFC0B047002383460793C5E71822694638469C
S21400FFD0B047002383460693F5E720F00DF905F1B8
S21400FFE008070646294604F584701FF071FF05F1E0
S21400FFF01009394604F586701FF06AFF494604F575
S21401000088701FF065FF304620F0FAF8154B23651F
S21401001020461FF059FF494640461FF093FF83468E
S214010020C8B9114B2365114B636520461FF04CFF81
S214010030294640461FF086FF834660B90C4B236570
S2140100404FF48E73636520461FF03EFF39464046E7
S2140100501FF078FF83462046FFF7BCF872E700BF23
S21401006030C80C0181E11C018CE11C81D11C01000E
S214010070E11C81D900B3FFFF2DE9F843064610467F
S2140100800F4690461D461FF05EF928B129463846B0
S214010090BDE8F8431FF041B92B69002B40F0AD8055
S2140100A0FFF78EF831780446FFF708FE20F0A4F833
S2140100B004F5807608F11001814630461FF008FFEE
S2140100C0484620F09DF8574B236540F2811363653F
S2140100D020461FF0F9FE20F08FF82946814630466B
S2140100E01FF0F6FE484620F08BF84F4B23650123A0
S2140100F0204663651FF0E8FE4C4B23651FF0E4FEC7
S21401010020F07AF805F10801814630461FF0E0FE3E
S214010110484620F075F8464B236520461FF0D4FE6E
S21401012020F06AF808F108094946054604F5827088
S2140101301FF0CEFE284620F063F83E4B236520468E
S2140101401FF0C2FE20F058F84146054630461FF023
S214010150BFFE284620F054F8374B2365374B6365BE
S21401016020461FF0B1FE07F1100130461FF0EAFEEF
S214010170054600283BD1324B236520461FF0A4FEDE
S214010180304B23651FF0A0FE2F4B23651FF09CFE0E
S2140101902E4B23654FF48A7363651FF095FE2C4B37
S2140101A023651FF091FE394630461FF0CBFE05460B
S2140101B0E8B9284B2365284B636520461FF084FE6B
S2140101C020F01AF84946054630461FF081FE2846BB
S2140101D020F016F8214B2365214B636520461FF05E
S2140101E073FE07F1080130461FF0ACFE05462046B7
S2140101F0FEF7F0FF2846BDE8F88328461FF0A3F86F
S21401020008B1414643E72B69002B3FF449AF012172
S21401021005F110001EF00CF900283FF441AF114D16
S214010220E8E700BF8184E11C83D91C83E11C8101BE
S21401023082D11C01C81482019983D91481E11C0161
S2140102408CE11C01811C8401D91C830191D11CE025
S214010250D814140181CB1481D11C820181E11C8444
S214010260E214010080B0FFFF2DE9F04788B0904608
S21401027005460F46FEF7A4FF2978DFF85491044699
S214010280FFF71CFD1FF0B8FF04F5807608F110019A
S214010290054630461FF01CFE28461FF0B1FF40F20F
S2140102A08313C4F85090204663651FF00DFE1FF0BF
S2140102B0A3FF08F10801054630461FF009FE28464F
S2140102C01FF09EFF4FF0010A354B23652046C4F808
S2140102D054A01FF0F9FD07F1100130461FF032FE61
S2140102E00546002854D12F4B23654FF4867363656A
S2140102F020461FF0E9FD1FF07FFF4146054604F545
S21401030088701FF0E5FD6946304620F00FF8284654
S2140103101FF076FF244B2365244B6365244BA365AE
S21401032020461FF0D1FD234B2365234B63651FF049
S214010330CBFD224B2365224B6365C4F858A01FF002
S214010340C3FD394630461FF0FDFD054600BB1D4B7B
S21401035023651D4B636520461FF0B6FD1FF04CFF5D
S2140103606946054630461FF0D9FF28461FF048FF6C
S214010370164BC4F8509063654FF48A73A365204604
S2140103801FF0A2FD07F1080130461FF0DBFD054610
S2140103902046FEF71FFF284608B0BDE8F08700BFDD
S2140103A0821CC00C91D11CC0C00C81E11C82DC0CEB
S2140103B081148401E11C81C80C0C8101D20C848B50
S2140103C0D91CE01484E21482D11C8301C00C82D3B0
S2140103D08182D11C2DE9F047A2B00E460546FEF7F4
S2140103E0EFFE15F8041B044606F11007FFF766FC3E
S2140103F01C22002103A828F006F84FF00108394610
S2140104000AA80DF16809CDF808801FF0E8FD294615
S21401041012A81FF0E4FD12AB0AAA02A9CDF80090BB
S2140104202046FFF767FC1FF0E7FE4946054604F540
S214010430867904F582701FF071FF06F1080A3146CD
S21401044048461FF045FD514604F588701FF040FDF3
S21401045028461FF0D5FE134B236520461FF034FDBA
S214010460114B23651FF030FD104B23651FF02CFD4B
S2140104700F4B23651FF028FD514604F580701FF0D1
S21401048061FD58B9314648461FF05CFD30B920463B
S214010490FEF7A0FE414638461DF0E1FE22B0BDE85B
S2140104A0F08700BF8AD11C0181D91C0183D11C01B0
S2140104B081E11C0110F1860F06D038B19330044853
S2140104C008BF6FF06F0070476FF07100704700BF94
S2140104D0009FFFFF70B58CB004460D4616460021FE
S2140104E022220DF10E0027F08EFF4FF41053ADF8C7
S2140104F00C302CB323681BB315B39B79022B1AD08F
S214010500042B20D14FF48073206CADF80E304C21B3
S21401051098B901201FF0B9F8C0B120640C4B0093C4
S214010520206CF3082A4603A9FFF7DEF90CB0BDE8F4
S2140105307040FFF7BFBF8023E6E7FEF7CFF8EDE791
S21401054004480CB070BD6FF07100FAE70248F8E796
S2140105500002C003009FFFFF809EFFFF10B550B151
S214010560046844B139B1006C28B1FFF7FBF9BDE866
S2140105701040FFF79FBF014810BD00BF009FFFFF5F
S21401058007B578B102686AB1006C58B151B1002361
S2140105900193102201ABFFF74FFA03B05DF804EBAD
S2140105A0FFF788BF014803B05DF804FB009FFFFF1B
S2140105B02DE9F04190B0DDE916870D4614461E463A
S2140105C080B379B373B36FB38379022B06D0042B50
S2140105D025D06FF0710010B0BDE8F081802A21D1DE
S2140105E0202200210DEB0200069127F00CFF4FF4AC
S2140105F01053ADF81C3006AB04931023CDE90273FB
S214010600CDE90068084BADF81E40E208294607A868
S214010610FFF71AF910B0BDE8F041FFF74BBFB2F58E
S214010620807FDCE70148D6E70002C003009FFFFF9A
S214010630012908B50BDC074B074A00290CBF1146F8
S2140106401946FEF757FFBDE808401FF0EEBC6FF0F5
S214010650730008BD08000002090000027FB51422DD
S214010660002101A827F0CFFE044B029301A94FF009
S214010670FF3027F002F907B05DF804FB006A1800A6
S21401068038B5044627F0C4F80FCC044D0FC594E8DE
S2140106900F0085E80F00002038BD00BF681B002052
S2140106A047F6FF739A42F0B572D0062972D83A4BD4
S2140106B05B5C022B6ED8394D05EBC304DF00A178D5
S2140106C015F83330012938BF0121012B13D1E07809
S2140106D00025401AA84202D80844C0B2F0BD431B08
S2140106E0A0EB5303666836F913609642CCBF03F15C
S2140106F0FF301D46EEE760680028EFD0B0F90040F5
S214010700944204DBB0F902409442B8BF1446838891
S214010710FF2B04BFB0F90620B0F908C03D440FBF57
S21401072001260026C8224FF0280C131B93FBFCF36E
S21401073033446E781BB29E4201DD002B01DA731E34
S2140107401BB201339BB24FF47A7C071D5D1E2DB29E
S2140107504FEAC50E00EBC5059E42EA88AD6814FB5C
S214010760025222EAE27202F15C02B2FBFCF205DD01
S21401077037F83350954203F10103E7D200EB0E033D
S2140107809888904228BF1046884238BF0846A4E79A
S214010790FF20A3E70020A1E734960300681B002092
S2140107A00629F0B561D8324B595C02295DD8314B28
S2140107B013F83100012816D103EBC1039C78D878D1
S2140107C05B68012C214638BF0121904294BFC1EBE2
S2140107D00001C1EB0201CAB2001B8242C8BF00225F
S2140107E033F91200F0BD002A3DD003EBC10359686E
S2140107F000293AD09878904202D3B1F90200F1E785
S214010800DC78B1F900009442ECD95C788B88A3F1CE
S214010810FF06013C734201F10405E4B2734101F1A4
S2140108200C07DEB2B44216D805EBC3034FF47A7553
S214010830B3F902405B686A43D21A04EBD47302EB45
S214010840630292FBF4F29042CCDBB1F902009042D3
S214010850C8DC10B2C6E737F833C0944503F1010689
S214010860E2D33346DDE70448BCE70448BAE700BFF5
S21401087034960300681B00200CFEFFFF0080FFFF7C
S21401088008B50448FFF7FCFEBDE80840012026F045
S214010890C3BF00BF68A5030000487047A00D002035
S2140108A02F4B002A30B52F4C426B18BF1C462E4BDF
S2140108B00CBF00251025984232D1062907D80629F3
S2140108C007D8DFE801F00817402E06063600812912
S2140108D039D000231FE0254BD3F81012D3F81002AD
S2140108E0D3F8103201F4FE4100F00F00014303F08B
S2140108F0F0030FE01D49D1F81032D1F81002D1F8FB
S21401090010121B0C090C01F0F00103F4FE430B431B
S214010910C0F303410B432240AB401343124A5363D7
S21401092030BD1249D1F81432D1F81402D1F814129C
S214010930E7E70E49D1F81832D1F8181203F00F0381
S21401094001F0F001E6E7094BD3F81412D3F81402CC
S214010950D3F8143201F4FE4100F00F000143C6E75C
S214010960FFFF00800080FFFF002000400080E00FB6
S21401097070B5082383608E780D4601223146044601
S214010980FFF78EFFEB786A78DB0043EA02636A7C46
S2140109900AB143F00053AA7C0AB143F004032A7C4F
S2140109A00AB143F00203EA7C0AB143F0010316F0F0
S2140109B0800F144A1FD043F0E003A361E36926F0D9
S2140109C0800613401E432B7846EA43466B7D0BB1E7
S2140109D046F48046630103F184432A7DE661DA60CA
S2140109E06B686362AB682362EB68A362E36FD4F85B
S2140109F08030E36870BD43EA4613A361E66916409A
S214010A00E1E700BFF8BFE1FF0E4BB0F5FA4F38BF84
S214010A104FF4FA40984210B5044628BF1C4619B94F
S214010A20094800F057FA0146631E0B44A342B3FB84
S214010A30F4F028BF00F1FF307F2828BF7F20C0B226
S214010A4010BD00BF0024F4004041050070B5CD780C
S214010A5004460E46002D36D129461F48FFF7D4FF1F
S214010A6005460A23A3603278737843EA0263B278B4
S214010A70120402F4FE0213432D02327905F4FE45F8
S214010A802B430AB143F010032268520748BF43F0D4
S214010A900403236075791FF0AFFB23685D4005F002
S214010AA0C0055D4025601FF0ABFB23681B0611D512
S214010AB00A4800F00FFA0A4B9C420BD1BDE8704081
S214010AC0084800F007BA03681906CAD4064800F0B9
S214010AD001FAC6E770BD00BF0024F400B80032007A
S214010AE00020004000B204004041050008B528B9C6
S214010AF0074800F0EFF9012838BF012000F57420FF
S214010B00044B00F23F20B0FBF3F00138C0B208BD41
S214010B104041050040420F000C4B984205D90C4B52
S214010B20984210D80122012301E000221346094908
S214010B300B640949D1F8003123F0807343EA02635C
S214010B40C1F8003170470222EDE700BF0048E80116
S214010B500090D0030000C84300400E400F4B5B6876
S214010B600F4B30B500221C46C9B21D798D4202D109
S214010B701D6885420DD20132052A03F10803F4D11E
S214010B800321064A536823F0407343EA0163536026
S214010B9030BD04EBC2046179F3E700BF00000E40EC
S214010BA05C96030038B5074C41F67133256C236417
S214010BB001F064FEADB20021FFF7D0FF0DB10023B6
S214010BC0236438BD00000E40044BDB6B5B0604D487
S214010BD0034AD2F8C830002BFBD1704700300E40D4
S214010BE00000C64308B5FFF7EFFF024B5868C0F395
S214010BF0014008BD00300E40044BD3F84421D20713
S214010C0003D4D3F840211042FBD1704700400E4078
S214010C1038B5064C256C41F671332364ADB2FFF747
S214010C209DFF0DB10023236438BD00BF00000E40B8
S214010C3038B5C0F30323013B092B11D8DFE803F0D5
S214010C40052710102B221D101511154DC0F3043465
S214010C5005F1424505F5801504EBC50080000160ED
S214010C6038BD104DC0F30434F2E70F4DC0F3043421
S214010C704FF48030FFF7C0FFEAE7C0F304340B4DB2
S214010C801020F7E7C0F30434094D0120F2E7094DBF
S214010C90C0F30434DCE7084DC0F30434D8E700BFE2
S214010CA000400E4050410E40F0400E40E8400E40DD
S214010CB0E0400E40C0400E40B0400E40C0F303136B
S214010CC0013B092B2AD8DFE803F0050B0F19292968
S214010CD01F23374B274BD3F80001C0F3042070477E
S214010CE0244BD3F81401F8E7224BD3F80031C3F3B1
S214010CF00063013301209840013870471D4BD3F83B
S214010D000C01C0F3082070471A4BD3F80801F8E726
S214010D10194B984204D0194B984207D000207047CF
S214010D20144BD3F8203103F00F03E3E7114BD3F84C
S214010D302031C3F30113DDE7114B98420CD003F5C4
S214010D40B01303F580539842E8D10A4BD3F8283103
S214010D50C3F301230433CDE7064BD3F82831E8E784
S214010D60084B9842DAD1034BD3F8300100F0030068
S214010D70704700BF00400E408006160080162E0009
S214010D8090171A00A009140000F00F000138072878
S214010D9050D8DFE800F00415244F34384F402B4B71
S214010DA0D3F8943003F00703023B052B06D8DFE89F
S214010DB003F049243F0305430B2070470520704785
S214010DC0224BD3F8800000F0070002283DD004280B
S214010DD036D0012808BF032018BF012070471B4BDF
S214010DE0D3F8843003F00703013B032B03D8DFE875
S214010DF003F0041F25270120704703207047134B7B
S214010E00D3F88800DFE7114B1B6F13F0010F0CBFFF
S214010E100720092070470D4BD3F85C3103F03003EF
S214010E20202B0FD0302B0FD0102B08BF0720D3E775
S214010E3002207047002070470C207047062070473C
S214010E400A207047042070470820704700400E4073
S214010E5008B50146FFF798FF1A4B994211D01A4B75
S214010E60994212D0194B994204D1194BD3F88000FC
S214010E7000F007000138032821D8DFE800F00A0E49
S214010E801612134BD3F88400F2E7114BD3F88800FF
S214010E90EEE7BDE808401FF082BCBDE8084001F05F
S214010EA051BDBDE808401FF07DBC01F0EBFC084BCE
S214010EB0D3F80031C3F300630133D84008BD0020E6
S214010EC0FCE700BF030020000500240002001E000E
S214010ED000400E4000F47813B3F5B01F10B5044679
S214010EE074D025D8B3F5402F5ED010D8B3F5802F37
S214010EF049D005D83BB1B3F5003F4FD0002010BD17
S214010F00B3F5202FFAD1BDE8104001F0BBBCB3F514
S214010F10801F00F08480B3F5A01F4DD0B3F5602F7D
S214010F20ECD14A48FFF730FF072878D00928E9E7CF
S214010F30B3F5381F53D013D8B3F5001F58D00AD8CD
S214010F40B3F5D01F56D0B3F5F01FD7D14048BDE852
S214010F501040FFF77DBFB3F5101FCFD13D48F6E730
S214010F60B3F5481F4DD0B3F5781F65D0B3F5401FD4
S214010F70C4D13948FFF76CFF384BD3F82831C3F397
S214010F800123043320E001F07DFC344BD3F80C310F
S214010F90C3F308230133B0FBF3F0B0E701F072FCB2
S214010FA02E4BD3F80831F3E701F06CFC2B4BD3F84A
S214010FB01431C3F30423EDE72648FFF749FF274B17
S214010FC0D3F8303103F00303D84098E72048FFF701
S214010FD03FFF224BD3F8203103F00F03F4E71C4800
S214010FE0FFF736FF1D4BD3F82031C3F30113EBE7B0
S214010FF01948ACE71848FFF72BFF184BD3F82831F0
S214011000F3E71748FFF7C0FE072808D0082809D0DD
S21401101004287FF473AFBDE8104001F06FBC114B9C
S21401102018686CE701F02EFC0C4BD3F80031C3F3C3
S214011030042303FB000062E701F024FC014620467E
S2140110401FF0D5F8B1FBF0F059E700BF06000E001F
S21401105002001E00050024000300200000400E4090
S214011060B8003200DC0A002010B5FFF79BFD094BE3
S21401107007225A6701F006FCFFF74EFD01F02CFC33
S2140110800446FFF7AFFD01462046BDE81040FFF7D6
S214011090BFBD00BF00400E4008B5FFF775FE022831
S2140110A00ABF024B4FF6FF70188808BDA80D002036
S2140110B0014B1880704700BFA80D0020014B188017
S2140110C0704700BFA60D002010B5042813D8DFE82E
S2140110D000F047032F132100294AC1F30801D2F873
S2140110E06838002BFBD1274A136A23F4FF7323F0D9
S2140110F001030B43136210BD214A01F07F01D2F8B0
S2140111006038002BFBD11F4A136923F07F030B4382
S2140111101361F0E71A4A01F07F01D2F86438002B18
S214011120FBD1184A936923F07F030B439361E2E7EF
S214011130144AD2F89030536A23F0300343F0100378
S2140111405362146B104BC1F3C31003300F2803EA2C
S214011150040328BF0F200B4343EA00731363CAE757
S2140111604F29074A28BF4F21D2F87438002BFBD1EC
S214011170044A936B23F07F030B439363BBE700BFE3
S2140111800020C84300400E4000F8FF0F104A536A83
S21401119013F0300F18D0202913D0302914D000298D
S2140111A00C4B08BF4FF44003D2F8901033EA01010C
S2140111B0FAD15B0246BFD2F8A000C0F3802001201E
S2140111C070474FF40003EFE74FF44003ECE700BF2E
S2140111D000400E40FF33E13F02280AD129B1064BF9
S2140111E04FF48060C3F8A800596612B10220FFF7D9
S2140111F0CDBF0120704700BF00400E400428F8B55F
S21401120048D8304B13F800C02F4B1D5C2F4B33F8DA
S21401121010702F4B33F810402E4B002940D0022877
S21401122039D15C6A14F0300F35D12B4CE46B5C6A13
S214011230E40705D55E6A26F0300646F010065E62C3
S214011240264C244B25441F66AD002B68002BFCD092
S21401125002B36444A4002368002BFCD0022819D1F1
S214011260C1B11C4D696A11F0010116D0012220217D
S214011270FFF7B2FFD5F89C60012200210220FFF79C
S214011280BDFFC6F30A010220FFF71EFF2F66236883
S214011290002BFCD0F8BD0021D2E7FFF777FFE9E786
S2140112A001211C66A940D3F890000842FBD1002A10
S2140112B0F0D00123074903FA0CF3D1F890201A4223
S2140112C0FBD1E7E7559603005096030046960300C8
S2140112D03C96030000400E4000300E408004F210A1
S2140112E010B50246B8B901221146FFF787FFFFF78E
S2140112F059FC0F4B04225A6701F0C4FAFFF70CFCA5
S21401130001F0EAFA0446FFF76DFC01462046BDE807
S2140113101040FFF77DBC012807D10146FFF76EFF9D
S214011320FFF740FC024B0322E5E7FFF73BFCE3E750
S21401133000400E4038B501F0E1FA0021044600F005
S21401134029FC1248FFF7E8FB012211460220FFF7AD
S21401135055FFFFF727FC0CB1FFF736FC0C4B0222BA
S2140113605A6701F08FFAFFF7D7FB01F0B5FA054689
S214011370FFF738FC01462846FFF74AFC2CB9204601
S2140113800121BDE8384000F005BC38BD0148E80140
S21401139000400E401C4B70B51C681C4B9C4221D86B
S2140113A01B48FFF7B9FB012211460320FFF726FF72
S2140113B0FFF7F8FB0024174B01265E6701F062FA7F
S2140113C0FFF7AAFB01F088FA0546FFF70BFC01467A
S2140113D02846FFF71DFCB4B931462046BDE87040EB
S2140113E000F0D8BB0021204600F0D4FB0848FFF7E8
S2140113F093FB012211460320FFF700FFFFF7D2FB04
S214011400FFF7E2FBD7E770BDE40A0020002D3101AB
S2140114100148E80100400E40012210B511460320A4
S214011420FFF7ECFEFFF7BEFB084B05225A6701F0FB
S21401143029FAFFF771FB01F04FFA0446FFF7D2FBDA
S21401144001462046BDE81040FFF7E2BB00400E40D3
S214011450112838B52AD1042917D101F04FFA0446CC
S21401146000285ED0002100F095FB6E48FFF754FB84
S2140114700220054601221146FFF7C0FEFFF792FB48
S214011480002C38D0FFF7A0FB35E0052924D1664BA8
S2140114901C68664B9C4246D90021204600F07AFB28
S2140114A06048FFF739FB01250320E3E700F00F0052
S2140114B0013807285DD8DFE800F00F58045C56773E
S2140114C05C825B4C0139092953D8DFE801F050539F
S2140114D05A5252615252526B02390A2949D8DFE8F0
S2140114E001F03824202248484848482E0600FFF7D5
S2140114F059FB002407254F4B5D6701F0EDF90546C2
S21401150001F0C0F9FFF708FBFFF76CFB0146284620
S214011510FFF77EFB6CBB20460121BDE8384000F09A
S21401152039BB0024A1E70024BAE701221146104680
S214011530FFF764FE0024FFF735FB0325DBE70122F6
S21401154011460320FFF75AFE0024FFF72BFB052563
S214011550D1E7012211460020FFF750FE0024FFF7D5
S21401156021FB0425C7E7344CACE7344CAAE700233B
S214011570236038BD012211460020FFF73FFE0223FB
S214011580F6E7012211461046FFF738FE0123EFE782
S21401159001F078F9FFF7C0FA294B0122C3F80826B3
S2140115A00323E5E70423E3E7072904D00929E0D16B
S2140115B0204B012201E01F4B00221A67D9E70139AF
S2140115C00729D6D801A353F821F000BFED15010075
S2140115D07315010073150100111601007315010042
S2140115E073150100031601001F16010000221149A0
S2140115F0D1F85C3123F0300343EA0213C1F85C31C1
S214011600B7E7012211460420FFF7F8FD0122EEE7B5
S214011610012211460220FFF7F1FD0222E7E703222D
S214011620E5E700BF0148E801E40A0020002D31018A
S21401163084400E4000400E4088400E4080400E40E0
S2140116400010C84310B504461120FFF79DFB00218A
S21401165001220220FFF7D2FD184A217C536A23F0AB
S2140116600103022908BF43F001035362144B21789A
S214011670C3F8A014637AA18843EAC123D362136B2B
S214011680A07A217A03F07F630343E08843EAC0230C
S21401169043EAC11303310F2928BF0F2143EA01731F
S2140116A01363A37B617B1B0143EA0133E17B0B439D
S2140116B0217B43EA0143536310BD00BF00400E4047
S2140116C00000C84338B50E4D0E4C01461120FFF7F9
S2140116D05BFBAA6B4B7814400A78144344EAC32494
S2140116E08B7844EA0364CB7844EA0324AB6BA342C9
S2140116F005D0002101220846FFF780FDAC6338BD06
S21401170000400E4080E4FFF8034B5868C0F3080021
S214011710003818BF0120704700ED00E043790A4AFF
S21401172003F03F0353604378C1785B0043EA8103CB
S21401173001780B43017943EA41131360034B827826
S214011740C3F88021704700BF00E0014000003C4222
S2140117500A78CB7810B54C78002A0E4A08BF4FF4A9
S21401176040320CB142F000628C780CB142F08062DB
S21401177002600A791B0443EA02234A791343436051
S2140117808B790361D1F80730C361D1F80B3043621E
S21401179010BD00BF00000310034BD86B80F0400063
S2140117A0C0F38010704700BF00300E4042EA0322AB
S2140117B0B2F5007F10B5194C29D00AD8B2F5807F52
S2140117C022D040F201139A4215D062B9D4F81C32E5
S2140117D00BE0B2F5407F1DD040F201339A4210D0A3
S2140117E0D4F8283201E0D4F82432C3F30722DBB25E
S2140117F003600A6010BDD4F824321A0EC3F30743FF
S214011800F6E7D4F82832F8E7D4F81C32F5E7D4F82E
S2140118102032EAE7D4F82032EFE700BF0081E00F7C
S21401182008B5FFF7B9FF20B1024AD2F8C830002B3D
S214011830FBD108BD0000C64308B5FFF7ADFF80B178
S214011840FFF7EEFF074B19685A68C1F30121C2F38F
S214011850014291421A688CBF42F0100222F0100237
S2140118601A6008BD00300E40064B1B68DB0608D523
S214011870054B1B69C3F30443082B02BF034B044A01
S2140118801A60704700300E4000400E40E40A002007
S214011890C0EA210170B5FFF77FFF38B12D4B1A78EA
S2140118A01023C2F1020293402B4A13612B492C4D9F
S2140118B0D1F8804145F60E03C1F880312B6823F03C
S2140118C0AA03DB05DB0D0B66FFF7AAFF224B1B689D
S2140118D0D80604F0010415D5D1F84031DA01FBD45D
S2140118E0204B1B680B61204B1B78052B0AD11F4B25
S2140118F01E68FFF795FF184B59683046C1F3014142
S214011900FFF786F9184B1B78023B0A2B0AD8DFE84B
S21401191003F00615170909090909091A1D0000200F
S214011920FFF7DEFC2B68DB075EBF0C4B02221A6654
S2140119301CB10A4B0022C3F8802170BD0120EFE7DD
S214011940FFF7F8FCEEE7FFF767FDEBE7FFF78CFB29
S214011950E8E700BF5B2F002000300E4000400E403D
S214011960B41B0020B01B00205C2F0020E40A0020DE
S21401197010B50B4C0B4BD4F890201A601120FFF7D2
S21401198003FA094B1870FFF74BFF084B084A5B68D0
S214011990C3F301431370074B22691A6010BD00BFE1
S2140119A000400E40B41B00205C2F002000300E408B
S2140119B05B2F0020B01B002038B5054608B1FFF7A5
S2140119C0D7FFFFF739FF1A4A136943F0040313617F
S2140119D01EF0BBFD1EF0BAFD164B174AC3F82424B1
S2140119E003F559231B68DB0614D51EF005FC27F00A
S2140119F0B3FC1EF005FC1EF0ABFD104C1EF0A7FD5F
S214011A0055B1FFF747FFD4F84C3123F00043C4F833
S214011A104C3138BD30BFEEE7FFF726FFD4F84C3126
S214011A2023F00043C4F84C31BDE8384000F054BF01
S214011A3000ED00E000A000400000FFFF00300E4077
S214011A4038B5054608B1FFF793FFFFF7F5FE1F4BC4
S214011A501F4CD3F8802145F60E01D207C3F880113A
S214011A6048BF00224FF42071196648BFC3F8802191
S214011A70184A136943F004031361174B174AC3F856
S214011A8024241EF062FD2368DB0611D51EF0B4FB8C
S214011A9027F062FC1EF0B4FB1EF059FD55B1FFF7AE
S214011AA0F9FED4F84C3123F00043C4F84C3138BD6C
S214011AB030BFF1E7FFF7D8FED4F84C3123F00043EE
S214011AC0C4F84C31BDE8384000F006BF00400E4077
S214011AD000300E4000ED00E000A000400000FFFFD7
S214011AE00E4A0379916921F03F010B43017843EADD
S214011AF08103417843EA4103817843EAC103C1780F
S214011B00012908BF43F0010393611368417923F467
S214011B10403343EA01431360704700BF00300E4074
S214011B202DE9F04104460D46FFF736FE60B3DFF8B7
S214011B306080FFF775FED8F80430C3F301439C427A
S214011B4022D0124BD3F8003100F09CFE022C07463F
S214011B504FF0100609D12146FFF75AF8C8F8106071
S214011B6095B1BDE8F041FFF75BBEC4F102039E40AC
S214011B70C8F810600DB1FFF753FE2CB92146384660
S214011B80BDE8F041FFF744B8BDE8F08100400E40E3
S214011B9000300E4038B505460C46FFF7FDFDB8B1DE
S214011BA045B90C4BD3F8005100F06CFEC5F3042583
S214011BB005FB0005084B1B7821463BB1074B9D42B0
S214011BC004D80220BDE83840FFF7AABF0020F9E795
S214011BD038BD00BF00400E405D2F0020002D3101B2
S214011BE0034B02781A7001210020FFF7D3BF00BF14
S214011BF05D2F0020174B4AF6E85210B5596B5A6311
S214011C009A6FD407FCD41B6C13F0030306D0124A58
S214011C1001249842C2F8B44A05D110BD18B90E4B3A
S214011C20C3F8B40AF9E70B4B9A6FD207FCD41A6CC7
S214011C3022F0030202431A649A6F12F00102FBD1EA
S214011C400038054C18BF01200129C4F8B40A08BFA2
S214011C505A63E2E700300E400000C6432DE9F04F1C
S214011C6000238BB0CDE90433CDE90633CDE9083343
S214011C70A0F5E163B3F5966F05460191934603D946
S214011C8000200BB0BDE8F08F624BDFF88C81D3F8F3
S214011C901842B0F5E16F15BF4FEA146AC4F3072A7C
S214011CA0C4F30744E4B20694CDF824A0D8F84C60F7
S214011CB0C6F301768CBF01220022334607A904A889
S214011CC015BF4FF4E1674FF496674FF496694FF4EA
S214011CD016790392FFF76AFDD8F8E030039AC3F34A
S214011CE0012308A905A80293FFF760FDA5EB070CE1
S214011CF0AAEB04020CFB02F2B2FBF9F214445445BF
S214011D00079F0498089A0599BAD8A2EB010E0CFB16
S214011D100EFEBEFBF9FE11EB0E012CBF4FF0010EBD
S214011D204FF0000E8A42ABD3BEF1000FA8D13A1A8B
S214011D300CFB02F2B2FBF9F280182CBF0122002242
S214011D4087429DD3002A9BD1029BBBF1000F0FD087
S214011D50D8F85C20B5F5E16722F4FE4218BF0127EA
S214011D6022F0020242EA470242EA0422C8F85C2054
S214011D70019A0AB9012084E7264A022ED2F83022B7
S214011D803ED0032E3FD0012E14BFD2B2C2F307229B
S214011D90120312F4702F7FF473AF1F4EF46E24F407
S214011DA070442243F2661B4A022BD2F830222CD012
S214011DB0032B2DD0012B14BFD2B2C2F3072212037C
S214011DC012F4702F7FF45CAF134CD4F8E03023F498
S214011DD070431343C4F8E030636E884238BF084648
S214011DE023F4FF73E72823F0010328BFE720B5F5A6
S214011DF0E16F18BF43F0010343EA40036366B9E7A6
S214011E00C2F30742C4E7120EC2E7C2F30742D6E79F
S214011E10120ED4E70081E00F00300E402F4B1A6FF0
S214011E20D96C11F0010F02F0060242D0002A40D010
S214011E3013284FD9143813288CBF10230823274999
S214011E40013BCA6C180322F47F4240EA0323134382
S214011E50CB64234BCA6C1B88C2F30322283301329E
S214011E6002EB820003EB5303B3FBF0F3C86C013BB8
S214011E70072B28BF072320F0EE6040EA036343F4F4
S214011E808013CB64174BB3F90030002B10DB2833DB
S214011E90500800EB420203EB5303B3FBF2F30A6D67
S214011EA0072B28BF072322F0700242EA03130B65B3
S214011EB07047D96C01F00101114304D1092809D9F1
S214011EC00A380928B8E7DB6C13F00103B7D01AB952
S214011ED02728B1E70423B2E70023B0E700300E401D
S214011EE0922C00208E2C0020064A074BD3F880390E
S214011EF0136F23F0070303431367044B1888FFF798
S214011F008DBF00BF00300E400000C643902C00205D
S214011F102DE9F041C288B0F808808588B0F90C60D8
S214011F2047784A2A04464FD9B2F5FA7F4ED340F68F
S214011F30C3139A428CBF4FF040524FF000522849CB
S214011F40CB6C23F0405323F00103002EA8BF43F0CF
S214011F5001031343CB64D1F8E03043F44073C1F876
S214011F60E030204B1D80CB6E43F08073CB661E4B5A
S214011F70D3F8800900B10420FFF7B6FF1B4BA3F886
S214011F8000801B4B28461E80FFF748FFA37B03B348
S214011F90012B22D0012260881146FFF75FFE05461D
S214011FA078B10F4AD36B43F48063D3633846FFF7A7
S214011FB021FEA37AA3F12002534253410A4AC2F8F2
S214011FC094372846BDE8F0810022B8E74FF08052EA
S214011FD0B5E7034B074A9A65DCE7014B064AFAE781
S214011FE000300E40902C00200000C643922C0020AA
S214011FF08E2C002077402057372110B700EB400089
S214012000F8B50D461F46040116463AB11548012398
S2140120108B402044C7B100F1C0600360072D4FF02C
S2140120200F0114D8AB00104806FA03F29940204479
S2140120301EF08FFA3EB90B4A0123AB40224477B11A
S21401204002F1C0621360F8BD00F18060E5E7A5F11A
S21401205008039B00054806FA03F29940E7E702F1F8
S2140120608062EFE70CA0004004A0004008A00040FA
S214012070064B302202FB0033072992BF5868986846
S21401208008398900C84000F00F00704700A00040E2
S21401209010B5044601214FF4AA40FEF7C9FDB4F875
S2140120A0013022785BBA9BB243EA02630B4A1360A3
S2140120B000231362D36253634FF00043D3664FF09D
S2140120C0FF339366064A4FF40071C2F88011E37835
S2140120D05B01DBB282F80933116010BD00200E40AF
S2140120E000E100E0F8B5254D8F7AD1F800C0C3B203
S2140120F001269E404FF0300ECB7A0EFB00500C4668
S2140121001B05097BAE6643EA0743C0F880C094F816
S2140121100DC0C0F888C043EA415322F00302C0F85C
S2140121208430C0F898201EF06EF8EB6E3343EB66F1
S214012130237A13B16B6B33436B63637A13B1EB6A28
S2140121403343EB6223792A6823B1DB431B0263F432
S2140121507F431A4063790BB142EA0322A3790BB19C
S21401216022EA0302E3791343044A1360044B9E6296
S214012170D663BDE8F8401EF04CB800BF00200E4004
S21401218000200E44064B984204D1012907D829B9EC
S214012190026170470029FBD0012900D142617047D6
S2140121A000600440064B984204D1012907D829B99A
S2140121B0826170470029FBD0012900D1C2617047B6
S2140121C000600440054B5A685B68054B41F6713266
S2140121D01A649A6822F001029A60704700300E4035
S2140121E000000E40034B9A6822F001029A6000221A
S2140121F01A64704700000E40094A0A4BD969C9079C
S21401220005D512B96FF002007047013AF6E7002AC9
S214012210F8D001221861DA60D86940F3800070476F
S2140122208096980000000E4070B509B9002070BD78
S2140122300E4A0023082550F8234094610C4CD560C3
S2140122400133D669F60705D514B96FF00200EEE73B
S214012250013CF6E7002CF8D0D469A40702D49942D1
S214012260E9D1E3E76FF00100E1E700BF00000E40AF
S214012270809698002DE9F8431C4B0D4641F67131C6
S2140122801E6C19641A49804648684968996841F085
S2140122900101B6B2996097084FF00009B94501D31C
S2140122A0002005E008EB89042046FFF7A5FF48B1AA
S2140122B00E4B9A6822F001029A600EB100221A644F
S2140122C0BDE8F883C4F30A01C1F500618908A7EBEC
S2140122D00903994228BF19462846FFF7A5FF00289B
S2140122E0E6D1894405EB8105D8E700BF00000E4022
S2140122F000300E40234B41F671311A6C10B519644B
S21401230021494C684968996841F0010199600121A9
S2140123101861D960D9694C0792B209D5996821F03C
S214012320010199600AB100221A644FF0FF3010BD16
S2140123300221D9601549D869C00700D569B9D8699D
S21401234010F002000BD0996821F0010199600AB1E2
S21401235000221A646FF00100E9E70139EBE741B9A1
S214012360986820F00100986002B119646FF00200CD
S214012370DDE7996821F0010199600AB90020D6E7E6
S2140123801864FBE700000E4000300E40809698006F
S21401239002F0070242EA035201F4FE41024B1430F6
S2140123A00A4343F82020704700600E40014B01228B
S2140123B09A60704700500E40134B1449F0B5002246
S2140123C05D68134E1046D6F8E8714C680B687F07B7
S2140123D00BD4B3F5006F06D012D8B3F5007F02D048
S2140123E0B3F5806F01D144F480742B4202D02C42A5
S2140123F008BF18430132092A01F10801E3D1F0BDF3
S214012400B3F5803FEEE700BF00500E408496030010
S2140124100040E00F8B784A789B0143EA82030A78F2
S2140124201343CA7843EA02130A7943EAC2234A7974
S21401243043EA02338A79043043EA42430001014AFF
S2140124401350704700200440014B1860704700BFCE
S21401245000008442437882789B0043EA02130278A4
S2140124601343C27843EA4213027943EA02234279CC
S21401247043EA0233827943EAC233C27943EA02432A
S214012480027A43EA4243014A13607047002004403F
S2140124900D4AD2F8E430D2F8E0109B0003F03C037A
S2140124A0C1F381110B438370D2F8E03003F03F0390
S2140124B04370D2F8E830D2F8EC2003F0F003C2F310
S2140124C0031213430370704700FF0FE0024BD3F86B
S2140124D0F000D3F8F41070470081E00F024BD3F8F8
S2140124E0F80080B2704700BF0081E00F024BD3F8BE
S2140124F0B000C0F3074070470081E00F2DE9F04FB0
S2140125009A46554B85B01B78DDF83C909DF844B053
S214012510DDF8508006460F461546002B00F09680E3
S214012520072A00F295800E9B002B00F09180B9F1EE
S214012530000F00F08D80129BB3F5006F00F38880CA
S214012540012803D1109B002B00F08280434B03EB44
S21401255005131B7B002B7DD0414C102200216846C1
S21401256025F051FF04EB451410229FBB3946204647
S21401257025F049FF43F210036380BBF1000F03D13E
S214012580E37843F00303E370354A0E9BCDF800A0D1
S21401259002EB451CCCE90193129B581E9DF84C306A
S2140125A0690103F00303C0F30A009B0643EA001E19
S2140125B053582C4818404EEA0003012E535017D0AA
S2140125C0B8F1000F2ED19CF8023068F304138CF892
S2140125D0023027E00021204625F015FF4FF4447312
S2140125E06380BBF1000FCFD1E37843F03003CAE735
S2140125F01323CCF80C309CE80F000CF1100E8EE87B
S2140126000F00DCF81C20109BCCF814306FF003018F
S21401261061F39F02012FCCF81C2003D1CCF818904F
S214012620CCF804300D4A290102EB051342F801806B
S214012630159A5A6000272846224669469F605E73AF
S214012640FFF750FD384605B0BDE8F08F0648FAE7BB
S2140126500648F8E70648F6E75E2F0020B81C00207B
S214012660B81B00200F80FFF3028000F0018000F00D
S214012670078000F038B5124B1B780546DBB1E0B198
S2140126801DF0C1FD0F4A00231146147B54B92B607F
S2140126901A0101EB031301258C501D731DF0B9FDC2
S2140126A0204638BD0133082B02F11002EDD11DF092
S2140126B0B0FD0548F5E70548F3E70548F1E700BF33
S2140126C05E2F0020B81C0020048000F0028000F07D
S2140126D0018000F013B5164B1868019000238DF8A1
S2140126E004301DF090FD134B1C7824B11DF091FDB4
S2140126F0114802B010BD01221A701DF08AFD0F4B61
S2140127001C731C7783F82C4083F83C4083F84C40BC
S21401271083F85C4083F86C4083F87C4004230DEB1F
S21401272003008DF80730FFF7B3FC2046E1E700BF52
S214012730CC9603005E2F0020038000F0B81C00201A
S2140127402DE9F041DFF86480D8F86070D8F86C3075
S2140127501F4000D5FEE7134C01260025374218D04E
S2140127602368C8F86860A3B1A16862680131A160F6
S21401277028469847637B012B0BD150B90A4B03EBD4
S21401278045131A7B60F341021A731A7F60F3410204
S2140127901A770135082D4FEA460604F11004DDD1FB
S2140127A0BDE8F081B81C0020B81B002000200E40B8
S2140127B0054A06490346106803448B4294BF1360DA
S2140127C04FF0FF30704700BFE00A002000000120F4
S2140127D00F4BD3F82838A3F17E62A2F58432B2F506
S2140127E0605F10B511D219680A4A91420DD10A4CA0
S2140127F0227812F0FD0F01D0002010BDDB6998474A
S2140128000028FAD101232370F6E74FF48170F4E72C
S2140128100000E10F07B0CD5E5F2F002008B500F085
S21401282083F8124B12498B4212D3124B12490020E5
S2140128308B4218D3FAF7DAFE186850F82240586827
S21401284040F82240013298688242F5D30C33EAE719
S2140128500022F8E71C6844F8220001325C68A242B4
S214012860F8D30833E4E70022F8E700BF58CF0300A7
S21401287064CF030064CF030064CF030000487047B1
S21401288000F04902104AD2F8943003F00703023BE5
S214012890032B13D8DFE803F00C14020E0B4B1B6856
S2140128A0D2F80001C0F304200130B3FBF0F070470A
S2140128B0074BF4E7074B1B685B08F1E7054BEEE7B0
S2140128C04FF40043ECE700BF00400E40EC0A002046
S2140128D0F00A0020E40A002008B5FFF7D3FF054BF5
S2140128E0D3F80831C3F308230133B0FBF3F0024BEE
S2140128F0186008BD00400E40E80A0020014B186829
S214012900704700BFF00A0020054B1860054BD3F84E
S214012910943003F00703022B01D1FFF7DDBF7047A8
S214012920F00A002000400E40044B054A9A60D3F896
S214012930882042F47002C3F88820704700ED00E05A
S21401294000C80000014B1868704700BFEC0A002061
S21401295038B505461DF057FC0B4A146800235CB1D8
S214012960AC4206D1A96A6BB199621DF052FC0120F6
S21401297007E02346A46AF2E7002DF3D01DF049FCD8
S214012980204638BD1160F0E7381D002010B504461A
S21401299098B1FBF7DFFF2046FFF7DAFF10B194F896
S2140129A02C300BB9002010BD1DF02DFC044A136815
S2140129B0013B13601DF02DFCF4E72220F3E700BF76
S2140129C03C1D00202DE9F04385B005469DF830708A
S2140129D0914698460E4609B9002F5CD12846FFF766
S2140129E0D5FF0446002836D185F82C006863FCF72D
S2140129F05FF8864233D9FBF7FBFF2146844640F257
S214012A00E7304FF47A720023E6FB0C0119F024FD3F
S214012A104FF0FF32002319F01FFD2B46E8861146C2
S214012A20CDE900441D4A28461CF0D6FE044690B95E
S214012A30C5E9089885F82D702E631DF0E4FB184A49
S214012A40136833B31A469B6A002BFBD195620023A9
S214012A50AB621DF0DEFB204605B0BDE8F08347B152
S214012A60CDE900440D4A2B4631462846FBF7E4FFE4
S214012A70DCE703A93046FBF7C1FF04460028EAD18C
S214012A80CDE90077054A03992B4628461CF080FEBF
S214012A90CCE71560DBE72124DDE700BFA52A0100AE
S214012AA0381D002091F82C3013B50C4683B98B8E57
S214012AB0CA8E93420ED243B9CDE90033114A0B4672
S214012AC020464FF0FF311CF047FEA38E0133A3864C
S214012AD002B010BD52B191F82D307BB101230093A5
S214012AE0D1E908232046096BFFF76CFF064A01234C
S214012AF084F82C30136801331360E9E70846FBF7C6
S214012B0029FFF3E7A52A01003C1D00202DE9F0412D
S214012B10144E336823B3144F4FF000081DF073FBB7
S214012B203C68054624B92846BDE8F0411DF071BB56
S214012B3094F82C3093B1336884F82C80013B3360D1
S214012B4094F82D3013B92046FFF702FF28461DF0F2
S214012B5060FBD4E9083120469847DFE7A46AE1E73D
S214012B60BDE8F0813C1D0020381D0020034B1B688A
S214012B70002B14BF04200120704700BF3C1D00201D
S214012B80024B1868B0FA80F0400970473C1D0020DF
S214012B9008B5084B01221A70074B00221A70074B22
S214012BA004221A70064B1F221A70FCF759FA054BBD
S214012BB0186008BDFE0F0020602F0020FD0F0020CA
S214012BC0FC0F0020401D002008B5064B834207D1AC
S214012BD0054B1B7823B1C8B20CF0A4F800B1FEE790
S214012BE008BD00BF441D0020612F002030B50368DA
S214012BF0354A23F47F4385B023F00703002593422B
S214012C0004460295ADF80C5033D002F5802293426B
S214012C100CD0A2F18272934253D12C4B1B78002B1D
S214012C204FD005B0BDE83040FBF764BDB0F80530C5
S214012C303B2B46D1FF2304A91A4611E903001DF0D8
S214012C40B6FD01280ABF214B41F2FC15187005F0AC
S214012C50FC0220793B210CF0EDF800B1FEE71C499F
S214012C60009023791B4A09681B48FFF7ABFE40B367
S214012C70FEE7B0F8053007EE903AB0F80730F8EE08
S214012C80677A0133B7EE047A67EE877A07EE103A71
S214012C90B8EEC77A67EE877AB1EE047A67EE877A7E
S214012CA017EE900A1AF01EFC07EE900AFCEEE77A81
S214012CB0074A17EE903AB3F57A7F38BF4FF47A7326
S214012CC0136005B030BD00BFA0000602612F0020D2
S214012CD0F40A0020C92B0100441D002038B5FEF778
S214012CE029FB0E480E4C0121FDF7A2FF01221146D9
S214012CF00020FEF783FA022501221146C4F880500F
S214012D000020FEF77BFA0122C4F884501146002009
S214012D10FEF774FAC4F88850002038BD30253E000E
S214012D2000400E401D4B07B501225A641A6842F452
S214012D3080721A6001A8FFF7ABFB9DF80530012BE6
S214012D4003D89DF80430022B0DD9154B4FF4187299
S214012D50C3F88C22134AC3F89022134AC3F8F02210
S214012D60124AC3F8F822124AD2F8A43143F4F843BF
S214012D70C2F8A431FCF706FAFCF7A0F9FCF7EEF965
S214012D80FCF7B2F9FFF7AAFF1CF017FEFFF720FDCC
S214012D9003B05DF804EBFCF73FB800BF00000E403F
S214012DA000400E409A6F05001801000400843208A6
S214012DB000300E4082B0734600230B4A0193019BFC
S214012DC093420DDD72B6BFF34F8F0849084BCA68B0
S214012DD002F4E0621343CB60BFF34F8F00BFFDE701
S214012DE0019B01330193EAE73F420F0000ED00E04B
S214012DF00400FA05014B1878704700BF69300020BF
S214012E0070B52E481DF055FC00F064FF00F04EFF33
S214012E1000F066FF044602F0CFFB064600F066FFB0
S214012E200546002848D0002C46D000F0F1FA10B133
S214012E30204602F001FA284603F068F9284602F017
S214012E4083FC284601F064F9304602F0A9FB1C4BCE
S214012E501B78204603F0FF05EBB101F0B5FF2046D5
S214012E601DF067FE38B12146032001F0CFFF214651
S214012E7000201DF058FE20461DF05EFE38B12146AA
S214012E80062001F0C3FF214600201DF04FFEBDE8DD
S214012E90704001F089BF1DF04FFE18B1214628464B
S214012EA01DF044FE20461DF047FE28B121460020B5
S214012EB0BDE870401DF03ABE70BD00BF002405405D
S214012EC06A3000200368484A23F47F4323F007034F
S214012ED0934273B5044670D009D8A2F510229342E6
S214012EE02BD002F5A022934258D002B070BD3F4AC3
S214012EF09342FAD100201DF017FF01201DF014FFA8
S214012F003B4BA2881A803B4A002111701A8841F275
S214012F10130192B28A4203D01A8892B202B11B8878
S214012F20354C022120780BF0D5FE78B920780221A5
S214012F300BF0E4FE0028D8D008E02F4C01F012FA7E
S214012F4000F098FE20460BF08BFE08B1FFF732FF2B
S214012F50207802210BF0BEFE03460028F6D1009031
S214012F60A022207811460BF093FE0028EED120789F
S214012F7002210BF0C3FE04460028E7D100F0B6FE9E
S214012F800146204600F0C2FF012000F0AFFE0146D8
S214012F90204602B0BDE8704000F0B8BF174B027B78
S214012FA01A70174B42681A6002899A80154B827A0A
S214012FB01A70104B01221A7097E7857AB0F80560EF
S214012FC000F10B012A46104825F037FA302E07D1BA
S214012FD000220D48294602B0BDE8704001F052BA01
S214012FE0332E82D10122F4E7A0000A00A0000601D8
S214012FF0942C00206A300020FF0F0020693000204A
S2140130006230002068300020622F00202DE9F04752
S214013010054601F071FF4A4B4A4C1B68AB4204BFA0
S21401302001232370484B1B68AB4202BF474B01226A
S2140130301A70474A237812689502DBB204D52378C2
S214013040002B54D0414B1B78002B50D0DFF83CC1ED
S2140130509CF8002002F0FF03002A48D13D4FDFF81C
S21401306030E1DFF830813C4D394E40F2E639B9683F
S2140130705EF82320B1F57A7F13D9501A00F2F310C7
S21401308048450ED8354810F803A001EB0A1000EBAE
S2140130908A008242A1EB910128BF02468A4238BFCC
S2140130A00A4648F8232045F823203068591C800238
S2140130B048BF01F00103022945F8232007F1140750
S2140130C04FF00103D3D13368204A25499B0244BF00
S2140130D06B68336400232370137001238CF800306F
S2140130E00A681A440A601F4A13801F4A13701F4B4E
S2140130F01F4A1B88122B20D913780133DBB2082B09
S21401310001D8137014E0002313701A4A13780133A0
S21401311003F007031370184AD35C184A82F8263066
S214013120174A82F8263011F003FC164B02221A7059
S214013130154B01201870BDE8F0870023E1E700BFBA
S2140131409C1D002073300020981D00207230002046
S21401315000F00140881B00207C1D00201B10002071
S214013160941D0020962C002074300020C6310020CB
S2140131706E3000206F300020A7C50300240B00200E
S214013180F80A0020111000206B300020713000205A
S2140131908C1D0020841D0020034B01229A605A6D6D
S2140131A09207FCD55869704700F001402DE9F041BF
S2140131B0274B90B001AA064603F108051746186882
S2140131C05968144603C40833AB422246F7D1214D51
S2140131D0186899889B792060A180A3710FCD05ACF2
S2140131E00FC40FCD0FC495E807001B4BDFF87C809A
S2140131F09B5D84E80700194A194CD35C19488DF881
S214013200223000250121ADF814508DF81750FDF736
S2140132100FFDC8F80450636DE36539462046FEF796
S21401322097FA204605A91DF043F90123C8F8043092
S214013230FFF7B2FF01360C4AC8F8045006F0010643
S21401324042F826005368236410B0BDE8F08100BF41
S214013250EC9D0300FC9D0300AFC50300AB9D03007E
S21401326000F0014000D204007C1D002000003E4218
S21401327070B5064618480D46FDF786FD012804463A
S2140132800BD102460146FDF7B9FF224621462046EC
S214013290FDF7B4FF114BC3F8844001211048FDF738
S2140132A0C7FC0F48FDF716FE4FF47A7370430121F1
S2140132B0B0FBF3F00023B0FBF1F2FE2A04D8D2B241
S2140132C0DBB22A716B7170BD0133072B4FEA4101E6
S2140132D0F1D10022F5E700BF0300200000400E40B8
S2140132E0902730002DE9F043DFF89090194E1A4FE1
S2140132F01A481F23C9F85C30194B87B04FF4806217
S21401330001250224C3F884213570CDE901444FF02C
S2140133100008CDF8108003970095124B124A0068FA
S2140133204FF448111DF019FAD9F800309B020BD55D
S214013330CDE90378CDE901440C4800950C4B0D4AC4
S2140133400D4900681DF0EFF90023337007B0BDE8A2
S214013350F08300BF753000200D3001009C1D002059
S21401336000E100E014F001408C1D0020981D0020B3
S2140133707C1D002040F001400100320000F00140B9
S21401338070B51E4B90B001AA03F1080516461868E1
S2140133905968144603C40833AB422246F7D1184D88
S2140133A0186899889B792060A180A3710FCD05AC20
S2140133B00FC40FCD0FC495E8070084E80700114C31
S2140133C031461520FFF754FF0F480121FDF730FC69
S2140133D031462046FEF7BCF905A920461DF068F8DF
S2140133E001214FF4AA40FDF723FCFFF77BFF074AB4
S2140133F001235360A36010B070BD00BFEC9D0300B5
S214013400F80A002000F0014000D2040000003E420D
S21401341013B5234C2378002B3CD001F0B1FD0028D6
S21401342038D1204B20701A786AB901221A7011F02F
S2140134302FFA1DF0BAF91DF0B9F91B4B1B4A1C49AE
S21401344018681CF07BFA1B4B1B68312B1A4B05D9ED
S2140134501A490A7812B901220A701A701A78A2B1AA
S214013460174C00221A70174B22689A606268DA615C
S2140134701DF09BF91DF09AF923680B4862680092CB
S21401348011490A4A00681CF059FA11F023FA012082
S21401349001F070FD02B0BDE8104001F071BD00BF43
S2140134A0713000206D300020401D00208830002043
S2140134B0189D0300941D0020703000206C30002001
S2140134C08C1D0020881B0020599D030008B50B4B5E
S2140134D05A6DDA650A4B4FF48062C3F88420BFF355
S2140134E04F8FBFF36F8F0020C3F88421FFF75EFE76
S2140134F0BDE808400120FFF759BE00BF00F00140BB
S21401350000E100E010B5FFF7E5F8044638B90146DA
S2140135100648FFF7AFF806482146FFF7ABF8FFF776
S2140135202FFF044B01221A8010BD00BF9C1D0020F6
S214013530981D0020982C002013B502238DF800005A
S21401354000200C468DF80130FDF7D0FA00218DF8E9
S21401355002000A48FDF758FA00238DF803000121FE
S21401356007488DF805308DF80440FDF761FB0548E6
S2140135706946FDF76BFA02B010BD00BFC0CF6A0006
S21401358000B20400002000401FB58DF80730FF236D
S21401359000248DF806008DF808108DF809300848CB
S2140135A09DF818308DF8044001A98DF805208DF896
S2140135B00A408DF80B3003941CF0BDFD04B010BD1D
S2140135C00020004007B50023009307220323FFF7DE
S2140135D0DBFF054B01229A60DA68D207FCD4986CAF
S2140135E080B203B05DF804FB002000402DE9F043F3
S2140135F0DFF8CC804FF4004989B006460F46C8F87C
S2140136008090BFF34F8FBFF36F8F01210320FFF729
S21401361093FF00254FF0FF33CDE9033543F6E4125F
S2140136204FF48073CDE90523022429468A2202A895
S2140136308DF80A408DF808508DF809608DF80B70EA
S214013640ADF81C501CF058FD4922012102A81CF0BF
S21401365053FD21462A22184C02A81CF04DFD482293
S214013660012102A81CF048FD02A92046FDF780F9B9
S2140136700123009332463B4628468B21FFF784FF01
S214013680E36943F44053E361636963612A462B4669
S2140136904FF460612846FEF77BFE0523A360074BC7
S2140136A02364636C43F003036364C8F88091C8F82D
S2140136B0009009B0BDE8F08300200040000F033FF2
S2140136C000E100E00E4B4FF4006210B5DA660D4AD9
S2140136D0002414630B22DA660821234622460220C0
S2140136E0FEF78CFC234622460A210220FEF786FCC2
S2140136F0234622460921BDE810400220FEF77EBC83
S21401370000A000440080014008B5042201230821DE
S2140137100220FEF773FC012304220A210220FEF791
S2140137206DFC0123042209210220FEF767FC024BEF
S21401373007221A6308BD00BF0080014038B590F823
S214013740635090F86230044600F164012A46B0F8EE
S2140137506000F9F725F925B940F2CF23C4E91933FA
S214013760E366044B626EDA66A26EDA67E26EC3F84F
S2140137708C2038BD0080014008B525480121FDF7A1
S21401378057FA01214FF48A40FDF752FA21480121E8
S214013790FDF74EFA20480121FDF74AFA00230422DC
S2140137A00B210220FEF72AFC01230022062102201B
S2140137B0FEF724FC0123002207210220FEF71EFC4F
S2140137C00023042207210520FEF718FC002304220B
S2140137D006210520FEF712FC002304220321052002
S2140137E0FEF70CFC0D4B4FF4E062C3F888200F2265
S2140137F09A62002102201CF0BBFE094A136E23F0D8
S214013800701343F040131366BDE80840FFF77CBF12
S21401381000A204004041050000350A0000A0004651
S21401382000A0004070B588B01B4C0F22002104A8F0
S21401383024F0E9FD002503230226184803950121FB
S214013840CDE901558DF812608DF80A30FDF7F0F9D3
S21401385004A920461CF0D2FE40F2CF23236201AA1F
S214013860294620464FF4B4751CF0FCFE01AA2046FA
S214013870E56601211CF0F6FEE56701AA3146204601
S2140138801CF0F0FE064BC4F88C50636307232363D9
S2140138900123636008B070BD00800140000204008F
S2140138A00D0E0C0010B588B00F22002104A824F0DC
S2140138B0AAFD154A154C1068516802238DF812307E
S2140138C001AB03C39068186001211148FDF7B0F9F8
S2140138D004A920461CF092FE40F2CF23236201AADF
S2140138E0204600211CF0BEFE01AA012120461CF044
S2140138F0B9FE1DF02EFA40F60B33636303232363F0
S2140139000123636008B010BD489E03000084014097
S214013910001204001FB5084B08480122CDE9002318
S21401392040F601430293694600238DF80C301CF0E3
S214013930CCFE05B05DF804FB000101000024054043
S21401394030B51B481B4C85B00221FDF781FD1A4896
S2140139500121FDF76DF919480121FDF769F91848AC
S2140139600121FDF765F9204606220121FEF70AFC32
S214013970204601220021FEF715FC012220461146B1
S214013980FEF710FC0F4B0FCB6D4685E80F0029465E
S21401399020461CF0F9FDE36A43F00603E3620A4B96
S2140139A04FF00062C3F880211A6005B030BD00BF39
S2140139B002001E000060044030253E00800616000E
S2140139C000350A00549E030000E100E007B50D4BE8
S2140139D0186900909B8A0C48ADF804300121FDF768
S2140139E027F90A4B01229A61DA6942F00102DA618B
S2140139F0074B02225A606846FDF790FE03B05DF859
S214013A0004FB00BF549E030000A2040000E0014036
S214013A1000E100E0014B33F8100070479A2C0020BB
S214013A20F0B5564BA9B014AC03F12006224618682F
S214013A305968254603C50833B3422C46F7D11868A2
S214013A409B882860AB80262144F220000BF07CF98D
S214013A504B4B1EAD044603F120072A4618685968E9
S214013A602E4603C60833BB423546F7D118689B88F5
S214013A703060B3802CB9262144F221000BF064F9A2
S214013A800446404B404F414E414DCDE90437CDE908
S214013A90066534B904AA102144F230000BF054F93B
S214013AA004463C4BCDE90A65CDE9083734B908AA86
S214013AB0102144F231000BF047F90446364BCDE9AC
S214013AC00E65CDE90C3734B90CAA102144F2320048
S214013AD00BF03AF90446314BCDE91265CDE91037C2
S214013AE01CB101F02BFA29B0F0BD10AA102144F246
S214013AF033000BF029F9054601F020FA002DF2D12A
S214013B0001F018FA1021024644F248000BF01CF9A5
S214013B10CDE9014403940028E5D101AA0C2144F221
S214013B2011000BF011F90028DDD11D4A382144F2AD
S214013B3050000BF009F90028D5D11A4A382144F271
S214013B4051000BF001F90028CDD1174A382144F273
S214013B5052000BF0F9F80028C5D1144A382144F276
S214013B6053000BF0F1F8162300930028BBD16A46E8
S214013B7004214FF480400BF0E7F8B4E726A00300D9
S214013B804CA003001000640003FB9EB65BA46A957C
S214013B902823A406100164001002640010036400C8
S214013BA0EF9F0300B89F0300819F03004A9F030015
S214013BB010B501F0BFF90849084A83780B700379FC
S214013BC01370074B84791C70C4784C70417951701E
S214013BD0C2795A7010BD00BF1F1000201D100020B2
S214013BE01B100020214BDFED226A03EB0010C38976
S214013BF007EE903A838807EE103AF8EE677AB8EE49
S214013C00477A27EE277A87EE266ABCEEC66A16EE54
S214013C10103A8380438907EE103AB8EE477A27EECA
S214013C20277A87EE266ABCEEC66A16EE103A4381FC
S214013C30C38807EE103AB8EE477A27EE277A87EE62
S214013C40266ABCEEC66A16EE103AC380038907EEF2
S214013C50103AB8EE477A67EE277A87EEA67ABCEE78
S214013C60C77A17EE103A0381704700BFA62C0020D2
S214013C700080D4440A4A92F89400042808B528BF64
S214013C800020FFF7AFFF92F84C01042828BF002060
S214013C90FFF7A8FF034B00211970034B1A6008BDFC
S214013CA0541E002076300020A01D002001289FBF52
S214013CB0054B1870054BB8229DBF00FB0230044B24
S214013CC018600020704700BF76300020541E002088
S214013CD0A01D0020014B1878704700BF76300020E9
S214013CE0014B1868704700BFA01D002001289DBF2A
S214013CF0024BB82200FB023000207047541E002001
S214013D0003460328024898BF00EB0310704700BF24
S214013D10A62C0020012813D80A4BB82202FB003338
S214013D2093F8932082420BD193F8951083F88C1068
S214013D3093F8941083F88B1083F88A20012070473B
S214013D4000207047541E0020012830B524D8134B9C
S214013D50B82202FB003292F8931081421CD192F8ED
S214013D608C1092F895408C4218BF82F89510B821B5
S214013D7001FB003201FB003392F88B4092F894501D
S214013D80A54218BF82F8944093F88A20824218BF51
S214013D9083F89320012030BD0020FCE7541E00204C
S214013DA090F88A3073B1094B00221A70084B094A01
S214013DB01A60094B0822C3F8FC20012380F88130E1
S214013DC080F8823090F88100704700BF763000207E
S214013DD0A01D0020541E002000A000462DE9F84F2B
S214013DE01CF0B7FF002001F09FF8002001F0D8FB7F
S214013DF0AE2200214048414C24F005FB4048AE224B
S214013E00002124F000FB4FF00008A1464CF25A7B3B
S214013E10454641F2824A64233A4FE3834FF4E17305
S214013E2063870FCF04F16006C4E90355C4E9125550
S214013E30A4F800B06580A580E5802581658184F8B9
S214013E408950E5822583A5826584A584A586E586B5
S214013E502587A4F81AA0A583258484F82E50A4F8F3
S214013E605050A4F852500FC697E80F0086E80F008E
S214013E7020461CF070FE052384F85B30032384F88B
S214013E8080305FFA88F384F88A3084F88B3040F209
S214013E909E7384F8855084F88650A4F8545084F8AC
S214013EA05A50A4F8565084F8875084F8885084F8FD
S214013EB08C5084F88E5084F8815084F88250A4F88F
S214013EC0463084F8835084F8915084F8845084F8FE
S214013ED08F5084F8905001F023F8B83444F87C0CE5
S214013EE0B8F1000F04D0084BC3F80090BDE8F88F76
S214013EF04FF001088FE700BF422E0020541E00201D
S214013F00942D0020289E0300A01D00202DE9F347D4
S214013F1091F8833091F88A8007460C4693B10023C6
S214013F2084F883300B2F1FD8DFE817F018001E0027
S214013F301800230041001E001E0052009F00C00012
S214013F401E00E00091F88430002BEBD040461CF0B8
S214013F50EBFE94F88330002BE4D0E0E70021234603
S214013F60012208461CF009FD84F8807002B0BDE805
S214013F70F087002384F85B302146C8201CF07FFEC2
S214013F8094F88C3004EB43030321B3F8A020228776
S214013F90E286B3F8AA3063870223E364042300931E
S214013FA001940523012206201CF055FDDCE7544D43
S214013FB0208B2B88E364F9F72BF903210346019440
S214013FC00091012209201CF046FD02232B80CBE73D
S214013FD0E66B4C48002506EB480384F82E50B3F8F0
S214013FE01890A5864FF0010A84F883A084F89150B2
S214013FF02A46A3F8129049462B46CDF800A01CF09D
S21401400068FD2A4649462B463F48CDF800A01CF0DD
S21401401060FDB38BF3826423E3834FF46173E3643F
S21401402094F88C3006EB4306F08EF9F775F8062205
S2140140300346A4F8600007210C20CDE900541CF0CB
S2140140400AFD9222B82313FB0823304A08F5804064
S2140140501A44262120300AF077FE214602201CF061
S21401406016FEA723A4F854307EE7012384F8833094
S21401407094F89530228F04EB4303B3F8A0309342B3
S21401408018BFE286E38E94F88C20E364E36B03EBBF
S2140140904203D88EF9F740F80022A4F860000346E0
S2140140A0009201940A2207210C207DE7012384F85F
S2140140B08330B4F8963094F88C20E386E364E36B9F
S2140140C003EB4203D88EF9F727F800220346A4F83B
S2140140D060000721009206200A2201941CF0BBFC16
S2140140E0214602201CF0D3FD3C23BBE7012384F8C4
S2140140F08330042300930194052334220321D3E75C
S214014100E60F0020600B0020500B0020541E0020FC
S2140141102DE9F041044690F88A5000F0EDFE94F83F
S21401412080300B2B00F2F080DFE813F00C00EE007D
S214014130180025004900EE00EE005800AA00D50040
S214014140EE00E7001CF005FE754B1A780AB901224D
S2140141501A7021460320FFF7D9FE3CE0BFF34F8FCC
S2140141607049714BCA6802F4E0621343CB60BFF337
S2140141704F8F00BFFDE71CF0ECFD694B1B7853B376
S214014180E56C45BB20461CF0E6FC238894F88A20A3
S214014190A380E36B03EB4202284695879A8BDA826B
S2140141A0A3F8405000F0A2FE214628461CF08EFDE2
S2140141B02146022000F030FF21460420CBE7E36CC5
S2140141C04BB994F85B3033B9214601201CF05FFDF2
S2140141D03C23A4F854300120BDE8F08120461CF0B1
S2140141E013FCE36C1BB9012384F89130F3E7E36B0E
S2140141F005F10C0733F817608DBB00F09BFE057ABE
S21401420000F098FE437A49482A4631461CF03BFCAA
S214014210B4F83480054600F08DFE037A628F43457C
S2140142200CD26FF491631E444E2E1DD80235042D18
S2140142301AD894F82E30013384F82E3094F82E30A4
S214014240172B14D9E38E3C33E386002384F82E30F3
S21401425040F2EB439A420AD8214608207BE73448CD
S214014260642316223146D1E7002384F82E30E36B0F
S21401427033F817309342EFD8204601F08FFBAAE7B8
S21401428020461CF0C1FBE36C0BBB628FB4F8983080
S2140142909A4218D921460920FFF738FEE26B94F8B6
S2140142A08A1002EB41020023B2F93C20A4F8423006
S2140142B09A4284F84430C2BF0A2392FBF3F293B2C7
S2140142C0A4F8403087E7012384F89130E6E72046DA
S2140142D001F064FBE2E720461CF096FB94F88B2085
S2140142E0144B03EB0213E2881B899A427FF67BAFDD
S2140142F0E36C002B3FF477AFBEE7E36C002B7FF453
S2140143006AAF2146072026E723460122032104201F
S2140143101CF033FB03202146FFF7F8FD00205BE786
S2140143207730002000ED00E00400FA05600B002065
S214014330500B0020A62C002001280CD8074BB822D1
S21401434002FB003393F89430032B04D801EB0311DE
S214014350034B585A70470020704700BF541E002078
S214014360A62C00202DE9F341002301936A4601ABF8
S21401437004214FF480400AF0FDFC28B9019B162B5E
S21401438002D1009B042B04D00AF032FD08B9FFF7D6
S21401439047FB354D44F2300444F2340620460134DE
S2140143A02B466A461021A4B20AF0E4FCB44205F199
S2140143B01005F3D12D4C2E4F002644F2200823463B
S2140143C06A46262108EB06000AF0D4FC80BB009B57
S2140143D0262B2DD13046FFF79DFC0C2114F8080C36
S2140143E0FFF7AAFF234B18801B8834F87A0C9DB27E
S2140143F017F096FC204B002217F026FE17F0DCFF84
S21401440007EE905A07EE100AF8EE677A67EE277AFB
S21401441017EE900A17F096FC184B002217F014FEC0
S21401442017F082FF164B80B218801B8824F86E3C6A
S2140144303B466A460C2144F211000AF09BFC00F050
S21401444079FD6A460346102144F248000AF092FCC0
S214014450B834FFF7ADFB10F01BFA16B102B0BDE899
S214014460F0810126ABE700BFA62C0020E61E002047
S2140144709A2C0020F22E0020000024400000594013
S214014480F02E0020052970B50D46164621D91AB121
S214014490A1F10803382B1CD803885BBA1AB2002A8C
S2140144A0D4BF0D4C0D4C22789AB9638043885BBA11
S2140144B0A38083885BBA2A460146E38004F109009B
S2140144C023F0BBFF002E08BF0625012025722070B1
S2140144D070BD0020FCE700BF942D0020422E002076
S2140144E02DE9F04FAC4CB4F804802DED028B4FEA69
S2140144F0183717F0060983B040F04C8108F00F0812
S214014500B8F1010FB4F806A040F03F81AAF12003EC
S214014510012B00F23A81A14E07F00707B8257D432B
S214014520AB190E219B885BBAA4F85630731938462E
S21401453033F80C3C5BBAA4F85830A6F1180305EB27
S214014540030B5B5B5BBAA4F85A307319303E33F841
S214014550043C5BBAA4F85C30FFF7EEFE354408EE87
S214014560100A688907EE900AF8EE677A17EE900A45
S21401457017F0E8FB8A4B002217F03CFCF8EE487A6D
S214014580CDE9000117EE900A17F0DCFB02460B4658
S214014590DDE9000117F058FD17F0EEFE40BAA4F869
S2140145A05E00288907EE900AF8EE677A17EE900A01
S2140145B017F0C8FB7A4B002217F01CFC794B00223F
S2140145C017F042FD17F0D8FE40BAA4F86000BBF819
S2140145D00630E86B5BBAA4F8623000EB4703494645
S2140145E0DA8E120A84F86420DA8E84F8652093F94C
S2140145F03D2084F866209B8F84F86730C08801F0E0
S214014600F1FAEB6B40BAA4F868001889494601F044
S214014610E9FAEB6B40BAA4F86A005889414601F002
S214014620E1FAEB6B40BAA4F86C0093F9412084F8E8
S2140146306E20B3F8403084F86F30BAF1210F40F0A5
S214014640A18095F85C3084F87030484695F85D3066
S21401465084F8713010F0C2FA95F85B3084F8720075
S214014660484684F8733010F00BFB40BA4946A4F86C
S2140146707400484610F06EFB95F85E3084F878308A
S21401468040BA95F85F30A4F87600404684F8793051
S21401469010F0A4FA95F85A3084F87A00404684F867
S2140146A07B3010F0EDFA40BA4946A4F87C0040464B
S2140146B010F050FB40BAA4F87E0000F03BFC837873
S2140146C084F8803000F036FCC37884F8813000F03E
S2140146D031FC037984F8823000F02CFC437984F8AD
S2140146E0833000F027FC837984F8843000F022FCC4
S2140146F0C37984F88530B5F8B4302B4DA4F88630EC
S2140147002B885BBAA4F888306B885BBAA4F88A3029
S21401471000F010FC438984F88C3000F00BFC838990
S21401472084F88D3000F006FCC38984F89630AB8897
S2140147305BBAA4F88E30EB885BBAA4F890302B896C
S2140147405BBAA4F892306B895BBAA4F894304D2218
S2140147504523B821154884F8492007FB0166002245
S214014760314684F850301CF04CFA4A3831461CF079
S21401477009FA4FF480732380012003B0BDEC028B4D
S214014780BDE8F08F26221E23E3E7062384F849308E
S214014790002323800020F0E7942D0020841E0020B3
S2140147A000005940006880409A2C0020DE2D002031
S2140147B02DE9F04FBE4CB4F804909DB04FEA193580
S2140147C015F00603009340F0E28209F00F0301930F
S2140147D0B4F81130DFF814C3B4F81380B549E6888D
S2140147E05BBAACF80030B44BB82005F0070598FA70
S2140147F098F815FB00F2A3F8008000FB0518019855
S21401480098F88C8000F1FF3AC9F3022E5718BAF1D6
S214014810070F00F2B782DFE81AF00800F500B502CC
S214014820EC01B5021C0234023402382E1BD8362E97
S21401483000F2E380242E44D006D8222E6BD0232EFD
S21401484000F09F80062363E0343E022EFAD804234C
S21401485084F8503084F851800122984839461CF07B
S214014860D0F90C2354E044F230039E4200F0A980B4
S21401487017D844F211039E4200F0B18044F220039F
S2140148809E42DFD192320A448D4B02F1240152F846
S214014890040B43F8040B8A42F9D112881A802C23A0
S2140148A036E044F248039E42CCD100F043FB844BF1
S2140148B000F1100250F8041B43F8041B9042F9D192
S2140148C08BE0052384F8503040F20313A4F85230ED
S2140148D04FF40173A4F854307A4A84F8518041F2B7
S2140148E01663A4F856307849536DB1F88600D2F8AD
S2140148F0FC2101334FF6FF7118BF0123884218BF10
S21401490043F002030AB943F0040384F858300F2336
S21401491084F8493029E000256022294604A8039539
S21401492023F071FD694903A823F075FD684903A8C2
S21401493023F071FD674903A823F06DFD664903A8BE
S21401494023F069FD03A823F086FDC3B284F8503036
S2140149505A2803F10803024684F8518084F8493046
S21401496004D85E4803A923F068FD0125504839465E
S2140149701CF008F94FF48073238028461DB0BDE86B
S214014980F08F082384F8503084F85180FDF79EFD9F
S214014990DFF85CC13823C3F12006A3F1200520FA15
S2140149A003F201FA06F6324321FA05F5083B2A43DB
S2140149B013F1080F0CF8012FEDD194F8503008339D
S2140149C0A6E7474B3E4A03EB0E1303F1100153F8DB
S2140149D0040B42F8040B8B42F9D1162398E7414A9F
S2140149E03E490C23A4F850301368C4F8523053687B
S2140149F04B6093688B6014238AE70423A4F8503035
S214014A0002222AE7303EC9F3031A0A2E1DD8DFE830
S214014A1016F03700450071000B009D00B100BB0089
S214014A20F700C50077008600BAF1070F11D1B82646
S214014A3006FB051696F88330DBB939465046FFF774
S214014A4065FA338F86F880A0F386062584F84950E8
S214014A508BE7BAF1020F0CD14FF480400AF0B6F999
S214014A600028F2D1204B394618705046FFF74EFA0F
S214014A70EBE7B82303FB0513012283F89120E4E753
S214014A80B82303FB05134FEAD93219F4004F83F814
S214014A908E20DAD028461CF047F9D6E73846FFF7CD
S214014AA07FF9B82303FB051383F88A00CDE700BF1F
S214014AB0422E0020541E0020F02E00208C2E0020B6
S214014AC0922E00200040E00F0042E00F6A9E030095
S214014AD0779E03007F9E0300819E0300942E002094
S214014AE0A62C00209A2C002077300020F22E0020E1
S214014AF0932E0020B82303FB051383F88BE0A4E76D
S214014B0000F018FAC9F3C02980F8019000F012FAF3
S214014B101021024644F248000AF016F995E7E27BB6
S214014B20042A11D1BAF10B0F0ED1B82202FB0512DD
S214014B3092F8831041B91B8806219BB24B4350461D
S214014B403946D364FFF7E2F9012253E0E27B042AF7
S214014B50FAD1B82202FB051292F880100839012911
S214014B609BBF19881B881B88D1869ABF9BB2D364CA
S214014B701387E9E7E37B042BE6D1B82303FB051390
S214014B80BCF800205A87DFE7E27B042ADCD1B82292
S214014B9002FB0512BCF800005087DDE7E07B042825
S214014BA027D1B82000FB051090F883601EB190F85D
S214014BB0800009281DD1B82000FB0510BCF8006054
S214014BC0A0F898601E88A0F8966090F88060092E7C
S214014BD007D1BCF8006046871E881B88C6869BB234
S214014BE0C364923205F580400A44203026210AF03B
S214014BF0ABF80222674839461CF003F80C2525E776
S214014C00E07B0428F5D1B82000FB051090F88360FE
S214014C10002EEED1BCF80060B0F84600B6B2B04245
S214014C204FF05C0628BFBCF8000006FB058801EBC8
S214014C30480628BF80B2A6F8AA00B82606FB0516C5
S214014C4001EB4808708718881B883087A8F8A030C1
S214014C50C7E7B82303FB051090F88330002B7FF4D9
S214014C6073AF5C2303FB056301EB430201EB4303D4
S214014C70B2F8A020B3F8AA3080F88C600287438788
S214014C8062E7DFF820A14FF0000B062202FB0BF3D0
S214014C9003EB0A003AF80330B34209D190F80480D6
S214014CA0B8F1040F4AD8DFE808F00949353F450056
S214014CB00BF1010BBBF1200FE8D156E6B82303FB3D
S214014CC0051595F88A9003FB091909F1920926251D
S214014CD00122062303FB0BAA0198BAF802309AF8C0
S214014CE0051007284B442ED102290CBF1B881B78C0
S214014CF084F8512002BF190ADBB2009184F85330C0
S214014D000223009984F85030002384F85210A4F846
S214014D10543073E7B82303FB05111F4B91F88B2022
S214014D2003EB02191025D3E71C4AF3B202EB430941
S214014D300225CDE700F0FEF88146F3E7DFF85C9048
S214014D4002250022C5E70229A27C19D1B4F8112058
S214014D5052BA1A80300A4A46294640F4804009F081
S214014D60F3FF30B9B8F1040F03D1FEF721FF0FF0BE
S214014D708FFD2A460A48494623F05FFB063565E65D
S214014D801A70E7E7062384F849300025EEE500258A
S214014D90F3E500BF8C2E0020A62C00209A2C0020C4
S214014DA0922E00208A9E0300054B1B780BB1FFF75D
S214014DB0FFBC044B1B780BB1FFF792BB704700BFDB
S214014DC0422E0020942D002010B50D4C63785BB167
S214014DD0FEF710F894F8492004F14A0336210AF048
S214014DE041F860B960700AE0064C63781BB190F830
S214014DF09130002BECD0044C6378002BE8D110BD29
S214014E00E62C0020422E0020942D002070B5194C6F
S214014E1063780D460BB1002070BD0029FBD0164A01
S214014E20A080B2F900606680731E1BB2002B13804F
S214014E3000F00F01BCBF47F6FF731380032915D09E
S214014E400629E8D101220D4829461BF0DAFE95F81D
S214014E508C200C23074884F849302946E2801BF051
S214014E6091FE4FF4807323800120D5E7312206237B
S214014E70F0E700BFE62C0020340F0020302D002084
S214014E8070B5164A164D262144F2200009F05CFF43
S214014E90144A262144F2210009F056FF44F2300458
S214014EA044F23406204601342A461021A4B209F001
S214014EB04BFFB44205F11005F4D100F03BF8102188
S214014EC0024644F2480009F03FFFBDE87040064A3A
S214014ED00C2144F2110009F037BF00BFE61E002086
S214014EE0A62C00209E1F00209A2C0020014B186043
S214014EF0704700BFE41F0020064B07481B684FF4AD
S214014F007A7103EB8303B3FBF1F201FB123303491E
S214014F1017F042BEE41F00208830002072A0030074
S214014F2000487047000C0020014B1870704700BF06
S214014F308730002000487047F82E00200B4B1022C7
S214014F401A8044F64B325A8043F232229A804FF44A
S214014F503262DA8040F216321A8178225A81B422FD
S214014F609A81DA81024B16221A707047F82E0020B9
S214014F7086300020014B1870704700BF813000203A
S214014F80014B1878704700BF813000200C280BD8E1
S214014F90DFE800F0070B1114170E1A260A0A1D2067
S214014FA02300114B114A1A6070470F4B104AFAE75B
S214014FB00D4B104AF7E70C4B0F4AF4E70A4B0F4A22
S214014FC0F1E7094B0E4AEEE7074B0E4AEBE7064BB5
S214014FD00D4AE8E7044B0D4AE5E7034B0C4AE2E7C6
S214014FE0014B0C4ADFE700BF4C0C00207DA00300FC
S214014FF088A0030091A003009FA00300A5A00300C2
S214015000B0A00300BAA00300C2A00300CAA0030018
S214015010D2A00300DAA0030073B505460C46FFF7DD
S2140150206BFF94F85B30062B70D8DFE803F0086F4F
S2140150300C25420A5600062384F85B30EFE7544BF2
S2140150401B6802B070BD05F12C0304EB430300227C
S2140150505A7194F88330002BEDD13DB1012DF0D17A
S21401506094F88C3084F88D300323E5E794F88C307F
S21401507084F88D300423DFE7464E737893B9012D0B
S21401508002BF94F88D30A4F8603084F86250019421
S21401509094F862300093B4F86030012203210C20AA
S2140150A01BF0D9FC7089214602B0BDE870401BF0A8
S2140150B0E6BD384D6B786BB9012294F88D3084F8D3
S2140150C06220A4F86030CDE90024032211460C20AA
S2140150D01BF0C1FCA8892146E6E72E4D6B7893B9F3
S2140150E094F88C20E36B03EB4203D88EF8F714F8A0
S2140150F004230322A4F860001146009301940523BB
S2140151000C201BF0A8FCE8892146CDE794F88C20FA
S214015110E36B03EB4203D88EF7F7FEFF94F880208B
S214015120A4F86000073A0346042A2AD8DFE802F00A
S21401513003161B2922000022009201940622072151
S2140151400C201BF088FC20461BF005FD94F85B3014
S214015150072B1CBF072384F85B3072E700220092FE
S21401516001940A22EBE70022009201940A22072109
S2140151700620E6E704230093019405233422032145
S214015180F6E700212346012208461BF0F6FBDAE784
S214015190E41F0020F82E002038B50C460546FFF720
S2140151A0ABFE94F85B30042B1AD0062B37D0032BBA
S2140151B026D1012D24D194F88D301E4A032B98BF99
S2140151C00133527894BFDBB2002384F88D300AB9DC
S2140151D0A4F8603021460120BDE83840FFF71CBF27
S2140151E0012D0DD82C3504EB450500236B713C23AE
S2140151F0A4F854300F4B5B781BB1072384F85B305F
S21401520038BD94F88D0021461BF07CFC2146072012
S214015210FEF77CFE94F85B30072BF1D0EDE73C23DC
S214015220A4F85430034B5B78002BE6D121460320CB
S214015230EEE700BFF82E00202DE9F843AA4B1A78B6
S21401524004465AB100221A70A84B1A70B0F85830AA
S21401525033B1013BA0F8583080F88620BDE8F883CA
S21401526090F883305BB390F85B30022B14BF0223B7
S2140152702D239F4A1370FFF73FFE94F85B00FFF75C
S21401528085FE0FF015FC94F883508DB300B3994B4F
S2140152901A7882F001021A701A7894F85A3082B994
S2140152A0772B17D9944A01231370002284F85A20C9
S2140152B094F85B209A42D1D084F85B30CEE7022383
S2140152C0D7E7FF2BEED00133DBB284F85A30E7E79D
S2140152D084F85A0094F85B30072B2FD10FF0E8FBC7
S2140152E00028BBD194F85B30022BB7D00223E3E74A
S2140152F084F85A500028EDD028460FF06FFC00289D
S214015300E8D001200FF06AFC0028E3D07B4A13881E
S21401531001339BB2B3F5A67F1380DBD9158009F064
S21401532067FDBFF34F8F7649764BCA6802F4E06299
S2140153301343CB60BFF34F8F00BFFDE794F8863071
S2140153404BB3B4F854301BB1013BA4F8543085E795
S21401535094F883306C4D5BB10FF0AAFB40B16B4AF9
S2140153602B88128892B2934202D201332B8075E7C2
S2140153700023614A2B8084F886300123137094F849
S2140153805B20022A07D09A4218BF84F85B30214678
S2140153900220FFF741FE20461BF088FCDFF87491DF
S2140153A0DFF874812546002686F001000FF02CFCFC
S2140153B0003818BF0120F7B289F8000038460FF010
S2140153C023FC94F88830003818BF012088F80000C4
S2140153D013B3002304EB460684F8883086F85D3064
S2140153E096F85C3013B994F885307BB194F8833025
S2140153F063B994F85B30012B1CBF012384F85B3042
S21401540021460220BDE8F843FFF706BE214638468E
S214015410BDE8F8431BF061BC94F85B20CAB194F870
S2140154208530002B53D194F88330C3B998F80030F7
S214015430CBB199F80030B3B995F85C309BB995F8C3
S2140154405D10012319B384F8853021463846FFF7ED
S214015450A3FE96B32E4B94F883201A70FEE698F8B6
S2140154600030002BE8D198F8003003F0FF02002B43
S214015470EFD195F85C30002BEBD0B4F8563085F8B8
S2140154805C20002BE5D0012385F85D30E1E7BEB94D
S214015490032A0CD194F85F204AB184F85C300423C7
S2140154A084F85F6084F85B3021463046AAE785F8C9
S2140154B05C3021463846FFF7AFFD0235012673E71B
S2140154C085F85C3021463846FFF7A6FDC1E798F817
S2140154D00030002BBDD199F8003003F0FF02002BFD
S2140154E0B7D184F88520B4E78130002083300020CE
S2140154F0F90F00207E30002070300020F62E0020AC
S21401550000ED00E00400FA05F42E0020EA0F00206A
S214015510C83000207F300020803000201B4B10B5A3
S2140155201C6A9C62A20710D5FEF7D4FB000100F1AD
S214015530804000F5C2300023C366154B1A68154B30
S214015540DAB902221A70FEF7BDF8630714D5124ABB
S2140155501368013313600D4B9C62104B4FF480624D
S214015560C3F88420BFF34F8FBFF36F8F5A60084B89
S2140155701A683AB905221A6010BD1A78002AE2D1D3
S2140155800122DFE71A68013AF5E700BF0060044030
S214015590C41F002083300020E41F002000E100E04B
S2140155A0034B00221A70034B197801B11A70704729
S2140155B07A3000207B300020014B1878704700BFFE
S2140155C07A300020034A01239361034A1370034A89
S2140155D01370704700E001407C3000207D300020D1
S2140155E004281FD8DFE800F003090F142000CB6C55
S2140155F0C3B1013BCB6401207047114A13888BB1BC
S214015600013B1380F7E78B6C63B1013B8B64F2E7D8
S214015610B1F850301BB1013BA1F85030EBE7012344
S214015620A1F8503000207047B1F852301BB1013B51
S214015630A1F85230DFE70523A1F85230F2E700BFA8
S214015640000C0020114B023133F81130834206D88A
S21401565092F890309BB9012382F88F3007E00C4B0B
S21401566033F8113083420AD992F890303BB90123BE
S21401567082F890300523D3830A239364704700236E
S21401568082F88F3082F89030F7E700BFDC0F0020F9
S214015690D20F002073B5254C254E636CA26B1340C8
S2140156A0336033689A071CD501A920461AF099FD84
S2140156B0204D01A9286020461AF093FD01A9286112
S2140156C020461AF08EFD01A9A86020461AF089FD31
S2140156D00223E8602364D4F8903043F00103C4F851
S2140156E090303368DB071CD5104B124A996C516019
S2140156F0D3F88C2042F00102C3F88C200E4A1A64BB
S214015700FEF7EEFA04461BF045F9FDF7FDFF94F8A7
S2140157107C204FF4006332B1084AD366084B01225D
S2140157201A7002B070BD074AF7E700BF00200040BC
S214015730DC1F0020C81F0020000F033F00A000460A
S2140157407930002000A00044F8B5624B90F8801034
S2140157501B7809290CBFB0F89820428F044603F045
S214015760FF065BB990F88A50C38B90F8890030B178
S2140157702D0105F1804505F5C235EE66F8BD94F8B4
S2140157809160E6B12B0103F1804303F5C23307397B
S214015790022984F89100D8660BD82846FEF7D4FA79
S2140157A038B105F5804004F192022621203009F037
S2140157B0CBFA21460320BDE8F840FEF7A7BB94F8D4
S2140157C05B000628DAD044480778002FD6D006704A
S2140157D094F89000002875D107290ED16188628B54
S2140157E0914205D240F2A13293426DD8043302E0D1
S2140157F0022B4AD9023B9BB247E00839012944D81B
S214015800B4F89E10B4F8406034480A4492B205F1E8
S2140158100C07911B022B30F8170089B210D9B4F887
S21401582002C0678BBC4501D2814211D8012284F89F
S2140158304420B4F84220824238BFA4F84200D9E797
S2140158400539884243DA94F8441039B93233D2E73D
S214015850053988423BDA94F8441079B1002184F87E
S2140158604410B4F84210914223D9891AC1F34E016B
S2140158703144A4F840100022A4F8422040F2A1329C
S2140158809342E3D9B3F5747FB0D3226BE38340F23E
S214015890E73101FB02324FF47A71B2FBF1F2226377
S2140158A00F4AD06902EB05124343B3FBF1F3D3660B
S2140158B064E70A3A9142DEDA022E84BFB21EA4F8E9
S2140158C04020D8E70523E0E74FF47573DDE70023B2
S2140158D0DBE700BF8330002082300020000C002070
S2140158E00084014010B5E02104460320FDF76AFE5E
S2140158F04FF4FA734343C3F38F33034AA3425380EF
S21401590034BF0020012010BD000C002038B52DED5D
S214015910028B0B4608EE900A0E2193F88A00FEF7DA
S2140159200BFDF8EE687A08EE100A17EE900A16F0EC
S21401593009FA0C4B002216F05DFAF8EE487A044696
S21401594017EE900A0D4616F0FDF902460B46204664
S214015950294616F079FB16F00FFDBDEC028B80B2DE
S21401596038BD00BF0000594007EE900AF8EE677A8E
S21401597008B517EE900A16F0E5F9064B002216F068
S21401598039FA054B002216F05FFB16F0F5FC80B2E3
S21401599008BD00BF000059400068804070B590F80F
S2140159A0842090F88A3004461AB3002B14BF0725CA
S2140159B00625012680F8836029460220FCF758FB5D
S2140159C094F88E308BB9A0B90A4BE28BD9694A4359
S2140159D04FF47A71B2FBF1F2DA66334608222946B1
S2140159E00220BDE87040FCF709BB10B13346002227
S2140159F0F5E770BD0084014070B52DED028B0546BC
S214015A0090F88A60408900B9E8882946FFF77EFF4A
S214015A10B5F89C3008EE103A16F082F9314B0022A8
S214015A2016F012FB16F0C8FCB8EE488A07EE900A8C
S214015A30C8EE277A17EE900A16F084F92A4B002250
S214015A4016F0D8F916F098FC022184B23046FEF71B
S214015A5073FC844228BF044695F88B00FEF750F984
S214015A60C68895F88B00FEF74BF9EA884389B2425F
S214015A70A4B21FD89A4233D907EE903A6B89B8EE92
S214015A80677A06EE903A07EE906AF8EE666AF8EEE6
S214015A90677A76EEC76A77EEC77A86EEA77A07EE5A
S214015AA0904AF8EE677A67EE277AFCEEE77A17EE09
S214015AB0903A9CB207EE904AF8EE677A17EE900A93
S214015AC016F040F9094B002216F094F916F054FC32
S214015AD0074BBDEC028B80B21880188880B270BD6F
S214015AE00024E7E7000059400000244000404A40F7
S214015AF0082F0020F8B590F88A70384E022F044619
S214015B0028BF0027FFF778FF608396F848C0002378
S214015B1040F26B7E183687B1BCF1060F56D9D9B262
S214015B20022936F813200DD140F213518A420BD9BF
S214015B3040F214514FF4AF652BE0D9B2022936F882
S214015B40132006D0724520D8A28B82423DD800226F
S214015B5034E0BCF1010FF5D040F213518A42E7D888
S214015B60A28B824203F1010334D9A083032BE4D133
S214015B7041F28243984288BF6383638BA28B9A4229
S214015B809ABF9B1A6383A383F8BD40F26C714FF4EE
S214015B90FA65954214D9511A07EE901ADFED106A8C
S214015BA0F8EEE77A87EEA67A07EE900AF8EE677ABD
S214015BB067EE277AFCEEE77A17EE902AA28305E0D5
S214015BC0A18B814201D89542C1D2A0830133032B18
S214015BD0A1D1CDE70022A283C8E700BF000C0020B8
S214015BE00000C84210B5002943D14FF2F553984240
S214015BF028BF184640F66163984238BF1846374BAF
S214015C001C4633F8022B824202D81A88824203D8F5
S214015C100131C9B22229F4D14B1C34F8112034F8D1
S214015C201330801A9B1A07EE103A07EE900AB8EE68
S214015C30C77AF8EEE77AC7EE876A07EE901AF8EEAB
S214015C40677A76EEA77A17EE900A16F07BF8244B61
S214015C50002216F0CFF8234B002215F015FF16F0A0
S214015C60ABFB07EE900AFCEEE77A17EE903A98B295
S214015C7010BD4FF21933984228BF18461A4A42F20D
S214015C80B803984238BF18461446002332F8021B60
S214015C90814202D81188814203D80133DBB21C2B22
S214015CA0F4D15A1C34F8131034F81220401A521A40
S214015CB007EE102A07EE900AF8EEC76AF8EEE77AC2
S214015CC087EEA67A07EE903AF8EE677A77EE277AAD
S214015CD09FED067A67EE877AC5E700BF720F002050
S214015CE000C0824000007940360F00200000FA43D1
S214015CF0012A38B52ED8184D184B2C7804EB8102A2
S214015D00012923F8120033F8310003EBC1035A8846
S214015D1010449A88DB880244134407EE903AFAEE60
S214015D20CF7AFCEEE77A17EE903A98B20C4B03EB7B
S214015D304103D88004D8BDE838400021FFF752BFA0
S214015D400121FFF74FFF631CDBB2042B28BF0023A2
S214015D502B7038BD0020FCE778300020BA0F0020F9
S214015D60000C0020024B0021D888FFF73BBF00BF84
S214015D70000C0020F8B58E8891F88A7005460C460E
S214015D8002208A2126B9FDF71DFCA0800020F8BD5F
S214015D90FDF718FC2E4140FA05F5F6B2EDB2AE421B
S214015DA0A080F3D1E080208049210220FDF70AFC83
S214015DB0114D2A21E8800220FDF704FC48212881A4
S214015DC00220FDF7FFFB68813846FFF7CBFF0C3753
S214015DD00A23B0FBF3F025F81700F7F7E5F90023DF
S214015DE00246A880A188A3862046F7F769FAE082D2
S214015DF020830120CBE700BF000C00202DE9F843EB
S214015E00664B2DED028B00220446A3F10A011546CE
S214015E1033F8020F90B1D1ED007ADE885E82F8EE9B
S214015E20676A07EE900AF8EE677A86EEA77ABCEE06
S214015E30C77A17EE100AD8800D601D800132D2B2E3
S214015E40032A01F10401E3D194F88A30544803F19E
S214015E500C0230F81280534A1788BFB2012F2ED990
S214015E60122F28BF12275049DFF850C1CD5C1222ED
S214015E705A43154400EB430E5CF8255011F8039085
S214015E80BEF83660BEF936E04A44761B4CF822E08E
S214015E90CA5C0132B2FBF7FC07FB1C22D2B2CA5421
S214015EA01C3300EB430594F8833036B2AE801BB149
S214015EB094F88030092B04D10023A38534E006270B
S214015EC0D1E7214660899FED398AFFF71FFD07EE6E
S214015ED0900AF8EE677A2089C7EE888AFFF744FDB4
S214015EE094F88030072B07EE900AF8EE677AD4ED27
S214015EF0136A9FED2F6A87EE887AF5EE005A27EE31
S214015F00287A15D1A38EBB4212D2F8EE666A27EE26
S214015F10257A66EE876AC6EE867AFCEEE77A17EE93
S214015F20903AA3850023AB80BDEC028BBDE8F883D5
S214015F30638FA3EB08031BB2002B2CDD96FBF7F651
S214015F4007EE906AF8EEE77ADFED1A4A87EE885A8E
S214015F5007EE903AB4EEE45AF1EE10FAF8EEE77A6C
S214015F60C3BFB2EE044AC7EE844AC7EE057AB2EE64
S214015F700E5ACCBF64EEA77A67EE857A27EE257AAD
S214015F80F8EE666A46EE877A87EE867ABCEEC77AC0
S214015F9017EE103A91E7DFED087AEFE72E0C0020B6
S214015FA0000C0020E80F0020843000200000C842CA
S214015FB0000004420AD7233C00000000700B0020BA
S214015FC0F8B504460220FDF725FD20B10220FDF7B5
S214015FD021FD4A4B18800320FDF71CFD20B103204C
S214015FE0FDF718FD464B18800420FDF713FD20B180
S214015FF00420FDF70FFD434B188094F8833033B12E
S21401600094F880300B2B1EBFA38E0133A386A38A80
S214016010002B72D007EE903AB8EE677AD4ED037A89
S214016020F8EE676A0025C6EE877AA582FCEEE77A67
S21401603017EE903AD4ED047A6381F8EE676AC4E904
S2140160400355C6EE877AFCEEE77A17EE903A98B2D9
S21401605007EE900AF8EE677A208117EE900A15F09F
S21401606071FE294B002215F0EFFF0646A06A0F4687
S21401607015F068FE02460B463046394615F004FD1B
S21401608016F09AF907EE900AB7EE007AF4EEC77AA0
S214016090F1EE10FAA0620FDBBCEEE77AA28C17EEE7
S2140160A0103AB8EE477A9A4277EEC77A84BFD21A88
S2140160B095B2A584C4ED0A7A94F88A000C21FEF7FD
S2140160C03BF9E38A07EE903AA38C07EE103A06EE08
S2140160D0900AB8EE477AF8EE677AF8EE666A67EEE7
S2140160E0877A204687EEA67ABCEEC77A17EE103A74
S2140160F02383BDE8F840FFF781BEF8BDEC0F002012
S214016100EA0F0020E80F0020006880402DE9F74FD5
S214016110B74B90F88A601A780446002A00F0F0809F
S21401612004214FF00009304683F80090FEF704F989
S214016130B04BDFF8FC8218800A213046FEF7FCF8E7
S214016140AD4B1880012384F88430AC4BAC491FFA60
S21401615089F21A801A8892B231F82220A8F8002013
S2140161601A8892B2002A00F09780012A00F0138163
S2140161701A88DFF8C0A292B2012A88BF1D88B8F833
S2140161800020B8F8000086BF023DADB200250AEB3C
S214016190450329469A8180B23246FFF7A9FD07EEEC
S2140161A0900AF8EE677A8346074617EE900A15F0CE
S2140161B0C9FD944B002215F047FF16F0DDF8012DBE
S2140161C083B201933FD8B4F8B6700A2317FB03B71E
S2140161D094F88330ABB3226B002A00F0FD808A4826
S2140161E0B4F89E30018889B299420AEB450138BF5E
S2140161F00388B1F93C1038BF9BB2002940F3E9800F
S21401620007EE901ADFED816AF8EEE77A87EEA67A56
S214016210F7EE007AB4EE677AF1EE10FAC8BFB0EE88
S214016220677A53434FF47A72B3FBF2F307EE903A70
S214016230F8EEE77A67EE877AFCEEE77A17EE903AA1
S2140162409BB2FF1ABFB205F10C0B0AEB4B0307EE2C
S214016250907ADF8005F108030AEB8303F8EE677A8C
S2140162605A683A445A6005F1180217EE900A3AF84D
S214016270123001332AF8123015F064FD614B00220A
S21401628015F0E2FE16F078F822462AF81B00294699
S2140162900198FFF7D7F90FE0B8F80020198855489C
S2140162A0228089B2B8F8002030F8111092B29142DB
S2140162B05AD230461AF038FD09F10109B9F1050F35
S2140162C07FF443AF62882369514D134423612288CA
S2140162D0E3681344E360A38A0133A3824D4B1A7823
S2140162E032B12EB91E70204601232B701AF00FFD15
S2140162F02B782BB12046FFF763FE2046FFF7FAFB0B
S214016300454D2B78022B69D1E38BDFED446A07EE0E
S214016310103AB8EE477A424BC7EE267A93ED007AEA
S21401632077EE877AB6EE007AF4EEC77AF1EE10FAD7
S214016330A2BFB7EE007A77EEC77A4FF47A72C3ED52
S214016340007A4FEA061303F1804303F5C233B8BF60
S2140163500022DA66FCF7C6FF324A012393602B70EF
S214016360304603B0BDE8F08F1A882349B8F80030EC
S21401637092B29BB231F812209A429DD930461AF059
S214016380D3FCA3880F2B01D9FEF77AFD2146032003
S214016390FDF7BCFD90E7B8F8002062801A88154921
S2140163A0B8F8003092B29BB231F812209A420ED859
S2140163B094F88930022B03D8013384F889307BE7BF
S2140163C030461AF0B1FC21460320FDF79FFD00235D
S2140163D0F3E79FED157A24E7134632E72B78012B76
S2140163E0DAB201BF00232B70104B1A70B8E700BF5A
S2140163F079300020DC0F0020D20F00200A2F002069
S214016400C81F002000002440EC0F00200000484276
S2140164107B3000207D3000208330002000007A444D
S214016420E01F002000F00140000000008230002044
S2140164300C2F0020000C00207FB503681C4A23F4B3
S2140164407F4323F0070393422ED11A4B05220021E6
S214016450182008F0D9FC00B1FEE70DF1070102A8EB
S21401646008F016FD014600B1FEE7BDF80C305BBA38
S214016470ADF810309DF80B308DF81230FF238DF8F3
S2140164801330FE238DF814309DF80A308DF8153040
S214016490BDF808305BBAADF81630082204AB1B20F5
S2140164A008F0B2FC00B1FEE707B05DF804FB00BFE0
S2140164B0A0000100F0A00300F7B51646174A0546EE
S2140164C00C46106851686B4603C395F82A300833AA
S2140164D06B4413F8087CAB8DDA0609D433462246A2
S2140164E0394628461AF076FC00F5FA7003B0F0BD7E
S2140164F0204622F0E0FBAB8D00F10A049B074FEA31
S214016500C40405D0304622F0D6FB04F50C740444CE
S214016510781EE823584304FB0700E5E7F6A00300CE
S214016520174B10B51C68902202FB00440021204640
S21401653021F069FF134B1B68DB78637604F10800D2
S21401654000211BF0F9FC4FF40063E3842385072345
S21401655084F82A301323A385236AFF2243F013030A
S21401656084F82420236284F85420074B074A2046E7
S214016570C4E91C32C4E92032BDE810401AF055BC0B
S214016580E81F0020BC210020D6BE898E5555550037
S214016590F0B5104B1E6893F804C0024635464FF01E
S2140165A0FF3400239C4508DC91B1631C10D0902376
S2140165B003FB046080F82420F0BD95F82470974210
S2140165C02846F9D0FF2F08BF1C4690350133E9E76E
S2140165D00020F1E7E81F002070B5244D044600288E
S2140165E042D0083001F030FD0026FF2384F8243025
S2140165F004F14000E66122F0D9FA04F1440022F0E9
S214016600D5FA04F1480022F0D1FA04F14C0022F048
S214016610CDFA04F1500022F0C9FA2868144B201A6A
S21401662000115843C0B21AF0CCFB014630461AF0AE
S214016630C3FBE06E10B100F039FEE666606E18B17D
S2140166401AF0D2FB00236366A06E1AF0C9FB002382
S214016650A36670BD286806FB0400FFF7BDFF013482
S2140166602B79A342F6DCF4E79026F9E7E81F002031
S214016670398EE338F7B504461DF0F0F8C0F30F2362
S214016680542B3ED9AA2B34BF01230223C0B27E2845
S2140166908CBF0222012203218DF804301344B3FB80
S2140166A0F1F000EB40001B1A8DF805301344B3FBE4
S2140166B0F1F202EB42029B1A13498DF806300023D1
S2140166C04B7501AF18461D461A4617F8016B44FA7A
S2140166D006FC1CF0010F06D053009E4030430132E9
S2140166E0C0B2D2B201230135EDB2032DEDD103B113
S2140166F048754B7D43EA82134B75FF230B7503B038
S214016700F0BD0023C2E700BFE81F0020064B1B6850
S214016710D97ADA78437E5B1A9342A8BFDAB2427618
S21401672000211AF0BEBB00BFBC210020B0F86230C9
S2140167302BB9836813F4601F08BFA0F8623011B14B
S214016740012911D070474369417E23F0100343614C
S214016750064B1A68D37A92780B449342D8BFDAB2C2
S214016760427601211AF09DBBFFF7D0BFBC21002065
S2140167702DE9F041344E8AB000253379AB4203DC73
S21401678001200AB0BDE8F0813468902303FB05447C
S21401679094F82430FF2B0DD0236A980106D504F116
S2140167A05008404622F07FFA074628B9226A12F0BE
S2140167B0A06F1ED10135E0E7BB790C333B4408A935
S2140167C09A7AD8681B8AADF82430C2F38012002367
S2140167D08DF81F2008901A460DF11F001AF00BFBCA
S2140167E09DF81F2094F8241008AB38461BF035FCA2
S2140167F0D7E7A38D1D2B18D13C23FF210020CDE91F
S2140168000431CDE90200CDE9000004F12E03C2F304
S214016810802201211BF0FCFE0028B2D04FF0A061BF
S21401682004F120001AF0A6FAC4E712F0807F94F86B
S214016830393094F824004FF000020CBF3C2143216C
S2140168401BF08CFDE8E700BFE81F00202DE9F041B2
S2140168501F46C36904460D4616468BB169B919F041
S214016860D2FC29460646A06E1AF0B6FA20462946FC
S2140168701AF000FB304619F0CCFC0020BDE8F08190
S2140168800029FAD0036A03F01203022B00F0BA8043
S214016890236ADD0700F1BE8094F82430FE2B0CD16C
S2140168A004F1550001F0F0FE01F0E6FE28B14FF4C8
S2140168B0800104F120001AF055FA256A614B2B403D
S2140168C0B3F5807F00F0B980A8052FD5C5F38025E4
S2140168D004F12E080022414628461AF092FA0021B9
S2140168E084F854001AF09EFA4146002228461AF00F
S2140168F08DFAA18D20B194F95400002880F296807B
S2140169004FF4007104F120001AF034FAA28D02F05F
S2140169100302012A0AD1414628461AF077FA28B11D
S2140169204FF4006104F120001AF01CFA236AD9061C
S21401693000F18180D4E910122046FFF7BDFD012F3A
S2140169400ED0E28C40F271235A43904208D9228D30
S2140169505A43904273D800F51C70B0FBF3F0E08404
S214016960394BE361002384F83930236AB4F8625066
S214016970E16884F8387023F48032226221613DB9DF
S21401698013F0100F0CBFC8253C25257605F2B3156C
S2140169904EB1238D40F27121C3EB06134B4342F4F3
S2140169A08032E3632262236A43F400232362274B87
S2140169B01B68DB78637619F026FC636943F01003E5
S2140169C00746636104F1080029461BF0B5FA012069
S2140169D003F0ACFB28B963691A075CBF43F00403F4
S2140169E0636126B11CF076FFE36B0344E363204644
S2140169F003F0A6FB384619F00CFCA06E01211AF034
S214016A00EBF93AE7406C22F056F900287FF440AFE4
S214016A100C2033E7E36E002B7FF43EAF00F0F0FB73
S214016A20E06600287FF438AF092027E701F001016E
S214016A301AF0F8F96AE7064B93E712201EE745209D
S214016A401CE700BF000140009D0D0300BC21002093
S214016A50896B010070B50A4D002490262B79A3425C
S214016A6000DC70BD286806FB040090F82430FF2B7C
S214016A7004D000231A461946FFF7E8FE0134EDE775
S214016A80E81F00202DE9F04F91F806B08DB00BF10C
S214016A900C0B04460E4601EB0B0501220AA90DF16B
S214016AA027001AF0B9F9824668B19DF827100AAF97
S214016AB0384600F043FC60B1304617F0B9F80020C4
S214016AC00DB0BDE8F08FA97A05F10C07C1F380116E
S214016AD0EEE7E36EE06695F807900793236A298947
S214016AE056F80BB0484603F0100804F08BFD8344BB
S214016AF0B8F1000F39D1A9F10303012B94BF032389
S214016B0002235B0040F2712202FB03B21D4B1B689D
S214016B105B79637605F11803BAF1000F27D09DF86B
S214016B20271094F824E0B8F1000F24D0A87A4FF08B
S214016B30010CC0F3401095F90550CDE902E0CDE90E
S214016B400071CDE904C50798012100F06DFCB8F18C
S214016B50000F05D01CF065FE012120461AF08AF9C7
S214016B60304617F065F80120AAE70123C9E7A97A9C
S214016B70C1F38011D5E794F88FC001200CF00F0CFB
S214016B80D9E700BFBC210020012810B50C461CD057
S214016B90022822D030BB08461AF0A0FBE38C228DD7
S214016BA094F82A00D21AE36803F59C5340F2712147
S214016BB0083301FB02332361FFF75CFD0A4B2046D5
S214016BC09968BDE8104003F00FBD03F01DFC844238
S214016BD008D1BDE810401CF024BEBDE810400846B0
S214016BE0FFF794BD10BD00BFE81F002038B50A4D61
S214016BF00020FFF7F1FCAB6813B100221A60DA80BF
S214016C001BF0ADFA00242B79A34200DC38BD2046E8
S214016C10FFF786FC0134F6E7E81F002070B52A4C22
S214016C200546A06818B117F003F80023A360FFF724
S214016C30DDFF00201AF0C9F855B90320257125603B
S214016C40E58216F041FF20791AF0BFF828B970BD29
S214016C50022022F070F9A06048B9A06800252571CD
S214016C60256060BB00201AF0B0F80720EFE7002689
S214016C70032025712660E68216F026FFB542E2DD86
S214016C8005EBC5010901334689B20122032016F03E
S214016C90CDFE06460028E0D1032016F045FF206011
S214016CA00028DAD090226A43314621F0ACFB2379E2
S214016CB0B342C8DD3046FFF733FC0136F7E716F07E
S214016CC0B7FFA560CEE700BFE81F002030B5174B21
S214016CD0826A1B681206597925D51C79028F436B87
S214016CE01203B2FBF3F2631AB2FBF3F2B0F89C3074
S214016CF003B1013BD0F8A05005B15B101B02B3FBFA
S214016D00F2F35B180BD090F895200F2A07D91209D9
S214016D10B3EB820F4FEA8201ACBF5B1A00239C42A1
S214016D20A8BF1C46E1B2417630BD00BFBC210020A1
S214016D30084B9A7E82420AD91B684FF4A47202FB62
S214016D400030836A13F0100F08BF00207047002040
S214016D50704700BF00200020084A09491368C31A7B
S214016D60D810002B01FB00F005DB937E8342D8BFD1
S214016D704FF0FF3070474FF0FF3070470020002083
S214016D80199C8FC170B504460E4619F03CFA31467F
S214016D90054604F130001AF0E5FA2046FFF7DCFF5D
S214016DA00121814005481AF0DDFA4FF4807005F0A4
S214016DB0B1FE2846BDE8704019F02BBA2420002009
S214016DC0F329F8B5744E04460D4626D1338D6BB9BA
S214016DD0A36813F4601F00F0BB80238F626BF32D52
S214016DE04FEA0313B3FBF2F39FB22DD120461AF0FC
S214016DF05BFBB4F89C70002F40F0B380A36A13F0DD
S214016E00800F0CBF3E23082384F877302046FFF717
S214016E105DFFF32D36D1012057E07369590640F125
S214016E208F80836A1A0740F18B803369436000F1D3
S214016E3040011BF0C9FD338D002BC9D0238F626B37
S214016E401B01B3FBF2F39FB2618FB4F89C209BB297
S214016E505B1A9A427EDC736994F836019B074CBF35
S214016E60002102211CF0ADFD726940F2022393431A
S214016E70BCD1A4F89C7020461AF017FB2046FFF7F9
S214016E8025FF0127A36A1807C5D5628F002AC2D03D
S214016E9013F4C05FBFD1726912F00C0FBBD140F280
S214016EA002239343B7D1D4F8A430002BB3D1A18FDA
S214016EB020461BF038FF002855DD638F01339842CA
S214016EC051DC0128A7D0013880B2236BA4F87C00DE
S214016ED0590409D54FF4804104F130001AF04AFAFA
S214016EE000212046FFF74EFFB4F87C20A38F94F8CC
S214016EF070101344A387B4F89C309B1AA4F89C30F6
S214016F0094F86F3002FB01332522B3FBF2F102FB4A
S214016F10113384F86F304FBBA36A1A0702D41F4B94
S214016F201B689847204608211BF0B7FD2046022122
S214016F30FFF728FF20460121BDE8F84003F04EB9CF
S214016F40318D238F626B00293FF442AF1B0178E736
S214016F50338542E7737F002B86D094F836010321F0
S214016F6080E7012752E7608F0130ADE7204619F030
S214016F701CFFA18F20461BF060FDA36A1B07054678
S214016F8002D4064B1B689847002DCBD02046BDE89F
S214016F90F8401AF00CBB00BF00200020342000206F
S214016FA0074B002210B55A77202204465A611AF080
S214016FB025FA84F8360120461AF05DFB10BD00BFA5
S214016FC000200020012810B50C462AD0022830D017
S214016FD000283DD191F8953060F3071381F895307C
S214016FE00846FFF7DDFFA36A1B07204616D503F008
S214016FF08FFD042001F0DEFB50B3164A937F3BB3AE
S214017000D37F0133DBB2D37792F821209A421FD87F
S214017010BDE810404FF0806005F07CBD03F04CFFEA
S214017020E7E703F0F1F9844212D1BDE8104003F01E
S21401703063BD91F89530C3F30312013262F307136F
S21401704081F895302046F321BDE81040FFF7B8BE21
S21401705010BD00BF0020002010B501F00BFC124B44
S214017060FB2210F0020F1A770CBF01220322410700
S214017070197E48BF42F0040262F3030119761A7EB4
S214017080C2F3030161F307121A764FF4417100222D
S214017090DA76DA8319845A621A611A85034BBDE8D7
S2140170A010401B68184700BF002000202C2000203D
S2140170B02DE9F8434B4C0546A06818B116F0B8FD0B
S2140170C00023A360022016F0FFFC5FFA85F800207B
S2140170D019F079FE40461AF0ADF90646002867D148
S2140170E040461AF0B2F90746002861D1002D74D047
S2140170F005EB850105EBC101C90089B233460122C2
S214017100022016F093FC00284FD102204FF4A479F8
S21401711084F81A8016F008FD09FB05F73A46314651
S214017120206021F070F92368324603EB0901681EDE
S214017130824232DB002DA7F5A472D8BF00220021BF
S21401714099502846636019F03EFE88BB40461AF007
S21401715063F968BB40461AF065F9074640BB002D47
S21401716016DD022021F0E7FE0223A060C3718379B9
S214017170C3F102020C33D2B23946184421F043F966
S214017180A3689A79134401211A7B61F301021A73E9
S214017190FFF762FF3046BDE8F88309FB02FC0132C7
S2140171A043F80C1001F5A471C2E7C4E90077A7768D
S2140171B0002000251AF03EF900201AF046F928466C
S2140171C0C4E90055A5761AF027F9284619F0FBFD03
S2140171D0022016F079FC0726DCE7A57625602B460B
S2140171E0AFE700BF00200020014B987E704700BF2C
S2140171F000200020014BD87E704700BF00200020F1
S214017200F8B5284D18F0FFFF6C681CB919F001F8A5
S2140172102046F8BD23686B60EB7E4FF4A4760133FD
S214017220EB76012718F0F5FF32460021204621F0C3
S214017230EAF804F12800676140211AF093F82B8BD5
S214017240A4F8443194F83731A4F8866067F3030351
S21401725084F837314FF6FF73A4F87A302B7F84F821
S214017260423144F29023A4F8403194F88530072245
S21401727062F3030384F885300B4BC4F8883003F1BE
S214017280CE5303F59813C4F88C3041F61B33A4F89B
S21401729090301B2384F89230002104F108001AF084
S2140172A04BFEB5E70020002048014801F8B504462A
S2140172B01BF0A2FD04F1A40021F078FC04F1A80063
S2140172C021F074FC04F1AC0021F070FC04F108001C
S2140172D000F0BAFE04F1A00021F068FC154B204630
S2140172E01B6800269847C4E90A662046FFF734FD66
S2140172F0C5B2284619F061FD0746284619F05FFD1C
S2140173000146384619F058FD18F07DFF4FF4A47277
S21401731005463146204621F076F8074B5A6822602A
S214017320DA7E5C60013ADA762846BDE8F84018F065
S21401733070BF00BF30200020002000202DE9F04162
S21401734006464FF480400F4601F034FA044630B941
S2140173500E4B1D6893F81A807135A04502D800209F
S214017360BDE8F08155F8493CDA0609D5C3F3800338
S214017370BB4205D106222946304621F01AF818B13B
S214017380013405F5A475E8E70B20E9E700200020A5
S21401739008B5B0F894305A1C62F30B03A0F8943089
S2140173A0042001F007FA70B1074A937F0133DBB27C
S2140173B0937792F820209A4205D8BDE808404FF00E
S2140173C0806005F0A7BB08BD0020002038B58B798A
S2140173D00B4405469B7D03F00303032B0C4609D1A2
S2140173E001212C3019F0BEFF4FF4006105F1280091
S2140173F019F0B8FF0548A560214621F0BEFCBDE89E
S21401740038404FF0005005F085BB00BF0C2000202F
S214017410014B1877704700BF00200020014B187FF2
S214017420704700BF002000202DE9F74F1D46164685
S2140174309DF8383080F89B302A469DF83C8052F8FB
S214017440103BC0F8283104460F4600F14401B8F15C
S214017450000018BF0120DDF830A09DF840909DF88F
S21401746034B005F055F820461BF010FB204619F005
S214017470EEFF1CF0ACFA49460246204619F0E1FF41
S214017480C8230DF106012046ADF8063019F0CCFFF1
S21401749047F6FF73A4F83031AB88A4F82C31AB79EA
S2140174A084F82E31DAF80030C4F87130BAF80430B6
S2140174B0A4F8753004F1280ABBF1000F03D00421AB
S2140174C0504619F04FFFB8F1000F04D04FF40051A9
S2140174D0504619F047FF4FF4607001F06BF9C0F3A6
S2140174E0C018C3054FEA881848BF48F080088105D0
S2140174F048BF48F4807818F086FE4FF482618346D0
S214017500504619F02FFF414604F12C0019F02AFFCE
S214017510584618F07EFEBB1E012B7AD84FF4002188
S214017520504619F01FFF01212046FFF72BFC0421CE
S21401753020461BF0B2FA6B7DC3F3040384F8703067
S2140175406A8952006263697B2A7B42EA012262876A
S214017550E97BAA7B42EA012222876A7D84F86F30A2
S214017560C2F3421284F83E2000220523A28701229C
S214017570A4F87C20A4F89C309DF94410204619F00C
S2140175806BFF01F071F920F40060C4E908012046A0
S214017590FFF79CFB3B4A3C4BB2F8288007F0FD07FF
S2140175A0B8F1000F68D1002F38D16660E36140F270
S2140175B0C7182046166119F0E6FEB9F1010FE06022
S2140175C00AD094F8373169F3030384F8373109F0A8
S2140175D00F0120461AF0C7F804F1080041461AF0D8
S2140175E0ABFC012002F0A2FD28B963691A075CBF53
S2140175F043F0040363616B8940F27121013B5943F7
S214017600204619F0DFFE204602F09AFD03B0BDE8E1
S214017610F08F012F87D140F2014185E7E3614FF4F6
S214017620D7782B8940F271275B0007FB03666660FB
S21401763040F6080104F14006504619F093FE314623
S21401764020461BF0C1F92B8901335B0031467B4391
S21401765004F13402204601F01BF9EB795B00314658
S2140176607B43012220461BF0B5F9236C20469E0879
S21401767019F089FE3044A0E76660E361002FD0D19F
S21401768097E700BF00200020C56F010070B51D46BA
S214017690C36A1B070446164613D408212C3025F46A
S2140176A0105519F05FFE25F01005064B2D043340EA
S2140176B02D0CC4E9083520464021BDE87040FFF78F
S2140176C061BB70BD2FCF87F72DE9F04F85B004461B
S2140176D00191084689B34B799A071FD421F0EBFA3A
S2140176E0019D70B96B79DB0705D54FF4803104F144
S2140176F0280019F037FE01A821F058FA05B0BDE8B8
S214017700F08FA36ADF0309D54FF4803104F1280016
S21401771019F030FE6B7943F001036B71019E18F08E
S21401772072FD737931469E0705461ED504F1AC00FD
S21401773021F032FB284618F06CFDDFF8909118F026
S21401774062FDA36ADD05074614D5D4F8AC3043B113
S2140177509A7913441B7B392B03D829FA03F3D807EC
S21401776011D4384618F055FDC8E704F1A80021F0F9
S21401777004FBDFE794F94631022BF2DCD4E92A2335
S21401778072B9002BEDD004F1AC0021F02DFA0546BC
S214017790384618F03EFD294620461AF092F9CEE703
S2140177A0002BF0D194F89280039304F1A80BD4F83F
S2140177B0A86096F807A0B379AAEB030A5FFA8AFADB
S2140177C0C24527DC584621F06EFAA8EB0A080546A2
S2140177D06B796FF3C3036B71294603A821F0CDFAC9
S2140177E0D4F8A8302BB15B79990702D1B8F1000F14
S2140177F0DDD1039B002BB4D09B79022B40D800200F
S21401780021F099FB014670BB039904F1A80021F011
S214017810C3FAA6E7002021F08EFB054630B903998E
S21401782004F1A80021F0B8FA03959AE78079B179B6
S2140178300C300C3142463144284420F0FEFDEB79F1
S21401784053FA88F3EB71B379727953FA88F3B3710B
S2140178506B7962F300036B7173796FF300037371D5
S2140178604FF00008B4E7039B4A79587960F30002A9
S2140178704A715A796FF300025A7103A821F087FA08
S214017880E36A9A0512D50398034600680028FBD1DF
S214017890DB79C3F14503DBB2032B07D821F04BFBA1
S2140178A001460028B0D003A821F067FAD4F8A83022
S2140178B013B15B79DB0704D5039A537943F00803C8
S2140178C05371384618F0A5FC039965E77C2C020035
S2140178D070B5036BDA0786B0044633D5866A33077C
S2140178E023D516F4002F14BF032501252046FFF7E4
S2140178F033FA94F89B3005930023049394F83E30B2
S2140179000393238F0293638F0193636BC3F34F0338
S2140179100093C6F3800204F17103294680B21AF07F
S21401792077FE30B9002006B070BDB50C05F0020533
S214017930DCE7012104F1300019F01CFD4FF4005181
S21401794019F010FD236B980410D52046FFF704FAB2
S214017950A16AC0B2C1F340311AF098FB0028E1D009
S2140179604FF4005104F1300019F004FD236BD904E3
S21401797009D500212046FFF7A7FE4FF4805104F1F8
S214017980300019F0F7FC236B5A0512D52046FFF795
S214017990E3F994F89B500023C2B2194628461AF020
S2140179A0DDFC0028BED04FF4806104F1300019F0F0
S2140179B0E1FC236B5B0711D52046FFF7CDF9616B20
S2140179C0238F628FC1F34F0180B21AF001FE0028A7
S2140179D0A8D0042104F1300019F0CCFC236B1E075B
S2140179E009D520461BF0E5FB00289BD0082104F1B1
S2140179F0300019F0BFFC236BDD0618D52046FFF7D3
S214017A00ABF9E16A11F4805180B200F0C580002123
S214017A101AF073FE002885D04FF4805104F12C0033
S214017A2019F0A8FC102104F1300019F0A3FC236B17
S214017A30580615D52046FFF78FF994F8773000934E
S214017A40D4E9082380B21AF03BFE00283FF46AAF5F
S214017A50002384F87730402104F1300019F08AFCC5
S214017A60236B190516D52046FFF776F900230093F8
S214017A70B4F89830B4F8962094F89A1080B21AF0B8
S214017A80B8FA00283FF44EAF4FF4006104F130001D
S214017A9019F070FC236B13F4804532D19A0516D584
S214017AA02046FFF759F994F8371194F8772001F03A
S214017AB00F0180B200F03EFD00283FF433AF84F89A
S214017AC077504FF4007104F1300019F053FC236B2A
S214017AD01B0616D52046FFF73FF9B4F88C30009305
S214017AE094F89130B4F88A2094F8901080B21AF085
S214017AF036FE00283FF416AF802104F1300019F05D
S214017B0039FC236B9E0612D52046FFF725F994F81B
S214017B10771080B21AF008FE00283FF403AF002366
S214017B2084F87730202104F1300019F023FC236B10
S214017B30DD0508D504F130004FF4807119F01AFC08
S214017B4020461BF073F9236B180408D504F13000A6
S214017B504FF4004119F00EFC204619F000FE236B8D
S214017B60D90308D504F130004FF4803119F002FC36
S214017B70204619F061FC236B9A0308D504F1300006
S214017B804FF4003119F0F6FB204619F063FC236B25
S214017B909B0704D40120C6E61AF0C6FD3AE7002288
S214017BA01146204619F054FC204619F053FC204695
S214017BB0FFF7D2F894F8771080B21AF06BFE00281F
S214017BC03FF4B0AE022104F1300019F0D3FB204699
S214017BD0FFF76CFB014B1B689847DBE72C20002066
S214017BE0134AF8B5002302F1240151E8004F41E899
S214017BF00035002DF7D1012734B9BDB10D4829460E
S214017C0019F0B0FB2046F8BD94FAA4F0B0FA80F063
S214017C1007FA00F624EA0604FFF78AF80028EBD0F4
S214017C20FFF756FE0028E7D13543E5E70120EAE7EE
S214017C3000200020242000202DE9F74F0446019063
S214017C40002860D0C579314F0C35054418F0DBFAB1
S214017C504FF000080090464640464FF4A47ABA7E9C
S214017C605FFA88F94A4517D93A680AFB09FB5A446C
S214017C70916ACB0644D5B2F89420C2F30B02002ACF
S214017C803ED0E279C2F14502D2B2032A15D80220CB
S214017C9021F051F9044640B900230098FB8318F0FF
S214017CA0B8FA304603B0BDE8F08F014601A821F0CE
S214017CB064F8E5790C35254400200422012312FBE3
S214017CC00033002105F82090E9543B685B4402FB31
S214017CD0005CB3F894308CF80230032312FB0032B8
S214017CE00136A9543B685B440130B3F8942061F334
S214017CF00B02A3F89420E3790433E371C0B2F6B221
S214017D0008F10108ABE70646CBE700BF00200020DC
S214017D10F7B5684604F0F0FB134E00254FF4A47740
S214017D20B37EAB4201DC03B0F0BD346807FB05440B
S214017D30A36A03F01803102B13D10522694604F138
S214017D40450020F036FB60B1012120461BF08FF87C
S214017D5038B9012021F0EFF8014610B1204601F0B4
S214017D6067F90135DCE700BF002000202DE9F74F59
S214017D7018F049FA424BDA6800920022DA6018F0ED
S214017D8048FA009B13B903B0BDE8F08F684620F0AF
S214017D902BFF82798768019002F10C0404440146A6
S214017DA0A07A10F0200F14BF032002200A320244EA
S214017DB08A71FA6A52050FD5E07AA27A42EA00225F
S214017DC038461AF06CF838B901A820F0EFFE3D21CC
S214017DD0384619F056FFD4E7BA6A94F80AB0019902
S214017DE012F400720BF0030013D003288A79EBD14A
S214017DF00A44127B392AE7D8224B23FA02F2D30728
S214017E00E2D54A7942F002024A71384600F018FE7D
S214017E10B7E70328F5D0487962F341004871084670
S214017E2094F8069094F905A020F045FF019DAC79E1
S214017E30063CE4B20646AC713846FEF78DFF0C34BC
S214017E4005EB04080BF0030BC0F3032343EA0B1303
S214017E50F6B288F8033088F80200A8F804602B46CA
S214017E6005F804A088F801905A796FF341025A7117
S214017E701B68002BF8D128461AF01FF981E700BFCE
S214017E80002000207C2C020030B5D368C4688BB07B
S214017E901BBA0D46C1780293002361F3070381786C
S214017EA061F30F23417861F31743916809BA03918F
S214017EB0816809BA07915168126809BA12BA049121
S214017EC005920178426861F31F6312BACDE908236F
S214017ED024BA069406AC00942346802202A9012007
S214017EE017F0B7FE0028F6D1DDE90810DDE9063205
S214017EF000BA09BA12BA1BBA28606960AA60EB60B8
S214017F000BB030BDF8B5094F044600260CB907483A
S214017F10F8BDA179E5796D1AEDB20C312144B81995
S214017F202A4620F08AFA2E442468EFE73C200020F7
S214017F30F8B5094F0446002604B9F8BDA079E579DD
S214017F402D1AEDB20C30B91920442A4620F075FAE4
S214017F502E442468F0E700BF3C200020104B1A781E
S214017F6042F0F0021A701A7C42F0F0021A7493F88A
S214017F70202042F0F00283F8202093F8302042F0CF
S214017F80F00283F8302093F8402042F0F00283F8A4
S214017F90402093F8502042F0F00283F850207047BA
S214017FA04C2100200368054A23F07F6323F4002355
S214017FB002EAC14213430360704700BF0000F80F96
S214017FC0F8B544881E4E04F00704072C054628D150
S214017FD018F019F90022110106EB0217735C1B0950
S214017FE00F2B0AD00132062AF5D1164A138801331F
S214017FF0138018F00EF91920F8BD2B687B80112329
S214018000735494B218F005F91BF064FC06EB0413E4
S214018010D8602B6823F4E02343EA04432B60002056
S214018020EAE72301F15CC1F30312013202F00F0209
S214018030052A28BF002262F30711F154E4E700BFC6
S2140180404C2100200E2F002038B5448804F0070488
S214018050072C05460FD018F0D6F82401064A135D02
S21401806043F0F00313552B6843F4E0232B60BDE87F
S214018070384018F0CEB838BD4C2100202DE9F04725
S214018080458805F00705072D0746894637D01D4C5C
S2140180904FEA051804EB051A14F808601BF01AFCE1
S2140180A03609DAF80C3006EBC50604EB4606C01AAC
S2140180B0708014F8083003F00F02042A9EBF0132C4
S2140180C062F3030304F80830B9F1030F14D114F86E
S2140180D0081004EB0514A01C01F00F011BF0A7FA11
S2140180E0044618F090F83A68074B134023433B6068
S2140180F0BDE8F04718F08DB84FF6FF74F1E7BDE81C
S214018100F08700BF4C2100200000FF7F064A9268DE
S214018110824208B507D0427922F0030242F00302F8
S214018120427104F05FFD08BDAC21002010B5064C7D
S214018130204620F03BFD201D20F038FD04F108000C
S214018140BDE8104020F032BDAC21002010B5022061
S21401815020F0F1FE034C6060022020F0ECFEA060EF
S21401816010BD00BFAC21002008B5FFF7DFFF034BB1
S2140181700022DA60BDE80840FFF7E8BFAC21002026
S214018180014B5868704700BFAC210020014B98682E
S214018190704700BFAC21002038B50C4CE3681BB11A
S2140181A0E36898470023E36023686BB1074820F033
S2140181B01BFD054640B123681BB14FF0004004F09B
S2140181C0A9FC28461AF07FFB38BD00BFAC21002071
S2140181D010B5064CE0604FF0004004F09BFCE368ED
S2140181E01BB1E36898470023E36010BDAC21002073
S2140181F038B58379034404465B7B13F0300F43792B
S21401820023F0030308BF43F00103437117F0FBFF9C
S21401821021460546054820F0B0FD4FF0004004F029
S21401822079FC2846BDE8384017F0F3BFAC210020A2
S214018230F7B5144F7C68A3790C331C4400F01AFB85
S2140182406679E6B116F0020519D136EA000016D1B4
S214018250E378B4F80920B4F80710A07901962479D8
S214018260009401F031FB002808BF0C25B8682A46A7
S21401827042F2410103B0BDE8F04019F0B2BE11254B
S214018280F4E700BFAC21002010B50D4C626893796D
S2140182900C331A441179D078B2F80730B2F80520B9
S2140182A0003918BF0121003818BF012001F06AFC0F
S2140182B042F242010246A068BDE8104019F091BEA4
S2140182C0AC21002010B5084C6068837918440F3043
S2140182D000F09EF90023A0681A46BDE810404FF64C
S2140182E0284119F03CBE00BFAC210020242816D836
S2140182F00F2805D802280CD8B0FA80F0400970473C
S214018300084B103880B2C34003F0010383F001002C
S21401831070470538012894BF0020012070470120CE
S214018320704700BF2D2011002DE9F04F95B0FFF7E3
S21401833027FF86790C3642F2360330F806809845D8
S214018340054600EB06040ED1FFF71AFF022120F0C6
S21401835004FCA3787F220233A370AA5500232022AF
S214018360627023776377E0780121FEF711F9002325
S2140183700646002800F0D780CDE91233237A8DF81F
S2140183804A30E37A8DF84E30A388E288ADF848206B
S21401839013F01000B4F80920ADF84C2003F00503E3
S2140183A006D093B1E37D012B51D00025122614E0AF
S2140183B07BB3E37D657E012B37D16B1EDBB2022BCF
S2140183C009D800F057FA012338E04FF48043DDE97D
S2140183D01212914220D900251126FFF7D7FE01235C
S2140183E032464146ACB219F0BAFD002DCCBF053479
S2140183F0053C24B2002E40F099800A2394FBF3F446
S214018400E4B2FFF7C3FEC3791844C47215B0BDE8E1
S214018410F08F4FF6FF73DAE71F29DCD99A42DAD8D4
S214018420E37D657E0028BED1C5E7032BD3D16B1E45
S214018430DBB2022BCFD800F01DFA04230342CAD0C8
S214018440032D08BF04252840C0B20028C3D0E07819
S21401845018F0BEFC20B1A088FFF748FF0028A4D082
S214018460334A237F1278002A54D0042B9DD8637F89
S214018470042B9AD8A388DB0653D41BF0A8FA012153
S214018480C822084003F0B2FE94F91630B4F804E0AE
S214018490677EE18894F80C9094F815A094F818B0CB
S2140184A003EB8303B0EB430F4FEA4302637B0F9367
S2140184B0A37B109304F10F031193637F0546E07DC0
S2140184C0C8BF15B2B4F809200C93237F0B93E37E43
S2140184D0032808BF0420032F08BF0427003B18BF4A
S2140184E001230A93A37ECDF80C90CDE90873119B66
S2140184F002931FFA85FC109B0193CDE9060BCDE98B
S21401850004AC0F9B009330465FFA8EF318F01CFD07
S214018510064662E7002B7FF45EAF637F002BA9D08F
S21401852059E70020ABE70546072656E7002468E72B
S214018530C9300020F8B5074601200D46164620F042
S214018540FAFC0446C0B106220C2119F01BFD691E77
S214018550A379C9B2032998BF084A03F10C0323443F
S21401856098BF525C9F8088BF00222046DE70DA7179
S2140185709A71FFF7CBFD0120F8BD00BFFEA00300F6
S214018580F8B5FFF7FDFD83791844B0F80F60B0B277
S214018590FEF7CEFB0446C0B119F04DFA0138C0B261
S2140185A0032814D80B4B1C5C0027FFF7EFFD05468C
S2140185B004233A4642F2300119F0D1FCAB790C3370
S2140185C0E818C68004724472F8BD0227EDE700245D
S2140185D02746EAE7FEA003000B4610B50649074CFE
S2140185E00622002808BF214618461FF0E2FEB0FA10
S2140185F080F0400910BD00BFCB300020D1300020F4
S214018600024B1A6802609B8883807047D130002035
S21401861013B50D4C28B1036823608388A38002B08C
S21401862010BDF9F753FFCDE900019DF80230A370A4
S214018630BDF80530BDF80020A4F803309DF80730DA
S21401864022806371EBE700BFD130002010B50446ED
S21401865017F0D9FD064B22681A60A2889A80054A4F
S214018660137843F00103137017F0D3FD012010BDFA
S214018670CB300020CA300020024B1878003818BFD3
S21401868001207047CA300020024B1A6802609B889E
S21401869083807047CB300020024B186908B104F084
S2140186A039BA7047F018002010B53D4A002302F190
S2140186B0100151E8001F02F1100C4CE80034002CA8
S2140186C0F5D140EA0104A10201D501F0A3FD220182
S2140186D001D503F0C9FA002C01DAFFF75DFD63004E
S2140186E001D501F0BFFCA00001D5FFF73FFBE1007B
S2140186F007D5FEF73DF820B92A484FF080511AF009
S21401870036F9620107D519F061FA20B925484FF00C
S21401871080611AF02CF9A30105D51BF051F9FFF77A
S214018720F7FA18F05AFBE00108D518F079FE072889
S21401873004D11C484FF080711AF019F9610201D575
S21401874018F045FB220201D518F035FBE30207D5E8
S21401875018F064FE20B913484FF480111AF007F997
S214018760A00507D500F03AF920B90E484FF400717C
S2140187701AF0FDF8E10507D5FFF732FA20B90948E6
S2140187804FF480711AF0F3F8620503D519F0E5FB92
S21401879019F0E4FB230501D51AF0F1F810BD00BF6E
S2140187A0F018002000190020014601481AF0DFB831
S2140187B0F0180020014B1B6818407047F018002085
S2140187C0044B10B5D3E9064204430A43C3E9064203
S2140187D010BD00BFF018002070B51E4D2B68002B91
S2140187E0044603DAFFF7C0FC002031E01A4E4CF2D3
S2140187F00C000021FFF7E4FF0023336024B1636817
S2140188002B60A36803B133604FF00040FFF7CCFF45
S21401881033680BB9114B3360114B1248AB60002320
S2140188202B7315F041FAFFF799FB2046F4F700FE8B
S21401883070B92CB1B4F90E10B4F90C0002F010FFA7
S2140188401BF0C9F803F026FE03F0B4FD0028C9D0DA
S21401885070BD00BFF0180020BC21002000100020D1
S21401886099860100F4180020014BD3E906017047F0
S214018870F0180020054B9B69DA054CBF0320012048
S2140188801B0548BF40F00400704700BFF0180020E9
S214018890F8B517461C4606460D4603F087FB1C4BEB
S2140188A0BA7A53F8222053F820301A44194B9C42C6
S2140188B024D9194B9C4214D9184B93FBF2F3002B85
S2140188C0B8BF0333013C9A1004EBA304B4FBF2F3E4
S2140188D071682A68A1EB930102EB430271602A607A
S2140188E0F8BD0F4B0F49A3FB04435B0902FB03F3DF
S2140188F003F6C313A1FB0313DB0AE9E702FB04F348
S21401890003F57433084A8F33A2FB03231B0CDFE7FE
S21401891054A103004C6210001366660640420F0025
S2140189201F85EB515917B7D183DE1B43024B1A68DB
S21401893002601860704700BFC4210020024B00226D
S2140189401A6000F0FBB900BFC42100202DE9F843EE
S214018950064618F0CAFD0446002835D045784DB9BC
S21401896017F051FC237863701B4B1B6863602570FE
S21401897017F04FFC4FF00108677837B923781BB31F
S2140189804FF4007004F0C6F81EE097FAA7F5B5FAA2
S21401899085F508FA05F55FFA85F9636833B90E4B74
S2140189A027EA050565701B686360E5E79B681BB9E8
S2140189B063681B686360F0E74946304698470128BC
S2140189C005D163681B6863600120BDE8F88302284F
S2140189D0EED10020F9E700BFC421002070B50E4E8D
S2140189E00025FEF701FCA84201D8012012E03068FC
S2140189F0FEF79EF950B93468FEF7F6FB0134B4FB76
S214018A00F0F303FB104434600135EAE7FFF79EFFFD
S214018A100028F0D170BD00BFC021002010B58379B9
S214018A20034404461B7B392B96BF044AFF21D15CC5
S214018A3020F093F8A0790C30204410BD02A1030069
S214018A402DE9F34105460C46019118F03EFD8306DB
S214018A5005D501A820F0AAF802B0BDE8F081019F73
S214018A60BE790C36BB5D392B18D8164A12F803802E
S214018A70B8F1FF0F12D0384620F01DF901384045F5
S214018A800CD1114B1E6896B9A379234421461A7B53
S214018A90284602B0BDE8F0411AF061B8019820F00E
S214018AA085F8BA5D019928461AF059F8D4E7736833
S214018AB00BB93668E7E72146284698470028F8D0DC
S214018AC0CAE700BF02A10300C421002037B504464F
S214018AD00D46202118F0FBFC2946204618F064FDBF
S214018AE0214601201AF0E2F8214600201AF0DEF8AD
S214018AF00120044A0090002321461AF068F803B0CA
S214018B0030BD00BF372A030073B50C46164605462E
S214018B101AF03EFA80F001002946C0B218F0CCFCEB
S214018B20C368012C9A7907D032462146284602B0FE
S214018B30BDE870401AF032BA13441022DB8A009264
S214018B402946034A00201AF042F8204602B070BDBA
S214018B509D2F030037B504461AF05AFA0321204622
S214018B6018F0D3FC00250346044A0095214601204F
S214018B701AF02DF8284603B030BD00BF832E03003F
S214018B802DE9F347074602200E4620F0D4F90546A4
S214018B90002846D0B3790C3333440021B3F804805F
S214018BA0B3F806A0B3F8089019F08FFF2846FFF730
S214018BB035FF02210446384618F0A7FCA4F80480C5
S214018BC06081A4F806A0A4F808901AF047FE08F100
S214018BD00108B0FBF8F303FB180002236080637002
S214018BE0AB79B371EA79F27103F10C00D21AD2B201
S214018BF0291830441FF021FC3946012018F05CFC8E
S214018C001022C660638900923946074A012019F08E
S214018C10DEFF3846294619F056FF002002B0BDE8AF
S214018C20F0870720FAE700BF9D2F03002DE9F341E7
S214018C3004460D460146012018F03EFC0121074678
S214018C40284619F042FF2846FFF7E8FE064600F1DF
S214018C500108404603F050FCD6F80130C7F8123040
S214018C607379BB750221204618F04FFC294607464A
S214018C70F080204619F027FF20230093044A3B4644
S214018C802146012019F0A3FF002002B0BDE8F081C3
S214018C90692F03007FB504460D460146012018F0F2
S214018CA00BFC50E8003F43F4806340E80036002E9A
S214018CB0F7D120461AF06CF9D8B3204618F00DFC0F
S214018CC0430715D5334632460DF10F01204618F0FD
S214018CD099FE9DF80F30062B0AD8284614F0A8FFF7
S214018CE0012200232046FEF7D1FC002004B070BD0F
S214018CF00E21284619F0E9FE2846FFF78FFE0646A4
S214018D00FFF7B2FDC6F80510FFF7AEFD2946C6F817
S214018D100100204619F0D7FE0321204618F0F5FB86
S214018D200022034600922146034A012019F04FFF14
S214018D30DBE70821DDE700BF872E030010B5054CF1
S214018D40054A064920461AF08DF82046BDE810402F
S214018D50FFF7ECBDC82100204F300300C98E01008B
S214018D60F7B58B790C33CE18CB5C023B04460D4627
S214018D700F2B00F2A080DFE803F0089E9E9E9E73F4
S214018D809E829E9E2C689E9E9E4F17F03CFA71789E
S214018D900746204618F008FC2021204618F097FBCD
S214018DA02146012019F082FF2146002019F07EFF9E
S214018DB00123009300231846404A214619F007FF75
S214018DC0284614F035FF384617F023FA012003B081
S214018DD0F0BDB3887288717818F0FAFD204618F055
S214018DE07CFB830708D4294620461AF011F9012195
S214018DF0204619F052FEE9E72146012018F05CFBF7
S214018E002F4B82689A4203D12146012019F01EFF9A
S214018E10284614F00DFFEAE77778B678084614F08E
S214018E2007FF162F05D13246032120461AF000FB14
S214018E30CCE72146012018F03FFB8368002BC5D004
S214018E403246032120469847C0E70146012018F024
S214018E5033FB07462846767814F0EAFEBB68EDE752
S214018E600146012018F028FB07462846767814F0BC
S214018E70DFFEBB68002BA9D032460421E2E701469B
S214018E80012018F019FB0F4B82689A4203D028463E
S214018E9014F0CEFE9AE7D6F80120D6F80530204623
S214018EA0FEF7F4FB284614F0C3FE2146012019F014
S214018EB0CDFE02219CE7002089E700BF05300300B4
S214018EC0832E0300872E03002DE9F3410C46054649
S214018ED01AF05EF8A37900286BD00C33E61814F864
S214018EE00380B8F1010F41D0B8F1080F39D0B8F1BD
S214018EF0000F51D17189284619F057FEB188738841
S214018F0072788B4294BF0746002709290B4638BF63
S214018F100923013B9BB29A420FD8002A08BF0027BB
S214018F20F3883289084619F05FFD40B9204614F0EF
S214018F307FFE012002B0BDE8F0814746F0E7002F32
S214018F40F4D02946002018F0B7FAC46073891022BD
S214018F50013B00921B4A9BB22946002019F037FEBE
S214018F60E7E72146284619F0B1FFE2E7F1882846EF
S214018F7019F01BFE0746701C1AF03BFD0028D5D0E1
S214018F80002FD3D02946002018F096FA2023C4607B
S214018F900093F3880C4ADFE7214628461AF035FB92
S214018FA00028C6D12146284602B0BDE8F041FFF7A9
S214018FB0D7BE23441B7B0E2BD3D0214628461AF05E
S214018FC013FBEDE7098B0100212F030038B504469A
S214018FD00D4618F082FA42070BD4204618F07DFAA7
S214018FE0830706D429462046044ABDE8384019F0CE
S214018FF0CEBE284614F01CFE002038BD558B01005D
S21401900038B505460C4618F060FA00F0180010282E
S21401901006D121462846054ABDE8384019F0B7BEB4
S214019020204614F005FE0C2038BD00BF818B0100E0
S214019030014A19F0ACBE00BF2D8C010070B5054683
S2140190400C460146012018F037FA0646284618F065
S21401905044FA020704D5204614F0EAFD002070BD4C
S21401906033685B05F7D4284619F092FF40B12146D4
S2140190702846FFF7ABFF18B91FF05DFF044630B175
S21401908021462846034ABDE8704019F080BE0720F5
S214019090E5E700BF958C010073B504460E4618F04F
S2140190A014FA00F0300010284FF0020031D11FF002
S2140190B042FF054678B3437943F002034371022128
S2140190C019F003FD2846FFF7A9FC294646702046FD
S2140190D019F0F9FC1621204618F066FA20212046E0
S2140190E018F0F5F92146012019F0E0FD214600208F
S2140190F019F0DCFD204619F07FFE0121204618F00C
S21401910004FA034601200090044A214619F05FFD47
S214019110002002B070BD0720FBE700BFB12E0300A0
S2140191202DE9F04387B004460E4618F0D6F900F450
S214019130C060B0F5C06F06D102201FF0FCFE0546E8
S21401914010B9072054E000252146012018F0B4F993
S21401915096F8068008F10C08B044814608F10F0322
S21401916000F1120208F11F0153F8040B42F8040B38
S2140191708B42F9D10321304619F0A7FC3046FFF7A0
S2140191804DFC0A22074608F1050101301FF021F9BE
S2140191900C210DEB010003F021F903AB03CBC7F85B
S2140191A00B00C7F80F10059BC7F8133007F10B0229
S2140191B00DB30A21284619F088FC2846FFF72EFC35
S2140191C02946204619F07FFCC9F80C604FF48071DF
S2140191D0204618F07CF90321204618F096F9002560
S2140191E003460D4A00950120214619F0F0FC284659
S2140191F007B0BDE8F08307F113032046012118F0FC
S21401920096FD2046314619F05EFCC9F80C50204602
S21401921018F0A9FDDFE700BF91300300F0B589B073
S2140192200D46044619F02EFFAB79002800F0A38006
S2140192300C33EA18EB5C033B082B00F23881DFE8BD
S21401924013F0090036013601840036013601360175
S2140192505D007E00D2F80100D2F80510B2F8097060
S21401926003AB03C302F1130301210B32204618F0AE
S2140192705EFD0421284619F028FC2846FFF7CEFBA0
S2140192800C21064605A803F0A9F805AB03CB334627
S214019290C6F80100C6F80510079A43F8092F002101
S2140192A0721C204618F043FD2146002018F004F9F0
S2140192B003AA0346478303CAC3F81200C3F816106D
S2140192C020460821FDF75EFD4FF40071204618F098
S2140192D0FEF8204618F047FD2946204619F0F3FB14
S2140192E00321204618F011F903460020714A009028
S2140192F0214619F06CFC012009B0F0BD0B2128466F
S21401930019F0E3FB2846FFF789FB2946204619F0AA
S214019310DAFB16F078FF4FF440710546204618F048
S214019320D6F84FF48051204618F0D9F8284616F0A2
S21401933070FF4FF48061204618F0D4F8DBE728462A
S21401934014F076FC4FF40071F5E70621284619F073
S214019350BCFB2846FFF762FB204618F064FB294653
S214019360204619F0B0FB204618F023FD21460020C8
S21401937019F06CFCBFE72B441B7B043B072BBBD8C7
S21401938001A252F823F000BFA9930100CF93010078
S21401939031940100F9920100F9920100F99201005D
S2140193A0F99201004794010020464FF4007118F02D
S2140193B08EF8AA790C322A4402F1090320460132BA
S2140193C0002118F0B4FC284614F032FC93E74FF461
S2140193D08060FFF7EFF9B0B14FF40061204618F056
S2140193E076F800272046CDE90577FDF7B5FC064659
S2140193F0204618F068F80095034605AA3946B0B22B
S21401940019F0F0F977E72146012018F055F800F138
S2140194101201204618F0E2FC0621284619F055FBF9
S2140194202846FFF7FBFA2946204619F04CFB62E76F
S214019430284614F0FDFB2146012019F037FC204692
S21401944018F0B7FC57E716F0DEFE4FF4007106463B
S214019450204618F03CF84FF48051204618F03FF8AB
S214019460304616F0D6FE4FF4C061204618F03AF8A2
S2140194702946204619F027FB2146012018F01CF842
S214019480C268054682B193790C331A4402F113037C
S21401949001210B32204618F04AFC204618F063FCE6
S2140194A0E968204619F00FFB0023EB6023E7002054
S2140194B022E700BF9130030010B5074C074920464C
S2140194C0002219F0CFFC2046FFF730FABDE8104025
S2140194D001200021FFF774B9D42100201D9201005C
S2140194E038B505460C4617F0F0FF00F018001028B6
S2140194F006D121462846054ABDE8384019F047BC42
S214019500204614F095FB0C2038BD00BF21910100C8
S21401951038B58B790C460C331944E35C142B05469D
S21401952003D0152B0FD0002038BD013119F082FE73
S21401953015212846224619F0C5FE2146284619F06F
S214019540C2FA0120F0E70146012017F0B5FF0B4BE8
S21401955082689A4203D0204614F06AFBF1E7A179AB
S21401956021440D31284619F065FE204614F060FBB3
S2140195702946012019F06AFBE3E700BF193303000F
S21401958037B504460A460D46142119F09BFE2946B6
S214019590204619F098FA0321204617F0B6FF30222C
S2140195A0034600922146034A012019F010FB0020D1
S2140195B003B030BD1933030010B5074C0749084AFC
S2140195C0204619F04FFC2046FFF7B0F9BDE81040E1
S2140195D020200021FFF7F4B8E021002011950100BA
S2140195E01D33030073B5ADF800208DF802301E461A
S2140195F00446009B019301A80D46114619F004FE8E
S2140196009DF80630B34203D1BDF804308B4205D035
S214019610284614F00DFB122002B070BD204618F04B
S214019620A0F89DF80230827A9A4209D18288BDF864
S21401963000309A4204D1284614F0FAFA0020EBE7EB
S2140196406946204618F049FB024A2946204619F089
S2140196509EFBE1E7819501002DE9F04116461A438C
S214019660BDF8188007460C461D4605D12046114612
S214019670BDE8F04119F0A5BE4146204619F081FA31
S21401968078B12146384617F017FF40238674C57413
S2140196902146069338464346034ABDE8F04119F091
S2140196A096BABDE8F08100BF7B340300F7B50546E6
S2140196B00E460146012017F0FFFE036813F0F00F77
S2140196C003D02946012019F0F1FA284618F0B0F91E
S2140196D0B3790C3333445F789B781F400378C3F328
S2140196E0030000EA1310384019F045FE044668B935
S2140196F0284619F049FE384019F03DFE044628B9BF
S214019700284618F098F901F0A1FF044628460021E2
S21401971018F029F81721304619F0D7F93046FFF727
S2140197207DF9314644708470284619F0CCF903213E
S214019730284617F0EAFE4022034600922946034ACD
S214019740002019F044FA03B0F0BD00BF3134030025
S21401975008B581B2074818F0EFFB012000F0E6FCDF
S21401976030B9054A536919075CBF43F004035361D6
S21401977008BD00BFF4210020EC2100200123834016
S2140197800649DB4301F1240252E8002F1A4001F199
S214019790240C4CE800200028F4D17047EC2100206E
S2140197A00123074A03FA00F002F1240353E8003FBD
S2140197B0034302F1240C4CE800310029F4D1704730
S2140197C0EC210020044A536A4FF0804043F4002302
S2140197D0536203F09FB900BFEC21002038B50E4D4F
S2140197E0044601F085FBE86B18B114F021FA00235A
S2140197F0EB6318F0B1FB0948FEF726FCAB6B0BB127
S214019800FFF7E0FF0448214600F0E8FCBDE83840D9
S21401981003481FF0CBB900BFEC210020F421002043
S2140198200C220020034B586A10F0050001D1FFF707
S214019830D5BF7047EC21002038B51E4C4FF01013F1
S214019840E3624FF4E063238647F6FF73A4F86030C3
S21401985094F86730012262F3030384F86730164AEE
S214019860164B0025C4E916326562FFF703F84FF47C
S2140198708073A4F84830124BE361124B84F856000B
S2140198801A68656113785278A4F8BC5013445B10CB
S214019890294604F108006376A4F8B45018F04CFB8E
S2140198A0294604F1940018F047FBBDE838401AF049
S2140198B0B2B800BFEC21002055555500D6BE898EA2
S2140198C001370300BC2100202DE9F0411F4C9DF813
S2140198D01C609846636A0F46D907154633D460B3B1
S2140198E00120FFF75DFF626A9DF8183084F8546026
S2140198F022F4C07242EAC312052E626207D101F059
S214019900E5FF68B96D00ADB2BD4228BF3D4694F88B
S21401991054309A0715D413F0040F14BF03260126FA
S21401992094F86730A78566F3030384F86730E58506
S21401993084F830800120BDE8F0810120FFF71EFF8A
S214019940D1E70226ECE70020F5E700BFEC21002076
S214019950024B586AC0F38000704700BFEC2100201C
S21401996010B51D4CFFF7F4FF636A13F0010313D122
S214019970A8B994F8663094F83110253BDBB2013370
S214019980DBB2032B28BF002341FA03F2D207F6D538
S214019990253384F8663018E094F8543010B194F802
S2140199A05520134303F00503052BE2D101F08EFF8A
S2140199B00028DED194F8673003F00F02012A05D1A2
S2140199C0032262F3030384F8673010BD012262F3B9
S2140199D0030384F86730CCE7EC210020024B586A79
S2140199E000F00100704700BFEC210020F8B5434CA1
S2140199F0636923F010036361054601F079FAB4F850
S214019A00BC302BB9A36813F4601F08BFA4F8BC30A0
S214019A103A48012100F0E2FB394BE361636A5804DE
S214019A2029D41DB9636943F01003636119F052FF2D
S214019A30E28DE66C236DA78D151F40F271214D4313
S214019A40AE422DD2A3F5967301FB0733181AE768C9
S214019A5023893B44834223DA6369514343F010036D
S214019A60891B63618142D4BF21612061BDE8F84052
S214019A70224800F065BBA26A6168521A002AD0DA51
S214019A8023F0010343F400436362FFF7CBFE4FF07C
S214019A90804003F03FF8FFF75BFF0028C1D1F8BD17
S214019AA040F271277A43A2F5AF722261FFF758FFA1
S214019AB0236DA28D07FB023363602365AE424FF030
S214019AC00003E3640F4B0CD31A68616A137B4907E2
S214019AD0617E4CBF927912780B4493420CDC63761C
S214019AE0C4E7626A1B685207197B4CBFDA795A7859
S214019AF0637E5B1A9342F2DA6276B7E7EC210020C6
S214019B0001370300BC21002008B5FFF721FFB0B1E3
S214019B100B4B586A20F0040210F001005A6203D180
S214019B20BDE80840FFF75ABE01F0E2F918F014FA52
S214019B30FFF748FEBDE808400020FFF757BF08BD05
S214019B40EC21002038B50E4C054680B10320FFF706
S214019B5015FE002384F845300123A4F8463004207E
S214019B60FFF70CFEBDE838401020FFF707BE0520C2
S214019B70FFF704FE0123A4F8B83084F8B650EEE7E8
S214019B80EC21002070B53B4C636A164603F00102D7
S214019B9070B95AB116F037FB636A23F00103054624
S214019BA06362FFF73FFE284616F033FB002070BDC8
S214019BB0002AFBD19B0704D5E36BBBB10120FFF75D
S214019BC0C1FF94F8303003F0FD03012B16D016F0D8
S214019BD01AFB0546C6B10E20FFF7E2FD19F07AFE24
S214019BE042F2107303FB0600A06210E002201FF091
S214019BF0A2F9E0630028E1D10720D8E7FEF73CFD93
S214019C000028E4D11220D2E70E20FFF7B7FD00208E
S214019C10FFF7C6FD636A13F00403C4D1E364E38D62
S214019C2040F27122023B5343E260236119F016FEB3
S214019C300323B0FBF3F303EB4303C31A253384F882
S214019C406630FFF78DFE19F045FE60602065B4F8BA
S214019C50BC00002808BFF520FFF77AFD064B054833
S214019C601A681378527813445B10637600F068FA2A
S214019C7099E700BFEC210020BC210020274B70B5DE
S214019C805A6A0D4609B3160747D503F1450603F18F
S214019C90460428B3D1061FD52388012B1CD95B089F
S214019CA023800420FFF76AFD1020FFF767FD19F0F7
S214019CB0D5FD2388B0FBF3F202FB1300307055B3D9
S214019CC00320BDE87040FFF759BD940625D503F182
S214019CD0B60603F1B804DCE70420FFF761FDE3E70D
S214019CE0D20314D5B3F84610B3F8482091420ED2E9
S214019CF02288520092B22280B3F84830934228BF9D
S214019D00134623801020FFF739FD0420CDE71020ED
S214019D10FFF746FDF9E70520D3E770BDEC210020EB
S214019D202DE9F04F314CA56B636BAE7900278BB0F4
S214019D300C36C4E90D7705EB06080793834689467A
S214019D40D8F824A001F05EFFAA5D08F10806C2F368
S214019D50C01231460DF127008DF8272017F060F864
S214019D60CDE904B9636A0798C3F380230393FF23FD
S214019D7002939DF8273052463946CDE9006308F133
S214019D800E03FDF751FB284613F052FF636A23F0DA
S214019D902402D907626205D40120FFF71FFD0BB02C
S214019DA0BDE8F08F124B94F854501A681378527825
S214019DB013445B10052D637602D101F087FD40B98F
S214019DC094F854309A070ED413F0040F14BF0325E9
S214019DD0012594F86730012065F3030384F86730A2
S214019DE0FFF704FEDBE70225F3E700BFEC210020C6
S214019DF0BC21002070B54A4A054651681068AC7906
S214019E00127A8AB06B4603C30C3408201A702C44AD
S214019E10FEF7D0FC20B10122A11D28461EF0A9FEA6
S214019E20A3798DF80F30A37A03F00F0303F128020C
S214019E306A44002112F8282CADF81020CDF8211024
S214019E40ADF825108DF82010062B08D8DFE803F0B2
S214019E50044F07075F074B000D20FFF7A1FCA37A0D
S214019E60C3F380138DF81230E368CDF81330238ADC
S214019E70ADF8173000231A460DF113010DF112004B
S214019E8016F0B9FFE3798DF819304FF47F43ADF83A
S214019E901A307F238DF81C3063798DF81D3000232E
S214019EA0ADF81E30AB791233AB711C2128461EF07B
S214019EB0BDFEAB792B4403AC0C3309AE224603CA74
S214019EC0B24218605960144603F10803F6D11068CF
S214019ED01860294613481EF050FF4FF0804002F0EC
S214019EE019FE0AB070BD0D20FFF748FCB7E7D4F89D
S214019EF01230CDF82130E38AADF82530EB79063BF8
S214019F00EB71A37AC3F3C0138DF82030A7E7064B95
S214019F105B6A9B0444BF42F00102ADF810209EE745
S214019F203CA103000C220020EC21002070B58379AF
S214019F300C33C4182379DA0702D44FF0FF3070BD12
S214019F40A37AE27A03F00F05082DF6D8062D01D97B
S214019F502846F4E7911F1F29EFD8012D1FD10C2A9F
S214019F60EBD1244E736A13F0060F01D1DB05EFD453
S214019F7016F04EFF20B916F042FF0028E8D1DCE7C4
S214019F80A37A96F83020B2EBD31FC3F3C010D4D116
S214019F9004F1120100F00100FEF71EFBEDE7042DAF
S214019FA0D6D11449144A486A0240002AC5D0C96B62
S214019FB00029CDD08A790C3288188A5CC3F38013C5
S214019FC0B3EBD21F08D016F023FF0028C0D116F03D
S214019FD00DFF0028BCDBB0E704F10C0106220830B7
S214019FE01EF0E7F9044616F013FF0028B0D1002C46
S214019FF0AED0ECE7EC21002008000400F0B5184CC8
S21401A000606B87B000B3A76BBE790C36FCF7A4FE75
S21401A0100223FF21BA5DCDE90431BD19D20995F8B5
S21401A02023305B090393AB8B02936B8B01932B8BD2
S21401A0300093002105F1080380B218F0E9FA606B7D
S21401A040FDF734F900236363A06B13F0F1FD0023E1
S21401A050A363636A23F00403636207B0F0BD00BF25
S21401A060EC21002013B5154C16F0CDF8236A0193A8
S21401A0700023236216F0CDF8019BA3B9636A1A0484
S21401A08006D517F0DDFFA0B1636A23F400436362CF
S21401A090636A1B0305D5FFF7B1FF636A23F4002348
S21401A0A0636202B010BD01A81EF09EFD18F033F8E1
S21401A0B0E2E74FF0804002F02DFDE9E7EC210020B9
S21401A0C010B5074C2368DA0607D523F01003236082
S21401A0D018B9A168012016F062FE0023A36010BD26
S21401A0E0AC220020014610B50446022016F057FEA9
S21401A0F0054B1B68D90305D463691A075CBF43F097
S21401A1000403636110BD00BFAC220020014BD86878
S21401A110DC387047AC22002010B5034BDC6819F020
S21401A120D9FBDC3C201A10BDAC220020034B1B6877
S21401A13013EA004314BF012000207047AC22002020
S21401A14038B5002303604369044658070DD52046F9
S21401A15050F8081FC90C01F4FC7141F00501FDF728
S21401A16021FF636923F0040363616369D90602D59D
S21401A17019F0B0FB60601848024652F8043F8BB9EC
S21401A1802360146083684BB1617E5A7E914219D276
S21401A1906269D2060ED50020FFF792FFBDE838406F
S21401A1A018F00ABC59686568491B0029E8DA1A469E
S21401A1B01B68E4E75A681B69134462689B1A002B04
S21401A1C0ECDBE8E71A895B68D31A62681344E26835
S21401A1D0D342E3D5DFE700BFAC22002038B50B4DF4
S21401A1E0AB680446A342084601D1FFF769FF6B68D6
S21401A1F0074A1BB1A342196804D11160BDE8384073
S21401A20018F0DABB1A460B46F3E700BFAC22002073
S21401A210B02200202DE9F047754D2B685B0700F151
S21401A220B080AB68002B40F0AC8055E8003F43F0AF
S21401A230040345E80032002AF7D16C689CB119F096
S21401A24049FBD4E9043717F0100FA268064619D067
S21401A25010FA82F262602068D4F8048038BBDC33DE
S21401A2604344C5E9024355E8003F23F0040345E8AB
S21401A2700037002FF7D1AC68002C75D1BDE8F04748
S21401A28001F02CBD606892B2811AFF07A1EB0601AE
S21401A29009D40029DFDAE768DF1BCF4205D4324450
S21401A2A01844831AD6E70029D5DA204650E04169DA
S21401A2B00289D0F804E0CF0648BF06EB020E11F083
S21401A2C0010C08BFD0E90371AEEB020206BFC91B41
S21401A2D08918114608EB03077F1A002F28DDBB42B9
S21401A2E005D9E768A1EB0801DC378F423AD9D4F8E3
S21401A2F014A01AF0010F1DD12169D0F80C902789FE
S21401A3004144A1EB0901C91BE768A1EB0E01DC374B
S21401A310B9420FDD971BBCF1000F03D10169A1EB18
S21401A32009010F44002F05DBC0F804E04B46044644
S21401A330006891E7477E617E8F42F9D2921BBCF19D
S21401A340000F03D1D0E903135B1A1A44002A02DA7C
S21401A350FFF7C8FE71E71AF0100FA6D0C368C0F861
S21401A36004E0E4E70B46E3E7A36813F4601FC3F3D6
S21401A370C24008D12B6843F010032B60214616F02B
S21401A3800EFDBDE8F08704F108063046FDF718FE1D
S21401A3902B6843F010032B602146F8B916F0FFFC3A
S21401A3A0A36813F4601F4FEAD341C3F3C24517D025
S21401A3B0013DEDB201F4FC7129433046FDF7F2FD93
S21401A3C003213046FDF75AFE75B1A268237E134479
S21401A3D0120C9BB212041343A360D2E73846CEE7B1
S21401A3E003213046FDF74AFE3046FDF72DFEECE729
S21401A3F0AC22002008B5034B996809B116F0CFFCD2
S21401A40008BD00BFAC220020014B9868704700BF12
S21401A410AC2200200A4B70B59C6884420FD12146BD
S21401A420012016F0BCFC6668258919F053FAAD1BAD
S21401A430C54221464CBF0020022016F0B0FC70BD7C
S21401A440AC220020054B1B681B6A13F0100003D0DA
S21401A45013F0030018BF0120704700BFBC22002084
S21401A4602DE9F341344B9C68A5790C356719635D7A
S21401A47003F04F036355838D0622103B064688463C
S21401A4807A700D2B32D8DFE803F054315007310CC7
S21401A490313131313131310C635D6FF30303635573
S21401A4A024E0625D006A012363F30302625510F43F
S21401A4B0006F4FF00C027A7006F12E0107F10802C8
S21401A4C00CD001924FF0FF320092C0F380201A4662
S21401A4D016F09AFC635D43F08003E0E7D6F82E3071
S21401A4E0BB608B889380336A5B05F3D4B28D635D62
S21401A4F062F345136355B91C304619F038FA635DAB
S21401A50060F386136355A3797A7802331344E371B3
S21401A510B38D03F01403142B04D0B8F1000FC4BF9D
S21401A52042447A7002B0BDE8F081635D62F30303D2
S21401A530B5E7635D0222F9E7E81F002038B529492F
S21401A5400B7D4A7D0133DBB2B3EB921F04460B75DC
S21401A55003D303230B75002038BD016AC90234D525
S21401A56090F87E200323243A92FBF3F303EB430394
S21401A570D21A2532D2B2A18D94F87F30B4F93400C4
S21401A58084F87E2011F0100103F00F0323D119F097
S21401A59019FA01F07DF8B4F97820824204F17005C9
S21401A5A004D0A4F8780001F023FD6881284601F064
S21401A5B0DFFB00221146104616F0F3FB94F87E00EE
S21401A5C0002119F0FEF90120C6E75B001A4102F0EE
S21401A5D003022532CFE702461946002001F006FEA7
S21401A5E0D7E700BFE81F00201F4B2DE9F0410446C6
S21401A5F01860006C1D4E1EF05EFB01462046FFF7FC
S21401A6002FFFA38D03F01403142BB36814BF226C21
S21401A61000221A602046FFF791FFFFF713FF144B45
S21401A620051E144808BF184601F0DCFC636967681C
S21401A63003F0100819F04EF96D000346627EE8B289
S21401A640B8F1000F03D1FF1AB7F59B7F07D5114666
S21401A65001F076FCB068BDE8F04101F045BC6168E8
S21401A66019F03EF9F6E700BFBC220020E81F0020E3
S21401A67005A7010051A9010070B50546FFF7E2FEE6
S21401A680104B114E041E114808BF184601F0AAFCD3
S21401A6902846FFF753FF054660B133686000597ED0
S21401A6A000F0FE0001F04CFC094BBDE870409868D4
S21401A6B001F01ABC01F096FC30682946BDE87040EE
S21401A6C0FCF734B805A70100BC22002051A90100FF
S21401A6D0E81F0020034610B5094C052B20680AD058
S21401A6E0062B0CD1002001F07DFC20680121BDE87D
S21401A6F01040FCF71BB8BDE81040FFF7BDBF10BD0A
S21401A700BC220020032803D1024B1868FFF7B4BF10
S21401A710FFF7E0BFBC2200200C4B032810B51C68D5
S21401A7200FD1206C1EF0C7FA01462046FFF798FEAF
S21401A730074B226C9B6820461A60BDE81040FFF765
S21401A7409BBFBDE81040FFF7C5BF00BFBC2200207D
S21401A750E81F00202DE9F8438B790C33CC18064608
S21401A7602379DA0703D44FF0FF30BDE8F883E77AA0
S21401A770252FF8D83C4B9A6893790C33D118D35CC3
S21401A780A27AC3F38013B3EBD21FECD1056AEB06B2
S21401A7904CBF02310431062204F112001DF009FEFD
S21401A7A00028E0D194F80A9016F032FB05F4C04573
S21401A7B080F001032A1EC9F3801904F10C084146F2
S21401A7C0DBB218BF0122484619F094F8014658B189
S21401A7D0A37A03F00F03032B16D1336A9807C2D569
S21401A7E00C2FC0D10320C0E716F018FB0028BAD101
S21401A7F0A37A03F00F03002DEDD0032B85F4C0459B
S21401A80013D1A904AFD5E8E7052BACD1306AC2074E
S21401A810A9D500F01403142B0CD004F1180018F07D
S21401A820D7FF00289FD005209FE7052B9BD16B04FF
S21401A830ECD498E706F12E052946C0F3802016F0E1
S21401A840DCFA0028E9D1A27A336AC2F38012C3F394
S21401A85080239A4287D10622294640461DF0A9FD4B
S21401A8600028DAD07FE700BFE81F00202DE9F74F68
S21401A8704FF0FF310746002401A8019401F048F883
S21401A880019949B13846FFF765FF032806D0052828
S21401A8904BD001A81EF08AF901203FE0DFF8A8801E
S21401A8A02848DFF8A89001F09DFBD8F80030204634
S21401A8B0597E01F067FBD8F800B0D9F80860DBF8DC
S21401A8C044001EF0F8F9B4790C3406EB040A335D43
S21401A8D003F0400343F00403054633550AF1020131
S21401A8E0584619F044F8335D60F386133355D8F8AB
S21401A8F00030D9F808005B6C002DA4BF06358AF835
S21401A9000150036001F0F0FAD8F800301B6ADB044E
S21401A91007D50199384616F019FD002003B0BDE8A9
S21401A920F08F01A81EF042F9F7E7019801F0A8F8A8
S21401A9300199384616F0B3FC0028ADD0204601F048
S21401A94051FBEAE719A70100BC220020E81F0020FE
S21401A9500E4A032810B5146805D0042809D0BDE8AE
S21401A9601040FFF7B7BE617E0120BDE8104001F040
S21401A970A5BA2046FFF77AFF30B101F043F9204629
S21401A980BDE81040FFF778BE10BD00BFBC22002016
S21401A99038B50D460446002001F024FB01F032F9DB
S21401A9A029462046FCF70CFA014B00221A6038BDF6
S21401A9B0C02200200123074A03FA00F002F1140323
S21401A9C053E8003F034302F1140C4CE80031002920
S21401A9D0F4D1704700200020F8B5244F7B6913F4AA
S21401A9E0C07F05460C4603D099063BD401200CE0F7
S21401A9F039B15A0705D4D5F8A43013B90820FFF7A2
S21401AA00D9FF7B699B0601D50020F8BD7B7FAE6A26
S21401AA10022B06F0080604D916B114B90220F4E791
S21401AA20E4B995F8921095F83701063100F00F0059
S21401AA3000F0E8FD85B20EB904B16D00FFF76CFBBE
S21401AA40A8420DDB7B6913F01C0FDDD11EB1002C73
S21401AA50DAD10520D9E7002CFBD1D5E70320D4E7CE
S21401AA600420D2E7002CCFD0C3E700BF002000208F
S21401AA7038B5124D6B69044643F400734FF4806198
S21401AA8028306B6118F0D5FE0121204616F02AFD0C
S21401AA9000212046FFF7A0FF014620B12046BDE871
S21401AAA03840FFF775BF6869617E80F48070BDE845
S21401AAB03840C0F3002001F001BA00BF002000209A
S21401AAC038B50C4B0446186000F5947001F050F947
S21401AAD02046FCF741F9C4B2204616F06EF9054649
S21401AAE0204616F06CF929460246022016F059F95E
S21401AAF038BD00BFC022002008B5002001F072FA60
S21401AB0001F080F8014B00221A6008BDC022002027
S21401AB1010B50446FFF7D4FF064801F063FA6168F2
S21401AB20226C637E01EB9202BDE81040112001F019
S21401AB3079B900BF01AE01003F4B37B51C68A26A68
S21401AB40002350050193D4F8A03012D504F1A400D7
S21401AB5001931EF049F8C4F8A00050B194F84631AC
S21401AB60013B84F846314FF4806104F1280018F067
S21401AB7060FED4F8A0500DB9304B9D6894F946316B
S21401AB80022B0DDCD4F8A83013B1A36AD90502D57F
S21401AB90D4F8AC3023B14FF480512046FCF7F2F8DC
S21401ABA0D4F8A410A36AAA79002902F10C024FEA8C
S21401ABB0830314BF0121002103F00C0343EA0113B0
S21401ABC0A95C21F01C0143EA0103AB540DD11B4AD9
S21401ABD002F1140353E8003F23F0080302F11400C6
S21401ABE040E800310029F3D102E00320FFF7E2FE3E
S21401ABF0284601F079F9019B53B15B7903F00A030A
S21401AC00082B02D12046FCF7C3FB01A81DF0CEFF9E
S21401AC106B799A070ED5A36A1B040BD50820FFF79C
S21401AC20C9FE4FF4004104F1280003B0BDE83040EE
S21401AC3018F0FFBD03B030BDC02200200020002068
S21401AC402DE9F04385B000230446032103A80393AE
S21401AC5000F05EFE039D35B9F4212046FFF798FE0D
S21401AC6005B0BDE8F083AB79644F0C331D447B69B6
S21401AC702A79D6074ED4DD064CBF07200420FFF7FD
S21401AC8099FE002601212046FFF7A6FE054650B98B
S21401AC907869617E80F48070C0F30020400001F086
S21401ACA071F9FFF749FF039800F0EAFEDDF80C8022
S21401ACB07A6998F80630510603F10C0308EB03098C
S21401ACC015D458F803303B610620FFF773FEA36ADC
S21401ACD01A060CD404F1280252E8003F43F0800320
S21401ACE042E800310029F7D10120FFF763FE49460B
S21401ACF0204616F0FDFB99F80430DB077BD5002EC5
S21401AD0052D11DB129462046FFF742FE03A800F0A6
S21401AD10D9FCA5E723F0100301207B61FFF74AFE6B
S21401AD20AE7AF0062FD50220FFF744FEA36AAA7A70
S21401AD3083F00203C2F38002C3F340039A422FD189
S21401AD4004F128004FF4006118F073FD50E8002F5D
S21401AD5042F4806240E80023002BF7D1A26A82F019
S21401AD600202A2627B77AA7AA36AC2F3C00203F048
S21401AD7001018A4285D183F0010316F00306A3621E
S21401AD8018BF01267EE707F1140353E8003F23F0BE
S21401AD90040307F1140141E80032002AF3D1C5E7A4
S21401ADA07B7F0133DBB2DDE72046FBF7D5FFC0B280
S21401ADB016F003F806462046FBF7CEFFCDF80480D2
S21401ADC0A38F009382B200233146022015F0F1FFD3
S21401ADD04FF0FF3103A800F09BFD03998B790B44DC
S21401ADE0DB7D002B8DD02046FCF7F0FA002D3FF4DA
S21401ADF037AF294631E7002E83D0E9E7002000204F
S21401AE0008B5124A0346042B10680BD002D8032B50
S21401AE1018D008BD053B012BFBD8BDE80840F12141
S21401AE20FFF7B6BDFFF70CFF094A02F1140353E81A
S21401AE30003F23F0200302F1140040E8003100290E
S21401AE40F3D1E6E7BDE80840FFF712BEC0220020B6
S21401AE5000200020164B033810B51C68032818D8AC
S21401AE60DFE800F00702181E2046BDE81040FFF795
S21401AE70E7BE2046FFF7FCFD0E4A02F1140353E835
S21401AE80003F23F0200302F1140040E800310029BE
S21401AE90F3D110BDF1212046BDE81040FFF778BD83
S21401AEA04FF4806104F1280018F0C3FCF221F2E7A8
S21401AEB0C02200200020002010B50446FFF700FE47
S21401AEC0054801F08FF8FFF737FE627E61680220C1
S21401AED0BDE8104018F004BD55AE0100034B5B6A97
S21401AEE013F0060F0CBFE220F1207047EC21002082
S21401AEF008B5FFF789FA054B834206D100F082FEBA
S21401AF00BDE80840002001F06DB808BDEC21002026
S21401AF1070B5214C214801F065F894F8673094F833
S21401AF20662003F00F030021C82018F04BFD00F047
S21401AF30AFFBB4F96020824205D0A4F8600001F0AE
S21401AF4057F8A4F86200164800F012FF00221146D6
S21401AF50104615F026FF666818F0BCFC0246FFF79F
S21401AF60BDFFB61AB6F5FA6F054609DCFFF7CEF84F
S21401AF70627EA0F5AF712846BDE8704000F01CBFA8
S21401AF806668FFF7C3F8637EA0F5AF7231462846C0
S21401AF90BDE8704000F046BFEC21002039B4010046
S21401AFA04422002038B500F02DFEFFF7B5F8B0F5C5
S21401AFB0967F0D4C0CDDFFF791FF0546FFF7A6F8CF
S21401AFC0627EA0F5AF712846BDE8384000F0F4BEB9
S21401AFD018F080FCE36C62689B1A0344E36400206B
S21401AFE0BDE8384018F099BBEC210020F7B5104CAD
S21401AFF094F8455006460F462DB1013D84F845505C
S21401B000002003B0F0BD0B4B1B680220597800F0FE
S21401B010B9FF94F83030CDE900533A46E06B03238C
S21401B020314618F0ABFBE06B00F05EFF0120E8E76D
S21401B030EC210020BC210020094A02F1240353E838
S21401B040003F43F0080302F1240040E800310029E4
S21401B050F3D1044B1B680120597800F02FBF00BFC5
S21401B060EC210020BC210020438902895B0040F2CC
S21401B070712043435B1AD0B24343120AB3FBF2F387
S21401B080024A126811445818704700BFF024002085
S21401B09030B58C1AE41A002C08DA124C6468551A7A
S21401B0A01D44B5FBF4F505FB044421441344CB1AB7
S21401B0B040F2E242B3FBF2F39BB242892BB9530052
S21401B0C040F2712404FB031113460132B3FBF2F480
S21401B0D002FB143202819B1A40F2E24000FB13107D
S21401B0E030BD00BFF02400202DE970430646184607
S21401B0F09DF8183089461446E3B9C31E012B8CBF50
S21401B10002250325222100F07DFA164B5B686D00AF
S21401B11040F2712808FB05F581446BB121463046A3
S21401B120FFF7A2FFABB201464A463046BDE8704380
S21401B130FFF7AEBF0125E5E7738934890133B4FB18
S21401B140F3F203FB1244F37934815B00640008FBDD
S21401B15003F308FB04F404EB530404EB090028444E
S21401B160BDE87083F02400202DE9F041134E736A88
S21401B1705B0780461BD58B790C33CF18C8B9FD7990
S21401B180CC583989284600F03DFA0444B8F1000F3E
S21401B19011D1033D012D94BF032302235B0040F22E
S21401B1A0712202FB034434647B7986F84430BDE89F
S21401B1B0F0810125E4E70123F0E700BFEC21002040
S21401B1C02DE9F04F1F46984B9D6B5B6AAC798DB0AD
S21401B1D00C341646021E05922A5D069108BF002110
S21401B1E061F345122A55314603F040023846C3F34F
S21401B1F0801A039215F00EFE05EB04080790285DF1
S21401B20008F1080B5946C00915F004FE039B814658
S21401B210002B44D1002844D115F0FAFD80F001033B
S21401B220DBB203F0010352463146384618F062FBA2
S21401B2300490002800F08A80039B002B33D1B9F1DB
S21401B240000F75D1079B002B72D015F0D2FD002898
S21401B2506ED001220AA90DF1270015F0DDFD0028A8
S21401B26074D09DF827302A5D591E4B424B41B3EBF3
S21401B270D21F6BD106220AA958461DF09AF800285B
S21401B28064D13368C8F80830B388ABF804302B5D56
S21401B29067F3C7132B554FF00009CA4619E001237F
S21401B2A0BFE7039BBDE7604B5B6A13F400791CD1D3
S21401B2B015F804A0CAF3801A484615F0B2FD3368A3
S21401B2C0C8F80830B388ABF804302B5D67F3C713B2
S21401B2D02B55059B544E002B3ED196F8B630002BCD
S21401B2E03AD0013B86F8B63030E015F07FFD0028F5
S21401B2F006DA15F804A04FF00009CAF3801ADBE756
S21401B30000221146104615F081FD15F804A081466D
S21401B310CAF3801A0028CFD0002302211A4608EB70
S21401B320010018F003FA2B5D60F386132B55C3E773
S21401B3307A1E57422B5D5741B7EBD31F06D1062223
S21401B340314658461DF035F80028A4D00023049352
S21401B35004980DB0BDE8F08F18F0BCFA074616F059
S21401B360A7F8059B009302469DF85830394608F128
S21401B3700E00FFF7B9FE2D4B059A1B680746A2B9CA
S21401B3805978022000F0FEFDB06B00F0ADFDB36B06
S21401B3909A7913441F63FFF737F8254BC361069B61
S21401B3A0BBB9736A23F4806316E0D979002000F0F4
S21401B3B0E9FDB06B00F098FDB36B1E489A79134413
S21401B3C01F6300F00FFE069BC3B9736A23F4806304
S21401B3D017E0736A43F480637362039B9BB1B9F110
S21401B3E0000FB5D000231A46514608F1020018F0A6
S21401B3F09DF92B5D60F386132B55A9E7736A43F419
S21401B40080637362EBE72B5D0022C3F3C0135946DA
S21401B4100AA88DF8283015F0FFFC2B5D9DF8282032
S21401B42062F3C7132B55DAE7EC210020BC2100207C
S21401B430571F0300D9B5010004282DE9FF471ED088
S21401B44005D8032800F0BA8004B0BDE8F087431F92
S21401B450012BF9D805384FF0010118BF0120FEF77E
S21401B4600DFC18F037FA5A4AD36C51685B1A03443C
S21401B4700020D36404B0BDE8F04718F04EB903A825
S21401B48000244FF0FF31039400F042FA039858B1BC
S21401B490FEF74CFD0828074603D84E4B1E5C3107C5
S21401B4A00AD403A81DF082FB494B5B6A13F0060F12
S21401B4B00DD0FFF777FD0AE00728039D0ED122463F
S21401B4C04348294616F03EFD0446002CECD00121E7
S21401B4D0084604B0BDE8F047FEF7D0BBDFF8F080C1
S21401B4E0D8F8244014F0040410D016F002040DD04D
S21401B4F0AA790C322A440120917A0090C1F3801374
S21401B5000C32C1F34011FFF75BFE0446284600F0FB
S21401B510B7FA29460120FFF727FED8F82430DA07C4
S21401B5202DD595F8069003F0800A09F10C0915F05F
S21401B5306FFCA94480F0010399F80A00BAF10002F1
S21401B54018BF0122DBB209F10C01C0F3801018F01C
S21401B550D1F960B134BBD8F824309B07284632D5E0
S21401B560F40710D4730730D5FEF744FC9CE7BAF114
S21401B570000F04D1514615F051FC0028EAD02846A8
S21401B58012F056FBA1E718F067FA044650B1A87905
S21401B5900C3028440C3010F8021CC1F38011FFF760
S21401B5A025FD0446042F03D1D8F824309907E6D5A3
S21401B5B07207E4D52846FEF71DFC86E704B0BDE811
S21401B5C0F047FFF739BD042FCCD112F031FB6BE702
S21401B5D0EC21002046A10300032808B50AD107483C
S21401B5E000F000FD064B012093F94410BDE8084029
S21401B5F0FEF796BBBDE80840FFF71EBF39B4010051
S21401B600EC210020064B10B55B690C4610B101F029
S21401B6103FF8034618795B8804FB003010BD00BF75
S21401B62010190020084B10B55B690C4610B101F0EB
S21401B6302FF803465A88A2423BBF1B79A41A002062
S21401B640B4FBF3F010BD00BF101900200138C0B2E2
S21401B65003289ABF014B185C002070474FA10300D6
S21401B6608BB20029054AB4BF053B05331BB20A213C
S21401B670108093FBF1F39370704700BF162F0020E4
S21401B680024B9B78C01A40B2704700BF162F0020AD
S21401B690024B1B88C01A00B2704700BF162F00204D
S21401B6A0074B186840F20D1338B9002BC1BF44335D
S21401B6B04522B3FBF2F0C0B270470068453BF3E7A2
S21401B6C0101900202DE9F041064614F09CFD0746AE
S21401B6D0FFF7E6FF35460446286818B16CB92846D8
S21401B6E01DF064FA31680A481DF047FB384614F02D
S21401B6F090FD00233360BDE8F081D0F800801DF096
S21401B7000EFC2B68013CC3F800802D68E4B2E3E729
S21401B71010190020024BDB6B03B11847FEF76ABE17
S21401B7201019002010B5064AC043131D53E8003F08
S21401B7300340141D44E800310029F6D110BD00BFB6
S21401B7401019002010B5054A131D53E8003F0343A6
S21401B750141D44E800310029F6D110BD101900204F
S21401B76070B519461546064610461C4618F0A7F849
S21401B7702A46454D2346304618F0A6F8D5E9062355
S21401B78000EA020401EA030654EA060313D0630141
S21401B79004F0806010D56B68180623D43B4B234019
S21401B7A093BB3B4B06F020022340134356D1204661
S21401B7B0314618F080F870BDA4F1080333431CD15C
S21401B7C0EB7A012B42D16B68D90743D50323EB7281
S21401B7D06B8C013304206B84FFF79CFF012018F06B
S21401B7E06FF8E4E72B1D53E8003F23F08003291D83
S21401B7F041E80032002AF5D1DDE7A4F10C0333431A
S21401B80017D118F05DF8DBE724F0011323F4A04309
S21401B8103343C6D1EB7A012B18D16A6840F2014353
S21401B820934314BF002303230520EB72FFF772FF37
S21401B830BDE7231F334302D118F043F8B7E704F1FD
S21401B8407F433343AAD1EB7A022B0FD0042018F0A2
S21401B8501CF8ACE713F40063BAD1B8E70420FFF78D
S21401B86071FF4FF0006001F055F9A0E76B689A0789
S21401B87006D50423EB722B8C013303202B84ABE714
S21401B88013F02003F7D1F5E710190020015001004D
S21401B8900DD50155014B986A704700BF101900205D
S21401B8A010B5064CA06A1CF072F828B9A06A1CF004
S21401B8B070F800F0010010BD0120FAE71019002011
S21401B8C0014B986A1CF067B810190020024B5868A3
S21401B8D0C0F34020704700BF1019002010B5044681
S21401B8E04FF40070FFF71EFF084B986A1CF055F8DE
S21401B8F038B10CB9002010BD4FF40070FFF722FFDD
S21401B900F8E7002CF6D00C20F5E700BF1019002050
S21401B9102DE9F04F0468594D89B006468846002C3B
S21401B92048D0A77920460C371DF0C5F927440A38B8
S21401B9303C89B8F1FF3FA4EB000402D04445A8BF00
S21401B9404446B5F83890B0EB090713D4002C0EDD49
S21401B9506D6B36683D44FF2C224629463046A8BF0B
S21401B960FF221DF006F9241A36680544F3D109B002
S21401B970BDE8F08FA9EB0009296BD6F800A0A14518
S21401B980A8BFA14601EB000BC846B9F1000F0DD0C8
S21401B9904246FF2A59465046A8BFFF221DF0E9F845
S21401B9A0B8EB0008DAF800A08344F1D1A4EB09044F
S21401B9B04F44CBE7A86A03AA03211BF049FFBDF851
S21401B9C00E700294A146E8620A3702AC09E02360D1
S21401B9D01B682B602368C3F800902368002F1C4661
S21401B9E011DD2B68453F002BF1D101201DF0A3FA94
S21401B9F0034620600028F1D1019002A81DF0D6F878
S21401BA00019B3360B3E72B1D53E8003F43F0080367
S21401BA102A1D42E80034002CF5D14FF0006001F0F9
S21401BA2079F80298BDF81020437943F00103437179
S21401BA30069B30606B63059B2A872B638379BDF871
S21401BA400E200C3303441C711A819DF80C20297AB0
S21401BA509971072ADC711FBFAB8C0133AB846B8CE9
S21401BA600ABF012203F1FF331A714FF00A0118BF12
S21401BA706B841DF072F8346853E700BF101900207C
S21401BA802DE9F04187790C37C41986B0237913F074
S21401BA90020805461BD1174E43F0020323716A467E
S21401BAA0D6E90A011BF0D8FE2389B06A033369463A
S21401BAB0ADF804301BF0D2FE009BEB519DF90E0051
S21401BAC0FFF7DEFD6071B37A022B03D8E37106B08F
S21401BAD0BDE8F0819DF81130012B04D0022B04D073
S21401BAE02BB90423F2E70323F0E70123EEE784F8FA
S21401BAF00780ECE71019002037B5124B00F00F0451
S21401BB001B88ADF80430012C15D0022C15D18DF808
S21401BB1004400D4D6B6842F222000340A3420ED052
S21401BB20FFF700FE2046FFF70DFEA86A01A91BF0ED
S21401BB300FFE03B030BD2024EBE70024E9E7002028
S21401BB40F7E700BF78A10300101900202DE9FF4197
S21401BB50144C1746022300258046A06AE3720E465F
S21401BB60CDE9025509F0A6FD384602968DF80C502F
S21401BB7017F0A3FE0090617AA06A02AB2A4609F08C
S21401BB80D5FD044648B94046FFF7B6FF3B46044696
S21401BB902A460121304617F08CFE204604B0BDE847
S21401BBA0F08100BF1019002037B5144B00F00F04C8
S21401BBB01B88ADF80430012C14D0022C16D00024BA
S21401BBC00F4D6B6841F601000340A34213D0FFF707
S21401BBD0A9FD2046FFF7B6FDA86A01A91BF0CEFD18
S21401BBE003B030BD04238DF80430E9E78DF8044036
S21401BBF04FF40064E4E70020F2E700BF78A10300F9
S21401BC001019002038B5104CE37A23B100221146F2
S21401BC10104617F04DFE00252846E57217F050FE37
S21401BC20A06A012203211BF01BFDA06A2A460121FE
S21401BC301BF016FE8020FFF775FDBDE838404FF477
S21401BC404050FFF77FBD00BF1019002008B5FFF771
S21401BC50D9FF044AD38C0133D3840620BDE80840BB
S21401BC60FFF758BD10190020F8B51B4D6B68590732
S21401BC7004D50420FFF756FDFFF7E8FF6B681A07A7
S21401BC800FD514F0C0FA0646FFF70AFD124F044618
S21401BC9024B101201DF04FF90146A8B9304614F031
S21401BCA0B8FA6B68DB0615D51020FFF73BFD00F0F0
S21401BCB001FD78B114F0A7FA0446FFF7C7FF204646
S21401BCC0BDE8F84014F0A5BA3846013C1DF05FF80F
S21401BCD0E4B2DDE7F8BD00BF1019002010B5002260
S21401BCE0084C1046114617F0E3FDA06A09F0E2FC85
S21401BCF017F0E9FD20461CF059FFBDE8104008206A
S21401BD00FFF710BD10190020014B986A1BF081BE89
S21401BD101019002038B5154CA37A8342054610D079
S21401BD20431E042B08D8DFE803F0030D1116180094
S21401BD30A06A0AF031F920B92846A57200F0A8FCDD
S21401BD40606138BDA06A17F0C7FDF4E70121A06A5B
S21401BD5017F0C4FDEFE70321F9E7FFF7B7FD002869
S21401BD60EAD0A06AFFF7D0FFE5E700BF1019002070
S21401BD7073B504460F4D408900F098FAA07B2872EF
S21401BD8017F06EFD6872E07B002600F00F00FFF7EB
S21401BD90C1FF0096D4E90021A37BA86A1BF05DFED3
S21401BDA032463146304614F0FCFF206817F08AFD13
S21401BDB002B070BD10190020F0B585B00023184EF2
S21401BDC000938DF80C30C0F3401301278DF80E3028
S21401BDD0C0F3001304461546F7728DF804700291FD
S21401BDE08DF80D30FFF7E0FE20B1042017F04DFD71
S21401BDF005B0F0BD284617F060FD717A03466A4625
S21401BE00B06A09F09FFC2A460646C4F380113846FC
S21401BE1017F04EFD14F0C6FF002EE6D1E8E700BF8E
S21401BE20101900202DE9F043234D85B004460E4637
S21401BE309046002110224FF0010968461F4685F8FA
S21401BE400B901CF0E0FAA86A09F034FC00238DF888
S21401BE500430E3060096CDF8088005D56B691B888B
S21401BE608DF80D904344029300238DF80C3038462C
S21401BE70C4F340138DF80E3017F01FFD697A0346A0
S21401BE806A46A86A09F05EFC28B1042017F0FDFC9A
S21401BE9005B0BDE8F0832046FFF786FE3B46054623
S21401BEA0C4F380120121304617F003FD14F07AFF27
S21401BEB0002DEAD1ECE700BF10190020094B10B5A0
S21401BEC001220C46DA72FFF76FFE10B1042017F05C
S21401BED0DCFC22460021012017F0EAFC14F062FF88
S21401BEE010BD00BF10190020F8B5044614F05BFF22
S21401BEF0A179E279114E521A0C3107460123B06A34
S21401BF00D2B221441BF09EFCE579A379ED1A57FACB
S21401BF1085F524680CB93561F8BDA179E279B06A76
S21401BF20521A0C310023D2B221441BF08BFCE37968
S21401BF30A2799B1A55FA83F5EBE700BF101900208A
S21401BF40F8B50F4E02230D46F372FFF7D5FD0446F2
S21401BF5020B1BDE8F840042017F097BC284617F03A
S21401BF60ACFC2A4607462146012017F0A1FC717A4F
S21401BF70B06A3B46224609F0CBFB0028E9D1F8BD62
S21401BF8010190020084B10B502220C46DA72FFF792
S21401BF90B3FD10B1042017F078FC224600210120E1
S21401BFA017F086FC10BD00BF10190020014B187B4E
S21401BFB0704700BF1019002068B1084B194653F8A6
S21401BFC0042F0AB18242FAD25B1A9B10013BDBB204
S21401BFD0034A137370470123FAE700BF54A1030015
S21401BFE010190020014BD863704700BF10190020BC
S21401BFF073B50F4B0F4E9B7DFF2B044615D1ADF845
S21401C00004000023B06A8DF803300DF1030201A984
S21401C01009F07CFF9DF80350B06A22462946F4F7E2
S21401C0203FFB40EA052002B070BD034B1D78F3E7E5
S21401C030162F002010190020102F0020044BC2B22A
S21401C040C0F30721986A82B002B0F4F7A9BB00BF1B
S21401C0501019002010B50D4C0021A06A1BF05EFBE4
S21401C0600B49A06A1BF0C3FBFE21A06A1BF0ADFBC7
S21401C070A06A09F063FD074BB3F910208242C8BFDE
S21401C08018821A8A9A805A8ADA8010BD10190020FE
S21401C090102F0020162F0020F0B5154C85B0B4F9EE
S21401C0A01070ADF80210ADF80420ADF806304FF070
S21401C0B0C8124FF082136946CDE90223ADF800009D
S21401C0C002AD04200B46B1F9002035F9026BBA42E5
S21401C0D0A8BF3A46B242A8BF3246013821F8022B21
S21401C0E0F1D103CB034BA060596005B0F0BD00BF92
S21401C0F0162F00201E2F002073B50546F4F7CCFB43
S21401C100314E036833608388304CB3800023A370BC
S21401C110238033788DF80130FF2D18BF1D46A57595
S21401C1202B4DA86A0DF103030DF102020DF1010179
S21401C1301BF028FC9DF8013040B90133DBB20D2B12
S21401C1408DF80130EDD9012002B070BDA27DFF2A25
S21401C15000D0A3758DF8053033709DF802308DF848
S21401C16004300198FFF76AFFC828A8BFC8209DF8C9
S21401C17003308DF8043020820198FFF75FFF154BDE
S21401C1809842B8BF18466082B4F91000FFF730FF36
S21401C190ADF804000198FFF751FF2082B4F91200B0
S21401C1A0FFF726FFADF804000198FFF747FF4FF6AB
S21401C1B0FF73A382642360821A4618461946FFF766
S21401C1C06BFF0020C0E700BF102F0020162F0020B5
S21401C1D0101900200CFEFFFF034A0346B2F90600C1
S21401C1E00BB1FFF755BA7047162F0020084B10B554
S21401C1F0B3F9044030B903EB4103B3F906309C426E
S21401C200A8BF1C46A242A8BF2246104610BD00BFCA
S21401C210162F0020014BB3F912007047162F00208D
S21401C220014BB3F910007047162F002073B5064670
S21401C23013F0E9FF0C4D0446B5F91200B5F91030BC
S21401C240B042B8BF30469842A8BF1846FFF7D0FEA6
S21401C250ADF804000198FFF7F1FEE880204602B031
S21401C260BDE8704013F0D5BF162F002073B5064603
S21401C27013F0C9FF0C4D0446B5F91000B5F912309C
S21401C280B042A8BF30469842B8BF1846FFF7B0FE86
S21401C290ADF804000198FFF7D1FEA880204602B051
S21401C2A0BDE8704013F0B5BF162F0020F0B5C0F3FF
S21401C2B0072585B0FE2DADF8040027D0144C9DF857
S21401C2C0047013F0A0FF637DAB4206460ED0114BFF
S21401C2D018689B88ADF80C300F4B029002A9986A3B
S21401C2E08DF808501BF083FAFF232375237DBB428C
S21401C2F006D0094B3946986A1BF067FA27756575AB
S21401C300304605B0BDE8F04013F083BF05B0F0BD80
S21401C310162F0020102F0020101900202DE9F047BD
S21401C320DFF8449086B007460E4614460DF108081D
S21401C330A9F1100ACDE900980B4B3A4680215046E8
S21401C34013F0BCFC0028F5D1102C254628BF10257B
S21401C35030462A4641461CF070F8641B2F442E4492
S21401C360E8D106B0BDE8F087E730002030B589B0E7
S21401C370202269460D4DFFF7D1FF6A4604AB1446ED
S21401C38003CC9C4228606960224605F10805F6D177
S21401C390074C08AD1A4603CAAA42206061601346DC
S21401C3A004F10804F6D109B030BD00BFD730002033
S21401C3B0E730002010B588B06946202011F04AFE0B
S21401C3C0044630B96846FFF7D1FF034B012283F8D4
S21401C3D02020204608B010BDD730002070B5134B82
S21401C3E093F820308CB005460C460BB9FFF7E2FFF8
S21401C3F00023CDE90033CDE9023354B91C2221468E
S21401C40005A804941BF0FFFF04A8FFF7AFFF0CB0CC
S21401C41070BD102C264628BF10262946324668468F
S21401C420FFF77CFF3544A41BE7E700BFD7300020A9
S21401C4302DE9F047164B1D68D3F8048098FAA8F446
S21401C440B4FA84F404EB440293F8089006460F46C7
S21401C45005EB82054FF0010A4C4504DB4FF0FF3433
S21401C4602046BDE8F0870AFA04F313EA080F0BD05A
S21401C470AB6803F00103B34206D1062229463846CB
S21401C4801BF097FF0028EBD001340C35E4E700BF22
S21401C490E4240020014B00225A607047E424002067
S21401C4A0F8B50446134D24EAE47413F0ACFE202CD0
S21401C4B02B7AA8BF2024A342064605D10024304685
S21401C4C013F0A7FE2046F8BD28682C7200276F607F
S21401C4D010B111F03BFD2F602B7A002BEED00C2013
S21401C4E0604311F015FD28600028E7D12872072463
S21401C4F0E5E700BFE4240020044BD3F801200260E6
S21401C5005B7903F01F030371704700BFF83000200A
S21401C510F0B5244B002918BF0B4614461268C3F821
S21401C520012022795A7100218BB019700125C1F3BF
S21401C530C402CFB2A65C01F0070205FA02F2164267
S21401C54007D01A7802F128066E44013206F8287CD4
S21401C5501A7001312529EAD11A7828B16946981D41
S21401C5601BF06BFF0BB0F0BD002AFBD00533012694
S21401C570C0F3C405C1B2675D00F0070506FA05F50C
S21401C5802F4208D1B1FBF2F502FB15110AAD55FA9F
S21401C59081F111F8281C03F8011F01302528E7D185
S21401C5A0E0E700BFF8300020034B002818BF034621
S21401C5B00B449879704700BFF830002082EA124297
S21401C5C01FFA82FC8CEA010393FAA3F31BBA9BB20F
S21401C5D003EB031363449BB293FAA3F31BBA9BB218
S21401C5E003EB031363449BB293FAA3F31BBA9BB208
S21401C5F003EB03136344154A8CEA030C1FFA8CFC05
S21401C600A2FB0C23ACEB030203EB52035B0903EB27
S21401C610C30100B503EB81030D4AACEB030300280D
S21401C62018BF0246C3F3C401114403F0070ED8B283
S21401C6304978012303FA0EF3194201BF13780CFB64
S21401C64003F302EB134290795DF804FB4D91CFBAE8
S21401C650F8300020064B074A1A60074B074A1A6053
S21401C660074B084A1A60084B084A1A6001207047AF
S21401C670382000201B3A030034200020533A0300E0
S21401C68030200020193A03002C200020553A0300E0
S21401C6900528044B08BF03200622013802FB0030A0
S21401C6A0704700BF7AA10300014B986D80B27047B6
S21401C6B0005008400A4B586800F07060B0F1106FE7
S21401C6C00CD008D8B0F1E06F08D0B0F1006F14BFFD
S21401C6D0002001207047B0F1406FF8E70120704755
S21401C6E000400840431C07B5014606D00023CDE9AB
S21401C6F00033034A034813F010F803B05DF804FB57
S21401C700013B03001826002070B50E461546044668
S21401C71010B302F049FD08B3236813F4807F114B70
S21401C7201CBF01221A70104A1B7814600F4A16604B
S21401C7300F4A15601BB902F02DFD02F015FD11F030
S21401C740DBFB02F0CFFB0B4B0B48197802F0D6FB54
S21401C750BDE8704002F020B9212070BD40F20440CF
S21401C760FBE700BF2431002004250020002500201F
S21401C770FC240020C331002011DF02002DE9F04126
S21401C78086B011F08DFB974B974D1A78974911207B
S21401C79011F0B6F92B685A685423B2FBF3F2002362
S21401C7A092B25121184611F041F90446002840F092
S21401C7B00A8111F0FFF912F090FF044612F08FFF84
S21401C7C0844240F2CF8012F088FF81B2002301221A
S21401C7D0102011F02BF90446002840F0F480844B19
S21401C7E01968844B186808F00BFC00F05FF90446E2
S21401C7F0002840F0E8802B681C7F002C00F0B580F4
S21401C800102C28BF10241CF01DF9621C81B20023D5
S21401C810D2B2082011F00AF90446002840F0D3806D
S21401C820754A76490A2011F035F80446002840F08A
S21401C830CA8010F0B5FE04AA0221322000F00CFADC
S21401C84028B9BDF810104FF0FF301AF0F9FF6E4608
S21401C8500023324606212C208DF8063000F0FCF924
S21401C86058B9304617F0F9FE08B130287FD13C2080
S21401C87000F010FA2C2000F00DFA9DF8063019078A
S21401C88040F1868096E80300ADF80C10090C029082
S21401C8908DF80E109DF8063013F0280F07D1DDE94C
S21401C8A00201ADF80410090C00908DF806102B68F3
S21401C8B01869002840F081802B68586900F03CF91F
S21401C8C02B6893F82220D20700F1818012F0B5FF81
S21401C8D002A902460746286817F016F904460028FA
S21401C8E071D109F0CDFC12F0EDFE044600286AD1A4
S21401C8F0012000F0D1FC424B18681CF07FFC044676
S21401C900002860D118F00DFC044602F00FFF8046A7
S21401C91017F076FF41460246204616F031F80446E7
S21401C920002850D12B681B689B050CD4B7F5FA7FFD
S21401C93009D913F061FC01210746084612F07FFF72
S21401C940384613F05DFC2B689A692E4B1A6017F077
S21401C95025F92D4B1860304600F036FD2B4810F0B7
S21401C96093FF30E012F0BBFE2FE704244BE704AA46
S21401C97001213C2000F070F940B99DF81030012BE0
S21401C98014BF492372238DF8063076E74923FAE768
S21401C990F5F79CFDCDE90401030C8DF80A30BDF8CE
S21401C9A01530ADF80B309DF817308DF80D30492352
S21401C9B0ADF808008DF80E306CE717F097FD0446C9
S21401C9C000283FF479AF204606B0BDE8F08193F821
S21401C9D0230018F090F800283FF478AF40F20C449A
S21401C9E0F1E700BFC33100200425002011DF02005B
S21401C9F06427002068270020A13B03009D3B03001D
S21401CA00002500203C26002038260020E5C601002F
S21401CA100248002203211BF0BABF00BFD026002027
S21401CA20F8B5114817F070FFE0B917F0B7F80F4DD9
S21401CA300D4E286006F10C07286817F0C2FD10F0AD
S21401CA40EBFD0446304617F05BFF10B938461CF084
S21401CA50ADF802F007FB08B9002CEDD1BDE8F840AF
S21401CA6017F0CDBEF8BD00BF500C002038260020C0
S21401CA7008B5054B1B782BB917F028F8B0FA80F0EB
S21401CA80400908BD0020FCE72331002010B5054C05
S21401CA9001232370044B1B6803B1984700232370BE
S21401CAA010BD00BF233100203C2600200D4B9842CC
S21401CAB00DD8023B984210D870B1023B98420ED076
S21401CAC020F0704020F4604000F590607047064BFF
S21401CAD09842F5D140F21C4070472120704740F241
S21401CAE01B4070470AE000F00BE000F0024B4FF0ED
S21401CAF080525A60704700BF00ED00E0044A0023F0
S21401CB0052E8000F42E800310029F9D1FBF7CCBD0D
S21401CB1044260020064A52E8003F034342E800311B
S21401CB200029F8D1034B1B6803B11847704700BFB3
S21401CB304426002040260020034B002814BF02464E
S21401CB401A46024B1A607047EDCA010040260020C3
S21401CB5037B51C68E10705D517F026FD16491748B5
S21401CB601BF01DFFA20723D501F01EFBD0B9144D03
S21401CB70019013F048FB044628461CF035F8019056
S21401CB80204613F046FB019890B143799B070CD4DD
S21401CB9001A802211CF00AF9019801F0F5FA17F034
S21401CBA0B2FCE6E717F0AFFCDEE701F0E1FAF6E7E4
S21401CBB0002003B030BD00BF640C0020D02600204A
S21401CBC04826002008B5054810F0F6FC044B1870FE
S21401CBD0BDE80840012110F0FFBC00BF740C002026
S21401CBE02531002038B5044648B113F00CFB214628
S21401CBF0054608481CF0C1F8284613F00AFB064B08
S21401CC00022193F9000010F0E7FCBDE83840FFF779
S21401CC103DBF00BF4826002025310020F8B50C4B4B
S21401CC200C4F04460E4638681968154608F0E8F9B0
S21401CC30FFF73CFF50B9386833462A4644F4802152
S21401CC4008F0F4FBBDE8F840FFF730BFF8BD00BFC1
S21401CC506427002068270020F8B50C4B0C4F0446CB
S21401CC600E4638681968154608F0CAF9FFF71EFF20
S21401CC7050B9386833462A4644F4802108F0E6FB6A
S21401CC80BDE8F840FFF712BFF8BD00BF64270020DB
S21401CC906827002038B50A4B0A4D196804462868EB
S21401CCA008F0AEF9FFF702FF40B9286844F4802186
S21401CCB01AF0B1FCBDE83840FFF7F8BE38BD00BF3A
S21401CCC064270020682700202DE9F043134B0E4609
S21401CCD01968134B8DB005461868174608F090F989
S21401CCE080B9009733460A2202A9284608F0E2FBDB
S21401CCF00DF1080904464FF00008444505D1002C03
S21401CD00EFD120460DB0BDE8F08359F8041B284644
S21401CD101AF081FC08F10108EFE700BF6427002044
S21401CD2068270020F8B50C4B0C4F06460C463868B1
S21401CD30196808F065F9FFF7B9FE054648B9E243F8
S21401CD4016FA82F2386842F4802246F48021FFF710
S21401CD50BBFF2846F8BD00BF6427002068270020D7
S21401CD60034B00221A609A80FF229A71704700BF17
S21401CD7048310020064A1379834207D912680123F5
S21401CD808340134214BF01200020704700207047E3
S21401CD904C260020054A03461068002208B91A608E
S21401CDA07047C10748BF01324008F7E74C2600200C
S21401CDB0014B1879704700BF4C260020102A2DE938
S21401CDC0FF4706460F46154623D8DFF84C80DFF8A6
S21401CDD04CA000244FF00109D8F8002009FA04F30A
S21401CDE0134213D046EA042040EA0A006A46E9B232
S21401CDF080B2FFF731FF48B92A46394668461BF02C
S21401CE00D8FA18B960B204B0BDE8F0870134202C16
S21401CE10E2D14FF0FF30F6E74C2600200080FFFFFE
S21401CE202DE9F3411D4E05460146062230461BF00C
S21401CE30C0FA20B996F9060002B0BDE8F0810024D8
S21401CE40EF1CA0462046FFF795FFD8B13B88CDF8EA
S21401CE5000806946ADF80330E0B2BB788DF8053046
S21401CE6019F05DFD21280DD0A8B903222946684690
S21401CE701BF09FFA30B92B683360AB88B38060B281
S21401CE80B071D9E70134202CDCD12B683360AB8834
S21401CE90B380FF23B3714FF0FF30CDE74831002058
S21401CEA0034B93F90630013301D1FFF759BF7047A1
S21401CEB048310020F7B5044617F0C6FC631C39D18B
S21401CEC017F0D8FB4FF400410846FFF749FFFFF77C
S21401CED029FF4B4B4B480025214620221D601BF0A5
S21401CEE092FA284602F0C8F9474D0446FF267CB957
S21401CEF03720FFF7CFFE424A0C2143F6FF70FFF7BB
S21401CF008DFE404A20213820FFF788FE002017E0DA
S21401CF1094F97530013305D02B7843B91321204697
S21401CF2018F001F9204602F0A7F90446DFE784F875
S21401CF307560F7E72046FFF71DFF18B940F2064077
S21401CF4003B0F0BD6B4606220021204616F05AFEBD
S21401CF5000283CD0492368468DF8063017F08EFB32
S21401CF602A484FF47F4140EA04200840FFF7DAFEE2
S21401CF702349E3B201229A400B6823EA02030B60BD
S21401CF80234B93F90630A34201D1FFF7E9FE0B7953
S21401CF901C4A0020013B0546C1B2994221DBFF260F
S21401CFA00020D65402F068F9174F0546002DA2D08E
S21401CFB095F97530A34205D13B78EBB91321284684
S21401CFC018F0B1F8284602F057F90546EEE76B4629
S21401CFD006220121204616F015FE0028C0D0722335
S21401CFE0B9E75656A64200D025B1551895F9015015
S21401CFF0555401250130CFE785F87560E2E700BF9B
S21401D0004C26002028310020263100200080FFFF1A
S21401D010483100202DE9FF41354C064601A8FFF7AF
S21401D020B9FE2379019A93421ED86279012A40D12A
S21401D03000274FF0FF383D4610E02368EB40D90744
S21401D0400BD5082202AB114668B216F0DBFD20B103
S21401D050039B43453CBF2F469846013523799D42A5
S21401D060EBD378B2FFF726FF236813F0010529D02A
S21401D070002501220135202D18D002FA05F71F429E
S21401D080F8D13B432360A368194A013373610C212D
S21401D09043F6FF70A360FFF7C1FDA8B1236823EA3A
S21401D0A007032360A368013BA36073614FF0FF355C
S21401D0B019E0022AFAD10F4A134413F9010D421C52
S21401D0C0FBD0CFE70127DCE722790A4C013AD2B23E
S21401D0D02146601C1BF07DF96DB2224620213820C6
S21401D0E02570FFF79BFD284604B0BDE8F08100BF20
S21401D0F04C26002028310020F0B54A4C89B0002586
S21401D10001AA04213F202570FFF7A6FD00B1019575
S21401D1102570454C019E22460C2143F6FF70FFF711
S21401D1209BFDC0B10D23A380019B2560032BA56049
S21401D13011D803AD2A46142143F6FF70FFF78CFD84
S21401D14048B995E8070084E8070022460C2143F613
S21401D150FF70FFF763FD019B042B06D004210DEB46
S21401D16001023F200191FFF759FD304A2021382066
S21401D170FFF772FD28B12D4820224FF0FF311BF03A
S21401D18042F9237903225B00B3FBF2F3284A1370BA
S21401D190FFF7E6FD002523799D420DD3012E06D823
S21401D1A03D20FFF777FD002523799D4215D317F023
S21401D1B067FA002009B0F0BD2368EB40DB070AD50B
S21401D1C06FB2082203AB1146384616F01BFD10B9A4
S21401D1D03846FFF76FFE0135DDE72846FFF7CAFD43
S21401D1E0F0B16EB202AB04220C21304616F00AFDF5
S21401D1F004280AD1029BC3F300238DF80C300122C8
S21401D20003AB0C21304616F0CFFC0023CDE90333E7
S21401D210CDE90533102203AB0D21304616F0C4FCD0
S21401D2200135C1E7263100204C2600202831002098
S21401D23027310020F8B5114B04461879104B00220F
S21401D2401D46D1B2884205D913F9017BA74202F1E6
S21401D250010604D10B4B1B788B4202D9F8BD32462E
S21401D260EFE70749481C1BF0B4F82C70BDE8F840FE
S21401D270034A20213820FFF7D1BC00BF4C260020EE
S21401D2802831002027310020014902481BF087BBC6
S21401D290840C0020D02600200A4B1022DA82282196
S21401D2A06422C3E906124FF6FF721A8402225A60FC
S21401D2B0002283F82B200F2283F82D0083F82C20E0
S21401D2C0704700BF5826002038B502F081FD40B9EE
S21401D2D0094B1A6893F82A102432034648249942C7
S21401D2E000DC38BD04FB03F55559ED0601D40133C6
S21401D2F0F5E70120F5E700BF5826002038B5104CA9
S21401D30094F82B30D3B1626812F0010516D104F1FE
S21401D310080004F057F8FFF7D7FF78B194F82C30DF
S21401D32008484EF6602253434FF482712A4610F0A5
S21401D330D5FA18B9636843F00103636038BD00BFCE
S21401D34058260020D026002022F00042052A10B5DB
S21401D3500DD0B2F5827F13D0032A06D1114A536845
S21401D36023F00203536002F03BFD002010BD0D4A7E
S21401D3701B88118D9942F8D1002313850120F5E70A
S21401D380084B5A6893F82B4022F00102012C5A6090
S21401D390F4D102F079FAFFF7B1FF204602F06AFDF8
S21401D3A0ECE700BF5826002000487047672600209B
S21401D3B0044890F82B1000F10F020830012918BF1D
S21401D3C01046704758260020F0B4827912F0280FD4
S21401D3D0034626D0144A0168C2F80F108188A2F8C5
S21401D3E013108179517592F82A6011680025AE42B2
S21401D3F007DC5368F0BC43F004030320536002F0DB
S21401D40039BD4C6A14F4404F08D1186808609F88EB
S21401D4109879887144F008048F804C620135483150
S21401D420E5E72120F0BC7047582600204379024AE0
S21401D4309B09D05C704700BFACA103000B6810B518
S21401D44003608B888380FF2A044602D10723A371D9
S21401D45009E0032A08D8054B9B5C8371072B02D190
S21401D460FFF7E4FFA07110BD0023F0E7B0A10300B1
S21401D4708379024A03F00703D05C7047A4A1030036
S21401D48010B582798B79094C02F0070203F0070385
S21401D490A25CE35C9A4206D106221AF08AFFB0FA31
S21401D4A080F0400910BD0020FCE700BF9CA10300EE
S21401D4B07FB5134B03930E4605460446A0B117F0FD
S21401D4C03AFF78B900223146204618F069F802285A
S21401D4D007D10123009303AA04233146204616F000
S21401D4E068FC0DB104B070BD204617F0F3FE04468B
S21401D4F00028F7D017F01FFF0028F5D1E2E700BF9C
S21401D5000100FFFF2DE9F04F97B08346099117F010
S21401D51058FE099883790C33C518C45C1BF0CBFB05
S21401D5201E2C099F064624D8012C26D9C54BE3405C
S21401D530DA0722D5384697F806801BF0BCFBBBF805
S21401D5400A2083B29A4228D214F0010240F0A18048
S21401D55004F07F03522B00F09C801E2C00F0998073
S21401D560099B009321460423584617F069FB2124A2
S21401D5700CE004F07F03522BDCD0214600970623F3
S21401D5800022584617F05CFB41F20614584617F085
S21401D5901DFE204617B0BDE8F08F4744013B3A7B9D
S21401D5A01E2A9BB242D8012ACED9023A1C2ACBD8CF
S21401D5B001A151F822F000BF49D6010049D501006A
S21401D5C04DD6010049D5010043D6010049D50100D9
S21401D5D039D6010049D5010049D6010049D50100D7
S21401D5E04DD6010049D5010051D6010049D50100AB
S21401D5F039D6010049D501007FD6010049D5010081
S21401D60049D5010049D5010083D6010049D501005D
S21401D61087D6010049D5010049D5010049D5010049
S21401D62049D5010049D501008BD60100522A26D0E2
S21401D630D22A89D10D2B05E0062B0FD0142B83D1CE
S21401D6400CE0052B80D909E0022BF8E7042BF6E75E
S21401D650032B7FF679AFDB073FF576AF022C00F0A0
S21401D660F380DBF800309B689F0516D40BF144006D
S21401D6701BF09CFA099BCBF84430002486E7012B6B
S21401D680E0E7032BDEE7012BD9E7002B7FF45CAF45
S21401D690E4E709A81BF08AFA69E71E2C584600F051
S21401D6A0928317F048FE0746002840F082805846CD
S21401D6B017F03CFE00287CD004F07F03522B00F0CC
S21401D6C0BC80082C68D1B6B2152E14BF02201020DB
S21401D6D0691D17F016FE00285ED0DBF81430D80757
S21401D6E049BF23F0010343F00103CBF81430394658
S21401D6F05CBFCBF814300121584617F033FE099869
S21401D7000D9017F00BFAB0F80180B0F803900446BC
S21401D7100D981BF0D0FA152814BF022510250534E4
S21401D7202146284603F05EF821460390284617F066
S21401D730E8FD0490B8F1000F00F04481C84500F2FE
S21401D74041810D9A0221092017F00BFABBF80A70E5
S21401D750023FBFB282463E4640464FF0FF35039A2F
S21401D760494618F0CFF80446002800F06D8117F0FE
S21401D7709CFE002800F0858101222146584617F0BC
S21401D7803EFF03468DF82E00002800F020810D9AFA
S21401D790009222460821A4E0DBF8143013F00106BB
S21401D7A03CD023F00103CBF814300021584617F083
S21401D7B0D9FD1E2C63D8032C66D9231F142B63D8DE
S21401D7C001A252F823F000BF9DDA010089D80100BA
S21401D7D089DB010089D80100FFD6010089D8010044
S21401D7E06FDC010089D801008DDC010089D80100B9
S21401D7F0A3DC010089D8010095D8010089D8010071
S21401D80097DD010089D8010089D8010089D8010077
S21401D810B3DD010089D80100BDDD010043F001033D
S21401D820CBF814300121584617F09CFD00961223C0
S21401D83032462146584617F003FA09A81BF0B6F9F6
S21401D8401BE700BF54554541099D934C284617F0E8
S21401D85065F92188B0F801602A46584617F005FA9E
S21401D8602388BBF80A10B34228BF3346172BB8BF2C
S21401D8701723ABF80A30584617F08FFCFDE6522CFA
S21401D88000F09082D22CD8D0099B00930022062368
S21401D890214626E0099F384617F040F90546B0F8BC
S21401D8A00180B0F803A038461BF005FA152805F1EB
S21401D8B005010CBF2046022002F094FFB5F80530A2
S21401D8C004900793B8F1000F07D0D04505D818F09B
S21401D8D070F950B90097102301E0009701234246E2
S21401D8E01021584617F0ACF9C7E63A460221112036
S21401D8F017F037F9BBF80A3003939E1E063B9BB21E
S21401D9000590B6B244464FF0FF350893049A514647
S21401D910204617F0F7FF814668B3079A514618F07C
S21401D9203EF80446484617F0C0FD40B94FF6FF736F
S21401D9309C4201D00134A4B25445E7D91BE04FF014
S21401D9400003ADF834300DAA0CAB4946584617F023
S21401D950F3FE039ABDF834300690053A9A42089AC7
S21401D960D8BF1346002DADF8343009DB9D4202D1F5
S21401D970EB1CB34208DB691C1CD100970A23AEE7F7
S21401D980351F9D42A8BF1D46042211A93846ADF891
S21401D9904490ADF846401BF0CCFB06992A46384623
S21401D9A01BF0C7FB043E4FF6FF73761B9C42B6B2D4
S21401D9B0C0D1E0E7059B04355D703946584601F055
S21401D9C04FFD5AE60D9B009301234246E2E6049B77
S21401D9D013B1204617F04DFD204617F07EFDD8B155
S21401D9E0002D54DC0DA81BF0E1F8082358468BF8EF
S21401D9F01C3050F80C2B92F870208DF844208DF8CE
S21401DA00483011AA002340F20251ADF84640ADF865
S21401DA104A301BF000F830E6ADF844000DF12E0355
S21401DA2011AA2146584617F087FEBDF844300590E6
S21401DA30BB4228BF3B46002DADF844300ADBAB4263
S21401DA4002D16B1CB34209DB6A1C0D9B1FD10093EC
S21401DA500A23BAE7B51E9D42A8BF1D4602220CA99D
S21401DA600D98ADF830401BF064FB05990D982A46D9
S21401DA701BF05FFB023E4FF6FF73761B9C42B6B26D
S21401DA80E2D0601C80B28145BFF469AEDCE70235A6
S21401DA900D998AF8015091E7EE0F0020DDF82490E9
S21401DAA0484617F03BF8B0F80180B0F8033004930D
S21401DAB0B8F1000F41D098453FD84A4602210520CB
S21401DAC017F04FF8BBF80A400590023C4FF6FF7777
S21401DAD0A4B24546BA462946584617F0EEFF5045C9
S21401DAE0064649D04FF400622946584617F087FD8E
S21401DAF000283CD1304618F078F800280CBF0223E5
S21401DB001023574503931ED0304618F06EF8069042
S21401DB10384618F06AF8069B834203D1039B01330B
S21401DB20A34211DB384618F060F8059B01305870A7
S21401DB301946584617F06DF89FE5CDF80090012379
S21401DB4042460421CDE637460DF146013046ADF892
S21401DB50445002F09DFE039B11A99A1C48461BF0F7
S21401DB60E8FA039B023CE41A5545A4B2DAD0049BBA
S21401DB700135ADB2AB42AED24FF6FF739F42D1D163
S21401DB80CDF800900A23DBE7DDF82490484616F02E
S21401DB90C5FFB0F803A0B0F80530B0F801600393F4
S21401DBA0074648461BF087F8C51FADB20024102D66
S21401DBB00C9458D82A46F91D0DA81AF03EFC002EE2
S21401DBC053D0564551D84A460121072016F0C9FFC1
S21401DBD0A046074633460A249A45049307D9BBF85C
S21401DBE00A00394616F0A0FF0328049B04D8B8F1B2
S21401DBF0000F1AD039469CE7ADF84430039BADF8C8
S21401DC0048300DAB13930BAA0DF12E0311A95846FC
S21401DC10ADF846A0ADF8505017F0EDFE0A280446C0
S21401DC20E5D0BDF82C3030B11E46CDF80090234625
S21401DC303246062155E6ADF83030BDF82E30ADF847
S21401DC4032300CAA0423BBF80A00394616F077FFD7
S21401DC50BDF82E304FF6FF729342CBD001339BB204
S21401DC604FF00108B8E70424DFE70124DDE7099C4B
S21401DC700A238BF81C30204616F050FF234600225C
S21401DC80B0F80110584616F064F9F6E4099C2046EF
S21401DC9016F044FF0C238BF81C30B0F80320234603
S21401DCA0EEE7DDF82480404616F038FF054640468C
S21401DCB01BF001F80023441EBBF80AA08DF834308F
S21401DCC061D014F001075ED1204610F021F9064616
S21401DCD000285ED00AF1FF332246691C03931AF02E
S21401DCE0ACFB424601210F2016F03BFFB1460490E3
S21401DCF0002C04DC304610F029F9049919E739F8AC
S21401DD00025B01222946584617F079FC023C8DF841
S21401DD10340068B9284617F0EAFA10B1284617F019
S21401DD20A8FB284617F0D9FB60B180238DF8343064
S21401DD30304610F00BF99DF83430CDF800802A46B5
S21401DD400E21CEE50DAB294611AA584617F0F4FC74
S21401DD509DF834300146002BEAD1039BBDF84420E0
S21401DD60DB1B9A42C2BF0AF1FF33DB1BADF844301E
S21401DD70BDF8442040461BF0DCF9BDF8443098421B
S21401DD80B8D31F44B4E7042300258DF834302E465B
S21401DD90CEE71123F8E7099AB5F80110584616F0B0
S21401DDA076F96AE4099AB5F80110584616F0CAF9E8
S21401DDB063E40999584616F004FA5EE46978584611
S21401DDC016F06AFA39E516F087FA36E57FB5174A8E
S21401DDD01368064623F0080342F60520136017F081
S21401DDE0CCFD054650B1684602F0EEFB002017F068
S21401DDF071FA044620B92946FFF75AFB04B070BDF4
S21401DE00102204F1210168461AF0D3FA38B1012133
S21401DE10204617F0A7FA636923F0010363611EB178
S21401DE203146204617F07AFE2046E0E73C270020E0
S21401DE3007B5837801916A46082104488DF80030B9
S21401DE401AF0E9FD03B05DF804FB00BFD026002000
S21401DE50054B0022C3E90322C3E905221A70DA61E1
S21401DE604FF6FF725A847047AC260020014B1860AB
S21401DE70704700BFA82600200D4B827813B55A6064
S21401DE80B0F8032091B2102910D040F60344A14205
S21401DE900CD041795B8C8DF80210ADF80420054852
S21401DEA0ADF800306A4605211AF0B5FD02B010BD86
S21401DEB0AC260020D026002073B5837901900C3360
S21401DEC0C418C35C132B0ED8042B10D9053B0E2B9C
S21401DED00DD8DFE803F01E0C0C1E0C0C0C0C0C16F7
S21401DEE01A0C0C0C2300302B13D03E2B1BD0FAF748
S21401DEF04DF9019B834202D001A81AF057FE02B0E9
S21401DF0070BD2046FFF7B8FFF1E70F4BE2785A6085
S21401DF10EDE701A9204602F08FF8E8E701A92046BF
S21401DF2016F071FCE3E7094E0025019B3BB156F85C
S21401DF30043B01A92046013598470E2DF5D101A8CD
S21401DF401AF034FED3E700BFAC260020B4A10300CC
S21401DF5007B500F013F920B103B05DF804EBFFF745
S21401DF60ABBF00F017F9019018B1054B1B681BB148
S21401DF70984703B05DF804FB01A81AF017FEF8E70E
S21401DF80A8260020024610B1022804D07047034894
S21401DF9003211AF0FCBCFFF7DBBF00BFD026002030
S21401DFA0024B1A78024B53F822301847AC26002051
S21401DFB0ECA1030010B504460120FFF7F1FF034B67
S21401DFC01C70BDE810400020FFF7EABFAC26002019
S21401DFD010B50621044642F2050016F09AFA2368A7
S21401DFE0C0F80330A388A0F807300648FAF7F0F81F
S21401DFF016F0D3FA407920B116F0CFFA407940F402
S21401E000805010BDC121030010B5062104464FF60D
S21401E010284016F07EFA2368C0F80330A388A0F8DB
S21401E02007300648FAF7D4F816F0B7FA407920B167
S21401E03016F0B3FA407940F4805010BDC582010055
S21401E04038B505460C4669B9022142F21B0016F0A6
S21401E05060FAB5F86E30A0F803300D48BDE83840D8
S21401E060FAF7B6B8122142F21A0016F052FAB5F8CB
S21401E0706E30A0F803302146053004F1100351F844
S21401E080042B40F8042B9942F9D10248E6E700BF79
S21401E0900B2403004724030001481AF0A5BD00BF66
S21401E0A0BC2600202DE9F3410D46B0F86E10019212
S21401E0B040F6FF73994205D101A81AF077FD02B028
S21401E0C0BDE8F0811146134601229BBB1E481AF09B
S21401E0D054FEFFF7E1FF04460028F0D01AF0EBFDEE
S21401E0E06379A66803F001086FF3000307466371BE
S21401E0F0042120461AF023FF43798179B6F86E2071
S21401E1008660044668F300030C314371DB436254B6
S21401E110084403F00103C2F3032242EA03124270E9
S21401E120478022463046294616F072FB2046FAF70B
S21401E1305FF8CEE75C79986024F0030414435C71C1
S21401E14000221B68C1E700BFBC26002070B5074C43
S21401E1500546206800B970BD8368AB4204D10668E5
S21401E1600FF066FD2660F4E70446F2E7BC260020C1
S21401E170014601481AF001BEC026002001481AF0E7
S21401E18033BD00BFC0260020014601481AF0F5BD88
S21401E190B8260020034BD86818B103F10C001AF01A
S21401E1A023BD7047AC260020044BDA6822B95869B3
S21401E1B0003818BF0120704701207047AC260020A8
S21401E1C00138C0B20A289ABF014B185C002070477C
S21401E1D0F4A1030007B506481AF006FD04210190D4
S21401E1E00DEB01001AF0E2FD019803B05DF804FBA7
S21401E1F0D4260020F7B5186810F0020003D0164E9A
S21401E200316811B9012003B0F0BD00240422234671
S21401E2100DEB020001941AF0BFFCBDF80630DB07D7
S21401E22002D4FFF7D7FF04460C4F002557F8043BEE
S21401E23023B1BDF804002146984748B13368002B46
S21401E240E0D0074B022193F900000FF0C5F9D9E79A
S21401E2500135062DEAD1F1E7D4260020D826002084
S21401E2604F31002010B509480FF0A6F9084B0949AF
S21401E2701870002420200C600FF024FD064BC3E923
S21401E2800044C3E90244C3E9044410BD940C0020D1
S21401E2904F310020D4260020D826002013B5C37A9B
S21401E2A00093B0F80930D0F80520D0F801100078B6
S21401E2B001F03CFC0446034800F0E2FE848002B014
S21401E2C010BD00BF2002040337B5FF230DF1070080
S21401E2D08DF8073001F098FC044604489DF8075075
S21401E2E000F0CEFE8480857103B030BD20030401AA
S21401E2F038B54B795B0705460C460CD414212046ED
S21401E300054A16F086FA2179204616F033FB10B935
S21401E310A3791C44257438BD1CA203008378132BF3
S21401E32010B50C4608D1054B1B6803B1984720462B
S21401E330BDE810401AF03ABC10BD00BFF026002020
S21401E34010B500210446007816F09FF948B16178AF
S21401E350207816F018FE0446034800F091FE8480EB
S21401E36010BD0224F8E700BF2002560110B541781F
S21401E370007801F019FC0446024800F081FE848012
S21401E38010BD00BF200256022DE9F74FB0F802C0BB
S21401E3900C9F9DF934A0DDF838B01CF0100F06462E
S21401E3A01C4633D05FFA8CF51CF0080F184614BFD4
S21401E3B005F0080505F00F0516F0D1FE8146384632
S21401E3C016F0CDFE96F90F30019380465A46134853
S21401E3D07678042116F062FB019BA0B105712268D4
S21401E3E0C0F80520A288A0F8092080F80B9080F8D4
S21401E3F00CA0437386733B68C0F80F30BB88A0F847
S21401E400133080F8158003B0BDE8F08FCDE90DAB71
S21401E4100C9703B0BDE8F04F16F0E4B958A203001C
S21401E42010B50021421D0379044608461AF0AEFED7
S21401E430024648B16188208815F0E4FD0446034889
S21401E44000F01EFE848010BD1A24F8E720020A029E
S21401E45013B50446007816F037FF70B10023CDE9F6
S21401E4600033E278B4F8011015F085FF044604483D
S21401E47000F006FE848002B010BD2524F7E700BF39
S21401E48020020A0473B5B0F80140C678051D00786D
S21401E49016F01AFF60B1214600962B46002215F0B1
S21401E4A047FF0446034800F0EBFD848002B070BDD0
S21401E4B02524F7E720020A0F08B54FF0FF30FEF7D4
S21401E4C0F9FC074B074A18684FF48021FEF7FCFB5E
S21401E4D0054800F0D5FD00230371437108BD00BF58
S21401E4E068270020FFFF040020020D0110B5817887
S21401E4F03829024609D832F8030BFEF78FFB04468B
S21401E500034800F0BDFD848010BD4924F8E700BF34
S21401E51020020D02F7B5174B174F1D680023009315
S21401E520164B06461968386806F06AFDFEF7BEFA0D
S21401E5300735044688B9318838686B4601AA41F424
S21401E540802106F0A5FF80B90099FD2910D83088F2
S21401E5502A46C9B2FEF780FB0446009908482A46B7
S21401E56000F0DAFD848003B0F0BD40F21C44F4E70D
S21401E5701A24F2E7182700206827002064270020C5
S21401E58020030D0310B50088FEF784FB04460248FD
S21401E59000F076FD848010BD20020D0408B5064902
S21401E5A006481AF0FCF9064906481AF0F8F9064832
S21401E5B00FF07CFC002008BDAC0C0020F8260020E3
S21401E5C0BC0C0020F4260020A40C0020014816F004
S21401E5D097B900BF500C002030B5114B994285B059
S21401E5E00D46144619D193000FD503A902A80FF0C2
S21401E5F009FA0823E1B20193039B00930022029BD0
S21401E60041F0005128461AF0ADF9064816F010FA06
S21401E61000B10471012005B030BD0020FBE700BF4A
S21401E620F4260020E0A2030022F00042B2F1A04F3F
S21401E63008B504D1034816F0FBF9012008BD0020F7
S21401E640FCE700BFE4A2030070B5FFF7BFFF90B17F
S21401E650FEF7AAFE002604462046FEF709FF0546F9
S21401E660064800F00DFD86802268C0F80620A288C4
S21401E6704281057370BD024C0226EDE720090115A3
S21401E680BCA203000A4B10B50020187100F0F4FD7F
S21401E69004463CB901F008FCBDE8104005490648AF
S21401E6A01AF0A1B9204616F042FD6468F1E700BFF2
S21401E6B02E2F0020CC0C0020D026002070B5002084
S21401E6C000F0DAFD084D0446012604B970BD94F841
S21401E6D0723033B12E7116F090F81321204616F0E1
S21401E6E022FD6468F1E700BF2E2F002038B50A4CE2
S21401E6F000232360A38003682360207816F00FFDB3
S21401E700054630B9054806491AF049F9608801F00E
S21401E710E1FB284638BD00BF2E2F0020D026002062
S21401E720CC0C002022F00042B2F5887F2DE9F0479C
S21401E7301C4600F0E2800ED840F203139A423CD009
S21401E74040F209139A4200F0C2800E2A00F0B3800C
S21401E7500020BDE8F08740F207239A424AD0B2F57E
S21401E760037F59D040F206239A42F1D120684C30FB
S21401E770FEF77EFE2568A48895F8736095F870A06C
S21401E78095F9759095F876800746604816F050F929
S21401E7900028DDD0EB6C4360B5F850300381731E62
S21401E7A05E425E418772C67280F80CA080F80D90BA
S21401E7B080F80E80A0F80F40CAE7207800F04EFDE2
S21401E7C00028C5D0524894F80090B4F80280A78873
S21401E7D0E688257A648916F02BF90028B8D080F8E7
S21401E7E00490A0F80580A0F80770A0F80960C5722B
S21401E7F08481ADE7207800F031FD0028A8D060784C
S21401E8002578FFF7DDFC0446424816F011F900288A
S21401E8109ED0057144719BE7A578012D1DD0022D70
S21401E8202BD0C5B9E37894F8008094F90470667922
S21401E830394894F90640023BDBB2022B9ABF374AAD
S21401E840D55C012516F0F4F828B180F804804571EE
S21401E8508771C671047201207BE7E37894F8008023
S21401E86094F9047066792E4894F90640023BDBB2AF
S21401E870022B9CBF294AD55CE4E7E378294894F843
S21401E8800180277894F90490667994F90640023B52
S21401E890DBB2022B96BF214A0125D55C16F0C8F8DB
S21401E8A00028D8D0A0F804808771C57180F8089038
S21401E8B046728472CFE723461B4813F8014B0822A1
S21401E8C0002116F0C6F80028C5D00471C3E7174822
S21401E8D094F800806788A688E588248916F0A8F849
S21401E8E00028B8D080F80480A0F80570A0F807606A
S21401E8F0A0F80950A0F80B40ADE70D481C7816F0BB
S21401E90097F800283FF424AF047121E72CA30300F5
S21401E91028A3030020A3030018A30300E8A2030012
S21401E92014A303001CA3030010A303000CA30300FD
S21401E93024A3030010B5007800F090FC40B1132129
S21401E94016F0F1FB0446034800F09AFB848010BDE4
S21401E9502524F8E72002060570B5144606460C4A3B
S21401E96020460D46142115F054FF2179204616F055
S21401E97001F858B9A3790C331C44064BA6711B79D0
S21401E980A5801BB1BDE8704015F038BF70BD00BF53
S21401E99008A303002E2F0020024B1A68024B00200A
S21401E9A05A607047FC240020500C002010B5FDF77B
S21401E9B0E5FE044630B9044815F078FF044608B968
S21401E9C0FEF726F8204610BD500C002073B522F045
S21401E9D000421C4640F20A639A4208D8B2F5C06F5C
S21401E9E008D8042A49D00D2A4FD0032A1ED0002069
S21401E9F002B070BD6FF4C0631A44092AF7D801A3A8
S21401EA0053F822F0EFEA01009DEA0100C1EA010095
S21401EA10D1EA0100E7EA0100EFE9010007EB010096
S21401EA201DEB01003DEB01008BEB010001A8F3F7A4
S21401EA302FFD5748BDF8044015F0FAFF0028D6D040
S21401EA4000234371C3714372C372037343738373A9
S21401EA50C3732623072283746FF048030271C374BD
S21401EA6001226FF040038271027203756FF00B0290
S21401EA705123827204824375B9E74648246815F02B
S21401EA80D7FF0028B3D08480B1E72346042253F889
S21401EA90044B4148002115F0DCFFF2E7207800F036
S21401EAA0DDFB0028A3D03D48267894F90150A478D0
S21401EAB015F0BEFF00289AD006714571847196E75D
S21401EAC02478374815F0B4FF002890D004718EE7FB
S21401EAD025783448646815F0ABFF002887D00571A7
S21401EAE0C0F8054083E725782F486468F3E72F4888
S21401EAF02578646815F09CFF00283FF478AF05710F
S21401EB00A0F8054073E72A482578646815F090FF59
S21401EB1000283FF46CAF0571447168E763782548B7
S21401EB2024780D2B96BF244A0125D55C15F080FF6D
S21401EB3000283FF45CAF0471457158E763781F48BD
S21401EB4026780D2B98BF1C4A4FF0000198BFD55C64
S21401EB506368A27888BF012515F07BFF08B10671AE
S21401EB6045716378012B3FF642AF8DF804301348A8
S21401EB70247801AB0122002115F06BFF00283FF439
S21401EB8036AF01230471437131E724780C4899E7C5
S21401EB9070A3030068A303006CA3030054A303003F
S21401EBA05CA3030060A3030058A3030050A3030063
S21401EBB04CA3030048A3030030A3030044A30300AF
S21401EBC040A3030002481422002119F01CBC00BF18
S21401EBD0FC26002070B51C4C054611F014FB637929
S21401EBE05B0706460ED414212046184A15F011FE7E
S21401EBF02179204615F0BEFE20B13046BDE87040B2
S21401EC0011F007BBA3790C3323442DB91A79FF2AD7
S21401EC10F3D001321A71F0E7012D05D15A79FF2A96
S21401EC20EBD001325A71E8E7022D05D19A79FF2A15
S21401EC30E3D001329A71E0E7032DDED1DA79FF2ABB
S21401EC401CBF0132DA71D8E7FC26002064A303005A
S21401EC500428024B28BF0020185C704774A30300E9
S21401EC6038B50546084800F087F9044648B900F06B
S21401EC70D9F904461DB1054B1B689B792B7000F032
S21401EC80E9F9204638BD00BF80A3030018270020FD
S21401EC902DE9F84380460D489DF820900F4616460C
S21401ECA01D4600F069F978B9094B1C6884F80480A0
S21401ECB0C4F80570C4F80960A4F80D5084F80F90E4
S21401ECC0BDE8F84315F027BEBDE8F88378A3030036
S21401ECD01C27002038B5054606480C4600F04CF9BE
S21401ECE038B9054B1B681D715C71BDE8384015F0DD
S21401ECF012BE38BD90A303001C27002038B5054678
S21401ED0006480C4600F038F938B9054B1B681D71EA
S21401ED105C71BDE8384015F0FEBD38BD88A3030020
S21401ED201C27002010B50446054800F025F930B927
S21401ED30044B1B681C71BDE8104015F0ECBD10BDFE
S21401ED4098A303001C27002010B5134604460A4664
S21401ED500648012100F020F930B9054B1B689C805C
S21401ED60BDE8104015F0D7BD10BD00BFB8A3030025
S21401ED701C2700202DE9F041804611480F46164613
S21401ED801D4600F0F9F80446A8B90E4B1B68A3F817
S21401ED90048000F047F90C4B044619680EB18A79D5
S21401EDA0326035B18A79BA4208D80731284619F057
S21401EDB044FB00F04FF92046BDE8F0811D24F8E73A
S21401EDC0B0A303001C2700201827002010B5044616
S21401EDD0054800F0D1F830B9044B1B689C80BDE8AB
S21401EDE0104015F098BD10BDA8A303001C270020F5
S21401EDF008B5044800F0C0F818B9BDE8084015F099
S21401EE008ABD08BDA0A3030038B505460C460748D1
S21401EE10012100F0C1F838B9054B1B689D80DC80E4
S21401EE20BDE8384015F077BD38BD00BFD0A303005C
S21401EE301C27002070B5064608480D46144600F00B
S21401EE409BF848B9064B1B681E71A3F80550DC7188
S21401EE50BDE8704015F05FBD70BD00BFC8A30300DC
S21401EE601C27002038B505460C460748012100F04E
S21401EE7093F840B9054B1B681D71A3F80540BDE822
S21401EE80384015F048BD38BDC0A303001C2700203C
S21401EE9070B505460B480E4600F06EF8044678B984
S21401EEA000F0C0F8084B04461B6825B1D3F80620CD
S21401EEB02A605A89AA800EB11B7B337000F0CAF80B
S21401EEC0204670BDD8A3030018270020044A034635
S21401EED0106810B102789A4200D170470069F8E7CD
S21401EEE01427002008B515F0DFFCFFF76BFE024B78
S21401EEF000221A6008BD00BF1427002038B5104D47
S21401EF00104A044628461AF09BF94FF48270A0472F
S21401EF100D4B01461860287818B14FF482721AF02A
S21401EF2092F94FF48270A047084B01461860287882
S21401EF3028B1BDE838404FF482721AF084B938BD62
S21401EF4050310020E0A303001C27002018270020D2
S21401EF50084A136833B94178036141F001014170F1
S21401EF6010607047197802789142FAD003F11002C6
S21401EF701B69EFE71427002010B5044618F0BAF90C
S21401EF8028B9034B22681C60024B1B681A6010BD2F
S21401EF90102700201C2700202DE9F84F04684FEAAF
S21401EFA0042A98460AF4E06AC4F307234AEA030AE5
S21401EFB00AEB0209B9F5807F83460F46154603D949
S21401EFC01D263046BDE8F88F18F094F9064600284D
S21401EFD0F7D1124B24F47F44C3F800B024F0C704E1
S21401EFE00F4B44EA19244FEA09291B681FFA89F9CD
S21401EFF044EA090443F8044B53442A46414618465A
S21401F00019F01BFA012F04D1FF2DD9D800F8015CA5
S21401F010D7E7022F08BF20F8025CD2E710270020AE
S21401F0201C27002008B5074B1A68074B52F8040B3B
S21401F0301968064B49681B689847054B1B689888F2
S21401F04008BD00BF1C27002010270020DC0C002074
S21401F05018270020024B00221A6018F04DB900BF95
S21401F06010270020054B186808B1C3681BB100388B
S21401F07018BF012070470069F6E700BF142700207B
S21401F08010B5034C23681860FDF700FD206810BD1D
S21401F09018270020F8B504460D46014600201746FD
S21401F0A015F003FCF2F730FB194E78BB194B1B68C1
S21401F0B01C603368187058709870D870204615F028
S21401F0C0CEFB18B165B94368220E2BB90F250DE0AA
S21401F0D05979914204D008331D68002DF8D1F5E71F
S21401F0E03846A84733681B684BB9012524F47F408E
S21401F0F020F0C70040F40070FFF7C2FF8580326839
S21401F100012052F8041B15F0D0FBF8BD1425EDE7DD
S21401F110182700201C270020F8B50502C0F3072396
S21401F12005F4E0651D430F4B1B680E460433691E4C
S21401F13004465E5400F03807581811462AB10130CB
S21401F140904202D0324619F044F9240C2404354486
S21401F1503C4344EA15242D02A8B22043BDE8F840FA
S21401F160FFF78EBF18270020094B802283F8012362
S21401F17083F8042383F8052383F8062383F80723FB
S21401F18083F8082383F81D23A02283F8222C7047D6
S21401F19000E100E0034AD2F8B03043F05403C2F86D
S21401F1A0B030704700400E40054BD3F8E80010F42D
S21401F1B080501CBFD3F8EC0000F00100704700BF80
S21401F1C00081E00F1C4A136870B504460D466BB308
S21401F1D093F87D10586811F0040129D110608C2233
S21401F1E0184693F8706019F00EF980F8706022687E
S21401F1F0C0F85A20A288A0F85E20A27980F8602084
S21401F20003462868D864AA79A98883F85220FF2281
S21401F21083F8752083F8762040F6FF72A3F86E20F7
S21401F220064AA3F85010116859601360184670BD5D
S21401F2301A1D0346CBE700BF242700202027002005
S21401F240054A0346106800B97047B0F86E209A4226
S21401F250FAD04068F7E700BF20270020054A03469A
S21401F260106800B9704790F870209A42FAD040684A
S21401F270F7E700BF2027002010B9024B1868704737
S21401F2804068704720270020114A00232DE9F041ED
S21401F2908C2113608046024601200EF0C7FB04460F
S21401F2A020B90C4E05463060A84502D82046BDE878
S21401F2B0F08101200EF038FC07468C220021013532
S21401F2C019F0A1F887F8705037603E1DECE700BFD3
S21401F2D0202700202427002010B501238B4090F81A
S21401F2E0711021EA030149B2044680F87110002921
S21401F2F049D115F08CFA204617F03CFB102104F199
S21401F300180019F066FF2046FEF720FF04F13800CA
S21401F31019F04CFC204617F092FA214A13681BB1EB
S21401F3209C42596830D11160A36859050BD51A055E
S21401F33009D443F40063A18994F87000A36004F132
S21401F3407802FFF709FB00236360204619F04FFBA4
S21401F35015F0DEFB94F870304FF48072B2FBF0F2D9
S21401F36042430344B3FBF2F102FB1133DBB2591EF5
S21401F370C9B2FD29F5D884F8703000236360094BC3
S21401F3801A6852B91C6010BD1A465B68002BCBD0B8
S21401F3909C42F9D163685360C6E7131D5268F0E7D3
S21401F3A0202700202427002010B5084C206830B9FB
S21401F3B0074BBDE81040186001200EF085BB43687E
S21401F3C090F871102360FFF787FFEFE720270020F2
S21401F3D02427002090F8743003F00B03013BDBB2C6
S21401F3E00A2B9ABF014AD05C00207047EEA30300A7
S21401F3F01FB5014690F870308DF80430FFF7EAFF2C
S21401F400B1F86230ADF80630B1F86430ADF80A30C4
S21401F410B1F866308DF80C00ADF8083001AAB1F8E5
S21401F4206C300548ADF80E3040F2031119F0F3FACE
S21401F43005B05DF804FB00BFD026002007B590F8A4
S21401F44070308DF8051001AA40F2072103488DF8A7
S21401F450043019F0E0FA03B05DF804FBD026002072
S21401F46038B50A4B1B6804460D462BB143699B070A
S21401F47002D515F0B0FE30B120682A460421BDE859
S21401F480384017F08AB9A3699D6138BD2827002046
S21401F490014B1860704700BF28270020024B1868F0
S21401F4A0003818BF012070472827002013B50446EE
S21401F4B0019120B901A819F079FB212012E0084634
S21401F4C00029FAD019F0F7FB80B20028F2D0094BD8
S21401F4D001991B6820464BB1984728B901992046E7
S21401F4E0FEF710F802B010BD0020FBE716F094FB03
S21401F4F0F3E700BF2827002038B5436A59040446BD
S21401F50015D4134A92F82B20012A03F400430FD195
S21401F510826A92040CD4002B01460CBF532014209F
S21401F52014F0A5FB18B9636A43F00803636238BD9B
S21401F530002BFCD1074D20462946FDF7A1FF0028E8
S21401F540F5D12868AA88AB792060A280A371EAE782
S21401F55058260020672600202DE9F041164D85F833
S21401F5602A0038B300EBC000C100002301220420AA
S21401F5700EF05CFA044650B904200EF0D5FA48277E
S21401F5802860A04695F82A30A34203DC00242046D2
S21401F590BDE8F0812E6807FB046614220021C6F838
S21401F5A0188006F1340018F02EFF304615F02DFCB9
S21401F5B00134E7E72860E9E758260020074B93F86F
S21401F5C02A20824281BF1B6800EBC00003EBC00308
S21401F5D0586A8CBF00F001000020704758260020B2
S21401F5E008B50146FFF7EAFF40B1054B1B6801EB82
S21401F5F0C10103EBC103586AC0F3C02008BD00BFB8
S21401F600582600202DE9F04F384A93B05168074636
S21401F61010680FAB03C39068354A1860146807EB8F
S21401F620C70304EBC30412AAE37B94F82E8094F874
S21401F6302F6002EB430333F80C1C636ADA0447D4E9
S21401F640012641F01001B04694F80D9094F831501F
S21401F650C3F3404A5B0348BF4AF0020A8BB289F003
S21401F6600809B8F1010F0B9304F1070BD4E907233E
S21401F670C9F3C00994F9324009D0B8F1020F06D097
S21401F680B8F1040F14BF4FF000084FF00308012E25
S21401F69005D0022E03D0042E14BF002603263846BA
S21401F6A0CDE90C23FFF79CFF0121CDE90760CDE9E9
S21401F6B00051CDE90548CDE903BADDE90C230B99E4
S21401F6C0CDF80890384601F021FB13B0BDE8F08F65
S21401F6D0A26A950648BF41F02001500648BF41F096
S21401F6E04001DA0348BF41F00401ADE7FAA3030085
S21401F6F05826002070B50C4B93F82A601C68002130
S21401F7008E4202DCFF25284670BDCDB22846FFF7A3
S21401F71055FF28B1E37B012B02D1636ADB06F2D4E5
S21401F72001314834ECE700BF58260020014B93F81E
S21401F7302A0070475826002070B504461546FFF784
S21401F7403DFFB8B10E4A136804EBC40403EBC403CF
S21401F750E6005B6A13F010040FD0C3F300330B709E
S21401F76013683344DB7B5A1E042A04D8033B18BFB4
S21401F77001232B7070BD0023FBE72046FAE700BF8C
S21401F780582600203F4A70B5146800EBC00304EB0E
S21401F790C3040646636A5B0704D500231A46194666
S21401F7A001F096FB636A9D0706D53046FFF72AFFF0
S21401F7B0636A23F002036362636A18070CD5A279B1
S21401F7C02146C2F3C002304601F020FB0546E8B9E7
S21401F7D0636A23F008036362304615F0CBFC0546E6
S21401F7E0A0B9626AD10611D5D30404D5304614F007
S21401F7F03CFA40B11BE01206E37B09D4E37B626A64
S21401F800023B012B15D9616A48071FD4284670BDF3
S21401F81003F0FB03012BF6D02169304601F01CFBF7
S21401F820636A256123F0800363620028E6D00546FB
S21401F830ECE7D305E7D56169304601F02BFB0023E1
S21401F8406361636A23F480736362D2E7E37BA28D0C
S21401F850012B03D1A2B1802A28BF802211F0400FCC
S21401F86094F830304FF0010118BF0123304601F003
S21401F8702FFB0028DBD1636A23F004036362C5E72C
S21401F8804022EBE7582600202DE9F041114D0024D7
S21401F890482795F82A30A34201DCBDE8F081E6B29C
S21401F8A03046FFF78BFE98B1286807FB04F8404402
S21401F8B0436ADA060CD55B040AD4FFF71DFE2B68F3
S21401F8C0434430465A6A42F006025A62FFF75AFF2C
S21401F8D00134DEE7582600202DE9F04FDFF8489284
S21401F8E0D9F8004000EBC00304EBC30404F1100A8E
S21401F8F089B0804650460E46174619F057F904F16E
S21401F90014031846029319F051F9002019F013FB5D
S21401F9100546002800F00381012F40F2726718BFE8
S21401F9201F27012EA6735CD0022E0CBF06260426C6
S21401F9300221284615F08DFA0121284615F089FA8C
S21401F9403146284615F085FA284619F0B4F986B2EC
S21401F950B91B012300930A2242F6072389B22846DF
S21401F96015F0C7FA0644B6B2B91B04230093122257
S21401F97042F6042389B2284615F0BBFA0644B6B20D
S21401F980BB1B012B069503932DDC002399F82B2036
S21401F990002A00F0A480504619F008F9636A256130
S21401F9A043F080026262DB0400F1AB8099F82B0021
S21401F9B0002840F0A68019F0BEFA0790002800F053
S21401F9C0A080394615F050FA002800F0A48002986D
S21401F9D0079D19F0EBF8636A656143F4807363620F
S21401F9E08FE00526A4E7002019F0A5FA0790002865
S21401F9F0CBD0BB1E9B1B02211FFA83FB00F0E2FF4C
S21401FA008345064611D22BF001018AB2411A07A896
S21401FA10049219F0F2F9049A164602223EB90798A2
S21401FA20F0B907A819F0C2F8AFE70322F6E7711C90
S21401FA3006980492C9B215F00CFA049A0698114673
S21401FA4015F007FA079906A819F051FA002019F0DF
S21401FA5072FA0790002836D0ABEB06031FFA83FB39
S21401FA605B46022B38BF02239A1E92B20F2A31D967
S21401FA701021049200F0A6FF049A824203461FD288
S21401FA8022F00F018AB29346411A07A819F0B5F978
S21401FA905B460622591C06980493C9B2059215F0D6
S21401FAA0D8F9059A0698114615F0D3F9079906A8CC
S21401FAB019F01DFA049BB21C13449BB23EB965E7CC
S21401FAC040B10722E6E707A819F070F8334602337B
S21401FAD09BB25BE707A819F069F83346EEE7039A8D
S21401FAE0D11A89B2284615F0BFF90646504619F0D4
S21401FAF05DF8636A256143F080026262002E3FF47E
S21401FB0052AF606A10F010000AD0404609B0BDE856
S21401FB10F04FFFF737BE07A819F048F8F1E71A20AB
S21401FB2009B0BDE8F08F00BF5826002070B5054625
S21401FB3014461E46FFF742FD30B3144B186805EB1A
S21401FB40C50500EBC500426A93050BD4A1F120055B
S21401FB504FF6DF739D4217D8A4F120059D4213D8B6
S21401FB60A14211D8C3698B4202D1036AA34204D0D1
S21401FB70C0E9071442F0020242629DF8103080F894
S21401FB8030308685002070BD2120FCE758260020F5
S21401FB90044A116800EBC00301EBC301CA7B15F0F0
S21401FBA001BA00BF58260020F8B505460C46FFF7F7
S21401FBB005FD28B3052923D8124E336805EBC50287
S21401FBC003EBC203D700186919F075F81F2817D878
S21401FBD033683B44586919F06EF81F2810D8012C79
S21401FBE00ED0231F012B0BD93168394422464B6AAC
S21401FBF023F482534B622846BDE8F84015F0D2B98B
S21401FC002120F8BD5826002070B50546114890F809
S21401FC102A4003680022944201DC1A2016E0596A41
S21401FC20CE0714D493F83960760710D40A4CD0F86E
S21401FC300F00A688186041F00901A0799871D4B226
S21401FC409E8059622046FFF7DDFC2C7070BD0132A4
S21401FC504833E0E7582600206726002070B5FFF7F6
S21401FC6049FDFF28044615D00B4D03B2286803EB67
S21401FC70C30300EBC300DE00436A23F010034362B4
S21401FC8015F0B9F82968314420463431BDE8704092
S21401FC90FEF72EBB70BD00BF582600208378122BBE
S21401FCA02DE9F0410F464BD10B689A790C3213447B
S21401FCB0DD781E790DB145F480553046FFF77EFCA0
S21401FCC048B3DFF88080D8F8002006EBC604E100D0
S21401FCD002EBC404636A23F01003636205BBA369E5
S21401FCE0A56140F2032083F87660A3F872005058AD
S21401FCF0A188A279C3F85A00A3F85E1083F86020A1
S21401FD0008F12E01184600F009F92222294608F1C9
S21401FD102E0018F078FB3846BDE8F04118F046BFD3
S21401FD20204615F068F8636A5A0603D523F04003A7
S21401FD306362F0E704F134013046FEF7D9FAEAE7E8
S21401FD40BDE8F0815826002073B5144D144C6A683E
S21401FD50236802F0800103F002030B431BD0530615
S21401FD6054BFA67A0126FDF723FB0196837983F01B
S21401FD700803C3F3C0030093E388A288217A607A5C
S21401FD8000F080FF40B9236823F0020323606B680C
S21401FD9023F080036B60002002B070BD582600205F
S21401FDA02C270020064B0121A3F108020020C3E9FD
S21401FDB0000043F8081C4FF010135360517270474F
S21401FDC034270020014B187B704700BF2C270020EA
S21401FDD0024BD87A003818BF012070472C27002024
S21401FDE070B5224E716811F002013AD1204D2B6890
S21401FDF0580706D5084600F06BFF2B6823F004036E
S21401FE002B602B68726803F0080302F004021343A8
S21401FE1010D0FDF7CDFA83791A071FD5FEF7F4F84F
S21401FE200446C8B92B6823F008032B60736823F0D7
S21401FE3004037360FFF788FF044668B9EB7A5BB189
S21401FE402B685B0708D40121084600F041FF50B932
S21401FE502B6843F004032B60204670BDFEF7B8F80C
S21401FE60DEE71124F8E70446F6E700BF582600202F
S21401FE702C270020032805D10A4A136843F00803FB
S21401FE80136008E0012808D1064BDA7A42B11A68F5
S21401FE9042F008021A60FFF7A3BF10F0FD0FEBD087
S21401FEA0002070472C270020094B10B5002058620F
S21401FEB0FFF7E2F904461CB9BDE81040FFF774BA33
S21401FEC0204641F2160115F0A7F86468F3E700BF73
S21401FED058260020A0F11B03E02B10B5044618D8C5
S21401FEE0042142F2240014F014FB6FF06F034371F7
S21401FEF042238371A0F803400748F8F769F914F024
S21401FF004CFB407920B114F048FB407940F4805016
S21401FF1010BD2120FCE700BFA925030037B50D461B
S21401FF20044615F0A0F86988204614F0E6FD6A7EBE
S21401FF302B7E43EA0223A4F862306A7F2B7F43EAD2
S21401FF400223A4F86430EA7EAB7E43EA0223A4F8D7
S21401FF5066301B23A4F86C302D4BDA8B1B8CA4F86F
S21401FF606A30022384F87230A4F86820204614F020
S21401FF704DFC204616F0D9FC94F87330022B15D1AF
S21401FF8001F0F8F870B194F9753001330AD1A3681D
S21401FF90052143F480532046A36003B0BDE83040FA
S21401FFA015F0C1B80021204614F0AAFD0021204614
S21401FFB000F00CFA288C4FF6FF73984225D000F01B
S21401FFC0A5F9009400F090F96A46ADF8040040F2F5
S21401FFD00621104818F01FFD002240F2022120469B
S21401FFE018F0D5FC2046FFF703FA204616F0A9FCC8
S21401FFF0204600F01BFEA36823F48043A360012182
S214020000204615F098F803B030BD0020D9E700BFAF
S21402001058260020D026002007B54FF4887190F8A5
S214020020703004488DF8043001AA18F0F4FC03B0CE
S2140200305DF804FBD02600202DE9FF410378302B23
S21402004004460E4639D006D8052B25D0082B41D0BB
S21402005004B0BDE8F0813E2BFAD183780C2B4BD846
S214020060022BF5D9033B092BF2D801A252F823F052
S214020070090102006F020200510002005100020054
S2140200800702020051000200510002005100020065
S214020090510002005B020200B0F80300FFF7D0F83E
S2140200A028B1617909B141F4805114F0B5FF3046A8
S2140200B004B0BDE8F04118F079BDB0F80300FFF7D0
S2140200C0BFF80028F3D0A17809B141F4805114F0AA
S2140200D0FCFFECE7B0F80300FFF7B2F80028E6D022
S2140200E0627990F8743022B143F0010380F87430DC
S2140200F0E9E703F0FE03F9E7212B00F0CD80292B78
S2140201001FD0202BD3D0A3E78088FFF799F80028CA
S214020110CDD0E278002ACAD1E179A27942EA012258
S214020120A0F86220E17AA27A42EA0122A0F86420CC
S214020130227A617A42EA0122A0F86620FFF758F98D
S214020140B5E7C7783C2F00F1020502D1FFF786FD1E
S214020150ADE790F80680B8F1000F23D15E4A546AE4
S214020160C2F82480CFB147F480572946204614F0BF
S2140201707AFFE76084F8728001AA40F201212046E5
S214020180CDE9014718F047FCA36843F48063A360F7
S21402019041462046FFF7A0F889E729462046FFF7A2
S2140201A0BDFE84E7408C4FF6FF73984220D000F0E5
S2140201B0ADF8E8B101A8E27904F10801FDF73EF9CD
S2140201C001A814F0A3FF28B140F20322A0F872207F
S2140201D02946E4E7032140F2064014F09AF9A38880
S2140201E0A0F803300D2343713C48F7F7F1FF5EE7B2
S2140201F03B4B223455F8042B43F8042BA542F9D185
S2140202002A881A8053E7B0F80300FFF719F8002887
S2140202103FF44DAFB4F8053090F87020A0F86C307B
S2140202208DF80420ADF80630227AE37943EA0223F9
S214020230ADF80830A27A637A43EA0223ADF80A30B0
S214020240227BE37A43EA0223ADF80C3001AA40F29D
S2140202500911244818F0DFFB29E78088FEF7F0FF33
S21402026000283FF424AFA179FFF7E8F81FE780885B
S214020270FEF7E6FF00283FF41AAF90F870308DF8CC
S2140202800430D4F80630CDF80530D4F80A30CDF86C
S214020290093001AA0E21DCE78088FEF7D1FF00288C
S2140202A03FF405AF90F870308DF80430E3788DF89F
S2140202B00530A3798DF80630E3798DF80730237A76
S2140202C08DF80830637A8DF80930A37A8DF80A30F3
S2140202D001AA4FF40371BCE7582600208D240300C0
S2140202E086260020D026002050B1074B1B68C31A72
S2140202F0807A0C22B3FBF2F340EA032080B2704706
S2140203004FF6FF70704700BFE00C002009490B7AD9
S21402031009680246FF2B01D10020704703EB430316
S21402032001EB830031F82330C3F30B039342F4D07E
S214020330C37AEFE7E00C002008B5054B054A1978AA
S214020340054818F07DFF054BF7221A8008BD00BF4E
S214020350C331002006A4030051310020EE0F002016
S21402036010B5044670B30068836CA34222D163685A
S21402037083641549224618F016FB04F10C0018F0A7
S21402038036FB04F1440018F011FCFFF787F858B169
S214020390A06948B1143018F009FCA069183018F0AA
S2140203A005FCA0690DF0D2FD2046BDE810400DF018
S2140203B0CDBD1346002BDCD05A68A242F9D1626842
S2140203C05A60D6E710BD00BF67520300F8B505466F
S2140203D048200E4618F039FF294F0446387818B1DF
S2140203E04822214618F02FFF8CB1FFF757F898B134
S2140203F01C2018F02AFF0146A061387810B11C2292
S21402040018F021FFA3692BB920460DF09FFD0024AA
S2140204102046F8BD00221A700321284614F070FB0D
S214020420AB6C6360AC641723268100266381154992
S214020430256022462677666428460DF06BFA04F09D
S21402044015F93246014604F10C000DF063FA022358
S2140204502374FFF723F80028DAD00B4B19881729E4
S214020460D6D9204614F0DBFB0028D1D11221204633
S21402047014F0BEFE636943F002036361C8E700BF7F
S2140204805131002067520300EE0F0020F8B50546F2
S21402049010B3002920DB114C2468247E8C421BDD1D
S2140204A03F2919DC01F0030600EBA101760091F862
S2140204B031400327B74002F0030224EA0704B240A1
S2140204C0224381F8312013B1002114F04BFF284655
S2140204D0BDE8F84014F0A3BFF8BD00BF44270020D3
S2140204E070B5164600221A7032800A7A0D46072A1E
S2140204F04DD8DFE802F004090D111A1E304AE868EA
S21402050030F8023B338043E0EB68981D5B88F9E7DE
S214020510EB68981D9B88F5E7697B1E4B14F06FFF0E
S214020520022218803280184632E002231A483380AC
S2140205302EE01A4C2B7B23702B88E88901336370DC
S2140205402B8801331B12E11CA37000F0A1F90330C3
S214020550308020461CE0124CA889EB89A370020A60
S2140205601B0A20706270E37000F006FA58B1C36886
S2140205701A88022A07D19A782271DB7863710623D9
S2140205800748338004E00423FAE780221A7000202A
S21402059070BD00BF6B31002016A403005831002046
S2140205A052310020054A064B1860136843F00103D7
S2140205B01360044B828B1A80704700BF3C270020D2
S2140205C044270020342F00202DE9F04F504E376884
S2140205D08FB0002317F00807CDE90433CDE90633C0
S2140205E005460DD04B4B014603F1100253F8040B9F
S2140205F041F8040B9342F9D100200FB0BDE8F08F0A
S21402060010200DF091FA044600287ED00EF03DFB35
S2140206100220EDF7DDFB01462046EDF701FC00283F
S2140206206DD1802204A92046EFF754FF002866D138
S214020630B946394B1B68D988BAB2914219D82946AD
S2140206402046EFF79DFF2046EDF7CEFB2146102011
S2140206500DF08CFA2F4B294605F1100251F8040BC7
S21402066043F8040B9142F9D1336843F00803336030
S214020670C2E71A68ADF80E901FFA87FB4FEA0B180E
S21402068002EB0B1B5846019215F0B1FA8246584609
S21402069000F046F920B3AAF520539BB2032B019A29
S2140206A002D9BAF5245F1DD132F80830ADF82030F1
S2140206B00DF10E0259460DF10D030020ADF822A0F1
S2140206C0FFF70EFFBDF80E20014609A817F0B5FE8B
S2140206D0BDF80E2008A904322046EFF73FFF70B996
S2140206E00137A6E70AF55643FF339BB2042BF7D829
S2140206F032F80830ADF82030ADF822A0E8E701461F
S21402070040F2074000F0DAFD9DE71A2075E700BFC9
S2140207103C2700206D31002044270020144B1B6824
S21402072013F0040370B5014606D0124B1C68E38929
S214020730002290B2834209D80F4A1468E589002243
S21402074090B285420AD84FF6FF7006E0A56835F8E3
S21402075012508D4202F10102EBD170BDA66836F846
S21402076012608E4202F10102EAD1034498B2F4E723
S2140207703C2700204027002044270020094B1B6806
S2140207805B070AD5084B1A68D389834203D9936854
S21402079033F810007047C01A80B2044B1B689B687F
S2140207A0F6E700BF3C270020402700204427002011
S2140207B038B50468094905460C22204617F0F9FDAB
S2140207C050B90749022204F10E0017F0F2FD18B9DB
S2140207D00C342C60022038BD1020FCE719A403005C
S2140207E027A403002DE9F743102801910BD0022815
S2140207F004D04FF6FF7003B0BDE8F083019B188863
S214020800FFF78CFFF7E701A8FFF7D2FF0228F5D023
S2140208101028EED11B4B019F1E6816F0040608D066
S214020820194BD3F80080B8F816600024A5B2AE4281
S2140208301AD8164BD3F80080B8F816900025ACB23A
S2140208404C45D6D2D8F81000102200EB05103946D7
S21402085017F0AFFD01350028F1D1A0196FEA40402C
S2140208606FEA504080B2C6E7D8F81000102200EBBC
S2140208700410394617F09DFD01340028D6D145F400
S2140208800040B8E73C2700204027002044270020ED
S214020890020408B51DD5124B1B685B07C0F30E0099
S2140208A013D5104B1A68D38A98420CD2136903EBFD
S2140208B0001000F1100350F8042B41F8042B984264
S2140208C0F9D1102008BDC01A80B2074B1B681B69FD
S2140208D0EDE7FFF753FF0870000A48700220F1E7C1
S2140208E03C27002040270020442700200B4B1B6893
S2140208F070B51D68044642F60306A5420AD2204693
S21402090029B915F074F9B04206D1103402E015F098
S21402091078F908B1204670BD103CEEE74427002067
S214020920437ADA0702D5C3F380007047034BC288C6
S2140209301B881A4214BF012000207047342F002063
S2140209400A4B1B68DB0708D570B1094B1B68DB88AE
S214020950834234BF00200120704728B1054B1B8814
S214020960834294BF00200120704700BF3C2700202E
S21402097044270020362F002070B50246FFF7E0FF1E
S214020980E8B10F4B1968CD88954209D302F1805021
S21402099001380B68040103EB00101B5B93420ED078
S2140209A0002398B2854201D8002008E00E681C0198
S2140209B006EB0310345B944203F10103F1D170BDE0
S2140209C0442700202DE9F3410025184F01900E46DA
S2140209D0A8463A68D188ABB299421DD91468ABB220
S2140209E004EB0314B4F90430002B1CDA2046FFF79C
S2140209F097FFC0B1E1680B889E4214D13246019837
S214020A00023118F096FBE3681B8882B2934207D045
S214020A10114601A818F0F1F9404602B0BDE8F0818F
S214020A2043441FFA83F80135D3E700BF442700206A
S214020A3038B5124B42891B888B4228BF0B46172BB0
S214020A400446B8BF17234381114614F0A6FB636918
S214020A5023F002036361A3699D693DB100229A6196
S214020A6029462046BDE83840FEF7FABC40F2094166
S214020A70204614F0BAFBA3691D7038BDEE0F0020A5
S214020A800148FEF705BD00BF7546020008B5002105
S214020A9042F20E0013F03DFDBDE808400148F7F7AC
S214020AA097BB00BF7925030038B590F87230032B48
S214020AB00446154606D1FFF7E9FF012384F8723093
S214020AC0002019E0C9B9012B2DD9032140F20640B6
S214020AD013F01FFDB4F86E30A0F8033045711348CA
S214020AE0F7F776FB13F059FD8378002BE5D013F069
S214020AF054FD807840F4805038BDA3B102214FF6F1
S214020B00044013F006FDB4F86E30A0F8033008482F
S214020B10F7F75EFB13F041FD4379002BCDD013F0BF
S214020B203CFD4079E6E70220E6E700BF8D2403009D
S214020B30C3240300F8B507460E4642F213000E2100
S214020B4015461C4613F0E5FCB7F86E30A0F80330E5
S214020B50BDF81830A0F80B30BDF81C30A0F80D30E8
S214020B60BDF82030A0F80F30A0F80560A0F80750B6
S214020B70A0F809400648F7F72BFB13F00EFD807825
S214020B8020B113F00AFD807840F48050F8BD00BF13
S214020B9005250300F8B50D4607461C2142F219004A
S214020BA01C46164613F0B5FCB7F86E30A0F80330B4
S214020BB02B68C0F805306B68C0F80930A0F80D60E5
S214020BC023460F3004F1100253F8041B40F8041BAE
S214020BD09342F9D10648F7F7FBFA13F0DEFC807869
S214020BE020B113F0DAFC807840F48050F8BD00BFE4
S214020BF0B523030070B506460D4642F27A0004217C
S214020C00144613F086FCA0F803604571847106480A
S214020C10F7F7DEFA13F0C1FC407920B113F0BDFC01
S214020C20407940F4805070BD0729030010B50221B8
S214020C30044642F2300013F06CFCB4F86E30A0F8B2
S214020C4003300F48F7F7C4FA13F0A7FC437963B9E9
S214020C5013F0A3FCC088FEF7F3FA044628B113F09B
S214020C609CFC017A2046FEF7E9FB13F096FC4079DD
S214020C7020B113F092FC407940F4805010BD00BFC2
S214020C8081850100F8B507460E4642F2410008216A
S214020C9015461C4613F03DFC9DF81830C3709DF8AF
S214020CA01C30037147718671A0F80750A0F80940FE
S214020CB00648F7F78DFA13F070FC407920B113F06E
S214020CC06CFC407940F48050F8BD00BF31820100D0
S214020CD038B505460C4642F24200062113F019FCCE
S214020CE0002343718371C3710372C5700471064891
S214020CF0F7F76EFA13F051FC407920B113F04DFC71
S214020D00407940F4805038BD898201002DE9F041D7
S214020D1006460F4642F23600192115461C46DDF8F5
S214020D20248013F0F6FB2B0AC371230A83729DF804
S214020D30183003739DF81C308571447243732D0C72
S214020D409DF82030C670240C87800572C4728373A7
S214020D50D8F80030C0F80F30B8F80430A0F81330D6
S214020D609DF8283043759DF92C3083759DF83030F8
S214020D70C375002303769DF8343043769DF83830E9
S214020D80C37686760648F7F723FA13F006FC407910
S214020D9020B113F002FC407940F48050BDE8F081A7
S214020DA02983010038B505460C464FF61940052141
S214020DB013F0AFFBC57044600648F7F709FA13F064
S214020DC0ECFB407920B113F0E8FB407940F4805008
S214020DD038BD00BF6121030038B505460C464FF604
S214020DE01A40052113F095FBC57044600648F7F7D4
S214020DF0EFF913F0D2FB407920B113F0CEFB407925
S214020E0040F4805038BD00BF9121030070B50D46F6
S214020E1006460121DAB1FFF7C5FF0446A8B9072145
S214020E2042F2350013F075FBC6702B684360AB8840
S214020E3003810848F7F7CCF913F0AFFB437923B1E7
S214020E4013F0ABFB447944F48054204670BDFFF7A0
S214020E50C3FFE2E72123030010B50A460446042135
S214020E6042F2370013F06AFB032303710023437137
S214020E708371C4700648F7F7ABF913F08EFB40791E
S214020E8020B113F08AFB407940F4805010BD00BFB9
S214020E901522030010B50A460446042142F2380021
S214020EA013F04CFB03230371002343718371C47058
S214020EB00648F7F78DF913F070FB407920B113F06E
S214020EC06CFB407940F4805010BD00BF61220300E5
S214020ED0F8B506460F4642F23900062114461D466C
S214020EE013F017FB01238471240A0371C77046713D
S214020EF0C47105720648F7F76BF913F04EFB40799A
S214020F0020B113F04AFB407940F48050F8BD00BF90
S214020F10AD2203000148FCF7A9BF00BF210F020063
S214020F202DE9F04F867987B00C3605900546805B32
S214020F30C0F30B00FEF784F9044618B905A817F0AB
S214020F4035FE4EE090F87230022BF7D1AB5B059A75
S214020F50C3F30B0103F44053B3F5805F9060A953CB
S214020F6042D153796FF300035371836B002BE5D0A4
S214020F70042105A804F1380617F018FF0599304633
S214020F8017F0FBFEA06B002301465A1CA9BBDBB27E
S214020F90012B01D917F062FFA06B17F08CFE032815
S214020FA01FD9D4F8389099F80670484617F083FE91
S214020FB00C3709EB070539F80770A0F10408474516
S214020FC022D9524FD4F838A007F1100957F804BBBB
S214020FD05346424629462046D8474F4510D0002859
S214020FE0F4D007B0BDE8F08F383017F0DFFD059A71
S214020FF0537943F001035371BAE709681346C4E70D
S2140210000028EED130469AE7A06B17F054FE04375C
S2140210108742F7D36988A1F140033F2B0BD80421FE
S214021020304617F0C3FEA26B6988204615F0FFFB18
S2140210300023A363D5E705290BD0062961D004292E
S214021040E0D1304617F0B2FEA16BA06CFEF72EFA86
S214021050EEE72946204615F0E8FB02460028D1D1E5
S2140210602B79122B06D0132B36D06979204615F031
S214021070B4FBC7E794F87330022BF6D029898B1F8E
S2140210809BB240F67A40834224D86A89931F9BB269
S21402109083421FD891421DD8AB89B3F5FA7F19D285
S2140210A0EF89A7F10A0080B240F6764C604511D867
S2140210B0B4F86A000290B4F86800CDE900702046E1
S2140210C0FFF738FD021E18BF01226979204615F087
S2140210D040FB97E70122F8E794F87330012B03D11F
S2140210E06979204615F079FBA3681A048AD523F499
S2140210F00043A3602B89012B84D12046FEF78CFF88
S21402110080E7A16B204615F00EFC91E72CA40300A5
S2140211100C4B1A7801469AB95B689B0710D490F973
S2140211207520013218BF012291F8523013F04000A8
S21402113005D091F8600010F0400018BFD0B270479A
S2140211400122F1E748270020024B586800F002000F
S214021150704700BF48270020024B586800F008007E
S214021160704700BF48270020014B1B68184700BF86
S214021170EC0C002008B512F015FD02281BBF034B2D
S2140211805868002000F0100008BD00BF4827002065
S21402119007B502460846042802F0010113D9B1B980
S2140211A003200C4B5A6002F08003019302F04003C6
S2140211B0009302F0200302F0040200F0E1F900209E
S2140211C003B05DF804FB0029EBD00328E9D1212007
S2140211D0F6E700BF4827002038B50D490D480CF049
S2140211E0E3FE0446054688B90B4B0C4A1A600C4AC5
S2140211F05A600C4A9A600C4ADA6000F0FFF9032142
S21402120004462846FFF7C4FF084B1D70204638BD2B
S214021210EFBEADDEBEBAFECAEC0C002075150200AB
S2140212208B6D0300C115020025200200482700200E
S21402123038B5044603200CF06BFE0546D0B194F890
S2140212407030037094F8753043702046FEF7C2F88B
S2140212502A46A87040F20261074817F098FB074B2F
S2140212602046DB680121984794F97500BDE83840AE
S214021270FBF716BE38BD00BFD0260020EC0C0020BF
S21402128070B5054608200E460CF042FE044680B1B4
S21402129095F870300370074B466000212846DB68DD
S2140212A0984722460448BDE8704040F2016117F0B4
S2140212B06EBB70BDEC0C0020D026002038B505466B
S2140212C008200C460CF024FE024638B1C0E9005451
S2140212D00D21BDE83840024817F059BB38BD00BFA3
S2140212E0D026002038B5054608200C460CF010FE25
S2140212F0024650B195F870300370446040F20561C2
S214021300BDE83840014817F042BB38BDD026002061
S21402131013B504460191114612B301A904200CF03C
S21402132099FE019B104AB3FBF2F102FB11330193C3
S21402133045F2180201AB0021204615F089FC082070
S2140213400CF0E6FD024648B194F870300370019B3B
S214021350436040F20461054817F019FB02B010BD65
S21402136001AB45F21802E8E740420F00D026002003
S21402137010B5044601200CF0CBFD024648B194F8A5
S21402138070300370BDE81040024840F2036117F067
S214021390FEBA10BDD026002038B5054608200C46F9
S2140213A00CF0B6FD024650B195F8703003704460FA
S2140213B040F20761BDE83840014817F0E8BA38BD88
S2140213C0D0260020014B5B68184700BFEC0C0020BB
S2140213D010B50F4C2068D0B10023037780F83D305B
S2140213E080F85E3020219F3017F0F3FE20686021DF
S2140213F05F3017F0EEFE206821211D3017F0E9FE5F
S21402140020682121BDE810403E3017F0E2BE10BD34
S21402141050270020F0B50D468FB0064614463249D6
S2140214202022284616F0C5FF70B9304920222046F1
S21402143016F0BFFF40B92E4B1B681B7D002B51D008
S21402144040F203400FB0F0BD366C202206F1540184
S214021450284616F0AEFF38B9202206F1740120465F
S21402146016F0A7FF0028EBD068460DF0F3FE06AA9A
S2140214702B4605F12007154618685968164603C616
S2140214800833BB423246F7D12021284617F093FE96
S2140214902022294668460CF012FF224602F1200658
S2140214A02C4610685168234603C30832B2421C46D3
S2140214B0F7D12021284617F07EFE2022294602A8D0
S2140214C00CF0FDFE012104A80CF0C9FE084B1868BA
S2140214D06946C030ECF758FD044668460DF0E9FE52
S2140214E0002CADD10020ADE712A50300F2A4030044
S2140214F05027002010B50446006C30B94FF4BE7079
S21402150017F0A3FE206420B910BD4FF4BE7117F089
S21402151060FE226CFF2382F87A31A3681B0603D58D
S214021520054B13600120EFE794F87300034B044960
S214021530012808BF0B46F4E71772030019250200BC
S214021540B1200200036C53B983681B0609D490F8D5
S2140215507320054B0548012A08BF184670471868CD
S21402156070470348704700BFB120020019250200E9
S21402157017720300014B1B68187A70475027002029
S21402158010B50E4C0039246818BF0121003B18BF65
S2140215900123A3749DF808302070003A18BF012278
S2140215A0003B18BF0123E3749DF80C302174003B06
S2140215B018BF01236274237510BD00BF5027002098
S2140215C001280AD002280ED098B90B4B1A689369E4
S2140215D043F00103936100207047074B1A68936932
S2140215E043F00203F6E7044B1A68936943F00403D8
S2140215F0F0E72120704700BF5027002070B51F4D2E
S214021600286838B94FF4907017F01FFE286058B952
S2140216101A2431E0C0300DF050FEFFF7D9FE2868DC
S2140216204FF4907117F0D5FD2B6815484FF0FF3137
S2140216300022D9600326102119721E7011491A77EA
S21402164083F83D2083F85E201A829A749A610CF021
S21402165061F9044680B92868C0300DF009FE286892
S2140216603146C030ECF758FF30B1224605490448EF
S21402167017F099F940F20744204670BD5027002023
S21402168054270020EF6B0300F0B583685A0689B032
S214021690044657D523F040038360FFF753FF584DA7
S2140216A0A84202D0574B98426ED194F97560771CC7
S2140216B004F134071CD112F075FA02284ED0636B7F
S2140216C01A888DF810201A46042032F8021B090ADE
S2140216D08DF81110D3F80230CDF812305368CDF8D9
S2140216E016300A2204A9FBF769FB0646701C35D0A1
S2140216F0A368D90532D42046FFF724FF854276B286
S21402170022D06B4610220321304612F07BFA0546A1
S214021710102D58D1606B04A96A460A3015F055F9A7
S21402172029460646684617F054FD002E4BD104A9FA
S2140217302046FCF785FC294604A817F04AFD3846E1
S21402174015F09BFA09B0F0BD6B4610220521304613
S21402175012F058FA05460028D3D0D9E794F8743028
S214021760DA0702D4A368DB052DD5606B04F11802F4
S21402177004A90A3015F029F904A92046FCF760FCF2
S21402178010210DEB0100D8E7636B1A88DAB91E4AFE
S214021790904202D01D4A904215D1591C002211F8DF
S2140217A0010F80B90132082AF9D1226C04A902F588
S2140217B0A67203F10A0015F008F9A0B110210DEB8C
S2140217C0010017F006FD204641F20601FFF758FD1C
S2140217D020460021FCF734FC04F1340009B0BDE8D1
S2140217E0F04015F04ABA04A92046FCF729FC10215D
S2140217F00DEB010017F0EDFC04F13400A0E700BF8A
S21402180019250200B1200200E5310200194002004B
S21402181038B504460D460520022115F064F9024645
S214021820C0B18379034406215D73204614F0B5FFE8
S21402183045F490512046FFF723FD94F87310064BAB
S214021840064A2046012914BF11461946BDE838400B
S21402185015F0DAB938BD00BFB12002001925020022
S2140218602DE9F043DFF838911F46D9F800301546C7
S2140218701A7F022A8BB080460E461DD103F15F0402
S21402188003F17F0254F8041B46F8041B9442F9D174
S21402189003F19F0254F8041B45F8041B9442F9D145
S2140218A0BF3354F8042B47F8042B9C42F9D1B8F105
S2140218B0000F66D1002442E09C6914F001041BD09C
S2140218C0334B03F1200253F8041B46F8041B9342E1
S2140218D0F9D1304B03F1200253F8041B45F8041BE0
S2140218E09342F9D12C4B03F1200253F8041B47F81C
S2140218F0041B9342F9D1DAE704A80DF0ABFC02A868
S2140219000CF026FCD9F80000244B009404AA02A985
S214021910C0300DF0EDFB0446A8B104A80DF0C9FCDA
S21402192002A80CF01AFCB8F1000F03D008214046BA
S214021930FFF76EFF214640F20740FFF7BFFC204646
S2140219400BB0BDE8F0833146202204A80CF0CDFC93
S2140219502946202206A80CF0C8FC2022394602A8F6
S2140219600CF0C3FC04A80DF0A4FC02A80CF0F5FBD6
S2140219703046202117F01FFC2021284617F01BFCBA
S21402198095E7002245F21601404615F053F991E715
S2140219903CA403005DA403007EA40300856A030042
S2140219A0502700202DE9F34790F87380056CB8F1B4
S2140219B0010F044604D195F86C31002B40F04F819C
S2140219C095F8783195F86D91032B00F2E880DFE800
S2140219D003F0027EA6CB19F0010F73D01121062068
S2140219E015F081F88246002800F0398186790C3697
S2140219F00644771C1021384615F035F9014658B1D1
S214021A0020460821FFF704FF002140F2074002B0FB
S214021A10BDE8F047FFF752BCA07CC0F11002384484
S214021A2016F0F1FC95F97A013B461022052112F0D8
S214021A30BBF858B1002140F21B40FFF73FFC0821DB
S214021A40204602B0BDE8F047FFF7E2BE12F0AAF861
S214021A5002280FD1B8F1010F0CD004F11803113689
S214021A6057F8042B43F8042BB742F9D1A36843F482
S214021A708073A36052460621204614F08EFE0B2188
S214021A80072015F030F80746002800F0E88086792F
S214021A9095F97A310C36064443F43F43A6F80130F2
S214021AA00821F01C15F0DFF895F97A01731C0A225A
S214021AB0042112F079F80028BCD13A4606212046C5
S214021AC014F06BFE95F87831013385F8783119F009
S214021AD0020F1FD01121082015F005F8064600282F
S214021AE000F0BD8081790144002301AA0D31FF2058
S214021AF0019315F0ECF840B108212046FFF788FE66
S214021B00019940F20740FFF7D9FB324606212046EC
S214021B1014F043FE95F87831013385F8783119F0E0
S214021B20020F1CD00821092014F0DDFF074600280A
S214021B3000F0958086790C360644FBF735FC8379EF
S214021B4083F00803C3F3C00373700368C6F8023059
S214021B508388F3803A460621204614F01EFE95F846
S214021B607831013385F8783119F0040F12D011213B
S214021B700A2014F0B8FF0646002870D08079304458
S214021B801022AB210D3016F03EFC324606212046CE
S214021B9014F003FE95F87831013385F87831B8F100
S214021BA0010F08D0236C93F86C31002B57D195F8AF
S214021BB07831042B53D1A36C95F97A013133102274
S214021BC00B2111F0F1FF80B140F21B412046FFF7D6
S214021BD057FB244B24492046B8F1010F08BF19468B
S214021BE002B0BDE8F04715F00FB8A36C95F97A017C
S214021BF0203301220C2111F0D7FF0028E4D1A36C78
S214021C0095F97A01213310220D2111F0CDFF00281B
S214021C10DAD1082295F97A0104F11003114611F07F
S214021C20C3FF0028D0D1236C93F87A2184F875205C
S214021C30FF2283F87A21D3F874315B0603D404F1C9
S214021C404C0012F019FD11F0ADFF022802BFA36886
S214021C5043F48073A3602046FFF7EAFAB9E702B0BE
S214021C60BDE8F087B1200200192502002DE9F04FE9
S214021C7097B01C46DDE92098544B229F154604AACD
S214021C8006468C4603F1100B92461868596896462B
S214021C90AEE8030008335B457246F6D16B46202257
S214021CA06146504614F006FF8346002871D1484B21
S214021CB0089365238DF824300DF1250305F11002F3
S214021CC0184655F8041B43F8041B9542F9D1102117
S214021CD017F071FA0DF1350304F11002184654F8A4
S214021CE0041B43F8041B9442F9D1102117F063FA3F
S214021CF099F8063083F00803C3F3C0038DF8453025
S214021D00D9F80030CDF846300621B9F80430ADF8DF
S214021D104A300DF1460017F04EFA98F8063083F076
S214021D200803C3F3C0038DF84C30D8F80030CDF862
S214021D304D300621B8F80430ADF851300DF14D00A3
S214021D4017F039FA00238DF854300124239B8DF8BE
S214021D505340352208A9684614F0ACFE8346C0B943
S214021D602398102117F027FA3B46352208A9684621
S214021D708DF8204014F09EFE834650B9B27C014690
S214021D80C2F11002384616F03EFB1021384617F014
S214021D9012FA1021684617F01CFA352108A817F027
S214021DA018FA1021504617F014FABBF1000F06D0AD
S214021DB008213046FFF72CFD17B0BDE8F08F5A46D3
S214021DC045F21201304614F035FFF5E79FA40300F2
S214021DD00062746C2DE9F04194B0074606A80C46E2
S214021DE0984615460DF036FA02A80CF0B1F90CAB7F
S214021DF004F1200C1E46206861681A4603C20834A5
S214021E0064451346F7D12021304617F0D4F9202234
S214021E10314606A80CF053FA2A4633462035106897
S214021E2051681C4603C40832AA422346F7D1202131
S214021E30304617F0C0F920220DEB020031460CF0B6
S214021E403EFA2021304617F0C4F901210AA80CF008
S214021E5006FA2022414602A80CF031FA04A80CF039
S214021E6077F9002104A80CF0FAF91C4B1868002335
S214021E7001931B4B009306AA02AB04A9C030EBF7F2
S214021E80EFFF0446A0B104A80CF067F906A80DF00F
S214021E9010FA02A80CF061F9214640F20740FFF75B
S214021EA00DFA08213846FFF7B3FC14B0BDE8F081FE
S214021EB01A99202204A80CF018FA04A80CF04DF97E
S214021EC006A80DF0F6F902A80CF047F9224645F2EC
S214021ED01501384614F0AEFEE7E700BF5027002093
S214021EE0856A0300F8B50446FFF712F9266C054624
S214021EF028B394F975305F1C0BD086F87A31FFF759
S214021F0023F90721012014F0EEFD024618BB1A2120
S214021F1011E02046FBF77EF886F87A01236C93F9E7
S214021F207A310133EBD1FFF70FF990B1A3685D0761
S214021F3009D441F205212046FFF7A2F907E0FF2364
S214021F4086F87A31EFE705212046FFF761FC00208C
S214021F50F8BD0025D5E7867931490C36096883191C
S214021F6091F800C083F801C091F81CE0281E18BF43
S214021F700120BEF1010F0DD183F802E0D870487C33
S214021F8000B3D87800071DD4A3685B07DBD441F200
S214021F900321D0E78F69BEF1020F07F002070ED1C8
S214021FA091F85EE0BEF1000F09D04FF0010E83F803
S214021FB002E0D870002FE2D140F00800DEE74FF0D2
S214021FC0000EF4E7BCF1030F07D0096911F0FF1FFA
S214021FD01EBFD97841F00401D97094F874108F07A7
S214021FE008D5D978480705D4BCF1030FCFD041F005
S214021FF00401D970002D18BF0325102119715D71D7
S2140220009D71216C9059C1F80600988848819B7989
S2140220100B732046062114F0C0FB012098E700BF90
S21402202050270020204B1B689B6913F0040310B551
S214022030044610D141B180F8773090F870101B48F2
S214022040BDE8104016F084BC90F87330012B03D123
S2140220508368580705D410BD022B02D1836859073E
S214022060F9D494F9772094F87730002AF3DBB3B9E1
S214022070012384F8773094F877305B08EBD04FF47E
S2140220807A72534394F87010084800220BF026FC2C
S21402209094F8773063F07F0384F87730DBE75A06EC
S2140220A0E9D45B00E5E700BF502700205427002054
S2140220B030B545F21E03994289B00446154610D83B
S2140220C045F21603994213D845F20103994200F0ED
S2140220D0A18145F20C03994222D0B1F5A04F00F03F
S2140220E09F812A46204609B0BDE8304000F0C2B9BA
S2140220F0A1F5A043173B072BF3D801A252F823F011
S214022100E9210200E3200200E3200200E3200200AD
S214022110D1230200E320020099230200D321020009
S21402212090F97730002B02DB8268530707D52046EA
S2140221300921FFF76DFB41F2092009B030BDAB79EA
S2140221402B44A04D5B7C2D686D7C03F00801D5B155
S21402215021B90321FFF75CFB2120EEE713F0040F01
S21402216003F0010308D042F00802826093B9A36824
S21402217043F02003A36013E0002BF8D0836843F0FB
S21402218010038360F3E7580744BF42F00802A260D8
S214022190DB0703D5A36843F01003A3600029E6D14A
S2140221A0A368894943F00403A360224620460BF045
S2140221B0B1FB0221204612F0A3FC47F23053002264
S2140221C045F21A0120460BF089FBA3689D0540F1F3
S2140221D08980A368580740F1858094F8700009B09A
S2140221E0BDE8304014F033BB90F87430D9074DD5B3
S2140221F090F97530013342D094F9131001291DDC91
S214022200A26893060DD56F4B15071B6801D4187C80
S21402221038B1187F10B91878032802D09B6998073E
S21402222034D501290AD0674B11071B6801D41A7CE2
S21402223022B11A7F52BB1B78032B27D10023CDE98C
S2140222400433CDE9063311F0ADFC022801AB35D1DB
S214022250A06AE16A228E03C31A8094F97500BDF85B
S2140222600450421C37D011F0E5FC002833D120463A
S21402227041F20601FFF704F841F206005DE78368C3
S214022280DA0616D4FEF760FF0028B5D04D4B1B6861
S214022290197F022932D1DA7C82B393F85E306BBBA7
S2140222A0A3685B0720D52046FFF7B2FA41F2022068
S2140222B043E7FEF72DFF0028E4D0E7E794F9750020
S2140222C00A22022111F09EFC0028C6D1CDE90100A7
S2140222D0ADF80C00C1E704AB2A460DF10601204614
S2140222E0FEF758FC002028E7204641F20221FEF7BE
S2140222F0C7FF01212046FFF795FED7E72046FFF7E6
S214022300F9F8A56860B96D0705D508212046FFF7DC
S2140223107FFA1A2011E71A212046FEF7B1FFF8E7E6
S21402232015F0040508D0FEF717FFC8B194F975102A
S2140223302046FFF731F8D5E72246234920460BF020
S214022340E9FA0221204612F0DBFB47F230532A4616
S21402235045F21A0120460BF0C1FAA3685807E2D4E8
S21402236094F97530591C06D048F2080040EA03205A
S21402237080B2FAF78FFC226CD2F8743143F0200355
S214022380C2F874312046FFF7ADFD0028AAD00F49E7
S214022390204614F039FCA5E7FEF7DEFE002861D0E1
S2140223A0236C002B5ED0A26852075BD5D3F874313B
S2140223B0980657D42B78002BD2D105212046FFF75A
S2140223C027FA8FE750270020516C03004937020096
S2140223D090F87430D90706D4234914F015FC294620
S2140223E02046FEF74DFFA3685A077FF57BAF2046CF
S2140223F045F21A0116F0ACFA20461C49224616F09F
S214022400D2FAA36823F03C03A36002212046FCF71D
S21402241063FF67E70246154915480BF07BFA61E74A
S21402242045F21A0116F094FAA36823F03E03A3605D
S214022430236C2BB193F97A01431C01D0FAF73AFDCB
S21402244022462046094916F0AEFA224607490848AF
S21402245016F0A9FA20460221FCF73EFF204614F0A9
S21402246019FC3FE7022068E6B1200200516C030027
S214022470D026002045F21703994210B5044641D0F3
S2140224801BD845F20603994229D01AD821F0020138
S21402249040F20123994214D190F870101A4816F0AF
S2140224A057FA94F87330012B4FF000024FF4A04114
S2140224B0204608D1FFF7FCFD03E045F21A039942D5
S2140224C004D048200AE000F027F8FAE70F4914F093
S2140224D09BFB07212046FEF7D3FE002010BD937912
S2140224E01A44517C41F49051FEF7CAFE94F87310D8
S2140224F0074A084B2046012914BF1146194614F014
S21402250083FBEAE70220E9E754270020177203005C
S21402251019250200B120020045F21E0399422DE958
S214022520F3410446154611D845F21603994214D8CB
S21402253045F20103994200F0378345F202039942BD
S21402254000F09880B1F5A04F00F034832A4620466A
S21402255002B0BDE8F041FFF78DBFA1F5A043173BDF
S214022560072BF3D801A252F823F000BF8D250200F4
S2140225704D2502004D2502004D250200652B020066
S2140225804D2502002F27020009270200A04E3368BD
S2140225901A7F022A11D1DA7C7AB193F85E3063B9D7
S2140225A041F20221FEF76CFE20460121FFF73AFDBA
S2140225B041F2022002B0BDE8F081A3685D0701D5B2
S2140225C00220F7E72046FEF7A3FD33681A78051EB9
S2140225D018BF0125032A07D0196911F0FF1F6AB236
S2140225E024D042F0040503E094F87420900725D422
S2140225F09A6992071FD41A7F012A1CD045F0080553
S21402260002210B2014F06FFA0246E0B183790344EC
S21402261006215D7394F97530013302BFA36843F057
S2140226200203A360204614F0B8F80CE094F8741085
S2140226308907D6D4DCE75B7C002BE1D041F203218C
S2140226402046FEF71DFEA368724943F00403A3600A
S214022650224620460BF05EF90221204612F050FA7E
S21402266047F23053002245F21A0120460BF036F9A3
S21402267000209FE783685F0703D490F97730002B2A
S21402268005DB236C53B1D3F87431DE0606D520463B
S2140226900921FFF7BDF841F209208BE72046FEF735
S2140226A029FF28B908212046FFF7B2F8212081E742
S2140226B0206CD0F8743143F01003C0F87431AB7953
S2140226C00C332B445A68C0F806201A8942819B7A3A
S2140226D00373236C01229A71A26812F0040610D1C9
S2140226E022464C4920460BF015F90221204612F0EC
S2140226F007FA47F23053324645F21A0120460BF0EB
S214022700EDF8A3689805B3D5236C002BB0D0D3F8A8
S2140227107431D906ACD594F97530013320D094F8CB
S2140227207430DA071CD5A36843F00203A360236C57
S214022730002B3FF445AFD3F87431DA067FF540AF8D
S2140227409F063FF53DAFFEF707FD20B3A3689E0741
S21402275021D42B78FBB905212046FFF759F887E7E5
S214022760FEF7FAFC94F9751040B14B1C02D1A3682F
S2140227709F07DCD42046FEF70FFE79E74E1CD6D024
S21402278094F87430D807D2D4084611F053FA0028C9
S214022790CDD0052187E794F97530581C24D048F22D
S2140227A0080040EA032080B2FAF774FA94F87450EC
S2140227B015F0010518D194F8750048F20B0343EAA8
S2140227C00020FAF767FA94F8750048F20C0343EA19
S2140227D00020FAF75FFAA06C10222946313015F075
S2140227E012FEA36C83F82050A368256C084FAA7AC1
S2140227F023F00203A360D5F8743143F02003C5F832
S21402280074313B681B7A934206D906214BE700BF18
S21402281050270020516C030094F9521094F852305D
S2140228200029A6BF83F00803C3F3C00301232B715C
S21402283094F86030102A83F0080328BF1022C3F3EE
S214022840C0036B712046A2746E7AFEF761FC002804
S21402285036D0F10734D594F97530D4F840805A1C36
S21402286024D088F87A3106F00D063B689A699007FC
S21402287004D41A7F012A01D0310701D406F0F706E4
S2140228801A78032A1FD01B6913F0FF1F01D046F0E7
S214022890040694F874309A071BD5730719D40321DB
S2140228A02046FEF7B5FF40F2034083E62046FAF7DD
S2140228B0B1FB88F87A01236C93F97A310133D2D1CD
S2140228C006F00C06D1E71B7F002BE2D106F0FB06D2
S2140228D0DFE70721022014F006F901900028E2D073
S2140228E090F806C03A680CF10C0C00EB0C01137859
S2140228F04B70137F012B06D0022B46D192F85E3026
S214022900003B18BF01238B70CE70102316F0010611
S2140229100B711BBFEB7A2A7B4E7103F0030318BFC1
S2140229204B71236C14BF02F0030232468A7183F89D
S2140229306D214A7983F86C2150F80C20C3F80D20DB
S2140229408A88A3F811208A79DA7406B3206C90F884
S2140229506C1111F002061AD194F8521090F97A010D
S21402296081F0080104F14C030622C1F3C00111F004
S2140229701BF960B13146FEF7A1FC20460821FEF79E
S21402298047FF01A816F012F98DE70023BBE7019E68
S214022990002E88D0FEF7D8FB95F809C078B11CF057
S2140229A0010F04D0236C93F97A31013307D1052144
S2140229B02046FEF72DFF30460BF03AF976E63B68E6
S2140229C0597C0CF0080229B112B12A7C100703D4F4
S2140229D00321EDE7002A75D02A7C110772D5D5F8B7
S2140229E0741141F00401C5F87411B5F86C1121F4A4
S2140229F0807121F00101A5F86C11187F297A02284E
S214022A000BD071B942EA0C0212F0040248D185F8E2
S214022A1079211B7C002BDBD10DE021B993F85E20D7
S214022A209ABB0221C4E7012283F83D20DA7C92BBDE
S214022A30042385F8793132460621204613F0ADFE8E
S214022A4095F87931206C042B52D13B6800F5A670BC
S214022A5003F11D022D3352F8041B40F8041B9A4260
S214022A60F9D1D5F8743195F8792103F00401002ADA
S214022A7045D123F00203C5F87431E27400294AD026
S214022A805B49204614F0C0F8F2E583F83D10DB7C83
S214022A90002BC6D1CCE793F85E30002BC8D1C0E736
S214022AA0EA7919785348052A28BF032201EB8101E7
S214022AB001448A5C85F879211B7C002BBBD0002A56
S214022AC0B9D185E71A7F012A02D12A7A002AAFD124
S214022AD01CF0040F03D12A7C12F0040297D0EA7984
S214022AE019784548052A28BF032201EB8101DFE752
S214022AF01022002100F5A67015F085FCB1E743F020
S214022B000203C5F8743141B90123032AE37412D9CA
S214022B10042A7FF4ADAD3949B3E7A37C0F2B85BFFA
S214022B2094F8743043F00803012384F8743088BFA5
S214022B300223E374A4E7012A07D02046304914F0A2
S214022B4063F82046FEF714FC92E520462C4914F062
S214022B505BF83B68D968481C424242412046FEF771
S214022B60D7FB85E590F87430D90706D4254914F0CA
S214022B704BF829462046FEF783FBA3685A077FF5E3
S214022B8077AD45F21A01204615F0E2FE1E492246AE
S214022B90204615F008FFA36823F00403A360022171
S214022BA02046FCF799FB63E50246174917480AF0E8
S214022BB0B1FE5DE545F21A0115F0CAFEA36823F0E0
S214022BC03E03A360236C2BB193F97A01431C01D018
S214022BD0FAF770F9224620460B4915F0E4FE0A4938
S214022BE00A48224615F0DFFE204614F053F8D6E7D0
S214022BF035360200B0A40300C9A40300112C02005B
S214022C00A5350200B1200200516C0300D026002038
S214022C1073B545F20406B142044615460DD045F298
S214022C201006B14222D0B1F5A04F38D113F032FFD0
S214022C30236CD3F87431D90720D5236CD3F87421CA
S214022C40D2070BD4AA790C3215446A1DB433153553
S214022C5052F8041B43F8041BAA42F9D1216CD1F89E
S214022C60743113F004030CD00F4904E0016CC43134
S214022C7013F07DFF0D49204613F0C6FF002002B078
S214022C8070BD81F878310123009301F1D40201F17D
S214022C90C403204601F5A67114F0EBF9EEE702B084
S214022CA0BDE87040FFF7E6BBB12C0200492D0200DA
S214022CB0B1F5A04FF7B5044608D045F21105A94272
S214022CC036D003B0BDE8F040FFF7D4BB006C10214D
S214022CD0D43013F0C8FF60B108212046FEF798FDF5
S214022CE040F207400021FEF7E9FA40F2074003B03F
S214022CF0F0BD256C95F8796105F1C407013E022EF8
S214022D0001979FBFD5F8480195F87861F04000F02A
S214022D10010098BF40F08000009005F1540105F1D3
S214022D20140205F1D403204614F003FA0020DEE76D
S214022D30016CC43113F01BFF0249204613F064FFF6
S214022D40F4E700BF492D020030B545F21003994260
S214022D5085B0044600F0A6800CD8B1F5A04F27D067
S214022D6045F20503994228D0204605B0BDE830401A
S214022D70FFF780BB45F21103994200F0B08045F29E
S214022D8012039942F0D1016C91F8793113B1043BE8
S214022D90012B03D8D431204613F0CDFE236C93F8D2
S214022DA07931042B40F2DF80052B03D16F4992E084
S214022DB013F070FE002005B030BD9179036C0C3123
S214022DC00A44511DE433153251F8040B43F8040B40
S214022DD09142F9D1206CD0F8743113F0040354D028
S214022DE090F87931042B22D1614B1B6893F85E5020
S214022DF065B100F11402002100F5AE700091019059
S214022E003E331146204614F094F9D3E71021D4300D
S214022E1013F029FF58B108212046FEF7F9FC40F2CC
S214022E2007402946FEF74AFA40F20740C3E7216CFC
S214022E3091F8793101F1E40213B1043B012B12D867
S214022E4001F58A73039301F5A673029304F15A03FC
S214022E50019304F15303009301F1D403F4312046A5
S214022E60FEF704FFA6E701F5AE73019391F8780129
S214022E70D1F84831C34003F0010343F080030093C6
S214022E80134601F154021431BCE780F8783100F1A0
S214022E90E402009300F5A67100F5AE73204614F026
S214022EA0E8F887E7056C102205F1B40105F5AE7067
S214022EB015F07FFA20B104212046FEF7A9FC79E737
S214022EC0D5F874312B499B0742BF94F8743043F00F
S214022ED0020384F87430204613F096FE6AE7056C07
S214022EE095F87931042B05F5AE701ED1204B196882
S214022EF010224E3115F05DFA0028DCD1102105F1C2
S214022F00D40013F0B0FE216C01F58A73039301F529
S214022F10A673029304F15A03019304F15303009338
S214022F2001F1E40201F1D40398E70146102205F10B
S214022F30B40015F03EFA0028BDD105F1D4012046B2
S214022F4013F0F9FD216C91F878310133DBB2142BC2
S214022F5081F87831D8D0D1F8743123F00103C1F862
S214022F6074310549B7E70549B5E700BF812F02006E
S214022F7050270020E5310200112C020039300200F1
S214022F8045F21403994213B504462BD00CD8B1F57A
S214022F90A04F13D045F20E03994232D0204602B01B
S214022FA0BDE81040FFF766BA45F219039942F5D11B
S214022FB0137813BB0C21FEF72BFC10E013F06AFD0E
S214022FC0216C01F5A273019301F1D403009301F180
S214022FD0540201F1E4032046143113F035FF0020B9
S214022FE002B010BD036CD3F84421114BB2FBF3F1CF
S214022FF003FB1121FEF776F9F1E70E4913F004FE02
S214023000EDE79179036C0C310A44511D03F5927376
S214023010153251F8040B43F8040B9142F9D1226C95
S214023020D2F8743143F00803C2F87431D7E700BF10
S21402303040420F0039300200F0B545F20E06B142AA
S2140230408DB0044615460ED045F21306B1425CD04A
S214023050B1F5A04F40F0BD8013F01CFD236CD3F8F1
S2140230607431190757D5236CD3F8742112070CD480
S214023070AA790C3215446A1D03F59273153552F877
S214023080041B43F8041BAA42F9D1256C0023CDE9A0
S2140230900833CDE90A3385F8783195F87931042B6F
S2140230A00DF1200C2AD14D4B1B6893F83D205AB1E6
S2140230B003F11D0267462D33106851683E4603C66B
S2140230C008329A423746F7D105F5AE73069304F1F5
S2140230D05A03059304F153030493EB7903932B7A73
S2140230E002936B7A05F1E402CDE900C305F1D4033D
S2140230F005F58A71204613F01BFF0CE0013B022BFC
S2140231009CBFD5F848310893DEE7056C95F8783110
S21402311023B1012B54D000200DB0F0BD102205F5CE
S214023120AE7105F5927015F044F920B10B212046D8
S214023130FEF76EFBEFE7D5F874319B0742BF94F8B3
S214023140743043F0020384F87430012385F8783132
S2140231500023CDE90833CDE90A3395F87931042BFB
S2140231600DF1200C25D11D4B1B6893F85E205AB139
S21402317003F13E0267464E33106851683E4603C668
S21402318008329A423746F7D105F59A73069304F148
S2140231905303059304F15A030493AB7B0393EB7B2F
S2140231A002932B7C05F1D402CDE900C305F1E403BA
S2140231B09EE7013B022B9CBFD5F848310893E3E714
S2140231C005F59A7113F09BFC0549204613F01CFD89
S2140231D0A1E70DB0BDE8F040FFF74CB9502700203C
S2140231E0E5310200B1F5A04F70B5044615467AD017
S2140231F045F21B06B14240F0CD8090F87430DA07F3
S21402320069D5056CB5F86C3123B1644913F0FCFC42
S214023210002019E0D5F874315B074BD56B7ADE07D0
S21402322048D52B7CD80745D5A36C95F97A0131335E
S21402323010220B2110F0B8FC38B140F21B41204698
S214023240FEF71EF840F21B4070BDA36C206C2033C4
S21402325090F97A0101220C2110F0A6FC0028ECD18C
S214023260A36C206C213390F97A0110220D2110F004
S2140232709BFC0028E1D1206C082290F97A0104F127
S2140232801003114610F090FC0028D6D104F14C0031
S21402329011F0F2F9236C93F87A2184F87520FF2254
S2140232A083F87A2120463E4913F0AEFC2046FDF70D
S2140232B0BFFFADE705F5A67304F1180205F5AE7576
S2140232C053F8041B42F8041BAB42F9D1A36843F43B
S2140232D08073A360E6E7324913F096FC294620463F
S2140232E0FDF7CEFF94E7006CD0F8743159072AD563
S2140232F0437ADA078CD5037CDB0789D500F5A673FB
S214023300102290F97A01032110F04EFC48B10021F8
S21402331040F21B40FDF7D2FF08212046FEF778FA5E
S21402332090E710F03FFC02287FF472AF206C102268
S21402333000F5A673052190F97A0110F035FC0028F5
S2140233403FF466AFE3E7D0F8D430C0F8EC30D0F8FC
S214023350D830C0F8F030206C00F5A6721146E43082
S21402336013F033FB014630B120460821FEF750FA2F
S21402337040F2074068E7236CA07C03F5A673C0F111
S2140233801002184415F03FF8216C2046D43113F091
S214023390D2FB3DE7BDE87040FFF76CB8A5330200EC
S2140233A019250200B1F5A04F2DE9FF410446154646
S2140233B000F0E980A1F5A043DE1F042E00F2EA80A9
S2140233C09279066C0C32083B96F86C711544032B06
S2140233D003D8DFE803F0307987D5F9072ED56F1DBD
S2140233E06F481022394614F0E4FF002865D096F99B
S2140233F07A013B461022032110F0D6FB064610F057
S214023400D1FB022811D194F87330012B0DD13B4623
S21402341004F11802153553F8041B42F8041BAB429C
S214023420F9D1A36843F48073A3601021384615F0DF
S214023430D0FE002737E017F001070ED10027226CD6
S21402344092F86C3123EA070382F86C312046FEF7C5
S214023450A9FA002004B0BDE8F08110F0A3FB022810
S2140234600DD0206C6B4690F97A011022032110F0E1
S214023470C9FB0028E2D01021684615F0AAFE206C8F
S21402348005F10508434690F97A010A22022110F056
S2140234908BFBD5F80530A362D5F80930E362B5F8A0
S2140234A00D3023860646002EC9D000213046FDF791
S2140234B005FF08212046FEF7ABF920460821FEF755
S2140234C0A7F940F20340C5E7BA07B7D5053596F91E
S2140234D07A0106212B46102210F066FB10210646C2
S2140234E02846A4E7BB07A9D510F05CFB02280DD03E
S2140234F0206C6B4690F97A011022062110F082FBAE
S21402350000289BD01021684615F063FE697989B9B8
S2140235106B1D0A4613F8010F60B90132062AF9D16B
S21402352094F85210206C81F0080104F14C03C1F3A8
S214023530C00107E00039206C05F106034FF00602D1
S21402354018BF012190F97A0110F02EFB226CD2F8F6
S214023550743143F04003C2F874316B89ADF804301D
S2140235606B790646002BD5F8060000900CBF49235F
S214023570722368468DF80630022711F07DF892E72E
S21402358007F004075BE713F085FA236C002283F842
S21402359078215BE704B0BDE8F041FEF76BBF00BFE1
S2140235A0E2A4030070B545F20406B142044613468F
S2140235B024D045F21806B14206D0B1F5A04F32D15A
S2140235C013F068FA002070BD11684D1C03D101216A
S2140235D0FEF71EF9F6E7026CD2F87401400743BF05
S2140235E0002182F878111B68C2F84C1148BFC2F855
S2140235F048310F49204613F007FBE3E79979026C3E
S2140236000C310B44591DB432153351F8040B42F8F1
S214023610040B9942F9D1226CD2F8743143F00103BB
S214023620C2F87431CEE7BDE87040FEF723BF00BF94
S214023630112C020045F215039942F7B5044651D003
S2140236400CD8B1F5A04F19D045F20D0399421BD004
S214023650204603B0BDE8F040FEF70CBF45F2160365
S2140236609942F5D1016C01F1F403009301F13402A1
S21402367001F194031431FEF7ADFB01E013F00AFAF0
S2140236800027384603B0F0BD93790C331A44551D13
S21402369002F1250632462946FDF7BCFE074620B152
S2140236A00B212046FEF7B4F8EBE7236C29461433C9
S2140236B051F8042B43F8042BB142F9D1236C01F1E3
S2140236C02002343351F8040B43F8040B9142F9D12B
S2140236D0216C204601F1940301F174025431FEF785
S2140236E0BFF8CDE713F05FFA236C93F87931052B18
S2140236F0C6D8DFE803F0190311111E1920460E4939
S21402370013F082FA0D4B1B68D9684B1C5A425A4179
S2140237102046FDF7FDFDB3E72046074913F074FA8D
S2140237202046FDF725FEABE70549204613F06CFA66
S214023730A6E70449F9E700BFA53502005027002096
S214023740B12C0200492D0200F8B545F21603994243
S214023750044600F061810BD8B1F5A04F0ED045F2B9
S214023760030399420ED02046BDE8F840FEF782BE1B
S21402377045F217039942F6D1022002E013F08AF9C5
S2140237800020F8BD9379056C0C33D618F379DF0761
S21402379008D4FDF7D9FC28B105212046FEF738F8F3
S2140237A02120EEE79E4F327A3B681B7A9A4201D27C
S2140237B00621F2E7D6F80530C5F80E30B6F809301D
S2140237C06B8202236B7394F9523094F85210002BDA
S2140237D0A6BF81F00803C3F3C00301236B7194F8FC
S2140237E0603083F00803C3F3C0032B71337A102BC7
S2140237F028BF1023A374F379D8072BD56B7ADA0780
S21402380028D5737AEA7A134085F86D31B37A2A7B23
S214023810134085F86C3195F97A3101331ED0206C4D
S21402382090F86C319B0719D481F0080190F97A015F
S21402383004F14C030622C1F3C00110F0B5F968B1D9
S21402384040F21B412046FDF71BFDA3685907A7D58A
S2140238500821A2E7002385F86D31DAE73B68F079A4
S214023860597C00F0080229B112B16A7A120703D411
S214023870032192E7002A79D06A7A110776D5D5F81D
S214023880741141F00401C5F87411B5F86C1121F4F5
S214023890807121F00101A5F86C1193F81CC0B17972
S2140238A0BCF1020F02D019B3022176E789B10122D8
S2140238B083F83D20DA7CB2B9042285F87921A27C0D
S2140238C00F2A27D994F8742042F0080284F874204C
S2140238D020E093F85E20002AE6D0DA7C83F83D10DA
S2140238E0002AE1D1E8E793F85E20002AE4D1DBE77C
S2140238F0024312F004023FD072794A491878052A28
S21402390028BF032202EB82020A44125C85F8792160
S214023910002AD4D1197C95F8792109B1002AA7D0BA
S214023920206C042A00F5A6703AD103F11D022D334D
S21402393052F8041B40F8041B9A42F9D1D5F87431A8
S21402394095F8792103F004017ABB23F00203C5F847
S2140239507431E27400295AD0216C204601F1940396
S21402396001F174025431FDF77BFF09E71A7F012A41
S21402397005D1B2791AB1042285F87921CAE742073D
S21402398003D46A7A12F00402F6D0727926491878BD
S214023990052A28BF032202EB82020A44125CEBE7E6
S2140239A01022002114F02FFDC8E743F00203C5F8E9
S2140239B0743149B90123013AE374032A3FF6E0AEB3
S2140239C0DFE802F010181025A37C0F2B85BF94F8B1
S2140239D0743043F00803012384F8743088BF02234E
S2140239E0E374B9E72046114913F00EF92046FDF7B5
S2140239F0BFFCC5E620460D4913F006F93B68D968B8
S214023A004B1C5A425A412046FDF782FCB8E608494A
S214023A10204613F0F9F8B3E613F0C5F80549F7E7C0
S214023A2050270020B0A40300C9A40300D543020017
S214023A30B1420200393A020045F20D039942F7B547
S214023A40044627D00DD8B1F5A04F1DD045F2040389
S214023A50994200F08F80204603B0BDE8F040FEF7A2
S214023A6009BD45F21103994200F0A68045F21503FE
S214023A709942F0D1006C90F87931052B06D8DFE830
S214023A8003F0503A423A555013F004F800273846ED
S214023A9003B0F0BD93790C331A44561D02F1250586
S214023AA02A463146FDF7B6FC074620B10B212046D2
S214023AB0FDF7AEFEEBE7236C3146143351F8042BC8
S214023AC043F8042BA942F9D1236C01F120023433C6
S214023AD051F8040B43F8040B9142F9D1216C01F121
S214023AE0F403009301F1340201F1940320461431E9
S214023AF0FEF770F9CAE720463B4913F085F82046E0
S214023B00FDF736FCC2E72046374913F07DF8374BFF
S214023B101B68D9684B1C5A425A412046FDF7F8FBEF
S214023B20B4E73349204613F06FF8AFE72F4B1B6814
S214023B3093F85E5065B100F11402002100F5AE70F4
S214023B40019000913E331146204613F0F2FA9DE7AB
S214023B501021E43013F087F800283DD008212046D3
S214023B60FDF756FE294640F20740FDF7A7FB40F256
S214023B7007478CE79179036C0C310A44511DC43314
S214023B80153251F8040B43F8040B9142F9D1256C17
S214023B90102205F1C40105F1B40014F00AFC20B9A4
S214023BA004212046FDF734FE70E7D5F8743143F061
S214023BB00103C5F8743169E70C4B056C19681022CD
S214023BC04E3105F5AE7014F0F4FB0028E8D1102152
S214023BD005F1E40013F047F8216C2046E43112F0B8
S214023BE0AAFF04499EE700BFD543020050270020E3
S214023BF009420200F93B0200F0B545F21003994271
S214023C0085B0044600F087800CD8B1F5A04F1CD0D2
S214023C1045F2050399421DD0204605B0BDE8F040A6
S214023C20FEF728BC45F21103994200F08D8045F25A
S214023C3012039942F0D1036C93F87931042B40F2C7
S214023C40B380052B03D159497BE012F023FF0020F5
S214023C5005B0F0BD9179036C0C310A44511DD43382
S214023C60153251F8040B43F8040B9142F9D1256C36
S214023C7005F1E40705F1D40610223146384614F061
S214023C8098FB20B904212046FDF7C2FDDFE7D5F8F0
S214023C90743113F0040332D095F87931042B13D122
S214023CA005F58A73039305F5A673029304F153038D
S214023CB0019304F15A0300933A46334605F1F401A0
S214023CC02046FDF7D3FFC2E705F5AE7005F11401F5
S214023CD005F1540201900BB1052B06D10023009387
S214023CE02046334613F025FAB1E795F87801D5F861
S214023CF04831C34003F0010343F08003EFE785F841
S214023D0078313246009305F5A67105F5AE73204666
S214023D1013F0AFF99BE7056C102205F1C40105F517
S214023D20AE7014F046FB0028ACD1D5F874312049A9
S214023D309B0742BF94F8743043F0020384F8743051
S214023D40204612F061FF82E7056C102205F1C401DD
S214023D5005F5AE7014F02DFB002893D195F8793155
S214023D60013B022B0FD895F878310133DBB2142BC6
S214023D7085F8783107D0D5F874310E4923F001035F
S214023D80C5F87431DCE705F58A73039305F5A67367
S214023D90029304F15303019304F15A03009305F1CD
S214023DA0E40205F1D40389E70349CAE7BD3D0200F0
S214023DB019400200B14202003D3E020073B545F2D0
S214023DC01406B14204461AD045F21906B14221D071
S214023DD0B1F5A04F28D112F05DFE216C01F5A27359
S214023DE0019301F1D403009301F1140201F1E403FB
S214023DF02046543113F028F8002002B070BD036C40
S214023E00D3F844210B4BB2FBF3F103FB1121FDF770
S214023E1069FAF1E713781BB90C21FDF7F9FCEBE719
S214023E20054912F0F1FEE7E702B0BDE87040FEF782
S214023E3021BB00BF40420F003D3E0200F0B5B1F587
S214023E40A04F8DB0054608D045F21304A14244D0D7
S214023E500DB0BDE8F040FEF70DBB046C0023CDE9C3
S214023E600833CDE90A3394F87931042B0DF1200C8E
S214023E702CD11F4B1B6893F85E205AB103F13E0209
S214023E8067464E33106851683E4603C608329A4269
S214023E903746F7D104F59273069305F1530305935B
S214023EA005F15A030493E3790393237A0293637A20
S214023EB004F1E402CDE900C304F58A7104F1D403E7
S214023EC0284613F035F800200DB0F0BD013B022B5A
S214023ED09CBFD4F848310893DCE7016C01F5927177
S214023EE012F00DFE0349284612F08EFEEBE700BFE5
S214023EF050270020F93E0200F0B545F20E06B14208
S214023F008DB0044613460BD045F21303994260D097
S214023F10B1F5A04F76D112F0BDFD00200DB0F0BD78
S214023F209979026C0C310B44591D02F59A721533BD
S214023F3051F8040B42F8040B9942F9D1256C102271
S214023F4005F59A7105F5927014F033FA20B90B2133
S214023F502046FDF75DFCE0E70023CDE90833CDE916
S214023F600A3395F87931042B0DF1200C2AD1284B0F
S214023F701B6893F83D205AB103F11D0267462D33A4
S214023F80106851683E4603C608329A423746F7D151
S214023F9005F5AE73069304F15A03059304F1530331
S214023FA00493AB7B0393EB7B02932B7C05F1D40249
S214023FB0CDE900C305F58A7105F1E403204612F047
S214023FC0B7FFAAE7013B022B9CBFD5F848310893FE
S214023FD0DEE7056C102205F5AE7105F59A7014F051
S214023FE0E8F90028B3D1D5F874310A499B0742BFD5
S214023FF094F8743043F0020384F87430204612F0CA
S21402400003FE8AE70DB0BDE8F040FEF733BA00BF04
S214024010502700201940020070B5B1F5A04F88B0B5
S214024020044615467BD045F21B06B14240F0E380BB
S21402403090F87430DA076AD5056CB5F86C312BB196
S2140240406F4912F0E1FD002008B070BDD5F874315A
S2140240505B074BD56B7ADE0748D52B7CD80745D550
S214024060A36C95F97A01313310220B210FF09CFDD7
S21402407038B140F21B412046FDF702F940F21B40E0
S214024080E2E7A36C206C203390F97A0101220C211E
S2140240900FF08AFD0028ECD1A36C206C213390F936
S2140240A07A0110220D210FF07FFD0028E1D1206C4D
S2140240B0082290F97A0104F1100311460FF074FDFC
S2140240C00028D6D104F14C0010F0D6FA236C93F8EF
S2140240D07A2184F87520FF2283F87A2120464949FE
S2140240E012F092FD2046FDF7A3F8ACE705F5A6739D
S2140240F004F1180205F5AE7553F8041B42F8041BCA
S214024100AB42F9D1A36843F48073A360E6E73D4966
S21402411012F07AFD29462046FDF7B2F893E7006CC6
S214024120D0F8743159073AD50023CDE90133ADF8FA
S2140241300C30437ADA0724D5037CDB0721D500F559
S214024140A673102290F97A0103210FF02DFD48B1D3
S214024150002140F21B40FDF7B1F808212046FDF78A
S21402416057FB8BE70FF01EFD02280AD1206C1022A7
S21402417000F5A673052190F97A010FF015FD0028C7
S214024180E6D10023BDF80420CDE90433CDE9063399
S2140241900DF1060104AB2046FCF7FCFC53E7D0F811
S2140241A0D430C0F8EC30D0F8D830C0F8F030206CFC
S2140241B000F5A6721146E43012F007FC054630B14F
S2140241C020460821FDF724FB40F207403CE7236C1B
S2140241D0A07C03F5A673C0F110022946184414F019
S2140241E012F9CDE90155CDE90455CDE9065504ABE2
S2140241F02A4601A9CFE708B0BDE87040FEF73AB9F3
S21402420013720300B1200200B1F5A04F70B5044648
S214024210154607D045F20406B1420CD0BDE8704000
S214024220FEF728B912F036FC236CD3F87431D9079E
S21402423001D4002070BD236CD3F87421D20718D4A1
S214024240AA790C3215446A1DC433153552F8041B7C
S21402425043F8041BAA42F9D1206C102200F1C401D3
S214024260B43014F0A6F820B904212046FDF7D0FA9F
S214024270DFE7206C1021E43012F0F5FC58B108217B
S2140242802046FDF7C5FA40F207400021FDF716F872
S21402429040F20740CEE7216C2046E43112F04BFC98
S2140242A00249204612F0B0FCC3E700BFF93B020009
S2140242B0B1F5A04F13B504460ED0A1F5A043103BAE
S2140242C0012B45D8016CB43112F051FC234920462B
S2140242D012F09AFC002017E0016CD1F8743113F04A
S2140242E0040301F1E40228D01021104612F0BBFCB0
S2140242F060B108212046FDF78BFA40F20740002104
S214024300FCF7DCFF40F2074002B010BD216C01F161
S214024310B403019391F87821D1F84831D34003F0E1
S214024320010343F08003009301F1140201F1E40358
S2140243302046543112F0FDFECCE781F87831012395
S214024340009301F1B40301F5A67112F092FEC1E7E3
S21402435002B0BDE81040FEF78DB800BF6143020010
S214024360B1F5A04F70B51346044607D045F20406D1
S214024370B14207D0BDE87040FEF77CB812F08AFB67
S214024380002070BD9979026C0C310B44591DC43261
S214024390153351F8040B42F8040B9942F9D1256CF7
S2140243A0102205F1C40105F1B40014F002F820B998
S2140243B004212046FDF72CFAE2E705F1E401204647
S2140243C012F0B9FB0249204612F01EFCD8E700BFE5
S2140243D0F93B0200B1F5A04F70B50346144607D06C
S2140243E045F21806B14207D0BDE87040FEF742B863
S2140243F012F050FB002070BD1268551C03D101213B
S214024400FDF706FAF6E7016CD1F87401400741BFE2
S214024410002281F878212268C1F8482158BFC1F8E5
S2140244204C211846014912F0EFFBE3E7B1420200C5
S214024430184622F0004240F20A439A422DE9F04121
S21402444020D8B2F5806F01D800203EE06FF4806479
S2140244502244092AF8D801A353F822F0A344020002
S214024460AF440200CF4402001D450200F1440200A0
S214024470394502005B4502006345020049440200DA
S2140244807B4502006FF4A0615318042BDCD8A2F21D
S2140244900252032A79D8DFE812F08A009200B700A7
S2140244A0CB0005784488644810F0C2FA3EE00578EE
S2140244B04468826900F108030021604810F0C9FAD6
S2140244C010B10571C0F805400120BDE8F0810678FC
S2140244D045880479826900F108030021584810F0E3
S2140244E0B8FA0028F0D00671A0F80550C471EBE7C0
S2140244F0047907784688C588A4F11B0359425941B6
S21402450000F1080289004F4810F0C8FA0028DBD0F4
S2140245100771A0F80560C4710581D5E7057844885F
S2140245204269031D0021484810F093FA0028CBD0B8
S2140245300571A0F80540C7E706784588848800F12B
S21402454008020021414810F0A9FA0028BCD00671E2
S214024550A0F80550A0F80740B6E7057844683C483E
S214024560A2E704783A4810F063FA0028ACD0072392
S2140245704371002304718371A6E70478354810F06E
S21402458057FA0028A0D004719EE707784688057976
S214024590C48800F1080200212F4810F07FFA002894
S2140245A092D00771A0F80560C57104818CE7077880
S2140245B046880579C488294810F03AFAEFE78768F2
S2140245C04588047906787FB1C78800F10802002181
S2140245D0234810F063FA00283FF476AF0671A0F87D
S2140245E00550C47107816FE71D483B463A46394677
S2140245F010F02FFA00283FF467AF0671A0F80550B6
S214024600C471077247725FE790F8008047880679A0
S214024610C5880489134810F00BFA00283FF454AFFB
S21402462080F80480A0F80570C671058144814BE7C6
S214024630057844680C4837E764A5030060A50300C4
S2140246405CA5030054A5030058A5030050A503006B
S2140246504CA5030034A5030048A5030044A50300A7
S21402466040A503003CA5030038A503000048704798
S2140246703144020030B585B004460846039112F074
S21402468029FF830708D410F0010003D003A814F012
S2140246908DFA012005B030BD03998B7903F10C0227
S2140246A088188A5C013A1C2A00F2E880DFE802F0E9
S2140246B00FE689E68CE695E69CE6A4E6ACE6B3E66B
S2140246C0BAE6C2E6E6E6C4E6D2E6D4E6DD0003795A
S2140246D00BB103F588534278023A162AD6D801A1BE
S2140246E051F822F0414702008D4602004B47020075
S2140246F08D460200574702008D46020063470200BD
S2140247008D4602006F4702008D4602008747020070
S2140247108D4602007B4702008D4602009347020048
S2140247208D4602009F4702008D4602008D4602001B
S2140247308D460200A94702008D460200B9470200D4
S21402474017212046FCF774F9A0E7002211462046FE
S21402475011F0EBFB9AE71A460021204611F092FC74
S21402476094E700221146204611F0FDFD8EE7002256
S2140247701146204611F0E5FC88E71A46002120463D
S21402478011F0D2FD82E71A460021204611F0AFFD55
S2140247907CE700221146204611F0D8FE76E719463D
S2140247A0204611F03CFF71E7009300231A46194693
S2140247B0204611F03EFF69E71946204611F08BFFAE
S2140247C064E7B0F80110BCE702338B710A46002397
S2140247D04178204611F0A9FB5BE701338B7100227A
S2140247E0204611F04FFC54E702338B7142780023C7
S2140247F0204611F0B8FD4CE701338B7100231A46B0
S214024800204611F09EFC44E701338B7100222046BD
S21402481011F06DFD3DE701338B710022204611F049
S21402482083FD36E702338B7142780023204611F06F
S2140248308DFE2EE70021B3E705338B71B0F8032017
S214024840B0F80100002300930B460146204611F003
S214024850F0FE1EE70021B0E703338B710A46B0F87C
S2140248600110204611F056FF13E703338B710A46F8
S214024870B0F80110204611F056FF0AE7002009E7BB
S21402488008B5EEF73FFEBDE808400CF069B800BF79
S21402489038B50F4D2B78BBB100240021204600F01E
S2140248A0CFF8204600F0E0FA204600F011FB204642
S2140248B000F036FB204600F0B1F9013400F038F87B
S2140248C02B78E4B2A342E8D8BDE8384000F08ABBB1
S2140248D0FB0F0020134B70B51B88134E012B1CD008
S2140248E0124D2B78A3B10024204600F08FF8204604
S2140248F000F0F8FA204600F035FB204600F0D2F928
S214024900204600F057FA01342B78E4B2A342EBD8E3
S21402491000F01AF80023338070BD3388002BDFD1F5
S21402492070BD00BF982C0020962C0020FB0F0020A4
S214024930002001220249034B08601A70704700BF2C
S2140249405827002011100020F8B50024294E2A4DC1
S21402495033782C80002B4BD00021204600F09EF8A6
S21402496001210746204600F099F820B1874294BFFD
S214024970C01B381A80B2214600F00CFA80B2A0F1B1
S2140249805B03122B04F101021DD929883378D4B2B5
S2140249900844A3422880DFD82A8852031748184CB6
S2140249A00168C1EBC10102EBD102110CB1FBF3F3BA
S2140249B0092B026023800BD8124A137873B901229E
S2140249C0114B1A70F8BD3378D4B2A342C4D8E3E7C9
S2140249D00E2B06D903220C4B1A70F8BD013B13703E
S2140249E0F8BD0A2002220749074B08701A70F8BD64
S2140249F01A46D3E7FB0F0020382F00205827002046
S214024A00C63100207D310020111000200A4A10B560
S214024A1012880446012A07D0EEF7C8FB0146204654
S214024A20BDE8104000F02CB8044ABDE8104052F829
S214024A30201000F025B800BF982C0020841D00200E
S214024A4030B40C4B1D7895B184000B4B22189200A3
S214024A509950012D1A4488BF51600021074A044428
S214024A60125C03EB840359731A7330BC7047024B13
S214024A708400F2E7FA0F0020881B00201B1000209B
S214024A80054B00EB8000800010B4C458C218546076
S214024A90195010BC704700BF881B002000EB800036
S214024AA0024B014433F82100704700BF881B0020E8
S214024AB00C4B1878A0B10C4B5A7B52060FD4013817
S214024AC0C2B202EB820203EB820204E093F82110E8
S214024AD01433490603D49A42F8D1002070470120C5
S214024AE0704700BFFB0F0020881B002030B4144C18
S214024AF08500291804EB81018B7B1A090F2A03F023
S214024B000F031AD0013243EA0213DBB20F2A8B7369
S214024B100AD00C490978012902D030BC002070471F
S214024B20094909789142F8D8284404EB800003F03A
S214024B300F03837330BC0120704743F0F003F3E7A2
S214024B40881B002011100020F90F002030B48200CC
S214024B50134D141805EB8404A37B03F00F010F29F1
S214024B6003F0F00318D001310B430F29A3730AD0C8
S214024B700C4C2478012C02D030BC002070470A4C22
S214024B8024788C42F8D8024405EB820223F00F0305
S214024B909373012030BC704743F00F03F3E700BF66
S214024BA0881B002011100020F90F0020044B00EB98
S214024BB0800003EB8000837B23F00F038373704730
S214024BC0881B0020044B00EB800003EB8000837BF5
S214024BD003F00F0383737047881B0020044B00EB1F
S214024BE0800003EB8003587BC0F38010704700BF41
S214024BF0881B0020034B00EB800003EB8003187B2E
S214024C0000017047881B0020034B00EB800003EB7B
S214024C108003587BC0097047881B002070B40025AB
S214024C20114900EB8003114A01EB83010B7B104C08
S214024C30125C245C03FB02F203FB04F30D4C12012C
S214024C40A4FB02621B01A4FB03430B4E4C7B5209DE
S214024C5026F81020094A04F03F045B094C7322F838
S214024C6010308D7370BC7047881B00201D1000200A
S214024C701F1000201F85EB51402F0020442F0020DC
S214024C80064B00EB80001B78012B054B0EBF33F85A
S214024C90200003EB8000408A704700BF11100020FE
S214024CA0881B0020F8B50446264B274F1B78A60023
S214024CB0012B264906EB0403254A06EB040518BF1A
S214024CC007EB830307EB850531F810C008BF37F8FA
S214024CD0233032F8100018BF5B8A2A8995F90D1026
S214024CE093420FD99B1A00299BB214DB98420DD827
S214024CF007D22046FFF7FAFE18B16B7B63F07F03FC
S214024D006B73F8BD00290DDB0028FAD02046BDE8FB
S214024D10F840FFF757BF9C4505D22046BDE8F8404D
S214024D20FFF744BF00239C45EBD92046FFF70EFF52
S214024D300028E6D0344407EB84077B7B03F07F032E
S214024D407B73F8BD11100020881B0020402F002026
S214024D50442F002010B40D4B84001B780C4A012B04
S214024D6004EB000314BF02EB830332F8233004443F
S214024D7018BF5B8A02EB84021089591A89B28142F3
S214024D8086BF091A88B2002010BC70471110002096
S214024D90881B002010B504460846FFF72BFF642345
S214024DA003FB04F3B3FBF0F080B2FF2828BFFF201A
S214024DB0C0B210BD2DE9F84387003D18274EAD005E
S214024DC006EB05090446D9F80880FFF707FF20BB63
S214024DD0234B1FFA88F819783B19012914BFB9F832
S214024DE01200705B06EB8303404593F90F2016D939
S214024DF00A3252B2DA73642A17DC64320DDA0129F7
S214024E0007EB04031BD006EB83039A68013A9A6009
S214024E1000233C4406EB8406F373BDE8F883EAD22B
S214024E200A3A52B2642ADA73E7DD00223C4406EB01
S214024E308406B368F2730133B360BDE8F883094AA7
S214024E4006EB83039968125D588AA1EB52028242EE
S214024E5096BF01F1FF3198609960D9E7881B002060
S214024E60111000201B1000202DE9F84306460BF017
S214024E7074FD0022082415464FEA8609DFF84C80A6
S214024E8009EB060308EB83039A603046EEF78EF9C9
S214024E90013CA4B20544002CF7D10B4FB1443B7839
S214024EA008EB8908C5F3CF05C8F8085043B1294670
S214024EB03046FFF7E5FD01343B78E4B2A342F6D86C
S214024EC0BDE8F8430BF04ABDFA0F0020881B00200D
S214024ED00022034B00EB800003EB80035A737047FB
S214024EE0881B002038B50D4D00EB800305EB8305CB
S214024EF02B892C7B03EBC404A4B2A34202D9002361
S214024F006B7338BDFFF7BCFE6B7BA0428CBF43F0D1
S214024F10400323F040036B7338BD00BF881B00209C
S214024F20002210B40C4B0D4C00EB800003EB80000B
S214024F3023788168032B4182028207D9202B34BF53
S214024F4010220822064B1A7010BC70471022044B1F
S214024F501A7010BC704700BF881B0020FB0F002091
S214024F607E310020F8B500210546FFF797FD0121A6
S214024F70074628460024FFF791FD67F31F4440B317
S214024F8006462846FFF736FEB74266F30F0480B29F
S214024F9005D93318BB42BCBF9FB267F31F44BE425B
S214024FA004D9361ABE42C8BF66F31F440B4B05EB44
S214024FB085050B4A03EB850512782B696FF30F0400
S214024FC0B3FBF2F3B4FBF2F4013A02FB03442C61A6
S214024FD0F8BD2846FFF70EFEE8E700BF881B002054
S214024FE07E310020044A054B1278012A0CBF0222A9
S214024FF001221A70704700BF5A2F0020C8310020C5
S21402500070B50BF000F91F4B1E6C05460EB1EDF79E
S214025010D9F8EDF763FA1C4C8302A3F5805323609C
S214025020EDF75CFA8302A3F50063636000F084FA8E
S21402503020680821043012F0A0FA23681B68834215
S21402504002D0206812F0A8FA60680821043012F034
S21402505094FA63681B68834202D0606812F09CFA76
S2140250602268636852685B689342084A94BF0023CA
S214025070012313700EB1EDF7B5F828460BF0C9F808
S214025080002070BD00000E405C2700201210002099
S2140250902DE9F041164B93F90020164B53F8225097
S2140250A00C3506462C46204612F08EFAE0B90BF076
S2140250B0AAF8A17980460431201D12F05EFA07464E
S2140250C040460BF0A6F82368BB4202D1A388B3423F
S2140250D00BD0A379033303F4FE7308331C4485EA2A
S2140250E00403B3F5006FDED300242046BDE8F0814A
S2140250F0121000205C270020431E2DE9F74F9BB2BA
S2140251004FF6FD7293420646884643D8234B93F9E0
S2140251100020234B53F822500BF075F8214BD3F89E
S21402512040900C350746B9F1000F01D0EDF74AF86A
S2140251302C46EA464FF6FF7B204612F045FAE8B9BF
S214025140A38886EA030218EA020F0CD194E8030049
S2140251508AE80300DB43ADF80430ADF806B00199E7
S214025160201D12F00FFAA379033303F4FE730833FB
S2140251701C4485EA0403B3F5006FDDD3B9F1000FD2
S21402518001D0EDF72FF838460BF043F8002003B0B5
S214025190BDE8F08F41F21200F9E700BF12100020BE
S2140251A05C27002000000E402DE9F84FDFF8C4907F
S2140251B02F4A99F9003052F8238083F0010308F150
S2140251C00C0A52F823603046EDF794F806F10C0705
S2140251D0D346584612F0F8F9054648BB9BF8061027
S2140251E00BF10400043112F0C8F9DBF800308342F8
S2140251F00DD09BF80640033404F4FE7408345C4475
S21402520084EA0A03B3F5006F12D2A346E1E75C46CE
S214025210384654F8041B12F0B5F99BF80620033200
S214025220B5EB920F07F1040705F10105F0DDE7E79C
S214025230D8F80410341D0131204612F0A3F90121DA
S21402524006F1080012F09EF90821204612F095F9A0
S2140252500146304612F096F999F80030404683F03F
S214025260010389F8003012F097F93846BDE8F88F46
S2140252705C270020121000202DE9F04F9A46431EAC
S21402528085B016469BB24FF6FD7293428146009158
S21402529000F2C380624B93F90020624B53F82270EF
S2140252A00AF0B1FF604BD3F840800C370546B8F1E0
S2140252B0000F01D0ECF786FF3C46204612F084F938
S2140252C00190002841D1A17904F1040B043158461B
S2140252D012F053F92368019A98422AD1A388E188EA
S2140252E0994526D1CAB2964212D1324604F1080135
S2140252F05046019313F05DF8019B48B9B8F1000FD0
S2140253004FD128460AF085FF002005B0BDE8F08F91
S21402531094E8030002AA82E80300DB43ADF80C30EF
S2140253204FF0FF33ADF80E300399584612F02AF9C3
S2140253300246A379033303F4FE7308331C4487EA58
S2140253400403B3F5006F1FD302BB002ED6D006F1BE
S214025350080B04EB0B035F40B7F5006F24D3FFF78F
S21402536023FFC0F30A0304461BB19B44BBF5006F40
S2140253701AD9B8F1000F01D0ECF734FF28460AF02C
S21402538048FF40F21B40C0E7002A96D0B8F1000F53
S21402539001D0ECF727FF28460AF03BFF40F2034015
S2140253A0B3E7ECF71FFFACE7009BADF80C9046EABC
S2140253B00323ADF80E3004F1040B04F1080303993D
S2140253C00093584612F0DEF806F10309009B4FEAF6
S2140253D0A9090027B90008B94F4513DB311D584605
S2140253E012F0CBF80146204612F0CCF80446B8F18B
S2140253F0000F01D0ECF7F6FE28460AF00AFF002C52
S21402540082D0CBE71A1D18465AF80110009212F005
S214025410B9F8009A01371346DCE7212075E700BF8A
S214025420121000205C27002000000E400846194695
S21402543008B580B21346CAB20021FFF71DFF024B21
S214025440002818BF184608BD06E000F073B50846E7
S21402545016461D460DF1030201AB0DF1020180B2A4
S21402546012F0C1F8044658B99DF80330AB4209D38E
S21402547001992A46304612F0E0FF204602B070BD7F
S214025480014CFAE7014CF8E70BE000F011E000F0FF
S21402549038B588B215461C46FFF7FAFD014620B11C
S2140254A08B7900202860236038BD0148FCE700BFE6
S2140254B00BE000F02DE9F74F90461D4ABDF83090FC
S2140254C00D4692F900101B4A52F821600C369FB224
S2140254D034464FF0000AC24526D2204612F074F82F
S2140254E010BB0AF090FEA17901900431201D12F043
S2140254F044F8834601980AF08CFE22685A4508D181
S214025500A388BB4205D34B459CBF45F8043B0AF132
S214025510010AA179033101F4FE7108310C4486EACE
S2140255200403B3F5006FD6D3504603B0BDE8F08F40
S214025530121000205C27002001480121EBF778BBFF
S21402554000650A00084B10B540F201141C60986012
S2140255500120586011448A4202D1D869C04310BD66
S21402556012F8010B9861F6E700C001401046044AA3
S2140255701368591E033102D800211160184770477C
S214025580FC0C0020034B1868034B002808BF184683
S214025590704700BF6C27002048A60300014812F09F
S2140255A09CB900BF7427002013B50B4C0229226059
S2140255B005D10A4812F091F9002002B010BD0093FE
S2140255C00A46074B0146054812F069F9003818BF2B
S2140255D001204000F1E700BFFC0C002074270020E9
S2140255E06D550200014812F08BB900BF74270020E7
S2140255F00148002112F0A6B97427002008B5064B10
S2140256001B68013305D0FFF7EDFF80F00100C0B242
S21402561008BD0020FCE700BFFC0C0020F8B50D46D4
S21402562010B900242046F8BD0E4F3E68002EF8D171
S21402563000F0A2F804460028F3D0386000F0E8F83C
S214025640204612F028F838B130463E6000F0E0F806
S214025650204612F015F8E4E7002DE3D02046A847CE
S214025660E0E700BF70270020024B1868003818BF1A
S214025670012070477027002038B50C4605F06CFBF9
S214025680A3780B4A13705A1E55425541A8420CD0B5
S214025690012B04D02846BDE8384005F045BB20461D
S2140256A005F014FB0028F5D038BD0020FCE700BF4B
S2140256B07F310020024B00215B680846184700BF76
S2140256C0100D002010B50446FFF75CFF0C4B1A1AAB
S2140256D053425341A34201D1012010BD094B1B681E
S2140256E03BB9094A064B002C08BF1346074A13600B
S2140256F0F2E712F0F9FB0028F3D00020EDE700BF36
S21402570020A603007027002048A603006C2700206E
S21402571010B512F0D9FC044618B9034B01215B6898
S2140257209847204610BD00BF100D002010B512F09D
S214025730D4FC20B9024BBDE810401B68184710BDC8
S214025740100D002010B512F01FF820B9024BBDE86C
S21402575010401B68184710BD100D0020431E03336F
S21402576006D8044B984228BF1846642838BF6420DF
S214025770704700BF40420F00F8B505460AF03CFDF0
S2140257800F4B1E68074626B938460AF039FD3446DE
S21402579011E0B4688CB194F810C01CF0010F0CD163
S2140257A095E80F004CF0010C84E80F0084F810C056
S2140257B038460AF025FD2046F8BD3668E3E700BF06
S2140257C0040D002038B505460C4641B10B6833B1CE
S2140257D01B68013303D0CB680BB18B684BB901F061
S2140257E05FF8BDE838404FF492724121002000F085
S2140257F0DFB9084601F092F80023044A85F8DC3047
S214025800C5E92343C2E9003338BD00BF5019002062
S21402581010B5044618B9054B054A136010BD04F0CE
S2140258209BFBD4F89830002BF6D1F4E76976030098
S214025830000D0020014B1868704700BF5019002069
S21402584010B50C4604F0C6FB054B00215B6803202E
S21402585098471CB105F044FC0128FBD110BD00BFDF
S214025860100D002008B502460868FFF777FF0860AB
S2140258704868FFF773FF48608868FFF76FFF886025
S214025880C868FFF76BFF0B69C860581C03D00B484B
S214025890834228BF03460B614B69581C03D0074856
S2140258A0834228BF034688694B61FFF757FFBDE86E
S2140258B008408861104605F095B900BF40420F00C7
S2140258C02DE9F84FD0F8903006460F4613B1038BF9
S2140258D08B4244D0D6F88CB0BBF1000F42D0DBF836
S2140258E00830002B3ED0DBF80C1000293AD0D6F850
S2140258F0A0A0BAF1000F38D04FF000094D46C846B6
S21402590001E0DBF8083005EBC50203EB8204013543
S214025910E389BB4214D8238ABB42304610D3B4F97B
S2140259201220B6F924309342A04653DD96F8D010E2
S214025930EAF7B6FE337D834281464BD9DBF80C107C
S2140259408D42DED3B8F1000F3ED000234246194600
S2140259503046D0473783C6F8908086F8D990002024
S214025960BDE8F88F0320BDE8F88FD146544652466C
S21402597047F6FF7504EBC40803EB8808B8F80E3048
S214025980BB421BD8B8F81030BB4217D3B8F9122066
S214025990AA4207D14FF0FF093783C6F8908086F8EF
S2140259A0D990DCE796F8D0103046EAF779FE337DD8
S2140259B0834281464246EFD9DBF80C100134A142FD
S2140259C004D9DBF80830D5E70120C9E7002AFBD066
S2140259D09046E1E7A046B8E72DE9F04782B00446D4
S2140259E08946164605F04AFB3B4D08B100236B601C
S2140259F02B68D4F88CA0D4F890700BB153454BD0DA
S214025A004FF00008C5F8089005F06AFB012836D169
S214025A102B68DAF800103A6813B11868884246D044
S214025A20204612F02DFBC5E900A7D4F8A0508DF849
S214025A300760002D42D000220DF1070311462046D2
S214025A40A847204604F0D8FD0546B8F1000F00D05E
S214025A508EB1B5FA85F040F2DE324009332100F00D
S214025A60A7F83146204604F083FF1C4B05461B6808
S214025A70394620469847284602B0BDE8F0870120FE
S214025A8004F0A8FA164B00215B680320984705F03D
S214025A9027FB0128FBD1BBE76B68002BB0D0BB42CB
S214025AA0AED1AB68994514D04FF00108AAE76968F1
S214025AB011B109689142B6D05968B1E7217D94F8D0
S214025AC0D930994228BF19463246204604F068FD6E
S214025AD0B7E70025CFE700BF50190020000D0020D1
S214025AE0100D0020F8B505460E460AF085FB314635
S214025AF007462846FFF7E4FE044620B138460AF079
S214025B007FFB2046F8BD05F04DF922463146284671
S214025B10FFF762FF04460028F0D195F91030002BFB
S214025B20ECDA284612F06BFB0028E7D02246A97D65
S214025B30284612F0DFFA0446E0E700BF13B5044633
S214025B40694611F067FE204612F02BFAFF2802463D
S214025B5006D09DF800102046EAF722FE02B010BDDD
S214025B600048FBE70080FFFF07B54FF400730A49C1
S214025B70ADF806300DF1060211F068FEBDF80630EB
S214025B80B3F5007F05D1022808BF002003B05DF8F8
S214025B9004FB0120FAE700BF8C270020024B1960A5
S214025BA0024B1860FEE700BF080D00208C2900207B
S214025BB008B550B90548064B01601A60054B1A68CD
S214025BC0054B1A601868FFF7E9FF08BD080D0020AC
S214025BD090290020702700208C290020054B1B6886
S214025BE00BB918467047834201D01B69F8E70120BB
S214025BF0704700BF98290020094A13680BB9184657
S214025C007047834207D11B691360064A1368013B3B
S214025C1013600120704703F110021B69EEE700BF14
S214025C2098290020942900202DE9F74FDFF83081CB
S214025C30DFF8309106460AF0E6FA98F800B00190CE
S214025C400123BBF1000F06D089F8003003B0BDE88F
S214025C50F04F0AF0DEBA404F88F8003089F800B0FC
S214025C6011F0BEFE08B111F0B9FE3D683B4965B9B8
S214025C70DFF8F4A0DAF800203B68AA424FF00004EE
S214025C802FD836484FF0FF313BE06B7D8BB12B6847
S214025C90B34202D09A1B8A420BD96A6813442B601D
S214025CA0AB68003A18BF0122003B18BF01236A7591
S214025CB0AB752D69DBE7907D20B1107D88429CBFD5
S214025CC0014614461269002AF5D1002CD9D0D4E92F
S214025CD00001A275411AD4E90232204698470135DE
S214025CE0C8E71A46FF21EEE75A7D4AB11A68B24261
S214025CF024D0921B824221D8914201D311461C46DF
S214025D001B69002BF0D15CB12046FFF775FF38B156
S214025D103B682361DAF800303C600133CAF8003091
S214025D203B685A7D6AB911F057FE064699F800306C
S214025D30002B93D1019888F8003087E71C46002193
S214025D40DEE7186800F0D4F8044611F045FE064671
S214025D50002C83D1EAE700BF98290020FCFFFFBF92
S214025D6081310020803100209429002038B5054674
S214025D7008B31822002112F046FB0AF044FA024643
S214025D802846FFF72BFF20B110460AF042FA0220FF
S214025D9038BD0A4B1C6854B909491D600B682C6152
S214025DA0013310460B600AF034FA2046F0E704F19D
S214025DB010032469EFE70120EAE700BF98290020D4
S214025DC09429002038B50446FFF708FF0AF01BFAAC
S214025DD005462046FFF702FF637D23B928460AF0F0
S214025DE018FA032038BD00236375064B1B68A342CE
S214025DF003D111F0F1FDFFF717FF28460AF009FA62
S214025E000020EFE7982900202DE9F84FDDF82890CA
S214025E10DDF830B0984604460D46FFF7DFFE9246A0
S214025E200AF0F1F9074611F0D7FD06462046FFF7BD
S214025E30D5FE637D23B12046FFF7C4FF0023A3757A
S214025E40BAF1010F23D175B9B8F1000F21D1B9F11A
S214025E50000F03D05A4631462046C84738460AF055
S214025E60D8F9002019E035440D4BAA1B9A4210D8E7
S214025E70012363759DF82C30C4F80890C4E90058D5
S214025E802375C4F80CB03046FFF7CEFEE6E7AE4206
S214025E90EAD138460AF0BDF90120BDE8F88F00BF06
S214025EA0FCFFFFBF2DE9F04107468846FFF796FE46
S214025EB00AF0A9F93D68064611F08EFD7B7D7BB19E
S214025EC085420DD0094B2C1A9C4209D830460AF05E
S214025ED0A0F9B8F1010F08BF25462846BDE8F081B3
S214025EE030460AF096F90025F7E700BFFCFFFFBF31
S214025EF008B50023044A194604F00AFA10B101282C
S214025F0018BF032008BD00BFA37903002DE9F74F91
S214025F1015460E2200900F462A70EBB11C4C5B68A9
S214025F20A3428CBF00240124DFF868904FF00008DB
S214025F304FF0060AD9F800105FFA88F30AFB03F35B
S214025F40CA185079012809D92878A0F10E035842B8
S214025F50584103B0BDE8F08F1C46E5E7A042CE5E8E
S214025F60B2F902B0117902D008F10108E2E700980E
S214025F700191002211F0F9FC0028F5D00199297050
S214025F80B7F90020B242EFDB5A45EDDC0020E0E72D
S214025F90FFC99A3B0C0D0020014911F023BD00BF3A
S214025FA0A9B20200014911F01DBD00BF7DB2020078
S214025FB070B5164E0328337804460D461ED023FAD3
S214025FC004F202F00102AA421DD053B10122A240FD
S214025FD023EA0203A5402B43DBB233704BB1012008
S214025FE070BD2DB10A4B01201B6898473378EDE748
S214025FF03570074B00201B689847F0E79A07DED0FB
S21402600003F0FC03E9E7002070BD00BF82310020E8
S214026010D829002038B504460D46FFF725FB60B1A7
S21402602005F042F848B9012D07D8012012F084F88D
S2140260300D4B1B6823B15B6898470C4B1C7038BD30
S21402604009F0EFFB0A4B1A68801A1860E8F736FD6B
S214026050084B1B684FF47A7202FB003011F01DFCED
S214026060012005F029F8E8E77C2A00201410002019
S214026070D0290020D4290020F8B5124F05460C4638
S2140260800AF0BAF83B78064633B1012D04D01CB9A3
S2140260900D48E8F75FFC3C7021462846FFF788FF6C
S2140260A00A4B1B7804463BB93B782BB912F00AF828
S2140260B010B1074B1B68984730460AF0A1F82046F5
S2140260C0F8BD00BF83310020AC29002082310020B9
S2140260D0100D0020054A0B46117831B100211170CF
S2140260E0034A18785268012110477047833100200E
S2140260F0100D0020124B0239012910B518701ED857
S214026100FFF7B2FAD8B104F0CFFFC0B104F0EEFD4B
S214026110A8B90C4B1C6834B123689847BDE81040F8
S214026120002012F009B811F0B6FB074B186009F010
S21402613078FB064B1860204604F0BEFFEEE710BD63
S214026140141000207C2A0020D4290020D029002008
S21402615038B5044680B10AF04FF8012104460846D5
S21402616009F06DFB012108460A4A09F06EFB20463B
S214026170BDE838400AF044B80AF03EF82146054623
S214026180012009F05CFB0120024A214609F05DFB72
S2140261902846EDE794A60300F0B5324D85B00AF026
S2140261A02BF82B78044623B12F48E8F7D3FB0028B8
S2140261B04AD1E8F71DFC02AA03A911F06DFF0346B7
S2140261C0002832D011F07CFF029B98421ED100209C
S2140261D0264B03991B68264E9942307021D9C91A5C
S2140261E000270123CDE900771F482B70214A33464A
S2140261F009F0CEFA00282FD11F4A1378D90717D4F0
S214026200204609F0FDFF002005B0F0BD11F056FF54
S214026210029B98421ED0154B154A1B68039300201A
S21402622010700121FFF7C4FEEAE720462B70E8E76C
S21402623031780029E4D103F0FE031370002BDFD17E
S2140262400E4B1B689847DBE7204609F0D9FF032070
S21402625005B0F0BD0220BBE7032320462F70337043
S214026260F3E700BF83310020AC290020CC290020B0
S21402627013100020D560020082310020D8290020A9
S21402628038B5134D09F0B8FF2B780446C3B9114A46
S21402629011491370114B124A1A601248124A5A6078
S2140262A0E8F7DAFD11491248E8F7D6FD114B124A13
S2140262B01A60124B1B68124B02221A6001232B70C3
S2140262C0AFF30080204609F09BFF002038BD00BFD8
S2140262D084310020833100209CA60300100D00208C
S2140262E0996102009C29002079600200A4A603009E
S2140262F0A4290020D82900205161020000300E4057
S214026300CC2900200D4BD3F8E020D20314D50C493B
S2140263104FF48032C3F8E820C1F8EC209A6BD1B271
S214026320C2F3072299679A6704229A6700229A673D
S2140263309A679A679A679A67704700BF0010084084
S21402634000100846F8B50C4C0D461746064609F0EE
S21402635053FF0123A362042327606660A560C4F886
S214026360E830064B4FF48072C3F8802109F048FFEC
S2140263700DB10223A362F8BD0010084000E100E060
S214026380054B1860054B01229A6540F6FF721963A9
S21402639058635A65704700BFE02900200010084085
S2140263A02DE9F04F042A83B0054639D90B7883616C
S2140263B04B7883618B788361CB7883610068D5F8EC
S2140263C008B06E6800F007000123063003FA00F8F2
S2140263D008F1FF3909EA0B07A2F1040AA8EB070243
S2140263E0924501F1040446F000560DD8F0192146F4
S2140263F0524612F022F80AEB0B0248EA09031A4048
S214026400AA6003B0BDE8F08F2146F019019212F09F
S21402641014F8019AA118AAEB080230463A44E8E7B3
S214026420013A032AEDD8DFE802F00B08050211F85C
S214026430013B836111F8013BAB6111F8013BAB6193
S2140264400B78AB6103B0BDE8F08F00BF38B50C46E1
S214026450104B1546014668B10122C3F8B8200E4813
S2140264602246FFF79DFF1DB10A4B0422C3F8B8204F
S214026470002038BD64B1D3F89C20A24284BF01221A
S214026480C3F8B820C3F898400222C3F8B820EAE757
S2140264900122FAE7001008409010084010B509F0F3
S2140264A0ABFE184B184901229A65C3F888201A6673
S2140264B0164A5A660722C3F884200A801449002224
S2140264C00A804FF4A021C3F8E81003F1C063044623
S2140264D0C3F8EC100F4B1A600F4BD3F888305B02F0
S2140264E00AD50E4B18680E4B4FF48002C3F888206C
S2140264F0416BA43001F012FC2046BDE8104009F0C2
S2140265007FBE00BF001008403C2F0020A81A0020C3
S2140265103A2F0020DC290020004008407027002087
S214026520004008440D4B07221A800D4B00221A80A9
S2140265300C4B0121C3F8B810C3F890204FF4005258
S214026540C3F89400C3F8B420074BF0221A6403F190
S2140265500073A0221A64FFF7A1BF00BF3C2F0020E1
S2140265603A2F002000100840000008442DE9F041B0
S214026570044688B1394E3A4F09F03EFE3388394A0E
S21402658003F07801032C054603F07F0C114453D127
S2140265903C6824B909F034FE0320BDE8F08124F0FB
S2140265A00104386820F00100A0424AD100223A6075
S2140265B022886FEA42426FEA52428C42228036D1E9
S2140265C0294CDFF8B8C02788ACF180083A46083A6A
S2140265D092B201F10800604528BF4046082A04D955
S2140265E0B0F900E0BEF1000F36DB22803B440C8897
S2140265F088781E499B1ADBB2C4F30C04CC6300F005
S21402660007003380CB66C1F88420FFF77BFE0428A0
S2140266100DD1174BD3F88830164B1868164B4FF42B
S2140266208002C3F88820416BA43001F077FB28462D
S21402663009F0E6FD0020B0E7601E012898BF0C4670
S214026640AFE7094862440088A21A48BF8032083879
S2140266509042ADDC28469DE70146B8E73A2F002077
S214026660DC290020A81A00203C2F00200010084039
S214026670004008407027002000400844281B0020E5
S2140266800E490F4B0A881B880E481344073B03F03B
S214026690780303440832987892B20A8000F0070022
S2140266A009490428C1F8842004D101F540514A68FA
S2140266B01203FCD4054A1360704700BF3C2F00202B
S2140266C03A2F0020A81A002000100840DC290020DB
S2140266D010B5054C206828B1C30701D4FFF746FF62
S2140266E00023236010BD00BFDC290020084B4FF4B6
S2140266F08032C3F8EC2003F17C43C3F8E420D3F8DD
S2140267008030C3F30C03782B01D8FFF7FBBD70472C
S214026710001008442DE9F84304460E4609F06CFDC5
S214026720504B514D1A882D888146504802F0780108
S214026730032C02F07F03014417D14D4C24688CB918
S2140267402A44073A02F0780284180344E31A48BF40
S2140267508033AB4210DB484609F052FD0024204647
S214026760BDE8F88324F00104EFE7012C02D0022CE6
S214026770EBD1083D0C46E8E7002E41D08C423D495D
S21402678042D1D1F83C800A6B02F00702063201279A
S2140267909740D1F88020C2F30C029A4247DDB4F942
S2140267A000302588002BD6DBA378C5F30C0503F052
S2140267B007037A1EA5EB08053A43052B337005EA54
S2140267C002052CD82DB2E84340F236420421C00F0F
S2140267D0FFF7EEF97580E378274A337412687B1E5A
S2140267E003EA0803D118B160A9B213FA85F5BD42CF
S2140267F089BFFF1A0023B780F2609CBFB180F360A6
S214026800484609F0FDFCAAE7A4F10802824238BF16
S21402681004F17802B2F80080C8F30C08B3E7174B0D
S214026820DB6C003B18BF0123A5EBC305CAE78B6BE5
S2140268307A1EA3EB08033A431A40114B15B25B6863
S2140268406AB9C3F30363D91E4B424B41DB00337074
S2140268500B4B7280D3F89030C3F30723BCE70823B0
S214026860F5E700BF3A2F00203C2F0020A81A002090
S214026870DC29002000100840E02900200000084023
S21402688000400840431C08D0044AD2F83C311B0C96
S2140268901B0480B20343C2F83C31704700400840F4
S2140268A0024B10221A7004F07DBA00BF15100020A9
S2140268B0054A1378102B04D018B123EA010313708B
S2140268C07047FFF7EDBF00BF15100020034BC31A39
S2140268D058424FF001015841FFF7EABF690345EC01
S2140268E040B1054B1A88824204D200201880042147
S2140268F0FFF7DEBF0120FAE73E2F002010B5044660
S21402690011F040FA00B1A08B034BBDE8104018808E
S2140269100020FFF7E5BF00BF3E2F002010B5104C49
S214026920D4F8B4305B0004D401F040FA0221FFF739
S214026930BFFFD4F8B430591C0FD05A000DD4094BFF
S2140269401878012809D9A0F1080358425841BDE831
S2140269501040A6223121FFF72BB90120F7E700BF2E
S2140269600081E00F15100020024A137843F0080356
S2140269701370704715100020034B1A689B8802603C
S21402698083800020704700BFF00F00200F4B0628C0
S214026990D3F8883104D183F40013C3F34050704710
S2140269A0022805D113F4400F0CBF012000207047C7
S2140269B050B9074AD2F8D40010F0010005D083F48B
S2140269C08003C3F3805070470020704700400E409B
S2140269D00081E00F0C4A5288B2F5E16F94BFC822DC
S2140269E05A2210B594BF7824502490428CBF1722A6
S2140269F010220A70054A0346107818B19C422CBF32
S214026A000020012010BD00BFF00F0020191000204A
S214026A1013B5234B1B780E2B04463ED00DF107010F
S214026A20FFF7D8FF1E2C8CBF1E4C1F4C9DF807305C
S214026A304FF001028CBF01210021C4F8082170B179
S214026A40194A4DF60174C2F804411B0202F10072A3
S214026A5043F44043C2F80431144AA2F8D430134A2D
S214026A60134C92F8D83023F00103034323F00203B9
S214026A7043EA4103DBB282F8D83024786CB923F0BB
S214026A80040343EA800323F00803B2F8D440A2F8D2
S214026A90D64043EAC10382F8D83002B010BD00BF28
S214026AA0F00F00200040084600400844001F002166
S214026AB087310020084B094AD3F88831DB4303F4B8
S214026AC0FE1343F40053B3FA83F30E33A3EB4313DC
S214026AD0013B1370704700BF00400E4018100020A4
S214026AE002280CD0062802D020B100207047054BA1
S214026AF018787047034B18780430C0B270470720E6
S214026B00704700BF181000202DE9F7433A4E3B4F5E
S214026B1096F8009015463A4AD2F8C820B9F1020F04
S214026B200446884607EA02071AD147EA006788F849
S214026B300000002372882B60B2F5E16F94BFC82272
S214026B405A2227F47F57944227F008079ABF380A3A
S214026B5000F47F5043F6C870384303B0BDE8F083B4
S214026B60284A1278904228BF144604EB83030B701F
S214026B70F4B1013CE4B24FF030632B606A4601A9DF
S214026B80204611F029F8DDE9002347EA03671E4B89
S214026B9098F800101B7847EA823747F47F5747F089
S214026BA008073BB90029194B18BF4FF07F43C1E7CE
S214026BB0164BE2E7164B1748B9F1060F08BF034615
S214026BC02AB90029114B18BF4FF07F43B2E7B2FA39
S214026BD082F2C2F11F02D2B29B5CDBB239B15A1EFC
S214026BE0D2B2FD2A05D81B0643F00403A2E7074BE0
S214026BF0A0E74FF07F439DE7F00F00203F00C0E084
S214026C00001F002118100020883100200400000B0D
S214026C10B883E00FB083E00F2DE9F3410446C820A5
S214026C20FFF7F6FE2B4B2C4E18780E2801D0FF2CC1
S214026C3005D1FF243470204602B0BDE8F081022858
S214026C402DD1072C204628BF072001284FF000032D
S214026C5001AA0DF1030138BF0120FFF755FF0546D3
S214026C601E4B1F4FDDF80480C3F85881C7F8C85082
S214026C709DF8034034702046FFF7CAFE194A4FEAD1
S214026C80082303F4E063127843EA1863A7F8D030C7
S214026C90002AD0D1C7F8CC50A7F8D230CBE7A0B99B
S214026CA0052C32BF002701270420201A3B4601AAE2
S214026CB00DF10301C0B2FFF727FF4FF4800305462C
S214026CC037B1094AC2F80831CAE700273846ECE766
S214026CD0064AF7E7F00F00201A100020004008408E
S214026CE0001F00218731002000400846004008446B
S214026CF008B501F0C9F9094B094A002818BF1A4617
S214026D00136823F47F115B0803F4FE130B4313602E
S214026D10044B4FF00072DA6108BD00BF0041084024
S214026D20184108400040084008B501F0ADF9064B8E
S214026D304FF4001228B1C3F800214FF000621A6225
S214026D4008BDC3F81821F8E700400844014B18684C
S214026D50704700BFE4290020436C012B38BF012393
S214026D602DE9F0479A46464B464F9B69464E474D9D
S214026D7003F4E073A3F5C072804645485142514180
S214026D8002685245434A0FD114788C420CD198F8C7
S214026D90D0C03C78A44507D198F815C03478A445ED
S214026DA002D1A888BDE8F087B3F5C07FC0F800A07E
S214026DB011704AD1D8F8944024B12368082B58D9C8
S214026DC094F838400F21204610F0E8FEBAFA8AF30B
S214026DD0002852D0B0FA80F29B1A002BC6BFD840C9
S214026DE0C3F10F094FF00F09504501D909F1FF39D8
S214026DF0234B2004C3F8BC0003F1806340F6FF7205
S214026E00C3F8B82003F100734FEA0921C3F8B8109B
S214026E1010F0F5FEA88000F025FE09F01F094FF4D9
S214026E20FA7304FA09F45C4341F66A03B0FBF3F022
S214026E300A23B4FBF0F45C43174B1C6098F8D0307E
S214026E403B7098F815303370ABE798F8D030062BC5
S214026E5006D1124B1B78002B0CBF9624C824B1E730
S214026E60022B08D00D4B1B78002B0CBFB424F02449
S214026E70A8E70024A6E73224A4E74FF00F09B7E7F5
S214026E80006008401710002016100020F00F0020A7
S214026E90180D00208A310020E429002088310020C5
S214026EA070B506460C46154611F0A9F958B3F27CA1
S214026EB0D31E012B1ED9112A03D81D4BD340DB0744
S214026EC018D41C4B1C4AC3F8502103F1007300224D
S214026ED0C3F850210025174B40F2F712C3F8502191
S214026EE02B01164A03F4F87305F007052B43C2F884
S214026EF050311AE00F4B104AC3F8502103F10073C9
S214026F004FF44402E4E7FF2C0DD00A4B0A4AC3F8BA
S214026F10502123042405094A03F4E02304F0F874FC
S214026F202343C2F85031FF2DD5D1002070BD00BFDB
S214026F3084F60300004008440000F70100400846BB
S214026F40F8B5134B134E1F68134D384601F088F8F8
S214026F503378C4B2A34201D12B78A3B1092C14D83A
S214026F600E4B012C195D05D10D4B1B78022B01D15E
S214026F7041F0400101F00F0238460909FFF790FF81
S214026F80002334702B700020F8BD0024FA21F1E7AC
S214026F90702700208631002085310020ACA6030031
S214026FA0F00F002038B5044600F004FD142200213C
S214026FB02E4811F028FA2E4B25781A782D49521BA6
S214026FC018BF01220A7022681A60C820A2889A8016
S214026FD0FFF71EFD284BD3F8C820284BFF21197057
S214026FE0274B2849062D03EA0203274A1AD14FF4F3
S214026FF0EE40C2F824014FF48A42C1F8242101224D
S21402700043F08043C1F820211B4AC2F8C8301E4B09
S2140270100322C3F85821FFF793FF1C4B01221A7074
S214027020002038BD022D4FF007000ED1C2F80C0129
S2140270300620C1F80C011649C2F808114FF4404167
S21402704043F00303C2F80411DEE7C2F80C01052080
S214027050C1F80C01C020C2F8080143F08043812227
S21402706043F00403C1F80821CEE700BFC81F002181
S214027070F00F002085310020001F00211A1000208A
S2140270802800C0A00040084600400844893100207D
S214027090C1004000014B1870704700BF88310020C5
S2140270A073B5264B044618780E2841D0FF2C42D0E2
S2140270B000283AD1052C32BF002301230420201ACF
S2140270C001AA0DF10301C0B2FFF71EFD1C4EC6F861
S2140270D0CC00019A96F8D850130203F4E06343EA10
S2140270E01263A6F8D2309DF803400DF10201204645
S2140270F0FFF770FC05F0FB051E2C45EA800594BFE1
S2140271000023012325F0080545EAC30586F8D85072
S2140271109DF802200B4B43EA0223A6F8D630012341
S214027120094A2046137002B070BD00231846C6E70F
S2140271300023FF24F4E70023F2E700BFF00F00204D
S214027140001F002100C0FFFF87310020104A114BAC
S21402715000201870D2F8C830C2F8CC30B2F8D0305E
S214027160A2F8D230B2F8D430A2F8D63092F8D8309C
S21402717003F0FB03990001F004010B4303F0F7034D
S214027180990001F008010B4382F8D830704700BF1F
S214027190001F0021873100202DE9F0472D4C2E4B91
S2140271A0236000F05FFC4FF4FA7307464FF47A76DA
S2140271B0B0FBF6F629482A4A7343190E1B02181822
S2140271C041F10001002305F047F9A0F5807305465A
S2140271D0A36220B966222B21FEF7EAFC01254FF4B2
S2140271E07A726A434FF0000A53465008310205F09D
S2140271F033F91C4B19601C4BB7F57A7F4FEA0568CA
S2140272008946044618604FEA152505D276222B21B8
S2140272105046FEF7CDFC01264FF47A73A8FB030115
S21402722003FB05117308C01841F100010023324622
S21402723005F012F90D4B023419600D4B49F10009A5
S214027240A408186044EA8974024B013C1C63BDE83A
S214027250F08700BF005008400211010020A107007D
S21402726040420F00F4290020F0290020EC290020DB
S214027270E8290020044B4FF00052C3F880211A6020
S214027280024B01225A60704700E100E000500840BD
S214027290074B4FF00052C3F88021C3F88020BFF39B
S2140272A04F8FBFF36F8F034B04225A60704700BFA5
S2140272B000E100E00050084010B50446A242A2EBEE
S2140272C00000A3EB010104D2034B1B6B01331844ED
S2140272D0013901F0030110BD0050084038B5020123
S2140272E00A4B01259D500A4A4FF480738340536629
S2140272F0044608F081FF074A1378A54023EA0503EF
S2140273001370BDE8384008F07BBF00BF0051084448
S214027310005008408B3100202DE9F0471546044600
S21402732088461E4608F068FF022D00F0B880074621
S21402733008F069FF6C4B6D4AD3F8189092F815A0C6
S214027340DA6D5FFA8AFA520744BFD3F818900AF148
S214027350010A08F05EFF664B664A1B6811684FEA30
S2140273608A7CA3FB093213F1004301FB09CCD8F84F
S21402737000304CEB020C012D04BF01336344ACEB2E
S214027380030C08BFC8F80030BCF1804F0AF0030AAD
S214027390C0F09880584AD2F800C0584AD2F800E0A6
S2140273A0514A23F04041106B4FF000480022ECFB9C
S2140273B001820EFB012282424FEA937381BF0133A0
S2140273C00130121A03F00303A3EB0A03914588BFA8
S2140273D04549DFF848C184BF096B03F1FF3303F068
S2140273E003030CF80430A2EB0900A3B1F10742BF75
S2140273F0434B41F61F71D966B30742BF404B414922
S214027400D966710742BF384B00211967330742BF5E
S214027410354B00211965344B04F1100103EB041EB1
S2140274200901CEF80C2111225A5037499A694FF0B9
S214027430010EA2EB090A0EFA04F8D3F85C900A7859
S2140274405FFA88F848EA020282450A7026D34FF4A9
S2140274508072A24019EA020F20D11CF8040000280C
S2140274603FD10DB3F0071A6608D5254B274941F6DA
S2140274701F7240F20110DA66C866DA66B10706D5F0
S2140274801F4B22491F4A2248DA66C866DA66720726
S21402749042BF204B01229A60330719D4384608F0BF
S2140274A0AFFE0120BDE8F0871B48240140F804E047
S2140274B05A6608F0A1FE14490B7823EA08030B70FB
S2140274C008F09EFE384608F09BFE0020BDE8F087D6
S2140274D0212000F0A5F9044B4FF480325A6038465A
S2140274E0DDE71A663846DAE700500840482A0020E8
S2140274F0E8290020EC290020F0290020F4290020A9
S2140275000050084400001F1F8B3100200050084620
S2140275100000010100400840005108448C31002060
S214027520024B1878003818BF012070478B310020B4
S2140275301030034B0001185800F00100704700BFDE
S214027540005008401030044B01F46001000141F085
S21402755003011950704700BF0050084038B508F0C4
S21402756052FE084B084A9D69547DDA6D520748BFA1
S2140275709D69E4B248BF013408F04BFE284604F089
S214027580030138BD00500840482A002038B50B4B8E
S21402759003EB001210300001D2F80C411D58FFF721
S2140275A0DDFFAB0706D5844200D90139204601F03B
S2140275B0030138BD844238BF0131F7E70050084066
S2140275C008B5222000F02CF9024B4FF480225A60B4
S2140275D008BD00BF00500840064B1B68434303EB40
S2140275E08171054B1B68A3FB003013F1004341EB8E
S2140275F000007047EC290020E82900200D4A10B54B
S214027600146820F0404301464FF000420020E4FB9D
S2140276100320094A126802FB0300084B1B6B9842C0
S2140276204FEA917104D901330131C01A01F0030106
S21402763010BD00BFF0290020F429002000500840A9
S214027640F8B5064603F030FD044608B1FFF720FE03
S214027650084D094F00232B6130466B61AB617B7589
S214027660FFF7CCFFC9B27975A8610CB1FFF702FE2D
S2140276700020F8BD00500840482A00203B4B082254
S21402768070B501210546C3F8C8203948394CE9F7D8
S214027690CFFA394B1D702378013B012B0CD8237C83
S2140276A0E07B01229A400C21302313FB001303F1E6
S2140276B0884303F520431A60304B00225A677DB98F
S2140276C02F4A4FF6FF71D16702F10072F821D16797
S2140276D05D672C4B4FF08042C3F89420002070BDAB
S2140276E0636853B300F0BEF9626800EB5203B3FB63
S2140276F0F2F3013B1B0243F0F80326782049224AA4
S214027700022E1CD0032E1D484FF6FF7521D0012EE7
S21402771027D143F00203CD67D36707234367237C51
S214027720E07B01229A400C21302313FB001303F165
S2140277308C4303F520431A6011E0F823DDE743F09B
S21402774001034FF6FF70C867D3670C4B05225A67D2
S214027750E5E743F00503CD67D367012343670B4B89
S214027760B8E7CD67D3670023F8E700BF00400E46B0
S21402777000350A00F8290020913100200000084058
S214027780000008440040084400000846004008463E
S214027790F8B5064604460FCE1C4F3D460FC5336865
S2140277A02B601B4B1B480822C3F8C8200121E9F7AF
S2140277B03FFA194A00235367A37BE17A1B0443EA84
S2140277C00123217A0B4393673B78032B1BD8DFE810
S2140277D003F01402080E617B207B00230422EAF7E2
S2140277E00DFC217CE07B00230422EAF707FCA17A49
S2140277F0607A01230422EAF701FC084B1878BDE8F8
S214027800F840FFF73BBF0120F8BD00BFF829002073
S21402781000400E4600350A00000008409131002064
S214027820044BD3F89430002BBCBF034BC3F8800044
S214027830704700BF00400840000008404FF0006359
S21402784018B1034AC2F894307047024AFAE700BFFA
S214027850004008460040084408B5074B1B681A68F3
S214027860064B920019684FF0045010F0E6FDBDE892
S214027870084000F05BBF00BF0C2A0020102A002040
S21402788007B501A8EAF704FE134B144AC3F84421CD
S21402789048F2E672C3F838214FF40862C3F834217E
S2140278A00F4AC3F8A0200F4A4AF63F41916002F5FC
S2140278B080424FF0C07191620022C3F8FC200A4A4F
S2140278C0C3F89C20094B7F225A6203F100732322DD
S2140278D05A6203B05DF804FB00400840C0E653510C
S2140278E07A27000F00300840806D6303003008449A
S2140278F0064B1B783BB1064B064A1A60064B074AF4
S2140279001A60002070470220704700BF92310020A4
S214027910102A0020F0A603000C2A0020ECA6030082
S21402792038B51B4B0022C3F88820C3F88C20C3F856
S2140279309020184A4FF400715162174A0121D16013
S2140279405A6812F0706FC2F30365F9D14FF0045211
S214027950DA671249124C0122C3F880201966227097
S21402796008F0C3FB0F4B2570186820B10E4B186841
S214027970003818BF012040F27E525421FEF718F953
S2140279800A4B1B6898470A4B0122DA6038BD00BFD3
S214027990004008400000084000400846A01F0021A2
S2140279A092310020102A00200C2A00201C0D0020F4
S2140279B000400844034BFD22C3F8C8200122C3F846
S2140279C0CC20704700400E4638B5FFF7F3FF1B4B3E
S2140279D01B481C4C1C490222C3F8C8201B4B1A68C1
S2140279E042B102EA0005A54204BF5D68156008338D
S2140279F08B42F4D1164B0222C3F8C820154B164A06
S214027A00D3F83C111160154AC3F8942000F0DAFB53
S214027A10FFF736FF124B0322C3F8D820A3F5005314
S214027A200122C3F894204FF46072DA604FF040727D
S214027A30C3F8F820C3F8102138BD00BF00400E4638
S214027A400000FFFF00000840B081E00F0080E00F5A
S214027A5000400E4400400840200D00200048F00080
S214027A600060084608B5EAF70DFF044BD3F810315C
S214027A70C3F308230133B0FBF3F008BD00400E4009
S214027A8070B5044618B1284D2268531C00D170BD4B
S214027A90C2F30063110C35F8130011F0FE0F93B217
S214027AA043EA0043606818D00434CAB2022A216846
S214027AB008D9D4E90160033AC3E9001698600C3489
S214027AC00C33F3E704D16268C3E900120834DBE73B
S214027AD0012AD9D104341960D6E7120F072AF5D83D
S214027AE0DFE802F00704090D1013181DC04303F166
S214027AF080631860EAE71A6842401A60E6E703F114
S214027B00C063F6E710F0A9F8E0E70122824003F12D
S214027B10C063F2E70122824003F18063EDE71A6850
S214027B2030EA0202FBD1D1E7B6A60300024B0122DD
S214027B30C3F89420704700BF00400846024B01225B
S214027B40C3F89420704700BF00400844024B40220E
S214027B50C3F89420704700BF00400844024B4022FE
S214027B60C3F89420704700BF0040084608B50C4B87
S214027B701B68D3F8943023B11A68022A01D9186A0E
S214027B8008BDFFF76FFF074B1B6D024698B2002831
S214027B90F6D0C3F30743D2085343B3FBF0F0EFE744
S214027BA07027002000600840064B5B68C3F303633F
S214027BB0984206D1044A536B23F0F00343EA0111BC
S214027BC05163704700400840001F002110B504466C
S214027BD0FFF7CCFF104AD2F830311B040F4B1B6C58
S214027BE003F4C05348BF4008B3F5805F0ABF136B67
S214027BF0C4F30113C3F34163022B05D0032B09D050
S214027C00012B00D1400810BDC4F3C4240134B0FBDC
S214027C10F4F0F8E78008F6E7006008400000084045
S214027C202DE9F0470E4610F002F8DFF8B090DFF8C4
S214027C30B0A08046002508F0DFFAD9F80430C3F376
S214027C400363012B07460BD1711C1AD00FF0EFFF0E
S214027C50A0EB0805384608F0D3FAAE42EBD80DE0A2
S214027C60052BF1D00B2BEFD0023B012B0CD90136A2
S214027C7002D00FF0DCFF384608F0C2FA1648BDE81C
S214027C80F08708F0BDFAD6E7DAF808301A04C3F32C
S214027C9089140FD4013602D00FF0C9FF384608F017
S214027CA0AFFA24B2A4F1C8006FF4FF739842B8BFCB
S214027CB01846E4E7731C03D00FF0B9FFA0EB0805E3
S214027CC06FEA84546FEA9454384608F099FA14F529
S214027CD0007FC2D0E6E700BF00FEFFFF004008407C
S214027CE000700840024B012218619A60704700BF7C
S214027CF000200840084910B5D1F8703140B11C4642
S214027D004A68D1F870319C42F9D1C2F3036202701C
S214027D1003F00F0010BD00BF00400840094BD3F827
S214027D20883001F0800103F480030B4309D1064B2F
S214027D304FF400129A61837F1BB1044B0122C3F8F1
S214027D40F82070470040084000600844006008467B
S214027D5010B508F051FA084B1B6804463BB1984729
S214027D6028B1002200204FF4806100F00BFE20466E
S214027D70BDE8104008F044BA142A0020094B0A480D
S214027D80D3F8B41010B521F01F01D3F8FC40090453
S214027D90090C0FF094FF24F07F41BDE810400FF06D
S214027DA08EBF00BF0081E00FCF13468B2DE9F84F40
S214027DB0044610B90020BDE8F88F00F11703B3F5AA
S214027DC0002FF7D21E4F1F4A3D78002390469D4251
S214027DD018D8FFF7D3FF21680FF097FF61680FF0FE
S214027DE094FFD4F80C9000264FF0240AB14511D126
S214027DF023698342DED1062D08D048F82540013596
S214027E003D7003E052F8041BA14201D10120D2E7E3
S214027E100133DCE7A2680AFB06F312EB030B0CD075
S214027E200BF12301B1F5002F07D2D1580FF06DFFE9
S214027E3004220BEB02010FF05DFF0136D6E700BF0E
S214027E4093310020182A00202DE9F0411F4CDFF85C
S214027E509080069F0646A2FB03502C1960F1000E86
S214027E609C46A0454FF0000373EB0E0E07D24FF46C
S214027E70B4720E211846FDF79BFE02201BE0002975
S214027E80FBD0C6F3130601EB5C04B4FBFCF4A4FBC4
S214027E900646E40C44EA46340D4E34600D4C22602D
S214027EA00D4A914209D10D4AA5FB025302FB00334B
S214027EB09B093B600020BDE8F081C4040A46E80442
S214027EC044EA553104F0C8FA3860F3E700C9E876A8
S214027ED0302A0020342A002000F049020A3BB2DF92
S214027EE00046C32338B5164D2B780C4623B9154BDE
S214027EF01B6D03F03F032B70134BD3F894305B05D6
S214027F001CD5124BB0FBF3F040F24D534343A3F59E
S214027F1046430C3B584300F5C91000F5556028B996
S214027F2040F21B322B21FDF743FE01202B78084A34
S214027F305343B3FBF0F30020236038BD0220FCE776
S214027F4097310020003008400040084000366E019D
S214027F508096980070B5374C374B256B374C1B68AC
S214027F602468ED024CBF1B191B1BB3F1804F04D8CB
S214027F70002B3AD1324E1C460AE0B3FA83F4314E55
S214027F80C4F10204E340304DAB4201D901345B0830
S214027F9003EB5605B5FBF6F52C4EB34234BF00266E
S214027FA001262403013D44EA86242C430C60D8B102
S214027FB0B3FBF0F1642400FB11336343984288BF9D
S214027FC001F1FF314808013801390728204D214CBC
S214027FD04FEA510311D9002129700621C4F89410E2
S214027FE01B0243EA0013136070BDB3FA83F4D4F1A4
S214027FF00204134EC6D50024C5E71029EBD068B19B
S214028000012129700621C4F8941013490978002921
S214028010E6D012490224C1F89440E1E7012914BFD0
S2140280200121002129704FF00601C4F89410ECD10A
S214028030D6E700BF00300840342A0020302A00204D
S214028040E0673500C0CF6A003FBE4025401B5F1385
S2140280509431002000400844953100200040084634
S214028060084B5B6B03F00700C3F3C20213F0380F32
S21402807018BF5043C3F3821213F4E07F18BF504375
S214028080704700BF00300840034BD3F8380180F039
S2140280901000C0F30010704700400840174B4FF422
S2140280A0002210B5C3F89420154C164BB0F1804F41
S2140280B088BF1C46144BDA6CD2071DD51B6F134AB9
S2140280C004F5F42404F59074B4FBF2F4033CE4B231
S2140280D003F00703A34202D02046E9F705FF0C4B44
S2140280E01B784BB10B4B4FF47022C3F8942003F16C
S2140280F000732404C3F8944010BD00BF0040084635
S214028100E0673500C0CF6A0000300E4040420F00E4
S21402811096310020004008447FB50446EAF7EEFB9D
S2140281201C4B06462C3358680093A37922683146C6
S214028130FFF78AFE054648BBA379012B14BF1649F2
S21402814016491022C1F83821206815495843FFF70E
S214028150C9FE03AA02A93046FFF7FCFE0F4A43F601
S214028160FF53C2F8A4300C4B0299C3F8A4104FF484
S214028170EE611163039A1A632068FFF78FFF094BBB
S214028180A2881A6203F5405300229A63284604B076
S21402819070BD00BF0030084000400846004008445A
S2140281A0503008400000084008B5044B01221A70FF
S2140281B0034B1868FFF772FF002008BD96310020B7
S2140281C0342A0020024B4FF48062C3F89420704792
S2140281D0004008460D4BD3F80421D3F8B030D2B293
S2140281E0FF2A03D043F30743591C01D190221923D7
S2140281F0074903EBD37302EB6302022381F8423092
S214028200232381F8432081F8413070470081E00F34
S214028210001F002140B10368012B05D90069034BFA
S214028220002808BF1846704700487047BCA60300DF
S214028230064BD86DDB69C0F3011203F01F03000C76
S21402824002FB000001331844704700BF006008407C
S21402825070B504461F480D46FFF7D0F91E4BD3F8FB
S214028260306116F400464FEAC01015D000F574438C
S2140282701A4C1B4A2433B3FBF2F32B60194B00EB68
S2140282805400B0FBF4F068605B68D9020AD500249B
S21402829006B10334AC6070BD002CEFD1114B5B68A5
S2140282A0D802F7D4104B0F491B68D1F8A820C3F3A5
S2140282B0810312F4806403F1010309D1D2B2FF2ACA
S2140282C0E6D0D1F8AC20520548BF04EBC304DFE782
S2140282D0DC00F3E740420F000060084020A10700E0
S2140282E048E801000000084000200840084B1A68D1
S2140282F0C117A2FB000310F1807002FB013343F1A9
S2140283000003400E40EAC310803820EAE07070474F
S2140283103C2A0020174B072270B5C3F88420FFF7CB
S214028320A1FB154B154A164EC408010B0546E0057F
S214028330C01841F10001002304F08EF8114B1860BA
S2140283404EF66020FFF7D2FF4042C6F89C000E4869
S214028350FFF754F9024658B1E301500818184FEADD
S21402836015714FF0000341F1000104F075F87067D3
S21402837070BD00BF00400840B2E60E0065CD1D008D
S214028380001F00213C2A002040420F002DE9F04742
S214028390064608469846FFF73DFF15460746002E56
S2140283A000F0B08018F0050F63D03469002C00F09E
S2140283B0AB80FEF7CBFC4FF47A735C43201A7B68E3
S2140283C0A0F6AC50C01AFFF791FFB48B6862002C7F
S2140283D000F09D80FEF7BAFC4FF47A735C43201AD5
S2140283E07B68A0F6AC50C01AFFF780FFA861614B0D
S2140283F0F468D3F80090DFF88CA1002C00F0B0806F
S214028400FEF7A4FC4FF47A735C43241A7B68A4F646
S214028410AC54E41A99F81130053B012B7AD8DAF8F5
S2140284200020A4F53E44EB3CE117A4FB023402FB19
S214028430014413F1807144F10000490E41EAC01173
S2140284408039E9614C49A2FB01219B1A64EB0104C5
S21402845013F1807344F100045B0E43EAC413803BBD
S2140284602B62B469FEF772FC014620460FF0FAFC56
S214028470286318F0020F29D073684FF47A705843B5
S2140284805BB13B6803F51C5310331844B37F002BD3
S21402849046F2A81308BF00231844FFF727FF7369A4
S2140284A0E862002B5FD078684FF47A7202FB030012
S2140284B0B37FA0F50350002BA0F1100046F2A813DC
S2140284C008BF0023C01AFFF711FFA86218F0040FB6
S2140284D018D0B068002849D04FF47A735843A0F5F4
S2140284E003501038FFF702FF286133684FF47A70A2
S2140284F0584323B13B6803F51C5310331844FFF767
S214028500F5FE6861BDE8F0874CF250305BE74CF24E
S214028510503069E73B68E41ADAF80020E117A2FB5C
S214028520044314F1807402FB013343F10003640E2A
S21402853044EAC314803C114BEC61114CD3F88430EE
S2140285402B622368002B8CD048460FF0F6FD0028DD
S21402855087D02368D9F848002A463946984780E7E4
S2140285604CF25034D8E747F23050ACE747F230507E
S214028570B8E700BF70270020101B0200001F002172
S214028580382A00203C2A002008B9FFF751BE0348CB
S21402859081420CBF2F20BC20704700BF48E8010074
S2140285A0E0B5074608461E4615460FF047FB7B7C9D
S2140285B0053B012B06440DD80C4B4BF6EB61002D08
S2140285C018BF19464FF4FA720A44094892FBF0F0B3
S2140285D03044E0BD074B084AD3F8F800FFF71AFE0E
S2140285E001680029A8BF4FF4FA72EDE7FBD9020032
S2140285F018FCFFFF001F00210CFEFFFF2DE9F04FC5
S214028600384C0A4685B00D46002181460FF0FBFE27
S214028610D4F8C83043F06C029A4204D000252846AB
S21402862005B0BDE8F08F304BDB68D907F6D4FDF70E
S21402863001F90028F2D0D4F81061C6F30826002EFD
S214028640ECD12A4C2A4BD3F81880D4F88430019304
S214028650284B4FF060529A6103F100734FF00062AC
S2140286609A612423C4F88430234B04221A604FF400
S214028670804A4FF48053C4F868A0B3466362AB45A1
S21402868012D31E4B04221A60184A019BC2F8843089
S214028690184B4FF06051996108EA010318498B6143
S2140286A04FF480439366BAE7226E5204FCD52268E2
S2140286B0D305F9D5C4F868A00136D4F88820039209
S2140286C0012EDCD9A5EB0B07042FA8BF04273A46D8
S2140286D009EB0B0003A95F440FF0AFFE1FFA87FBFE
S2140286E0CDE700BF00400E400040084000000840B2
S2140286F00060084000600844004008460040084405
S21402870000600846074BD3F8D8304FF604014FF600
S21402871005029BB28B4208BF1346034A01209365AB
S214028720704700BF0081E00F0050084070B5194C3A
S2140287300FCC86B001AD0FC5CC22236816482B603D
S21402874000210FF060FE8422002114480FF05BFE29
S214028750134B144AC3F8F020FFF73CFD124B1B786C
S2140287602BB101AD0FCD0B4E0FC62B6823600F4BFE
S2140287700F4AC3F8DC2F0F4AC3F8E02F0E4AC3F89D
S214028780E42F02F1957202F24952C3F8E82F06B0BE
S21402879070BD00BFC81F0021341F0021B01E00217B
S2140287A0001F00213F003700893100200010002101
S2140287B00200620609C8056E0704DC060A4B197831
S2140287C001F0FF0229B10021197008499202C1F88E
S2140287D0A020597801F0FF0229B1002159709302B6
S2140287E0024AC2F8A43070479831002000000846BA
S2140287F0074BD3F8E00E074BD3F88C301A0103D49C
S214028800054B1B6E1B0401D500F58070704700BF38
S21402881000100021004008400000084008B507F09C
S214028820EBFC0F4B1A78B2B90E4A126812F4843F68
S21402883011D10D4A1021C2F894101B786BB9094B5E
S2140288401B68DB0509D4084B2022C3F89420BDE838
S214028850084007F0D5BC054AECE7044BF4E700BF36
S2140288609C310020281B0020004008440040084697
S21402887010B507F0C1FC0E2104460320FFF794F959
S214028880044B40F2012220465A62BDE8104007F02F
S214028890B7BC00BF00000840044B00221A70044B0D
S2140288A0197811B11A70FFF7B9BF70479B310020D3
S2140288B09C31002008B507F09FFC234B4FF08052F6
S2140288C0C3F88020BFF34F8FBFF36F8F4FF48072D1
S2140288D0C3F88020BFF34F8FBFF36F8F0222C3F817
S2140288E08020BFF34F8FBFF36F8F1022C3F8802014
S2140288F0BFF34F8FBFF36F8F2022C3F88020BFF3E2
S2140289004F8FBFF36F8F4FF00052C3F88020BFF334
S2140289104F8FBFF36F8F8022C3F88020BFF34F8F35
S214028920BFF36F8F4022C3F88020BFF34F8FBFF391
S2140289306F8F0122C3F88420BFF34F8FBFF36F8F70
S214028940BDE8084007F05CBC00E100E008B507F0AF
S21402895053FC0B4B4FF080521A604FF480721A6031
S21402896010221A6020221A604FF000521A608022EB
S2140289701A6040221A60BDE8084007F041BC00BFFA
S21402898000E100E070B5084C01232370074B1E6817
S214028990074BD3E9005332401940284001F022FA2F
S2140289A00023237070BD00BF9A310020442A0020A5
S2140289B0281B00202DE9F047DDF820A003EA010875
S2140289C0099B06460D4602EA000703EA0A09BAF1BF
S2140289D0000F40F04D81031F0B4300F01381052862
S2140289E071F1000380F0E78050EA010300F0608135
S2140289F0431E0B4300F02181FFF75CFFAD4AD2E92C
S214028A00004323EA050324EA06043C4343EA080734
S214028A10A94BDFF8F8821E6826EA0A0646EA090625
S214028A201E60C2E90047FFF7F9FEA44814F02A4F79
S214028A30C26E14BF48F202034FF40043B50748BFA4
S214028A4043F400539E4D83EA020122EA0302EA66D9
S214028A509C4A81660B40D366C4F38042120320030D
S214028A6048BF42F48072E10648BF42F40052A306B1
S214028A7048BF42F40072650648BF42F48062200690
S214028A809148924DD0F80C3248BF42F4006282EA16
S214028A90030123EA0203C5F80C328D4BC0F8081214
S214028AA0C7F340250A40AD04E10448BF45F48035CB
S214028AB0C3F80C22A20348BF45F48015A30748BF9B
S214028AC045F4800514F4001F06D0D8F800000FF015
S214028AD099FB08B945F40025E00248BF45F4003585
S214028AE0F9067C497C4848BF45F40005620248BF47
S214028AF045F400150A6A730748BF45F0040585EA7F
S214028B00020323F001031A4002621D40CB61734B3D
S214028B1073481D62734B744A16F0010F18BF1A464B
S214028B20836E7D0748BF42F40012704D82EA03014D
S214028B3023EA0203AB666E4B41660A4000F500501C
S214028B409A66C16B04F0010305F5005581EA03023B
S214028B5021EA0301E96382631A40664BDA63D8F8B6
S214028B600020200248BF644B92F8E92058BF634BAE
S214028B70610748BF43F4806322B114F4C06F18BF84
S214028B8043F480735E485F4CD0F8EC10320748BF5F
S214028B9043F0004383EA010222F4A0221140C4F803
S214028BA0EC101340C0F8E820574ABDE8F047C2F878
S214028BB0EC30FFF7CBBEA0F580630B4306D020F463
S214028BC08063A3F500730B437FF416AF07F014FB24
S214028BD03849D1E9003223EA060322EA050242EACC
S214028BE008023B43C1E90032484A126892F8E9207B
S214028BF00AB313F4C06F1ED0434B4FF48072C3F80F
S214028C00EC2014E007F0F8FA2A4AD2E9003123F001
S214028C1004033B4341EA080157EA0807C2E9003168
S214028C2014BF394A374A4FF48063C2F8EC30BDE8C5
S214028C30F04707F0E5BA334BDFE707F0DDFA1D4AE7
S214028C40D2E9003123F001033B4341EA0801C2E9BD
S214028C5000312F4A57EA08074FF0010315BF936306
S214028C602C4902F1C062CB6314BFD3639363DEE781
S214028C7050EA01037FF4C0AEBAF1010F7FF4BCAE36
S214028C8007F0BAFA0C4A136823F0010343EA090311
S214028C901360134A4FF48063B9F1000F04D0536691
S214028CA002F1C0629366C2E710498B665366BEE75E
S214028CB0BDE8F087281B0020442A00200000084058
S214028CC000000844000008460060084000600844AF
S214028CD0006008460040084000400844004008463D
S214028CE000500840041C500004185000005008446D
S214028CF000500846007008460D0A0A09090A0A09C1
S214028D000010084000100844001008467027002093
S214028D100070084000700844024B5868C0F3C00058
S214028D20704700BF281B0020024B186800F00100A5
S214028D30704700BF281B0020024B5868C0F3C030A3
S214028D40704700BF281B002010B50446FEF73CFE05
S214028D50FFF7B0FD04F14C00FDF7E4FBFEF7E0FD83
S214028D60FEF71AFAFEF786FAFFF7D4FA1049114A06
S214028D70D1F8F810072304F1A400FFF707FB4FF41D
S214028D8040010020FEF7DEFB4FF400110120FEF743
S214028D90D9FBFFF7B7FC20B940F2E7221421FCF713
S214028DA007FFFFF701FABDE810400120FEF766BC98
S214028DB0001F0021681F0021084B8022C3F888206C
S214028DC003F17E430822C3F88820054AD2F8B03E53
S214028DD023F02003C2F8B03E704700BF00400846AA
S214028DE00010002108B507F007FAFFF7E5FF034B6E
S214028DF001229A60BDE8084007F002BA0040084027
S214028E00F0B583B00646144602F04EF9002800F08C
S214028E109B80514BDD6815F0060540F0958007F003
S214028E20EBF923790095022B07463ED1237B022BD2
S214028E3035D00320FEF77CFB18B9484B5B685B0411
S214028E407FD5A37B257B4649A2680192003B18BFCB
S214028E500123012D0B705DD0424A434C0023137050
S214028E602278002A61D13C4E0420FEF737FAF36ED0
S214028E7023F0F85323F4F81343F0506343F480339B
S214028E80F3662A46022301A90420FEF745FA0028C3
S214028E9052D0364B012130222170C3F89420384636
S214028EA007F0AEF9002003B0F0BD0320FEF740FB4A
S214028EB0002846D12279D6F8AC30012A226838D06A
S214028EC0D51A254B2A4A0095DA6600221A67627B73
S214028ED0284B002A0CBF012200221A70264B264A73
S214028EE0D3F8B03E0CBF43F0200323F02003C2F8B1
S214028EF0B03E0320FEF7F2F9174B204ADA662279D3
S214028F00012369460320FEF707FAF8B11C4B01223B
S214028F101A708BE72379022B9ED0009BD6F8AC10F2
S214028F200B4413440025019396E72370FFF776FC63
S214028F3099E79A42C5D3C3E70320FEF7CFF90C4B55
S214028F40F366384607F05CF90320ACE7384607F0CC
S214028F5057F90120A7E700BF00500840004008402C
S214028F609E3100209B3100209C31002000400846A4
S214028F70000001019D31002000100021010C0100BB
S214028F809F3100202DE9F3410D46074607F034F9DC
S214028F901B4BDFF8788000241C70FFF70DFF194B7F
S214028FA0C8F86C30C8F8704006466879431E5842C6
S214028FB0584101F0D1FC40F60143C8F870302A79D6
S214028FC02968D7F8B430012A01D1994200D3CC1AC5
S214028FD004230DEB030103200194FEF79DF950B91B
S214028FE0094B88223046C3F8882007F009F9012089
S214028FF002B0BDE8F081304607F002F90020F7E73C
S2140290009F31002000000101004008440050084043
S214029010F8B5194C05462078B0FA80F040F20642C0
S2140290203E214009FCF7C4FD55B96078B0FA80F0DD
S214029030BDE8F84040F206423E214009FCF7B8BDC2
S2140290400E4F0F4DD7F8A0304FF44066C3F381237E
S2140290502370C5F8A0606078B0FA80F040F206424D
S2140290603E214009FCF7A4FDD7F8A430C3F38123C0
S2140290706370C5F8A460F8BD98310020000008406F
S21402908000000844F8B50B4C0B4DD4F888300B4F53
S2140290900423C5F88830D4F888305B0300D4F8BDC2
S2140290A00426C7F8886002200EF0D7FDC5F888604F
S2140290B0F1E700BF00400840004008460040084470
S2140290C01C4B70B5D3F888601B4D03F18063A82251
S2140290D0C3F8882010221A60184A194B93666B66EA
S2140290E0FFF76CFB174B1B7813B90320FEF7F6F855
S2140290F000242C67FFF7C6FF134A144BD2F8E01E73
S2140291000B40C2F8E03E124B0422C3F88820114BF3
S214029110B206C3F8B84008D503F580735B6CB3F5A6
S214029120817F22BF034B80229A60BDE8704001F027
S21402913019BE00BF004008400050084000500844D6
S214029140100000029F31002000100021DF0000FF07
S21402915000400844001E002110B528B971B9174B0B
S2140291604FF4C0625A6210BD41B9154A53681B0ECD
S21402917013F00E0FF3D113689A06F0D4FFF778FBBC
S2140291800F4C0020FEF7B6FD032801D0092806D1B1
S214029190D4F88C30DB03F4D4636F0C2BF1D9FFF7D1
S2140291A071FF084B4FF400725A62074B0122DA60D5
S2140291B003F17E430422C3F88820D0E70060084407
S2140291C000400840000008400040084608B5032159
S2140291D00920FEF7E9FC024B20229A6008BD00BF78
S2140291E00040084038B5054607F006F80446FDF785
S2140291F055F935B1FFF750FB2046BDE8384006F07A
S214029200FFBF084B1B78002BF6D0074B1D78002DAE
S214029210F2D1FFF741FB2A464FF480400021FFF7C8
S214029220B1FBE9E79B3100209A3100202DE9F84F87
S2140292305B4B0646D3F888300D461446002A40F0AB
S214029240A98013F0A00F14BF4FF001094FF00009D8
S214029250DFF86881534F01F085FDA023C8F88830F7
S2140292600320FEF73BF80420FEF738F84FF0000A1A
S214029270FFF712FB4C4BFB66C7F870A0FFF702FF26
S2140292804A4BD3F8B02E42F02002C3F8B02EFF228B
S214029290C8F80020424A4FF480719160D3F8E02E5D
S2140292A043494FF0040B1140C3F8E01EC8F888B0DB
S2140292B0C3F8B8AEFB6813F0060F04D0FEF780F9C9
S2140292C05846FEF70BF8B9F1000F08D0394B4FF4A9
S2140292D00062C3F88820384B4FF400425A6666B1E3
S2140292E0354B5B6C180701D4FFF7C2FAFFF76EFF27
S2140292F00420FDF7F3FFFFF761FA294BDA68D1077E
S21402930043D55A6812F0706FFBD12C4B2C4AC3F827
S21402931088202C4A536B23F0F003536315B1204682
S214029320FFF760FF284BD3F8B4305A1C05D05B0019
S21402933003D4264B1B78012B2FD8204B0122DA6050
S2140293401CB31D4BDA6E9A66154A136A23F00103A4
S214029350D3611F4BD3F80C22C3F80822A3F540535F
S214029360DA6F9A67A3F50053D3F8EC20C3F8E82027
S21402937003F5C043DA6B9A63A3F50053154A5A669F
S2140293800E4B4FF60842C3F88820BDE8F84F00207F
S21402939001F0FEBE4FF000095AE7082BD0D1CCE709
S2140293A00040084000500840000001010010002163
S2140293B0DF0000FF00400846000008400040084466
S2140293C010003000001F00210081E00F1510002061
S2140293D0006008405000F0029A4B196EDA6E2DE9D2
S2140293E0F04F01EA0209C3F8689003F5805385B08E
S2140293F0D3F8E060D3F8EC201640C3F8E86003F533
S214029400A043D3F80012D3F80C2201EA020AC3F8EA
S21402941008A2A3F5005359691A6A01EA02088A4AA1
S21402942008EA0202DA61894BD3F80022910006D4D8
S214029430D3F800319A00C3F3407740F1E18006F09A
S214029440DBFE834BDA68DF6D12F0060F9A6E07EAD0
S214029450020727F4800222F4006214BF4FF0010BC9
S2140294604FF0000B5A667B0704D57A4A537D0133C8
S214029470DBB2537506F0C4FEB9F1000F00F0DF80D0
S21402948019F4004427D006F0B7FE0146FFF7B0F9FC
S2140294906F4D0446AA69AB699A42FCD0AA69934208
S2140294A0FCD0FFF7A5F9A04240F0AC80084606F0D3
S2140294B0A7FE694B1C60694BD3F8885015F4E0523E
S2140294C040F0A28024F07F4424F0DF040CB9FFF7BA
S2140294D0F7FD4FF0807419F0020F4FF0000516D01A
S2140294E05E4B5F49D3F8883003F46042C1F88820A7
S2140294F0002A00F09E801D0400F19E8013F4005F97
S2140295000CBF4FF000534FF000631C430025C9F315
S21402951040394FEA4909534B3340002B4AD016F4E0
S214029520206F0AD040F6050206210020FCF740FB19
S2140295300020FFF757FE26F48026F00506D5484B96
S214029540FF221A6044F4C064FFF792F916F0090F7E
S2140295500AD040F61A0208210020FCF729FBFFF782
S21402956035FE414B01229A6216F0106F0CD040F67F
S214029570230209210020FCF71BFBFFF727FE00222F
S21402958011461046FCF762FF16F4202F0AD040F66A
S2140295902B0207210020FCF70BFB0020FFF722FE20
S2140295A026F48026F10301D5FDF7A0F8002EB8BFF9
S2140295B049F0080972070DD52B4B5B6A13F4005F5E
S2140295C014BF2A4A2A4A4FF400531ABF536244F47D
S2140295D000045362730548BF44F0040416F4802660
S2140295E000F0AA80FDF74CF80138062842D8DFE8DA
S2140295F010F02E0131012E01340137013A013A01F1
S214029600BB4639E7044645E70192FFF759FD144B7E
S214029610019AC3F8882015F4805307D115F4806F99
S2140296200CBF4FF080544FF0806454E74FF08044F4
S21402963051E74FF0007368E74FF0004365E74C468A
S2140296404D4668E7000008400000F7FF00E100E032
S21402965000500840482A0020402A002000400840C7
S21402966000400844090B0B8900100840001008440B
S2140296700010084640F65C0203210020FCF798FA28
S214029680844A136ED2F8800003F0070306330121E2
S21402969001FA03F3C0F30C001B1A9BB2072B13D973
S2140296A07D4BD3F8883058020ED47C48136B126D6B
S2140296B0C06C58B103F0070306339940C2F30C039B
S2140296C0C91A89B2072901D844F40074744B1B786E
S2140296D0002B31D06F4BD3F8E03013F4A02F2BD1F0
S2140296E0704B714A1B7893B9F90410D4137873B18E
S2140296F0E3086E4943EA457383F00103D1F8E01E9E
S21402970003F001035B0021FA03F39B0714D1042044
S214029710FDF7E4FD664B6749D966FFF7BDF8624A76
S21402972013782BB9644B654A1B682340134201D158
S21402973044F4804427F48057BAF1000F1DD01AF47F
S214029740805F18BF44F480241AF4807F18BF44F464
S21402975000241AF4005F18BF44F010041AF4007FC5
S21402976018BF44F020041AF4806F18BF44F0400477
S2140297701AF4006F18BF44F08004B8F1000F48D006
S21402978018F4802F18BF45F4007518F4803F18BFF0
S21402979044F4805418F4801F18BF44F4003418F4BC
S2140297A0800F18BF44F0020418F4003F09D03A4B69
S2140297B0D3F88830580059D5414B1B689847044364
S2140297C00D4318F4000F18BF45F0100518F4002FCB
S2140297D01AD0364BD3F8B03E13F0C00F14D02E4B2F
S2140297E05A68C2F30362032A01D0072A07D1D3F8C4
S2140297F08C20D10603D4D3F89020120739D54FF423
S2140298000022DA6128F4002818F4001F18BF44F476
S2140298108004002F00F01381380540F18680294A23
S214029820DFF88CA0D378002B52D0013B4FF40061B6
S214029830DBB2CAF86410D37033B9234B1B78DBB1A2
S214029840224B40F60142DA66002300226BE044F423
S214029850803415E744F4006412E744F480640FE7AA
S21402986044F480740CE744F0080409E744F48014D6
S214029870A7E744F40014C7E7DAF8703013F4A05FE1
S21402988015BF4FF4807340F60143CAF85030CAF849
S2140298907030D9E700100840004008400000084039
S2140298A09C3100209B3100209D31002000100021B9
S2140298B00050084000000101281B0020088D01000E
S2140298C0380D00208C3100209F31002000500846C1
S2140298D00320FDF703FDDAF80C30AD48AD4913F06E
S2140298E0060F02BFAC4B41F61F72DA664FF40063F6
S2140298F0CAF86430DAF80C3013F0060308BFCAF868
S2140299007030C38A13F4006261D023F40063C3820A
S2140299100B7803F0FF0A002B5DD1FDF751FEFFF72F
S214029920CFFB534620221C431543B9010BD52E20EC
S214029930FDF776FF984A4FF00073936602F17C4279
S21402994045F008055366FA0608D52B20FDF768FF92
S214029950914A1023936602F17C42536617F4E00F95
S21402996005D1FB045FD5BBF1000F00F0B780B8024B
S21402997010D52920FDF754FFFFF7CEF940B18749ED
S214029980874A884B53668B6687494968490425D4BB
S21402999045F0040517F4800BDFF804A22AD0042051
S2140299A0FDF79CFC2720FDF73BFFFFF789FB4FF4F2
S2140299B08003CAF864307D4BD3F8E02E520600F1DD
S2140299C086807B4B02221A6045F0020528E00B785F
S2140299D04FF40053A7E74FF4004336E76E492020C2
S2140299E08B665366FDF71CFF2D2045F00C05FDF730
S2140299F017FFCFE7F80255D50420FDF76FFC2820A5
S214029A00FDF70EFFDAF87030002B48D1FFF758FB4F
S214029A10614A644B936602F17C4245F00105536647
S214029A205F4B00221A657A0509D5624A9378002BA5
S214029A3000F0A280013B9370002349EA03095B4BC6
S214029A40D3F8B03E1B0603D52046294601F0A8FBF4
S214029A504A4620462946FEF795FF0EB1FCF738FE29
S214029A6018F4002F00F08D804F4B4FF40022DA617D
S214029A7018F0206F00F0898018F0007F01D0FDF703
S214029A8037F918F0006F01D0FDF74EF900220020DA
S214029A904FF4006105B0BDE8F04FFEF773BFCAF899
S214029AA070B0B5E7F904BBD50420FDF717FC424BAE
S214029AB0CAF86C30FDF784FDDAF85C3013F4A00FB8
S214029AC0AED12A20FDF7ACFEFFF7FAFA73E7D3F819
S214029AD0B03E98063FF578AF384B73E7354A1379B0
S214029AE04BB1013BDBB2137113B92C4B344ADA6625
S214029AF000231C4397E70420FDF7F0FB0320FDF745
S214029B00EDFB274B2C4ADA6606F076FB82460DF111
S214029B100F00FEF7EFF82B4B1B7883460BB1FEF7D0
S214029B20A7FEBBF1030F0ED1DFF87CB00020FEF7D4
S214029B30E1F8032807D1DBF88C30D903F6D4DBF83A
S214029B4074300C2BF2D99DF80F30032B06D11E4B26
S214029B50012250461A7006F053FBC9E71B4BD3F896
S214029B60E03013F4A02FF2D1FEF796FE504606F030
S214029B7047FB4FF48043BCE70220FDF7AFFB01230F
S214029B805BE7B8F1000F7FF473AF05B0BDE8F08F66
S214029B90482A00209F310020005008440050084602
S214029BA0005008401000000200400840001000214B
S214029BB0004008448C3100200000010100400846A5
S214029BC00000010D9E3100209B310020001008404D
S214029BD0034A0123136202F17C42D361704700BF3D
S214029BE0004008440B4B10B55C691A6A1440A2B2D6
S214029BF0DA61E20704D55868C0F30360FFF7E8FFAE
S214029C00630706D5BDE81040042200200021FEF7B7
S214029C10B9BE10BD004008400C4A08B5136BD16BA4
S214029C200B409363DB070FD5094B18784FF42A6273
S214029C30122100F00100FBF7BBFFBDE8084000223E
S214029C4001200021FEF79EBE08BD00BF007008403E
S214029C50281B0020044BDA6FD207FCD41A6FD96F88
S214029C600A409A67704700BF0030084070B50D463C
S214029C70144606F0C1FA064BD3F8B06E74402C4078
S214029C807440C3F8B04E06F0BBFA06EA050070BD93
S214029C9000100021034BD3F8B03E99430CBF0120BD
S214029CA0002070470010002109490A4AD1F8EC004A
S214029CB010B504230124C2F8EC308C624FF4005134
S214029CC05162410744BF02F10072C2F8EC3010BD87
S214029CD0001008400010084437B5204D0C4641B924
S214029CE00A460721FFF7C2FF1D4BEC625C6003B019
S214029CF030BD07221146FFF7B9FF1A4B07225A60FA
S214029D00237985F82C3063790193012101A80EF09E
S214029D109BFA019BC2B2D34000F00F0040EA031048
S214029D2085F82D00A27985F82E20E27985F82F2075
S214029D302068286383B1028801218B4205D82379E3
S214029D40013B1344084A9361D1E730F81150AA4206
S214029D5028BF2A460131F0E71A46F0E7001F002125
S214029D602C1F0021000008440000084010B5054CD6
S214029D70237823B101F0B8FC0020207010BD032028
S214029D80FCE700BFA131002008B501F097FC024BAA
S214029D9001221A70002008BDA1310020431C07D002
S214029DA0044B6FF0FF029A6103F100731040986152
S214029DB0704700BF0070084400F01803182B0AD042
S214029DC003070AD410F0100040F2011318BF184619
S214029DD0034B986470470020FAE70120F8E700BFBB
S214029DE0001F0021344B2DE9F7431E6801F4007969
S214029DF000F00103174653EA090205460C462ED028
S214029E004FF0000803B30023002201200021CDE911
S214029E100088FEF7CFFD41463046FDF701FF41467A
S214029E2070830120FBF70CFD716B06F1A400FDF7B1
S214029E3075FF22490868FFF7B1FF4FF0FF330B604A
S214029E40337C43F004033374B9F1000F07D00121C9
S214029E5030460DF0E3FC24F4007405430C43D6E9C7
S214029E603E232A40234052EA030103D014493046D7
S214029E7009688847FB070FD51249134A0868136812
S214029E8000211160114A0121117003B19847104B4D
S214029E9000215B680220984717F00E0F08D040F2A8
S214029EA0F3123B21002003B0BDE8F043FBF780BE6F
S214029EB003B0BDE8F08300BF70270020300D0020FD
S214029EC0340D0020702A0020742A0020A3310020BE
S214029ED0100D0020F7B50446D4E93EC71046DDE96A
S214029EE008268CEA020587EA06010540194085EA3B
S214029EF00C057940C4E93E5123F4004106EA010309
S214029F0020F00100002543F40073024043F00203F0
S214029F10CDE90055FEF74EFD237C9A0717D5D4F8F7
S214029F20FC309B0513D54FF4881120460DF076FCC5
S214029F30237C65F341032374D4E93E2302400B409D
S214029F4052EA030103D003492046096888470020E5
S214029F5003B0F0BD340D002038B10368044A002B6C
S214029F6008BF1346034A13607047014BFAE700BF67
S214029F70917E0300340D0020024B586B00F00F0058
S214029F80704700BF001F00210F2938B505460C4652
S214029F900ED801F0A5F801280CD1074A536B23F01E
S214029FA00F032343536328460EF0CAF8002038BD39
S214029FB00120FCE70220FAE7001F0021014B986B04
S214029FC0704700BF001F0021014B002099637047B5
S214029FD0001F002103282DE9F7434CD8274B13F81E
S214029FE00080274B1E5C274B13F8009006F004F9FE
S214029FF00746FEF799FE054640B10023CDE9003339
S21402A0000022002301200021FEF7D4FCFEF794FE76
S21402A01048B10023CDE900330022002300204FF48C
S21402A0200041FEF7C7FC26B3174B5C6C04F008042D
S21402A030164B31465C644046FFF78EF84A46314678
S21402A0404046FFF7F3F8124B5C6465B1114B186893
S21402A050416BA430FDF762FE0F490868FFF79EFECB
S21402A0604FF0FF330B60384603B0BDE8F04306F00E
S21402A070C7B83446DCE703B0BDE8F083CCA60300DD
S21402A080C8A60300C4A60300000008400000084457
S21402A0900000084670270020300D0020104AD2F833
S21402A0A0883013F0A00F16D1D2F88C0010F00400FE
S21402A0B013D10C4BD3F8E03E23F07F4323F0FF038B
S21402A0C05BB15368C3F30362092A07D0B2F10C00EE
S21402A0D018BF01207047002070470120704700BF5C
S21402A0E0004008400010002170B50D4616460BB120
S21402A0F0FFF7DAFD0A480368026A03F0070306332D
S21402A10001249C40C2F30C03E41AA4B2B44228BF52
S21402A110344622462946FCF743F9204670BD00BF66
S21402A1200010084070B50D46064620B9194B1B684C
S21402A130A3B1032011E000F0D3FF012828D1164B6B
S21402A14093F90040C4F11C04641BC4F11C03002BE9
S21402A150B8BF5B42232B0CDD012070BD81EAE173A0
S21402A160A3EBE173DBB2232BF6D80B4B197000205E
S21402A170F3E7B57406F040F8084A5369E40223F49C
S21402A180FF2304F4FF241C43546106F039F8EEE77B
S21402A1900220E2E770270020A0310020007008406D
S21402A1A090F8C23053B9074BDA69920208D49B6F13
S21402A1B013F4706F14BF0120002070470020704710
S21402A1C00120704700600840F8B5436B02EA0105BB
S21402A1D023EA01032B434363344A01F00B030C4684
S21402A1E023EA0501516402F100722B40610706461C
S21402A1F0536411D50121FFF7D3FF68B1FEF742FF82
S21402A20015F0040F14BF2A4A2A4A4FF40073D3618A
S21402A210294B0422C3F88820E20606D515F0100F53
S21402A220264B14BF00221B22DA6423061DD52F06F6
S21402A23016D51F4B4FF400129A6103F17E4301229A
S21402A240C3F8F82005F0D8FF0E2107460320FDF7D5
S21402A250ABFC1A4B40F201225A62384605F0D0FF98
S21402A260294606F1A400FDF759FDE00503D5E905E8
S21402A27016D5FDF763FCA20503D5AB0513D5FDF78E
S21402A2806DFC14F0600F09D0D6F8941030460DF02D
S21402A29000FE0B4B58640B4B80229A600020F8BDE0
S21402A2A0FDF744FCE7E7FDF751FCEAE70000084447
S21402A2B00060084600600844004008440000084069
S21402A2C0001F002100400840014B1868704700BF7D
S21402A2D06C2A002037B5012300240022CDE9003481
S21402A2E0002310461946FEF765FB0220FCF7F6FF30
S21402A2F0054D064B21461C6002206B6898472B686A
S21402A30003B0BDE830401847100D0020742A002024
S21402A3102DE9FF41022903900C461546984605D1C1
S21402A320FFF7D8FF002004B0BDE8F081194E05F013
S21402A33063FF336807463BB1AB4205D005F060FFCA
S21402A340002333600120EEE7134B3560C3F800802C
S21402A35001230022CDE90033002310461946FEF7FA
S21402A36029FB0E4B002502201D70FCF7B7FF224684
S21402A3702B4603A90220FCF7CFFF094B039A1A606B
S21402A380084B1B6804469847384605F039FF002CF0
S21402A390C8D1D5E7742A0020702A0020A3310020F5
S21402A3A06C2A0020100D0020044BDB6D5B055ABFA3
S21402A3B0034B1878012000F0010070470050084057
S21402A3C0A3310020014B9869FDF700BC00600840ED
S21402A3D0014B98690DF04EBC00600840437C5A1F42
S21402A3E0012A01D9082B05D14B7C2BB1012B05D0B4
S21402A3F0022B05D00DF08BBD02487047024870470D
S21402A4000248704720A1070048E8010040420F00BA
S21402A41070B50E4605F0F0FE054600F085FE0446D1
S21402A42020B1284605F0ECFE204670BDFEF72AFE57
S21402A430114B3278D3F8E03E022A23F0F00316D00E
S21402A440101F42424241520043EA02137278022A25
S21402A4500FD0111F4A424A41520043EA8213064A6B
S21402A460C2F8E03E054B0422C3F88820D9E7012251
S21402A470EAE70122F1E700BF00100021004008448D
S21402A48070B50E4605F0B8FE054600F065FE0446B9
S21402A49020B1284605F0B4FE204670BDFEF7F2FD58
S21402A4A0104B3278D3F8E03E022A23F00F0315D081
S21402A4B0101F42424241520013437278022A0FD0C2
S21402A4C0111F4A424A41520043EA8203054AC2F831
S21402A4D0E03E054B0422C3F88820DAE70122EBE7C8
S21402A4E00122F1E70010002100400844F8B50E787A
S21402A4F090F8D070044630460D46FCF747FA00281E
S21402A50044D094F8D030B34208D1AA88636C9A42F9
S21402A51004D16A88B4F8D2309A4235D084F8D06032
S21402A520AB88A4F8D4306B88A4F8D230AB886364C6
S21402A530FF23637530460DF041FB04F1D00520750C
S21402A5402846FCF72FFD10BB2846FCF715FAF0B993
S21402A550D4F8903053B194F8D010B94206D0B3F97B
S21402A56012202046E6F79CF884F8D9002046FCF72D
S21402A570F3FB0949A4F8D400084AD1F8F8100123DD
S21402A58004F1A400FDF702FF0020F8BD01200E230F
S21402A59084F8D030F9E700BF001F0021681F0021B1
S21402A5A070B5054690F8D0000E280C461DD0FF293F
S21402A5B01DD01AB10F4B4FF0FF321A600DF0FEFAA3
S21402A5C0064695F8D000FCF78BFA844228BF04466C
S21402A5D0E4B2B44238BF3446E0B26875FCF71CFBFE
S21402A5E0A0F1FF035842584170BD0220FCE701204B
S21402A5F0FAE700BF180D0020C36B012B01D1002023
S21402A600704770B5364BD0F89060D3F8F830C0F883
S21402A610943086B03146058B04460DF00AFCB389A9
S21402A6208DF80600D6E90121EB1A9BB201FB032244
S21402A63068460021ADF804300092FDF76DFD38B98A
S21402A640284B228BDA63FCF77BFC20B106B070BD88
S21402A650022006B070BD227C60F3410222740DF027
S21402A66007FBD4F890305969431EDBB209680291A1
S21402A670FD2B02460BD9CD1C09D91B4B01311B6899
S21402A6800CD0D81C07D802A92046029301E002A9E2
S21402A69020460DF06FFA002006B070BDD91C04D813
S21402A6A002A9204602930DF065FAD4F8FC309B0509
S21402A6B004D4237C43F002032374ECE74FF4803186
S21402A6C020460DF0ABF8D4E93E2302400B4052EA96
S21402A6D00301E0D00549204609688847DBE700BF4A
S21402A6E0001F002100300840200D0020340D0020FD
S21402A6F038B590F8DC400546ACB105F07DFD0A4B56
S21402A7001F22DA61013C03F100731440DC6103F19D
S21402A7107A43D5F8E0201A66D5F8E4205A66BDE8F2
S21402A720384005F06DBD38BD006008442DE9F74F8E
S21402A73006461546084619B9012003B0BDE8F08F53
S21402A740002AF9D0032904D80021FBF7E3FF0028EA
S21402A750F2D082780488037990F805B0C788B0F9F9
S21402A7600000002802F00701C0F2D280A1F1070C17
S21402A770DCF1000040EB0C00052928738CBFC2F305
S21402A78000100020C2F3801C6873900985F810C080
S21402A79000F00200C2F3C00C40EA0C00C2F3401202
S21402A7A06874AA74AF820BB996F8CA30013BDBB262
S21402A7B0EB74736BD80600F197800639012900F214
S21402A7C09380544BDB6C544B5A6B1B6B03F00703A2
S21402A7D006334FF0010909FA03F909F1FF39083C7B
S21402A7E042F0005804EA0904002318F804A0AB60FB
S21402A7F0013404EA0904631D03EA09035A1C02EA47
S21402A800090218F8037018F80220BAF1800F47EA16
S21402A8100227727C18BFAAF1320A3BB214BF4FFA63
S21402A8208AFA6FF07F0AC7F30B079AB30020D6F8AE
S21402A8309C300BB151469847631C03EA0903E87340
S21402A84085F80EA018F80310013303EA090318F876
S21402A8500320013303EA090341EA022118F8032020
S21402A860013303EA090341EA024118F803006A7C4D
S21402A870002341EA00613046FDF792FE2860737CB1
S21402A880042B03D1042FDCBF033028600423AB71F2
S21402A890002052E7D90423D5D6F894309BB11A6823
S21402A8A0022A10D993F82400FB0008B1B3FBF0F398
S21402A8B09B45BBD8002BB9D0CBEB0B20B0FBF3F0FB
S21402A8C0C043C0B2B3E729463046FFF787FD019082
S21402A8D030460DF00CFB019BB3FBF0F0C0B2E3E791
S21402A8E018F804004000ECE70023EB730B4BDA6821
S21402A8F0C2F30723120448BF63F0FF035AB212F1F1
S21402A900800F1CBF323B5AB20023AA732B60BEE7ED
S21402A910022012E7000008400010084000700840BD
S21402A92070B50A4B0A4DD3F8EC604FF48064C5F854
S21402A930EC400020FEF756FC4FF400536B6573059F
S21402A94044BF044BC3F8EC4070BD00BF0010084083
S21402A9500010084400100846082318B1024AC2F83C
S21402A96088307047014AFAE700400846004008442B
S21402A970F8B504460E4611B9037C5A065FD4464B18
S21402A980A18BD3F88420D4F8947012F4E05F04BF4D
S21402A9902022C3F810224FF6FF73994260D03F4B35
S21402A9A01B68002B5CD03E4D20469847D4F8941086
S21402A9B02A688A4207D020460DF06BFA394B586453
S21402A9C0394B8020986097424FD0384B1B684BB16A
S21402A9D01FB13A68002A58D0BF68394620469847C1
S21402A9E0D4F8941008460DF06CFA002849D0304985
S21402A9F0FDF72EFC07272046FCF7AEF9002E36D0D0
S21402AA002C4B94F9122093F900302B49D4F8940079
S21402AA10C3F11C039B1A4A69DB0222F4FF2203F4E9
S21402AA20FF231343254A4B61254B286006211167F5
S21402AA30204601221A700DF083FB0020F8BD61F358
S21402AA408613154A0374D2F88430D0F894704FF601
S21402AA50FF7113F4E05F818302D12023C2F8103223
S21402AA600F4D2A68BA423946A5D10127C3E70D4BD6
S21402AA700F4AD3F8F81004F1A4003B46FDF786FC13
S21402AA80BEE720460CF013FEB1E7174639462046CD
S21402AA909847D4F89410A5E700600840682A00207A
S21402AAA0602A0020001F002100400840642A00207F
S21402AAB0681F0021A03100200070084000000844F2
S21402AAC0A2310020B1F5007F38B50C461BD200F04B
S21402AAD007FB0128054618D1E6F75CFC0022114662
S21402AAE00220E6F78BFB0A4B0A4A1A6303F100734D
S21402AAF0E40202201C632A462946E6F77FFBE6F7B5
S21402AB0019FC002038BD0120FCE70220FAE700BF4E
S21402AB1000400E4400F80F000248482200210DF0C3
S21402AB2072BC00BFE41E0021002373B58374642345
S21402AB30C0E92C33C0E92E334FF0FF35C0F8AC30F5
S21402AB40A0F8C0300E264FF6FF73C0E9075580F80E
S21402AB50D06045648582837504461120E6F714F9B1
S21402AB60042834D11B4B5B6813F4403F2FD1204698
S21402AB70FEF7EAF82046FFF7CFFF94F912102046B8
S21402AB80FFF7D0FA144A6023536402F5805240F667
S21402AB90FF7151625165114A5364114B4022C3F84A
S21402ABA08820626B29462046FFF70EFB002240F201
S21402ABB0022310461946CDE90066FDF7FBFEFBF7B9
S21402ABC079FF204602B0BDE87040FAF7CDBF0220FA
S21402ABD002B070BD00300E4000000840000008467B
S21402ABE00040084470B50C68B0F8D4208D6803465F
S21402ABF0013404BFD3F8AC400C604C68013404BF87
S21402AC00D3F8B8404C606E1C00F1A40038D1D3F8DB
S21402AC10B440CE688C60751C38D1D3F8B0500E693B
S21402AC20CD60013604BFD3F8A4600E614E690136CA
S21402AC3004BFD3F8A8604E618E69013604BFD3F80C
S21402AC40BC608E618E693EB34132B24238BF324634
S21402AC500E688A61C3F8B4404C68C3E92E420A699A
S21402AC60C3F8A4204A690D49C3F8A820C3E92B6596
S21402AC700B4AD1F8F8100723FDF788FB002070BDB9
S21402AC8002F14104AC4238BF2C46C2E702F1640529
S21402AC90B54238BF3546C2E76422D9E7001F002115
S21402ACA0681F002138B5084D04462868003818BFCA
S21402ACB00120621C214600F0F3FC2B68003B18BF03
S21402ACC00123A370002038BD782A002038B5054C31
S21402ACD0054B417800782568236000F057FC00B1E8
S21402ACE0256038BD782A0020D8A6030070B505F086
S21402ACF083FA0C4E054600F0F3F9012804D02846E4
S21402AD0005F07EFA022070BD736813F0706FC3F30D
S21402AD100364F0D1F36BDB06EDD5284605F070FA36
S21402AD202046F0E700400840074B1B684BB100285E
S21402AD30064A074B08BF00231360064B1870002014
S21402AD4070470220704700BF782A00207C2A002025
S21402AD50D0A60300A4310020014B1878704700BF2C
S21402AD60A431002038B505F047FA0B4A13884FF68F
S21402AD70FF718B4203D105F043FA032038BD074C1E
S21402AD80074DE56504F100741B04E365118005F0C8
S21402AD9037FA0020F2E700BFF60F002000600844F2
S21402ADA00000FFFF08B50E4BD3F8B4305A1C15D07E
S21402ADB05B0013D40B4B1B78012B0FD9082B0DD03D
S21402ADC00320FFF707F9084B4FF08062C3F8942080
S21402ADD0064A4FF4007151620122DA6008BD00BFD4
S21402ADE00081E00F151000200040084600000840D1
S21402ADF0064B1A6C092302F00302D34013F0010F2C
S21402AE0040F6E44008BF4FF4E160704700300E4061
S21402AE102DE9F34105460F461646FFF73FF9A0B166
S21402AE20DFF85482D8F80C30DB0704D4032420461B
S21402AE3002B0BDE8F08105F0DFF904460320FCF716
S21402AE4077FB20B1204605F0DBF90224EFE7D8F8BD
S21402AE500C3013F0060FF5D1204605F0D1F97A4BE7
S21402AE604FF400612846D3F8E08ED3F8B84EFEF7CA
S21402AE7011FF40B1754B4FF400720121C3F88820D0
S21402AE800846FAF7DDFC39462846FAF72BFE6E4BE3
S21402AE90C3F8B84EC3F8E08E04460028C7D12B7C10
S21402AEA0DF0601D4002E58D0C6F34000FEF7B0F8F5
S21402AEB016F4807F14BF664A644A4FF002031BBF33
S21402AEC0C2F88830634AC2F8883000211CBFD160BD
S21402AED09362FEF7D7F816F0040F14BF5E4A5F4A75
S21402AEE04FF48063D361594B042216F0400FC3F827
S21402AEF0882014BF5A4A5B4A40233046C2F8803044
S21402AF00FEF75AFF28460DF053F840B116F0010F2F
S21402AF1014BF4F4A4D4A4FF48073C2F88830B006C9
S21402AF2043D56B8C4FF6FF7293420FD04E4A4F4971
S21402AF30D26D100CC2F30112088001324749B3FBEE
S21402AF40F2F3454A4A48C8651B04D3652B7C003E8B
S21402AF5018BF012666F304132B7428460DF0EDF88D
S21402AF60C8B328460DF024F8D0B14FF40031284675
S21402AF70FEF790FE431C9BB20322364801A90CF052
S21402AF80B3FD9DF8042002F00703052B9DF805305B
S21402AF9014D111070CD443F48073364AC2F8C03079
S21402AFA0FFF726FFFBF79CFC41E7FFF7DBFECDE74A
S21402AFB013F0040F09D19DF80630ECE703F03002D7
S21402AFC0202A05D113F0010FF4E74FF48073E4E76B
S21402AFD09DF80630E1E728460DF011F90028DFD08B
S21402AFE028460CF0E5FF0028DAD0EB7CA3F10C0231
S21402AFF0012A16D82B8B032B19D01E4B93F8C93077
S21402B00003F00703072B16D0124806210CF075FD35
S21402B010421C3FF40BAF00F00F00164B83F8C8003B
S21402B020BEE70F2BE6D0102BE4D00E2B01D1092160
S21402B03002E0112BE0E7082106480CF05EFD431CF7
S21402B0403FF4F4AEC0B2E8E7001000210040084426
S21402B05000400846001008400060084600600844A9
S21402B060007008460070084400600840F60F002092
S21402B0700000FFFF001E002100500840054BD3F8D9
S21402B080880003F180634FF40022C3F88820C0F3DF
S21402B090C040704700400840014B024A1A607047A1
S21402B0A0642A0020D99C0200024BD86800F00100F6
S21402B0B0704700BF00500840084BDA68D10707D532
S21402B0C008B9FCF7E5B8DB68DA0706D4FCF7D2B8AD
S21402B0D0DB68DB0701D40028F8D17047005008402F
S21402B0E00F4B5B68C3F30363013B0B2B0FD8DFE800
S21402B0F003F006060C06060606080A0808080220DA
S21402B1007047042070470520704703207047054BA0
S21402B110DB6813F0060F0CBF01200420704700BF47
S21402B12000400840005008400A4A5368C3F30363CD
S21402B1300B2B08D06FF49050184100F0010080F0FD
S21402B140010040007047D2F8880010F48030ECD13D
S21402B150704700BF004008400C4A5368C3F30363BD
S21402B160062B07D8042BD8B20CD8C31E5842584117
S21402B17040007047072B07D1D2F8440110F0005068
S21402B180EBD170470220704700207047004008400D
S21402B190024B1B6803B11847704700BF842A002081
S21402B1A0024B1B6803B11847704700BF802A002075
S21402B1B070B5174C174D0F2311F0010FE365164BB0
S21402B1C019D04AB90122DA65C4F8FC50026CC2F3FF
S21402B1D01302C3F8FC2070BD0222DA65C4F8FC50E4
S21402B1E0026CC2F31302C3F8FC200C4BC1640222A9
S21402B1F0C3F8B820EFE70226DE65C4F8FC50046CFC
S21402B200C4F31304C3F8FC40002AE4D0EDE700BF01
S21402B21000600844FFFF0F00006008460010084068
S21402B22013B5437C033BDBB2072B96BF104A0021C3
S21402B230D15C0446FEF7C8FE0120FCF7FFFA0D4B70
S21402B2404FF4F0625A6403F100734FF400725A64CA
S21402B250637C053B012B08D8074B04211B6E019328
S21402B26001220DEB0100FBF7F1F802B010BD00BFA2
S21402B270E4A603000000084400600840012310B55D
S21402B28080F8C2302823C0F8A83004234374054B44
S21402B290044619680CF00DFA2046FFF7C1FF00209D
S21402B2A010BD00BF6CC50300012310B580F8C23084
S21402B2B02823C0F8A83002234374054B04461968B5
S21402B2C00CF0F7F92046FFF7ABFF002010BD00BFD9
S21402B2D070C50300012910B5044604D902390129B4
S21402B2E014D9032011E00B4B19680523012284F8B8
S21402B2F0C2204FF4BC72C4F8A820637420460CF037
S21402B300D8F92046FFF78CFF002010BD024B1968C3
S21402B3100623EBE768C5030064C5030030B5134D8A
S21402B320134C07236B63134B69B1442140F0400072
S21402B330D9621863012363634FF4804392B1C4F861
S21402B340A0300A4A07E0D962094A19634FF48043DB
S21402B3506163C4F8A030C2F8A430C2F8A830C2F8BC
S21402B360AC3030BDC5F8A030EBE700BF00000844A3
S21402B370000008460000084010B50C4CD4F8003215
S21402B38003F00702022A0BD003F00303012B0AD1B3
S21402B39005F005FAD4F8183203F00303D84010BDBE
S21402B3A0E7F7D0FAF6E70020F4E700BF00400E40C9
S21402B3B02DE9F74FDFF8ECB08146DBF800A00F4628
S21402B3C0FCF7CCF84FF0FF35CDE9000100202C4603
S21402B3D0064606F110031B015BF8033003F0030870
S21402B3E0B8F1010F15D13046FCF7D0F802460B46ED
S21402B3F0DDE90001FBF760FFDBF85C3006F10802CE
S21402B400D340DB0737D5002F3ED000253E602C46C2
S21402B41040460136052EDCD150B3224F396B01313E
S21402B420A4FB014164190AF4403341F10001B3F56B
S21402B430003F4FF000022FD1FB6A0AF4405A013354
S21402B44042F10006BAF5805F21D1BD6A15F5807516
S21402B45042F100026E4303FB0266A5FB033232444E
S21402B460594304FB0212A3FB04341444C9E9003412
S21402B47003B0BDE8F08FA84271EB0403C8D207B14F
S21402B4803E6005460C46C3E73D463C46C0E73202F0
S21402B49042EA13621B02E3E7BB6A13F5807342F1CA
S21402B4A00002DDE7005008402DE9F843264C274D00
S21402B4B0DFF89C8004F0A0FE0023A76EA366D4F8F3
S21402B4C000212A612A7B120442F00302C4F80021FA
S21402B4D06A7B0646501CC0B201218140C8F8101093
S21402B4E04FF480716166D8F8041008320131A96001
S21402B4F048F82210AA680132D8F80410E06D10F459
S21402B500807914D18A42F7D13BB1304604F078FEF6
S21402B510C3221A214846FAF74BFB6A7BAB680C49F2
S21402B52008320233AB6041F822300123E2E74FF4DF
S21402B53080736366074BA7660122C3F80021304674
S21402B540BDE8F84304F05CBE00500840482A0020DC
S21402B5500040044000500844024B99685A690A4069
S21402B5601A6170470040044008B5FFF7F5FF054B27
S21402B5705B7B01330122DBB202FA03F3024A136158
S21402B58008BD00BF482A0020004004400B2870B5C2
S21402B59075D8012973D83B4D3B4B287369731B68DA
S21402B5A058002ED4394B3A4AD3F890400123A105CD
S21402B5B013605ED422045ED414F080045DD140F29F
S21402B5C01F121B212046FAF7F3FA304AD2F800324D
S21402B5D023F007032343C2F800322E4B0122C3F89E
S21402B5E01022A3F5202303221A60294A0723536157
S21402B5F002F17C421361244B4FF08042C3F8802153
S21402B6001A6001214FF48A40E5F712FB6B7B2A7B16
S21402B61021490133143243F4801343F4805341F832
S21402B6202230FCF71FFA4608C407FFF7A5FE0023E0
S21402B63002463146204600F00FFF090241EA106139
S21402B640C0F3C05040EA4100144B2860986A10F5D7
S21402B650807005D14FF4E1722B21FAF7A9FA022085
S21402B660024600230020012100F0F6FE686000205A
S21402B67070BD0224A9E70524A7E71C46A5E701201A
S21402B680F6E700BF482A002000E100E000400E4036
S21402B6900040044400400E4600600E400050084041
S21402B6A028B1054B187B08705B7B13707047072325
S21402B6B00B700123F9E700BF482A002010B504F0FA
S21402B6C09BFD0446FFF7F0FE054B02225A60054B2F
S21402B6D001222046BDE810401A7004F091BD00BF5A
S21402B6E000500840A53100200C490B78A3B10C4B42
S21402B6F05A7B0123013293400A4A53610A4B4FF0A8
S21402B7008042C3F8802100230B70084BD3F80C014B
S21402B710D3F8041100F0A8B8704700BFA531002086
S21402B720482A00200040044400E100E0005008409F
S21402B73010B50446FFF720FE604300F5F420034BE5
S21402B74000F59070B0FBF3F010BD00BF40420F0052
S21402B7502DE9F04F85B0FFF7EBFF044604F04CFDF1
S21402B760DFF8FC90DFF8FC800021054602A889F885
S21402B7700010FFF71DFE364BD8F804605B6813F026
S21402B780706F1ED1DFF8CCA0DAF80C7017F006073F
S21402B79017D1E0B1FCF766F9611DA1FB00B101917A
S21402B7A0FFF7EAFD3B4602460199584600F054FE72
S21402B7B0DDE902B3090241EA1061000258459941E7
S21402B7C00ED3284605B0BDE8F04F04F019BDFFF7CA
S21402B7D06BFE204B02225A60012389F80030F0E704
S21402B7E00193FFF761FEFFF7C7FD019B4FEA1B229D
S21402B7F042EA0362A0FB02B21B0A00FB032101918C
S21402B800FCF730F9019902463B46584600F024FE02
S21402B81011494A7B9300013403F14023361B03F59A
S21402B820802306441E62561CF7B2012202FA07F76C
S21402B830B2400A4EC8F810707261D8F804201B6A2B
S21402B840241AD31AA342C4D20B69CAF80031B8E745
S21402B8500040084000500840482A002000400446A5
S21402B860A5310020004004402DE9F74F7B4C7C4A6E
S21402B870237B01911B0593607A4EDFF8FC814FF41F
S21402B8800033936002237360D8F8043005465F1EC7
S21402B8904FF00009DB1B002B40F3B28009F10109CF
S21402B8A0B9F1020F46D9DB220D210020FAF780F902
S21402B8B06C4E6D4A4FF0807373662369C6F800318A
S21402B8C0237B1B0543F40033936004F095FCD6F803
S21402B8D018C0D6F85CE000210B464FF4807801F1E0
S21402B8E010021201B25802F00302012A10D108FA1D
S21402B8F001F212EA0E0F0BD106EB0117AC45D7F890
S21402B9000C71C0F08480BD4202D2BC4580F08280B9
S21402B91001310529E3D1554E316801297DD923B17C
S21402B920E28A1A43E2824F4A136603B0BDE8F04F3A
S21402B93004F066BC04F060FC4FF0807300907366FF
S21402B940637BD8F804700833013748F823703368ED
S21402B950D90352D5A36822680198FB1AA3FB02AC4E
S21402B960B36A03F5807E6368ACFB0321AAFB03B3CC
S21402B9709B1841F10001AEFB032BBAEB02020EFB51
S21402B98001BB6CEB0B0C120A42EA0C620244B2EBED
S21402B9901E2F4FEA1E2C04D3013341F10001A2EB05
S21402B9A00C02ACF1040C624528BF62463261627D2D
S21402B9B0D6F818C0EB18D2B241F100016545D6F8A8
S21402B9C030C084BF02F1FF32D2B2BCF1FF3F0ED0CC
S21402B9D04FF0000A0CF1010E9C457AEB010B08D2DF
S21402B9E00132B3EB0E03D2B261F10001F4E70A446E
S21402B9F0D2B202F003026275B361009804F000FC52
S21402BA00D8F80430F26DD2017FF544AF50E7BD425C
S21402BA10BFF47BAF1A4393B27AE7154A1578142D12
S21402BA2001BF0025134F15703D701578013515704E
S21402BA30002B3FF47AAFE58A1D43E582094C236664
S21402BA400C4C23780133DBB2022B23707FF46DAFEC
S21402BA500023013131601370237066E7482A002004
S21402BA60005008460050084000500844CC290020E8
S21402BA70A7310020A63100200040044081F000419A
S21402BA8002E000BF83F0004330B54FEA41044FEABC
S21402BA90430594EA050F08BF90EA020F1FBF54EA57
S21402BAA0000C55EA020C7FEA645C7FEA655C00F0F3
S21402BAB0E2804FEA5454D4EB5555B8BF6D420CDDC4
S21402BAC02C4480EA020281EA030382EA000083EA47
S21402BAD0010180EA020281EA0303362D88BF30BDE7
S21402BAE011F0004F4FEA01314FF4801C4CEA11313D
S21402BAF002D0404261EB410113F0004F4FEA03339C
S21402BB004CEA133302D0524263EB430394EA050F26
S21402BB1000F0A780A4F10104D5F1200E0DDB02FA95
S21402BB200EFC22FA05F2801841F1000103FA0EF229
S21402BB30801843FA05F359410EE0A5F120050EF1EF
S21402BB40200E012A03FA0EFC28BF4CF0020C43FA20
S21402BB5005F3C01851EBE37101F0004507D54FF02D
S21402BB60000EDCF1000C7EEB00006EEB0101B1F57D
S21402BB70801F1BD3B1F5001F0CD349085FEA3000C3
S21402BB804FEA3C0C04F101044FEA445212F5800FCE
S21402BB9080F09A80BCF1004F08BF5FEA500C50F16B
S21402BBA0000041EB045141EA050130BD5FEA4C0C4E
S21402BBB0404141EB0101013C28BFB1F5801FE9D2AB
S21402BBC091F0000F04BF01460020B1FA81F308BFCE
S21402BBD02033A3F10B03B3F120020CDA0C3208DD9A
S21402BBE002F1140CC2F10C0201FA0CF021FA02F175
S21402BBF00CE002F11402D8BFC2F1200C01FA02F1E5
S21402BC0020FA0CFCDCBF41EA0C019040E41AA2BF09
S21402BC1001EB0451294330BD6FEA04041F3C1CDAD1
S21402BC200C340EDC04F11404C4F1200220FA04F0F1
S21402BC3001FA02F340EA030021FA04F345EA03019B
S21402BC4030BDC4F10C04C4F1200220FA02F001FA5D
S21402BC5004F340EA0300294630BD21FA04F02946DF
S21402BC6030BD94F0000F83F4801306BF81F4801178
S21402BC700134013D4EE77FEA645C18BF7FEA655CEB
S21402BC8029D094EA050F08BF90EA020F05D054EABD
S21402BC90000C04BF1946104630BD91EA030F1EBFC2
S21402BCA00021002030BD5FEA545C05D140004941C6
S21402BCB028BF41F0004130BD14F580043CBF01F5B9
S21402BCC0801130BD01F0004545F0FE4141F470019F
S21402BCD04FF0000030BD7FEA645C1ABF194610467A
S21402BCE07FEA655C1CBF0B46024650EA013406BF7B
S21402BCF052EA033591EA030F41F4002130BD00BF3A
S21402BD0090F0000F04BF0021704730B54FF48064F6
S21402BD1004F132044FF000054FF0000150E700BF77
S21402BD2090F0000F04BF0021704730B54FF48064D6
S21402BD3004F1320410F0004548BF40424FF00001C3
S21402BD403EE700BF42004FEAE2014FEA31014FEA06
S21402BD5002701FBF12F07F4393F07F4F81F0605155
S21402BD60704732F07F4208BF704793F07F4F04BFA0
S21402BD7041F40021704730B54FF4607401F000457D
S21402BD8021F000411CE700BF50EA010208BF7047DD
S21402BD9030B54FF000050AE050EA010208BF7047CE
S21402BDA030B511F0004502D5404261EB41014FF437
S21402BDB0806404F132045FEA915C3FF4D8AE4FF03F
S21402BDC003025FEADC0C18BF03325FEADC0C18BF22
S21402BDD0033202EBDC02C2F1200300FA03FC20FA73
S21402BDE002F001FA03FE40EA0E0021FA02F11444C0
S21402BDF0BDE600BF70B54FF0FF0C4CF4E06C1CEAD9
S21402BE0011541DBF1CEA135594EA0C0F95EA0C0F49
S21402BE1000F0DEF82C4481EA030621EA4C5123EABC
S21402BE204C5350EA013518BF52EA033541F48011EB
S21402BE3043F4801338D0A0FB02CE4FF00005E1FB9E
S21402BE4002E506F00042E0FB03E54FF00006E1FBE8
S21402BE5003569CF0000F18BF4EF0010EA4F1FF042B
S21402BE60B6F5007F64F5407404D25FEA4E0E6D416B
S21402BE7046EB060642EAC62141EA55514FEAC5207C
S21402BE8040EA5E504FEACE2EB4F1FD0C88BFBCF5F8
S21402BE90E06F1ED8BEF1004F08BF5FEA500E50F1A9
S21402BEA0000041EB045170BD06F0004646EA01016F
S21402BEB040EA020081EA0301B4EB5C04C2BFD4EBA1
S21402BEC00C0541EA045170BD41F480114FF0000E9A
S21402BED0013C00F3AB8014F1360FDEBF002001F008
S21402BEE0004170BDC4F10004203C35DA0C341BDC82
S21402BEF004F11404C4F1200500FA05F320FA04F054
S21402BF0001FA05F240EA020001F0004221F0004187
S21402BF1010EBD37021FA04F642EB06015EEA430EFA
S21402BF2008BF20EAD37070BDC4F10C04C4F120052A
S21402BF3000FA04F320FA05F001FA04F240EA0200DD
S21402BF4001F0004110EBD37041F100015EEA430EAE
S21402BF5008BF20EAD37070BDC4F1200500FA05F2CE
S21402BF604EEA020E20FA04F301FA05F243EA02034D
S21402BF7021FA04F001F0004121FA04F220EA02005C
S21402BF8000EBD3705EEA430E08BF20EAD37070BDA2
S21402BF9094F0000F0FD101F00046400041EB010182
S21402BFA011F4801F08BF013CF7D041EA060195F064
S21402BFB0000F18BF704703F00046520043EB03031E
S21402BFC013F4801F08BF013DF7D043EA060370470B
S21402BFD094EA0C0F0CEA135518BF95EA0C0F0CD016
S21402BFE050EA410618BF52EA4306D1D181EA03015C
S21402BFF001F000414FF0000070BD50EA410606BF56
S21402C0001046194652EA430619D094EA0C0F02D19A
S21402C01050EA013613D195EA0C0F05D152EA0336DF
S21402C0201CBF104619460AD181EA030101F00041FD
S21402C03041F0FE4141F470014FF0000070BD41F046
S21402C040FE4141F4780170BD70B54FF0FF0C4CF420
S21402C050E06C1CEA11541DBF1CEA135594EA0C0F3F
S21402C06095EA0C0F00F0A7F8A4EB050481EA030E8C
S21402C07052EA03354FEA013100F088804FEA033373
S21402C0804FF0805545EA131343EA12634FEA022241
S21402C09045EA111545EA10654FEA00260EF0004102
S21402C0A09D4208BF964244F1FD0404F5407402D254
S21402C0B05B084FEA3202B61A65EB03055B084FEAE5
S21402C0C032024FF480104FF4002CB6EB020E75EBE2
S21402C0D0030E22BFB61A754640EA0C005B084FEA0A
S21402C0E03202B6EB020E75EB030E22BFB61A754687
S21402C0F040EA5C005B084FEA3202B6EB020E75EBD2
S21402C100030E22BFB61A754640EA9C005B084FEA49
S21402C1103202B6EB020E75EB030E22BFB61A754656
S21402C12040EADC0055EA060E18D04FEA051545EA45
S21402C13016754FEA06164FEAC30343EA52734FEAEE
S21402C140C2025FEA1C1CC0D111F4801F0BD141EA67
S21402C15000014FF000004FF0004CB6E711F4801FCC
S21402C16004BF01430020B4F1FD0C88BFBCF5E06FAC
S21402C1703FF6AFAEB5EB030C04BFB6EB020C5FEABC
S21402C180500C50F1000041EB045170BD0EF0004E11
S21402C1904EEA113114EB5C04C2BFD4EB0C0541EA43
S21402C1A0045170BD41F480114FF0000E013C90E640
S21402C1B045EA060E8DE60CEA135594EA0C0F08BF04
S21402C1C095EA0C0F3FF43BAF94EA0C0F0AD150EA03
S21402C1D001347FF434AF95EA0C0F7FF425AF104696
S21402C1E019462CE795EA0C0F06D152EA03353FF4BE
S21402C1F0FDAE1046194622E750EA410618BF52EA3B
S21402C20043067FF4C5AE50EA41047FF40DAF52EA0E
S21402C21043057FF4EBAE12E74FF0FF3C06E000BFAB
S21402C2204FF0010C02E000BF4FF0010C4DF804CDB8
S21402C2304FEA410C7FEA6C5C4FEA430C18BF7FEA78
S21402C2406C5C1BD001B050EA410C0CBF52EA430CA6
S21402C25091EA030F02BF90EA020F0020704710F126
S21402C260000F91EA030F58BF994208BF90422CBFB5
S21402C270D8176FEAE37040F0010070474FEA410CAE
S21402C2807FEA6C5C02D150EA013C07D14FEA430CCC
S21402C2907FEA6C5CD6D152EA033CD3D05DF8040B3D
S21402C2A0704700BF8446104662468C46194663466F
S21402C2B000E000BF01B5FFF7B7FF002848BF10F146
S21402C2C0000F01BD4DF808EDFFF7F4FF0CBF01208B
S21402C2D000205DF808FB00BF4DF808EDFFF7EAFF07
S21402C2E034BF012000205DF808FB00BF4DF808EDC2
S21402C2F0FFF7E0FF94BF012000205DF808FB00BFB7
S21402C3004DF808EDFFF7CEFF94BF012000205DF840
S21402C31008FB00BF4DF808EDFFF7C4FF34BF01204D
S21402C32000205DF808FB00BF4FEA410212F500123A
S21402C33015D211D56FF47873B3EB625212D94FEA65
S21402C340C12343F0004343EA505311F0004F23FA4F
S21402C35002F018BF404270474FF00000704750EAA4
S21402C360013005D111F0004008BF6FF00040704761
S21402C3704FF00000704700BF4A0011D212F50012BB
S21402C38011D20DD56FF47873B3EB62520ED44FEA26
S21402C390C12343F0004343EA505323FA02F07047A6
S21402C3A04FF00000704750EA013002D14FF0FF30E4
S21402C3B070474FF0000070474FEA4102B2F1E04387
S21402C3C024BFB3F5001CDCF1FE5C0DD901F0004C75
S21402C3D04FEAC0024CEA5070B2F1004F40EB8300C5
S21402C3E008BF20F00100704711F0804F21D113F1F1
S21402C3F03872BCBF01F00040704741F480114FEA2A
S21402C4005252C2F11802C2F1200C10FA0CF320FAB2
S21402C41002F018BF40F001004FEAC1234FEAD323CF
S21402C42003FA0CFC40EA0C0023FA02F34FEA430339
S21402C430CCE77FEA625307D150EA01331EBF4FF0C2
S21402C440FE4040F44000704701F0004040F0FE40DD
S21402C45040F40000704700BF53B94AB9002908BF2C
S21402C46000281CBF4FF0FF314FF0FF3000F06AB9D2
S21402C470ADF1080C6DE904CE00F006F8DDF804E034
S21402C480DDE9022304B070472DE9F047089D0C460B
S21402C490002B4ED194468C458646B2FA82F262D979
S21402C4A04AB1C2F12003914020FA03F30CFA02FCCF
S21402C4B0194300FA02FE4FEA1C471FFA8CF6B1FB3C
S21402C4C0F7F44FEA1E4307FB141143EA014304FB49
S21402C4D006F199420AD91CEB030304F1FF3080F0FF
S21402C4E01381994240F21081023C6344591A1FFAA2
S21402C4F08EF3B1FBF7F007FB101143EA014300FB92
S21402C50006F69E420AD91CEB030300F1FF3180F0C7
S21402C510FD809E4240F2FA80634402389B1B40EA4A
S21402C520044000211DB1D3400022C5E90032BDE817
S21402C530F0878B4205D90DB1C5E9000100210846F6
S21402C540F5E7B3FA83F1002946D1A34202D390421B
S21402C550C0F0F180861A64EB03030120002DE6D0BA
S21402C560C5E90063E3E7002A40F09180A1EB0C04E2
S21402C5704FEA1C481FFA8CF70121B4FBF8F64FEA83
S21402C5801E4308FB164443EA044307FB06F09842A0
S21402C59008D91CEB030306F1FF3402D2984200F2DC
S21402C5A0CE8026461C1A1FFA8EF3B4FBF8F008FB60
S21402C5B0104443EA044300FB07F79F4208D91CEBEA
S21402C5C0030300F1FF3402D29F4200F2B1802046FC
S21402C5D0DB1B40EA0640A5E7C1F120068B4022FAA3
S21402C5E006F71F4320FA06FC04FA01F343EA0C039B
S21402C5F0F44000FA01F8380C4FEA1349B4FBF0FE97
S21402C6001FFA87FC00FB1E4449EA04440EFB0CF9A1
S21402C610A14502FA01F20AD93C190EF1FF3A80F05E
S21402C6208580A14540F28280AEF1020E3C44A4EB26
S21402C63009041FFA83F9B4FBF0F300FB134449EA3A
S21402C640044403FB0CFCA44507D93C1903F1FF3054
S21402C65068D2A44566D9023B3C4443EA0E40A0FB9E
S21402C6600293A4EB0C049C42CE469C4652D34FD077
S21402C67055B1B8EB0E0364EB0C0404FA06F6CB4095
S21402C680CC401E43C5E900640021BDE8F087C2F134
S21402C690200320FA03F10CFA02FC24FA03F3944076
S21402C6A00C434FEA1C4800FA02FE1FFA8CF7B3FB53
S21402C6B0F8F008FB1031230C43EA014300FB07F1B4
S21402C6C0994208D91CEB030300F1FF362CD299429B
S21402C6D02AD9023863445B1AA4B2B3FBF8F108FB0A
S21402C6E0113344EA034401FB07F3A34208D91CEBC7
S21402C6F0040401F1FF3613D2A34211D9023964446D
S21402C700E41A41EA004138E70446EFE6084605E740
S21402C710C845ADD2B9EB020E63EB070C0138A7E7AA
S21402C7203146EDE7034698E73046D4E7D6467EE73D
S21402C730634402384CE70646234608460EE7023EA6
S21402C74063442FE7704700BF024B0A46014618684B
S21402C7500BF08CBD480D002008B5064B044613B1FD
S21402C7600021AFF30080044B1B6803B198472046B4
S21402C77003F0F3F800000000C82B0020024B01462D
S21402C780186800F02DB800BF480D0020024B014685
S21402C790186800F0A5BA00BF480D002070B50F4E0D
S21402C7A00C463168054611B900F054FA306021464D
S21402C7B0284600F04FFA431C03D14FF0FF342046C0
S21402C7C070BDC41C24F00304A042F8D0211A2846E7
S21402C7D000F040FA0130F2D1EFE700BF882A0020CD
S21402C7E02DE9F041CD1C25F0030508350C2D38BF88
S21402C7F00C25002D064601DBA94204D90C23336022
S21402C8000020BDE8F081314F00F062F83B681C461C
S21402C81044BB29463046FFF7C1FF431C044650D1AD
S21402C8203C682146002941D1002C44D0236830467A
S21402C83004EB030800F00EFA80453CD121686D1A1D
S21402C84029463046FFF7AAFF013034D023682B442E
S21402C85023603B68002B36D05A68A24229D10022B8
S21402C8605A600EE02268521B1DD40B2A16D9611993
S21402C870A342256018BF5960636808BF39606251D9
S21402C8804B60304600F02AF804F10B00231D20F01E
S21402C8900700C21AB5D01B1AA350B2E7A3426268B9
S21402C8A0DED13A60EDE723466468B1E70C46496894
S21402C8B0B8E71346CEE70C233360304600F00EF896
S21402C8C09EE70560DDE75B60FFDE00BF8C2A002086
S21402C8D001480BF0B0BD00BFA831002001480BF0A4
S21402C8E0ABBD00BFA8310020002310B50446C0E946
S21402C8F00033C0E90433836081814366C281836169
S21402C900194608225C300BF07EFD0D4B63620D4B20
S21402C910A3620D4BE3620D4B23630D4B24629C42D4
S21402C92006D003F16802944202D0D0339C4205D16D
S21402C93004F15800BDE810400BF07CBD10BD00BFEE
S21402C9402D8303004F83030087830300AB8303001A
S21402C950902A0020024A034903480BF0C9BC00BFD4
S21402C9603C0D0020618703004C0D002041680C4BF3
S21402C970994210B5044601D00BF0F2FEA168094BAD
S21402C980994202D020460BF0EBFEE168064B994234
S21402C99004D02046BDE810400BF0E2BE10BD00BF3A
S21402C9A0902A0020F82A0020602B002010B50B4B9E
S21402C9B00B4C0C4A1A60204600220421FFF794FF13
S21402C9C004F1680001220921FFF78EFF04F1D0006E
S21402C9D00222BDE810401221FFF786BFC82B0020B6
S21402C9E0902A002055C9020001480BF024BD00BF62
S21402C9F0A931002001480BF01FBD00BFA93100205D
S21402CA0010B50446FFF7F0FF236A1BB1BDE81040DD
S21402CA10FFF7F0BF044B2362044B1B68002BF5D1D3
S21402CA20FFF7C4FFF2E700BF6DC90200C82B002063
S21402CA302DE9F7431D46574B1F6804460E4690469F
S21402CA4027B13B6A13B93846FFF7DAFFB8F1020F8F
S21402CA5006D0B8F1010F00F29A80002DC0F297803E
S21402CA60636ED90705D4A3899A0502D4A06D0BF08C
S21402CA70E2FC214638460BF073FE616B41B104F1CD
S21402CA804403994202D0384600F02AF90023636331
S21402CA900023A3616360A3891B0603D52169384678
S21402CAA000F01EF9A38923F44A6323F00303B8F1C6
S21402CAB0020FA38161D001AB6A46214638460BF0CD
S21402CAC077FEA3891843A0812DBB009D2846FFF759
S21402CAD055FE0646002852D1DDF80090A94540D101
S21402CAE04FF0FF35B4F90C3043F00202A281002267
S21402CAF0A26004F147022260226101226261626E34
S21402CB00D60704D4980502D4A06D0BF095FC2846EF
S21402CB1003B0BDE8F083002ED8D03B6A13B938467E
S21402CB20FFF76EFFB8F1010F08BFA389266004BFA6
S21402CB3043F00103A381B4F90C3013F00802C4E9F0
S21402CB4004651ED0D90741BF00226D42A260A561CE
S21402CB5058BFA560626ED20701D49B0513D5002587
S21402CB60D5E74846FFF70AFE06460028B8D0A3894E
S21402CB7043F08003A3814D46CFE70025B2E7A946DE
S21402CB80F5E7A260E6E7A06D0BF056FCE7E74FF08C
S21402CB90FF35BCE7480D00200EB400B59CB01DABB7
S21402CBA0029006906FF000410948079104910949E6
S21402CBB053F8042B05910068019302A900F0DAF8F5
S21402CBC0029B00221A701CB05DF804EB03B070479B
S21402CBD0480D00200802FFFF0B460349024608687C
S21402CBE0816800F0C3B900BF480D002038B5064D75
S21402CBF00023044608462B6002F0ADFE431C02D119
S21402CC002B6803B1236038BDCC2B002038B5074D06
S21402CC1004460846114600222A601A4602F0A5FE7D
S21402CC20431C02D12B6803B1236038BDCC2B0020F5
S21402CC3038B5074D04460846114600222A601A46B1
S21402CC4002F095FE431C02D12B6803B1236038BD67
S21402CC50CC2B002038B5064D0023044608462B6030
S21402CC60E5F7A6FD431C02D12B6803B1236038BD4D
S21402CC70CC2B002038B5074D044608461146002244
S21402CC802A601A4602F081FE431C02D12B6803B1C9
S21402CC90236038BDCC2B002070B50D4D0D4C641BA7
S21402CCA0A4100026A64209D10B4D0C4C0CF048FBF2
S21402CCB0641BA4100026A64205D170BD55F8043B9D
S21402CCC098470136EEE755F8043B98470136F2E7F7
S21402CCD03C1000203C1000203C1000204010002099
S21402CCE038B50546002941D051F8043C0C1F002BEC
S21402CCF0B8BFE418FFF7ECFD1D4A136833B963604A
S21402CD0014602846BDE83840FFF7E8BDA34208D9BC
S21402CD10206821188B4201BF19685B6809182160D8
S21402CD20EDE71A465B680BB1A342FAD911685018B0
S21402CD30A0420BD120680144501883421160E0D112
S21402CD4018685B68536008441060DAE702D90C235F
S21402CD502B60D6E7206821188B4204BF19685B68EF
S21402CD60636004BF091821605460CAE738BD00BF7B
S21402CD708C2A00202DE9F04F98468B891B069DB021
S21402CD8007460D46144610D50B6973B94021FFF7C6
S21402CD9027FD2860286130B90C233B604FF0FF3036
S21402CDA01DB0BDE8F08F40236B610023099320235A
S21402CDB08DF82930CDF80C803023DFF89C818DF871
S21402CDC02A304FF0010923469A4613F8012B0AB17E
S21402CDD0252AF9D1BAEB040B0BD05B46224629462C
S21402CDE038460BF048FB013000F0A780099A5A44F7
S21402CDF009929AF80030002B00F09F8000234FF033
S21402CE00FF32CDE905230AF1010A049307938DF850
S21402CE1053301A935446052214F8011B4E48DFF786
S21402CE206FFD049AD8B9D00644BF20238DF853303C
S21402CE30110744BF2B238DF853309AF800302A2B63
S21402CE4015D0079A544600204FF00A0C214611F8D6
S21402CE50013B303B092B4BD9B0B1079214E0A0EB53
S21402CE60080309FA03F313430493A246D2E7039B8B
S21402CE70191D1B680391002BBBBF5B4242F00202E6
S21402CE8007930793B8BF049223782E2B0AD16378B0
S21402CE902A2B32D1039B1A1D1B68039243EAE373C3
S21402CEA002340593DFF8C0A0217803225046DFF74C
S21402CEB027FD38B1049BA0EB0A00402282401343B0
S21402CEC00134049314F8011B24488DF82810062216
S21402CED0DFF716FD002836D0214B1BBB039B07331A
S21402CEE023F0070308330393099B334409936AE745
S21402CEF00CFB02320C460120A8E7002301340593FE
S21402CF0019464FF00A0C204610F8012B303A092A2F
S21402CF1003D9002BC6D00591C4E70CFB01210446B9
S21402CF200123F0E703AB00932A460E4B04A93846CA
S21402CF30AFF30080421C0646D6D1AB895B063FF5AE
S21402CF402DAF09982CE703AB00932A46054B04A99C
S21402CF50384600F023F9EDE774C503007EC50300EA
S21402CF6000000000778403007AC503002DE9F04F25
S21402CF700D469DB014469846064618B1036A0BB98C
S21402CF80FFF73EFD6B6ED90705D4AB899A0502D42E
S21402CF90A86D0BF050FAAB891B0701D52B699BB91C
S21402CFA02946304600F026FA70B16B6EDC0704D5CF
S21402CFB04FF0FF301DB0BDE8F08FAB899805F7D46F
S21402CFC0A86D0BF039FAF3E70023099320238DF8B6
S21402CFD02930CDF80C803023DFF8AC818DF82A306A
S21402CFE04FF0010923469A4613F8012B0AB1252A67
S21402CFF0F9D1BAEB040B0BD05B46224629463046E3
S21402D0000BF0ABFA013000F0A780099A5A44099255
S21402D0109AF80030002B00F09F8000234FF0FF327A
S21402D020CDE905230AF1010A049307938DF85330DC
S21402D0301A935446052214F8011B5348DFF760FC86
S21402D040049AD8B9D10644BF20238DF8533013076B
S21402D05044BF2B238DF853309AF800302A2B15D074
S21402D060079A544600204FF00A0C214611F8013B5D
S21402D070303B092B4BD9B0B1079214E0A0EB080362
S21402D08009FA03F313430493A246D2E7039B191D3E
S21402D0901B680391002BBBBF5B4242F00202079360
S21402D0A00793B8BF049223782E2B0AD163782A2BD3
S21402D0B032D1039B1A1D1B68039243EAE3730234C0
S21402D0C00593DFF8D4A0217803225046DFF718FC38
S21402D0D038B1049BA0EB0A0040228240134301347D
S21402D0E0049314F8011B29488DF828100622DFF74E
S21402D0F007FC00283FD0264B1BBB039B073323F0BD
S21402D100070308330393099B3B4409936AE70CFB26
S21402D11002320C460120A8E7002301340593194683
S21402D1204FF00A0C204610F8012B303A092A03D990
S21402D130002BC6D00591C4E70CFB0121044601234F
S21402D140F0E703AB00932A46124B04A93046AFF32E
S21402D15000800746781CD6D16B6ED90705D4AB89FA
S21402D1609A0502D4A86D0BF067F9AB895B063FF50A
S21402D1701FAF09981EE703AB00932A46054B04A986
S21402D180304600F00BF8E4E774C503007EC50300E2
S21402D190000000005B8503007AC503002DE9FF4707
S21402D1A00F7E0C9E782F914680460C469A4601F1D9
S21402D1B0430207D8622F0AD8002F00F0DD80582FCE
S21402D1C000F0C38004F1420684F842703AE0A7F108
S21402D1D06303152BF6D801A151F823F035D20200CD
S21402D1E049D20200C5D10200C5D10200C5D1020053
S21402D1F0C5D1020049D20200C5D10200C5D1020043
S21402D200C5D10200C5D102005FD30200D7D2020008
S21402D21017D30200C5D10200C5D1020081D3020095
S21402D220C5D10200D7D20200C5D10200C5D1020084
S21402D2301FD3020033681A1D1B68326004F14206CF
S21402D24084F842300123A8E031682368081D306064
S21402D2501E0601D50D6803E05D06FBD5B1F9005048
S21402D2606168002D78DA2D20002984F84300A16039
S21402D2702DDA5E486D420A231646B5FBF3F103FB30
S21402D2801157C75D06F8017D2F46BB420D46F4D9FD
S21402D290082B0BD12368DF0708D5236961689942FA
S21402D2A0DEBF302306F8013C06F1FF36921B2261F0
S21402D2B0CDF800A04B4603AA214640460BF05FF984
S21402D2C001306FD14FF0FF3004B0BDE8F08723F095
S21402D2D004032360CDE721683368080653F8045B2D
S21402D2E002D4490648BFADB26F2F4048336014BF20
S21402D2F00A230823002184F843106668A660002EDD
S21402D300BADB216821F004012160002DB4D1002E81
S21402D310B2D11646BCE7236843F0200323603448A4
S21402D320782784F84570236831681F0651F8045B35
S21402D33002D45F0648BFADB23160D90744BF43F09E
S21402D340200323601DB11023D4E72848E9E72368A9
S21402D35023F020032360F6E724480A23CDE7336848
S21402D36025686169181D30602E061B6801D5196094
S21402D37002E06806FBD5198000232361164697E76C
S21402D38033681A1D32601E68626800213046DFF775
S21402D390B7FA08B1801B606063682361002384F8D3
S21402D3A0433085E72369324649464046D047013036
S21402D3B088D023689B0714D4E068039B9842B8BFC2
S21402D3C0184681E70123324649464046D047013097
S21402D3D03FF478AF0135E36803995B1AAB42F1DCA0
S21402D3E0EAE7002504F11906F5E700BF85C5030044
S21402D3F096C5030038B5294B054618680C4618B181
S21402D400036A0BB9FFF7FCFAB4F90C30190722D4F9
S21402D410DA0607D409222A6043F04003A3814FF0BC
S21402D420FF3033E0580712D5616B41B104F1440373
S21402D430994202D02846FFF753FC00236363A38970
S21402D44023F02403A3810023636023692360A38956
S21402D45043F00803A38123694BB9A38903F420731D
S21402D460B3F5007F03D0214628460BF0C7F9B4F97E
S21402D4700C3013F001020AD00022A2606269524206
S21402D480A261226942B913F08000C5D138BD99075E
S21402D49058BF6269A260F4E70020F7E7480D002053
S21402D4A038B5074D00230446084611462B6002F0A5
S21402D4B055FA431C02D12B6803B1236038BD00BF66
S21402D4C0CC2B002038B5064D0023044608462B60B8
S21402D4D002F049FA431C02D12B6803B1236038BD1F
S21402D4E0CC2B0020C0F3C7537F3B162B07EE900AC7
S21402D4F020F000412FDC002B16DB1C4919410842A4
S21402D50026D09FED1B7A37EE877AB5EEC07AF1EE1B
S21402D51010FA1DDD002804DD4FF4000242FA03F380
S21402D520184420EA010070479FED117A37EE877A99
S21402D530B5EEC07AF1EE10FA0ADD002813DBB7EE7C
S21402D540007A002914BF17EE100A17EE900A7047E9
S21402D55017EE900A7047B1F1FF4FF9D377EEA77A2C
S21402D56017EE900A70474FF000407047FFFF7F00AB
S21402D570CAF24971094A5168C84390FAA0F048B104
S21402D580B0FA80F0042805DC012383400B43536085
S21402D59040B270474FF0FF30704700BFF82B0020B4
S21402D5A0034B044800212822C3E900110AF02BBFCE
S21402D5B0F82B0020D02B002038B50546FFF7DAFFFF
S21402D5C004460448294600EBC4000BF0E8F920465E
S21402D5D038BD00BFD02B0020C3B2042B10B515D81F
S21402D5E00B4A042303EBC003134453E8002F0A43F9
S21402D5F043E80024002CF8D101220649824051E873
S21402D600003F134341E800300028F8D110BD00BFA8
S21402D610D02B0020F82B0020F7B51A4A1A491B4DCA
S21402D620012608274FF0040C106800B30B7806FAA0
S21402D63003F420421DD0E04352E8004F044042E883
S21402D640004EBEF1000FF7D117FB03C32B4453E87D
S21402D650000F43E800E4002CF9D1019048B10878A5
S21402D6600B4901AA05EBC0000BF0D5F9012003B067
S21402D670F0BD0B78506883423ABF0133DBB2002319
S21402D6800B70D1E7F82B0020AA310020D02B002007
S21402D69078563412024B1868003818BF01207047BB
S21402D6A0F82B002010B5044602F0ADFD074B1B68B0
S21402D6B04BB1DB681B1B002BCCBF0024012402F0FD
S21402D6C0A8FD204610BD1C46F9E700BF102C00201E
S21402D6D038B5054602F097FD094B1A684FF0FF343D
S21402D6E01AB902F096FD204638BDD2E903310B4442
S21402D6F05B1B23F000439C42526828BF1C46EFE7A0
S21402D700102C00202DE9F84F0C9F9DF82CA00E46F9
S21402D71015469946804608B103687BB937B1294653
S21402D7203046B84740F20340BDE8F88F002DF9D0E6
S21402D730002EF7DB284600F009FCF3E702F063FD53
S21402D7408346504600F0F0F90446584602F061FD62
S21402D7508CB947B129463046B8470320314600F017
S21402D760BBFB1A20E0E7002DF7D0002EF5DB28469B
S21402D77000F0ECFBF1E7C4F80080DFF878800A9B43
S21402D78065610025C4E90797A660236184F818A09E
S21402D790D8F800306560984709EB000602F033FDC2
S21402D7A007461248E6600268114631B1CB689B1BF9
S21402D7B0002B13DBCB689E4210D09DB90C4B6260E7
S21402D7C004601C682CB1D8F800309847FFF780FF39
S21402D7D0A047384602F01DFD0020A5E74B680D461F
S21402D7E01946E2E76B6863606C60F2E7102C002073
S21402D7F0002C0020082C00202DE9F74FDFF884B01B
S21402D80081460D4692461E4602F0FDFCDBF80040BD
S21402D81001904FF000082CB9019803B0BDE8F04F14
S21402D82002F0F7BC23684B451CD12DB1A3682A68C9
S21402D83023F00043934215D17EB96368B8F1000F16
S21402D84013D1CBF800300D4B1F6887B10C4A126813
S21402D8509047FFF73DFFB84709E060695146B04779
S21402D8600028EAD0A0466468D5E7C8F8043067689E
S21402D87020460BF050F83C46CDE700BF002C0020B7
S21402D880082C0020102C0020014B1860704700BFA7
S21402D890002C002070B50B4B04460E461546197830
S21402D8A0094A0A480BF0CCFC094A00231360094ACD
S21402D8B01660094A2421156007202246BDE87040FA
S21402D8C000F0B4B8C3310020B1C50300AB3100206C
S21402D8D0102C0020082C0020042C00207FB50446C3
S21402D8E01846002303930A4B1B680D46164613B9C7
S21402D8F0212004B070BD03A998470028F8D10090F3
S21402D900039B3246294620460BF038F8F1E700BF63
S21402D910042C0020F8B5054610200F46164600F0E7
S21402D920F7FA0A4B0446187818B1102221460BF073
S21402D9308AFC44B10123E3602B682360C4E90176C4
S21402D94000202C60F8BD1A20FCE700BFAB31002097
S21402D9502DE9F843264FDFF8A880264D3860386850
S21402D960FFF7A0FE30B9244B1B689847BDE8F84382
S21402D970FFF7AEBE02F047FCD8F800400646ECB110
S21402D9806368C8F800301D4BD3F80090B9F1000F59
S21402D9900CD102F03EFCA3682C6033F0004311D198
S21402D9A028680AF0B8FF00232B60D8E7124B1B68E2
S21402D9B09847FFF78DFEC8473046EAE702F029FC93
S21402D9C02C60CCE72368002BEAD018680028E7D042
S21402D9D0A26832F00043E3D0D0E9006963692168A7
S21402D9E08068C8470028DBD1002ED9D03046EFE742
S21402D9F0142C00200C2C0020082C0020002C0020C8
S21402DA00102C002038B504460D4602F0FCFB064BEF
S21402DA101B683BB1DA6922601B692B60BDE838409F
S21402DA2002F0F7BB2360F8E70C2C00202DE9F74F35
S21402DA30DFF88C90DFF88CB009EB001503314FEA63
S21402DA40001A4FF6FC770F400024DBF800306A809D
S21402DA5029F80A708046EC6002FB07F016469847E3
S21402DA6017FB06F292B2034668602A8108B3009258
S21402DA701148124A9BF8041052F8282040440BF032
S21402DA80E0FB21462A8968680AF0BDFC2146234647
S21402DA909E4206DCD1440020A9F8026003B0BDE82D
S21402DAA0F08F6A68E86850505418EC6001333944C5
S21402DAB0EEE71A20F2E700BFAC310020B0C6030042
S21402DAC008250020182C002070B50B4E06EB00151A
S21402DAD00446696839B1094B2A89185C0BF0B2FB17
S21402DAE0686800F033FA06EB04101022BDE87040B6
S21402DAF000210AF088BC00BF08250020AC310020B7
S21402DB00044B19601A7198600201002102480AF05B
S21402DB107ABC00BF182C002008250020014B185C98
S21402DB20704700BFAC31002070B50A4C04EB0013FE
S21402DB300601DD68084B185C18B1A25B29460BF09B
S21402DB4082FB2DB134442B68E3606388013B63801B
S21402DB50284670BD08250020AC310020024B03EB9E
S21402DB6000139878704700BF08250020094B03EB86
S21402DB70001310B45A88DC680C600132D9605A80EF
S21402DB80054B185C18B15DF8044B0BF05DBB5DF8F5
S21402DB90044B704708250020AC310020044A0101DE
S21402DBA002EB0013505A10B11B89B3FBF0F070471A
S21402DBB00825002038B5164B164D00241C70164B4F
S21402DBC02C601C60154B6C6020461C70AC60FFF726
S21402DBD0E5FF80B2A0F10E036B80A0F114030130C2
S21402DBE068812046EB80FFF799FF0D4D0D4A0446EB
S21402DBF0014628460BF024FB2146681E0A4A0BF013
S21402DC001FFB2146681C094ABDE838400BF018BBCA
S21402DC10C1310020482F00203C2C0020C0310020BB
S21402DC20BE310020F4C60300FDC6030007C703008A
S21402DC3070B5044680B302F0E6FA63796FF38203A6
S21402DC406371237913F01006054605D0102323715D
S21402DC50BDE8704002F0DDBA03F003030F4931F865
S21402DC602320013A21F8232030462146FFF77EFF83
S21402DC700B4B0C4E1C681CB90A4B28461C70E7E777
S21402DC80237A1BB933781BB92468F4E7012BFBD13E
S21402DC90636820469847F7E770BD00BF482F00200C
S21402DCA03C2C0020C131002010B5044602F0ABFA2D
S21402DCB0034B1A6822601C60BDE8104002F0A9BA45
S21402DCC03C2C002010B5064B1A78541C1C70054BD1
S21402DCD000F0E00003F8320003EBC203596010BD07
S21402DCE0C0310020242C00202DE9F04F46070446C0
S21402DCF089B048BF00F0F704634F049204F00306AD
S21402DD00029102F080FA07EB860337F826205B883A
S21402DD109A4204F0EF0A81464FEA860831D2002082
S21402DD20FFF702FF054640B337F826304846013370
S21402DD3027F8263002F06DFA28460BF0F0F8029B20
S21402DD40029AAB71049B85F804A01344EB7102F0AF
S21402DD505AFA4E4B1C680746002C40F08C80384618
S21402DD6002F057FA4A4B985D18B1452229460BF045
S21402DD706AFA284609B0BDE8F08F464B01221A70AF
S21402DD80484602F046FA25071DD51F2C1BD904F07B
S21402DD90E003039302F037FA07EB080337F826800E
S21402DDA05B88DFF8F89098452CBF00230123019387
S21402DDB002F02FFA07EB86034FF0000B0593364B63
S21402DDC01B789B4508D384F004005146C0F38000BC
S21402DDD000F082F80025C5E799F80030039A1A4247
S21402DDE004D0D9F80480D8F8003023B90BF1010B1F
S21402DDF009F10809E3E707935A79D00708D51A7993
S21402DE00510705D5019941B98AEA0202920704D060
S21402DE1098461B68002BEFD1E5E740460AF0E4FE81
S21402DE200579079007A80AF0C1FE2946002000F0EF
S21402DE3053F802F0E8F9059B37F826205B889A42E9
S21402DE4034BF012300230546019309D20020FFF7C1
S21402DE506BFE079058B137F82630013327F8263084
S21402DE60284602F0D6F9079D002DBCD064E7094B80
S21402DE7001221A70F4E7237A012B02D16368204646
S21402DE809847246868E700BF482F00203C2C0020F3
S21402DE90BD310020C1310020C0310020242C0020DA
S21402DEA0014B00221A607047402C002010B5044631
S21402DEB002F0A9F9074A13682BB914602360BDE87B
S21402DEC0104002F0A6B9A34202D01A461B68F3E736
S21402DED010BD00BF402C0020064B70B51C680546DE
S21402DEE00E4604B970BD63683146284698472468D2
S21402DEF0F7E700BF402C0020024B034A197803487C
S21402DF000BF09EB9C231002014C70300C3310020B3
S21402DF1038B5C41C24F00304204601F0A8FB0A4BC3
S21402DF200546187818B1224629460BF08CF92DB909
S21402DF3021460220FFF7D0FF284638BD22460021A0
S21402DF4028460AF060FAF7E7C331002010B5044607
S21402DF5028B1054B187810B121460BF075F920460A
S21402DF60BDE8104001F0A1BBC331002038B50B4C10
S21402DF700B4B206800251D7028B100F0FEFF2068BC
S21402DF80FFF7E4FF2560074C206830B101F060FA25
S21402DF902068FFF7DBFF0023236038BD482C0020F3
S21402DFA0C5310020442C00202DE9F341224F3B7856
S21402DFB0002B3FD1214B224E1978224A224C304662
S21402DFC00BF03EF901F08DFB0546FFF7A1FF014677
S21402DFD02060307810B12A460BF035F9236883B1F9
S21402DFE001F081FB8046FFF793FF184D014628603B
S21402DFF0307810B142460BF026F92B682BB9FFF7A2
S21402E000B5FF1A2002B0BDE8F081206800F0A4FF38
S21402E0102868E0F7C5FA002300932A680C492068AE
S21402E02000F0BFFF20B1FFF7A1FF40F20740E9E78B
S21402E03001233B700020E5E7C5310020C3310020F4
S21402E040C43100201EC70300482C0020442C0020A8
S21402E0509BF4020038B50C4B1B7804460D465BB1A8
S21402E0600A4B22461868294601F03AF8002840F280
S21402E070074008BF002038BD05490648FFF794FF51
S21402E0800028EDD0F7E700BFC5310020482C00205D
S21402E090EFBEADDEBEBAFECA0369C26893429CBF3B
S21402E0A081685B18013B981A70472DE9F041D0E968
S21402E0B002840546A8EB04064068964220440F46B2
S21402E0C0144404D90AF0B9F9EC60BDE8F08132468E
S21402E0D0A4EB08040AF0B1F968682246B919F1E718
S21402E0E02DE9F843C5680646894617464FF00008EC
S21402E0F03369B46870689D4228BF1B19641BBC4212
S21402E10003F1FF3328BF3C465B1B9C4228BF1C46DC
S21402E1104946284422460AF090F9B3682544AB42A1
S21402E12008BF00253F1BA044A144F560E0D140464D
S21402E130BDE8F88310B50B46EFF311844FF02001CB
S21402E14081F311881946DFF7BBFA84F3118810BDF4
S21402E15000220123C0E90023704710B5044648B1E7
S21402E160006818B1E188890001F051FA0022012303
S21402E170C4E9002310BD42F21073994270B50446FA
S21402E1800D4602D96FF00F0070BDC3888B4201D3D3
S21402E1900020F9E70421284601F077FA064600280F
S21402E1A0F0D0216841B1E28892000AF046F9E1888F
S21402E1B02068890001F02BFAE5802660E8E738B58A
S21402E1C004460D4619B9FFF7C8FF002038BDC288BD
S21402E1D08A4207D10068920000210AF014F901234E
S21402E1E0A380F2E7FFF7B9FF29462046BDE838408C
S21402E1F0FFF7C1BF884270B505460E4609D0C988EA
S21402E200C28841B92AB101238380920000680AF0CD
S21402E210FAF8002070BD4C1E8CB90134B6F90430F1
S21402E220AB80A24212D221462846FFF7A4FF00285E
S21402E230F0D131682868A2000AF0FFF8E9E73368EF
S21402E24053F82430002BE8D1013CE5E72868121B7E
S21402E2509200002100EB84000AF0D5F8E9E770B5D9
S21402E2600C4601210546FFF786FF064688B9EA886E
S21402E2700146920028680AF0C6F884EAE472A2EB25
S21402E280E472E40FC4EBC4342B68640001341A60F1
S21402E290AC80304670BDC388B1EB431F3FBF0368F6
S21402E2A04A0901F01F0153F822003ABFC84000F0A5
S21402E2B0010000207047C188006800F0A9BA70B556
S21402E2C00E4612F0030118BF012101EB920105462A
S21402E2D01446FFF774FF38B9E988286823463246A1
S21402E2E0BDE8704000F0B6BA70BD13460A46C18853
S21402E2F0006800F0D4BA38B504460D46FFF7DBFFD7
S21402E300E3882844B0EB431F06D82068E1882A46F3
S21402E31000F035FB002038BD10F01F0118BF0121A8
S21402E32001EB50112046FFF726FF0028EDD0F2E75A
S21402E3300A46C18808B511B1006800F0E2FA00206A
S21402E34008BD10B5C38823B9CA885AB9ABB1012033
S21402E35017E0026802EB830252F8042C002AF3D17B
S21402E360013BF0E70C6804EB820454F8044C0CB949
S21402E370013AEAE79342EAD80FD3013B5A1C01D18D
S21402E380002010BD026852F823400A6852F8232083
S21402E3909442DCD803F1FF33F0D24FF0FF30F0E7BF
S21402E3A030B5C38823B9CA885AB9002B3DD136E0A6
S21402E3B0026802EB830252F8042C002AF3D1013BD6
S21402E3C0F0E70C6804EB820555F8045C4DBB013A95
S21402E3D0EAE7B1F9045003D2B1F90400404226E05C
S21402E3E0B0F90420002A03DD002D0CDA01201EE01D
S21402E3F0002D08DD3AB14FF0FF3018E003F1FF338D
S21402E4000BD2504213E0013B016851F8235054F8F6
S21402E41023108D42F2D9104609E0591CF4D100208F
S21402E42005E0002BD8D09342D3D9B0F9040030BD12
S21402E4301FB581EAE173A3EBE173C90FC1EBC131EA
S21402E4404900019301310123ADF80C10ADF80E30EE
S21402E45002A901AB0293FFF7A3FF05B05DF804FB28
S21402E46090422DE9F04105460F46144602D08842F6
S21402E47006D127460123FC88AB803CB9002003E086
S21402E480FFF7B8FE0028F4D0BDE8F0813B6803EB46
S21402E49084034FEA840853F8043C0BB9013CECE7CA
S21402E4A021462846FFF767FE0028EDD12E683A6817
S21402E4B023463146304600F098FA06EB0803074634
S21402E4C0002FDBD0EA88A24204F1010608D83146C2
S21402E4D02846FFF750FE0028D6D12B6803EB8403AC
S21402E4E01A68D21943F8042B2CBF0127002734469A
S21402E4F0E6E72DE9F041D48805460E4690463CB93B
S21402E500F188A1420ED26FF009073846BDE8F081C5
S21402E510D8F8003003EB840353F8043C002BEFD109
S21402E520013CECE72846FFF726FE07460028ECD11A
S21402E530F28894420BD2AE4209D028683168121B88
S21402E540920001EB840100EB840009F076FFEA8872
S21402E550F088824207D92B68121A9200002103EB38
S21402E560800009F050FFD8F800203168286823465A
S21402E57000F051FA024610B90123AB80C5E72968BC
S21402E580EB8801EB84011B1B084600F06DFB00289C
S21402E590F2D0B8E72DE9F843B2F804C0B1F9044066
S21402E5A01CFB04FC6646734381460D4617461CD583
S21402E5B011462846FFF7C5FEB0F100080DDB3A46C5
S21402E5C029464846FFF795FF98B9B8F1000F08BFED
S21402E5D00124A9F8044000200BE02A464846FFF72B
S21402E5E088FF30B9644224B2F3E7FFF739FF002808
S21402E5F0EFD0BDE8F8830123FFF7CCBF4FF0FF331F
S21402E600FFF7C8BF1FB582EAE273A3EBE273D20F2D
S21402E610C2EBC2325200019301320123ADF80C2044
S21402E620ADF80E3002AA01AB0293FFF7E7FF05B082
S21402E6305DF804FB2DE9F047012386B016468842B2
S21402E6404FF00002CDE90223CDE9042307460D462A
S21402E65006D102A8FFF7CEFD0446002833D102AD4C
S21402E660B74206D1394604A8FFF7C4FD044650BB9C
S21402E67004AEB5F80680B8F1000F2ED1B6F80690B3
S21402E680B9F1000F33D14FF0010A09EB0801384601
S21402E690FFF771FD0446B0B901463846FFF7DFFDC5
S21402E6A0044680B9CDF80090336829683868424637
S21402E6B000F08AFABAF1000F22D1AB88B28813FBB7
S21402E6C002F31BB2BB8004A8FFF747FD02A8FFF7C0
S21402E6D044FD204606B0BDE8F0872B6803EB8803AE
S21402E6E053F8043C002BC9D108F1FF38C3E733685E
S21402E6F003EB890353F8043C23B909F1FF39BFE75A
S21402E7000123DFE7B8FA88FA4FEA5A1ABDE72DE97D
S21402E710F341CF880546884616463FB1D8F8003002
S21402E72003EB870353F8043C3BB146B90021284665
S21402E73002B0BDE8F041FFF792BD013FEDE7791C5C
S21402E7402846FFF718FD044670B941462846FFF7EB
S21402E75051FD044640B9013E0096D8F80020E988EB
S21402E76028683B4600F074F9204602B0BDE8F08106
S21402E77070B504460D46104600211646FFF758FEB1
S21402E780002824DB2A46334621460020DFF7C2F85B
S21402E790054638B1284670BD324621462046FFF768
S21402E7A02AFF90B900212046FFF742FE0028F3DB3D
S21402E7B031462046FFF7F4FD0028EBDB32462146C1
S21402E7C02046FFF71BFF0028F2D00546E2E76FF06F
S21402E7D00905DFE7F7B50E1E044615461F4614DB8D
S21402E7E01046FFF725FE00280FDDE9882046FFF7D2
S21402E7F0E6FC40B9089BCDE900733146E3882A68F7
S21402E8002068DFF79BFA03B0F0BD6FF00300FAE76B
S21402E8100139002901DA0020704750F82130002B18
S21402E820F6D0B3FA83F00131C0EB4110704739B12C
S21402E83001F18041013900EB81018142034600D299
S21402E84070471B680A681BBA12BA40F8042B41F8D4
S21402E8500439F2E72DE9F0411C4613F0030318BF12
S21402E860012303EB94038B4206460D46904613D8CB
S21402E87079B18F003A46002109F0C5FD2CB1381B4C
S21402E88022464146304409F0D8FD29463046FFF775
S21402E890CEFF0020BDE8F0816FF00700FAE7B3EB89
S21402E8A0810F70B504464FEA8105104619D95A1BE6
S21402E8B08618002109F0A7FD30462B46C218002113
S21402E8C08B4210D1002070BD22F0030102F0030635
S21402E8D06158F600F140C9B281B90132AA42F3D1B9
S21402E8E0ECE71A46FAE721F0030001F00305205888
S21402E8F0ED00E84002F8010D0131E1E76FF0070094
S21402E900E1E7F8B50546500988420C4602F01F06B4
S21402E91001D80AD136B1A20028460021BDE8F84047
S21402E92009F071BD1F2A02D8F8BD1F2A0FD982002E
S21402E93005EB8003291F05EB8407BB421AD1201A78
S21402E94038BF0022002105EB800009F05CFD002E96
S21402E950EAD005EB84040022C6F12000AC42E3D0E4
S21402E96054F8041C21FA06F3134344F8043D01FA52
S21402E97000F2F3E753F804CB41F804CFDDE71F2A91
S21402E980F8B503460D464FEA521402F01F0613D995
S21402E9906FF0030000FB04300A46944202F1FF3196
S21402E9A013D3621BAC4288BF00222A441846920048
S21402E9B0002109F028FD034636B103EB840300214B
S21402E9C0C6F12007AC4206D3F8BD50F8212043F822
S21402E9D021200A46E1E7186800FA06F20A4343F8DD
S21402E9E0042B013420FA07F1ECE7F0B50024844644
S21402E9F020469C4200D1F0BD51F8245052F82470B3
S21402EA002E182CBF01250025BF194CF8247045F19D
S21402EA1000000134EDE7F0B50024064620469C428D
S21402EA2000D1F0BD51F824C052F82470ACEB0005BA
S21402EA30AF4294BF4FF0000E4FF0010EED1B46F8AA
S21402EA40245084452CBF70460EF101000134E6E7DF
S21402EA508B422DE9F04728BF0B469646DE08089AF9
S21402EA600446C91A03F0070875460346B446002052
S21402EA700CF1FF3CBCF1FF3F03F1200305F120053A
S21402EA8011D104EB46140EEB46164FEA880C06EB41
S21402EA90880E2546764540F081806444013980F030
S21402EAA08B80BDE8F08755F8207CA2FB079710EB19
S21402EAB0090953F8200C47F1000710EB090043F848
S21402EAC0200C55F81C0C47F10007A2FB00093F1862
S21402EAD053F81C0C49F10009C01943F81C0C55F8F0
S21402EAE0180C49F10009A2FB000719EB000953F8BC
S21402EAF0180C47F1000710EB090043F8180C55F8FC
S21402EB00140C47F10007A2FB00093F1853F8140C37
S21402EB1049F10009C01943F8140C55F8100C49F1D4
S21402EB200009A2FB000719EB000953F8100C47F185
S21402EB30000710EB090043F8100C55F80C0C47F1CF
S21402EB400007A2FB00093F1853F80C0C49F1000914
S21402EB50C01943F80C0C55F8080C49F10009A2FB41
S21402EB60000719EB000953F8080C47F1000710EBF1
S21402EB70090043F8080C55F8040C47F10007A2FBFD
S21402EB80000A17EB000953F8047C4AF1000017EB61
S21402EB90090740F1000043F8047C69E756F8043B95
S21402EBA0A2FB0337C318286847F10007C31845F8C5
S21402EBB0043B47F100006DE723681B1844F8043B4A
S21402EBC02CBF0120002069E72DE9F347DDF82890E5
S21402EBD015464A440F46920000210646984609F01A
S21402EBE012FC002405F1010A4C4502D102B0BDE830
S21402EBF0F08758F82430009306EB84002B463A46FA
S21402EC005146FFF725FF0134EEE72DE9F04712F0F3
S21402EC10030418BF012404EB92048C42064688467D
S21402EC2017461D464FEA840AC2EB840919D84A469B
S21402EC30002109F0E8FBA8EB04029200002106EB93
S21402EC400A0009F0E0FB08983A4606EB0901A847D5
S21402EC50054618B921463046FFF7E9FD2846BDE8C5
S21402EC60F0876FF00305F9E730B505461046002237
S21402EC709A4200D130BD51F82240241A45F822406B
S21402EC8034BF012000200132F2E74822002109F0B9
S21402EC90BABB10B5044601F05CF82046BDE8104049
S21402ECA000F003BD10B52421012000F0EEFC04465E
S21402ECB008B101F04AF8204610BD01F06EB801F026
S21402ECC04EB801F0B8B82DE9F04F502ABFB006464C
S21402ECD00C46154600F29F8022AF7022002138466D
S21402ECE009F091FB0DA801F030F82BBA26932A46BC
S21402ECF03023214628A88DF89F3009F09EFB05F1A7
S21402ED00F8036B44802203F8582C05AA002302F865
S21402ED10013B0133202BFAD14FF4807205A90DA8CE
S21402ED2001F01DF88346002857D11935804601ACFC
S21402ED3010220021204609F066FBA946BA46524632
S21402ED4010232146204600F04EFCB9F1100F234650
S21402ED5022464FF001010DA894BFA9EB0909A9F1BB
S21402ED60100901F068F80AF1100A8346A8BBB9F147
S21402ED70000FE4D116AB08EB030C94E80F008CE806
S21402ED800F009DF88B3008F110080133B8F1300FF0
S21402ED908DF88B30CCD14FF4807216A90DA800F0F6
S21402EDA0DEFF8346C8B906F1300834461EAB1A4663
S21402EDB001210DA801F03FF8834670B90DF1780CD9
S21402EDC02546624603CABA4228606960944605F13F
S21402EDD00805F6D11034A045E8D10DA800F0B9FF19
S21402EDE070213846DFF77AFC302116A8DFF776FC6A
S21402EDF0202105A8DFF772FC102101A8DFF76EFCC0
S21402EE00BBF1000F03D030213046DFF767FC5846CF
S21402EE103FB0BDE8F08F6FF0370BF8E72DE9F0430F
S21402EE208DB004460E4630220021684609F0EBFA01
S21402EE30002704F12009E8460DEB070304F1100150
S21402EE40A14206D011F8012D0132D2B20A70002A70
S21402EE50F6D022460121484600F0EDFF054638B1BD
S21402EE6068463021DFF73AFC28460DB0BDE8F0834D
S21402EE701037302FDFD1731E2F3698F8002013F884
S21402EE80011F4A40B34208F8012BF6D14FF48072B4
S21402EE906946484600F063FF05460028E0D108AA06
S21402EEA00CAE134603CBB342206061601A4604F1EF
S21402EEB00804F6D1D4E72DE9F0418469502C94B0C9
S21402EEC00546884617461E4643D8C4F15003B34249
S21402EED03FD3C6F150031B1B93423AD35022002164
S21402EEE0684609F090FA6B6CA86C22466946984709
S21402EEF028B16FF03304204614B0BDE8F081AC6947
S21402EF0046B16B6CA86C32460DEB0401984700289C
S21402EF10EFD13444B8F1000F07D037B10DEB04003F
S21402EF203A46414609F089FA3C4422466946684612
S21402EF30FFF7C9FE044638B969462846FFF76EFF52
S21402EF40044608B901232B6150216846DFF7C6FB49
S21402EF50D1E76FF03704CEE710B54C220446002105
S21402EF6009F051FA04F1200000F0EFFE4FF0FF33F3
S21402EF70236142F21073E36110BD10B5044660B11E
S21402EF80203000F0E6FE4C212046DFF7A7FB42F2D7
S21402EF901073E3614FF0FF33236110BD0023FFF7C8
S21402EFA08ABF2DE9F041054688B04FF020080F468B
S21402EFB014460021424668461E4609F024FAAB690A
S21402EFC0C5E911740BB9C5F818802C69002C05DA4E
S21402EFD0AC692F2C9ABF0134640800244FF4807267
S21402EFE0694605F1200000F0BAFE28B90E9A2346BB
S21402EFF031462846FFF75FFF08B0BDE8F0812DE9ED
S21402F000F04190B0B2F5806FDDF8588005460F46A5
S21402F01016461C465ED8B8F5807F5ED830220021A0
S21402F02004A809F0F0F92A69EB699A4201DC6B69D7
S21402F0309BB1214642462846FFF7B0FF044628BB4E
S21402F04005F1200836BB04A92846FFF7E7FE04466A
S21402F050A0B92B6901332B6110E0B8F1000FEFD095
S21402F0602146424604A8FFF72EFE044630B904A9FC
S21402F0702846FFF7D3FE04460028E1D0302104A834
S21402F080DFF72CFB10216846DFF728FB204610B07E
S21402F090BDE8F08105F11002AA4206D012F8013D41
S21402F0A00133DBB21370002BF6D06B462A460121E1
S21402F0B0404600F0C0FE04460028DFD1102E34463B
S21402F0C028BF102438462246694609F0B6F9274476
S21402F0D0361BB7E76FF03504D8E76FF03704D5E78D
S21402F0E007B500230093FFF78AFF03B05DF804FB21
S21402F0F02DE9FF41DDF828801D46164643462A467E
S21402F10004460F46DFF7EAF948B9CDE901800095D3
S21402F11004F11C033A4631462046DFF7D1F904B023
S21402F120BDE8F081F7B50D46044608356846164632
S21402F130FFF70EF800212846FFF77AF9211D074649
S21402F1402A466846FFF75AFA044648B9002F0CBF0B
S21402F150002206F0010269462846DEF7ABFB0446AB
S21402F1606846FEF7FAFF204603B0F0BD70B50C46BF
S21402F1700546114620461A46FFF73DFA064630B9BE
S21402F180043529462046FFF70BF9002801DA3046F7
S21402F19070BD2A4621462046FFF7ABF90028F0D07C
S21402F1A00646F4E710B50446FEF7D7FF04F108005A
S21402F1B0FEF7D3FF04F11000BDE81040FEF7CDBF06
S21402F1C013F07E0F2DE9F0470C4615460CBF4FF0A4
S21402F1D0010A4FF0000A07465246294620461E46B6
S21402F1E0C3F34508DEF766FB48BB04F1080952463E
S21402F1F005F108014846DEF75DFB00BB08F1FF3368
S21402F200D3F1000848EB0308424605F118012046F0
S21402F210DEF750FB98B9424605F120014846DEF774
S21402F22049FB60B9F20921463846FFF77BFF30B941
S21402F23004F110000121BDE8F047FFF710B8BDE861
S21402F240F0870346C06920B15B6A002B14BF012019
S21402F2500220704710B50446FEF77AFF04F1080054
S21402F260FEF776FF04F11000BDE81040FEF770BF0F
S21402F27038B50025044600F8045BFEF769FF04F182
S21402F2800C00FEF765FF04F11400FEF761FF04F1BF
S21402F2901C00FFF7DFFF04F13400FEF759FFC4E954
S21402F2A00F55C4E91155C4E91355C4E91555E5656A
S21402F2B038BD08B1FFF776BF704770B5044658B33D
S21402F2C0436C012B11D00C30FEF747FF04F11400FB
S21402F2D0FEF743FF04F11C00FFF7EBFF04F13400D6
S21402F2E0FEF73BFF201DFEF738FFA36D8BB92046C5
S21402F2F06021BDE87040DFF7F1B906FB0500FFF7B5
S21402F300D8FF0135D4E91603AB42F6D800F0CDF9A2
S21402F310EDE700251826F5E770BD38B504460D461C
S21402F320FEF768FF70B905F1080104F10800FEF760
S21402F33061FF38B905F1100104F11000BDE838404C
S21402F340FEF758BF38BD08B500211030FFF770F839
S21402F350B0FA80F0400908BD2DE9F041202B8AB0B2
S21402F3600546884617461E460BD90920DFF732F9AE
S21402F37002AB32463946DFF799F9044628BB02AF9C
S21402F38020262C698DF804808DF8056084B9092042
S21402F390DFF720F9224601462846DFF729F9044618
S21402F3A098B92846DFF750F9044670B901232B6155
S21402F3B0022201A92846DFF759F9044628B932463F
S21402F3C039462846DFF752F9044602A82021DFF71D
S21402F3D085F920460AB0BDE8F0812DE9F043002306
S21402F3E0A3B0064605461F466FF03B04994672696F
S21402F3F097420BDB002B08BF6FF03C0402A880216B
S21402F400DFF76CF9204623B0BDE8F083D5F82880F4
S21402F410AC69E869CDF80490B8F1010F18BF9846B8
S21402F420802201AB02A9A04704460028E6D1019B30
S21402F43053B102AAF9B23046FFF78EFF0028E2D196
S21402F4402B6A019A13442B62013714354346CEE7E2
S21402F4500369013310B504460BD000F0A4F800236C
S21402F4606361282104F11800DFF738F94FF0FF3303
S21402F470236110BD30B54569012D0BDC142404FB55
S21402F480050401356362039BA362C4E90612456163
S21402F490002030BD6FF03D00FBE72DE9F041202A49
S21402F4A088B005460F46164676D840F201186B69B4
S21402F4B0002B6ED02846FFF790FF0446002848D15E
S21402F4C0D5F814E002462B460120A6454FDC00285C
S21402F4D047D01F2A45D920220021684608F093FF0C
S21402F4E069462846DFF7D2F8044690BB284600F065
S21402F4F05AF8284600F053F80920DFF76BF8224640
S21402F50001462846DFF774F8044610BB2846DFF7A4
S21402F5109BF80446E8B9202269462846DFF7A6F893
S21402F5200446B0B90920DFF755F86B462022694633
S21402F530DFF7BCF8044660B96A690346142105F190
S21402F540200025469A421EDC32466946384608F0B6
S21402F55074FF20216846DFF7C1F8204608B0BDE8F0
S21402F560F081B8F10108A2D16FF03B04F1E7D3E9CC
S21402F57008C18C4538BF0020996A012908BF624439
S21402F58001341433A1E701FB03FC013340F80C50AD
S21402F590D8E76FF03F04DCE76FF03B04DDE71022AC
S21402F5A0002108F030BF10B50446D8B10368CBB1CD
S21402F5B0806838B11B78082B11D0092B0FD0A068B1
S21402F5C000F073F8E06820B123689978490000F0EB
S21402F5D01EF820461021BDE81040DFF77FB800F085
S21402F5E042FDECE710BDF0B50024261DB34202D260
S21402F5F09C4206D3F0BD0D5917597D40055134463D
S21402F600F3E70D5D165D754005550134F0E710B55C
S21402F610044608B1DFF762F82046BDE8104000F065
S21402F62044B8F0B5012B9DB006460F4615461C465B
S21402F6301AD801A800F015FD214601A8E0F7F8FF48
S21402F640044658B93A46314601A800F00EFD044673
S21402F65020B9294601A800F00FFD044601A800F0D3
S21402F66002FD20461DB0F0BD6FF07304F9E738B511
S21402F670044600F0C1FD05462046FDF77FF8044625
S21402F680284600F0BDFD204638BD70B504460E463D
S21402F69000F0B2FD314605462046FDF755F8044611
S21402F6A0284600F0ADFD204670BD38B5054600F090
S21402F6B0A3FD04462846FDF769F82046BDE8384013
S21402F6C000F09EBD08B501F0AEFBEAF7B5F802F011
S21402F6D01CFB03F04AF9002008BD2420704748208E
S21402F6E070474C2070474020704708B5E3F71AFB76
S21402F6F001F08EF801F08DF801F098F8BDE80840A8
S21402F70001F0A1B808B501F0A0F801F09FF801F0E9
S21402F7109FF8BDE8084001F09DB82DE9FF410D466F
S21402F72016461F460446A8B14FF00008C0F81C80D3
S21402F730DFF710F9BDF82C3002939DF828304246C8
S21402F740CDE90073294633462046DFF769F804B050
S21402F750BDE8F0812220FAE7F0B50D4685B01646E0
S21402F7601F46044690B10023C361DFF7F3F8BDF8E5
S21402F7702C3002939DF828302A46CDE9007329469C
S21402F78033462046DFF74CF805B0F0BD2220FBE7F3
S21402F790F0B587B01F4600230D4616468DF8173083
S21402F7A00446A8B1C3610DF11701DFF703F99DF80E
S21402F7B017207AB9BDF8343002939DF830302946C6
S21402F7C0CDE9007320463346DFF72AF807B0F0BDCE
S21402F7D02220FBE70320F9E7F0B587B01F46002397
S21402F7E00D4616468DF817300446B0B1C3610DF1CA
S21402F7F01701DFF7DFF89DF8173083B9BDF834300C
S21402F80002939DF830302A46CDE9007329463346E6
S21402F8102046DFF705F807B0F0BD2220FBE70220FE
S21402F820F9E738B500F0EFFC0546DFF747FA04467D
S21402F830284600F0EEFC204638BDDFF7BFBA704718
S21402F84000207047704700207047704707B50023B6
S21402F85001A88DF80430E2F7C3F903B05DF804FBA3
S21402F860013A42EA520242EA920242EA121242EA9A
S21402F870122230B542EA12420132B2F5807F38BF18
S21402F8804FF480725442044015198D4205D31C6011
S21402F890039B1D60049B1A6030BD5200F2E708B558
S21402F8A0DFF7C0FB08BD70B50C46154610B9DFF78A
S21402F8B0D7FB38B143682BB12A4621460068BDE81B
S21402F8C070401847232070BDF7B50D4616461C46F5
S21402F8D048B103B901AC87685FB123463246294670
S21402F8E00068B84706E0DFF7BBFB04B901AC0028A6
S21402F8F0F1D1232003B0F0BDF8B50C4615460646F6
S21402F90058B9DFF7ADFB20462946FDF765F90446F0
S21402F910002CD4BF37200020F8BDDFF7A1FB8642BB
S21402F9200746F0D03046DFF78FFB29462046FDF724
S21402F93053F904463846DFF787FBE9E70EB403B50A
S21402F94003AA52F8041B0192FFF7D6FF02B05DF835
S21402F95004EB03B0704700207047FEE74FF40053F5
S21402F9604B6000207047012070470020704707B5A3
S21402F970002001AB0190FFF7A7FF0198002808BFFF
S21402F9804FF0FF3003B05DF804FB10B500201446BC
S21402F990FFF789FF204610BD10B500201C46FEF773
S21402F9A0C9FB002820600CBF1B20002010BD08B534
S21402F9B00020DDF7F7FE002008BD13B50223002461
S21402F9C0684600948DF804408DF80530E2F788F812
S21402F9D0204602B010BD2DE9F74F0E4615460446E6
S21402F9E0002873D059B9002A70D1036803F17E4308
S21402F9F0083B012B6DD8002003B0BDE8F08F0368EA
S21402FA0003F17E43083B012B63D8002AF3D04368F8
S21402FA1003F03F079B18436022BF8368013383606D
S21402FA204FB93F2A20D804F12C002A4631463844E2
S21402FA3008F003FDDFE7C7F140094A45F3D300F1BA
S21402FA402C084A4608EB070008F0F7FC0122009251
S21402FA5004F10C03403D2068424619463D44DFF758
S21402FA60E1FC3F2D4E4410D9B3074FEA951210D150
S21402FA70009204F10C03206832461946DFF7D2FCE6
S21402FA8025F03F031E4405F03F05002DB3D00027A6
S21402FA90C9E7374606EB821804F12C0B04F10C0971
S21402FAA04FF0010A5B4607F1400257F8041B43F881
S21402FAB0041B9742F9D1CDF800A020684B465A465F
S21402FAC04946DFF7AFFCB845ECD1D9E76FF08600C0
S21402FAD092E76FF088008FE708B518B16C22002114
S21402FAE008F091FC002008BD2DE9F843154689462A
S21402FAF080461F46DFF764FB00234360036004462C
S21402FB0000F07AFBB9F1100F14BF10220822064645
S21402FB104146204604F1800800F039FC294640465A
S21402FB2000F0C0FB304600F06BFB00F065FB394688
S21402FB30064604F1A00000F0B5FB0523A360236986
S21402FB409B07FCD40899404600F0CBFB304600F0F9
S21402FB5057FB089B03F1100253F8041B45F8041BDD
S21402FB609342F9D12046DFF735FB0020BDE8F88343
S21402FB702DE9F0411C4600230F46164623604FF03F
S21402FB80050825682246711B7819DFF77BFB236878
S21402FB901D44B542256006D2B8F1010801D00028FE
S21402FBA0EFD1BDE8F0810020FBE7F0B591B0154635
S21402FBB0169C49228DF8202004F10C060DF1210234
S21402FBC054F8047B42F8047BB442F9D124781470CA
S21402FBD04FF48074ADF830409DF85C408DF83240AA
S21402FBE004240694189C059410240022049408AC5D
S21402FBF0CDE90234CDE900150B461146CDE90D22BA
S21402FC008DF82E208DF82F508DF833200F92DFF7C7
S21402FC1047FF11B0F0BD1FB5079C02949DF818402F
S21402FC20CDE9003413460A4601460020FFF7BDFF21
S21402FC3004B010BD1FB5079C02949DF81840CDE98C
S21402FC40003413460A4601460120FFF7AEFF04B011
S21402FC5010BD2DE9F8430746B020914688461E4659
S21402FC60DFF7D2FA05460023B9F1800F436041461A
S21402FC7045F8803B14BF1022082204464FF00508C0
S21402FC8000F085FB7FB13146284600F00BFBC4F836
S21402FC9008800899284600F024FB2046DFF7BEFAC3
S21402FCA00020BDE8F8838C23C4F808803146A360A0
S21402FCB0284600F0F7FA0623A360EAE72DE9FF4795
S21402FCC08046B020894617461E46DDF830A0DFF78C
S21402FCD09BFA0546B9F1800F4FF00003436014BF4C
S21402FCE01022082245F8843B4146044600F04FFBAA
S21402FCF00EB33146284600F0D5FA4823A360052302
S21402FD00A3600323394604F1A000A36000F0CAFAF8
S21402FD100D9904F1800000F0E4FABAF1000F03D066
S21402FD205146284600F0DDFA2046DFF777FA002033
S21402FD3004B0BDE8F08731461022684608F063FB3F
S21402FD406946284600F0ACFAD7E72422002108F0DC
S21402FD505ABB18B12422002108F055BB704770B573
S21402FD6015460E4624220021044608F04CFBC02D00
S21402FD700DD0B5F5807F01D0802D0BD12046EA0844
S21402FD8040F8045B314608F058FB002070BD6FF067
S21402FD907100FBE76FF01F00F8E72DE9F04114460B
S21402FDA00F4624220021064608F02DFBC02C3CD02C
S21402FDB0B4F5807F2CD0802C3AD13460DFF700FA7D
S21402FDC0002343600360044600F016FA4FF008086A
S21402FDD0054642463946204600F0D9FA284600F043
S21402FDE00FFA0523A360256915F00205FBD100F082
S21402FDF003FA4246311D0746204600F026FB3846E7
S21402FE0000F0FEF92046DFF7E5F92846BDE8F08166
S21402FE103460DFF7D5F9002343600360044600F040
S21402FE20EBF94FF010080546D3E76FF07100EDE7E7
S21402FE306FF01F00EAE701292DE9F04705460E4656
S21402FE4092461F463AD80368802B02D0B3F5807FCD
S21402FE5037D1DFF7B5F9002343600360044600F0AC
S21402FE60CBF92946814651F8043B802B14BF102259
S21402FE700822204604F1800800F089FA51464046DE
S21402FE8000F010FA484600F0BBF9012E0CBF05231D
S21402FE900623A360256915F00205FBD100F0ACF934
S21402FEA039460646404600F01CFA304600F0A8F9ED
S21402FEB02046DFF78FF92846BDE8F0876FF020006E
S21402FEC0FAE76FF07100F7E703699B07FCD170470A
S21402FED0CA880B68032AF0B50DD803EB82018B4261
S21402FEE005D100230132082A0360FBD1F0BD53F886
S21402FEF0044B0460F3E7072AD3E90076D3E90254F9
S21402FF0013D8076003F11001066003EB8203056055
S21402FF100460994205D100230132082A0360FBD10E
S21402FF20E4E751F8044B0460F3E7076006600560F7
S21402FF300460D3E90441D3E9062304600160026049
S21402FF400360D3E7F0B5CA88082A89B006460C468D
S21402FF500DD100F051F921680546304600F0E6F969
S21402FF60284600F04DF90026304609B0F0BD12D9F9
S21402FF7000F042F921680546304600F0D7F92846D7
S21402FF8000F03EF9E2882068083A9200002120300C
S21402FF9008F039FAE7E7694600252B460F4630682F
S21402FFA041F8040B0133002818BF1D46082BF6D172
S21402FFB0AA420EDA29462046FEF7DDF80646002853
S21402FFC0D2D12068AA00394608F037FA0123A38066
S21402FFD0CAE720689200394608F02FFAC3E7CA88B3
S21402FFE0072A38B50D46044609680DD8920008F06F
S21402FFF024FAE888C0F10802920004EB800000218F
S214030000BDE8384008F0FFB901F1200351F8042B8E
S21403001044F8042B9942F9D138BD0078C31E5842E0
S2140300205841704700207047704710F1860F12D072
S21403003010F1850F0ADA10F1930F0FD010F1870F26
S2140300400CBF6FF073004FF0FF307047003818BFD7
S2140300500120404270476FF0710070476FF06F00E9
S2140300607047FFF739BDFFF737BD08B5FFF7B3FC99
S214030070BDE80840FFF7D9BF07B500230193202248
S21403008001ABDFF76BFA03B05DF804EBFFF7CDBF08
S214030090F7B5074601A81D460E461446E2F7F8F9DB
S2140300A09DF80530012B14D19DF80430022B10D88F
S2140300B000232B604FF6FF739C4228BF1C46A2B258
S2140300C031464FF0FF3007F070FB2860002003B086
S2140300D0F0BD2B46224631463846FFF749FD002839
S2140300E0F4D06FF03B00F2E770474FF0FF3007F0B5
S2140300F0CCBAF6F7C5B87047034630B50020D40827
S2140301001874A01E012898BF04465868C90020FA30
S21403011001F5EDB2FF2D05D18D4020EA05008C4098
S2140301202043586002F0070250189A680121814064
S2140301300A439A6030BD70B5022383608E780C46FE
S214030140002231460546E0F7ABFB217962786079F9
S2140301500B0243EA026343EA0043E07843EAC00340
S214030160E07908B143F00053207A08B143F0040362
S214030170A07908B143F00203607A08B143F00103A3
S214030180F3290FD176B9032A03D823F0706343F01B
S214030190806343EA46132B616E6926F4F21626F053
S2140301A007060CE03206F4D543F0E0032B616B69D7
S2140301B023F4F21323F0070326F080061E43237866
S2140301C046EA4346E37A0BB146F480466B0103F1F5
S2140301D08443A27A6E619A60EB6FD5F88030EB6841
S2140301E070BD806EC0F304430B6080B2704708B5E1
S2140301F0E0F764FD013008BDEFF3108072B6704778
S21403020000B962B67047EFF31180602383F3118859
S214030210704780F31188704784B00B6800934B686F
S21403022001938B680293CB680393009B0360019B47
S2140302300360029B0360039B036000230093019308
S2140302400293039304B0704784B003680093036873
S21403025001930368029303680393009B0B60019B5F
S2140302604B60029B8B60039BCB6000230093019340
S2140302700293039304B0704730B5D1E90223D1E962
S2140302800054056004600260036030BD30B5056845
S214030290046802680368C1E90054C1E9022330BD5B
S2140302A0FFF7EABF7FB58A0704460B4610D06D46B4
S2140302B001F11006186859682A4603C20833B34288
S2140302C01546F7D169462046FFF7D6FF04B070BD42
S2140302D00091009904B0BDE87040FFF7CDBFFFF76B
S2140302E0D5BF30B58B0785B00C4610D06946FFF7EF
S2140302F0CDFF0D46234604AC2A4603CAA242186025
S2140303005960154603F10803F6D105B030BD0091D8
S214030310009905B0BDE83040FFF7B8BF10B5FFF74A
S214030320ABFFBDE810401031FFF7A6BF10B5FFF7CF
S214030330ADFFBDE810401031FFF7A8BF10B5FFF7BB
S2140303409BFF0C461031FFF797FF04F12001FFF7E0
S21403035093FF04F13001BDE81040FFF78DBF00F1B5
S214030360424303F58013102A10B54FEA43130AD10C
S21403037001221A6000F58870FFF74EFF1031BDE8C2
S2140303801040FFF749BF00221A602430F7E7F0B5A4
S2140303900B46990789B0044615462DD0082A19D16D
S2140303A06D4603F11006186859682A4603C20833D7
S2140303B0B3421546F7D1082269462046FFF7CFFF1A
S2140303C003226B460020013A186003F10403FAD2B5
S2140303D009B0F0BD6E4603F1200718685968324627
S2140303E003C20833BB421646F7D12A46694620465F
S2140303F0FFF7B5FF0722E4E70093009909B0BDE8CD
S214030400F040FFF7ACBF436823F01F030E290BD859
S214030410DFE801F008080808080B0B0B08080808B3
S2140304200B0B0B00194341607047194341F0100151
S214030430F9E710B52030FFF707FF102A04D1BDE80F
S21403044010401031FFF700BF10BD30B58B0789B0E1
S2140304500C46154625D06946FFF7EBFF082D6A467E
S21403046013D104AD134603CBAB42206061601A463A
S21403047004F10804F6D103226B460020013A186003
S21403048003F10403FAD209B030BD08AD134603CB1B
S214030490AB42206061601A4604F10804F6D10722D5
S2140304A0EAE70091009909B0BDE83040FFF7C1BF05
S2140304B070B5CB698C688E7891F8225091F823201A
S2140304C023430C881C434B791B0343EA064391F8EA
S2140304D0206043EA06232343CC780CB143F480130D
S2140304E00C790CB143F400230C7E0CB143F40003E7
S2140304F0046804F0E054234303608B7983638B8999
S21403050003638B7B1B01C3630B6983614B690362C4
S21403051091F82140130491F8242043EA045313432B
S21403052091F8252043EA05230AB143F08053436438
S21403053091F8273091F826201B0243EA025391F8DC
S214030540282043EA0213836470BD704770477047E0
S214030550704770B505460E461446FFF74DFE2B68EA
S2140305605C4034405C402C60BDE87040FFF748BEFA
S21403057000EB4000000100F180400A4600F52040F1
S2140305804FF00111FFF7E5BF30B50C783CB983682F
S214030590DB0704D5436B9D07FCD4022343604B78EB
S2140305A08D78CA681B0325B93AB143F40073026118
S2140305B003E043F40073002AF9D1CA780AB143F47E
S2140305C080730A790AB143F040034A790AB143F0CB
S2140305D08003CA798D79097A120142EA85020A43B1
S2140305E0134303603CB18368DA0704D4436B9B0769
S2140305F0FCD40123436030BDE1F73CBE0A7810B556
S2140306000AB90223436000234362CB788C781B0429
S21403061043EA04634C7A2343CC7943EA84230C7A73
S21403062043EA04234C7843EA84138C7A43EAC413DC
S214030630CC7A43EA44130C7B43EA04138C7B43EAE9
S21403064084334C7B43EAC4030C7943EA44334C7942
S214030650897943EA047343EA417303600AB10123C9
S214030660436010BD10B5537814781B0643EA8463C1
S21403067094792343947843EA0443D47843EA0433CF
S214030680147943EA8423547943EA0423D47943EA66
S2140306908473147A43EA4473547A43EA0413947AC9
S2140306A0D27A063143EA8403090143EA02734350CC
S2140306B010BD0368D90707D583689A0704D48368EF
S2140306C0DB07FCD40123436070474B788A785B00D2
S2140306D043EA82730A781343CA7843EA82030A79A1
S2140306E043EAC2034A7943EA42138A7943EA821306
S2140306F0CA7943EA02130A7A43EA02334A7A43EA96
S21403070002230A7B43EAC2738A7A43EA0243CA7A1B
S21403071043EA026347F231528168C90701D5013AB9
S214030720FAD10360704710B588B00C460E9907914E
S2140307300D9906919DF8301005910B9904919DF83B
S214030740281003910021CDE9013100922346024689
S2140307500846E1F7D3FE08B010BD10B588B00446CE
S2140307600E9807900D9806909DF8300005900B980C
S21403077004909DF8280003900020CDE901300092F4
S2140307800B4622460121E1F7B9FE08B010BD00234F
S2140307900360704703680B6001607047FEE74FF421
S2140307A0004070474FF47A7070477047704782B0C6
S2140307B002AB03E90300012002B07047ECF79EB9D1
S2140307C008B5DDF7ADFFBDE80840EEF7EFB810B5A6
S2140307D00446E2F70BFA2046E5F72EFE2046E2F73C
S2140307E071FB10BD0120704700B5C3B0ECF718F9D4
S2140307F003F03CF948B1FFF7F5FF30B101A804F068
S21403080028F810B901A8FFF7E2FF43B05DF804FB30
S214030810704708B5DEF764F8DEF746FCFFF764FCBE
S214030820DEF784FBBDE80840DEF726BC08B5FFF715
S21403083062FCE0F725F8FFF75CFCDFF70FFFBDE887
S2140308400840FFF7BDBFE2F7A3B97047E2F75EB90A
S214030850FFF7CABF7047012070470120704738B5BD
S214030860E2F78EF90546ECF703F9041E18BF2C468B
S214030870FFF7F1FF002818BF204638BD38B5FEF74E
S214030880E2FF0446E2F772F9042817D002284FF075
S214030890000508BF012403F02BF9042810D0022812
S2140308A008BF0124FFF7D9FF04280BD0022808BF8E
S2140308B00124002D18BF0024204638BD0125EAE791
S2140308C00125EFE70024F7E710B5FFF795FC0121B4
S2140308D004460846FEF7B3FF2046FFF791FCE2F70F
S2140308E04BFF00F048F9E3F771F800210120E2F727
S2140308F023FEE3F773FA40F23B10E4F7F3FF002816
S214030900F9D000210320E2F717FEE2F7DBFE002012
S214030910E3F7ECF901460620E5F72CFA0028F6D0B3
S2140309200120E3F7E3F901460620E5F723FA00285A
S214030930F6D0E2F777FFE2F7B5FFF3F7A1FFE2F7AA
S214030940FFFF03210720E2F751FEE1F735FDE2F74B
S214030950E1FFBDE81040E1F729BD7047E2F710BD9F
S214030960704708B5FEF7C1FEFFF7AEFFFEF7CAFEF7
S214030970E2F746FADEF782FAF8E70C2828BF0C20DF
S21403098083F87420002283F86300A3F8761083F8B4
S2140309907C20704790F87B301BB1013B80F87B309E
S2140309A07047142380F87B3090F87A30FBB9B0F8A0
S2140309B07630A0F8783090F8743090F8802080F87D
S2140309C07A300B2A1FD11A2B9ABF03F1FF3303EB9E
S2140309D0D373C3F13403C3F3470380F863300123AF
S2140309E080F87C30042380F86230E2F7A7BEB0F8C4
S2140309F078205208A0F87820013B02F0010280F824
S214030A007C20DBB2D9E7704710B590F85B30062B35
S214030A1004461FD090F880300B2B1BD090F88A200A
S214030A20C36B03EB42036422D88EB3F9423093FBC5
S214030A30F2F39BB2B0FBF2F29A420BD0DCF76CFBFC
S214030A40002384F86230A4F860002046BDE8104016
S214030A50E2F774BE10BD30B4039C9DF8085084F8CA
S214030A6074200C2828BF0C2084F86300002284F826
S214030A706250A4F8761084F87C20A4F860302046F0
S214030A8030BCE2F75BBE70B50489012B04F10104A8
S214030A90A4B238BF0123A34202D90481C06870BD43
S214030AA00023C5880381838806685C19A21A92FB13
S214030AB0F5F405FB142292B256F8222046F82310CA
S214030AC00133891AB3FBF5F405FB14338380C16045
S214030AD0E4E770B49DF80C6004460D467EB1C18809
S214030AE000239AB2914205D80020A0802081E060BE
S214030AF070BC7047226842F823500133F1E770BC9C
S214030B00FFF7C1BF81F8950081F88C0001EB400028
S214030B10B0F8AA304B87B0F8A0300B87CB860123FA
S214030B2081F88230704781F88100704781F882002F
S214030B30704790F88100704790F88200704702284B
S214030B40034698BF01EB43014FF000009CBFA1F89A
S214030B505C000120704708B5024601460020FFF7F7
S214030B60EEFF11460120FFF7EAFFBDE808401146F5
S214030B700220FFF7E4BF08B5E4F7D2F9032380F8B1
S214030B80483008BD2DE9F843B0F8048091F8913059
S214030B90B0F90270C688054608F00F0963B391F8EA
S214030BA08A4091F88B3024031B0203F4E06304F4B9
S214030BB0E0441C4391F88E3044EAC334E4F7BAF9B0
S214030BC024B2427885F84B7008F0F00844EA09032B
S214030BD043EA080343EAC2233A1285F84A2085F813
S214030BE04D30C3F30722330A85F84C2085F84E3080
S214030BF085F84F60BDE8F88391F880804FEA0818BF
S214030C00CDE710B5012A91F88C3091F880401CD0BE
S214030C10022A1DD10422092C8271C3710BD1B1F8AB
S214030C20983043721A0A0272B1F896301A0ADBB287
S214030C308272C37210BD01EB4303B3F8AA2042725B
S214030C40110A0172B3F8A030F0E704228271C3716F
S214030C5091F88030092B0CBFB1F898304B8F437254
S214030C601A0A027291F88030A3F10802012A01D908
S214030C700B2B02D1B1F84C30D8E70B8FD6E7A1F88F
S214030C805600003818BF012081F88700704791F896
S214030C905B30072B4FF00003A1F856304FF00103EB
S214030CA018BF81F85B00A1F886307047B0F856305D
S214030CB01BB1013BA0F85630704790F8872022B14D
S214030CC0012280F8882080F88730704791F85B30DF
S214030CD0834218BF81F85B00704738B50C4605465B
S214030CE0E4F70AF994F85B30032B07D001D81BB15D
S214030CF038BD043B022BFBD8012300E0042384F811
S214030D005B3021462846BDE83840E4F785B90146FE
S214030D1008B50020E4F764FC8B6C13B981F89030B7
S214030D2008BD013B8B64FBE710B5E2F7DFFF062146
S214030D3004460220E1F79CF928B10123002206218C
S214030D400220E1F75BF9002384F8833084F88430CB
S214030D5010BD08B50020FFF7E7FFBDE808400120F7
S214030D60FFF7E2BF50E8003F0B4340E80032002A9B
S214030D70F8D17047C94350E8003F0B4040E80032C3
S214030D80002AF8D17047431E032B06D8DFE803F08A
S214030D900204020403207047042070477047CB699F
S214030DA01847704770470020704770474FF00000A1
S214030DB07047002070477047704700207047002038
S214030DC07047002070470020704700207047704728
S214030DD00020704700207047704770470020704718
S214030DE07047704711207047002070474FF0FF3060
S214030DF070470020704770477047002070470020F8
S214030E0070474FF0FF30704711207047002070473F
S214030E10012070470020704700207047002070476D
S214030E2070477047704701F09AB938B50446FFF724
S214030E30EAF9D4E9101205462046E5F73DFBE18CB6
S214030E40228DE060521A40F2712101FB020303F582
S214030E509C53083323612846BDE83840FFF7D9B9C9
S214030E6008B52030FFF77EFFBDE808404FF08050FE
S214030E70EBF750BE38B504460D460830E7F7E4F8FE
S214030E8029462046E9F7AAF9E06E0025E56110B188
S214030E90E6F70CFAE56604F15000BDE8384007F0C3
S214030EA085BE38B5044619B390F838208AB190F851
S214030EB039300133DBB29A4280F8393009D1012147
S214030EC0FFF7D8FF4FF080712046BDE83840FFF7A4
S214030ED0C7BF236ADA030BD5E36B62689B1A002B42
S214030EE006DA01212046FFF7C5FF4FF08061EBE7E6
S214030EF0236A1B0426D402F0B1FC1123B0FBF3F3E0
S214030F0003EB0313C01A94F9613085B213FA80F029
S214030F10102888BFC5F110056DB2083B2B4484F832
S214030F20613020460121E9F759F9E28C63682A44C7
S214030F3040F2712101FB023363602046BDE838406E
S214030F40E9F7FEB80025ECE72DE9F84F1D46C3691F
S214030F50DDF830809DF838909DF840B09DF850A09D
S214030F600F4604469DF848101646002B40F0D180E5
S214030F70EB0600F1BE8005F00303032B08BF05F064
S214030F80FD0505F0F705BDF83C30A386A8069DF8D9
S214030F90540048BF05F0FC05FFF7F5FE47F6FF7360
S214030FA01BF0020F84F83600A4F8783040F0A480D3
S214030FB01BF0040F00F0A28000F0FD00012814BF10
S214030FC00323042394F87F209DF8580063F3030259
S214030FD084F87F20FFF7D7FE47F6FF738A0784F867
S214030FE03700A4F8883000F18B804B0740F18A80E5
S214030FF000F0FD00012814BF0321042194F88F306C
S214031000606E61F3030384F88F30FFF7EAFE216C0A
S21403101000222046E5F750FA40F2712373439842C4
S21403102079D804F1200049F6FF71FFF7A3FEFF23EA
S21403103084F85430BAF1000F03D0236A43F4805384
S2140310402362290705D5236A062643F484132362FD
S2140310503746236A6A0723F4C04323620CD419F085
S214031060010F1CBF43F400532362236A19F0020FD7
S2140310701CBF43F480432362236AA5852B43236264
S21403108004F12E03B8F1000F3ED0D8F80020C4F8C0
S2140310902E20B8F804209A809DF82C30012B03D11B
S2140310A04FF48061FFF75EFE236A9DF8282023F441
S2140310B0407343EA0223236202F0D0FB94F86030C5
S2140310C09DF84C2084F85F0023F00F03C0F3032041
S2140310D0034362F3071384F860309DF83430E784E3
S2140310E02046268584F82A30FFF79FFE0020BDE8B9
S2140310F0F88F01218B4646E7022363E7012361E766
S21403110002217BE7012179E7C4F82E80A3F8048047
S214031110CAE70C20EBE74520E9E72DE9F7438946C4
S21403112017460193044630B901A807F03FFD422055
S21403113003B0BDE8F083012920D0022910D089B975
S214031140C369C3B900F140054FF40036236AD906D4
S2140311501ED55A0726D501A807F028FD0020E7E785
S214031160406E20B901A807F021FD0C20E0E71946E0
S214031170FFF738FEDCE700F14805E5E7C36923B966
S21403118000F144054FF48026E0E700F14C05F9E74B
S2140311909B0707D5B9F1000F04D101A807F006FD98
S2140311A01220C5E704F1200840463146FFF7E2FD6A
S2140311B0F80702D5284607F0F9FC019921B128461D
S2140311C007F0DBFD00230193286807F074FD236A0C
S2140311D0D90605D51F2801DC032F16D02846DDE7E0
S2140311E040F27262904204DD284607F0DFFC0720D7
S2140311F09EE7B9F1000F08D1BF2806DD9A0704D091
S214031200284607F0D3FC452092E7D4E9121220467D
S214031210E5F752F9E3696BB1E38C40F2712253436D
S214031220984207D9238D8342EAD300F51C70B0FB9E
S214031230F2F0E084FEF7E7FFE36905467BB1BB0700
S2140312400DD531464046FFF78DFD6368C3F57A76C4
S21403125002F040FBF04202D52046E9F7DBF82846C9
S214031260FEF7D7FF7AE708B548B1CB0701D40020CD
S21403127008BD4FF400112030FFF774FDF7E7422056
S214031280F6E708B548B1CB0701D4002008BD4FF4F4
S21403129000112030FFF76EFDF7E74220F6E7E5F78B
S2140312A0F1BB38B5C36904460D463BB1036A13F078
S2140312B0010011D194F82430FE2B0CD004F1200049
S2140312C04FF48001FFF74EFD2B68C4F85530AB880A
S2140312D0A4F85930012038BD0020FCE7036A10B596
S2140312E0044613F4602030D09A0307D504F1400077
S2140312F007F05CFCA36C23640023A364236A5B03EC
S21403130007D504F1440007F051FCE36C6364002343
S214031310E3644FF4602104F12000FFF72BFD204621
S214031320FFF783FD94F8602094F85F3002F00F0116
S21403133043EA0123013384F85F3022F00F02C3F33C
S21403134003231A4384F86020012010BD10B5044619
S214031350503007F012FD20464FF00071BDE81040F4
S214031360FFF77EBD50E8003F0B4340E80032002AFB
S214031370F8D17047C94350E8003F0B4040E80032BD
S214031380002AF8D1704738B50446D0F8A00010B943
S214031390D4F8A40058B194F8375107F038FC05F098
S2140313A00F0581B206312846EAF72CF980B2B4F865
S2140313B0783040F27122534300F548709842B8BF24
S2140313C0184638BD38B505460C4602F002FB20B178
S2140313D049F640439C4228BF1C46EA68A2420BD209
S2140313E0B5F87A3040F271214B43934238BF134627
S2140313F0A34228BF23461A462A6138BD0346443013
S2140314009A6A920404D5D3F82821998FEBF7D6B8B5
S21403141093F86F10EBF7C8B80020704701207047A9
S214031420002070470020704701207047C82070478F
S21403143000207047002070477047704711207047A0
S214031440704770470020704770470020704770470A
S214031450012070477047704790F88520531C03F0AF
S2140314600F03072B28BF002363F30302034410B5BF
S21403147080F8852083F87E1090F885306F2B4FEA2E
S214031480131298BF013204469CBF62F3071380F819
S2140314908530FFF7E0FF94F83711204601F00F017F
S2140314A0FFF7CBFF10BD70477047704700207047AB
S2140314B0002070470020704710B101F1B00070475C
S2140314C001F1D4007047F8307047806A70472830BF
S2140314D0FFF748BF2830FFF74DBFC06A70472C3070
S2140314E0FFF740BF2C30FFF745BF00F59C707047F1
S2140314F008B50B79DB0702D4FFF7D5FF08BDBDE8B7
S214031500084091F90510FFF7A7BF02290346808F0D
S21403151011D0032909D0012906D11A8F5B6B12015A
S214031520B2FBF3F3184480B270475A6B4FF47A4316
S214031530B3FBF2F3F6E75B8F073000EB4300F2E70B
S21403154070B540F27126456806FB01F35643826A7E
S2140315501D441207044645600ED500F1400500F110
S21403156034022946E7F794F93346294620460122F2
S214031570BDE8704001F02EBA05EB5605456070BD18
S214031580836A590505D4D0F8A03013B15B799A075E
S21403159008D4D0F8A40000B9704743799B0701D458
S2140315A00068F8E70120704780F87710704738B571
S2140315B0836A1B07044613D50246B0F87C3052F8FC
S2140315C0341F4B4340F271214B4300F14001E7F7D0
S2140315D05FF9236C20469D08FFF7D5FE2844E0609C
S2140315E0616B40F27125013969432046FFF7EAFE35
S2140315F020460121E8F7F2FD636BB4F87C205A43DA
S214031600636805FB023363602046BDE83840E8F7AD
S21403161097BDB0F8303110B5A0F834310446E5F77D
S2140316209BFBC0B2FFF702FF94F8373194F83621DC
S21403163003F00F0304F1440102F0C4F9EAF728F8B3
S214031640B4F93021824205D0A4F83001EAF7D0FC81
S214031650A4F83201B4F93421B4F930319A4209D0EE
S214031660A36A9B0306D520464FF40041BDE810400D
S214031670E5F788BB10BDFFF7CCBF836A0A4600F1C7
S2140316804401C3F34030EAF743BF10B5A0F878101F
S214031690A0F87A200446FFF776FE2169E06020462C
S2140316A0BDE81040FFF78EBE38B504460D463AB97E
S2140316B04FF4C0212830FFF75DFE9DB9002038BDEA
S2140316C0FFF7C0FE98B128344FF4C0212046FFF739
S2140316D051FE1DB14FF40031FFF744FE4FF4802155
S2140316E0204601E04FF40031FFF73CFEE6E7112009
S2140316F0E5E72DE9FF41836A9B0304462CD5B0F941
S2140317003081B0F934710020EAF766FD8045CCBF1E
S2140317100025012502F05BF994F83711C82201F081
S2140317200F01EAF763FD06462046E5F715FBB045CD
S21403173094F83711A8EB0707B4BF002601263FB27B
S21403174045EA46050023CDE9008502971A4601F0CF
S2140317500F0180B200F0B5FC04B0BDE8F081FFF7DE
S214031760C8BF86307047F8B504460E4600295AD0DF
S214031770476B40F271235F43A7F28A277F083946F7
S2140317803046E9F74FFF94F88E30851FADB29D4281
S21403179039463046A8BF1D46E9F744FF94F88F2024
S2140317A0B4F88610831F9BB29342A8BF1346F21E5B
S2140317B0012AB4F888202BD8B1F5296F44F290207B
S2140317C0B8BF4FF429618142A8BF0146B2F5296F1D
S2140317D0B8BF4FF429628242A8BF02461B2DB8BF8A
S2140317E01B251B2BB8BF1B2384F8913084F890501D
S2140317F0A4F88A10A4F88C203046E9F713FF831F59
S2140318009BB2AB42A8BF2B46DBB284F89230F8BD3E
S214031810B1F5A47FB8BF4FF4A471B2F5A47FB8BFE7
S2140318204FF4A472DAE71B23EFE770B54900466B63
S21403183089B28E4204461FBF4068616340F2712539
S21403184005FB060018BF05FB1100658F1ABF606015
S214031850012100219542208F17D08342628700D052
S2140318602387238F94F83711626B204601F00F010C
S2140318701B01B3FBF2F3A4F89C30FFF774FF20467A
S2140318800421BDE87040E5F77DBA8342E8D1A36A38
S2140318901B07E6D50029E4D170BDF0B585B0044634
S2140318A00E4600F186036A4600F18E0718685968EB
S2140318B0154603C50833BB422A46F7D11868286085
S2140318C09B88AB8031462046FFF74DFF9DF80B20E3
S2140318D094F891309A4211D1BDF80620B4F88C30B2
S2140318E09A420BD19DF80A2094F890309A4205D17B
S2140318F0BDF80420B4F88A309A4207D04FF48141E9
S214031900204605B0BDE8F040E5F73CBA05B0F0BDAB
S21403191037B50446BDF8180094F88E508D420BD1A7
S214031920B4F88650954207D194F88F509D4203D160
S214031930B4F8885085421DD08DF80610ADF8042003
S21403194084F88E1094F83711019D84F88F30A4F82C
S2140319508800C4F84051A4F8862001F00F01204601
S214031960FFF79BFFB4F88A30A4F88630B4F88C30BF
S214031970A4F8883003B030BD90F8373170B503F063
S2140319800F03044616460D46D9B18B4219D00122E1
S214031990FFF756FD294600222046FFF74FFD94F831
S2140319A0373165F3030384F8373105F00F0120461A
S2140319B0FFF773FF20464FF48441BDE87040E5F718
S2140319C0E1B919462046FFF768FF002EF2D170BD35
S2140319D0F8B51D46C36A5B0704460F46164610D481
S2140319E004212C30FFF7BEFC84F89A70A4F89660A6
S2140319F0A4F8985020464FF40061BDE8F840E5F798
S214031A00C1B9F8BD10B511B190F89A400C7012B177
S214031A10B0F89610118013B1B0F898201A80C06AF7
S214031A20C0F3800010BD4FF400412830FFF79ABC86
S214031A3000F5A270704790F8370100F00F0070476A
S214031A4070B50446FEF7DFFB6568064601F042FF05
S214031A502D1AB5F5FA7504D53046BDE87040FEF785
S214031A60D8BB636B94F8701040F271225343B5FBF6
S214031A70F3F5A38FAAB29B1AA38794F86F3002FBE1
S214031A801133252193FBF1F001FB1033002BB8BF74
S214031A905B1884F86F30B4F89C309B1AA4F89C301B
S214031AA0204600211546E8F799FB636B5D436368A0
S214031AB040F2712202FB153363602046E8F740FBD1
S214031AC0CAE72DE9F3474E790446B0074FF0000303
S214031AD058BF06F0010608460D46ADF8043054BF5D
S214031AE001360326FFF762F9074607F01F03002BAC
S214031AF0E36A15BF4FF001084FF000084FF00309E3
S214031B004FF0020999050CD59DF8043066F30103DE
S214031B1068F345138DF80430019A2946204600F0F1
S214031B208EF9284607F0C7F849468246284607F046
S214031B307DF89DF80430AA798DF805A066F30103B5
S214031B4068F345130C328DF80430BDF80430AB52FD
S214031B509DF80430A9189A066B7948BF8F7043F036
S214031B6001036B71FEF74FFB06462046294650F8E5
S214031B70A48F07F002F994F84631013384F846310E
S214031B80A36A1B070CD5B4F87C30012B02D9204678
S214031B90FFF756FF304602B0BDE8F047FEF739BB05
S214031BA0656801F097FE0746E8F72EFC8442F1D1FC
S214031BB0ED1BB5F57A7FEDDDB8F1000F03D0D4F851
S214031BC0A030002BE6D1E8F7B7FFE3E708B502201D
S214031BD007F0B1F910B100F043FE012008BD10B5BF
S214031BE04FF4407104462830FFF7C4FB204600211B
S214031BF0BDE81040E5F768BD012310B5A1F120024A
S214031C00C1F1200423FA04F403FA02F222438B40C0
S214031C10D0E9084123400A40134314BF01200020A3
S214031C2010BDC36A10B5044613F0080012D0012392
S214031C30A1F12002C1F1200023FA00F003FA02F218
S214031C4002438B40D4E9080103400A40134314BF00
S214031C500120002010BD10B50C46C9B2FFF7E1FF06
S214031C6070B1E6F701FEC4F12002A4F12003E040C0
S214031C7001FA02F2104321FA03F3184300F00100BD
S214031C8010BD70B504460E46E6F720FFFEF7BBFA16
S214031C9084F87760054602212046E5F773F8204668
S214031CA00021E8F79BFA2846BDE87040FEF7B1BA74
S214031CB070B504460D46FEF7A6FA0646E8F7A4FBFB
S214031CC0844201D1E8F718FF3046FEF7A2FA294608
S214031CD02046BDE87040FFF7D4BF0B68C0F840311C
S214031CE0704738B5D0F840310B6040F648059BB2D4
S214031CF0AB420C4604D90B21FFF7ADFF08B925808C
S214031D0038BD44F290232380FAE708B500F0FBF8C9
S214031D10E5F7A2F900F044FB00F008F8E6F70EFE3C
S214031D20E7F7CAFBBDE80840E7F746BC704770B55F
S214031D3015460E461C46FFF7C6FB2B684EB10360DE
S214031D406B6843602368C0F825302368C0F81530F5
S214031D5070BD83606B68C3602368C0F8293023684E
S214031D60C0F81930F4E770B50546FFF7ACFB044638
S214031D70FEF749FA4FF4807106462846FFF7A7FB9D
S214031D804FF400612846FFF7AAFB3046FEF741FAF8
S214031D90002323612375236284F824302846FFF743
S214031DA094FB802310F0080F14BF237584F82430A7
S214031DB070BD10B50446FFF712FF20461021BDE89C
S214031DC01040E4F7DFBF10B54FF460610446FFF739
S214031DD089FB2046BDE81040FFF701BF7FB50646E6
S214031DE00C46FFF770FB4FF4C06105463046FFF71D
S214031DF076FB4FF400613046FFF774FB4FF48060C8
S214031E00E6F7D8FC224670B969462846E6F73CF85A
S214031E106B4605F1100213F8011B02F8011DAA42D6
S214031E20F9D104B070BD6C4602F110061068516813
S214031E30234603C30832B2421C46F7D1E8E7F0B59F
S214031E4087B00D46ADF80C20FFF73DFB0446284649
S214031E5006F031FF064600B32846E6F753F89DF82A
S214031E600C3005AF03F02303224631460093019757
S214031E7004F12003FDF7DEFE2846E6F759F80422B0
S214031E803946284607F055F9236A0133236223B9F6
S214031E9094F82430013384F8243007B0F0BD30B50D
S214031EA085B00391ADF80820FFF70DFB04460398B1
S214031EB006F001FF051F002D02DC002005B030BD33
S214031EC00398E6F71FF8431901939DF8083003F0CB
S214031ED023030093224604F110032946FDF79BFED5
S214031EE00028EAD10398E6F723F8042103A806F0AE
S214031EF084FF2369013323610BB10120DEE7237DD1
S214031F0001332375F9E708B54FF40060E6F752FC92
S214031F1040B94FF48050E6F74DFC40B9BDE80840A1
S214031F20EAF798BBFFF7C2FA0028F2D008BDFFF71E
S214031F30C1FA0028F2D0F9E741F0004141F4E0216C
S214031F400160704707B501A8019106F02FFE002037
S214031F5003B05DF804FB704770477047704710B5D1
S214031F60DC1D043383734379C47123F0030343F006
S214031F7003030E244371012344738371C3730182E5
S214031F80827410BDD31CC3713E234373437982739B
S214031F9023F0030343F00303437101238371C173E7
S214031FA070470F234373042383734379A0F81110F8
S214031FB023F0030343F00303437140F20173C3802A
S214031FC001230374C2737047D31CC37143794173EF
S214031FD023F0030343F003034371012382738371E6
S214031FE0704708B50023FFF7BAFFBDE80840E6F7D9
S214031FF08DB82DE9F84380460220894617461E46CB
S21403200006F099FFD0B14579A0F810800C234373EE
S2140320100823837325F0030540F60133C38045F098
S21403202003059DF82030457180F81290A0F81370D0
S214032030A0F81560C373E6F769F80120BDE8F883D6
S21403204008B5022006F077FF30B101221121FFF711
S21403205099FFE6F75BF8012008BDF8B50F4616466C
S214032060132109221D46FFF78DFF837904460C339F
S2140320701C44A170E77026712B68C4F80530AB8842
S214032080A4F80930BDE8F840E6F740B870B5064650
S21403209002200D4606F04FFF044668B114210422C1
S2140320A0FFF770FF83790C331C44A170A4F8036018
S2140320B06571E6F72BF8012070BD08B501F06CFDDD
S2140320C008BD2DE9F041074602200D4690461E4600
S2140320D006F031FF0446E0B109222121FFF752FF43
S2140320E083790C331C440A22BDF9183093FBF2F3B0
S2140320F023729DF81C30637284F80380BDF9203088
S214032100A78093FBF2F3A671E571A372E5F7FEFFD2
S2140321100120BDE8F08137B5044606F0CCFDA3796F
S2140321200C33E518C0B23E22E254831E6B700D23B7
S214032130AB70AB798DF807301C38012BE87609D1E4
S21403214000231A46E91D0DF10700FEF754FE9DF81D
S2140321500730AB712046E5F7D9FF03B030BD7047B3
S21403216010B5E6F70DF883790C33C4180021E07830
S214032170E4F70EFA6168FFF776F80446E6F706F822
S21403218022460023BDE810404FF61941FFF7E7BE8D
S21403219010B5E5F7F5FF83790C33C4180021E07812
S2140321A0E4F7F6F96168FFF76CF80446E5F7EEFF27
S2140321B022460023BDE810404FF61A41FFF7CFBE74
S2140321C070B5E5F7DDFF002186790446FE20E4F7C7
S2140321D0DFF90546E7F7BCFB50B10C24E5F7D6FF5D
S2140321E022460023BDE8704042F20501FFF7B7BE62
S2140321F0E7F7F4FB0028F0D134440F342DB1214621
S2140322002846FFF74EF80028E7D02046E6F71EFAE2
S2140322100024E3E72DE9F041E5F7B2FF83790C33B9
S214032220C4180025E678E5F7ABFF0768E5F7A8FFCF
S214032230A6F1FE035942594105603046E4F7A8F972
S21403224022793B462946FEF768FF0446E5F79EFFDC
S2140322502B46224642F23701BDE8F041FFF77FBE28
S2140322602DE9F041E5F78CFF83790C33C41800257C
S214032270E678E5F785FF0768E5F782FFA6F1FE0334
S2140322805942594105603046E4F782F922793B46C4
S2140322900121FEF742FF0446E5F778FF2B46224668
S2140322A042F23801BDE8F041FFF759BE2DE9F04789
S2140322B0E5F766FF83790C33C418277994F803800F
S2140322C027B9B8F1010F27D0E4F7C4FB053400267D
S2140322D0BE420ADB0025E5F759FF2A460023BDE880
S2140322E0F04742F23901FFF73ABE2078B4F80150BE
S2140322F094F80390A0F1FE03594259410434E4F7DD
S21403230047F958B12A464B464146E4F79FFA054635
S2140323100028E0D10136DBE71225DCE74225DAE7C1
S21403232010B5E5F72DFF83790C33C4180021E07848
S214032330E4F72EF980B1211DFEF7B3FF00280CBF8A
S2140323400C240024E5F722FF22460023BDE81040B4
S21403235042F23501FFF703BE4224F3E7FE282DE9D8
S214032360F8430646894690461F4616D0022006F0D6
S214032370E2FD044690B106221221FFF703FEA5797B
S2140323800C3525441223AB7085F803902E71A5F8FF
S2140323900580EF712046E5F7B9FE0120BDE8F88316
S2140323A0704710B5E7F7D4FA0446FEF717FD204347
S2140323B0C0B210BD38B5E5F7E3FE8379C17903F102
S2140323C00C020244CB1A02200021B2F8035006F096
S2140323D0DDFE044640B9E5F7D9FE0722BDE83840DE
S2140323E042F21901FFF7DDBD2846E4F7A1FC38B138
S2140323F02146E7F775F80446E5F7C8FE2246EDE7FB
S2140324002046FBF715FC0224F6E770B5E5F7B8FEA1
S21403241083791844B0F80F60B0B2E4F789FC80B152
S214032420002100F06EFE0546E5F7B0FE04460223E3
S2140324302A4642F21B01FFF792FDA3791C446682EB
S21403244070BD0225F0E770B5E5F79AFE83790C3385
S214032450C418B4F803502846E4F76AFCA0B1611D1B
S21403246000F04FFE0646E5F791FE04460223324689
S21403247042F21A01FFF773FDE37923449D72E37971
S2140324801C442D0AE57270BD0226ECE710B5E5F78D
S21403249077FE83790C3318444479B0F80300E4F7E5
S2140324A047FC60B12146E6F7F7FD0446E5F76EFE06
S2140324B0E2B240F20641BDE81040FFF772BD0224C7
S2140324C0F4E770B5E5F75CFE83791844B0F80F506F
S2140324D0FDF799FE04462846E4F72AFC80B1162148
S2140324E0FFF7E6FB00252046FDF793FEE5F74EFED5
S2140324F02A460023BDE870404FF60441FFF72FBD80
S2140325000225F0E7F8B5E5F73BFE84790C3404447E
S2140325100546B4F80300E4F70BFC064640B9E5F7B6
S21403252035FE0222BDE8F84042F21301FFF739BD3B
S214032530AB79E97903F10C022A44CB1A0220002175
S21403254006F024FE014618B9E5F720FE0722E9E760
S2140325508379033383713046B4F80D50B4F80F70A3
S214032560E6F74EFD3A46044629463046FFF78DF811
S214032570E5F70CFE2246D5E738B5FDF744FE0446DC
S214032580FFF70FFF00280CBF0C250025E5F7FEFD1F
S2140325902A4642F20E01FFF724FDE7F7B5FA204676
S2140325A0BDE83840FDF735BE10B5E5F7E9FD83799C
S2140325B01844B0F80F00C0B2E4F72AFFE5F7E6FDCB
S2140325C00023BDE810401A4642F22401FFF7C7BCB9
S2140325D02DE9F84381460220884617461E4606F034
S2140325E0AAFC044690B10A220321FFF7CBFCA57987
S2140325F00C35254400232046EB70A5F80490A5F877
S21403260006802F816E81E5F781FD0120BDE8F88302
S2140326102DE9F04385B0814602209DF844808DF86D
S2140326200F200E461F4606F086FC0546002844D0BB
S21403263022222921FFF7A6FCAC790C342C4404F1A2
S2140326400E03002204F11401C4F80E2030469A80CB
S2140326506261228300913A460DF10F01FEF7CCFB2F
S2140326609DF84030E37006F00103A3719DF80F3028
S214032670A4F80490E3713B68A360BB88A38116F0BB
S214032680FD0F4FF6FF7304D0032E08BF43464FF0EB
S214032690FF08BDF830206283BDF83420A283BDF85E
S2140326A03820E2839DF83C2084F82020284684F8CE
S2140326B021806384E5F72AFD012005B0BDE8F08399
S2140326C0F8B50746022016461D4606F034FC0446B7
S2140326D090B10C220421FFF755FCA1799DF8183020
S2140326E00C31214420468F80C1F80660C1F80A5099
S2140326F0CB70E5F70BFD0120F8BD70B5064602204A
S2140327000D4606F018FC044668B103223021FFF795
S2140327105BFCA3790C3323442046A3F803609D7027
S214032720E5F7F4FC012070BD70B5064602200D46A1
S21403273006F001FC044688B104220821FFF744FC96
S214032740A3790C332344B5FA85F252092046A3F83D
S21403275003605A719D70E5F7D9FC012070BD2DE921
S214032760F84381460220884617461E4606F0E3FBDA
S2140327700446B0B10B220721FFF704FCA579BDF888
S21403278020300C3525442046A5F80390A5F805808F
S214032790A5F80770A5F80960A5F80B30E5F7B6FCB1
S2140327A00120BDE8F883F8B5074602200E46154615
S2140327B006F0C1FB0446A0B10D220521FFF7E2FB9C
S2140327C0A3790C3323442046A3F80370A3F80D60C3
S2140327D02A68C3F805206A68C3F80920E5F796FC5B
S2140327E00120F8BD2DE9FF410A9C16466A4680463D
S2140327F00F4603F1100E1546186859689446ACE860
S2140328000300083373456246F6D124B9022006F066
S21403281092FB044608B31D22ED212046FFF7B2FBC8
S214032820A3790C332344A3F80380A3F80D702EB1C9
S2140328303268C3F805207268C3F809200F3304AE64
S2140328402A4603CAB24218605960154603F10803C4
S214032850F6D12046E5F75AFC012004B0BDE8F08126
S21403286013B5827901900C321321815484184FF4E6
S2140328704072C280E5F7E0F9A07020B901A806F01F
S21403288095F902B010BD8000013060700198E5F73D
S2140328903DFCF6E770B5064602200D4606F04BFBF8
S2140328A0044678B104220521FFF78EFBA3790C3387
S2140328B0234400222046A3F803605D719A70E5F76F
S2140328C025FC012070BD13B5837901900C33C41821
S2140328D0C05CE4F72DFA20B901A806F067F902B048
S2140328E010BD6378019913F0300F8B7903F104035D
S2140328F08B714B790CBF0122002262F300034B71EC
S214032900E4F7E2FEEBE72DE9F041E5F739FC8379DE
S2140329100C33C418B4F803801FFA88F0E4F708FAF7
S214032920054600B3A2796179FEF7BEFE0646E5F7D3
S2140329302DFC07460223324642F27A01FFF70FFBCD
S214032940BB793B443846A3F81280E5F7DFFB46B96C
S214032950A37933B12846FFF76EF801462846FEF7FB
S21403296073FDBDE8F0810226E1E700F05FBE50E8A4
S214032970003F0B4340E80032002AF8D17047704707
S21403298070B50E461546E4F793FB044648B9304641
S214032990E4F744F9044620B92846E9F781FD0446DE
S2140329A040B10020E4F784FB0020E4F737F9002069
S2140329B0E9F776FD204670BD4FF40010EAF7AAB893
S2140329C0E8F768BFE5F724BE4368143B4360A023DB
S2140329D00B6070471AB94268A2EB530242600A685A
S2140329E002EB83020A607047884210B518D80528A0
S2140329F016D9B1F5486F13D8B3F5FA7F10D2A2F102
S214032A000A0080B240F67644A04209D801339BB24E
S214032A104B435B00B3EBC20F94BF0120002010BDF5
S214032A200020FCE7C94350E8003F0B4040E8003273
S214032A30002AF8D17047002070472DE9F04104467C
S214032A400F4600264FF00108214686F00100FEF7E8
S214032A5033FD4FF48051FFF7E5FF836833B94046F3
S214032A600EB1BDE8F08101268046EDE7028ABA4240
S214032A7006D100220121204698470028EFD1EFE730
S214032A800268D205EBD500221146F4E708B5FEF737
S214032A902CFD00230380436008BD70B506460C4634
S214032AA0FDF7B1FB05463046FEF71FFD30B1037850
S214032AB01C4304704FF40070EAF72CF82846BDE870
S214032AC07040FDF7A6BBE4F7FFBD07B542798DF866
S214032AD0071022F0030242F00302427140F203326F
S214032AE0C2800DF10701012206F043F803B05DF83A
S214032AF004FBF8B5174606460C461D46FEF7EDFCE6
S214032B00020713D502213046FFF776F870B111217C
S214032B102046FFF7DAFF2046E5F780FF457087700B
S214032B2021463046BDE8F840E4F7CEBD2820C5F17F
S214032B3020024FF08861A5F12003E94000FA02F273
S214032B4020FA03F311431943CB07E0D40D212046A3
S214032B50FFF7BBFF2046E5F761FF4770E0E770B578
S214032B600C460546072120461646FFF7AEFF2046CD
S214032B70E5F754FF214646702846BDE87040E4F763
S214032B80A3BD38B50C4600210546FEF7BEFC241A45
S214032B90A4B247F6FE739C4205D928462821FFF7C0
S214032BA070F8002038BD0120FCE738B504460D4612
S214032BB001460020FEF780FC03689B0505D42946E2
S214032BC02046BDE83840FFF7DCBF002038BD2DE9BE
S214032BD0F04115469DF818801F46FEF76DFC044627
S214032BE0FDF711FBB8F1010F064623D154E8003F69
S214032BF043F4807344E80032002AF7D105B354E85F
S214032C00002F42F4007244E80023002BF7D1FF2183
S214032C102046FFF707FF54E8002F48EA020244E87D
S214032C200023002BF7D1A56027823046BDE8F0418C
S214032C30FDF7EFBA4FF480712046FFF7F3FEDDE7AA
S214032C404FF400712046FFF7EDFEE0E773B5064646
S214032C5001200C46FEF730FC0023054600931A4677
S214032C6021463046FFF7B3FF6B6863B14FF48071BC
S214032C702046E4F787F855E8003F43F4007345E839
S214032C800032002AF7D1FDF7BEFA05462046FEF7C6
S214032C902CFC28B103881BB14FF40070E9F73AFF08
S214032CA0284602B0BDE87040FDF7B3BA38B505460E
S214032CB00C46FEF701FC83684BB102212046002236
S214032CC0984721462846BDE83840FFF7BFBF38BDC2
S214032CD0012938B505460C4608D0CC1E012C03D86E
S214032CE001460120FFF7E2FF012038BD2221FEF74F
S214032CF05BFC20462946FFF7D9FF0020F5E708B519
S214032D00FEF7DAFB006800F0F00008BD10B50146D8
S214032D1004460120FFF7F3FF20B92146BDE8104023
S214032D20FFF7EDBF10BD70B506460C460146012001
S214032D30FEF7C2FB314605460020FEF7BDFB2B68B7
S214032D400268014643EA0200C0051ED49B0502F44E
S214032D50007203D49AB94FF0FF3070BD2B8A1B1B49
S214032D6098B27AB1098A091B89B28842A8BF084675
S214032D704FF6FF73984208BF4FF0FF30EDE74FF66C
S214032D80FF70EFE74FF6FF71EFE70120E5E72DE968
S214032D90F34104460191014601201546FEF78CFBDC
S214032DA0214606460020FEF787FB80462046FEF7B0
S214032DB08CFB810606D501A805F0F8FE0C2002B0B0
S214032DC0BDE8F081FDF71FFA33689A05074603D47A
S214032DD0D8F800309B0509D50199301D8D6005F0A4
S214032DE0CCFF3846FDF715FA0020E8E7FDF711FAA1
S214032DF001992046A847E2E738B501460446012074
S214032E00FEF75AFB05460C3005F0D0FE281D05F0EC
S214032E10CDFE21460020FEF74FFB04460C3005F09E
S214032E20C5FE201DBDE8384005F0C0BE70B501469E
S214032E3005460120FEF740FB0646043005F033FF47
S214032E40044670B14FF400713046FFF7EBFDA368FC
S214032E5021462846984720B12046BDE87040FAF739
S214032E60E7BE70BD0023C0E900318260704708B535
S214032E700B4601461846FEF71FFB0068C0F34020CA
S214032E8008BDFFF725BFCB1E012B70B504460D46C4
S214032E90164606D81A21FEF787FB40212046E3F79D
S214032EA071FF324629462046BDE87040FFF710BF43
S214032EB038B504460D46FEF763FB28B1012D04D151
S214032EC022212046FEF770FB002038BDF8B58B792B
S214032ED00B440C46D3F80D60D3F811303246074640
S214032EE0E4F7D4FB09212046FFF7EFFD2046E5F77C
S214032EF095FDA579E5F7B8FC0C35254466F0FF0685
S214032F000640C5F80160E5F7AFFC3846C5F805107E
S214032F102146FFF7D8FD02213846FFF7BEFDF8BD70
S214032F2070B50E46054601460020FEF7C5FA012E8B
S214032F30044603D0022E11D0012070BDC1688B79E0
S214032F4019440D312846FEF798FBE068FAF770FE41
S214032F500020E0602946FFF779FEEDE7C068FAF740
S214032F6067FE0023E360E7E738B50D4604460146EF
S214032F700120FEF7A1FA012D08D100F11201204627
S214032F80FEF77BFB21462846FFF760FE012038BD8F
S214032F9008B5FEF79AFAC0F3C00008BDF8B50C46AC
S214032FA00746FFF7F5FF80F00106F6B239463046CE
S214032FB0FEF782FA0546C068012C837903D0022CFB
S214032FC01BD00120F8BD0C33C41838462389E28889
S214032FD0A188FEF72AFC61886278490089B252000C
S214032FE03846FEF7ADFAE868FAF722FE0023EB60F0
S214032FF039463046FFF72AFEE3E7FAF719FE0023C1
S214033000EB60DEE708B5FEF768FA00F0010008BDDE
S21403301038B50C4602210546FEF761FA0C21204618
S214033020FFF753FD2046E5F7F9FC4FF0FF338370B7
S2140330300223C3700D2343706FF02F030371052320
S214033040437121462846BDE83840FFF73CBD0429B6
S21403305010B5044601D0002010BDFFF799FFC0F15C
S2140330600200E5F7A7FB0028F5D105F064FF01464B
S21403307008B90220F0E72046E5F7E0FF0028F8D17C
S2140330800120E9E708B5FEF720FAC0F3C00008BD43
S2140330902DE9F0410F4604469046FFF7F3FF80F014
S2140330A00105EDB221462846FEF706FA012F06462D
S2140330B003D0032F0FD001200BE02046FEF783FE3C
S2140330C022212046FEF770FA28462146FFF7EEFD3A
S2140330D00020BDE8F081C068FAF7AAFD0023F3607C
S2140330E02046FEF770FE5FFA88F12046FEF75CFA8C
S2140330F020462021E3F746FE21462846FFF7D6FD65
S214033100D9E737B504460D46FEF7E7F903054CD570
S214033110022005F010FF0190002848D0204645B352
S214033120FFF7B0FF50B105210198FFF7CEFC0198D9
S214033130E5F774FC01992046FFF7C5FC20462946AF
S214033140FEF74CFE2046FFF79DFF78B94FF400616B
S2140331502046FEF7BFF906210198FFF7B6FC019853
S214033160E5F75CFC01992046FFF7ADFC002003B0B1
S21403317030BDFFF787FF68B1019903230622204677
S214033180FFF7B7FC2046FEF71EFE21462846FFF74C
S2140331908DFDEBE701A805F009FD20463D21FEF76E
S2140331A070FD2046FEF70FFEE0E70C20DFE7072062
S2140331B0DDE7F7B5014604460020FEF77DF9054630
S2140331C000F112074FF48060E5F7F4FA50B9204691
S2140331D0E3F7C2FD698B3A4680B203B0BDE8F04020
S2140331E0FFF7E1BA2046E3F7B7FD064620466D8BA8
S2140331F0FEF769F900220346009229463A46B0B222
S214033200FFF7F0FA03B0F0BD83781A2B09D81B2317
S21403321083700288B2F5A47F07D24FF4A4730380A9
S21403322007E0FB2BF5D9FB23F2E744F290239A42FF
S214033230F5D87047F0B5CA798B7987B043EA02238D
S214033240ADF80C308B888DF80E30CA788B7843EA4D
S21403325002230446ADF8103003A80B888DF812300D
S214033260FFF7D2FF04A8FFF7CFFF05A92046FEF716
S21403327038FD0B212046FEF7EEFC40F6480544F2E7
S2140332809023002818BF1D469DF80E30BDF8146025
S214033290BDF81020BDF80C709DF816009DF81210AE
S2140332A0AF42D4BF00970095FB2BA8BFFB23B242C7
S2140332B0A8BF32468142A8BF01462046FEF728FB38
S2140332C007B0F0BD37B5144605461046FFF7FDFBBD
S2140332D02046E5F7A3FB01A904462846FEF701FDB1
S2140332E00B212846FEF7B7FC6FF004036370002338
S2140332F0A37044F2902240F64803002818BF1346F2
S214033300A4F803309DF80630A4F80530BDF8043061
S214033310A4F8073003B030BDFFF7DABC022973B553
S21403332005460C4603D00024204602B070BD052196
S214033330FEF762FC0028F6D0E4F770F81B28F2D9F3
S2140333404FF40040E5F736FA0028ECD105F0F3FD1C
S21403335006460028E8D001A92846FEF7C2FC9DF8D9
S2140333600630BDF8042031462846E6F73BF9002828
S214033370D9D10124D8E730B190FAA0F00123B0FAEE
S21403338080F08340D8B2704770B50646FEF7A5F8BE
S21403339080F0400402060546C4F3801406D40821D0
S2140333A03046FEF73EFC08B144F00204EB0506D4B3
S2140333B00B213046FEF735FC08B144F004042046E2
S2140333C070BD2DE9F843044691460F46FEF785F88F
S2140333D0C0F340152046FEF72BFB214680462846C1
S2140333E0FEF76AF8494606462046FEF7DDF898F8E3
S2140333F00110384601F00F0100F024FA062814BF26
S214033400014600212A462046FEF7B6FA21462846FC
S214033410FFF71CFC20212046FEF764F856E8003F21
S21403342043F4805346E80032002AF7D1BDE8F88318
S214033430F8B50E4604461546FEF74FF8032EC0F3BE
S21403344040170DD0042E16D0012E12D1222120466D
S214033450FEF7AAF838462146FFF728FC0020F8BDF9
S214033460EAB200212046FFF7ACFF21463846FFF7B5
S2140334701DFC0120F3E70C22F3E7012910B50446EF
S2140334800BD1FEF72AF82146C0F34010FEF714F8D6
S2140334900022817C2046FFF794FF012010BD2DE912
S2140334A0F7430F460546FEF718F800F02009C0F369
S2140334B040182846FEF7BCFABB790C333B445E78CB
S2140334C09B781E400378C3F3030000EA13103040D2
S2140334D0FFF751FF044648B9B9F1000F06D1284655
S2140334E0FFF752FF3040FFF746FF04462846FEF735
S2140334F0A2FAE8F7ABF8A04223D01CB30221284671
S214033500FEF703F8002106462846FEF72CF9182195
S2140335103846FFF7DAFA3846E5F780FAB6B244706B
S2140335208470A0F8036039462846FFF7CCFA009665
S2140335302346224629464046E6F78EF803B0BDE802
S214033540F08300242646E2E770B504460D46FFF7EF
S214033550DDFB28B929462046BDE87040FFF79FBF2C
S2140335604028294620464FF01603BDE8704014BF96
S2140335702A222322FFF7BDBA38B505460C46FDF7C7
S214033580ACFF830604D42046BDE83840FAF750BBA8
S21403359021462846BDE83840FFF781BF73B58C79CE
S2140335A00C340C4406460D46FDF797FFA278032A13
S2140335B0C0F3401014D0052A28BF00226378032BDB
S2140335C010D0052B28BF0023B4F803100091314612
S2140335D0E6F742F8284602B0BDE87040FAF728BB83
S2140335E00022EBE70023EFE708B58B790B441B7B40
S2140335F0162B03D0172B05D0002008BDFFF7A4FF1A
S2140336000120FAE7FFF7B8FFFAE708B58B790B4412
S2140336101B7B162B03D0182B05D0002008BDE6F71E
S21403362045F80120FAE7FFF7B9FFFAE770471FB539
S2140336304A1E042A03460C465FD8012902D1008895
S21403364004B010BD022905D100885B88984238BFB4
S2140336501846F5E74A00014601A804F0EEFE032CDF
S21403366007D10023ADF80A304FF6FF73ADF80C30E0
S21403367001E0042CF8D0BDF80620BDF804309342D0
S21403368084BFADF80630ADF80420BDF80A30BDF8A7
S2140336900C20934288BFADF80A20BDF80A2088BFE5
S2140336A0ADF80C30BDF80430934288BFADF80A304D
S2140336B0BDF80620BDF80C309A4288BFADF8063038
S2140336C0BDF80820BDF80630934284BFADF8083035
S2140336D0ADF80620BDF80A30BDF808209A4288BF28
S2140336E0ADF80830BDF80820BDF806309A4238BF5A
S2140336F0ADF80830BDF80800A2E74FF6FF709FE765
S214033700012804D0022804D030B9E7F701BCE7F754
S214033710EFBB0020E6F76AB9704710B1012803D063
S21403372070470120E6F762B90020FBE7F7B51F46AE
S2140337308B1E012B05460C46164613D8FDF756FB83
S2140337400023CDE90005F01A18BF01201A463946B2
S214033750FDF75AFB80B1022C0BD12846E4F750FF45
S214033760002004E00029F8D0012902D0FF2003B08E
S214033770F0BD2846E4F788FF0120F8E770B59DF80A
S21403378010600D4600210446817106F10C01417359
S214033790111E03F00F00237B18BF012140EAC1105E
S2140337A003F04003184320732B469DF8141004F1CE
S2140337B00E00FFF7BBFF237B60F3861323732B6890
S2140337C06361AB882383A3790E363344E37170BDFC
S2140337D010B541898389C28904460846FFF704F970
S2140337E0E0B1E279531E072B19D86389934216D9A1
S2140337F022899A4213D8237C43B9637C33B9A37CCA
S21403380023B9E07C10B9237D0F2B07D9607D1B30CD
S21403381000F01F000B288CBF0020012010BD0020E5
S214033820FCE708B5E8F7EEF9BDE808400020E8F73E
S214033830D9BBC94350E8003F0B4040E80032002A9A
S214033840F8D17047022808D0042803D0012818BFEF
S2140338500620704701F00101C81C7047E8F724BF33
S2140338600A2802D80130C0B27047242801D8023093
S214033870F9E7252805D0262805D0272818BFFF20D6
S2140338807047002070470C20704708B5E7F75AFFCB
S214033890BDE808404FF00060E9F73CB908B5E8F723
S2140338A009FF20B1BDE808401020FFF7EEBF08BDB2
S2140338B070477047704770477047002070477047DF
S2140338C07047704770477047104619467047002088
S2140338D00021704703F0DFBFF2F764BB04F093B830
S2140338E008B5E8F733F920B1BDE808400420FFF730
S2140338F0CCBF08BDF0B585B00D468DF8070016465B
S21403390002B983B39DF807002946FDF783FA0446F8
S21403391090B99DF807002946FDF780FA20BBF6B15B
S2140339209DF80700003818BF01202946E8F780FDF8
S214033930441C18BF012417E002AF012239460DF1DB
S2140339400700FDF769FA024604464EB19DF80730B4
S214033950181E18BF0120002A18BF3D46E5E70124BC
S214033960FDF747FA00B90124204605B0F0BD37B588
S21403397002460846136A03F4007403F40015DB05D5
S21403398005D47CB9E4F73CFE204603B030BD4CB901
S214033990D2F855100160B2F859208280B5FA85F442
S2140339A06409F1E7019092F95430009300231A4614
S2140339B019461846B5FA85F4FDF726FA6409E3E7CF
S2140339C070477047024619460020E8F70FBC0020F0
S2140339D070470020704707B500214FF0FF336A4653
S2140339E0084600938DF80430E8F792FD03B05DF8BF
S2140339F004FB38B50546006804F07AFF04462879C8
S214033A0000F01F0004F074FF2044C0B2012894BFE6
S214033A100020012038BD70477047914270B50D46AF
S214033A2014461E4609D2FFF719FF641B013490FBA8
S214033A30F4F303FB14000544ACB23480FFF70EFF27
S214033A4033880133B0FBF3F202FB1300049B1880A8
S214033A5070BD7047704770470120704708B5202037
S214033A6000F064FF003818BF012008BD08B5FFF753
S214033A70F5FF20B1BDE80840202000F05FBF08BD79
S214033A8073B506460D461446D2B100F04CFFA84265
S214033A9018D8304600F05CFF01460190A0B1002321
S214033AA02A46204605F078F801A805F07FF8224656
S214033AB0022052F8041B00F0F8FE002002B070BD8E
S214033AC02220FBE72120F9E72D20F7E708B5F9F7D1
S214033AD0E1FD08B1012008BD00F060F8F9F7E2FD4A
S214033AE00028F7D1EBF7BEFA003818BF0120F2E73B
S214033AF008B5E8F7BDFF00280CBF0420012008BD69
S214033B00E8F7C4BF0020704730B5044687B00846C0
S214033B101546FEF757FF122200210DF1060004F0AA
S214033B2072FCA3680293E3680393E38BADF810304B
S214033B30238CADF81230ADF80450FFF7E3FF029B79
S214033B408DF8140043F41053029300F05DFE18B191
S214033B50029B43F00403029301A8E4F73DFE10F032
S214033B60FF0516D1A38CADF800300DF10201E38CEE
S214033B70ADF80230684600F034FDE9F723F8FEF7A7
S214033B801FFF012103F05BFDEAF76CFB284607B035
S214033B9030BD40F20C40FAE7E9F724B8FBF741BE24
S214033BA0DAF72CBF0120704770B50C46064611465F
S214033BB01D46E9F7DFF858B144EA06206FEA4040AD
S214033BC06FEA50402A4680B2BDE87040E9F726B84F
S214033BD040F2064070BD83791A07014603D50622D4
S214033BE00020E9F7EBB89B0602D506220120F8E78A
S214033BF04FF0FF3070478379532B01D1E9F710B9A3
S214033C00FFF7E9BF70B5064614461D46E9F7B2F856
S214033C1010B90024204670BD41EA06206FEA4040F2
S214033C206FEA50402A46214680B2E9F715F8002885
S214033C30F0D0EEE713B50446E9F79CF810B9002078
S214033C4002B010BD08226B4611462046FFF7DAFF86
S214033C500828F4D19DF80230002BF0D09DF903001C
S214033C60013018BF0120EBE7704700207047532848
S214033C7038B505460C4604D1BDE838400846EDF78E
S214033C80A1BB0620FAF7E6F968B96379142D03F0A9
S214033C903F03637104D0722D08D163F03F03637151
S214033CA0A571002038BD40F20740FBE72120F9E765
S214033CB01FB550F80C4BADF8061094F870408DF80D
S214033CC00820ADF80A3001AA069B8DF8044040F29E
S214033CD00351039304F09FFE10B906A804F066FF91
S214033CE004B010BD2DE9F04186B04FF0000804463D
S214033CF00E46CDF80C8000F14407154612B303A810
S214033D0004F054FF384604F051FF84F81C80002367
S214033D10009332462B461821204600F091FF05F506
S214033D208855204604AA50F80C3B059593F8703046
S214033D308DF8103040F2055104F06DFE002006B0F9
S214033D40BDE8F08143691A0710D4A846384604F044
S214033D504BFF03460390C0B903A804F027FF384679
S214033D6004F024FF0023237755B1D0E723F008039C
S214033D70436103A804F01AFF384604F017FF2577BB
S214033D80204600F0D9FF0025CBE7997901F10C0214
S214033D901A440531B2F80160B2F80320997120463F
S214033DA0314601F0F7FCCDF80C800028CED005464E
S214033DB0D2E72DE9F84F0E469DF828B091469A466D
S214033DC0054610B1037C012B60D0284601F0F9F9B3
S214033DD0304601F072FB002231468046284601F049
S214033DE0DFFB0746304601F061FE42F605239842A4
S214033DF01CD118F0300F26D1BBF1000F33D018F0CA
S214033E00200F3FD0BA073FD5EB8B002B38D1534654
S214033E104A463146284600F0C3FF0446E8B9EE8317
S214033E2040F20A41284601F0DAF916E0284601F086
S214033E307DFA0028DDD0284601F08DFA0028D8D078
S214033E4041F2121409E0B907D6D03146284601F0EC
S214033E5043FC0028D0D000F58854284601F0B6F974
S214033E602046BDE8F88F18F0100F0BD0FB070BD5D4
S214033E7053464A463146284600F06DFF0446ECE7B3
S214033E800524EAE72124E8E70224E6E70724E7E730
S214033E902DE9F04786B000259DF8389090F81CA0D1
S214033EA00F9E057704460F469046B9F1000F09D0DA
S214033EB00A4600964B46514600F0C2FE284606B018
S214033EC0BDE8F087BAF1080FADF8169026D14589FC
S214033ED0043DADB29D4232464FF002014FF0090059
S214033EE0A8BF1D4600F03DFE0222814605A93046C6
S214033EF0ADF8147005F01DF92A464146304605F024
S214033F0018F9831C054689F8013031462046EBF73D
S214033F10A7FAADF81650BDF81600D0E7BAF10A0FA7
S214033F200DF11602CDE9016200930CBF0B210D21A2
S214033F304346012200F0A8FE1A28ECD1CDF80090E3
S214033F4011233A4651462046ADF8169000F078FE07
S214033F50E1E7F0B589B017460025012204460E4670
S214033F600393ADF8165001F04AFB8DF815000028B0
S214033F7046D1304601F0BBF910B1304601F079FA6C
S214033F80304601F0AAFAB8B103A804F00FFE2046A3
S214033F90237F50F80C2BADF81A6092F870208DF83A
S214033FA0182040F2025106AA8DF81C30ADF81E7098
S214033FB004F031FD09B0F0BD0DF115030DF1160245
S214033FC03146204601F0B8FB9DF8153002465BB932
S214033FD0BDF81630BB4235BF0723DB1B8DF8153003
S214033FE0D21928BFADF81630039B01939DF8153000
S214033FF000933146BDF816302046FFF749FFD9E750
S2140340002A46F1E770B504460D46164601F06FF9E9
S21403401040B933462A46214601F0BCFB08B100F5F9
S214034020885070BD41F20310FBE71FB550F80C4BE8
S214034030ADF8061094F870408DF80820ADF80A30F5
S21403404001AA069B8DF8044040F20151039304F045
S214034050E2FC10B906A804F0A9FD04B010BD1FB514
S21403406050F80C4BADF8061094F870408DF8082005
S214034070ADF80A3001AABDF818308DF8044040F2B6
S2140340800451ADF80C3004F0C6FC04B010BDF0B516
S21403409085B0122703920777022205460E4601F0E3
S2140340A0AEFA044668B103A804F080FD00232B771C
S2140340B000230093324623461221284600F0C0FD13
S2140340C00FE0039A937903339371304601F005FAB0
S2140340D048B1039B00933A46234631462846FFF7EA
S2140340E0E7FD05B0F0BD42F6293001F046FCB042CC
S2140340F020D1039830B903A804F058FD00232B778A
S2140341000D24D5E704F0D7FD80B20128F3D1039B35
S2140341109A7913442846197B01F043F9044603A809
S21403412004F044FD00232B77002CC1D1284600F071
S214034130CAFDD6E72246039B3146284601F02AFBF2
S2140341400446EFE72DE9FF410392042204460D4699
S21403415001F055FA074628B103A804F027FD04B07A
S214034160BDE8F081039A93794FF0520803339371B5
S214034170284684F81C8001F0B0F9064640B1039B3C
S214034180009342463B4629462046FFF791FDE6E765
S21403419042F6293001F0F1FBA842039B0BD19A7932
S2140341A013442046197B01F0FCF803A804F0FEFC38
S2140341B000232377D3E732462946204601F0EAFA5E
S2140341C0F6E72DE9FF418B790C330B440446B3F82D
S2140341D00170B3F8038038460E4601F066F90028EE
S2140341E058D002223946204601F009FA0546E8B9B6
S2140341F0384601F072F968B116222277B37905338F
S214034200B3713946009643462046FFF751FD04B086
S214034210BDE8F081F9F7A2FC33461B680135EDB221
S214034220002BFAD10635A8421DDC092504F144000B
S21403423004F0BCFC00962B463A461621204600F0B6
S214034240FFFC092DE3D1204602AA50F80C3B93F855
S21403425070308DF8083040F2055141F2091303938C
S21403426004F0D9FBD3E70121304604F02DFF0146C5
S2140342700028DAD004F1440004F07FFDB379053357
S214034280B371424633463946204604B0BDE8F04192
S21403429000F028BD0125C9E713B5044641B94430EB
S2140342A004F084FC204602B0BDE8104000F044BD94
S2140342B04369182213F00803027706D000230093FD
S2140342C01946FFF7F5FC02B010BD1A46194602B0B0
S2140342D0BDE81040FFF706BD7FB5C58B04462DB37A
S2140342E042F6052001F049FBA84207D100212046EB
S2140342F001F038F8636923F00103636140F20A4171
S214034300204600F072FF00260DF10E0229462046D5
S214034310ADF80E6001F044F9BDF80E200092034696
S214034320022229462046FFF79AFEE68304B070BDB4
S2140343302DE9F0470E46BDF8209090461F460446EA
S21403434018B941F20110BDE8F087084601F0ADF850
S2140343500028F6D06589033DADB24D4509D3CDF8A7
S21403436020804B463A4631462046BDE8F047FFF7E5
S21403437020BD4920E7E7F7B504461F460E46154617
S21403438000F01FFF237C012B58D0237F182B2CD043
S21403439063691B0713D5217F16292DD008D8122948
S2140343A014D00225204600F011FF284603B0F0BDC6
S2140343B018291AD05229F4D10023237713E0304664
S2140343C001F08BF80028E6D12125EBE700232377BD
S2140343D035B1009332462B46204600F031FC02E00E
S2140343E0204600F070FC0025DCE72A4631462046CE
S2140343F0FFF778FC0546D5E700232377002DE8D1A1
S214034400BDF82430089A00950521172000F0CDFB4F
S21403441020B90095112332461221DDE700F082FB16
S214034420626942F00802626182790532034682714C
S21403443031463A46204600F055FCD4E70725B1E757
S2140344402DE9F041054688B042F6052001F095FABD
S214034450064604A8ECF7B8F8102205F121010DEB87
S214034460020003F0A6FF50B10121284600F07AFFB0
S214034470284601F034FB6B6923F001036B6142F6B7
S214034480030303A90220ADF80C30ECF7ABF90124C3
S21403449007464FF0000820463A464FF6FF7101F0F4
S2140344A031FA044610B908B0BDE8F08100F0FDFF0C
S2140344B00134A4B20028EED0A64203D131462846E2
S2140344C0E8F7F6FF0DF10E0221462846ADF80E80FA
S2140344D001F066F803460028DDD0BDF80E200092F2
S2140344E0214601222846FFF7BAFDD4E708B5ECF7C4
S2140344F059F80020E9F76AFC002008BD10B901202E
S214034500E9F758BD70470220E9F74ABD0020E9F7EE
S21403451047BD38B50C460546E3F732FE4379C47506
S21403452023F0030343F0030343710923837104F168
S2140345300C03C371A0F81550153038BD2DE9F341AF
S2140345400D4616468046E3F71BFE05F10C03C371C2
S2140345504379019023F0030343F0030343710923D4
S21403456083710446A0F8158000F11507304604F061
S214034570A2FB0544E57533463BB901A8314604F072
S214034580FCFB384602B0BDE8F0815A7922F00302FC
S21403459042F002025A711B68EEE708B5E3F7F6FD30
S2140345A083790C33184408BD08B5E9F751FCECF7DA
S2140345B0B1FCE8F769FEEBF7BFFEBDE80840FFF77E
S2140345C0A5BF10B50446E9F7EFFD20B92046BDE8C0
S2140345D01040F9F7BDB92046F9F7BAF9FFF793FF8C
S2140345E0F1E773B50E4604F04FFE044610BB42F6E1
S2140345F0072001F0C2F90546E0B1B6F90030002BFA
S214034600CCBF0533053B4FF00A02CCBFB3FBF2F336
S21403461093FBF2F35BB28DF8073001230DF107022B
S2140346200021184604F0B2FD002203462946104630
S21403463001F0B0F8204602B070BD430803F05503FE
S214034640C01A00F03303C0F3850000F033001844AB
S21403465000EB101000F00F00704710B5421D441E0B
S214034660002114F8010FFFF7E8FF94420144F8D144
S214034670084610BD0E2070470E2070470E20704768
S2140346800E2070470078EAF767BF13B50C460DF1A6
S21403469007020DF10601EBF74FF830B19DF806005F
S2140346A0031B5842584102B010BD0120FBE7704778
S2140346B02DE9F04383780D2B91B00D464FD109AC0D
S2140346C0821C00F11A03264610685168274603C762
S2140346D008329A423C46F7D113883B801C21284671
S2140346E004F064FBBDF826402F6814F00C043ED19A
S2140346F0384604F0E0FAA0F10208A0450DDA4FF0C0
S214034700FF3400239C428DF81C301EDBA31C0122C1
S214034710394607A804F040FA17E0631C012239461D
S21403472005A804F039FA9DF81430012BE9D0234686
S2140347300122394607A804F02FFA9DF81C3013B15E
S21403474001331C44D9E78DF81C30EBF73BFB0128FB
S21403475008D002283FD050B9284604F027FA11B0F3
S214034760BDE8F0839DF81C3013F0010FF4D09DF8DC
S2140347702F00EAF76DFA80469DF83000EAF768FAEC
S2140347800DF11C099DF8282004460DF1290105A802
S214034790E8F754FE9DF836200DF137014846E8F752
S2140347A04DFE05A8FFF727FA05ABCDE90105074639
S2140347B0CDF80090224641463046E9F7E5FD2B68E2
S2140347C0002BC9D0CDE9007505AB224641463046DD
S2140347D002F08FFDC0E79DF81C3013F0030FC5E70A
S2140347E0EBF7E0BA704708B5ECF74AF9002008BDC6
S2140347F0ECF7F2BCEAF7EEB97047704770477047BC
S214034800E8F7D6BA7047704700207047704770477E
S2140348107047F8B513681D0A04460F461646043556
S2140348200A46002103F0EFFDEDB221222046394669
S21403483004F00AF92046294604F08FF9A279336872
S2140348401444E360F8BD704770477047704770477D
S214034850704702464FF482712020FFF711B908B55E
S214034860014600F03800EAF731FB78B1D0E90132AF
S214034870407810F0020F08BF1346C1F30741043B0C
S21403488053F8040F10B102788A42F9D108BD38B53F
S21403489005460C4604B938BD013C55F824301B695F
S2140348A0002BF7D09847F5E770477047F8B543787D
S2140348B0DB07054601D4EAF74BFB6B786F6823F0FA
S2140348C00C0343F002036B70002657F826402CB9FE
S2140348D005F10C012020F9F7F5F90FE0A36801367E
S2140348E0002BF2D0984704460028EED031463846CF
S2140348F0FFF7CDFF6B7823F002036B702046F8BDFD
S2140349004078C0F340007047437813F00E0F0CBF97
S21403491001200020704710B5EAF784FB0446EAF747
S21403492099FB204610BD4FF48270704708B5EAF72E
S214034930CDFAC068003818BF012008BD08B5EAF7ED
S214034940C5FA20B1BDE80840C06804F060B908BDE8
S21403495038B5EAF7BBFA044650B1FBF754FC0546F4
S21403496004F10C0004F040F904462846FBF751FC1A
S214034970204638BD37B58379019003440446D8688A
S21403498000F03800EAF7A2FA054628B901A804F0B1
S2140349900DF9022003B030BD204604F011F9FBF7F1
S2140349A032FC0199044605F10C0004F0E6F92046B2
S2140349B0FBF72FFCE8F76AF80020EBE72DE9F04158
S2140349C0044625021F4605F4E065C4F3072324F4D2
S2140349D07F441D4324F0C7048B79EE1944F080040A
S2140349E044EA162436020C33B6B23443CC50084697
S2140349F001EB03081146FFF7BDFF20B94544EF70EE
S214034A004046BDE8F0814FF00008F9E7427810B55C
S214034A100432044601F00400D2B2002140F029001B
S214034A2004F04AFB18B1837922680344DA6010BDA8
S214034A3010B50021FFF7EAFF044608B9002010BDB1
S214034A400179FFF797FF0028F8D1A3790C33E01814
S214034A50F5E72DE9F04117461A4603681C0204F4ED
S214034A60E064C3F307231C4301F0040141F0290566
S214034A70043406463B462146284604F087FB804618
S214034A8050B1E1B204F0D2F830683B462A464146BC
S214034A90BDE8F041FFF792BFBDE8F0812DE9F34191
S214034AA001F0040141F0290500240768294606465B
S214034AB010681460019004F083F8019804F0FBF882
S214034AC0390201F4E061C7F3072739438046012220
S214034AD0043101A804F06CFA30B101A804F066F8BA
S214034AE0204602B0BDE8F0810199306843462A4665
S214034AF0FFF764FFF5E700207047A0F86E107047D5
S214034B0001238B4090F87110194380F87110704799
S214034B1008B50120F9F742F8C0B208BD83790C3313
S214034B20184470471438704710B50446A1F11400B2
S214034B3004F0C1F8201A20EAE07080B210BD70B508
S214034B401C460D461646FFF7EFFFA04207D3224644
S214034B503146A5F1140004F0ECFA012070BD0020E4
S214034B60FCE770B506460D4614467AB90A46204653
S214034B70082104F0A1FA044690B92A460821292000
S214034B8004F09AFA044658B9204670BD104604F05D
S214034B900DF8204604F0C3F908231D44A371E571FC
S214034BA0A3790C331C442670EEE72DE9F041164634
S214034BB0069A074688461D46FFF7D3FF0446F0B11C
S214034BC014382A463146069004F0B3FA854217D9BC
S214034BD0069B1C7906A804F0200403F0E7FF74B9CB
S214034BE042460821292004F067FA2A4631460690F1
S214034BF004F09FFA854206D906A803F0D7FF0024DF
S214034C002046BDE8F081069A93790C33D418D7541E
S214034C10F6E711B11439EAF723BC1A20704738B502
S214034C20002204460D4602200321FFF79AFF0146A1
S214034C3008B1A0F801502046BDE83840FFF7E9BFA9
S214034C40F8B504460F4616460521069A01201D466A
S214034C50FFF787FF014638B1477046800571204647
S214034C60BDE8F840FFF7D5BFF8BD38B50D460321BC
S214034C7004460846FFF775FFA0F801500146204694
S214034C80BDE83840FFF7C5BF73B5054608466C89CF
S214034C90089E1146641A1A46BDF81830A4B29C4200
S214034CA028BF1C46079B00932346FFF77EFF01465B
S214034CB030B12846348002B0BDE87040FFF7A9BF84
S214034CC01A2002B070BD10B501210446002213203D
S214034CD0FFF747FF014620B12046BDE81040FFF727
S214034CE098BF10BDF7B544890193054618460F468D
S214034CF0164603F0E0FF053CA4B2844203DA011B28
S214034D0001A804F07AF80521019804F018F9014681
S214034D1028B901A803F04AFF1A2003B0F0BD83792F
S214034D200C33C2181720C854A2F80170A2F8036007
S214034D302846EAF795FBF0E710B501210446002262
S214034D401920FFF70EFF014620B12046BDE81040AC
S214034D50FFF75FBF10BD73B54489033CA4B2A342FB
S214034D600E464FF00001009105464FF0030128BFA1
S214034D7023461B20FFF719FF014670B110F80F3CBE
S214034D80A0F80160012262F3071300F80F3C2846DF
S214034D9002B0BDE87040FFF73CBF1A2002B070BDFA
S214034DA073B54489033CA4B2A3420E464FF00001F8
S214034DB0009105464FF0030128BF23461D20FFF749
S214034DC0F4FE014638B1A0F80160284602B0BDE8FB
S214034DD07040FFF71EBF1A2002B070BD4B88042B2D
S214034DE007D1836C08885B8998428CBF002001201A
S214034DF070470020704710B50446806920B1002133
S214034E00EAF76AFA0023A36110BD38B5A0224FF46F
S214034E10A073C0E9072300250723044680F8313032
S214034E20C5818571103003F0C1FE04F1140003F050
S214034E30BDFE2046FFF7DFFF40F20113E3857F2325
S214034E4084F83230A56265622046BDE83840FEF736
S214034E500BBF07B501228DF807100DF1070104F00B
S214034E6068F903B05DF804FBF7B505464FF4285020
S214034E700C4600F082FD064600F017FBB0B3022C8A
S214034E8002D8002003B0F0BD00270DF105030DF195
S214034E90060231463846ADF8067000F04DFCBDF804
S214034EA00620631E934206461EDC072C1AD9023CD4
S214034EB0ADF806400824BDF80630002BE1D00133D8
S214034EC0D9B22846FFF7C5FF21462846FFF7C1FF9C
S214034ED0BDF806203146284604F02BF9BDF8060037
S214034EE00230CFE7ADF806700924E4E74FF0FF3051
S214034EF0C8E702292DE9F34104460D46174618462E
S214034F0003D8002002B0BDE8F08100F036FD064667
S214034F1000F0CBFA0028F4D04FF000080DF105039B
S214034F200DF1060231464046ADF8068000F004FC5B
S214034F30BDF80630BDF82020934228BF1346064628
S214034F40AB429DF8050028BF2B46ADF80630C0B926
S214034F50002BD7D001339AB29542D3D9D9B2204683
S214034F60FFF777FF39462046FFF773FFBDF80620A5
S214034F703146204604F0DDF8BDF806000230C0B224
S214034F80C0E74046BEE738B50446EAF717FB38B134
S214034F90022905D820460022BDE83840EAF79CBC23
S214034FA0212038BD91F839305B0773B506460C46A9
S214034FB015462DD40846EAF79FFA6B1E042B16D81F
S214034FC0032D14D0A379142B24D0A3697BB90093A3
S214034FD0ADF804308DF80630E8F7EAF96946EAF7E3
S214034FE0F1F818B91A25284602B070BDA061636AA5
S214034FF0E57343F016036362E8F780F93046EAF791
S214035000C1FB05460028EED02046FFF7F4FEEAE78C
S2140350100225E8E72125E6E7002337B580F8723056
S21403502040F6FF73A0F86E308368C160DA04044666
S2140350300D4610D443F48063A3606A4640F203210E
S2140350402046CDE9004503F0E6FC00212046EAF7BA
S21403505043F903B030BD90F87600EAF799FDA368EC
S21403506023F48053E8E773B56E4604464A79304620
S2140350700D460631E8F7E2F996E80300A4F8501067
S214035080090C11F0800FE06484F8521004F1530306
S21403509012D0012205F112011846E8F7CFF90C35B4
S2140350A02846FFF7DAFA28B10122294604F15A0006
S2140350B0E8F7C4F902B070BDB4F8501094F8522063
S2140350C0C4F8530099809A71E9E71FB590F87420E5
S2140350D0019002F0010304468DF808300BB102F08C
S2140350E002038DF80930204694F875308DF80A309F
S2140350F0039101F002FC01AA4FF40171204603F06C
S2140351008AFC2046EAF774F904B010BD10B50446CD
S214035110E8F74EF92146BDE81040EAF753B8EAF738
S214035120B3B8FFF7F5BC0A460021EBF7BDBC132264
S2140351300121EBF7B9BC826838B5C2F38032044666
S214035140B0F86E000D46EBF755FD20B9A3681DB108
S21403515043F40053A36038BD23F40053FAE783797E
S2140351601A0705D413F0100F0CBFFF200120704759
S214035170002070470020704710B5044660B1806C6D
S21403518050B1EBF7EDF8A06C0028FAD120460321C6
S214035190BDE81040EAF7A0B810BD43898B4207B5B7
S2140351A00CD050F80C2BADF8063092F870208DF822
S2140351B0042040F2014101AA03F02DFC03B05DF880
S2140351C004FB436943F0040343617047436923F0D8
S2140351D00403436170474069C0F38000704700686A
S2140351E047F230530022F8F779BB006803F0B0BBF0
S2140351F038B543699B0704460D4603D540F209417B
S214035200FFF7F3FFEAF74AF908B1A3691D702046D2
S21403521040F20941BDE83840FFF7E1BF07B5027C1D
S214035220012A09D00122027440F20942914206D0B3
S21403523040F20A4291420ED003B05DF804FB50F8E8
S2140352400C3B93F870308DF8043001AA4FF481615B
S21403525003F0E1FBF0E750F80C3B93F870308DF861
S214035260043001AAF4E738B522F000430D46114690
S21403527040F20322934204461AD0B3F5017F09D2C3
S21403528040F20122934213D040F20222934209D005
S214035290002038BD6FF481621344012BF8D8FFF762
S2140352A0BDFFF5E700F022F92046FFF7C9F8EFE760
S2140352B063699B0704D540F209412046FFF795FF33
S2140352C02846FFF759FFE3E708B5E9F7C7FF00B13C
S2140352D0806C08BD08B500B10068E9F7CDFF08B9D2
S2140352E0034602E0836C002BF7D0184608BD10B5C2
S2140352F0044642F62A3000F040FB031B584258414E
S21403530010BD022806D1088842F62A33C31A58422B
S214035310584170470020704710B5044642F62930BE
S21403532000F02BFB031B5842584110BD90F8200099
S21403533000F0010070471FB504466846EBF744F9D2
S2140353401022694604F1210003F033F8B0FA80F026
S214035350400904B010BD08B5FFF7EDFFB0FA80F0C2
S214035360400908BD70B5044600F1210591B92846E9
S214035370EBF72AF9236893F97500FEF75BFC78B11F
S21403538020682B4690F97500BDE8704010220D2169
S214035390FEF70ABC10220021284603F034F8E9E79A
S2140353A070BD38B590F820200446002341FA03F078
S2140353B0C50703D442FA03F0C0071ED40133082BF3
S2140353C0F4D101F0010523682A4384F8202093F9D9
S2140353D07500FEF72FFC40B12346012253F8200B3D
S2140353E00C2190F97500FEF7DFFB0DB9002038BDE0
S2140353F000212046FFF7B6FFF8E71320F7E768B16A
S2140354003F290AD800EBA10001F0030190F8310010
S2140354104900084100F0030070470020704710B5AC
S2140354200368044693F97500431C0DD0FEF702FC8F
S21403543050B12346102253F8310BBDE8104090F9C3
S21403544075000B21FEF7B0BB10BD10B590F8743095
S214035450DB0706D490F97530013314BF0F200520FF
S21403546010BD847CEBF780FE844234BF0C20002002
S214035470F6E730B585B004466846EBF7A5F8102185
S214035480684603F098FE2046EBF776FAC2686B464A
S214035490063204AD1C4603CCAC4210605160234672
S2140354A002F10802F6D105B030BD08B5EBF764FA91
S2140354B008B1EBF735FAC0B208BD013810B580B2B3
S2140354C0EBF75AFA044608B9002010BD408800F0EE
S2140354D07FFB0028F8D0207BF7E708B5EBF74CFAFC
S2140354E018B1007AC31F5842584108BD70B5054627
S2140354F0044655F8213B93F97500431C04D128460E
S214035500BDE87040EBF760B8FEF794FB0028F6D0D2
S2140355102346102253F8310B0B2190F97500FEF742
S21403552071FB2346012253F8200B0C2190F97500DA
S214035530FEF768FB20682B4690F97500BDE87040BF
S21403554010220D21FEF75EBB01302DE9F04185B236
S21403555028460E46EBF710FA42F60217044642F6C2
S21403556003089CB12046EBF7DBF978B1204600F040
S2140355703EFBB84205D10EB123883380607BBDE87D
S214035580F081204600F033FB404502D14FF0FF3058
S214035590F5E70135ADB22846EBF7EEF90446E0E74A
S2140355A02DE9F04707460E4690460D4642F6021989
S2140355B042F6030A0135ADB22846EBF7DDF9044699
S2140355C078B1EBF7ADF960B1204600F010FB484523
S2140355D005D1237A072B04D10320BDE8F087504575
S2140355E0E8D141463046FFF7AFFF431C014604D0DF
S2140355F03846BDE8F047FFF702BF0020EDE770B579
S214035600054608461646EBF7B7F9044608B90120DF
S21403561070BDEBF785F90028F9D0F00713D4B1076E
S21403562034D4720702D5A3885B0732D516F0060F6B
S21403563031D116F40060EBD0A38813F4006F14BFC7
S21403564000200620E4E7A388DA0743D513F0700F9B
S2140356500AD1980610D45806E1D52B6893F975300D
S2140356600133DCD10820D3E72868FFF7EEFEA388D2
S214035670990608D50028CBD12A6892F87420920799
S214035680E9D40520C4E70028C2D1E4E7A388990734
S214035690C7D40320BCE7A38813F4E06F09D19805A9
S2140356A00FD45B05C5D52B6893F975300133C0D18C
S2140356B0D8E72868FFF7C9FEA388990507D5002809
S2140356C0A6D12A6892F874209207EAD4D9E700286C
S2140356D09ED1E6E702209BE738B504460846EBF77B
S2140356E04BF9054608B9012038BDEBF719F9002830
S2140356F0F9D0AB8813F4E04F0CD1980412D413F40A
S2140357008040F1D0236893F97500431C58425841F2
S214035710C000E9E72068FFF798FEAB88990408D530
S2140357200028E1D1226892F874209207E7D4052076
S214035730DAE70028D8D1E2E72DE9F0474FF0000971
S21403574083F800900446A2F800900846884616465A
S2140357501D46EBF711F9074620B901232B700020ED
S214035760BDE8F08774B1EBF7DBF80028F5D04046C8
S214035770FFF7D2FD30B1012385F8009004F1200035
S2140357803380EDE72B46324639462046BDE8F047E0
S214035790EAF7A6BE2DE9FF410746084688461646A1
S2140357A00393EBF7E9F8044638B903A803F0FEF9C8
S2140357B00125284604B0BDE8F0811FB1EBF7B0F829
S2140357C00028F2D0237A072B05D8DFE803F0172644
S2140357D02F381C17172126BB0398002835D13246CD
S2140357E0257A022D62D0032D64D0012D3BD0002FE5
S2140357F07FD1002503A803F0D9F9DAE703A803F05D
S214035800D5F90325D5E703A803F0D0F90625D0E795
S21403581003A803F0CBF98025CBE7E3685D88B542A0
S21403582009DA03A803F0C2F90725C2E7E3689A88F2
S214035830B242F6D35D88039840B9024609E0022EC9
S214035840EFDC039868B90246CAE7354603F033FA35
S21403585082B29319AB42C3DD03A803F0A7F90D2563
S214035860A7E70225F2E7E0680399063000233044F1
S21403587003F092F9002FBCD0237A032B39D103A867
S21403588003F094F900212046EBF730F868B3058857
S214035890617B3846FFF7B3FD01220346CDF800804F
S2140358A029463846FEF7DBFB002582E7E068B31897
S2140358B08380D9E7039B9A79D979891AC9B2481E96
S2140358C0012810D8134402291A7B04BF5B7B42EAE3
S2140358D00322237B32EA03038CD1617B0123384600
S2140358E0EAF7D4FDC6E70D2584E708F1FF35ADB228
S2140358F0CEE7039B00933A7F334641463846FEF78E
S21403590094FBD1E7884270B504460D46164611D877
S214035910012838BF01242046EBF72EF810B1438840
S214035920B34208D00134A4B22046EBF709F808B115
S214035930A542F0D20024204670BD70B50C4616462C
S2140359401D460146B8B1B3B1022C01D0102C12D1BA
S214035950E0B2EAF747FF4FF6FF718842024602D1EC
S21403596041F20A1070BD3046FFF7CCFF0028F7D08F
S21403597028800020F6E72120F4E707B50023ADF8DA
S2140359800400ADF8063001220DF10603022101A83A
S214035990FFF7D3FFBDF8060003B05DF804FBF8B5C8
S2140359A0441C0F461646A4B22046EAF7E5FF10B994
S2140359B0013CA0B2F8BD00F01AF90546304600F0E7
S2140359C0F2F820B1284600F0EEF80028F0D1304671
S2140359D000F0E2F820B1284600F0DEF80028E7D110
S2140359E00134A4B22046EAF7ABFF08B1BC42DBD9C8
S2140359F04FF6FF70DEE72DE9F04F87B00D460C88B3
S214035A0081469A4602208B88ADF8103004A990464A
S214035A10EAF7E8FEAB680090A888AF89059300F024
S214035A20BBF838B1102F05D105A8EAF7C1FE022846
S214035A3008BF02274FF6FF7B33E0009A2046FFF7A6
S214035A4061FF064680B3AA886988FFF7A8FF044665
S214035A503046FFF72AFD00B30DF10F030DF11202D6
S214035A6031464846FFF768FE9DF80F302BB1A8F87D
S214035A700060184607B0BDE8F08FBDF81220BA42A2
S214035A800BD1059901933A4602F093FC019B20B98A
S214035A90A8F80060AAF80040EBE75C4504D00134A0
S214035AA0A4B26988A142C8D80A23E2E708B5EAF790
S214035AB063FFBDE8084000F09AB838B505460846C7
S214035AC0EAF75AFF044610B94FF6FF7038BD0DB912
S214035AD06088FBE7EAF724FF0028F9D1F4E770B5FE
S214035AE0044642F60520FFF748FFB0B10021FFF752
S214035AF02BFD054601462046FFF781FC102206468D
S214035B00002104F1310002F07EFC3246294620468D
S214035B100023BDE87040EAF7B9BC70BD7FB5044604
S214035B200D4610220021684602F06DFC0026AB5796
S214035B305A1C1BD031462046FFF761FC002B194642
S214035B4004AAB8BFD91C02EBA10100F00302584215
S214035B5000F0030003F0030358BF43425B0002FA5E
S214035B6003F311F8102C134301F8103C0136402EB2
S214035B70DDD16B4604F1310504AE1A4603CAB242C0
S214035B8028606960134605F10805F6D1204604B07F
S214035B90BDE87040FFF743BCA0F5205001288CBF3A
S214035BA000200120704742F60303C31A58425841A7
S214035BB0704708B5030409D4EAF7E0FDA0F52050C2
S214035BC080B201288CBF0020012008BD0020FCE71E
S214035BD0020408B507D4EAF7D1FD42F60303C31A55
S214035BE05842584108BD0020FCE7C00B70470346E7
S214035BF04088B3F90230002B01DBEAF7BFBD002073
S214035C00704708B5FFF7F3FFA0F5205080B20128D0
S214035C108CBF0020012008BD13B58B7901910B447E
S214035C2004461B7B13F001000A460AD01D2B0AD13B
S214035C3001211E20FEF795FF01462046FEF7E9FFE9
S214035C40012002B010BD01A802F0B0FFF8E710B5BE
S214035C5004468069143002F0A9FFA069BDE810402D
S214035C60183002F0A3BF2DE9F04105460F4614464F
S214035C701E46FFF7ECFF23463A4608210020D5F8D8
S214035C80188003F083FAAA69C8F81400536923B18D
S214035C90548116820020BDE8F0811A20FBE770B518
S214035CA00446084603F007F8A1698A894D8986B237
S214035CB012B1521B96420CDA6389581E80B225B97C
S214035CC00A78082A04BF043B98B2831B58425841FB
S214035CD070BD0020FCE730B504468DB054F80C0BBD
S214035CE09DF8405090F870008DF8040042EA014297
S214035CF0029219462A4603A8079502F09EFB01AABC
S214035D0040F20241204602F086FE0DB030BD10B5CB
S214035D1050F80C4B86B094F87040ADF80E10ADF802
S214035D20102040F2064103AA01938DF80C40059318
S214035D3002F071FE10B901A802F038FF06B010BDDC
S214035D4037B504460D46FFF782FF204640F2094169
S214035D50FFF74BFAA369204600221A7050F80C3B53
S214035D60019593F870308DF800306A4640F207418B
S214035D7002F051FE03B030BD13B501910021044675
S214035D8001F098FB042200230DEB02012046FFF7E7
S214035D906AFF02B010BDF0B5044685B00F461E4636
S214035DA0154652B983691B78072B30D0082B14BFCE
S214035DB015460925002E18BF0D250A9802F07BFF0D
S214035DC0A3699A894AB15B8981B2D21A914204DDEA
S214035DD092B2891A0AA803F010F8204601AA50F8CE
S214035DE00C3BADF8067093F870308DF8043040F233
S214035DF005410A9B8DF80850ADF80A60039302F03C
S214035E000AFE10B90AA802F0D1FE05B0F0BD0B25B4
S214035E10D0E7B0F80AC0ACF1020C9C452DE9F0417E
S214035E2005460E4617461C4603DDBDE8F04101F065
S214035E30ECBA83692246198100233946FFF713FF1C
S214035E40044658B9AB6902460E333146284601F07C
S214035E50F7FA044610B12846FFF7F9FE2046BDE8D8
S214035E60F0812DE9F0438FB0202A054603911746AB
S214035E701C460BD941F2041421462846FFF760FF5F
S214035E8003A802F093FE0FB0BDE8F083002B46D1C3
S214035E900846A2F1060802F00EFF5FFA88F81FFA1A
S214035EA080F94FF6FF764C4510D3AB69DA88B242D9
S214035EB039D942F60203ADF81430711C022300935D
S214035EC089B205AB284601F049FA25E023463A464F
S214035ED0039906A802F060FEAB69BDF818609A88BD
S214035EE0B242C7D8DA88B242C4D3BDF81A10BDF896
S214035EF01C20B8F1000F09D0CDF800800DF11E0369
S214035F0028463C44FFF7E7FEA4B2CCE79E801981FF
S214035F105A81284601F03BFA04460028B0D041F2E5
S214035F200A139C42A8D10024A6E72DE9F04796B0B1
S214035F301C46836901921B78062B064603D0102B5A
S214035F4060D001A81CE001291046039214BF4FF04D
S214035F5010084FF00208002C4CD102F0ACFE08F1FA
S214035F60020987B24FF6FF75A7420ED8B369DA88DF
S214035F70AA4237D8002421463046FFF7E1FE03A89D
S214035F8002F014FE16B0BDE8F08723464A4603998E
S214035F9004A802F001FEB369BDF810509A88AA421D
S214035FA02DD8DB88AB422AD39DF81330282BE1D0BB
S214035FB0B24642465AF80C3B0DF1120193F8703084
S214035FC08DF830300DA8ADF83250CDF844804C44EF
S214035FD002F033FA0CAA40F20441504602F01BFDCD
S214035FE0A4B2C1E7691C89B2304601F087F90446BA
S214035FF00028C4D041F20A139C42BBD0BBE741F24F
S2140360000414B8E701291046049214BF1227042784
S21403601084BB02F050FE42F6021885B24FF6FF71BB
S214036020A5420DD8B369DB888B4221D901314FF6DF
S214036030FF7289B2304601F061F90446A0B119E057
S214036040049923463A460CA802F0A6FDBDF8322072
S214036050BDF830109DF83330424507D1B2690223AC
S2140360600A323046FFF7D5FE04A889E7282B06D167
S21403607041F20A1421463046FFF762FEF4E73C4439
S214036080A4B2CDE7F0B587B0836903911B78022BE2
S2140360900546144653D108460491002A47D102F018
S2140360A00AFE4FF6FF7687B2A7420DD8A869C288C4
S2140360B0B2422BD8002421462846FFF741FE04A807
S2140360C002F074FD07B0F0BD04990422234605A828
S2140360D002F062FDAA69BDF814109088BDF8166038
S2140360E0814229D3D388994226D8864224D39E4216
S2140360F022D85069927A837900920C33034432464D
S21403610028460434FFF7E7FDA4B2CDE74369408988
S214036110019098790C300344711C009389B24FF4B4
S2140361202053284601F0FEF804460028C7D041F263
S2140361300A139C42BFD1BDE741F20414BBE703A890
S214036140BEE7F0B587B00546039117461C4653B91C
S214036150FFF7A5FD38B1039901232246284600F030
S21403616084F807B0F0BDA9690B78082B05D8062B71
S21403617044D8032B0FD003A83DE00E2BFBD1039B83
S2140361800593002C6DD1002B6BD009892246284637
S214036190FFF7BDFD59E00398059018B3ECB9837972
S2140361A04A8909890C331026034400962846FFF7CC
S2140361B092FDAB699988DA88914217D242F60203B8
S2140361C0ADF8103001310223009389B20DEB0603BC
S2140361D0284601F0C3F8044660B141F20A139C4214
S2140361E004D101E0002CF8D141F21F0421462846D1
S2140361F0FFF7A6FD05A802F0D9FCB2E703980590C1
S2140362007CBB70B302F057FD0FB386B2B7421ED203
S214036210394605A802F02CFF38B905A802F0C6FCDB
S2140362201A212846FFF78CFD9BE78379C2180233B1
S21403623091898371AB69F61B5B890090002228461F
S214036240B6B2FFF7A8FDB742E2D92146E9E7AA6945
S21403625053891189059A009228460022FFF79BFD71
S214036260F3E705A802F0A2FCEFE7F0B585B0064613
S21403627003911F46144632BB084602F01CFD054632
S21403628008B3B1690B784A89082B0BD8062B0BD9B0
S214036290039B09890093304613462246FFF77BFD8E
S2140362A0039401E00E2B19D0B1694B89EA1892B218
S2140362B0B2F5007F4A8117D82FB10989304601F01D
S2140362C077F8044628B10022234611463046FFF7E6
S2140362D038FF03A802F06AFC05B0F0BD039B0989EA
S2140362E03046FFF714FDDBE741F20414EBE773B522
S2140362F0836901911B78082B044615460ED8062B96
S2140363000ED9019E20463146FFF7C9FC2A460346AE
S21403631031462046FFF7A9FF02B070BD0E2BF0D022
S21403632001A802F043FCF7E730B587B08369039111
S2140363301B78092B0546144611D105915AB90091CD
S214036340134621460F22FFF726FD21462846FFF770
S214036350F7FC07B030BD05A802F028FCF5E703A854
S21403636002F024FCF5E72DE9F04F9FB0876903910F
S2140363703F78052F054616461C4604D8032F16D825
S21403638010D003A867E0082FFBD108461391002B13
S21403639000F0C28013A802F009FC21462846FFF746
S2140363A0CFFC01E0FFF75DFD1FB0BDE8F08F202AAC
S2140363B00846049148D8002B40F0A880571F02F0E7
S2140363C07AFCFFB21FFA80FA4FF6FF780DF11C0B2A
S2140363D0A24506D8AB69DA88424500F287800024D6
S2140363E034E02346324604990BA802F0D5FBAB698A
S2140363F0BDF82C809A88424526D8DA88424523D3AE
S2140364005969F1B9A946BDF82F2059F80C1B9DF818
S2140364102E3091F870108DF84C10ADF84E200DF11B
S21403642031013A4615A88DF85030199702F005F851
S21403643013AA40F20341484602F0EDFA3444A4B2EC
S214036440C6E75A89102A09D941F204142146284678
S214036450FFF776FC04A802F0A9FBA5E7002358463D
S21403646002F09AFBAB690DF13101102FCDE9051B44
S21403647093F80A902BD1B9F1020F34D105A8EAF7A5
S21403648097F90228DAD14A46DDE9051001F091FFB3
S2140364900028D3D12B46BDF82F1053F80C0B9DF8CC
S2140364A02E2090F870008DF84C00ADF84E108DF845
S2140364B0502059464A4615A80293CDF8649001F039
S2140364C0BCFF029B13AA40F203411846B4E7022F0F
S2140364D009D1B9F1100F06D106A8EAF769F902281F
S2140364E0ACD13A46D0E73A465846CFE742F60303DE
S2140364F0ADF84C3008F101010223009389B213ABC7
S214036500284600F02BFF04460028A3D041F20A13C6
S2140365109C423FF464AF99E759B90021AA69002366
S214036520938153811181139932462846FFF709FE5A
S2140365303AE702F0C0FB16B180B28642EDD1139A59
S2140365409379D118023389899371E7E72DE9F043EC
S2140365508FB01C46836903911B78012B05461746AB
S2140365605BD10846059102F0A6FB202F0BD941F21A
S214036570041421462846FFF7E3FB05A802F016FBA2
S2140365800FB0BDE8F083002C42D1059802F093FBD0
S214036590A7F104081FFA88F81FFA80F94FF6FF766A
S2140365A05FFA88F8A14505D8AB69DA88B24220D8E5
S2140365B00024DEE7059923463A4606A802F0ECFADD
S2140365C0AB69BDF818109A88BDF81A609142CED30D
S2140365D0DB889942CBD89642C9D39E42C7D8CDF81A
S2140365E0008007AB324628463C44FFF774FBA4B250
S2140365F0D8E74FF42053ADF81030711C02230093F4
S21403660089B204AB284600F0E7FE04460028B4D05F
S21403661041F20A139C42CBD0ABE703A8AEE78369EB
S2140366201B780A2B02D00F3B012B01D8FFF788BB40
S2140366307047F0B585B01746019383690A9E1A78AA
S2140366400A3A0446072A42D8DFE802F004413041FA
S214036650410441290198039002F02DFB85B203A85B
S21403666002F0A4FA26B131462046FFF785FB0FE079
S214036670A1697A194B8992B293420BD90A8201F126
S2140366800E032046098900F0DBFE01460028EBD105
S21403669005B0F0BD0121204600F00CFFF5E72EB94A
S2140366A01A8A0198BA420BD04FF48166019B039372
S2140366B003A802F07BFA31462046FFF741FBE7E7E3
S2140366C0DA89596902F002FB0028EDD1EEE701A84A
S2140366D002F06CFADCE738B5826913780D2B0446B2
S2140366E00D4612D00F2B01D00A2B12D1536933B1AA
S2140366F099790B4402F11400DD6802F057FA294633
S2140367002046BDE83840FFF78ABFBDE83840FFF7AC
S21403671017BB38BD07B5002300921B22FFF73BFBD0
S21403672003B05DF804FB07B5836959800092002324
S2140367301D22FFF730FB03B05DF804FB4B88052BE7
S21403674005D108880E288CBF002001207047002042
S2140367507047F8B505460F46164604210A22002060
S21403676002F0AAFC0246B8B184790C340319052159
S21403677000204FF0060CD870997002F804C013245A
S2140367801C715F7102245870D8719C711E81284653
S214036790BDE8F840E7F786BCF8BD73B50546104676
S2140367A001920C4602F087FA042186B2019802F0A1
S2140367B0C6FB024628B901A802F0F8F91A2002B06F
S2140367C070BD837901900C33C1184C80C6522146A4
S2140367D02846E7F767FC0020F1E72DE9F041064677
S2140367E08846174604210A22002002F065FC02466A
S2140367F0B8B185790C354319002405210620997014
S214036800DC70505501201871022098715C70304678
S21403681083F80580DC711F81E7F744FC2046BDE85A
S214036820F0811A20FBE7002070470020704707B569
S21403683001A8019202F0BAF903B05DF804FB7047B1
S214036840002070470F2070470F207047704710B521
S21403685088B0E8F703FD044600284AD090F8720093
S214036860022848D1A36813F4407F2AD094F87320F3
S214036870012A32D194F97500421C01D1D9052CD5D1
S21403688094F8743013F0010327D1CDE90133CDE931
S2140368900433CDE90633ADF80C30FDF7CBF9A36826
S2140368A088B9DA0519D5A06AE16A228E01AB03C35B
S2140368B01A80BDF8042004AB0DF106012046EAF762
S2140368C069F908B010BDDB05EDD494F9750001AB8A
S2140368D00A220221FDF796F9EBE7002345F2170299
S2140368E01946204600F0B4F9B0FA80F0400940009B
S2140368F0E7E72120E5E70220E3E738B545F21B0288
S2140369000C460B460021054600F0A2F930B92CB11F
S21403691021462846BDE83840EAF7B2BC38BD00F049
S214036920FEB900F0C7BC00F0D0BC10B504464C302E
S214036930FDF761F984F875002046BDE8104000F0C5
S21403694094BC10B50446FDF72DF902280DD194F832
S214036950733094F97000012B14BF0521032184F8CA
S2140369603210BDE8104000F0C8BCA36843F40073BF
S214036970A36010BD00F08EB938B503783E2B0446ED
S2140369800D4604D18378052B02D0ED2B0FD038BDEE
S214036990B0F80300E8F754FC20B1B4F80D10621DFC
S2140369A000F018FA2846BDE8384002F0FFB8B0F801
S2140369B00300E8F745FC0028F4D0B4F80D1004F102
S2140369C00F03621D00F009FAECE72DE9F04188B0E9
S2140369D06B4614460D46024600F1100C1E46106820
S2140369E051681F4603C7083262453B46F7D110215C
S2140369F0304602F0E0FB04AB224604F1100798464B
S214036A00106851681C4603C40832BA422346F7D1BD
S214036A101021404602F0CFFB1020F7F785F8074613
S214036A20F9F793F9802241463846F9F798F9044670
S214036A3010BB2B46324601213846F9F7FCF90446CB
S214036A40D0B91021284602F0B6FB1021304602F0DA
S214036A50C0FB3846F9F77DF94046102102F0B9FB32
S214036A603046102102F0B5FB39461020F7F77EF8C2
S214036A70204608B0BDE8F081214640F20740EAF719
S214036A801DFCE2E708B51046F7F7E4FA003818BF2E
S214036A90012008BD10B545F21A01044601F058FF5F
S214036AA0204647F23053BDE81040002245F21A0153
S214036AB0F6F714BFF7B504460D4616461F460220E2
S214036AC0D7F786F92146CDE900672B468022D9F70A
S214036AD06FFD044620B1014640F20740EAF7EEFB9D
S214036AE0204603B0F0BD10B50A4604460821002030
S214036AF002F0E2FA10B1837903441C7310BD38B573
S214036B0005460C460D201121FFF7EDFF024688B11E
S214036B108379034421460D3304F1100051F8044BE6
S214036B2043F8044B8142F9D128460621BDE8384094
S214036B30FFF733BE38BD38B505460C460420112191
S214036B40FFF7D1FF024688B18379034421460D330C
S214036B5004F1100051F8044B43F8044B8142F9D179
S214036B6028460621BDE83840FFF717BE38BD38B5BE
S214036B7005460C4603201121FFF7B5FF024688B1F0
S214036B808379034421460D3304F1100051F8044B76
S214036B9043F8044B8142F9D128460621BDE8384024
S214036BA0FFF7FBBD38BD37B5002205460821104662
S214036BB002F082FA0446C0B10C2301220DF107014C
S214036BC08DF8073002F0B5FA296C2022543120469E
S214036BD002F0AFFA296C20227431204602F0A9FA9B
S214036BE0224606212846FFF7D8FD03B030BD08B578
S214036BF0D0B2E8F733FB28B190F8773003F07F0381
S214036C0080F87730012008BD70B50546EAF79AFC90
S214036C100C4606460A46284645F20101B0472B6C49
S214036C2003B11C603246284623464FF4A041BDE814
S214036C307040184770B51546044638B1EAF782FC2B
S214036C402A4603462046BDE870401847022070BD1A
S214036C50114608B51A4621F00041FFF7EBFFB0FADC
S214036C6080F0400908BD08B50B4601461846F7F7FD
S214036C70F1F9003818BF012008BD10B504460068B6
S214036C8038B11A2102F0A5FA2068F7F75FF9002356
S214036C90236010BD10B50446EAF79AFB04F13400EE
S214036CA0FFF7EBFFA3685A0606D523F04003A3605D
S214036CB000212046E7F7C4F9206C38B1042102F01E
S214036CC088FA206CF7F742F90023236410BDFF28E7
S214036CD038B50C4615460BD00B461022062140B29B
S214036CE0FCF790FF102815D1002005B1286038BDA9
S214036CF00A4637201021E5F7AFFF0028F4D010210D
S214036D002046FFF7B0FF38B9224610213720E5F7B3
S214036D1085FFEAE72120E8E740F20740E5E730B5DC
S214036D208DB00D46002208A9FFF7D1FF044648BBE5
S214036D3001460D220DF1030001F065FBB5F80320B3
S214036D406B79ADF8002004A908AA68468DF80230CE
S214036D50FFF73BFE40F20343BDF810202A800028CD
S214036D6018BF1C469DF81230AB701021684602F01F
S214036D7030FA10210DEB010002F02BFA102108A8BF
S214036D8002F027FA20460DB030BD38B50446C51CC0
S214036D9003212846FFF767FFC8B9E27863797AB913
S214036DA022791A43F4D003F07F0343F04003637160
S214036DB05323A3712146FF20BDE83840FFF7AFBF3A
S214036DC0FF2AF0D122791A40FF2AE1D0EBE740F2FE
S214036DD0074038BD0021E7F733B9F8B51D46836889
S214036DE05B0604460F4616462DD41A2002F02DFAEB
S214036DF00146606320B92046BDE8F840E7F720B9AE
S214036E00034605F1100123F8027B3268C0F802201E
S214036E1072685A60636B2A460A3352F8040B43F8C7
S214036E20040B8A42F9D11021284602F0D2F9A3684E
S214036E3043F0400213F4407FA26004D02046BDE82E
S214036E40F840EAF721BCF8BD2DE9F0419CB01546A1
S214036E50239F08AA1C4606460B4601F1200E9046C1
S214036E60186859689446ACE80300083373456246CD
S214036E70F6D12021404602F09EF910AB2A4605F1D2
S214036E80200E9C46106851681D4603C5083272459D
S214036E902B46F7D16046202102F08DF9229B18AAD3
S214036EA003F1100E944618685968154603C508334F
S214036EB073452A46F7D16046102102F07CF904AAEE
S214036EC0234604F1100C154618685968144603C483
S214036ED0083363452246F7D11021284602F06BF9A2
S214036EE06B46502241462846FFF7E4FD1021044630
S214036EF0284602F06EF95021404602F06AF934B192
S214036F0008213046EAF784FC1CB0BDE8F081039BF9
S214036F103B603846042102F04EF96846102102F021
S214036F2058F9224645F214013046FFF783FEEBE795
S214036F302DE9F04796B0DDE922971D46DDF89080EF
S214036F4005AB06460C4602F1100A9E4610685168C9
S214036F509C46ACE80300083252456346F6D17046B9
S214036F60102102F028F909AA2B4605F1100E9446C3
S214036F7018685968154603C5083373452A46F7D17A
S214036F806046102102F017F91E9B0DAA03F1100E9E
S214036F90944618685968154603C5083373452A4648
S214036FA0F7D16046102102F006F99DF87C308DF883
S214036FB044309DF880308DF845309DF884308DF848
S214036FC0463099F80630D9F80000129083F008038B
S214036FD0C3F3C0038DF847300621B9F80430ADF883
S214036FE04C3012A802F0E7F8BB7983F00803C3F32A
S214036FF0C0038DF84E303B68CDF84F300621BB8872
S214037000ADF853300DF14F0002F0D5F801AA234630
S21403701004F11007154618685968144603C4083364
S214037020BB422246F7D11021284602F0C4F8434655
S214037030412205A92846FFF73DFD102104462846B0
S21403704002F0C7F8412105A802F0C3F834B10821BD
S2140370503046EAF7DDFB16B0BDE8F0874046102160
S21403706002F0A9F8224645F213013046FFF7E2FD87
S214037070F1E72DE9F0411D46069B90F87380044620
S2140370800F46164653B110211046FFF7ECFD28B104
S21403709020460821BDE8F041EAF7BABB236C013E5F
S2140370A0DA1C681E133312F8011F16F801CF9A4232
S2140370B081EA0C0100F8011FF5D13A462946284615
S2140370C0FFF783FC0028E3D1B8F1020F0CBF0023BF
S2140370D006232B4404F1590204F15F0012F8016FF2
S2140370E01978904281EA060103F8011BF6D1B8F13C
S2140370F0020F14BF002306232B4404F1520204F1AB
S214037100580012F8016F1978904281EA060103F8D5
S214037110011BF6D13A4629462846FFF756FC024697
S2140371200028B5D1204645F21001BDE8F041FFF72F
S21403713081BD2DE9F04196B015461D9F05AA1C4654
S21403714006460B4601F1200E904618685968944689
S214037150ACE80300083373456246F6D12021404667
S21403716002F029F80DAB2A4605F1200E9C4610685E
S21403717051681D4603C5083272452B46F7D12021B8
S214037180604602F018F8AEB3336C93F87931013BDE
S214037190022B2FD89DF8703043F0800301AA8DF898
S2140371A0543004F1100C23461546186859681446E3
S2140371B003C4083363452246F7D11021284601F05D
S2140371C0FAFF3B46412241462846FFF773FC10214F
S2140371D00446284601F0FDFF4121404601F0F9FF31
S2140371E054B11EB108213046EAF712FB204616B00A
S2140371F0BDE8F0810023D1E71021384601F0DBFF1C
S214037200002EF3D0224645F211013046FFF712FD59
S214037210ECE7ECF7C7B8B1F5A04F70B504460D46DA
S21403722016460AD045F20603994216D03246294638
S2140372302046BDE87040EBF71DB9836843F0800332
S214037240836090F87330012B03D1BDE87040EAF7F2
S2140372502FBFBDE87040EBF75FB993791344597CB1
S21403726041F49051EAF70CF8E0E710B50023036405
S214037270044690F97500431C13D0E5F7DBFF08229C
S21403728004F1100394F975001146FCF7BBFC94F95E
S2140372901330012B07D194F8743043F0020384F8BB
S2140372A07430002010BD022BFBD194F8743043F0E9
S2140372B00A03F4E74B88062B05D1088841288CBFC0
S2140372C00020012070470020704707B58B79019195
S2140372D00B440A46197C4B1E0D2B04D801F5A0411E
S2140372E00131FFF7A7FC01A801F060FC03B05DF8CD
S2140372F004FB7047002070477047704770B504461C
S2140373000E461546052100220420FDF72AFC0146F9
S21403731018B1A0F80160A0F803502046BDE87040FD
S214037320FDF777BCF7B51D46002300930446BDF86A
S21403733024300F4616460721089A0620FDF735FC2B
S214037340014628B1A0F80170A0F80360A0F8055024
S214037350204603B0BDE8F040FDF75BBC73B51546A9
S2140373601A460023009304469DF818300E4608205C
S2140373700521FDF71AFC014618B1A0F80160A0F834
S2140373800350204602B0BDE87040FDF742BC38B556
S214037390002204460D460A200321FDF7E2FB0146C0
S2140373A008B1A0F801502046BDE83840FDF731BCCF
S2140373B070B504460E461546052100220C20FDF73F
S2140373C0D0FB014618B1A0F80160A0F80350204690
S2140373D0BDE87040FDF71DBC73B515461A4600237D
S2140373E0009304469DF818300E4610200521FDF73D
S2140373F0DCFB014618B1A0F80160A0F80350204654
S21403740002B0BDE87040FDF704BC73B54489033C85
S214037410A4B2A3420E464FF00001009105464FF07A
S214037420030128BF23461220FDF7BFFB014608B120
S214037430A0F80160284602B0BDE87040FDF7E9BB3E
S2140374402DE9F34198468369054658690F46164663
S21403745001F031FC6C89053CA4B280B2844228BF9B
S2140374600446A8692146143001F002FE009048B194
S21403747005220821002001F01FFE019030B968465E
S21403748001F094FB1A2002B0BDE8F081009901A830
S21403749001F073FC019A93790C33D1181620D0545B
S2140374A0A8F800402846A1F80170A1F80360FDF78C
S2140374B0B0FBE8E738B5002204460D461820022143
S2140374C0FDF74FFB014600B145702046BDE8384046
S2140374D0FDF79FBB70B5857904460C35461901F058
S2140374E0EAFB625D431E013A9BB21C2A10D8DFE812
S2140374F002F0110F160F180F290F2F0F400F400F12
S214037500400F330F250F0F0F390F250F3E0F3E0089
S214037510002070BD042B14BF01200320F9E7022BC3
S214037520F9E743B37278022A0AD0012A23D102224A
S214037530013B0232B3FBF2F102FB1133002BEAE705
S2140375401022F5E713F0030F14BF01200320E0E732
S2140375508BB17278013BEDE76BB17278032A0AD9D7
S214037560013BE7E7042B34BF01200320D1E7022BBE
S214037570F9E70320CDE70120CBE702464FF0FF30C3
S214037580EDF7E0BF07B5042201910DEB0201F9F711
S21403759033F803B05DF804FB38B50446251DDAF767
S2140375A0A9FE00212846FFF7EDFF012104F108009C
S2140375B0FFF7E8FF08212846FFF7DFFF01462046CE
S2140375C0FFF7E0FF002038BDC0F30A030833B3F526
S2140375D0006F06D280884FF6FF73C31A584258418D
S2140375E0704701207047F8B50D4617461E46EDF75F
S2140375F04FFD044638B905B12870002340F21C40FD
S2140376003B703460F8BD15B1C3881B0A2B70A37991
S21403761000200834F4E708B5084680B24FF6FF7139
S214037620EDF76AFD002008BD022070470020704772
S214037630012070470020704700207047704737B519
S214037640044601A80D46F3F72DFB01A8FFF7F6FF46
S21403765001A920468DF80650EEF70EF803B030BDAC
S21403766008461146EEF7ECB87047431E012B03D9C4
S214037670031F58425841704701207047EFF726B959
S2140376804FF4A472002100F0BEBE013001D1F0F722
S2140376902FB90120704710B50021044600F083F887
S2140376A02046BDE81040F3F73FBAF2F78BBEF2F779
S2140376B08FBEF8B505460E46EEF784F8D5F88C303F
S2140376C07BB15B696BB1F0F7CDF9D5F88C305B69AC
S2140376D01B1A584240F26B124FF042015841EEF724
S2140376E067FAF76800224FF6FF734FF0240CD0B208
S2140376F0B84208D31C4621462846EEF7F3F9EFF7BF
S21403770033F92046F8BDB1680CFB0011CC899C42C6
S21403771002D2002CEFD023460132E8E7EEF7E2B9B7
S214037720008B70470A7838B505461046FFF79DFF6D
S21403773060B14C782046FFF798FF38B122435307D1
S21403774004D42846BDE83840F2F762BE012038BDAF
S214037750FFF7E8BF10B504460878FFF786FF58B171
S2140377604A781046FFF781FF30B1042A04D020463A
S214037770BDE81040F2F784BE012010BDFFF7EABF54
S214037780F2F7A8BBF2F720BD70B504460D461646C1
S214037790EEF7A8F930B9324629462046BDE87040D0
S2140377A0F1F72EBB70BDF3F777BC70B516460C46E3
S2140377B0F8F722FD314605462046F0F71FFF04463C
S2140377C02846F8F71DFD204670BD38B504460D461D
S2140377D0F3F70EFBEFF784F8D4F8A0302BB929465D
S2140377E02046BDE8384000F09FBB022038BD38B5C0
S2140377F0044648880D46EFF773F8D4F8A0302BB943
S21403780029462046BDE83840F2F770BE022038BD50
S214037810EFF774B800F0BCBBEFF73CBC38B50546D1
S2140378200C46F8F7E9FC2B6B1C40EB6A2343EB6230
S214037830F8F7E6FC211E18BF01210020490238BDD7
S214037840F3F740B9F2F750BC00F0D9BB00F0F8BB31
S21403785008461146EEF75EBFF2F768BF00F0ACBB12
S21403786038B50446154609B100F008FC25B1204694
S214037870BDE83840F3F754B838BD0846EFF788BF7D
S21403788010B5044600F08BF820B92046BDE810403A
S214037890EEF76CBA10BD00F0CAB9EFF7D1BE2DE90A
S2140378A0FF41984604460E461746F8F7ACFC0546D5
S2140378B02046FFF7E5FF0A9B02930023CDE90083EA
S2140378C03A4631462046EEF79FFA04462846F8F72E
S2140378D0A0FC204604B0BDE8F08138B50446F8F7AE
S2140378E092FC05462046FFF7CBFF2046EEF76AFAE2
S2140378F004462846F8F78DFCB4FA84F0400938BDF0
S21403790038B50446F8F77FFC05462046FFF7B8FF70
S214037910204600F053F804462846F8F77AFC20463B
S21403792038BD38B50446F8F76EFC05462046FFF723
S214037930A7FF204600F048F804462846F8F769FCF7
S214037940204638BD70B504460E46F8F75CFC05467F
S2140379502046FFF795FF31462046EEF7A3FA044686
S2140379602846F8F756FC204670BD07B513468DF833
S2140379700710002219460DF1070000F0D9F803B0EE
S2140379805DF804FB084611461A4600F0D1B80120FC
S21403799070470120704700F02DBC00207047EEF7BB
S2140379A01DB910B5F8F72FFC044600F015F8EEF7EE
S2140379B03BF92046BDE81040F8F72BBC08B5024655
S2140379C0EEF70CF9507D08BD08B50246EEF706F94A
S2140379D0507D80F0010008BD00F029B9F2F77ABCAB
S2140379E000F082BA437C03B108470220704710B503
S2140379F0044600F0C6FB20460321BDE81040F2F71C
S214037A00C3BAFFF7F4BF437C0BB1F3F763BC0220A2
S214037A107047437C0BB100F0B2BB0220704738B509
S214037A20447C0D46BCB1053C012C8CBF00240124CC
S214037A304968224600F0AEFB286890FAA0F0000AD8
S214037A40F0F750F9A97A2889224681F00101F3F765
S214037A5065FC002038BD0220FCE71FB5CDE9001207
S214037A60ADF8083069469DF818308DF80A30FFF7F0
S214037A70D6FF05B05DF804FB002070470020704772
S214037A802DE9F74F1C469DF830300193036803F049
S214037A900703063301259D400646174605F1FF38C2
S214037AA00B46A1B1416804EA080BA5EB0B0A41F0AB
S214037AB00059524509EB0B0114D95246184600F0FB
S214037AC0BCFC7A1B5A444946504400F0B6FC019B62
S214037AD02BB13C4448EA050804EA0804F46003B002
S214037AE0BDE8F08F1846F0E737B500250095144635
S214037AF0FFF7C6FF204603B030BD026802F0070258
S214037B00063201239340026AC2F30C028A4210B57E
S214037B1084BF4468C26803F1FF3388BF89189BB2E9
S214037B2085BF44F0005019404FF0FF30405C10BD55
S214037B3070B50E461546044608B9002070BD007899
S214037B40EEF724FF58B11EB12078EEF7C9FF307068
S214037B501DB1207800F032F828700120EEE7237874
S214037B600E2BEAD10EB1FF233370002DF5D0FF2381
S214037B702B70F2E738B50D6804462846EEF782FE0A
S214037B80D4F8903043B15B6933B1013504BF6FF06D
S214037B9001020A600A681A60002038BD38B50D462F
S214037BA00446EFF75FFFAC4042F2107364095C4390
S214037BB06423B0FBF3F0B4FBF0F038BD022807D023
S214037BC0062807D0003818BF01204042C0B27047CD
S214037BD0012070470020704730B51F23B0FBF3F336
S214037BE05D1CEDB24FF0FF34C3EB4313AC40C01A39
S214037BF0E4430130E4B2C0B21460086030BD70B52F
S214037C0005460E46C0B201F00F01FFF7C7FFC6F3E5
S214037C1003110446C5F30720FFF7C0FFC6F303218D
S214037C200444C5F30740FFF7B9FF204470BD08B509
S214037C30EFF794FCBDE80840EFF7CEBC10B504465A
S214037C40EFF78CFC844288BF01F1FF31204601F038
S214037C500301BDE81040EFF7BFBC38B50446FFF795
S214037C60E6FF0546FFF7E3FF431BA342FAD338BDFF
S214037C700020704700F03003202B10B513D110F40A
S214037C80E02FC0F302440AD010F4C01FC0F3C4238D
S214037C90B3FBF4F418BF6400052C0ED86408EFF7A2
S214037CA095FF604310BDC0F382136FF012041C41AE
S214037CB004F00104C4F10204F1E70424EFE700EB47
S214037CC08023C0EB831353FA81F303EB8322C3EBC6
S214037CD08213C1F30722134403EB8322C3EB8213FD
S214037CE0C1F30742134403EB8322C3EB821303EB74
S214037CF01160704738B50D46144604B938BD55F8BB
S214037D00041BFFF7DCFF013CF7E72DE9F0470C46C1
S214037D1069B1CB1CB3F5002F09D24FF0000841F62A
S214037D20F87654F828104B1C4FEA880901D1BDE8B1
S214037D30F087FFF7C4FFC1F30263012B08F10107C5
S214037D40C1F30745844614D18BB2F31AB5EB930FF0
S214037D504FEA930A0DD909F1040152462144FFF76D
S214037D60C9FF08F10208013D844608EB0A07A5EBA4
S214037D700A052A4604EB87016046FFF7BBFF07EBBD
S214037D800508CEE7F8B50446002850D000F11F03D7
S214037D90B3F5002F05464AD2EFF7F0FF217FA28BFB
S214037DA000EB8023C0EB83130B4403EB8321C3EB6D
S214037DB0811303EB122304F1180618462968FFF70C
S214037DC07EFF2A7803469AB9696861B1CA1CB2F580
S214037DD0002F08D26A7852000132FFF78BFF034662
S214037DE00835B542E9D1A069C31A58425841F8BDCF
S214037DF0012AF8D168680028F5D0421CB2F5002F96
S214037E00F1D2E978AA78891A01310029E8D030F846
S214037E10027B03EB8322C3EB821353FA87F303EB52
S214037E208322C3EB821303EB17230139EDE700200C
S214037E30DDE710B5044651B10B6843B15B6833B157
S214037E401A68032A03D99C6A640E204610BDF8F705
S214037E50D3F901462046F0F703F904460846F8F737
S214037E60CFF9F2E738B14FF47A735843A0F6AC5023
S214037E70401AF0F73BBA4CF25030FAE7F1F7ACBAD7
S214037E80F1F7AABAF1F7A8BAF1F7A6BAF1F7A4BAC6
S214037E907047436B03F06003402B0DD0602B03D079
S214037EA0203B58425841704749B10B68012B06D90D
S214037EB0486940F00100704740F201107047002007
S214037EC07047034670B10268022A0BD9426A12F45D
S214037ED07F4FC2F3072006D01B6AD2B25A43B2FBC7
S214037EE0F0F07047002070470220EFF721BBD0F870
S214037EF094304BB11A68022A06D993F8250028B1A4
S214037F001B6AB3FBF0F07047FFF7CFBB704708B5AB
S214037F100146D0F89400FFF7D4FF20B9BDE8084027
S214037F200846FFF7C4BB08BD10B590F8D0300E2B3B
S214037F3004462BD00175D0F8900020B3D4F8A030B7
S214037F404BB994F8D9308B420BD320460022BDE8B8
S214037F501040F2F725BBB4F92420B0F912309A4248
S214037F60F3DD94F8D91000222046F2F719FB60B926
S214037F70C4F890002046FFF7D3FB01462046BDE831
S214037F801040EDF7AFBDFF23637510BD0220FCE77D
S214037F900346D0F8D0000860B3F8D4308B800020B6
S214037FA0704790F8D0300E2B14BF407DFF207047EB
S214037FB04FF48071F1F76EBE70B50D460646F2F7C4
S214037FC00DFA0446707C0538012821468CBF002034
S214037FD00120F0F7D9FA02460220A87174B1B2F56F
S214037FE0803F0BD863094FF2244101FB02302B6814
S214037FF02409B0FBF4F01B1A2B60002070BD3F2B46
S214038000084610B5114619D9B3FA83F3C3F119021A
S214038010D2B2062A01D8192B0ED0062A28BF06226A
S214038020931DDBB201249C40A4B2A14228BF214683
S214038030EEF788F9204610BD0022F1E70024F9E7A1
S21403804013883F2B10B5084616D9B3FA83F3C3F14A
S2140380501901C9B2062901D8192B0BD0062928BF46
S21403806006218C1DE4B20123A3401380EEF788F9A2
S214038070002010BD0021F4E70120FAE7F1F714BE53
S21403808010B5084614460121EFF7FAFC20460121F5
S214038090BDE81040EFF7F4BCF8B504460E461746A5
S2140380A0F8F7AAF83A4605463146204600F0ACF8FB
S2140380B004462846F8F7A4F82046F8BD0220704781
S2140380C003207047EFF72CBA10B5F2F7A1FE04466B
S2140380D008B9F0F787FE204610BD38B504461D469E
S2140380E0F2F796FE28B929462046BDE83840F0F751
S2140380F049BF38BD38B50446817515464AB100F008
S2140381007EF808B9002016E0237C43F0800323742E
S214038110F8E70846EEF7C4FFFF28A07508D0204608
S21403812000F06DF80028EDD0237C65F3C713EEE767
S214038130EFF70CF8012038BD70478021F1F7AABD90
S21403814038B50546F1F73AFF04462846F1F714FF1B
S214038150072811D1D5F89030DB6924F47F4121F04C
S214038160080103B15B7841EA032141F02001284668
S214038170BDE83840F1F728BF24F02001F7E70320D5
S214038180704710B50446F3F78FF82046BDE8104055
S214038190F3F746B8D0F8E0308B4270B504460D4688
S2140381A0164603D190F8DC30202B1AD0EA071FD5E9
S2140381B0002E14BFAA23552393FAA3F31B0B03F431
S2140381C0702395FAA5F243EA12432364202384F826
S2140381D0DC300023C4F8E050C4F8E4302046F2F75D
S2140381E087FA324629462046BDE87040F2F7E0BFDC
S2140381F0AA23E1E7012070470020002170474021B1
S214038200F1F748BD00207047F7B505460F466846A8
S2140382101146F3F7CDF8064698B197B1DDE900317C
S2140382201B0A43EA0163A5FB0343090A05FB013561
S214038230EFF718FC0023024629462046F4F70CF90C
S2140382403860304603B0F0BD00228A4202D14FF0B8
S214038250FF30704750F8223093FAA3F30BB901327C
S214038260F3E7B3FA83F000EB4210704770B5A1FB57
S21403827002543CB92946F4F7B3FA064628B9002651
S214038280304670BD0C220260F9E72A46214600F00C
S214038290BAF8F5E72DE9F041804615460C4621B9B4
S2140382A0BDE8F0411146F4F79BBA2AB9F4F718FD76
S2140382B000242046BDE8F08100F0D5F88542064646
S2140382C002D8B5EB500FF4D829464046F4F788FA9F
S2140382D007460028ECD0B5422A46214628BF324638
S2140382E000F0ABF821464046F4F7FAFC3C46E0E7DC
S2140382F02DE9F8430746884614460026D4E9019537
S214038300B9F1010905D52468002CF7D13046BDE83C
S214038310F883AB89012B07D9B5F90E30013303D0A7
S21403832029463846C04706436835E9E710B50C4684
S214038330B1F90E10F4F77CFC0028ABBF636DA3897C
S2140383401B1823F48053ACBF6365A38110BD2DE9CE
S214038350F0411F468B89DB0505460C46164605D5B8
S214038360B1F90E1002230022F4F750FCA389B4F9E6
S2140383700E1023F48053A38132463B462846BDE8BD
S214038380F041F4F777BC10B50C46B1F90E10F4F7CC
S2140383903DFC431CA38915BF606523F4805343F457
S2140383A08053A38118BFA38110BDB1F90E10F4F753
S2140383B01DBC10B501390244904201D1002005E0EE
S2140383C0037811F8014FA34201D0181B10BD0130EA
S2140383D0F2E7884210B501EB020402D98442234631
S2140383E007D8431EA14208D011F8012B03F8012F2A
S2140383F0F8E7024401468A4200D110BD13F8014D46
S21403840002F8014DF7E702440346934200D1704752
S21403841003F8011BF9E710B5024614781346013238
S214038420002CFAD1013B11F8012B03F8012F002A87
S214038430F9D110BD7047704770470A44914200F166
S214038440FF3300D1704710B511F8014B03F8014F05
S2140384509142F9D110BD034613F8012B002AFBD134
S214038460181A0138704751F8043C181F002BBCBF7C
S2140384700B58C01870472DE9F0478E681F46BE425A
S2140384800B6882460C4690462DD8B1F90C2012F4A0
S214038490906F26D06569096905EB4505A3EB0109CD
S2140384A005EBD5757B1C4B446D109D4238BF1D46AE
S2140384B0530527D52946F4F793F9064660B3216991
S2140384C04A46FFF7BAFFA38923F4906343F0800379
S2140384D0A381266165614E44A5EB09052660A56068
S2140384E03E46BE4200D93E46206832464146FFF726
S2140384F070FFA3689B1BA36023683344236000209C
S214038500BDE8F0872A46FFF7C5FE06460028E0D1F9
S21403851021695046F4F7E4FB0C23CAF80030A3891C
S21403852043F04003A3814FF0FF30E9E79368013B34
S214038530002B10B4936008DA9469A34201DB0A297E
S21403854003D15DF8044B00F095B91368581C10600E
S214038550197008465DF8044B7047F8B506460F4693
S2140385601446D518AC4201D1002007E014F8011BCD
S2140385703A463046FFF7DAFF431CF3D1F8BD2DE940
S214038580F047164698468A680B69DDF820909342B2
S214038590B8BF1346336091F8432007460C460AB12A
S2140385A0013333602368990642BF3368023333606E
S2140385B0256815F0060506D104F1190AE368326842
S2140385C09B1AAB4226DC94F843302268003B18BF64
S2140385D0012392062BD404F1430241463846C8478A
S2140385E001301ED02368226903F00603042B02BF62
S2140385F0E5683368ED1AA3680CBF25EAE575002520
S2140386009342C4BF9B1AED1800261A34B5421AD1FA
S214038610002008E00123524641463846C847013049
S21403862003D14FF0FF30BDE8F0870135C6E7E11808
S2140386305A1C302081F84300224494F8451082F8EF
S21403864043100233C7E70123224641463846C8474C
S2140386500130E6D00136D9E7B1F90C202DE9F04117
S214038660170705460C4656D44B68002B02DC0B6CEA
S214038670002B3DDDE66A002E3AD0002312F480522A
S2140386802F68216A2B6025D0626DA389580705D50C
S2140386906368D21A636B0BB1236CD21A216AE66A3B
S2140386A000232846B047411C24D000236360236977
S2140386B02360A389DA0400D56065616B2F60B9B1C6
S2140386C004F14403994202D02846F4F709FB002339
S2140386D063630DE001232846B047461C0246D4D107
S2140386E02B68002BD1D01D2B01D0162B2BD12F603E
S2140386F000202FE02A68B4F90C3042B11D2A01D0BD
S214038700162A22D10023636023692360D5E76260BB
S21403871022692260CEE70F69002FE9D093070E681F
S21403872008BF4B690F6018BF0023A6EB07088B60D2
S214038730B8F1000FDCDD216AA66A43463A462846AE
S214038740B047002808DCB4F90C3043F04003A3819B
S2140387504FF0FF30BDE8F0810744A8EB0008E7E7D9
S21403876038B50B6905460C4613B90025284638BDAF
S21403877018B1036A0BB9F4F743F9B4F90C30002BBC
S214038780F3D0626ED00704D4990502D4A06DFFF728
S21403879052FE28462146FFF75FFF636EDA0705465B
S2140387A0E4D4A3899B05E1D4A06DFFF745FEDDE77E
S2140387B070B50C46B1F90E10002996B015461E4644
S2140387C00DDAA38913F0800F4FF0000114BF402386
S2140387D04FF48063002031602B6016B070BD6A468C
S2140387E0F4F75EFE0028ECDB019901F47041A1F575
S2140387F00053594259414FF48063EBE78B89F7B531
S2140388009D0706460C4607D504F1470323602361FC
S2140388100123636103B0F0BD01AB6A46FFF7C8FFEF
S214038820009F054639463046F3F7DAFF48B9B4F9F0
S2140388300C309A05EED423F0030343F00203A3811E
S214038840E2E7A389206043F08003A381019BC4E988
S21403885004075BB1B4F90E103046F4F733FE28B1C3
S214038860A38923F0030343F00103A381A3891D43D4
S214038870A581CFE7F8B50E461446054618B1036A38
S2140388800BB9F4F7BDF8A369A360A3891A0701D54A
S214038890236943B921462846F4F7ACFD18B14FF0D7
S2140388A0FF373846F8BD23682269981A6369F6B21B
S2140388B08342374605DC21462846FFF751FF00284A
S2140388C0EDD1A368013BA36023685A1C22601E7087
S2140388D06269431C9A4204D0A389DB07E1D50A2EBA
S2140388E0DFD121462846FFF73BFF0028D9D0D6E73D
S2140388F0430803F05533C01A00F03333800800F002
S2140389003330184400EB10104FF0013300F00F30F3
S2140389105843000E704710B5044678B1036A4169A0
S2140389206BB180689847207E0023102863616360DC
S21403893004D82146F5F71AF91123237610BD00292A
S214038940F1D08368002BEEDB0846F5F7FFFAEAE77B
S21403895007B5002301911A4601A9F4F74DFF03B0AA
S2140389605DF804FB1FB5002402949DF81C40019497
S214038970069C0094F4F7C6FE04B010BD13B5072496
S2140389800194049C0094FFF7EDFF02B010BD07B5F9
S21403899000230093FFF7F2FF03B05DF804FB0368C0
S2140389A00B60016070472DE9F041054600680E46EE
S2140389B01746002408B9BDE8F081D0E90083B34226
S2140389C00BD18368BB4208D154B9C5F80080C3688D
S2140389D0DB0701D5F5F7BAFA204604464046E9E731
S2140389E0C4F80080F3E7D1E90112FFF7DCBF0023E8
S2140389F070B51A46194604680546F4F7FDFE0CB929
S214038A002C6070BDE3682668DB0702D52046F5F7C1
S214038A109DFA3446F3E72DE9F8430E461746054616
S214038A2010B90020BDE8F8830468002CF9D0D4E917
S214038A300089A0683B4632462946C8470028F1D13C
S214038A404446F2E72420704738B5054614460A46DE
S214038A500021FFF7D8FC24F01C046B7944F01004C3
S214038A6043F004032C716B7138BD2DE9F74F1F4695
S214038A709DF8303000938A468046002850D000295F
S214038A8067D00C68002C66D04FF0000BE679A1790E
S214038A90761AF6B2BE4208D30C31394408EB020903
S214038AA02144F61B4546C84537E02068BF1BA3464E
S214038AB0002835D00446E9E7AB19994538BFA9EB3A
S214038AC0050632462846FFF7B8FC009B002B3DD030
S214038AD0E279A079F3B237BB1844A071E279A3799F
S214038AE027689A4232D1DAF80030A34208BFCAF8A0
S214038AF00070BBF1000F01D0CBF800702046F5F7ED
S214038B0097F83C4635444CB1A379E67903F10C015A
S214038B10F61A2144F6B200274D45CDD3A5EB08003F
S214038B2003B0BDE8F08F121AD2B2F918914209DAEF
S214038B300C302044D21BD21A014438440193FFF769
S214038B4048FC019BE279D31AE371C7E7A34624687E
S214038B50D8E70846E4E72046E2E710B5C479C4F14F
S214038B6045030246D8B2884228BF08460444D47157
S214038B7010BD38B50546C079C0F14504E4B2944249
S214038B8088BFD4B20C3022462844FFF756FCEB7954
S214038B902344EB71204638BD1FB503910021009195
S214038BA003A9FFF762FF05B05DF804FB38B504467A
S214038BB0206800B938BD0568F5F73AF82560F7E789
S214038BC010B501F0EC01034603B910BD1A7902F0A3
S214038BD013020A431A711A1A544254415A7964F317
S214038BE000025A711B68EFE710B558B101680268B6
S214038BF05AB1136823B15C79E40704D500241460E2
S214038C000360084610BD0360F1E71346F8E7034622
S214038C1058B10020DA7999791B68521A50FA82F013
S214038C201BB15A79D207F5D57047704770B50D4614
S214038C300446E8B186798E4203D3751A85710120FE
S214038C4070BDC27906F145039B1ADBB299420FD871
S214038C5006F10C010144921BA81BD2B20844FFF78D
S214038C60B8FB0023A371E3791D44AD1BE571E6E76A
S214038C700020E5E710B50C4698B191B18979E27901
S214038C80C379521AC3F14503D2B2DBB2934208D377
S214038C900C312144FFF76DFF2046F4F7C9FF01208E
S214038CA010BD0020FCE70346006818B102681A608E
S214038CB00023036070470346002003B97047DA7940
S214038CC099791B68521A50FA82F0F6E72DE9F84FA5
S214038CD0894614468246FFF7EEFF05464846FFF7E9
S214038CE0EAFFA542074601D3A04208D2BD4208D1F7
S214038CF00024A346A046264647B9384604E027463E
S214038D00F6E738D24FF0FF30BDE8F88F5EB99AF831
S214038D1006809AF80760A6EB080608F10C08D0440C
S214038D20DAF800A0F6B2BBF1000F0BD199F80640B3
S214038D3099F807B0ABEB040B0C344C44D9F800900D
S214038D405FFA8BFB5E45354628BF5D46BD4228BFAE
S214038D503D462A4621464046FFF72BFB0028D3D143
S214038D60A8442C447F1BEDB2761BABEB0505F6B28D
S214038D705FFA85FBC0E70120C6E703680BB901600D
S214038D8070471A461B68002BFBD1116070470368B7
S214038D9003B10B600160704739B10B461A461B6876
S214038DA0002BFBD1036813600160704770B504683D
S214038DB006460D4644B12046FFF77DFFA84211D86C
S214038DC0236813B9E379A37170BD20463360F4F7C3
S214038DD02FFF3468F4E7ED1A236833602046F4F770
S214038DE027FF3468002DEFD0A279E3799B1ADBB214
S214038DF0AB42F0D92A44A271E6E7F8B50668054601
S214038E000C4646B13046FFF756FFA0421DD83368DE
S214038E1013B9F379B371F8BD30462B60F4F708FF46
S214038E202E68F4E7064638460768002FFAD1C2795B
S214038E308379D31ADBB2A34202D9121BC271EAE7C3
S214038E40E41AF4F7F5FE3EB13760002CE3D0286849
S214038E500028E0D00026E7E72E60F6E7F8B50446DC
S214038E600F46BC4200D1F8BDA179E5796D1AEDB283
S214038E70C5F14506B6B20EB92468F2E749B10C311E
S214038E802A46214404F10C00FFF7A3FA0023E571F8
S214038E90A3712368BB42EFD05A79D207ECD49979F1
S214038EA0DD79A079E2796D1AEDB2B54200F10C00D6
S214038EB028BF354610440C312A4619442044FFF790
S214038EC0BCFAE379206853FA85F3E3718379761B5A
S214038ED053FA85F5C379EDB2AB42B6B2857103D1C9
S214038EE003682360F4F7A4FE002ED2D1C4E738B596
S214038EF00C46016809B9046038BD0D4609680029A7
S214038F00FBD1236823B12046FFF7A8FF2C60F3E7C5
S214038F1021462846FFF7AEFE0028EDD1F6E748B116
S214038F20002302794360036083604379027143F050
S214038F3004034371704700221146F4F7D5BE38B5D3
S214038F4004460D46FFF772FE98B984B12079FFF701
S214038F50F2FF58B1637942790460C3F3400363F3C5
S214038F60410245235D1B4271C371857138BD0120E3
S214038F70EDE72046FAE738B5036804460D469BB18D
S214038F801879FFF7D8FF88B1236803605B794279C5
S214038F90C3F3400363F3410245235D1B4271C37170
S214038FA085712060002038BD0120EAE71920FAE722
S214038FB038B50C46054640B3006830B309B90020FF
S214038FC038BD4AB9C9B2FFF731FE0028F7D12B687E
S214038FD09A799871A41A06E0452918D8C9B2FFF7FA
S214038FE025FE0028EBD1442C07D8002CE7D0E1B2AD
S214038FF02846BDE83840FFF7BEBF45212846FFF7A1
S214039000BAFF0028DCD1453CEDE72220D8E7212033
S214039010D6E72DE9F84390F8078090F80690A8EB7A
S2140390200907FFB2B94204460D4602D30020BDE845
S214039030F8830079FFF77FFF06460028F6D0A1796C
S21403904080790C317F1B29440C30BAB2214430445A
S214039050FFF7F3F9F3793B44F371E37999444D440D
S2140390602368A5EB0805E571012033602660DEE77B
S214039070F8B5076806460D463C46002305B12CB9ED
S2140390800BB100221A6034603846F8BDE379A27942
S2140390909B1ADBB2AB4207D8E379A2799B1ADBB201
S2140390A0ED1A23462468E9E7E9B22046FFF7B1FF45
S2140390B00028F1D10746E7E75318452B02DCC9B26F
S2140390C0F4F712BE00207047F7B5002605460F4694
S2140390D001960DB9019C09E0002211463846F4F7C3
S2140390E003FE044628B901A8FFF760FD204603B037
S2140390F0F0BDAB798371EA79C2716879617960F3FF
S2140391000001617169796079C1F3400161F341003F
S214039110D21A607103F10C002918D2B22044FFF76B
S2140391208CF9019B03B9019406B134602D68264679
S214039130CFE72DE9F8430D461446064610B319B398
S214039140DAB1034699461B68002BFBD12746C8466F
S2140391503A4629464046FFF70CFDC145A7EB0007F4
S214039160054418BFC9F8008037B1B17930790022B9
S214039170F4F7BAFDC14618B9E41B2046BDE8F883E8
S2140391808046E5E70446F8E70C46F6E737B51546A6
S214039190C9B200221C46F4F7A7FD019040B122464F
S2140391A02946FFF7C6FF844202D901A8FFF7FEFC53
S2140391B0019803B030BD10B5013903461A1A91421F
S2140391C000D810BD445C1A7803F8014B42540139A9
S2140391D0F4E701440023884200D1704700F8013BBE
S2140391E0F9E738B505460C4604B938BD013C55F8D1
S2140391F034305B68002BF7D09847F5E72DE9F0414C
S2140392000446002654F836302BB904F10408B3425A
S21403921003D100250FE00136F4E754F83320126833
S2140392205F1C5AB158F833009047054630B13946AB
S2140392302046FFF7D6FF2846BDE8F0813B46E6E723
S21403924070477047704770477047F4F761BE38B58C
S2140392500446FAF7BCFB054658B9C820E3F706F8F8
S214039260C82202212846E2F7C1FF8442A8BF04466B
S21403927024B22046E2F7FAFFFAF7A9FBBDE8384026
S214039280C8220221E2F7B2BFB0F90020B1F90030DC
S2140392909A422DE9F04704460D4648DCF6F7B3FF3D
S2140392A08046DDF7A7FF00283ED1E2F795FF82460A
S2140392B0FAF78DFBC8220221E2F798FFB5F90020E2
S2140392C047F6FF739A42814602D1E2F7A9FF288048
S2140392D0B4F9002047F6FF739A4202D1E2F79AFFE9
S2140392E02080B5F90000FFF7B2FFB4F900308342DF
S2140392F0C8BF20800746B4F90000E2F797FFF8F7E7
S21403930097F8064658B15046E2F790FF4846E2F70C
S214039310ADFF4046F6F77DFF3046BDE8F087E2F73F
S2140393205BFF20802F80F4E741F20C06F1E721264D
S214039330F2E700000000000000000000000000004C
S214039340F8B500BFF8BC08BC9E467047F8B500BF2A
S214039350F8BC08BC9E4670475FF800F02510002056
S21403936000000000000000000000000000000000F5
S21403937000000000000000000000000000000000E5
S2140393805465726D696E616C000000000000005445
S2140393905452205245474745530000000200000040
S2140393A0F093030003000000E893030004000000AA
S2140393B0E093030000000000000000004145532D29
S2140393C03235362D454342004145532D3139322D32
S2140393D0454342004145532D3132382D4543420023
S2140393E0BC93030010140400C89303001013030077
S2140393F0D49303001012020002000000C3EC020024
S214039400BFEC0200BBEC0200A5EC020093EC0200EA
S214039410512563FCC2CAB9F3849E17A7ADFAE6BC0E
S214039420FFFFFFFFFFFFFFFF00000000FFFFFFFF40
S214039430F551BF376840B6CBCE5E316B5733CE2B74
S214039440169E0F7C4AEBE78E9B7F1AFEE242E34FA3
S21403945096C298D84539A1F4A033EB2D817D0377C6
S214039460F240A463E5E6BCF847422CE1F2D1176B61
S2140394704B60D2273E3CCE3BF6B053CCB0061D65C0
S214039480BC86987655BDEBB3E7933AAAD835C65A49
S214039490FFFFFFFFFFFFFFFFFFFFFFFF00000000D0
S2140394A0000000000000000001000000FFFFFFFFB7
S2140394B0092040081C400000C4A203008CA203003D
S2140394C0A0A2030000A2030020A2030034A203000C
S2140394D0ECA2030070A203005CA2030000000000DD
S2140394E0D8A2030000000000B4A20300000000009E
S2140394F094A103000000000048A20300000000003F
S21403950050A203000000000014A2030050950300BD
S21403951000A303005295030084A20300000000008A
S2140395200000000000000000000000004E0C0000D9
S2140395300000000000000000209703000000000069
S214039540000000000400000000000000E2FF5000DE
S21403955001000400FB0001000000050000000002FB
S21403956000000300000001041040000108070F007C
S2140395700A00C8002000A000010000000000A000B0
S21403958068010A200706020A040700000002070013
S21403959000000F400000000000040F400100000020
S2140395A0C1059ED8367CD5073070DD17F70E5939BE
S2140395B0FFC00B316858151164F98FA7BEFA4FA484
S2140395C0006A09E667BB67AE853C6EF372A54FF586
S2140395D03A510E527F9B05688C1F83D9AB5BE0CD57
S2140395E019008000000000000000000000000000DA
S2140395F00000000000000000000000000000000063
S2140396000000000000000000000000000000000052
S2140396100000000000000000000000000000000042
S2140396200000000000000000000000000000000032
S214039630000000E1000301030303020000028000B0
S2140396400800020020000001400004000100100092
S21403965008060200040907030105000040787D019F
S21403966000000000005A620200010000C0CF6A003A
S21403967002000000809FD50002010000002D31018A
S21403968002020000010000000000000004000000C9
S21403969001000000080000000100000010000000A8
S2140396A001000000000100000100000000080000A7
S2140396B01D000000000200001D0000000004000062
S2140396C01D000000000001001D000000070000034D
S2140396D013B779FAC925DDB7ADF3CFE0F1B614B801
S2140396E00102000000000000FFFFFFFF2000000053
S2140396F00100000000000000000000000000000061
S2140397000000000000000000000000000000000051
S2140397100000000000000000000000000000000041
S214039720409703003B003B00EE9C0300150015002A
S214039730AE9C0300040004000200FFFFFFFF0000CE
S214039740010000000108FFFF00000000F09A03007C
S214039750020002000108FFFF0500000020001100C0
S214039760030011000008FFFF01000000AA0D0020FF
S214039770040014000308FFFF0300000002000000BB
S214039780050002000108FFFF0500000002001200AA
S214039790060012000108FFFF01000000B40D0020C0
S2140397A0070002000108FFFF050000000A0013007F
S2140397B0080013000308FFFF01000000CA0D002085
S2140397C0090000000108FFFF00000000F49A0300F0
S2140397D00A0002000108FFFF050000000A0003005C
S2140397E00B0003000308FFFF02000000D20D002059
S2140397F00C0002000108FFFF050000000200040041
S2140398000D0004000108FFFF00000000F89A0300A3
S2140398100E0000000108FFFF00000000FC9A030092
S2140398200F0002000108FFFF05000000020005000C
S214039830100005000108FFFF00000000009B030066
S214039840110002000108FFFF0500000002000600E9
S214039850120006000108FFFF02000000F60D0020BC
S214039860130007000108FFFF00000000209B030011
S214039870140002000108FFFF0500000002000800B4
S214039880150008000108FFFF01000000000E00207D
S214039890160007000108FFFF000000005C9B0300A2
S2140398A0170002000108FFFF050000000200090080
S2140398B0180009000108FFFF02000000080E002040
S2140398C0190007000108FFFF00000000909B03003B
S2140398D01A0002000108FFFF0500000002000A004C
S2140398E01B000A000108FFFF01000000180E0020FD
S2140398F01C0002000108FFFF0500000002000B0029
S2140399001D000B000108FFFF02000000260E0020CA
S2140399101E0007000108FFFF00000000BE9B0300B7
S2140399201F0002000108FFFF0500000002000C00F4
S21403993020000C000108FFFF020000003E0E00207E
S214039940210002000108FFFF0500000002000D00D1
S21403995022000D000108FFFF010000004A0E002050
S214039960230002000108FFFF0500000002000E00AE
S21403997024000E000108FFFF01000000520E002025
S214039980250000000108FFFF00000000E89B03001D
S214039990260002000108FFFF050000000A000F0072
S2140399A027000F000308FFFF01000000600E0020E1
S2140399B0280000000108FFFF00000000EC9B0300E6
S2140399C0290002000108FFFF0500000004000F0045
S2140399D02A000F000408FFFF01000000680E0020A5
S2140399E02B0000000108FFFF00000000F09B0300AF
S2140399F02C0002000108FFFF050000000200100013
S214039A002D0010000108FFFF01000000700E00206B
S214039A102E0000000188FFFF00000000F49B0300F7
S214039A202F0002000108FFFF050000000800008069
S214039A30300000800208FFFF01000000780E0020BF
S214039A40310007000108FFFF00000000069C03002A
S214039A50320002000108FFFF050000000800018035
S214039A60330001800208FFFF02000000840E00207E
S214039A70340007000108FFFF00000000349C0300C9
S214039A80350002000108FFFF0500000012000280F7
S214039A90360002800108FFFF02000000CA0E002005
S214039AA0370014000308FFFF030000000101000055
S214039AB0380007000108FFFF000000006A9C03004F
S214039AC0390000000108FFFF000000009C9C030013
S214039AD03A0002000108FFFF0500000008000380AB
S214039AE03B0003800208FFFF0700000000000000A1
S214039AF002000118020000180200000002000A1803
S214039B001E00506F727461626C6520456E657267E5
S214039B10792053797374656D732C20436F72702E9E
S214039B2039005468726565206368617220707365D6
S214039B3075646F206E616D65732061737369676EFC
S214039B406564206279205553455F20636F6D7069A5
S214039B506C657220646566696E652E003200436F1D
S214039B606E74726F6C6C657220626F6172642072C1
S214039B7065766973696F6E206E756D6265722028EF
S214039B8065783A207B7266687472322D7D32352989
S214039B902B0078782E78782E787878203C7374614A
S214039BA0636B2064657369676E3E2E3C75706772DF
S214039BB06164653E2E3C7570646174653E002800E2
S214039BC03C6D6F64656C49643E2D3C79796D6D64BC
S214039BD0643E2D3C303132333435363E20657820B2
S214039BE04350203D20303033020003180200021891
S214039BF00200041810000032A82E6A17E78CE84209
S214039C0089617990F4FE2B00526563656976657306
S214039C1020636F6D6D616E64206865616465727341
S214039C202066726F6D204E65766572666C616D6533
S214039C3041707000330052656365697665732073FF
S214039C40657474696E677320616E642073657475DA
S214039C507020696E666F2066726F6D204E6576653E
S214039C6072666C616D6541707000300053656E649A
S214039C7073206576656E747320616E6420726574F6
S214039C8075726E732073746174757320746F204ECF
S214039C9065766572666C616D654170701000F019CB
S214039CA021B4478FA4BFA14F63FDEED6141D003227
S214039CB0A82E6A17E78CE84289617A90F4FE07C3F8
S214039CC0D27CEDB789A68A438EE889C3101F00327B
S214039CD0A82E6A17E78CE84289617B90F4FE6360DE
S214039CE032E0375EA488534E6DFB6435BFF7002819
S214039CF001280328002A012A292A242A0129272A97
S214039D00262A232A252A282A2A2A502A062A072ADE
S214039D10052A2A2B292B02290D0A2573205B4D4180
S214039D20494E5D2043534C494220496E697469612C
S214039D306C697A65642066726F6D206669727374E7
S214039D40206861726477617265207363616E207246
S214039D506573756C74732E0A000D0A2573205B4DAC
S214039D6041494E5D2043534C494220464F5243459A
S214039D702D534E41503A20426173656C696E65738C
S214039D80206D616E75616C6C7920616C69676E65B8
S214039D906420746F20686172647761726520282579
S214039DA06C752C20256C75292E0A0020212223246D
S214039DB025262728292A2B2C2D2E2F3031323334D3
S214039DC035363738393A3B3C3D3E3F606162636423
S214039DD065666768696A6B6C6D6E6F7071727374B3
S214039DE075767778797A7B7C7D7E7F00000100002C
S214039DF0000000040506070C0D0E0F0010000201FC
S214039E000003000000000000000000000000000047
S214039E1000030000000000000000400003030406E7
S214039E20800004000700000068010406000000002C
S214039E300000000000000000000000000100010018
S214039E4000000114000000000000000000000300F2
S214039E5000010100010001000100030000000000F2
S214039E60A3000000010000020708436F6D706163E2
S214039E70742050616E200020332E302E323200566E
S214039E80002030394A756C32360004200400000284
S214039E900620060000020820080000020A200A0026
S214039EA000020C200C000002023002000201043003
S214039EB0040002020630060002020830080002020E
S214039EC00A300A0002020C300C0002020E300E00AA
S214039ED00202001100000302021101000302041132
S214039EE00200030206110300030208110400030222
S214039EF00A11050003020248020004010348030096
S214039F00040104480400040105480500040106484A
S214039F100600040107480700040108480800040176
S214039F200948090004010A480A0004020C480C0008
S214039F3004020E480E000402222022000001232001
S214039F40230000012420240000023233313231364C
S214039F50414141313233343536412C2D2D2D2D2DB3
S214039F602D2D2D2D2D544F20424520444546494E38
S214039F704544202D2D2D2D2D2D2D2D2D2D2D2D2CE8
S214039F8000627579657220636F64652C2072656E56
S214039F9074616C20636F64652C206D6F726520732B
S214039FA0616C657320636F6465732C2064617465EC
S214039FB0732C206574632C0030302C30302C3030FA
S214039FC02C30302C30302C30302C30302C30302CA1
S214039FD030302C30302C30302C30302C30302C308D
S214039FE0302C30302C30302C30302C30302C0030AD
S214039FF03030302C303030302C303030302C303065
S21403A00030302C30303030302C2D2D2D2D2D2D2D65
S21403A010544F20424520444546494E4544202D2D65
S21403A0202D2D2D2D2D00260000000807BC029E07AF
S21403A0302C0114001C022C01B40078007800E20402
S21403A040AA05720608079E070601000026010100FE
S21403A0500807BC029E072C0114001C022C01B40046
S21403A06078007800E204AA05720608079E07050131
S21403A0700000253033752E25303375200063735367
S21403A080686F7756626174006373456E64536571D7
S21403A09000637353796E6353746174654964006334
S21403A0A0734F666600637353686F77537465700007
S21403A0B063735365745374657000637345766E7487
S21403A0C03000637345766E743100637345766E7441
S21403A0D03200637345766E74330063735761697435
S21403A0E052656C6561736500756E6B6E6F776E0097
S21403A0F0342E342E33000001010201020203010252
S21403A100070B0B0701160C000001080800000501E9
S21403A11008FFFF02FFFF0808020204FF010022FFF8
S21403A120FFFFFFFFFF030404FFFFFFFF2AFFFF14E9
S21403A13019191B011C15120400480C141315108062
S21403A1401A80128080000F0E0C080C080D181001E0
S21403A15002040400F4010000FA0000009600000068
S21403A160640000004B000000320000001E000000E8
S21403A1701400000000000000010150004000080029
S21403A1805000240004009001500240009001AE01EC
S21403A19010000000F9D001000000000000497253CF
S21403A1A014497207FF000102030405FF14530072EB
S21403A1B04907CDF6B14603001DE301009DFC0100EF
S21403A1C0AF460300514803004B4803003900020022
S21403A1D079690300054803004D4803004F48030010
S21403A1E0F94703004748030031DE0100FD4403003E
S21403A1F085DF010001020C000000040000000800D7
S21403A2000400000000000000000000000000000042
S21403A210000000008546030000000000A0010401C2
S21403A22056000000000000000000000000000000D0
S21403A2300000000005000000000000000000000011
S21403A2400000000000000000000000000000000006
S21403A250E147030000000000A01305000A00000009
S21403A26000000000000000000000000000000000E6
S21403A27009000000000000000000000000000000CD
S21403A28000000000E7470300000000000D00000088
S21403A29000000000000000000000000000000000B6
S21403A2A00F00000000000000000000000000000097
S21403A2B000000000F147030000000000000000005B
S21403A2C00000000001000000000000000000000085
S21403A2D000000000000000009DE5010000000000F3
S21403A2E0A0010107A0000104020408000600000004
S21403A2F00000000000000000BDE6010085E6010046
S21403A300EDE6010000000000A0030601A00906090F
S21403A310A0020608A0050607A0050606A007060570
S21403A320A0020604A0010610A00A0602A00D06005D
S21403A330000004020503060107010108090A0000DC
S21403A340A0015C02A0035C01A0025C00A0020F094E
S21403A350A0030F04A0030F03A0050F02A0010F0123
S21403A360A0050F00A0040108A0020105A003010632
S21403A370A012010001010204200C04039DE2010067
S21403A38020000401C9E20100200256026DE3010029
S21403A3902002560141E301002001060535E90100CC
S21403A3A020000D01B9E4010020020D0485E501003B
S21403A3B020020D0315E5010020030D02EDE4010064
S21403A3C020040A0F85E4010020040A0451E4010076
S21403A3D020050A0221E401002000011549E60100D8
S21403A3E06267617069206275666665727300010054
S21403A3F00200000000000000030000000D00030040
S21403A4000200010005006761747420636F6E6E6559
S21403A4106374696F6E00000000FB349B5F8000006E
S21403A4208000100000000000000000003D670300ED
S21403A430DD4D03002369030027680300E69D350E00
S21403A440480103CCDBFDF4AC1191F4EFB9A5F9E9AF
S21403A450A7832C5E2CBE97F2D203B020008BD28942
S21403A46015D08E1C742430ED8FC24563765C15526E
S21403A4705ABF9A32636DEB2A65499C80DC003F49DC
S21403A480F6D4A3C55F3874C9B3E3D2103F504AFF6E
S21403A490607BEB40B7995899B8A6CD3C1ABD006CC3
S21403A4A0888391AAF5A53860370BDB5A6083BE0014
S21403A4B0000001000100050100050202030002007E
S21403A4C00000000002050100050000010001000075
S21403A4D00100010202030002000000000002020164
S21403A4E00002BF01FB9D4EF3BC36D874F5394138E4
S21403A4F0684C8BD28915D08E1C742430ED8FC245E0
S21403A50063765C15525ABF9A32636DEB2A65499C93
S21403A51080DCE69D350E480103CCDBFDF4AC1191DF
S21403A520F4EFB9A5F9E9A7832C5E2CBE97F2D20304
S21403A530B0200000A0010A05A0030A04A0080A032D
S21403A540A0070A02A0060A01A0070A00A00309063C
S21403A550A0060905A0070904A0040903A00509022B
S21403A560A0060901A0030900000800FCDCA50300FF
S21403A57001000107CCA50300000800F888A5030026
S21403A5804CD18DAD080700009600FCFEF8006D2345
S21403A590441FEEFFC700F20E8E37FAFF5C00A403DB
S21403A5A024A7FFFF3200D601AD3400001F003001A0
S21403A5B0004D00001200C000CA4A00000B006E00E7
S21403A5C0F73C000005001F002F20000083FFBFFF9D
S21403A5D0E2FFF1FFF9FFFEFF000000008C00FCFE27
S21403A5E0FFFF000000000000FC00D2104C06FAFF3C
S21403A5F075009B05F132FFFF3E0062020B3500003B
S21403A60025004B01885F00001700E0005E5D000038
S21403A6100E008C006A4F0000070025008328000008
S21403A620A9550200F15502009D550200FD55020092
S21403A630E55502009F780300DB78030001790300E9
S21403A640237903004579030011A30200C9A202007F
S21403A650D5A20200A9A30200E97E0300297603001F
S21403A6602D76030039760300317603003576030032
S21403A67000000000480100006019002083FF00006E
S21403A68002000080FF7F00000080FF7F060100803D
S21403A690FF7F0E025241494C00000000A00000005C
S21403A6A01560020050000000F5600200FA04FA008C
S21403A6B00033330A0A0A08400021000000000000A5
S21403A6C0000000000000000100000101000101017C
S21403A6D0899D02006D9D02008DB5020051B70200F0
S21403A6E0E9B6020001010203000000019D07000015
S21403A6F048700E0E44709A0D3070DA123C70DA16FB
S21403A7003870F60D34701C0E3070700F2C70700F8E
S21403A7102870521124706A112070000E1C70F611F6
S21403A720187068121470FC0DB110076001D80A7116
S21403A73008B87F78020C7E78641000C6A01F00213C
S21403A7408CB8707801B007680F305CB30F33011113
S21403A750C048069846022FB006D80C7109DD08716A
S21403A76000B853A809BB11100768016821480760A1
S21403A77004100112FF322150076051480760008819
S21403A7800698841300C43C1F002103DD087214BA24
S21403A790281400A000BA03DF107109DF06720298BE
S21403A7A0E8058CB8507800A044132814411581108E
S21403A7B0076002D8147110880698F61B00C00C7048
S21403A7C008400698501E009106985C020060B83058
S21403A7D020D8067190BC637C084D5412F03240DEDC
S21403A7E00472404804DB08720DDD0C72044BEF3034
S21403A7F0144806989E0700C4E010084044120762F7
S21403A80001322140084C287C811140D91C72B112B8
S21403A8103032CF4A013AB1DA107208D8067104D83A
S21403A8200871B04C237C3E70684C4412FF3287227A
S21403A830047580B8D84C81D8307140D90472237C13
S21403A840084B06989E0704BA88B9767900C1186043
S21403A85008403579E049007906B904A901D86C7235
S21403A860BC4C307C02982E0208D83C7100C14C00C8
S21403A8700840141110D93071104C00C11400084060
S21403A88014111814076100C5206008405415FF35DD
S21403A890047110491814A84C441207620132067159
S21403A8A002981201B84C08D80C7107BA24D8047160
S21403A8B006BA187004D80C7101BA40D80E7102BAE1
S21403A8C00A7005BA20D8047203BA604C4411404C8F
S21403A8D01814076118149111383111429111076940
S21403A8E010D90472EF3200C1006008401411103111
S21403A8F0016911422814A111076118140698361E1F
S21403A900181400C10060084014110769FF311814B9
S21403A91000C13C300840141118140761181430881D
S21403A920024806984806009308DB047101F800A065
S21403A9305CB00F3000A01088B111076980D90A7186
S21403A94000C1800008400811009100A000C4000167
S21403A9500840441000A000C020300E40041104102C
S21403A9601050F47200A05415504512710698A807AB
S21403A9700698380718B8707800B8417806983C03EC
S21403A98090BA5B7A5C7A5D7A00C21850084024124B
S21403A99000C14C1F002128110698001C208800883F
S21403A9A000C5401F002154155112FF350762FF32C0
S21403A9B006986602015951290475115900902129F8
S21403A9C020750698FA0406982A050698F602009259
S21403A9D003D80C728111076102D90472FF0FBA7093
S21403A9E018B8727800F804D842710088308800C01E
S21403A9F0FC1F0021041000C14C1F00211412012A61
S21403AA00215A00C3185008403413312A1A7500C05F
S21403AA100060084004100730FE200C76381108B892
S21403AA207F78020C7E780093009000A000C0F41F8D
S21403AA300021041000BB1DB400A000C1DC1F0021D0
S21403AA4014111088FF3100C5FFFF000031120762A2
S21403AA500762513A513B0E720698160D11590112B0
S21403AA6001131E703114008831100698160D115903
S21403AA70415C41280698180D513801130090012BAC
S21403AA8000902088076001140760FF30215D4112A3
S21403AA9007620762312D0876FF34415C4128015D69
S21403AAA031100698180DFF303088011300C0E01FE0
S21403AAB000210410512B0C76076801150768FF3533
S21403AAC06070315BFF32212B0C7507600115076040
S21403AAD0FF354E7000C5E41F002154150765076552
S21403AAE05112FF35FF30012B0875211007603270B5
S21403AAF021100768FF30012B0A75211007600760D5
S21403AB00207000C2E81F002124122110076007608E
S21403AB10FF30012B087521100768067021100760A7
S21403AB20FF300093009200C10060084014142C49C3
S21403AB300734FE242A761415F0BC076C513C0768CC
S21403AB4003680154107100C4FF0FFFFF513C01441A
S21403AB504811311200C5E81F00215415FF3507625E
S21403AB6007622143544914122155FF3551522811C7
S21403AB7000A000DF0672011314703111312B112B64
S21403AB80016300C1FF070000113B012B00C278FEE2
S21403AB90FFFF05B86EBD312A207505B8C8BDE8228B
S21403ABA01875DCBD06B8DC22107507B8F0220A75E6
S21403ABB008B8E822047509B800C1006008401412FA
S21403ABC02C490732FE2216760768036800C2FF0F79
S21403ABD0FFFF1414213C0144481150BD544914127C
S21403ABE02155FF355152281100A001D82C71008839
S21403ABF000C00470084004108020FF301A7100C1A2
S21403AC00B01E00211411076120D90871069882042A
S21403AC10067006984A03009000A002D8047200A0AB
S21403AC200088069838071DB428B9112C408800C33D
S21403AC30EC1F0021341440445A7144130698A805A7
S21403AC40411500C00060084004100730FD2044751D
S21403AC5000C20870084024100760FF3080DC34719F
S21403AC600698520D01591C4A241007600260FF30F3
S21403AC700698520D0158B220012954133110069834
S21403AC80520D11280A75042554155045EE72069880
S21403AC90A8050094009000A07FB9066100C01C6060
S21403ACA0084006988A1304155153113B3155581022
S21403ACB002988413EBBD00C03C1F00210411113D14
S21403ACC010D91271FF33076B00C190400846381144
S21403ACD018B97479581000A006985C028024E424FE
S21403ACE00D300472044800C11C510840141100C3FF
S21403ACF0D81E0021911504351A72181388BB08D87C
S21403AD0004716C7B04D804716A7B8CBB2F7C5B7BE1
S21403AD101670044B181388BB08D804716F7B04D8CD
S21403AD2004716D7B217C0C3001600698240706981D
S21403AD300C0C0698D40700B8B111076940D90672FF
S21403AD400298080701BC00C20060084000DC0A71D4
S21403AD5024150165604A0A701C4A241507657C4A57
S21403AD60043508D920712024512A241200C18000FA
S21403AD700840320C2811076228110762281107625F
S21403AD802811500C00C1341F0021141200DC34714A
S21403AD9020D8067101B80C70F0DA0C720CDB08715F
S21403ADA002B806982C07482400C3306108403413C1
S21403ADB0076380DB0E7102B9911308DB047203B9D3
S21403ADC006700C49141100C380000840FFB8012028
S21403ADD011410871014118130824014200C12000E3
S21403ADE0084014110141036D514191152035016D41
S21403ADF0514118132813481300C37C00084034102D
S21403AE0003D80C71073005DC0671084B227B8CB81F
S21403AE10507800B800C1341F002114120368215073
S21403AE20F0300152281100A04024066400C0FFFF42
S21403AE300100013C1DB002200158402806751EACD7
S21403AE4001EC00A0208800C01850084004121DB46E
S21403AE50211304123052F871066C402400C3741F89
S21403AE600021341014110698820D066900921159B8
S21403AE702129067600BB115906983A0D80B8015869
S21403AE80013A0662313B0472215A412A00A000C2ED
S21403AE9000010840317A00A0308880B9076900C3F2
S21403AEA00000C0FF3110312800BC002D0C75115472
S21403AEB01EAC01EC312DF470066C51134155312C48
S21403AEC0009300A000C028400E40041331510761D0
S21403AED00C3107691153381000A00698EC0800C01F
S21403AEE0F41F002104110698D407217A237A00C39D
S21403AEF0000010000698140800C0541F00211DB15E
S21403AF00181000A000C0501F00211DB1181000C06B
S21403AF109C1F00210410002D067500B826A806986D
S21403AF20A80700C09C1F00210410012C0675069874
S21403AF30380728B010B9115911380EB9114028A88E
S21403AF4080B800C144300840081100C1F01F00213A
S21403AF501410303B06710760076000C408300840D1
S21403AF6044111150FF30015118146FB8076826A812
S21403AF70217A050C21102048267800C063EF0000D4
S21403AF80314026A8050C20ECB11140D90872247A6A
S21403AF9020EC217A184826A828B00AB901510F31A7
S21403AFA0115028A8050C207A20EC0F0C98B8467888
S21403AFB041780698660200C2401F00212410015102
S21403AFC0FF311150081200A00698EC0800B826A816
S21403AFD000C0581F00211DB1181000A030B84078DB
S21403AFE00DB101D9FC72427800C074300E400411D2
S21403AFF04CBA407A1810144804115C7A1810A4BB93
S21403B000707B4E7B4F7B00C20430084000A006983E
S21403B010EC08217A227A00BB0698140800C0641F45
S21403B02000211DB11810A4BB00C040300E4004110F
S21403B030033101492872B1120762076230480411CE
S21403B04021510F3118726E7B6F7B104804114CBA76
S21403B0507C7A181014480411607A1810B11002D8BC
S21403B0601071707B30B8627860780DB001D8FC71CF
S21403B07000C0F8600840041101D90C7100C0180024
S21403B080084002B9181008B86E780EB84EB110D939
S21403B0900C723EA8140C0FB83EA8107044A8140CEB
S21403B0A001B800C1AC300E40081100C077801F0005
S21403B0B03DB201423DAA00C0FFFFFFFC013A3DAA94
S21403B0C0140C00C077E01F0001423DAAFFB84520DC
S21403B0D07D7808B87E7800C12460084014110761A3
S21403B0E00631087100B90698D01006988A13B11174
S21403B0F001D90E7106985C1E02D906720698520C88
S21403B10006988413511406983807F4B845780A0C41
S21403B11000C0601F00211DB118100298AA10FFB8C6
S21403B12045205D7803B8076044A83EA800C1AC304C
S21403B1300E40081110B807683DB101393DA908B89B
S21403B1406F7800A046A800C0FFFF0000013B07631E
S21403B15056AB94BA437A01D91471013C47B300C085
S21403B160FE20FFFF013B314447AC637AFFB8212042
S21403B170407802D90471607800A0C8BC066C415CB4
S21403B180512C0675069838070698300EB1100768D6
S21403B19005D8367140BA06985A138CBC7F7C08B81B
S21403B1A06578911004D8187188B86E78577800C0FF
S21403B1B06400084021780698F81001400872427C23
S21403B1C0069896130298E40B08B86C7820B859785A
S21403B1D05B7800C0F44008407878797800C1C81FCF
S21403B1E00021141040A81849141304494088141465
S21403B1F00C4914118112076A006A01DA187188B8BB
S21403B200577800C0CC1F0021041001610763076351
S21403B210076407640698540A00944EB010D8427226
S21403B2204DB161B80158113840B102D90A7260486D
S21403B23004BB41540870204802BB02BC4DA8F8B8B2
S21403B2407078190C3EB141413EA9F4B9737973780D
S21403B250717800C4F840084000C2004108402270DC
S21403B26000C20000010044AA230C00C200000B0029
S21403B27044AA00C41041084000C21841084004BB59
S21403B280587C050C597C0C240F0C2FAB050CB11005
S21403B29008D81471647A657A1CB879787B7820B8F4
S21403B2A079787B78607CF424411306989E075114C2
S21403B2B04044067506983807727BFFB84D20050C88
S21403B2C0687840EC00C05C1F00211DB11810911077
S21403B2D004D8147100C0B01E0021041080D8067173
S21403B2E01CB8737800F818B800C1D41E002100C239
S21403B2F01850084024122811777800F800C0B86068
S21403B300084004110761076180D9047240EC00C449
S21403B310F84008404EB010D80471182441130C238B
S21403B320527C407B11512FA9050C797C0A0C00C076
S21403B330000001020814787C050C507C08B86D7870
S21403B34000A000C0287008400411108800C100182F
S21403B35000401810444804111088784804111088D7
S21403B36000884CBA757A18103DB11088F4B8427844
S21403B3704420727828487378F8B873784FB200C4BC
S21403B380FFFF8080413A4FAA01BC01644113076363
S21403B39000C06C70084003B918100110011001B901
S21403B3A018100110011001100110684804110761FC
S21403B3B001B80160003A0471044904D90472415289
S21403B3C00760003A0471084908D9047231520460D0
S21403B3D0003B0E7200630064314241424FAAB270D2
S21403B3E04FAAF8B853781820537828485278009113
S21403B3F03DA900900091181000917848181000910C
S21403B4004448181000A0115910D906710760076048
S21403B41008D90471076004D90471036002D9047162
S21403B420016001D90471006000A000BA01D806715A
S21403B4300148112A0069006001D8F6720138F672D5
S21403B44000A08020FF30FF48812000A002EC00CA45
S21403B45002EC00C8076A014202EC00C8076A014210
S21403B46002EC00C8076A014200A000C21850084058
S21403B470241211592129127300210E7100C2305073
S21403B480084024120121212900A00698EC0888B858
S21403B490577800C57C1F00215088044D88BC00C027
S21403B4A0BC1E0021811101D91E71407C0095011537
S21403B4B07C4D5088044DFFBB076B315B0411069827
S21403B4C07A0D3129F87506984A1D541506985C1EA0
S21403B4D001D9087206981E0906700698800988BB6B
S21403B4E0547B009500F806982E0A0E7006980C0CEE
S21403B4F006982E0A0698D6110698D808911221198E
S21403B50000C0246008400A78097800F810B901BA28
S21403B510069850130698AA1000C57C1F002100F851
S21403B5209112033288B900C3B01E0021341300C43D
S21403B530A81008408CB84278707903DE0671447808
S21403B54072707179A11020D80A7106981E090298A4
S21403B5507C0F80DB507102D84C7205B830880763C5
S21403B560076302DB2A7100C3AC000840341306638A
S21403B57080DB0472804800C3102008403413315B1C
S21403B5800472404831283128026008140768009383
S21403B5900814A11010300248081400B808149110BB
S21403B5A0076008148CB86278A11000DC067651791F
S21403B5B000BA80DB3A7100C000000200003B307125
S21403B5C050884110344803DE04719048041508205F
S21403B5D00411F82058101C20217800C0A40008404D
S21403B5E00E7810D904722E780698A016009591113D
S21403B5F020310269911004D80E7200C1481F002141
S21403B600141101D90A7120880698D010009200C13F
S21403B610180008400533054B1872184C03DE0471F6
S21403B620904C441400C3FF1F0000413BFF23381116
S21403B630B84900C3306108403413076380DB0E71DA
S21403B64003BA076A0698640F00BA0870076A069872
S21403B650640F04490879097914102140081100A0E1
S21403B66000BD0698400210B903DC047100B901BAA4
S21403B6700698501302D9067100404E7201B107694D
S21403B6800F310698F810FFD82872811008D8187161
S21403B69006DD0A710698400203DC0C7206983E111A
S21403B6A0069896130C7006DD1071069844114870C0
S21403B6B020B802A806DD107206982E0A0698D80847
S21403B6C001F840B802A800F800C0B01E0021041319
S21403B6D0076301DB227191100111076911388CB9D8
S21403B6E010D80871447902987C0F02DBFA72A11312
S21403B6F028DBF47203BD06989E1006982E0A00C532
S21403B700801F00210698400200BA03DC4A72044DEB
S21403B710A11002D804710C4D00C014000840041098
S21403B720026800C3701F00213411112800C1306164
S21403B73008401411076180D90C71911108D906715C
S21403B740FC230C4DFC23341106983A0D00C10C5112
S21403B7500840069854075415212D00C0F860084089
S21403B760041101D9227100C0381F002104100330D0
S21403B77001DC147200C0140008400411FB21087693
S21403B78007BA076A212D0698EA0702988A0A9110D3
S21403B790015503355150011900A000C1441F002173
S21403B7A0141001D8427101480760FE200E758110FF
S21403B7B020D8087100C1481F0021141101D928712F
S21403B7C000C0246008400412215107610F31076945
S21403B7D01152281000C00060084004119112215134
S21403B7E020311152211900A0811380DB067201B8A3
S21403B7F000A000C30C5008403410063030727C4B57
S21403B80034122C4B341007600760403020728110CE
S21403B81080D8DC713410014A0762036080302150FF
S21403B8208C480A717F2355233410013000A000BDD5
S21403B83006989E1088B847784578437800B84478C9
S21403B84000A006982E0A06983E1100C58C1F0021FC
S21403B85054150698EA0702988A0A00C3740008403B
S21403B860027B06988A1350BA06985A130698F8105D
S21403B870FFD84A71911004D84872811007601CD80B
S21403B880407220D938721112FF322151347180214F
S21403B8908021111400C0E01E00210413FFBA3151A9
S21403B8A0113A215111538CB938107B7940440E72EA
S21403B8B000B900C2B81E00211812067008B86078D6
S21403B8C00698841300F800B900C29C1008401812AA
S21403B8D0244A0AB9181288BA507A517A577A8CB918
S21403B8E042795F7900A00698400207DC1072911037
S21403B8F000200A750698D6110298280E0698D808CE
S21403B90001B9911004D8047100B910BA06985013FF
S21403B91000BA00402A7100C0B01E0021041107615E
S21403B92001D9127104D9E2728110076001D8DA7165
S21403B9308CB8647800C11C510840069854070698D2
S21403B940D61100C5901F00215415212D06981E09F7
S21403B95000C5941F002100F800BC811108D9167297
S21403B96080D9207201B910BA0698501300400E71A0
S21403B97001BC107006983E110698961320B802A8CC
S21403B98000F80698D61181110231127100B900C26F
S21403B9900C1008401812244A02B9181206983E11D1
S21403B9A000C5981F002154150698D41D02988A0ACC
S21403B9B004110121147188BA737A04200412281121
S21403B9C0042004110121F47200A006989E0701F8D2
S21403B9D0911010D8347106983C030698FA0406981A
S21403B9E02A0500C51C510840541106987A0D00C557
S21403B9F0D01E002154155129E27518B876788CB8F4
S21403BA00447801B802A800F8B110076810D82E7160
S21403BA1000C04810084000C3000008403114884C9A
S21403BA2044113411076101D9FA71441228100762D0
S21403BA3028100762281007622810E870029876021A
S21403BA4006985C0211380472016A00BB00C1E01E4E
S21403BA500021141120390C72911210DA0672417B00
S21403BA6000A006988A1300C2B01E0021241220DA12
S21403BA700472617B88BA527A00A088BA727A8112FD
S21403BA8004DAFC7200A088B86B78577800C06400AC
S21403BA9008402F7800A00698E4100763076390B960
S21403BAA0637900B902DB227102EC00C909B801D937
S21403BAB0507200C2AC0008400E7A10D904722E7A77
S21403BAC00698A016E031076102EC00CD114502ECA2
S21403BAD000CC01DB087100BB0298FE1703B84111C6
S21403BAE00731FA211C760621911210DA087102DD5D
S21403BAF010721E7020B80698160D3038147208B8E7
S21403BB000698240700C0240008402978207800F807
S21403BB10046020D806710298581502EC00CA05B8CE
S21403BB2023DA187104DBDA7120DAD67110DAD272EE
S21403BB3090B8617800B801DA067202EC00C8911179
S21403BB4010D9267100C1C01E002114111150FF30F8
S21403BB500C720661A110115002300A7180DB0A7262
S21403BB600AB89E708CB97C7907689111114021112F
S21403BB70C0311140011990B8411108D90471667893
S21403BB8020D904726578A11002D80672C0DA1E7135
S21403BB9090B8273123DD087210DB1072607825DD3C
S21403BBA00A7121DD087208DB0471627803B841115B
S21403BBB007310872A1152035AA7102DD3272A11170
S21403BBC020D9A07102D92872CCDA9872411140D9D3
S21403BBD0927206B802DB1071046500C1102008409B
S21403BBE01411112D112D054D5C720298E6132111C7
S21403BBF04049C0D94E71A0314115403501655141C8
S21403BC000361076308DA1E7204DA38721049A11555
S21403BC100235067110DB0E7201340A7108DB2471DB
S21403BC2090B86778CC3211101A300ADC0872CCDE72
S21403BC300471FD3100C00D0F0C0D0698180D01D8C8
S21403BC40607207B80298101400BA411108D90C7133
S21403BC5002EC00CA05B830DAEC720734F031026140
S21403BC6001DA0471014900C0F300A3E30698180D36
S21403BC7001D8D07100C0981440680698180D40305B
S21403BC80014440DA0471204C04320162204A111048
S21403BC9006300068014218310269114202982E14D8
S21403BCA0204A00C0051708500698180D11300142A7
S21403BCB02088FFBB0DDA507100C1DE1B250180BC56
S21403BCC004DA107208DA0A7200C120841000E02435
S21403BCD0A02407634143016401DA06711E49024B3F
S21403BCE000C0281F002107633810BC2002DA127137
S21403BCF001B91159A11380DB087100C100FCFF01D3
S21403BD00181002988A1700C4B01E0021441080D869
S21403BD107C710092D0DA06710DDA0C7190BD437D0A
S21403BD20EFBD0698C60503620DDA8672A11105D922
S21403BD305C7100C23810084024120C24281401D960
S21403BD40067202D9327140D91E7102EC00CA211064
S21403BD5018320471FA2220D804720822FE220875CB
S21403BD6002EC00C8F87001D90E7102EC00C802D9C3
S21403BD70067204DC187200C0B01E002104100268AC
S21403BD8001D8067190B8647818B873780298FE17CD
S21403BD9000C50020084000C00417000008D904723C
S21403BDA00A480815104D00B808D90472FF20081574
S21403BDB0084D00C00884000008D9087200C020831C
S21403BDC0B8ED0815104D207D00A000B8011A00C07C
S21403BDD074000840027891101030011905BA0698CD
S21403BDE05A1302D9067101B802A800C0B01E00217A
S21403BDF0041380DB06710298A61340DB06710298D3
S21403BE003E198CBA7C7A01DB6C7100C22C1F0021B0
S21403BE1024111114FF3402EC00C8FF24FA760761DC
S21403BE200698260D036111380F30036111140111B2
S21403BE3041100698260D01D8087203B8029810140C
S21403BE401C4A02DB24712410112811280412023024
S21403BE5006710762076200C0FFFF0000213800C2B8
S21403BE6018000840FF200812411007600698260DA8
S21403BE7001D87C7120BC1033767100BB00C1281F2B
S21403BE8000211415C021112C5112076A0F320E71AE
S21403BE90408851140698541841430094511207657C
S21403BEA0036A0F320E714111511406985418036C2D
S21403BEB041430765513B00C1E41E002114111112D2
S21403BEC031100F30127100BA046101D804711142A7
S21403BED000600FD8F472311002601E30047201B88D
S21403BEE0003A087204B8029810140298161600C195
S21403BEF0306108401411076180D91A7102EC1DB035
S21403BF0002EC1DB101581128A0B911591128067564
S21403BF108CBA637A00C0341F002104110F3103DD8D
S21403BF201A7200C000600840041007D80E7200C0E2
S21403BF301040084004B9181000F80698E410069854
S21403BF40C40500F830885088FF34087102ECFF24DB
S21403BF50F87002EC00CD141001BB5150FFD80471E9
S21403BF6031440760006B10DBF2710421FF22E47298
S21403BF700F4C0095009300A000C018600840041002
S21403BF800560073000A00CB802983A1902EC00CA04
S21403BF90FFBC80BD069888180448187202EC00C9D6
S21403BFA02115F03500650F32076A114200C4FF0FF2
S21403BFB0000000C1C01E0021141031110113413BC3
S21403BFC002EC10D90871211400CA2C703052067185
S21403BFD04052B472211407600760FF3055DC1871B5
S21403BFE000CA005212710ADE0E714ADE0A7155DE6D
S21403BFF006713052927200C1C41E00211088069842
S21403C000361E0731114507650765414500C30C70A9
S21403C010084034130763FF33076331450091581113
S21403C0200849281118B875780BB8029810140763D6
S21403C030076302EC00CA02DB127155DE0672029831
S21403C0409C1854DE067202989C1801DB127106983F
S21403C050600D06985C0D02EC00CA0298FE1700C13C
S21403C060BC1E002114147C490698600D40522E72A3
S21403C07004DBE07190B863780698881804486E72FB
S21403C08000BA0698600D2113141000C1FF0F0000BC
S21403C090113A105254710152113A067104B88C7059
S21403C0A000BA0698600D2111FF3207611114911032
S21403C0B010D82271073103DD1C7200C1C81E00218F
S21403C0C01411FF31115206710AB8D4708CB97C79F9
S21403C0D00298FE174110813081DC0E72076A034A0C
S21403C0E0076A0F4A0698181B0298FE171410FFBC1F
S21403C0F0013C0698BE1B02EC00CA02EC00C902EC27
S21403C10000CB076A3142076A21410F3302EC00CDA8
S21403C11002EC00CA00400872211302EC00CA076250
S21403C1201142911110D92A7121110F3103DD2272A8
S21403C13000C1C81E00211411FF31076A00230C71C9
S21403C140115308710AB80298AE198CB97C79147029
S21403C15021110F31076A02DD5A7101DD067103DD15
S21403C1604A7200880AB90698021B00902111FF3212
S21403C170FFDE387120543872FC25187202EC00CAB0
S21403C18001DE107202EC00CA18DE087288B87778EF
S21403C1901A70066100400472006180D90E714CBAB1
S21403C1A0477A06985A1B90B843780298FE1704B845
S21403C1B09670FF32FF24F8750BB90698021B211000
S21403C1C0E03001584128E875F83002601F32215AE2
S21403C1D00125212DDA75012AD67602EC00CAFF2046
S21403C1E0FA764111073101B80698160D003AC07168
S21403C1F0BA70004008710698921B0470022106B8B4
S21403C2001159112DAC7500A000C5A81008403110B7
S21403C2100360081501110760076007690F30F031E6
S21403C2201140081507630363381528150762281598
S21403C230076228157FBA281500BA28157FBA28156D
S21403C24090B8437818B8737800A00698CE1B1114DC
S21403C2500CB900400A7100640AB90698921B03BD24
S21403C260514400C5A8100840202A0475281548150F
S21403C27007644815181500400472381507644815F6
S21403C28000A00088408800C0C81E00210410076074
S21403C290073000C4200008404414412C04720124D3
S21403C2A041384050047201210094009000A000C061
S21403C2B0C81E0021041007600730074800A000C20C
S21403C2C0C01E002124122114076AFF320CDE1271ED
S21403C2D00DDE0E710FDE0A7110DE0671215A00A004
S21403C2E0FF34411200A000C1B41E0021141100A0A7
S21403C2F0308806980C1E8111076102D906720298CF
S21403C300E81C88BB557B076120D906710298D81CA8
S21403C3100088A11007680698F61B08211415FC254B
S21403C32090BB5C7B5D7B00C1006008401411073145
S21403C330FE21307608D82A725113FC23341304DB0B
S21403C3402071076BFF33315B00C10870084014117E
S21403C350076180490C71FF313029607590BB7B7B88
S21403C3601C707B7B7C7B00DD04717D7B01BB3815F9
S21403C3708113076B4033067118BB717BEC2554138E
S21403C38000DF5471042505DF5471541521112088EC
S21403C39006987A0D009251293E7500C10060084048
S21403C3A0141102DB0C710731315B31292A760C70CC
S21403C3B004DF0872006180D91E720698F61B00C05F
S21403C3C0087008400698501E0698F61B1411FFD9ED
S21403C3D0607202982E1D0090009300A05415A111C0
S21403C3E0076910D9A672082508D8A071082510D8A1
S21403C3F09A712088211106987A0DFC255412112A69
S21403C400F82554110C2520D80871F0255411102551
S21403C4102029047621591815009202989A1C18B9F7
S21403C4207179811010D80A7188B8447800B84178B9
S21403C43088B9747908B9677900F88110A0D80871AB
S21403C44088B9497900A0076002D8FA710698F61BE6
S21403C450108806988A130762076210DA08710821A3
S21403C4601415F025541100C20020FEFF2029127572
S21403C47006985C1E01D90A7206982E0A0698D808F2
S21403C48000941CBB41100C200698C01241110821D1
S21403C49014100698C0123128441111120761FF3197
S21403C4A0FF32012210521072076918140424441331
S21403C4B0042438140C70076921411814082408143E
S21403C4C0029884134044147100C1B81E0021141549
S21403C4D05113036B0FDB0C72066D0698A807411504
S21403C4E000A00698D80806988A1308BB5114069825
S21403C4F0941D4415FC2554150298EA0788B900C311
S21403C500B01E00213413076308DB1A718113A0DB06
S21403C5100671497910706979076302DB087208B9F6
S21403C520677900F800A08111076102D9107188B9F4
S21403C53075790698F61B1411FF3100A0FFB900A009
S21403C540041008211411F421081100A081110761B9
S21403C550076110310E710698F61B08211411F82195
S21403C560141100A044C703002CC703005CC70300D4
S21403C57074C70300232D302B2000686C4C006566BF
S21403C580674546470030313233343536373839411C
S21403C5904243444546003031323334353637383932
S21403C5A061626364656600000102030405060728EA
S21403C5B02962675F6D65737361676520726563657E
S21403C5C069766572730062676275660061636C0004
S21403C5D06C6C5F636F6E6E656374696F6E006C6C14
S21403C5E05F6164765F736574006761705F636F6E27
S21403C5F074657874006C6C5F76616C696461746FE3
S21403C60072006D6573685F70726F765F6462006256
S21403C610675F6D65737361676500736F66745F74D8
S21403C620696D65725F6D65737361676500666F75C7
S21403C6306E646174696F6E5F636D64006C6C5F61DA
S21403C64064765F73796E63006C6C5F7363616E5FB1
S21403C65073796E63006761705F706572696F646992
S21403C660635F616476006761705F706572696F64AB
S21403C67069635F73796E63006C326361705F636FC7
S21403C680635F6368616E6E656C006D6573685F708B
S21403C690726F765F64625F6170706B6579006D625E
S21403C6A06564746C735F636F6E7465787400000002
S21403C6B0C6C50300CCC50300D0C50300DEC5030012
S21403C6C0E9C50300F5C5030002C603000FC6030051
S21403C6D01AC603002DC603003CC6030048C6030063
S21403C6E055C6030066C6030078C603008AC6030061
S21403C6F09EC6030062676275665F696E0062676264
S21403C70075665F6F75740062676275665F6E6F66E7
S21403C7106C6F770062675F6D616C6C6F6300626756
S21403C7205F72616E646F6D5F616573009CCC03001E
S21403C730000000008CC70300010000005D9E0EDBB6
S21403C74000F049029CCC030000000000B0C70300C1
S21403C750010000002CFACDBE00F049029CCC030079
S21403C76000000000D4C7030001000000481E85EB4C
S21403C77000F049029CCC030000000000F8C7030049
S21403C78001000000CA059DBD00F049021CC8030055
S21403C790809C2B8F80841E0000000000270068000A
S21403C7A0980D0020000000000000000000000000BC
S21403C7B03CC90300809C2B8F80841E000000000071
S21403C7C027006800980D002000000000000000000D
S21403C7D0000000005CCA0300809C2B8F80841E0030
S21403C7E00000000027006800980D002000000000ED
S21403C7F000000000000000007CCB0300809C2B8F11
S21403C80080841E000000000027006800980D0020AA
S21403C810000000000000000000000000F81F0101F7
S21403C820D4CD0300340001001000000040000100D6
S21403C8302007000048000100000400005400020026
S21403C8400D0F000001010000A000010003C001005D
S21403C85030300100F93D1000B840010000C08300ED
S21403C86040410100E90088001860040030000046DB
S21403C8701F0804000020001000500A005060040047
S21403C88018000500000A00000A00800011000A00D4
S21403C89078600C000F040000000000001400120073
S21403C8A05B948C1B0000000001040B192C404C59B0
S21403C8B0605B534736251B114AF3389667452312A8
S21403C8C011090000E46007008208BA8C000000002B
S21403C8D064048207AC0DCB0C90200600F9541C00B0
S21403C8E082940AC704610300C7EF1100A01B00006F
S21403C8F00A880000306107004CD4E83B04196F0037
S21403C900080E141A20262C32383E10325476980A13
S21403C9101D5F00001470011000F80700147001304A
S21403C920F800000018700200000300006000A583F2
S21403C9307070010006010200FFFFFFFFF81F0101F0
S21403C94024CE030034000100100000004000010064
S21403C95020170000480001000104000054000200F4
S21403C9600D0F000001010000A000010003C001003C
S21403C97030300100F93D1000B840010000C08300CC
S21403C98040410100E90088001860040030000046BA
S21403C9901F0804000020001000500A005060040026
S21403C9A018000500000A00000A00800011000A00B3
S21403C9B078600C000F040000000000001400120052
S21403C9C05B948C1B0000000001040B192C404C598F
S21403C9D0605B534736251B114AF338966745231287
S21403C9E011090000E46007008208BA8C000000000A
S21403C9F064048207AC0DCB0C90200600F9541C008F
S21403CA0082940AC704610300C7EF1100A01B00004D
S21403CA100A880000306107004CD4E83B04196F0015
S21403CA20080E141A20262C32383E10325476980AF2
S21403CA301D5F00001470011000F807001470013029
S21403CA40F800000018700200000300006000A583D1
S21403CA507070010006010200FFFFFFFFF81F0101CF
S21403CA6074CE030034000100000000004000010003
S21403CA70A007000048000100000000005400020068
S21403CA800000000000000000A0000100FF4C0000B2
S21403CA903030010011491000B840010000C0E30027
S21403CAA040410100EA00880018600400000000C648
S21403CAB01FC000000050000000D032005060040089
S21403CAC0FC006900410C0000000000001100080093
S21403CAD078600C000804000000000000BE031A0083
S21403CAE0000000000000000001040C1A2F465361EA
S21403CAF06862584935201407C491A063564433230B
S21403CB0022529224E46007008108A1CB00000000B3
S21403CB10198407059411CB4899200600016120006B
S21403CB208294EA870461030065B611001E3700008D
S21403CB3089BB000030610700E853FA0000000000DC
S21403CB4000000000000000000000000000000000DD
S21403CB50000000001470011000F807001470013084
S21403CB60F80200001870020000030000600027842B
S21403CB7070700100C3000000FFFFFFFFF81F0101F4
S21403CB80C4CE030034000100000000004000010092
S21403CB90A007000048000100000000005400020047
S21403CBA00000000000000000A0000100FF4C000091
S21403CBB030300100E3381000B840010000C08300A5
S21403CBC0404101006D00880018600400000000C6A4
S21403CBD01FC00100005000000080000050600400E9
S21403CBE018000500410C0000080000009100040036
S21403CBF078600C008C000C000000000014001A0083
S21403CC00000000000000000001040B192C404C59E2
S21403CC10605B534736251B114AF338966745231244
S21403CC2011090000E46007008F0846CB00000000EF
S21403CC3023086404D007CB4891200600F9541C004F
S21403CC408294EA870461030051551100B01B00006B
S21403CC5089BB000030610700E853FA0000000000BB
S21403CC6000000000000000000000000000000000BC
S21403CC70000000001470011000F807001470013063
S21403CC80F800000018700200000300006000A5838F
S21403CC907070010005410000FFFFFFFFDC1F040169
S21403CCA0000000000000000000000000000000007C
S21403CCB0F01F02013F00370000000000FC1F0101C7
S21403CCC000000000040002000181010000010000D2
S21403CCD01800020000000000010000002800030006
S21403CCE00000000000000000000000003800020002
S21403CCF0000000004C2C0020A4000300FF4C0000A2
S21403CD00FF4D0000FF4D0000002001000807000053
S21403CD1010200100AAAAAA00182001000060DA0069
S21403CD200830010013AC000134300100010000009C
S21403CD304030010000000000A04001007A27000FE9
S21403CD40F440010020100000344102008008000077
S21403CD50E687000044410100C0E6524D60410400EE
S21403CD6000000000000000000600000006000000AF
S21403CD701460010010000000286003000000000398
S21403CD800000000000000000606002002941767188
S21403CD900000000020610100FFDF00004C6101007D
S21403CDA00100000020700400000000008200000064
S21403CDB000008001D5000000487002003C3D0000E2
S21403CDC0BC190000747002000F9C030006E04900C3
S21403CDD0FFFFFFFF100000000000800000000000BF
S21403CDE034CF030014CF0300000000002010890096
S21403CDF00048E80140420F0001080000F93D000228
S21403CE00000000000000000000000000000000001A
S21403CE1000000000E9410F000000000000000000D1
S21403CE20000000001000000000008000000000006A
S21403CE3034CF03001CCF030000000000201089003D
S21403CE400048E80140420F0001020000F93D0002DD
S21403CE5000000000000000000000000000000000CA
S21403CE6000000000E9410F00000000000000000081
S21403CE700000000010000000388EE30000000000F1
S21403CE8034CF030024CF030000000000E0707200DC
S21403CE9080DE800280841E0001010000114900022A
S21403CEA0000000000000000000000000000000007A
S21403CEB00000000041841E00000000000000000087
S21403CEC000000000100000001CC7710000000000F6
S21403CED034CF03002CCF03000000000018CC6600FC
S21403CEE080DE800240420F0001010000E3380002AA
S21403CEF0000000000000000000000000000000002A
S21403CF00000000005B420F0000000000000000006D
S21403CF1000000000FBD90200E7180000EBBE00008B
S21403CF20E7180000B45F00005F05000028A00000BB
S21403CF30C4090000193F01060410010000010106A0
S21403CF4000102700000C0000000000000000000096
S20C03CF509406FD7F01000000BA
S21003CF5864CF0300C00A00208B03000017
S21403CF64F893030000000000010000000784030098
S21403CF7400000000AFF9020099F90200C0EA21019B
S21403CF84D0310020C0EA2101C0EA2101008000005C
S21403CF9400F04902E8030000100002010003000049
S21403CFA40000000000000000000000000003000072
S21403CFB40000000000004000030304068000040091
S21403CFC40700000010000201000300000000000038
S21403CFD40000000000000000000300000000000042
S21403CFE4000040000303040680000400070000005A
S21403CFF4A41D00200000160064000000C201000007
S21403D004FC1D00200000160064000000C20100009E
S21403D014C2010000C2010000C2010000C2010000F8
S21403D024C2010000C2010000C2010000C2010000E8
S21403D034C2010000C2010000C2010000C2010000D8
S21403D044C2010000C2010000C2010000C2010000C8
S21403D054C2010000C2010000C2010000C2010000B8
S21403D064C2010000C2010000C2010000C2010000A8
S21403D074C2010000C2010000C2010000C201000098
S21403D084C2010000C2010000C2010000C201000088
S21403D094C2010000C2010000C2010000C201000078
S21403D0A400000000C20100400040008000000000B1
S21403D0B40000C201C201C201C201C201C2010000D2
S21403D0C40000000000000000000000000000000054
S21403D0D40000000000009411941194110000000055
S21403D0E4000000000000000000000000E8A00300A9
S21403D0F42000000000000000000000000000000004
S21403D1040000000000000000CDE90100000000005C
S21403D114000000000000000051CB010000000000E6
S21403D124000000000000000049D3010000000000D6
S21403D1340000000000000000F5E10100000000000C
S21403D1440000000000000000F54703000000000094
S21403D15429E60100000000000000000000000000B3
S21403D164D9E50100000000000000000000000000F4
S21403D17425E70100000000000000000095F0010010
S21403D1840000000000FFFFFFFF00000041680300EB
S21403D19445680300496803004D680300FFFFFFFF6B
S21403D1A46976030070A60300FFFFFFFF7CA6030057
S21403D1B47D7A0300797A0300FFFFFFFF59780200A4
S21403D1C4FFFFFFFFFFFFFFFFFFFFFFFFFFFFFFFF63
S21403D1D4FFFFFFFF917E0300F981030000000000B8
S21403D1E403000000902A00204C0D002000000000DD
S21403D1F4902A0020F82A0020602B0020000000005C
S21403D2040000000000000000000000000000000012
S21403D2140000000000000000000000000000000002
S21403D22400000000000000000000000000000000F2
S21403D2340000000000000000FFFFFFFF00000000E6
S21403D244000008070A00FFFFFFFF20000400000099
S21403D25400000000020010000000000000000000B0
S21403D264000000000000000000000A0001000000A7
S21403D27400000A001E001D004E65766572666C612A
S21403D2846D652043505620332E302E3232203039EB
S21403D2944A756C32360002000300030043505600FE
S21403D2A40200020000003235020009000700303392
S21403D2B42E302E3231000000020008000000000069
S21403D2C40000000000000200120012003030332D6C
S21403D2D43236303730342D3030303031303002008F
S21403D2E406000500342E342E33000200010000002D
S21403D2F40000020007000000000102030405060004
S21403D3040A00010000000000040001000000000001
S21403D31402000100000000000800060000000000F0
S21403D32400000000080040000100000000000000A8
S21403D33400000000000000000000000000000000E1
S21403D34400000000000000000000000000000000D1
S21403D35400000000000000000000000000000000C1
S21403D364000000000000000000001200640001003A
S21403D37400000000000000000000000000000000A1
S21403D3840000000000000000000000000000000091
S21403D3940000000000000000000000000000000081
S21403D3A40000000000000000000000000000000071
S21403D3B40000000000000000000000000000000061
S21403D3C40000000000000000000000000000000051
S21403D3D400000000FF7FB8203828C230533AC84400
S21403D3E4F34FAC5BC167F0730180C78B0E97AEA196
S21403D3F49FABC8B425BDB7C468CB5CD1AED664DBDB
S21403D4048CDF32E36EE649E9C7EBF8EDE3EF9CF114
S21403D41419F3610EA312D717121E6425D22D5337A0
S21403D424CF411F4D10596665E1713E7E3D8AB9951D
S21403D4348CA09BAAD7B33BBCCBC363CB8ECA94D076
S21403D444EBD5A4DACEDE79E2B3E589E808EB3CED66
S21403D4542CEF64F2BAF3E8F4F5F50040004000401C
S21403D46400400040004000400040008000800080F0
S21403D47400806A950D0200000000000003FBC31E33
S21403D484D007D007AA0505000600A00096001700DB
S21403D4940E0000000000FFFF010402021F0401FF48
S21403D4A4BF8FAF7F8700370F10100004040F0514D7
S21403D4B40A01FF03010FFF0EFE01FF200B32324B5E
S21403D4C44B000000044AD2F84C3143F0004330BF0B
S21403D4D4C2F84C31704700BF00300E40C1D500007F
S21403D4E499D50000000000000000000000000000C2
S21403D4F40000000000000000000000000000000020
S21403D504000000000000000000000000000000000F
S21403D51400000000000000000000000000000000FF
S21403D52400000000000000000000000000000000EF
S21403D53400000000000000000000000000000000DF
S21403D54400000000000000000000000000000000CF
S21403D55400000000000000000000000000000000BF
S21403D56400000000000000000000000000000000AF
S21403D574000000000000000000000000000000009F
S21403D584000000000000000000000000000000008F
S21403D594000000000000000000000000000000007F
S21403D5A4000000000000000000000000000000006F
S21403D5B4000000000000000000000000000000005F
S21403D5C4000000000000000000000000000000004F
S21403D5D4000000000000000000000000000000003F
S21403D5E4000000000000000000000000000000002F
S21403D5F4000000000000000000000000000000001F
S21403D604000000000000000000000000000000000E
S21403D61400000000000000000000000000000000FE
S21403D62400000000000000000000000000000000EE
S21403D63400000000000000000000000000000000DE
S21403D64400000000000000000000000000000000CE
S21403D65400000000000000000000000000000000BE
S21403D66400000000000000000000000000000000AE
S21403D674000000000000000000000000000000009E
S21403D684000000000000000000000000000000008E
S21403D694000000000000000000000000000000007E
S21403D6A4000000000000000000000000000000006E
S21403D6B4000000000000000000000000000000005E
S21403D6C4000000000000000000000000000000004E
S21403D6D4000000000000000000000000000000003E
S21403D6E4000000000000000000000000000000002E
S21403D6F4000000000000000000000000000000001E
S21403D704000000000000000000000000000000000D
S21403D71400000000000000000000000000000000FD
S21403D72400000000000000000000000000000000ED
S21403D73400000000000000000000000000000000DD
S21403D74400000000000000000000000000000000CD
S21403D75400000000000000000000000000000000BD
S21403D76400000000000000000000000000000000AD
S21403D774000000000000000000000000000000009D
S21403D784000000000000000000000000000000008D
S21403D794000000000000000000000000000000007D
S21403D7A4000000000000000000000000000000006D
S21403D7B4000000000000000000000000000000005D
S21403D7C4000000000000000000000000000000004D
S21403D7D4000000000000000000000000000000003D
S21403D7E4000000000000000000000000000000002D
S21403D7F4000000000000000000000000000000001D
S21403D804000000000000000000000000000000000C
S21403D81400000000000000000000000000000000FC
S21403D82400000000000000000000000000000000EC
S21403D83400000000000000000000000000000000DC
S21403D84400000000000000000000000000000000CC
S21403D85400000000000000000000000000000000BC
S21403D86400000000000000000000000000000000AC
S21403D874000000000000000000000000000000009C
S21403D884000000000000000000000000000000008C
S21403D894000000000000000000000000000000007C
S21403D8A4000000000000000000000000000000006C
S21403D8B4000000000000000000000000000000005C
S21403D8C4000000000000000000000000000000004C
S21403D8D4000000000000000000000000000000003C
S21403D8E4000000000000000000000000000000002C
S21403D8F4000000000000000000000000000000001C
S21403D904000000000000000000000000000000000B
S21403D91400000000000000000000000000000000FB
S21403D92400000000000000000000000000000000EB
S21403D93400000000000000000000000000000000DB
S21403D94400000000000000000000000000000000CB
S21403D95400000000000000000000000000000000BB
S21403D96400000000000000000000000000000000AB
S21403D974000000000000000000000000000000009B
S21403D984000000000000000000000000000000008B
S21403D994000000000000000000000000000000007B
S21403D9A4000000000000000000000000000000006B
S21403D9B4000000000000000000000000000000005B
S21403D9C4000000000000000000000000000000004B
S21403D9D4000000000000000000000000000000003B
S21403D9E4000000000000000000000000000000002B
S21403D9F4000000000000000000000000000000001B
S21403DA04000000000000000000000000000000000A
S21403DA1400000000000000000000000000000000FA
S21403DA2400000000000000000000000000000000EA
S21403DA3400000000000000000000000000000000DA
S21403DA4400000000000000000000000000000000CA
S21403DA5400000000000000000000000000000000BA
S21403DA6400000000000000000000000000000000AA
S21403DA74000000000000000000000000000000009A
S21403DA84000000000000000000000000000000008A
S21403DA94000000000000000000000000000000007A
S21403DAA4000000000000000000000000000000006A
S21403DAB4000000000000000000000000000000005A
S21403DAC4000000000000000000000000000000004A
S21403DAD4000000000000000000000000000000003A
S21403DAE4000000000000000000000000000000002A
S21403DAF4000000000000000000000000000000001A
S21403DB040000000000000000000000000000000009
S21403DB1400000000000000000000000000000000F9
S21403DB2400000000000000000000000000000000E9
S21403DB3400000000000000000000000000000000D9
S21403DB4400000000000000000000000000000000C9
S21403DB5400000000000000000000000000000000B9
S21403DB6400000000000000000000000000000000A9
S21403DB740000000000000000000000000000000099
S21403DB840000000000000000000000000000000089
S21403DB940000000000000000000000000000000079
S21403DBA40000000000000000000000000000000069
S21403DBB40000000000000000000000000000000059
S21403DBC40000000000000000000000000000000049
S21403DBD40000000000000000000000000000000039
S21403DBE40000000000000000000000000000000029
S21403DBF40000000000000000000000000000000019
S21403DC040000000000000000000000000000000008
S21403DC1400000000000000000000000000000000F8
S21403DC2400000000000000000000000000000000E8
S21403DC3400000000000000000000000000000000D8
S21403DC4400000000000000000000000000000000C8
S21403DC5400000000000000000000000000000000B8
S21403DC6400000000000000000000000000000000A8
S21403DC740000000000000000000000000000000098
S21403DC840000000000000000000000000000000088
S21403DC940000000000000000000000000000000078
S21403DCA40000000000000000000000000000000068
S21403DCB40000000000000000000000000000000058
S21403DCC40000000000000000000000000000000048
S21403DCD40000000000000000000000000000000038
S21403DCE40000000000000000000000000000000028
S21403DCF40000000000000000000000000000000018
S21403DD040000000000000000000000000000000007
S21403DD1400000000000000000000000000000000F7
S21403DD2400000000000000000000000000000000E7
S21403DD3400000000000000000000000000000000D7
S21403DD4400000000000000000000000000000000C7
S21403DD5400000000000000000000000000000000B7
S21403DD6400000000000000000000000000000000A7
S21403DD740000000000000000000000000000000097
S21003DD840000000000000000000000008B
S80401281DB5
